Price,Close,High,Low,Open,Volume
Ticker,BHARTIARTL.NS,BHARTIARTL.NS,BHARTIARTL.NS,BHARTIARTL.NS,BHARTIARTL.NS
Datetime,,,,,
2025-08-20 03:45:00+00:00,1938.199951171875,1951.5999755859375,1928.0,1937.0,627654
2025-08-20 04:00:00+00:00,1938.9000244140625,1942.0,1936.9000244140625,1938.4000244140625,405248
2025-08-20 04:15:00+00:00,1943.0999755859375,1944.0,1937.5999755859375,1938.9000244140625,450263
2025-08-20 04:30:00+00:00,1938.699951171875,1943.800048828125,1937.0,1942.5,301896
2025-08-20 04:45:00+00:00,1935.5,1939.0999755859375,1934.4000244140625,1938.699951171875,180173
2025-08-20 05:00:00+00:00,1937.0,1939.300048828125,1932.4000244140625,1935.5,292262
2025-08-20 05:15:00+00:00,1931.0999755859375,1937.199951171875,1930.0,1937.0999755859375,149950
2025-08-20 05:30:00+00:00,1933.5,1934.0,1929.0999755859375,1931.0,130399
2025-08-20 05:45:00+00:00,1930.4000244140625,1934.5,1928.199951171875,1933.5999755859375,170288
2025-08-20 06:00:00+00:00,1929.0999755859375,1932.9000244140625,1929.0999755859375,1930.4000244140625,83914
2025-08-20 06:15:00+00:00,1930.199951171875,1933.300048828125,1929.0999755859375,1929.4000244140625,110597
2025-08-20 06:30:00+00:00,1928.699951171875,1930.699951171875,1928.5,1930.199951171875,89893
2025-08-20 06:45:00+00:00,1927.5,1929.699951171875,1926.0999755859375,1928.300048828125,143917
2025-08-20 07:00:00+00:00,1928.4000244140625,1929.9000244140625,1926.300048828125,1927.5,210829
2025-08-20 07:15:00+00:00,1932.0,1932.0,1927.0,1928.4000244140625,114255
2025-08-20 07:30:00+00:00,1931.800048828125,1934.4000244140625,1929.0,1931.9000244140625,259381
2025-08-20 07:45:00+00:00,1928.0,1933.9000244140625,1927.699951171875,1932.0999755859375,99701
2025-08-20 08:00:00+00:00,1929.0,1929.9000244140625,1927.300048828125,1928.0,98066
2025-08-20 08:15:00+00:00,1930.0,1932.0999755859375,1928.199951171875,1929.0999755859375,135519
2025-08-20 08:30:00+00:00,1930.0,1930.300048828125,1929.9000244140625,1930.0,122644
2025-08-20 08:45:00+00:00,1930.0,1930.0,1928.199951171875,1930.0,101627
2025-08-20 09:00:00+00:00,1933.199951171875,1934.0,1930.0,1930.0,143345
2025-08-20 09:15:00+00:00,1930.0,1933.800048828125,1929.9000244140625,1933.199951171875,288959
2025-08-20 09:30:00+00:00,1927.5,1930.0,1927.0,1930.0,334444
2025-08-20 09:45:00+00:00,1928.4000244140625,1931.0,1926.5999755859375,1927.5,274388
2025-08-21 03:45:00+00:00,1932.699951171875,1940.800048828125,1930.0,1930.9000244140625,353965
2025-08-21 04:00:00+00:00,1933.0,1937.699951171875,1932.0,1932.300048828125,172805
2025-08-21 04:15:00+00:00,1936.0999755859375,1937.5999755859375,1933.0,1933.0,143447
2025-08-21 04:30:00+00:00,1933.300048828125,1936.5,1933.0,1936.0999755859375,161684
2025-08-21 04:45:00+00:00,1931.4000244140625,1934.0,1930.4000244140625,1933.199951171875,77960
2025-08-21 05:00:00+00:00,1935.0,1935.300048828125,1931.4000244140625,1931.4000244140625,182845
2025-08-21 05:15:00+00:00,1934.9000244140625,1935.5,1933.5,1935.0,87297
2025-08-21 05:30:00+00:00,1932.800048828125,1935.199951171875,1932.199951171875,1935.0,53374
2025-08-21 05:45:00+00:00,1930.699951171875,1933.5,1930.5999755859375,1932.800048828125,60474
2025-08-21 06:00:00+00:00,1931.699951171875,1932.0,1930.0,1930.800048828125,60527
2025-08-21 06:15:00+00:00,1933.5999755859375,1933.9000244140625,1930.0,1931.4000244140625,86489
2025-08-21 06:30:00+00:00,1933.0,1934.0,1932.5999755859375,1933.5999755859375,77281
2025-08-21 06:45:00+00:00,1932.800048828125,1934.0,1932.300048828125,1933.0,69302
2025-08-21 07:00:00+00:00,1932.9000244140625,1933.0,1931.5999755859375,1932.300048828125,94246
2025-08-21 07:15:00+00:00,1935.9000244140625,1936.0,1932.0999755859375,1932.800048828125,160434
2025-08-21 07:30:00+00:00,1935.0,1936.4000244140625,1934.0999755859375,1935.699951171875,78667
2025-08-21 07:45:00+00:00,1933.199951171875,1935.0,1933.0999755859375,1935.0,67094
2025-08-21 08:00:00+00:00,1931.0,1934.0,1929.5999755859375,1933.5999755859375,152954
2025-08-21 08:15:00+00:00,1930.300048828125,1931.9000244140625,1929.800048828125,1931.0,91200
2025-08-21 08:30:00+00:00,1929.9000244140625,1931.5999755859375,1929.0999755859375,1930.300048828125,105982
2025-08-21 08:45:00+00:00,1932.800048828125,1936.0999755859375,1929.800048828125,1929.9000244140625,196386
2025-08-21 09:00:00+00:00,1932.0,1934.4000244140625,1929.300048828125,1932.800048828125,155191
2025-08-21 09:15:00+00:00,1929.800048828125,1933.0999755859375,1929.800048828125,1931.800048828125,69739
2025-08-21 09:30:00+00:00,1929.5999755859375,1931.699951171875,1927.699951171875,1930.300048828125,371647
2025-08-21 09:45:00+00:00,1929.9000244140625,1932.300048828125,1929.300048828125,1929.5,182783
2025-08-22 03:45:00+00:00,1931.199951171875,1938.800048828125,1930.199951171875,1932.5,320120
2025-08-22 04:00:00+00:00,1927.4000244140625,1932.0999755859375,1923.800048828125,1930.800048828125,114131
2025-08-22 04:15:00+00:00,1928.699951171875,1929.9000244140625,1926.0,1927.300048828125,88742
2025-08-22 04:30:00+00:00,1931.199951171875,1931.5999755859375,1927.699951171875,1929.0,135307
2025-08-22 04:45:00+00:00,1929.0,1931.4000244140625,1927.4000244140625,1930.9000244140625,155387
2025-08-22 05:00:00+00:00,1924.0,1929.199951171875,1922.0999755859375,1929.0,114861
2025-08-22 05:15:00+00:00,1920.699951171875,1924.199951171875,1920.0,1924.199951171875,85529
2025-08-22 05:30:00+00:00,1919.9000244140625,1921.800048828125,1917.5,1920.800048828125,117491
2025-08-22 05:45:00+00:00,1922.699951171875,1922.9000244140625,1918.0,1919.5999755859375,194936
2025-08-22 06:00:00+00:00,1926.5,1926.5,1922.0999755859375,1922.9000244140625,68159
2025-08-22 06:15:00+00:00,1927.4000244140625,1929.0999755859375,1924.5,1926.4000244140625,79342
2025-08-22 06:30:00+00:00,1926.300048828125,1929.699951171875,1925.0,1927.4000244140625,116400
2025-08-22 06:45:00+00:00,1929.4000244140625,1929.9000244140625,1925.5999755859375,1926.5999755859375,57724
2025-08-22 07:00:00+00:00,1928.4000244140625,1929.5,1926.4000244140625,1929.4000244140625,65375
2025-08-22 07:15:00+00:00,1928.5999755859375,1929.4000244140625,1927.5999755859375,1928.699951171875,57695
2025-08-22 07:30:00+00:00,1928.4000244140625,1929.300048828125,1927.5999755859375,1928.0,63312
2025-08-22 07:45:00+00:00,1929.4000244140625,1929.5,1927.199951171875,1928.5,60626
2025-08-22 08:00:00+00:00,1941.699951171875,1947.5999755859375,1928.5999755859375,1929.4000244140625,345686
2025-08-22 08:15:00+00:00,1934.699951171875,1941.800048828125,1934.300048828125,1941.5999755859375,113386
2025-08-22 08:30:00+00:00,1937.199951171875,1937.199951171875,1932.5,1935.5999755859375,74770
2025-08-22 08:45:00+00:00,1937.0,1939.5,1934.199951171875,1937.0,80445
2025-08-22 09:00:00+00:00,1934.4000244140625,1937.0,1931.300048828125,1937.0,88205
2025-08-22 09:15:00+00:00,1937.199951171875,1938.9000244140625,1932.199951171875,1934.199951171875,155261
2025-08-22 09:30:00+00:00,1934.5999755859375,1937.199951171875,1929.699951171875,1937.0,298396
2025-08-22 09:45:00+00:00,1933.300048828125,1934.800048828125,1931.4000244140625,1934.699951171875,220447
2025-08-25 03:45:00+00:00,1916.5999755859375,1940.0,1913.199951171875,1940.0,71506
2025-08-25 04:00:00+00:00,1923.5999755859375,1923.800048828125,1916.9000244140625,1916.9000244140625,67971
2025-08-25 04:15:00+00:00,1920.0,1924.5999755859375,1918.5,1923.4000244140625,51831
2025-08-25 04:30:00+00:00,1915.699951171875,1921.300048828125,1915.5999755859375,1920.199951171875,41038
2025-08-25 04:45:00+00:00,1918.199951171875,1919.300048828125,1914.800048828125,1915.800048828125,56011
2025-08-25 05:00:00+00:00,1920.0,1923.0,1918.0,1918.5,56008
2025-08-25 05:15:00+00:00,1921.0999755859375,1921.5999755859375,1920.0,1920.0,30680
2025-08-25 05:30:00+00:00,1921.0999755859375,1922.0,1920.0,1921.0999755859375,61002
2025-08-25 05:45:00+00:00,1920.5,1921.5,1920.0,1921.0999755859375,67704
2025-08-25 06:00:00+00:00,1922.5999755859375,1923.0,1920.0,1920.5999755859375,67150
2025-08-25 06:15:00+00:00,1926.9000244140625,1927.0,1922.699951171875,1922.699951171875,67893
2025-08-25 06:30:00+00:00,1929.4000244140625,1929.5999755859375,1926.4000244140625,1927.0,52912
2025-08-25 06:45:00+00:00,1928.5999755859375,1930.0,1927.5,1929.300048828125,67201
2025-08-25 07:00:00+00:00,1929.0999755859375,1930.0,1928.0999755859375,1928.699951171875,78675
2025-08-25 07:15:00+00:00,1929.800048828125,1931.4000244140625,1928.699951171875,1929.0,100525
2025-08-25 07:30:00+00:00,1932.5,1932.699951171875,1928.9000244140625,1929.9000244140625,100521
2025-08-25 07:45:00+00:00,1931.0999755859375,1932.800048828125,1930.5,1932.5999755859375,84366
2025-08-25 08:00:00+00:00,1930.9000244140625,1931.699951171875,1929.199951171875,1931.0999755859375,77284
2025-08-25 08:15:00+00:00,1931.199951171875,1932.0,1930.0,1930.800048828125,93013
2025-08-25 08:30:00+00:00,1928.5,1931.5999755859375,1927.9000244140625,1931.0999755859375,73683
2025-08-25 08:45:00+00:00,1927.4000244140625,1930.5,1925.0,1928.5,142384
2025-08-25 09:00:00+00:00,1930.0999755859375,1930.5,1925.9000244140625,1927.5,155878
2025-08-25 09:15:00+00:00,1932.0,1932.699951171875,1928.9000244140625,1930.0,179771
2025-08-25 09:30:00+00:00,1928.800048828125,1933.4000244140625,1928.0999755859375,1932.300048828125,286358
2025-08-25 09:45:00+00:00,1930.699951171875,1930.699951171875,1926.699951171875,1928.800048828125,135256
2025-08-26 03:45:00+00:00,1914.800048828125,1922.0999755859375,1909.800048828125,1922.0999755859375,316734
2025-08-26 04:00:00+00:00,1903.199951171875,1915.0,1903.0999755859375,1914.5999755859375,280686
2025-08-26 04:15:00+00:00,1912.0,1913.9000244140625,1900.199951171875,1903.5,170672
2025-08-26 04:30:00+00:00,1914.199951171875,1915.199951171875,1910.0999755859375,1912.199951171875,61406
2025-08-26 04:45:00+00:00,1908.9000244140625,1914.9000244140625,1908.699951171875,1914.300048828125,50632
2025-08-26 05:00:00+00:00,1909.699951171875,1911.199951171875,1907.5,1908.9000244140625,68045
2025-08-26 05:15:00+00:00,1912.5999755859375,1913.199951171875,1908.199951171875,1909.5999755859375,125689
2025-08-26 05:30:00+00:00,1913.199951171875,1914.0999755859375,1912.300048828125,1913.0,50882
2025-08-26 05:45:00+00:00,1915.5,1915.699951171875,1912.4000244140625,1913.0,65944
2025-08-26 06:00:00+00:00,1915.9000244140625,1916.699951171875,1915.0,1915.5,57443
2025-08-26 06:15:00+00:00,1913.300048828125,1916.699951171875,1912.699951171875,1915.699951171875,55638
2025-08-26 06:30:00+00:00,1915.0999755859375,1915.199951171875,1912.0,1913.199951171875,68328
2025-08-26 06:45:00+00:00,1913.300048828125,1916.9000244140625,1913.0999755859375,1915.0,57222
2025-08-26 07:00:00+00:00,1912.699951171875,1914.5,1911.0999755859375,1913.0999755859375,74250
2025-08-26 07:15:00+00:00,1915.0999755859375,1915.9000244140625,1912.4000244140625,1912.5,68213
2025-08-26 07:30:00+00:00,1916.800048828125,1917.699951171875,1914.199951171875,1915.0999755859375,112289
2025-08-26 07:45:00+00:00,1915.4000244140625,1917.9000244140625,1915.0,1916.5,118147
2025-08-26 08:00:00+00:00,1912.5,1917.0999755859375,1912.4000244140625,1915.4000244140625,104130
2025-08-26 08:15:00+00:00,1911.9000244140625,1916.0,1910.800048828125,1912.5,197951
2025-08-26 08:30:00+00:00,1911.0999755859375,1914.4000244140625,1911.0,1911.699951171875,115440
2025-08-26 08:45:00+00:00,1911.9000244140625,1911.9000244140625,1908.199951171875,1911.0999755859375,142764
2025-08-26 09:00:00+00:00,1909.300048828125,1912.0999755859375,1908.300048828125,1911.5999755859375,130567
2025-08-26 09:15:00+00:00,1909.5,1910.5999755859375,1908.300048828125,1909.300048828125,151545
2025-08-26 09:30:00+00:00,1903.199951171875,1912.9000244140625,1903.199951171875,1909.5999755859375,1714715
2025-08-26 09:45:00+00:00,1904.699951171875,1907.800048828125,1898.5999755859375,1903.5,1326379
2025-08-28 03:45:00+00:00,1893.0,1899.800048828125,1889.699951171875,1896.0999755859375,107946
2025-08-28 04:00:00+00:00,1892.300048828125,1894.0999755859375,1890.0,1893.0999755859375,184278
2025-08-28 04:15:00+00:00,1894.800048828125,1895.5,1892.0,1892.199951171875,108539
2025-08-28 04:30:00+00:00,1897.9000244140625,1898.199951171875,1893.0,1895.199951171875,99797
2025-08-28 04:45:00+00:00,1892.699951171875,1897.9000244140625,1892.199951171875,1897.9000244140625,76199
2025-08-28 05:00:00+00:00,1891.5,1896.0,1891.0999755859375,1892.300048828125,85144
2025-08-28 05:15:00+00:00,1896.0999755859375,1898.9000244140625,1891.0999755859375,1891.5,118311
2025-08-28 05:30:00+00:00,1897.0999755859375,1897.0999755859375,1892.300048828125,1896.0999755859375,146308
2025-08-28 05:45:00+00:00,1895.0999755859375,1898.9000244140625,1895.0,1897.0999755859375,103576
2025-08-28 06:00:00+00:00,1895.0,1898.300048828125,1895.0,1895.0,146885
2025-08-28 06:15:00+00:00,1890.5,1895.4000244140625,1888.5,1894.699951171875,131596
2025-08-28 06:30:00+00:00,1892.9000244140625,1893.300048828125,1888.4000244140625,1890.5,97230
2025-08-28 06:45:00+00:00,1890.5,1893.0,1887.800048828125,1892.9000244140625,99329
2025-08-28 07:00:00+00:00,1893.0,1894.9000244140625,1889.5999755859375,1890.5,96584
2025-08-28 07:15:00+00:00,1891.699951171875,1893.800048828125,1890.300048828125,1893.4000244140625,196602
2025-08-28 07:30:00+00:00,1891.0999755859375,1891.699951171875,1888.0999755859375,1891.4000244140625,179255
2025-08-28 07:45:00+00:00,1890.0999755859375,1891.800048828125,1889.5999755859375,1891.0999755859375,104904
2025-08-28 08:00:00+00:00,1891.5,1893.0,1889.0,1890.0999755859375,105813
2025-08-28 08:15:00+00:00,1890.4000244140625,1892.0,1889.800048828125,1891.5,104639
2025-08-28 08:30:00+00:00,1890.300048828125,1891.300048828125,1886.199951171875,1890.4000244140625,286969
2025-08-28 08:45:00+00:00,1888.300048828125,1891.4000244140625,1884.9000244140625,1890.199951171875,238071
2025-08-28 09:00:00+00:00,1881.300048828125,1888.300048828125,1879.5,1888.300048828125,222983
2025-08-28 09:15:00+00:00,1883.5999755859375,1883.699951171875,1878.5,1881.300048828125,320626
2025-08-28 09:30:00+00:00,1881.0,1883.800048828125,1878.5999755859375,1883.5999755859375,923695
2025-08-28 09:45:00+00:00,1881.0999755859375,1888.0,1879.0,1880.9000244140625,660957
2025-08-29 03:45:00+00:00,1882.9000244140625,1896.199951171875,1879.300048828125,1879.300048828125,134142
2025-08-29 04:00:00+00:00,1880.0999755859375,1883.5,1876.5,1882.9000244140625,112883
2025-08-29 04:15:00+00:00,1878.699951171875,1881.199951171875,1874.699951171875,1880.0999755859375,96428
2025-08-29 04:30:00+00:00,1879.5999755859375,1880.0,1876.699951171875,1878.699951171875,67420
2025-08-29 04:45:00+00:00,1877.699951171875,1883.199951171875,1877.5999755859375,1879.199951171875,99447
2025-08-29 05:00:00+00:00,1882.5,1883.4000244140625,1877.300048828125,1877.300048828125,79999
2025-08-29 05:15:00+00:00,1885.4000244140625,1885.5,1879.699951171875,1882.5,61706
2025-08-29 05:30:00+00:00,1887.5999755859375,1888.0,1884.0999755859375,1885.5,191930
2025-08-29 05:45:00+00:00,1885.800048828125,1888.0999755859375,1885.0,1887.699951171875,80582
2025-08-29 06:00:00+00:00,1889.0999755859375,1889.300048828125,1885.0,1885.699951171875,63426
2025-08-29 06:15:00+00:00,1889.5,1892.5999755859375,1888.699951171875,1888.9000244140625,93924
2025-08-29 06:30:00+00:00,1887.0,1889.800048828125,1886.699951171875,1889.5999755859375,105319
2025-08-29 06:45:00+00:00,1889.0999755859375,1890.0999755859375,1886.4000244140625,1887.0,111408
2025-08-29 07:00:00+00:00,1886.199951171875,1890.199951171875,1885.0999755859375,1889.199951171875,93485
2025-08-29 07:15:00+00:00,1887.699951171875,1888.0999755859375,1885.300048828125,1886.199951171875,85757
2025-08-29 07:30:00+00:00,1886.5,1887.5999755859375,1885.300048828125,1887.0,66920
2025-08-29 07:45:00+00:00,1885.300048828125,1888.0,1885.0,1886.5,79561
2025-08-29 08:00:00+00:00,1883.9000244140625,1885.5,1883.800048828125,1885.199951171875,107462
2025-08-29 08:15:00+00:00,1885.0999755859375,1887.5,1883.300048828125,1883.9000244140625,119341
2025-08-29 08:30:00+00:00,1887.9000244140625,1889.0,1884.800048828125,1885.0,104989
2025-08-29 08:45:00+00:00,1891.699951171875,1898.9000244140625,1887.199951171875,1888.0,266428
2025-08-29 09:00:00+00:00,1890.0,1894.5999755859375,1888.4000244140625,1892.0,123018
2025-08-29 09:15:00+00:00,1895.0,1895.4000244140625,1889.699951171875,1890.0,136128
2025-08-29 09:30:00+00:00,1886.0,1895.0,1886.0,1895.0,874427
2025-08-29 09:45:00+00:00,1888.800048828125,1893.5,1884.5,1886.0,631869
2025-09-01 03:45:00+00:00,1888.0,1899.0999755859375,1886.699951171875,1892.0,102974
2025-09-01 04:00:00+00:00,1887.0999755859375,1889.0,1884.199951171875,1887.9000244140625,120177
2025-09-01 04:15:00+00:00,1891.9000244140625,1894.0,1886.800048828125,1886.800048828125,196532
2025-09-01 04:30:00+00:00,1896.9000244140625,1902.9000244140625,1891.5,1891.9000244140625,246370
2025-09-01 04:45:00+00:00,1904.0,1904.800048828125,1895.0,1897.4000244140625,102976
2025-09-01 05:00:00+00:00,1901.199951171875,1904.800048828125,1900.0,1904.0,120419
2025-09-01 05:15:00+00:00,1901.5999755859375,1902.5,1899.5999755859375,1901.199951171875,84408
2025-09-01 05:30:00+00:00,1898.0,1902.800048828125,1897.5999755859375,1901.800048828125,69899
2025-09-01 05:45:00+00:00,1895.699951171875,1900.0,1895.4000244140625,1897.699951171875,92177
2025-09-01 06:00:00+00:00,1895.0999755859375,1896.300048828125,1893.4000244140625,1895.800048828125,68249
2025-09-01 06:15:00+00:00,1891.800048828125,1896.0,1891.199951171875,1895.0,69159
2025-09-01 06:30:00+00:00,1894.4000244140625,1895.300048828125,1891.0,1891.0999755859375,103049
2025-09-01 06:45:00+00:00,1895.5,1897.0999755859375,1892.5,1893.5,195412
2025-09-01 07:00:00+00:00,1892.699951171875,1896.199951171875,1891.9000244140625,1896.0,122302
2025-09-01 07:15:00+00:00,1894.0,1894.199951171875,1891.9000244140625,1893.0,104872
2025-09-01 07:30:00+00:00,1896.5,1896.9000244140625,1893.5999755859375,1894.199951171875,60218
2025-09-01 07:45:00+00:00,1898.0999755859375,1898.5999755859375,1894.9000244140625,1896.800048828125,93088
2025-09-01 08:00:00+00:00,1898.0,1899.9000244140625,1895.9000244140625,1898.0999755859375,95064
2025-09-01 08:15:00+00:00,1898.5999755859375,1900.300048828125,1897.0999755859375,1897.199951171875,70489
2025-09-01 08:30:00+00:00,1899.4000244140625,1901.699951171875,1898.300048828125,1898.800048828125,107526
2025-09-01 08:45:00+00:00,1900.9000244140625,1903.0,1898.5,1899.4000244140625,161807
2025-09-01 09:00:00+00:00,1900.199951171875,1902.5,1900.0,1901.0,65879
2025-09-01 09:15:00+00:00,1902.9000244140625,1903.0,1900.0999755859375,1900.800048828125,79829
2025-09-01 09:30:00+00:00,1900.9000244140625,1902.4000244140625,1899.300048828125,1902.4000244140625,320526
2025-09-01 09:45:00+00:00,1900.5999755859375,1901.0999755859375,1899.0,1900.9000244140625,290038
2025-09-02 03:45:00+00:00,1916.5999755859375,1916.699951171875,1896.199951171875,1900.800048828125,216757
2025-09-02 04:00:00+00:00,1906.5999755859375,1917.4000244140625,1905.199951171875,1916.5999755859375,198588
2025-09-02 04:15:00+00:00,1907.800048828125,1908.5,1904.4000244140625,1906.699951171875,88859
2025-09-02 04:30:00+00:00,1907.800048828125,1910.0,1906.699951171875,1908.0999755859375,89560
2025-09-02 04:45:00+00:00,1907.5999755859375,1909.5999755859375,1906.9000244140625,1907.800048828125,77027
2025-09-02 05:00:00+00:00,1904.699951171875,1907.800048828125,1902.0999755859375,1907.5999755859375,218979
2025-09-02 05:15:00+00:00,1900.699951171875,1904.699951171875,1899.0999755859375,1904.699951171875,113418
2025-09-02 05:30:00+00:00,1897.800048828125,1902.5,1897.0,1900.4000244140625,193205
2025-09-02 05:45:00+00:00,1897.0999755859375,1898.4000244140625,1895.0999755859375,1897.5,154835
2025-09-02 06:00:00+00:00,1897.0999755859375,1899.9000244140625,1896.5,1897.300048828125,114940
2025-09-02 06:15:00+00:00,1895.199951171875,1897.699951171875,1895.199951171875,1897.699951171875,74549
2025-09-02 06:30:00+00:00,1896.5,1896.800048828125,1895.0,1895.0,114997
2025-09-02 06:45:00+00:00,1896.9000244140625,1898.0999755859375,1896.5,1896.5,74534
2025-09-02 07:00:00+00:00,1898.800048828125,1899.0,1896.4000244140625,1896.800048828125,106462
2025-09-02 07:15:00+00:00,1895.0,1899.0,1894.199951171875,1898.800048828125,140214
2025-09-02 07:30:00+00:00,1894.800048828125,1895.699951171875,1893.0,1895.0,261870
2025-09-02 07:45:00+00:00,1894.300048828125,1896.300048828125,1893.0,1894.800048828125,144133
2025-09-02 08:00:00+00:00,1889.300048828125,1895.0,1888.800048828125,1894.5,216561
2025-09-02 08:15:00+00:00,1882.699951171875,1890.0999755859375,1880.699951171875,1889.5,123396
2025-09-02 08:30:00+00:00,1880.199951171875,1883.9000244140625,1879.5,1882.5999755859375,289423
2025-09-02 08:45:00+00:00,1878.800048828125,1883.0,1878.0,1880.0999755859375,221083
2025-09-02 09:00:00+00:00,1881.699951171875,1884.199951171875,1878.5999755859375,1878.800048828125,220299
2025-09-02 09:15:00+00:00,1882.199951171875,1883.9000244140625,1879.5,1881.699951171875,198727
2025-09-02 09:30:00+00:00,1887.9000244140625,1890.0999755859375,1881.800048828125,1881.9000244140625,373565
2025-09-02 09:45:00+00:00,1887.199951171875,1890.699951171875,1886.800048828125,1888.5,217373
2025-09-03 03:45:00+00:00,1880.800048828125,1889.0,1875.0999755859375,1888.699951171875,416115
2025-09-03 04:00:00+00:00,1874.9000244140625,1882.300048828125,1874.300048828125,1881.0,234618
2025-09-03 04:15:00+00:00,1872.0999755859375,1877.4000244140625,1872.0999755859375,1874.9000244140625,90184
2025-09-03 04:30:00+00:00,1875.0,1876.5,1872.199951171875,1872.4000244140625,98936
2025-09-03 04:45:00+00:00,1873.300048828125,1875.0,1871.5,1874.9000244140625,68175
2025-09-03 05:00:00+00:00,1872.199951171875,1875.4000244140625,1871.699951171875,1873.4000244140625,55598
2025-09-03 05:15:00+00:00,1872.4000244140625,1872.4000244140625,1870.5,1872.0999755859375,64099
2025-09-03 05:30:00+00:00,1873.4000244140625,1875.9000244140625,1870.300048828125,1872.0999755859375,173482
2025-09-03 05:45:00+00:00,1873.5999755859375,1874.9000244140625,1870.0,1873.699951171875,303479
2025-09-03 06:00:00+00:00,1877.5999755859375,1878.0,1873.0999755859375,1873.199951171875,148035
2025-09-03 06:15:00+00:00,1877.0999755859375,1878.0999755859375,1875.0999755859375,1877.4000244140625,119095
2025-09-03 06:30:00+00:00,1880.4000244140625,1880.9000244140625,1876.0999755859375,1877.0,91675
2025-09-03 06:45:00+00:00,1882.199951171875,1883.300048828125,1879.4000244140625,1880.5999755859375,191650
2025-09-03 07:00:00+00:00,1880.5999755859375,1884.4000244140625,1880.5,1882.199951171875,83634
2025-09-03 07:15:00+00:00,1882.0,1884.0,1880.0999755859375,1880.0999755859375,170582
2025-09-03 07:30:00+00:00,1881.4000244140625,1883.5999755859375,1880.699951171875,1881.9000244140625,106018
2025-09-03 07:45:00+00:00,1884.0,1884.0,1881.300048828125,1881.4000244140625,79521
2025-09-03 08:00:00+00:00,1884.800048828125,1885.0,1882.5999755859375,1884.0,106783
2025-09-03 08:15:00+00:00,1888.0,1888.0,1884.9000244140625,1885.0,116155
2025-09-03 08:30:00+00:00,1886.5999755859375,1888.5,1886.4000244140625,1887.9000244140625,112125
2025-09-03 08:45:00+00:00,1890.800048828125,1891.699951171875,1886.4000244140625,1886.699951171875,164403
2025-09-03 09:00:00+00:00,1886.9000244140625,1891.5,1886.4000244140625,1890.5,109425
2025-09-03 09:15:00+00:00,1886.300048828125,1888.699951171875,1885.199951171875,1886.9000244140625,103300
2025-09-03 09:30:00+00:00,1884.5999755859375,1886.300048828125,1882.0,1886.300048828125,338775
2025-09-03 09:45:00+00:00,1883.0,1884.4000244140625,1881.0,1884.4000244140625,256457
2025-09-04 03:45:00+00:00,1895.0999755859375,1899.0,1885.0,1899.0,388562
2025-09-04 04:00:00+00:00,1892.699951171875,1903.0999755859375,1892.699951171875,1895.0999755859375,215056
2025-09-04 04:15:00+00:00,1890.4000244140625,1893.0,1890.0,1892.800048828125,86010
2025-09-04 04:30:00+00:00,1882.9000244140625,1890.5999755859375,1882.9000244140625,1890.5,69877
2025-09-04 04:45:00+00:00,1882.0999755859375,1884.0999755859375,1881.5999755859375,1882.800048828125,73985
2025-09-04 05:00:00+00:00,1877.800048828125,1882.199951171875,1876.5999755859375,1882.0999755859375,127931
2025-09-04 05:15:00+00:00,1880.5,1880.800048828125,1876.5999755859375,1877.800048828125,138951
2025-09-04 05:30:00+00:00,1879.800048828125,1881.0999755859375,1878.0999755859375,1880.5,90136
2025-09-04 05:45:00+00:00,1878.9000244140625,1881.0,1878.300048828125,1879.699951171875,140471
2025-09-04 06:00:00+00:00,1879.0,1881.9000244140625,1877.5999755859375,1879.0,246213
2025-09-04 06:15:00+00:00,1880.300048828125,1882.0999755859375,1878.300048828125,1879.0,247314
2025-09-04 06:30:00+00:00,1883.5,1885.5,1879.9000244140625,1879.9000244140625,368357
2025-09-04 06:45:00+00:00,1879.199951171875,1884.5,1879.0,1884.0999755859375,88207
2025-09-04 07:00:00+00:00,1881.800048828125,1881.800048828125,1878.9000244140625,1879.199951171875,153305
2025-09-04 07:15:00+00:00,1886.300048828125,1886.300048828125,1881.699951171875,1881.800048828125,123695
2025-09-04 07:30:00+00:00,1889.699951171875,1892.0999755859375,1885.0,1886.300048828125,198529
2025-09-04 07:45:00+00:00,1885.0,1892.9000244140625,1884.9000244140625,1889.5999755859375,121019
2025-09-04 08:00:00+00:00,1885.5,1887.800048828125,1884.199951171875,1885.0,175935
2025-09-04 08:15:00+00:00,1883.699951171875,1885.5999755859375,1882.300048828125,1885.300048828125,134013
2025-09-04 08:30:00+00:00,1883.699951171875,1885.9000244140625,1882.300048828125,1883.699951171875,149582
2025-09-04 08:45:00+00:00,1882.0999755859375,1884.800048828125,1880.5999755859375,1884.0999755859375,212906
2025-09-04 09:00:00+00:00,1883.300048828125,1884.4000244140625,1881.0999755859375,1882.0999755859375,245075
2025-09-04 09:15:00+00:00,1880.4000244140625,1887.699951171875,1879.4000244140625,1883.199951171875,482619
2025-09-04 09:30:00+00:00,1880.0999755859375,1882.300048828125,1878.199951171875,1880.0999755859375,528546
2025-09-04 09:45:00+00:00,1880.4000244140625,1883.300048828125,1878.800048828125,1880.0,316272
2025-09-05 03:45:00+00:00,1887.5999755859375,1895.800048828125,1885.0999755859375,1886.9000244140625,172439
2025-09-05 04:00:00+00:00,1883.5,1889.0,1883.199951171875,1887.5999755859375,53825
2025-09-05 04:15:00+00:00,1881.300048828125,1886.9000244140625,1881.0,1883.5,72832
2025-09-05 04:30:00+00:00,1877.0999755859375,1883.5999755859375,1877.0999755859375,1881.4000244140625,60112
2025-09-05 04:45:00+00:00,1882.800048828125,1883.9000244140625,1876.0,1876.4000244140625,45871
2025-09-05 05:00:00+00:00,1883.199951171875,1884.0,1880.699951171875,1882.4000244140625,35797
2025-09-05 05:15:00+00:00,1880.800048828125,1884.4000244140625,1877.300048828125,1883.199951171875,139124
2025-09-05 05:30:00+00:00,1880.9000244140625,1882.9000244140625,1879.800048828125,1880.800048828125,23308
2025-09-05 05:45:00+00:00,1882.0999755859375,1883.0999755859375,1878.699951171875,1880.9000244140625,56838
2025-09-05 06:00:00+00:00,1882.800048828125,1885.0999755859375,1881.0,1882.699951171875,52036
2025-09-05 06:15:00+00:00,1884.300048828125,1884.300048828125,1881.0,1883.0999755859375,50025
2025-09-05 06:30:00+00:00,1884.9000244140625,1885.4000244140625,1883.5999755859375,1884.4000244140625,27552
2025-09-05 06:45:00+00:00,1886.5999755859375,1887.0999755859375,1884.4000244140625,1884.800048828125,45959
2025-09-05 07:00:00+00:00,1886.5,1888.0,1885.0999755859375,1886.5,51061
2025-09-05 07:15:00+00:00,1888.300048828125,1888.5999755859375,1885.199951171875,1886.199951171875,73132
2025-09-05 07:30:00+00:00,1891.5999755859375,1891.9000244140625,1887.0999755859375,1888.300048828125,67889
2025-09-05 07:45:00+00:00,1891.5999755859375,1892.5,1890.4000244140625,1891.699951171875,55071
2025-09-05 08:00:00+00:00,1898.800048828125,1899.199951171875,1890.0,1891.699951171875,108941
2025-09-05 08:15:00+00:00,1902.300048828125,1903.5,1899.0,1899.0,101257
2025-09-05 08:30:00+00:00,1906.5,1909.5,1902.199951171875,1902.300048828125,137837
2025-09-05 08:45:00+00:00,1903.0,1910.699951171875,1903.0,1906.5999755859375,197189
2025-09-05 09:00:00+00:00,1899.0999755859375,1903.4000244140625,1899.0,1903.4000244140625,168401
2025-09-05 09:15:00+00:00,1899.4000244140625,1900.9000244140625,1897.5999755859375,1900.0999755859375,227533
2025-09-05 09:30:00+00:00,1893.4000244140625,1899.199951171875,1893.199951171875,1899.0999755859375,267153
2025-09-05 09:45:00+00:00,1895.300048828125,1897.9000244140625,1893.0999755859375,1893.5,246556
2025-09-08 03:45:00+00:00,1891.300048828125,1898.9000244140625,1886.800048828125,1898.0,75956
2025-09-08 04:00:00+00:00,1891.5999755859375,1893.300048828125,1890.800048828125,1891.300048828125,59431
2025-09-08 04:15:00+00:00,1895.0,1895.9000244140625,1889.199951171875,1891.5999755859375,68368
2025-09-08 04:30:00+00:00,1893.0,1896.199951171875,1892.0,1894.5999755859375,51291
2025-09-08 04:45:00+00:00,1893.800048828125,1896.0,1891.4000244140625,1892.4000244140625,146141
2025-09-08 05:00:00+00:00,1893.5999755859375,1894.5,1890.5999755859375,1893.199951171875,83533
2025-09-08 05:15:00+00:00,1893.0,1893.5999755859375,1890.4000244140625,1893.300048828125,39693
2025-09-08 05:30:00+00:00,1893.300048828125,1895.9000244140625,1892.4000244140625,1893.0999755859375,78284
2025-09-08 05:45:00+00:00,1889.9000244140625,1893.199951171875,1889.9000244140625,1893.199951171875,33979
2025-09-08 06:00:00+00:00,1888.199951171875,1890.0,1887.0,1890.0,60564
2025-09-08 06:15:00+00:00,1884.5999755859375,1888.4000244140625,1884.300048828125,1888.199951171875,102365
2025-09-08 06:30:00+00:00,1894.0999755859375,1894.4000244140625,1884.199951171875,1884.5999755859375,114607
2025-09-08 06:45:00+00:00,1895.5,1896.0,1893.5999755859375,1893.5999755859375,42420
2025-09-08 07:00:00+00:00,1895.4000244140625,1896.5999755859375,1894.9000244140625,1895.5,69053
2025-09-08 07:15:00+00:00,1892.5,1896.0,1891.9000244140625,1895.300048828125,50768
2025-09-08 07:30:00+00:00,1892.800048828125,1893.5,1891.300048828125,1893.0,60693
2025-09-08 07:45:00+00:00,1889.9000244140625,1893.4000244140625,1889.4000244140625,1892.699951171875,147230
2025-09-08 08:00:00+00:00,1892.4000244140625,1893.4000244140625,1889.9000244140625,1889.9000244140625,35767
2025-09-08 08:15:00+00:00,1893.800048828125,1894.0,1889.5999755859375,1892.300048828125,36606
2025-09-08 08:30:00+00:00,1895.800048828125,1895.800048828125,1892.0999755859375,1894.0,80713
2025-09-08 08:45:00+00:00,1894.4000244140625,1896.0,1893.4000244140625,1895.9000244140625,55510
2025-09-08 09:00:00+00:00,1892.0,1895.0,1892.0,1894.9000244140625,67373
2025-09-08 09:15:00+00:00,1889.0999755859375,1892.199951171875,1887.800048828125,1891.800048828125,237437
2025-09-08 09:30:00+00:00,1885.699951171875,1890.0,1885.0,1890.0,289457
2025-09-08 09:45:00+00:00,1887.699951171875,1891.4000244140625,1885.5,1885.699951171875,270360
2025-09-09 03:45:00+00:00,1891.0,1894.9000244140625,1888.0,1889.9000244140625,268066
2025-09-09 04:00:00+00:00,1889.9000244140625,1891.9000244140625,1888.699951171875,1891.300048828125,81644
2025-09-09 04:15:00+00:00,1887.699951171875,1890.300048828125,1887.5999755859375,1890.300048828125,53724
2025-09-09 04:30:00+00:00,1885.300048828125,1888.300048828125,1884.699951171875,1888.0,49144
2025-09-09 04:45:00+00:00,1886.4000244140625,1886.699951171875,1884.300048828125,1885.199951171875,70105
2025-09-09 05:00:00+00:00,1885.199951171875,1887.9000244140625,1885.0,1886.699951171875,82777
2025-09-09 05:15:00+00:00,1885.300048828125,1887.0,1883.0999755859375,1885.199951171875,306117
2025-09-09 05:30:00+00:00,1886.800048828125,1887.699951171875,1883.9000244140625,1885.199951171875,260233
2025-09-09 05:45:00+00:00,1886.300048828125,1888.0,1886.199951171875,1886.699951171875,74371
2025-09-09 06:00:00+00:00,1890.5,1891.300048828125,1885.199951171875,1885.5999755859375,261846
2025-09-09 06:15:00+00:00,1894.4000244140625,1895.4000244140625,1890.0999755859375,1890.199951171875,137523
2025-09-09 06:30:00+00:00,1897.699951171875,1899.0,1891.300048828125,1894.199951171875,224739
2025-09-09 06:45:00+00:00,1896.5,1899.9000244140625,1895.300048828125,1897.699951171875,227842
2025-09-09 07:00:00+00:00,1899.800048828125,1899.9000244140625,1896.300048828125,1896.699951171875,136119
2025-09-09 07:15:00+00:00,1903.800048828125,1903.800048828125,1899.5999755859375,1899.699951171875,155117
2025-09-09 07:30:00+00:00,1901.5999755859375,1903.800048828125,1900.199951171875,1903.5,102634
2025-09-09 07:45:00+00:00,1901.300048828125,1902.0,1899.0999755859375,1901.300048828125,57511
2025-09-09 08:00:00+00:00,1900.5,1902.800048828125,1899.9000244140625,1901.199951171875,81520
2025-09-09 08:15:00+00:00,1900.4000244140625,1900.9000244140625,1900.0999755859375,1900.5,53173
2025-09-09 08:30:00+00:00,1900.199951171875,1901.300048828125,1898.9000244140625,1900.199951171875,119214
2025-09-09 08:45:00+00:00,1900.300048828125,1900.9000244140625,1899.0999755859375,1900.0999755859375,119838
2025-09-09 09:00:00+00:00,1894.800048828125,1900.4000244140625,1892.0999755859375,1900.4000244140625,175576
2025-09-09 09:15:00+00:00,1895.5999755859375,1897.9000244140625,1893.300048828125,1894.5999755859375,161119
2025-09-09 09:30:00+00:00,1894.199951171875,1896.0,1892.4000244140625,1895.5999755859375,693833
2025-09-09 09:45:00+00:00,1893.4000244140625,1896.9000244140625,1892.800048828125,1894.199951171875,563836
2025-09-10 03:45:00+00:00,1903.0,1904.0999755859375,1898.800048828125,1903.5999755859375,259983
2025-09-10 04:00:00+00:00,1901.9000244140625,1904.0,1901.5,1902.699951171875,76126
2025-09-10 04:15:00+00:00,1902.699951171875,1903.9000244140625,1900.0,1902.199951171875,104719
2025-09-10 04:30:00+00:00,1901.0999755859375,1904.4000244140625,1900.699951171875,1902.699951171875,68475
2025-09-10 04:45:00+00:00,1902.5999755859375,1903.199951171875,1899.5,1901.199951171875,55359
2025-09-10 05:00:00+00:00,1898.300048828125,1902.300048828125,1896.5,1902.0999755859375,72123
2025-09-10 05:15:00+00:00,1896.0,1899.4000244140625,1895.0999755859375,1897.5,165775
2025-09-10 05:30:00+00:00,1895.5,1900.199951171875,1895.5,1896.0,290830
2025-09-10 05:45:00+00:00,1892.9000244140625,1895.5999755859375,1892.5999755859375,1895.5,161214
2025-09-10 06:00:00+00:00,1891.699951171875,1893.5,1891.699951171875,1893.0,64656
2025-09-10 06:15:00+00:00,1890.0,1892.199951171875,1889.0,1892.199951171875,71776
2025-09-10 06:30:00+00:00,1888.0,1890.0,1887.699951171875,1889.9000244140625,144936
2025-09-10 06:45:00+00:00,1888.4000244140625,1889.800048828125,1885.800048828125,1887.9000244140625,180589
2025-09-10 07:00:00+00:00,1888.300048828125,1889.5,1887.300048828125,1888.4000244140625,76374
2025-09-10 07:15:00+00:00,1886.5999755859375,1889.5,1886.5999755859375,1888.199951171875,111269
2025-09-10 07:30:00+00:00,1886.4000244140625,1887.0,1885.5999755859375,1886.9000244140625,78022
2025-09-10 07:45:00+00:00,1886.4000244140625,1888.300048828125,1885.300048828125,1886.5,147312
2025-09-10 08:00:00+00:00,1884.0,1886.5,1883.699951171875,1886.5,179577
2025-09-10 08:15:00+00:00,1884.800048828125,1886.5,1883.699951171875,1884.0,109006
2025-09-10 08:30:00+00:00,1886.800048828125,1887.9000244140625,1884.0,1884.5999755859375,107190
2025-09-10 08:45:00+00:00,1886.300048828125,1889.300048828125,1884.9000244140625,1886.800048828125,126590
2025-09-10 09:00:00+00:00,1887.300048828125,1888.300048828125,1885.300048828125,1887.199951171875,163230
2025-09-10 09:15:00+00:00,1888.300048828125,1890.9000244140625,1887.699951171875,1887.800048828125,186655
2025-09-10 09:30:00+00:00,1891.9000244140625,1892.0999755859375,1888.300048828125,1888.300048828125,290317
2025-09-10 09:45:00+00:00,1891.4000244140625,1894.0,1890.0999755859375,1892.0,273887
2025-09-11 03:45:00+00:00,1887.800048828125,1889.4000244140625,1883.5,1888.5,111900
2025-09-11 04:00:00+00:00,1891.0,1891.300048828125,1885.4000244140625,1887.800048828125,110579
2025-09-11 04:15:00+00:00,1891.9000244140625,1892.0,1890.0999755859375,1890.699951171875,83923
2025-09-11 04:30:00+00:00,1890.300048828125,1892.300048828125,1890.0999755859375,1892.0,54574
2025-09-11 04:45:00+00:00,1891.300048828125,1891.800048828125,1888.4000244140625,1890.300048828125,65173
2025-09-11 05:00:00+00:00,1893.699951171875,1894.4000244140625,1890.0999755859375,1891.9000244140625,137927
2025-09-11 05:15:00+00:00,1893.4000244140625,1895.4000244140625,1892.0,1893.699951171875,116281
2025-09-11 05:30:00+00:00,1895.300048828125,1896.300048828125,1892.699951171875,1893.5,106806
2025-09-11 05:45:00+00:00,1894.199951171875,1896.0,1893.0,1895.300048828125,76853
2025-09-11 06:00:00+00:00,1895.300048828125,1895.5999755859375,1891.5999755859375,1894.199951171875,113337
2025-09-11 06:15:00+00:00,1894.0999755859375,1895.5999755859375,1892.9000244140625,1895.4000244140625,44213
2025-09-11 06:30:00+00:00,1894.300048828125,1895.0999755859375,1893.699951171875,1894.300048828125,33328
2025-09-11 06:45:00+00:00,1897.9000244140625,1899.0,1894.0,1894.300048828125,123769
2025-09-11 07:00:00+00:00,1897.9000244140625,1900.300048828125,1896.300048828125,1897.9000244140625,87979
2025-09-11 07:15:00+00:00,1902.0,1902.300048828125,1897.4000244140625,1897.9000244140625,136611
2025-09-11 07:30:00+00:00,1902.9000244140625,1902.9000244140625,1900.300048828125,1901.800048828125,35444
2025-09-11 07:45:00+00:00,1904.300048828125,1906.300048828125,1901.699951171875,1902.800048828125,74845
2025-09-11 08:00:00+00:00,1902.199951171875,1905.0,1901.300048828125,1904.199951171875,122168
2025-09-11 08:15:00+00:00,1905.0999755859375,1907.0,1900.5,1902.0,512050
2025-09-11 08:30:00+00:00,1904.5999755859375,1905.800048828125,1902.699951171875,1905.0999755859375,49972
2025-09-11 08:45:00+00:00,1911.699951171875,1912.9000244140625,1903.4000244140625,1904.4000244140625,421602
2025-09-11 09:00:00+00:00,1913.699951171875,1913.9000244140625,1909.9000244140625,1911.5,305839
2025-09-11 09:15:00+00:00,1909.300048828125,1914.9000244140625,1909.199951171875,1913.800048828125,554150
2025-09-11 09:30:00+00:00,1912.4000244140625,1915.800048828125,1908.5,1909.800048828125,658186
2025-09-11 09:45:00+00:00,1914.199951171875,1916.0,1912.0,1912.5999755859375,363541
2025-09-12 03:45:00+00:00,1915.5999755859375,1922.0999755859375,1913.5999755859375,1921.9000244140625,95774
2025-09-12 04:00:00+00:00,1915.0999755859375,1917.0999755859375,1912.300048828125,1916.0999755859375,149551
2025-09-12 04:15:00+00:00,1914.5,1918.5,1913.5999755859375,1915.0999755859375,114593
2025-09-12 04:30:00+00:00,1914.5999755859375,1916.4000244140625,1913.0999755859375,1914.4000244140625,55428
2025-09-12 04:45:00+00:00,1915.300048828125,1915.5,1912.199951171875,1914.5999755859375,76144
2025-09-12 05:00:00+00:00,1913.0,1915.9000244140625,1912.199951171875,1915.300048828125,46354
2025-09-12 05:15:00+00:00,1911.800048828125,1913.4000244140625,1909.0999755859375,1913.0,108235
2025-09-12 05:30:00+00:00,1910.9000244140625,1912.5999755859375,1910.0,1911.9000244140625,207350
2025-09-12 05:45:00+00:00,1913.699951171875,1916.300048828125,1909.199951171875,1911.0,273871
2025-09-12 06:00:00+00:00,1914.9000244140625,1916.0,1912.0999755859375,1913.699951171875,52046
2025-09-12 06:15:00+00:00,1915.5,1915.5,1913.199951171875,1914.9000244140625,61673
2025-09-12 06:30:00+00:00,1916.5,1917.199951171875,1913.4000244140625,1915.4000244140625,319905
2025-09-12 06:45:00+00:00,1915.0999755859375,1918.0,1914.0,1916.9000244140625,59951
2025-09-12 07:00:00+00:00,1915.5,1915.5,1914.4000244140625,1915.0,43353
2025-09-12 07:15:00+00:00,1914.0,1915.5999755859375,1913.0999755859375,1915.5,58014
2025-09-12 07:30:00+00:00,1914.800048828125,1915.0,1913.5999755859375,1913.9000244140625,60745
2025-09-12 07:45:00+00:00,1913.4000244140625,1914.800048828125,1913.300048828125,1914.800048828125,51937
2025-09-12 08:00:00+00:00,1910.800048828125,1913.5999755859375,1910.5,1913.4000244140625,63220
2025-09-12 08:15:00+00:00,1909.9000244140625,1911.0999755859375,1908.5999755859375,1910.800048828125,85829
2025-09-12 08:30:00+00:00,1908.4000244140625,1910.199951171875,1907.4000244140625,1910.0999755859375,61748
2025-09-12 08:45:00+00:00,1909.300048828125,1912.0999755859375,1908.199951171875,1908.5,193744
2025-09-12 09:00:00+00:00,1906.0,1909.5999755859375,1905.800048828125,1909.5999755859375,82418
2025-09-12 09:15:00+00:00,1903.800048828125,1905.9000244140625,1903.5999755859375,1905.9000244140625,106514
2025-09-12 09:30:00+00:00,1902.4000244140625,1905.9000244140625,1901.699951171875,1904.199951171875,275506
2025-09-12 09:45:00+00:00,1903.0,1904.0999755859375,1901.5999755859375,1902.4000244140625,281041
2025-09-15 03:45:00+00:00,1906.5999755859375,1908.800048828125,1898.4000244140625,1904.0999755859375,113545
2025-09-15 04:00:00+00:00,1907.300048828125,1907.800048828125,1903.5,1906.300048828125,104227
2025-09-15 04:15:00+00:00,1904.800048828125,1907.699951171875,1904.5999755859375,1907.300048828125,75603
2025-09-15 04:30:00+00:00,1906.199951171875,1906.9000244140625,1903.0999755859375,1904.5999755859375,68580
2025-09-15 04:45:00+00:00,1910.4000244140625,1912.0,1906.0,1906.0999755859375,84169
2025-09-15 05:00:00+00:00,1906.5,1912.5999755859375,1906.5,1910.5,102490
2025-09-15 05:15:00+00:00,1903.9000244140625,1907.0999755859375,1902.199951171875,1906.5,130848
2025-09-15 05:30:00+00:00,1903.800048828125,1908.699951171875,1903.699951171875,1904.0999755859375,137864
2025-09-15 05:45:00+00:00,1903.5999755859375,1904.4000244140625,1903.199951171875,1904.0999755859375,77015
2025-09-15 06:00:00+00:00,1901.9000244140625,1904.800048828125,1901.0999755859375,1903.5999755859375,93752
2025-09-15 06:15:00+00:00,1902.800048828125,1903.9000244140625,1901.0999755859375,1901.9000244140625,83488
2025-09-15 06:30:00+00:00,1901.5999755859375,1903.800048828125,1901.199951171875,1902.800048828125,75557
2025-09-15 06:45:00+00:00,1901.5999755859375,1902.800048828125,1901.0999755859375,1901.5999755859375,79701
2025-09-15 07:00:00+00:00,1900.300048828125,1902.699951171875,1900.0999755859375,1901.699951171875,107440
2025-09-15 07:15:00+00:00,1899.5999755859375,1900.800048828125,1898.800048828125,1900.199951171875,91557
2025-09-15 07:30:00+00:00,1902.5999755859375,1902.800048828125,1899.0,1899.699951171875,66584
2025-09-15 07:45:00+00:00,1905.0,1905.800048828125,1902.0999755859375,1902.300048828125,150483
2025-09-15 08:00:00+00:00,1902.300048828125,1905.5999755859375,1901.4000244140625,1904.9000244140625,136458
2025-09-15 08:15:00+00:00,1902.199951171875,1904.300048828125,1901.300048828125,1902.0999755859375,221391
2025-09-15 08:30:00+00:00,1902.5999755859375,1904.300048828125,1901.0999755859375,1902.199951171875,156825
2025-09-15 08:45:00+00:00,1901.800048828125,1902.5999755859375,1901.5,1902.5999755859375,100963
2025-09-15 09:00:00+00:00,1905.800048828125,1907.0,1901.5,1901.800048828125,121612
2025-09-15 09:15:00+00:00,1907.300048828125,1909.4000244140625,1905.5,1905.5999755859375,164659
2025-09-15 09:30:00+00:00,1903.300048828125,1907.0,1902.5999755859375,1907.0,386726
2025-09-15 09:45:00+00:00,1907.5,1907.5999755859375,1903.300048828125,1903.300048828125,345706
2025-09-16 03:45:00+00:00,1911.5999755859375,1914.0,1904.5,1904.5,90476
2025-09-16 04:00:00+00:00,1911.699951171875,1913.4000244140625,1909.0999755859375,1911.5999755859375,76085
2025-09-16 04:15:00+00:00,1913.0,1913.800048828125,1911.4000244140625,1911.699951171875,60148
2025-09-16 04:30:00+00:00,1914.300048828125,1914.699951171875,1911.300048828125,1912.9000244140625,117724
2025-09-16 04:45:00+00:00,1918.199951171875,1919.199951171875,1912.800048828125,1914.300048828125,185957
2025-09-16 05:00:00+00:00,1919.9000244140625,1920.0,1915.4000244140625,1918.0,311125
2025-09-16 05:30:00+00:00,1921.0,1921.0,1917.199951171875,1919.0,312575
2025-09-16 05:45:00+00:00,1923.9000244140625,1924.4000244140625,1919.5,1920.699951171875,103051
2025-09-16 06:00:00+00:00,1925.699951171875,1926.300048828125,1923.0999755859375,1924.0999755859375,123262
2025-09-16 06:15:00+00:00,1931.0,1931.4000244140625,1925.5,1925.699951171875,323079
2025-09-16 06:30:00+00:00,1934.0,1934.5,1930.0,1931.0,151462
2025-09-16 06:45:00+00:00,1930.5,1937.699951171875,1930.5,1934.0,275055
2025-09-16 07:00:00+00:00,1932.0,1932.699951171875,1930.199951171875,1930.5999755859375,88775
2025-09-16 07:15:00+00:00,1931.5999755859375,1932.300048828125,1930.0,1931.9000244140625,113927
2025-09-16 07:30:00+00:00,1930.5,1931.5999755859375,1930.0,1931.300048828125,71547
2025-09-16 07:45:00+00:00,1929.300048828125,1930.5999755859375,1927.4000244140625,1930.5999755859375,107807
2025-09-16 08:00:00+00:00,1931.0,1931.0,1927.199951171875,1929.0,49301
2025-09-16 08:15:00+00:00,1927.4000244140625,1930.9000244140625,1925.800048828125,1930.9000244140625,70178
2025-09-16 08:30:00+00:00,1928.0999755859375,1929.300048828125,1927.0,1927.199951171875,53973
2025-09-16 08:45:00+00:00,1932.300048828125,1933.699951171875,1925.800048828125,1926.800048828125,224106
2025-09-16 09:00:00+00:00,1934.9000244140625,1935.300048828125,1932.0,1932.199951171875,229906
2025-09-16 09:30:00+00:00,1938.5,1941.199951171875,1935.699951171875,1938.0,1316777
2025-09-16 09:45:00+00:00,1939.5,1941.5999755859375,1936.800048828125,1938.5,624993
2025-09-17 03:45:00+00:00,1936.5,1941.9000244140625,1933.5999755859375,1938.9000244140625,419158
2025-09-17 04:00:00+00:00,1940.9000244140625,1941.0,1935.9000244140625,1937.0,172984
2025-09-17 04:15:00+00:00,1937.9000244140625,1941.199951171875,1936.9000244140625,1940.9000244140625,135602
2025-09-17 04:30:00+00:00,1938.699951171875,1939.800048828125,1937.5,1938.0999755859375,54466
2025-09-17 04:45:00+00:00,1937.0,1939.0,1934.800048828125,1938.800048828125,72854
2025-09-17 05:00:00+00:00,1939.4000244140625,1939.9000244140625,1936.4000244140625,1937.0,69849
2025-09-17 05:15:00+00:00,1943.9000244140625,1944.199951171875,1938.699951171875,1939.300048828125,127070
2025-09-17 05:30:00+00:00,1944.0999755859375,1944.300048828125,1942.0999755859375,1944.0,106894
2025-09-17 05:45:00+00:00,1939.5999755859375,1944.0999755859375,1939.5,1944.0999755859375,57241
2025-09-17 06:00:00+00:00,1945.199951171875,1945.9000244140625,1939.5,1939.5,218492
2025-09-17 06:15:00+00:00,1947.4000244140625,1947.5,1943.199951171875,1945.199951171875,190087
2025-09-17 06:30:00+00:00,1946.9000244140625,1949.0,1946.4000244140625,1947.5,206225
2025-09-17 06:45:00+00:00,1946.699951171875,1948.300048828125,1945.199951171875,1946.9000244140625,133725
2025-09-17 07:00:00+00:00,1948.0999755859375,1948.9000244140625,1945.0,1946.800048828125,122365
2025-09-17 07:15:00+00:00,1944.5999755859375,1948.4000244140625,1944.0,1948.0999755859375,135017
2025-09-17 07:30:00+00:00,1947.5,1947.5,1943.699951171875,1944.5,161889
2025-09-17 07:45:00+00:00,1948.699951171875,1950.0,1947.199951171875,1947.5,84146
2025-09-17 08:00:00+00:00,1947.4000244140625,1949.199951171875,1946.300048828125,1948.699951171875,102999
2025-09-17 08:15:00+00:00,1947.699951171875,1948.699951171875,1945.5999755859375,1947.199951171875,126285
2025-09-17 08:30:00+00:00,1947.9000244140625,1948.199951171875,1945.4000244140625,1947.699951171875,185606
2025-09-17 08:45:00+00:00,1945.9000244140625,1948.199951171875,1942.300048828125,1947.800048828125,168646
2025-09-17 09:00:00+00:00,1944.4000244140625,1945.9000244140625,1942.199951171875,1945.800048828125,185994
2025-09-17 09:15:00+00:00,1942.800048828125,1945.699951171875,1942.0,1944.4000244140625,263214
2025-09-17 09:30:00+00:00,1940.0999755859375,1943.0,1940.0,1942.0,387709
2025-09-17 09:45:00+00:00,1940.9000244140625,1943.800048828125,1939.5999755859375,1940.0999755859375,341194
2025-09-18 03:45:00+00:00,1940.4000244140625,1949.800048828125,1940.0999755859375,1945.0,171237
2025-09-18 04:00:00+00:00,1934.9000244140625,1941.4000244140625,1934.0999755859375,1940.300048828125,133916
2025-09-18 04:15:00+00:00,1927.0,1935.300048828125,1926.5999755859375,1935.0999755859375,313404
2025-09-18 04:30:00+00:00,1925.0999755859375,1927.0,1921.0999755859375,1927.0,181932
2025-09-18 04:45:00+00:00,1926.9000244140625,1927.9000244140625,1924.0,1924.800048828125,89273
2025-09-18 05:00:00+00:00,1932.4000244140625,1933.5,1926.9000244140625,1926.9000244140625,159543
2025-09-18 05:15:00+00:00,1932.800048828125,1937.0999755859375,1932.199951171875,1932.4000244140625,157900
2025-09-18 05:30:00+00:00,1932.9000244140625,1933.0,1930.4000244140625,1932.800048828125,93668
2025-09-18 05:45:00+00:00,1933.5999755859375,1934.4000244140625,1930.9000244140625,1932.800048828125,112836
2025-09-18 06:00:00+00:00,1934.9000244140625,1939.5,1933.4000244140625,1933.800048828125,264260
2025-09-18 06:15:00+00:00,1935.5999755859375,1936.5,1934.5999755859375,1935.0,113194
2025-09-18 06:30:00+00:00,1936.9000244140625,1936.9000244140625,1934.5999755859375,1935.5999755859375,93382
2025-09-18 06:45:00+00:00,1936.0999755859375,1937.5999755859375,1935.0,1936.9000244140625,116375
2025-09-18 07:00:00+00:00,1940.4000244140625,1940.5999755859375,1935.0999755859375,1936.0999755859375,167853
2025-09-18 07:15:00+00:00,1938.699951171875,1940.800048828125,1937.0,1940.300048828125,127401
2025-09-18 07:30:00+00:00,1940.800048828125,1941.5,1936.699951171875,1938.800048828125,168775
2025-09-18 07:45:00+00:00,1945.300048828125,1945.300048828125,1940.0,1940.800048828125,121487
2025-09-18 08:00:00+00:00,1946.699951171875,1948.800048828125,1942.699951171875,1945.4000244140625,277755
2025-09-18 08:15:00+00:00,1943.800048828125,1947.199951171875,1941.4000244140625,1946.4000244140625,201833
2025-09-18 08:30:00+00:00,1942.0,1944.199951171875,1939.5,1943.699951171875,199540
2025-09-18 08:45:00+00:00,1936.0999755859375,1942.0,1935.5,1941.9000244140625,197634
2025-09-18 09:00:00+00:00,1937.800048828125,1938.0999755859375,1932.5999755859375,1936.300048828125,234145
2025-09-18 09:15:00+00:00,1941.5,1941.5999755859375,1936.5999755859375,1937.699951171875,289679
2025-09-18 09:30:00+00:00,1939.300048828125,1945.0,1939.300048828125,1941.5,528008
2025-09-18 09:45:00+00:00,1941.0999755859375,1942.0,1937.5999755859375,1939.4000244140625,382086
2025-09-19 03:45:00+00:00,1933.0999755859375,1941.300048828125,1927.800048828125,1935.0,417880
2025-09-19 04:00:00+00:00,1947.4000244140625,1949.0,1932.5,1933.4000244140625,726031
2025-09-19 04:15:00+00:00,1942.0999755859375,1948.5,1940.9000244140625,1947.4000244140625,124981
2025-09-19 04:30:00+00:00,1941.0,1943.699951171875,1939.300048828125,1941.800048828125,70949
2025-09-19 04:45:00+00:00,1939.9000244140625,1941.0,1937.5999755859375,1941.0,60907
2025-09-19 05:00:00+00:00,1936.699951171875,1943.5,1935.4000244140625,1939.5,85007
2025-09-19 05:15:00+00:00,1937.800048828125,1940.0,1936.199951171875,1936.199951171875,45826
2025-09-19 05:30:00+00:00,1934.9000244140625,1938.199951171875,1933.5999755859375,1938.199951171875,99981
2025-09-19 05:45:00+00:00,1934.800048828125,1935.9000244140625,1934.5,1934.9000244140625,52454
2025-09-19 06:00:00+00:00,1939.5999755859375,1939.5999755859375,1933.199951171875,1935.0,113011
2025-09-19 06:15:00+00:00,1937.699951171875,1941.9000244140625,1936.199951171875,1939.0,70456
2025-09-19 06:30:00+00:00,1941.0999755859375,1942.0,1937.0999755859375,1938.0,134793
2025-09-19 06:45:00+00:00,1941.5999755859375,1945.0999755859375,1938.699951171875,1940.5999755859375,178457
2025-09-19 07:00:00+00:00,1943.800048828125,1945.300048828125,1941.300048828125,1942.0,72370
2025-09-19 07:15:00+00:00,1945.800048828125,1945.800048828125,1940.199951171875,1943.9000244140625,150873
2025-09-19 07:30:00+00:00,1946.9000244140625,1947.4000244140625,1944.9000244140625,1945.699951171875,98105
2025-09-19 07:45:00+00:00,1948.800048828125,1949.199951171875,1946.0999755859375,1946.9000244140625,255087
2025-09-19 08:00:00+00:00,1947.300048828125,1952.5,1945.0,1948.699951171875,300788
2025-09-19 08:15:00+00:00,1948.0999755859375,1948.0999755859375,1945.0,1947.0,99756
2025-09-19 08:30:00+00:00,1950.4000244140625,1951.9000244140625,1946.800048828125,1948.300048828125,221135
2025-09-19 08:45:00+00:00,1956.4000244140625,1956.800048828125,1950.300048828125,1950.4000244140625,630570
2025-09-19 09:00:00+00:00,1963.5,1964.5,1956.0,1956.199951171875,404020
2025-09-19 09:15:00+00:00,1975.199951171875,1975.699951171875,1963.199951171875,1963.5999755859375,604551
2025-09-19 09:30:00+00:00,1960.5999755859375,1976.5999755859375,1955.699951171875,1975.800048828125,3216158
2025-09-19 09:45:00+00:00,1962.4000244140625,1962.9000244140625,1952.800048828125,1960.800048828125,2452960
2025-09-22 03:45:00+00:00,1957.0999755859375,1961.4000244140625,1944.199951171875,1958.0999755859375,332821
2025-09-22 04:00:00+00:00,1961.199951171875,1961.4000244140625,1955.9000244140625,1957.0,166205
2025-09-22 04:15:00+00:00,1960.4000244140625,1962.4000244140625,1958.0,1960.4000244140625,262333
2025-09-22 04:30:00+00:00,1955.5,1961.9000244140625,1955.0999755859375,1960.4000244140625,79353
2025-09-22 04:45:00+00:00,1951.9000244140625,1956.4000244140625,1950.300048828125,1955.800048828125,258226
2025-09-22 05:00:00+00:00,1955.300048828125,1956.800048828125,1951.800048828125,1952.5,57623
2025-09-22 05:15:00+00:00,1953.9000244140625,1955.300048828125,1952.0,1955.300048828125,112972
2025-09-22 05:30:00+00:00,1953.5999755859375,1955.5999755859375,1953.199951171875,1953.9000244140625,41757
2025-09-22 05:45:00+00:00,1955.5,1957.0999755859375,1953.199951171875,1954.0,151801
2025-09-22 06:00:00+00:00,1952.800048828125,1956.699951171875,1952.5,1955.4000244140625,54590
2025-09-22 06:15:00+00:00,1955.800048828125,1959.199951171875,1951.5999755859375,1952.800048828125,219914
2025-09-22 06:30:00+00:00,1953.199951171875,1958.199951171875,1952.0999755859375,1955.800048828125,217871
2025-09-22 06:45:00+00:00,1953.699951171875,1954.699951171875,1950.0,1953.199951171875,173633
2025-09-22 07:00:00+00:00,1955.699951171875,1956.800048828125,1953.4000244140625,1953.699951171875,111294
2025-09-22 07:15:00+00:00,1957.0,1958.699951171875,1954.800048828125,1955.9000244140625,89761
2025-09-22 07:30:00+00:00,1959.300048828125,1961.4000244140625,1956.800048828125,1957.0,153209
2025-09-22 07:45:00+00:00,1959.199951171875,1959.9000244140625,1957.0999755859375,1959.300048828125,88561
2025-09-22 08:00:00+00:00,1957.5,1959.199951171875,1956.0999755859375,1958.0999755859375,90421
2025-09-22 08:15:00+00:00,1958.199951171875,1959.300048828125,1956.0,1957.9000244140625,169561
2025-09-22 08:30:00+00:00,1964.5999755859375,1964.5999755859375,1957.4000244140625,1958.4000244140625,318559
2025-09-22 08:45:00+00:00,1960.300048828125,1965.9000244140625,1959.300048828125,1964.5999755859375,169452
2025-09-22 09:00:00+00:00,1955.9000244140625,1961.0,1955.0,1960.0999755859375,74337
2025-09-22 09:15:00+00:00,1957.300048828125,1958.5,1954.300048828125,1956.199951171875,201548
2025-09-22 09:30:00+00:00,1955.5999755859375,1958.5,1955.0,1957.300048828125,346916
2025-09-22 09:45:00+00:00,1956.199951171875,1957.0,1955.0,1955.5999755859375,289459
2025-09-23 03:45:00+00:00,1944.0,1953.800048828125,1942.5999755859375,1952.0,93074
2025-09-23 04:00:00+00:00,1934.0999755859375,1942.5999755859375,1933.5999755859375,1942.5999755859375,131613
2025-09-23 04:15:00+00:00,1941.300048828125,1942.0,1933.199951171875,1933.9000244140625,133604
2025-09-23 04:30:00+00:00,1940.0,1942.0999755859375,1940.0,1941.5,75776
2025-09-23 04:45:00+00:00,1937.5999755859375,1940.199951171875,1936.5,1940.0999755859375,77265
2025-09-23 05:00:00+00:00,1937.5999755859375,1938.0999755859375,1936.4000244140625,1937.800048828125,26057
2025-09-23 05:15:00+00:00,1935.800048828125,1937.9000244140625,1934.0,1937.5999755859375,115741
2025-09-23 05:30:00+00:00,1933.5999755859375,1936.300048828125,1933.0,1936.0,54600
2025-09-23 05:45:00+00:00,1936.0,1936.0999755859375,1931.300048828125,1933.5999755859375,54019
2025-09-23 06:00:00+00:00,1930.5,1936.800048828125,1930.199951171875,1935.9000244140625,70665
2025-09-23 06:15:00+00:00,1935.5999755859375,1936.0999755859375,1930.5,1930.5999755859375,149906
2025-09-23 06:30:00+00:00,1936.9000244140625,1938.0999755859375,1935.0,1935.9000244140625,52221
2025-09-23 06:45:00+00:00,1940.0999755859375,1940.300048828125,1935.5999755859375,1937.4000244140625,212441
2025-09-23 07:00:00+00:00,1944.0,1945.800048828125,1938.4000244140625,1940.300048828125,239350
2025-09-23 07:15:00+00:00,1941.699951171875,1944.5,1939.800048828125,1943.5,144227
2025-09-23 07:30:00+00:00,1943.5999755859375,1944.5,1941.4000244140625,1941.699951171875,83847
2025-09-23 07:45:00+00:00,1945.5999755859375,1945.9000244140625,1942.5,1943.5999755859375,97282
2025-09-23 08:00:00+00:00,1948.4000244140625,1948.9000244140625,1944.5999755859375,1945.699951171875,253808
2025-09-23 08:15:00+00:00,1942.5999755859375,1949.800048828125,1942.0,1948.4000244140625,89867
2025-09-23 08:30:00+00:00,1943.699951171875,1946.9000244140625,1942.199951171875,1942.199951171875,140337
2025-09-23 08:45:00+00:00,1944.5999755859375,1946.4000244140625,1941.300048828125,1944.0999755859375,245990
2025-09-23 09:00:00+00:00,1945.300048828125,1947.199951171875,1942.800048828125,1944.699951171875,176525
2025-09-23 09:15:00+00:00,1939.9000244140625,1945.5,1939.300048828125,1945.0999755859375,237354
2025-09-23 09:30:00+00:00,1939.199951171875,1942.0,1935.9000244140625,1940.5,751926
2025-09-23 09:45:00+00:00,1938.699951171875,1941.800048828125,1936.300048828125,1939.9000244140625,429228
2025-09-24 03:45:00+00:00,1922.9000244140625,1932.0,1921.0,1932.0,255327
2025-09-24 04:00:00+00:00,1920.699951171875,1923.4000244140625,1919.0999755859375,1923.199951171875,231995
2025-09-24 04:15:00+00:00,1921.0999755859375,1922.199951171875,1919.0,1921.199951171875,172870
2025-09-24 04:30:00+00:00,1923.300048828125,1924.5999755859375,1921.0,1921.300048828125,76455
2025-09-24 04:45:00+00:00,1923.300048828125,1925.5999755859375,1922.699951171875,1923.199951171875,89657
2025-09-24 05:00:00+00:00,1924.0,1926.300048828125,1923.300048828125,1923.300048828125,70178
2025-09-24 05:15:00+00:00,1923.5,1925.5999755859375,1922.9000244140625,1924.800048828125,250899
2025-09-24 05:30:00+00:00,1921.5,1923.5,1920.0,1923.5,221173
2025-09-24 05:45:00+00:00,1923.0,1923.300048828125,1921.5,1921.5,56780
2025-09-24 06:00:00+00:00,1922.5,1923.699951171875,1921.0999755859375,1923.0,154092
2025-09-24 06:15:00+00:00,1921.0,1923.300048828125,1919.5999755859375,1922.4000244140625,156282
2025-09-24 06:30:00+00:00,1922.800048828125,1922.800048828125,1919.9000244140625,1920.5,84148
2025-09-24 06:45:00+00:00,1925.199951171875,1927.0,1922.4000244140625,1922.5999755859375,115876
2025-09-24 07:00:00+00:00,1926.4000244140625,1930.0,1925.4000244140625,1925.800048828125,159388
2025-09-24 07:15:00+00:00,1928.199951171875,1928.5,1925.199951171875,1926.4000244140625,135180
2025-09-24 07:30:00+00:00,1931.199951171875,1931.4000244140625,1927.5,1928.199951171875,111638
2025-09-24 07:45:00+00:00,1931.9000244140625,1933.0999755859375,1929.9000244140625,1931.4000244140625,252442
2025-09-24 08:00:00+00:00,1933.4000244140625,1934.800048828125,1930.0999755859375,1931.9000244140625,138940
2025-09-24 08:15:00+00:00,1931.0999755859375,1934.199951171875,1930.0999755859375,1933.300048828125,199582
2025-09-24 08:30:00+00:00,1935.5999755859375,1935.699951171875,1931.0,1931.4000244140625,133226
2025-09-24 08:45:00+00:00,1933.5999755859375,1937.0999755859375,1931.199951171875,1935.5999755859375,148733
2025-09-24 09:00:00+00:00,1929.0999755859375,1933.800048828125,1926.199951171875,1933.5999755859375,201338
2025-09-24 09:15:00+00:00,1927.9000244140625,1931.4000244140625,1927.0999755859375,1929.0999755859375,151572
2025-09-24 09:30:00+00:00,1930.0999755859375,1930.300048828125,1926.800048828125,1927.9000244140625,467821
2025-09-24 09:45:00+00:00,1931.0999755859375,1937.300048828125,1928.5999755859375,1930.5999755859375,482765
2025-09-25 03:45:00+00:00,1939.199951171875,1946.0,1930.0,1930.0,143577
2025-09-25 04:00:00+00:00,1939.800048828125,1942.0,1937.0999755859375,1939.800048828125,252764
2025-09-25 04:15:00+00:00,1942.9000244140625,1944.0999755859375,1938.9000244140625,1939.5999755859375,334364
2025-09-25 04:30:00+00:00,1939.800048828125,1943.300048828125,1939.0999755859375,1943.300048828125,64842
2025-09-25 04:45:00+00:00,1943.5999755859375,1944.0,1939.300048828125,1939.300048828125,84986
2025-09-25 05:00:00+00:00,1941.5999755859375,1944.0,1938.9000244140625,1943.5999755859375,95439
2025-09-25 05:15:00+00:00,1937.300048828125,1941.300048828125,1937.300048828125,1940.5,79508
2025-09-25 05:30:00+00:00,1939.0999755859375,1940.699951171875,1935.5,1938.300048828125,117421
2025-09-25 05:45:00+00:00,1938.0,1940.5999755859375,1937.0,1939.699951171875,87719
2025-09-25 06:00:00+00:00,1937.800048828125,1939.0999755859375,1936.199951171875,1938.699951171875,69334
2025-09-25 06:15:00+00:00,1939.9000244140625,1941.9000244140625,1936.4000244140625,1937.800048828125,146240
2025-09-25 06:30:00+00:00,1941.0999755859375,1943.4000244140625,1939.5,1940.5999755859375,154011
2025-09-25 06:45:00+00:00,1939.199951171875,1941.5999755859375,1937.5999755859375,1941.0,180658
2025-09-25 07:00:00+00:00,1937.0999755859375,1939.0999755859375,1935.5999755859375,1939.0999755859375,119414
2025-09-25 07:15:00+00:00,1943.5,1944.300048828125,1936.4000244140625,1937.0,254529
2025-09-25 07:30:00+00:00,1943.199951171875,1946.0999755859375,1940.0999755859375,1943.5,243661
2025-09-25 07:45:00+00:00,1945.4000244140625,1946.300048828125,1942.0,1943.199951171875,194815
2025-09-25 08:00:00+00:00,1948.199951171875,1948.300048828125,1943.0999755859375,1945.4000244140625,851264
2025-09-25 08:15:00+00:00,1945.5,1948.0,1944.4000244140625,1948.0,118961
2025-09-25 08:30:00+00:00,1945.5999755859375,1946.4000244140625,1942.199951171875,1945.5,234330
2025-09-25 08:45:00+00:00,1945.300048828125,1950.0,1944.800048828125,1945.0999755859375,399335
2025-09-25 09:00:00+00:00,1943.0999755859375,1946.699951171875,1942.0,1945.4000244140625,220644
2025-09-25 09:15:00+00:00,1936.800048828125,1943.800048828125,1936.699951171875,1943.699951171875,265841
2025-09-25 09:30:00+00:00,1937.9000244140625,1939.300048828125,1933.0,1937.0,1114899
2025-09-25 09:45:00+00:00,1935.0,1939.199951171875,1934.0999755859375,1938.0,1035141
2025-09-26 03:45:00+00:00,1933.9000244140625,1942.0,1932.800048828125,1942.0,88844
2025-09-26 04:00:00+00:00,1931.699951171875,1934.0,1925.0,1934.0,298283
2025-09-26 04:15:00+00:00,1932.0,1935.699951171875,1931.5,1932.0,104672
2025-09-26 04:30:00+00:00,1930.800048828125,1932.5,1930.300048828125,1932.5,32063
2025-09-26 04:45:00+00:00,1927.699951171875,1930.800048828125,1926.699951171875,1930.800048828125,60525
2025-09-26 05:00:00+00:00,1924.0,1927.5999755859375,1923.199951171875,1927.0,102462
2025-09-26 05:15:00+00:00,1925.199951171875,1925.199951171875,1923.0999755859375,1923.5,70158
2025-09-26 05:30:00+00:00,1923.800048828125,1926.699951171875,1923.0999755859375,1925.800048828125,58717
2025-09-26 05:45:00+00:00,1923.4000244140625,1924.800048828125,1921.0,1923.0999755859375,115584
2025-09-26 06:00:00+00:00,1924.0,1924.699951171875,1920.0,1923.4000244140625,179628
2025-09-26 06:15:00+00:00,1924.0999755859375,1924.699951171875,1921.9000244140625,1924.0,102629
2025-09-26 06:30:00+00:00,1923.0,1925.800048828125,1923.0,1923.800048828125,160604
2025-09-26 06:45:00+00:00,1923.0999755859375,1924.5,1922.699951171875,1923.800048828125,58428
2025-09-26 07:00:00+00:00,1923.800048828125,1923.800048828125,1920.5,1923.300048828125,88307
2025-09-26 07:15:00+00:00,1923.300048828125,1924.5,1921.5,1923.800048828125,121535
2025-09-26 07:30:00+00:00,1919.699951171875,1924.0,1919.0,1923.300048828125,143445
2025-09-26 07:45:00+00:00,1920.0,1922.300048828125,1919.199951171875,1919.9000244140625,79147
2025-09-26 08:00:00+00:00,1918.800048828125,1920.0,1915.199951171875,1920.0,96881
2025-09-26 08:15:00+00:00,1913.800048828125,1919.0999755859375,1912.5,1918.699951171875,73869
2025-09-26 08:30:00+00:00,1915.800048828125,1916.300048828125,1912.0,1913.800048828125,71004
2025-09-26 08:45:00+00:00,1916.0999755859375,1916.0999755859375,1912.5,1915.800048828125,78446
2025-09-26 09:00:00+00:00,1915.800048828125,1916.699951171875,1913.5,1916.199951171875,91290
2025-09-26 09:15:00+00:00,1915.4000244140625,1917.199951171875,1912.699951171875,1916.0,138509
2025-09-26 09:30:00+00:00,1915.0999755859375,1916.0999755859375,1914.0999755859375,1914.0999755859375,239921
2025-09-26 09:45:00+00:00,1915.4000244140625,1920.9000244140625,1912.0,1915.800048828125,417213
2025-09-29 03:45:00+00:00,1910.0999755859375,1926.199951171875,1907.0,1923.9000244140625,91435
2025-09-29 04:00:00+00:00,1911.800048828125,1912.5,1905.4000244140625,1910.0,87382
2025-09-29 04:15:00+00:00,1911.800048828125,1915.5,1910.0,1911.800048828125,134658
2025-09-29 04:30:00+00:00,1910.0,1913.699951171875,1908.5999755859375,1912.4000244140625,152996
2025-09-29 04:45:00+00:00,1911.5999755859375,1913.0,1908.0999755859375,1909.5999755859375,61264
2025-09-29 05:00:00+00:00,1913.5,1914.0,1910.5999755859375,1911.5999755859375,56449
2025-09-29 05:15:00+00:00,1913.9000244140625,1917.0999755859375,1912.699951171875,1913.699951171875,82957
2025-09-29 05:30:00+00:00,1908.4000244140625,1914.5999755859375,1908.300048828125,1913.9000244140625,59673
2025-09-29 05:45:00+00:00,1910.0,1911.4000244140625,1907.300048828125,1908.5999755859375,62258
2025-09-29 06:00:00+00:00,1909.4000244140625,1910.4000244140625,1907.4000244140625,1909.699951171875,136722
2025-09-29 06:15:00+00:00,1911.4000244140625,1913.0,1908.699951171875,1909.5,91351
2025-09-29 06:30:00+00:00,1915.699951171875,1915.699951171875,1910.5999755859375,1911.199951171875,201047
2025-09-29 06:45:00+00:00,1918.0,1919.300048828125,1915.0999755859375,1915.5999755859375,96877
2025-09-29 07:00:00+00:00,1915.300048828125,1918.0,1915.0,1917.0999755859375,33436
2025-09-29 07:15:00+00:00,1917.9000244140625,1918.0,1915.0,1915.0,66132
2025-09-29 07:30:00+00:00,1918.0,1923.0,1916.0,1917.5,158219
2025-09-29 07:45:00+00:00,1913.199951171875,1918.0999755859375,1911.800048828125,1917.800048828125,80846
2025-09-29 08:00:00+00:00,1909.0999755859375,1914.0999755859375,1907.699951171875,1913.199951171875,126826
2025-09-29 08:15:00+00:00,1910.9000244140625,1911.5999755859375,1906.800048828125,1908.5,133173
2025-09-29 08:30:00+00:00,1916.300048828125,1919.199951171875,1910.5999755859375,1910.9000244140625,116712
2025-09-29 08:45:00+00:00,1918.4000244140625,1921.5,1915.300048828125,1916.300048828125,171070
2025-09-29 09:00:00+00:00,1913.9000244140625,1918.800048828125,1913.800048828125,1918.4000244140625,145311
2025-09-29 09:15:00+00:00,1914.5,1916.0,1912.300048828125,1913.9000244140625,178157
2025-09-29 09:30:00+00:00,1900.5999755859375,1914.5,1900.5,1914.5,1309565
2025-09-29 09:45:00+00:00,1906.5999755859375,1906.5999755859375,1897.5999755859375,1900.699951171875,1048150
2025-09-30 03:45:00+00:00,1902.9000244140625,1907.5999755859375,1892.699951171875,1896.800048828125,105970
2025-09-30 04:00:00+00:00,1898.5,1904.699951171875,1896.0,1902.4000244140625,106538
2025-09-30 04:15:00+00:00,1897.4000244140625,1902.4000244140625,1897.0,1898.5999755859375,195182
2025-09-30 04:30:00+00:00,1896.5,1899.300048828125,1895.0,1897.0999755859375,235596
2025-09-30 04:45:00+00:00,1893.4000244140625,1897.300048828125,1893.0,1896.800048828125,81596
2025-09-30 05:00:00+00:00,1891.9000244140625,1893.9000244140625,1890.800048828125,1893.5,94786
2025-09-30 05:15:00+00:00,1894.9000244140625,1895.5999755859375,1891.199951171875,1891.9000244140625,87353
2025-09-30 05:30:00+00:00,1895.5,1897.9000244140625,1894.300048828125,1895.0,195866
2025-09-30 05:45:00+00:00,1892.699951171875,1897.800048828125,1892.199951171875,1895.5,60738
2025-09-30 06:00:00+00:00,1893.4000244140625,1895.5999755859375,1892.0,1892.800048828125,75777
2025-09-30 06:15:00+00:00,1888.699951171875,1895.0,1887.5,1893.4000244140625,114503
2025-09-30 06:30:00+00:00,1888.0,1889.9000244140625,1886.5,1888.699951171875,87415
2025-09-30 06:45:00+00:00,1894.5999755859375,1895.0,1887.699951171875,1888.0,158885
2025-09-30 07:00:00+00:00,1892.699951171875,1895.800048828125,1891.9000244140625,1894.5999755859375,81643
2025-09-30 07:15:00+00:00,1890.5,1894.0,1889.0,1892.699951171875,107960
2025-09-30 07:30:00+00:00,1892.5999755859375,1894.800048828125,1889.0999755859375,1890.5,135624
2025-09-30 07:45:00+00:00,1891.300048828125,1895.5,1890.300048828125,1892.5999755859375,114284
2025-09-30 08:00:00+00:00,1890.5999755859375,1891.5999755859375,1888.5,1891.4000244140625,114648
2025-09-30 08:15:00+00:00,1891.0,1891.9000244140625,1889.5,1890.5999755859375,107268
2025-09-30 08:30:00+00:00,1888.699951171875,1891.300048828125,1886.0999755859375,1891.0,176475
2025-09-30 08:45:00+00:00,1885.699951171875,1889.199951171875,1882.9000244140625,1889.199951171875,238687
2025-09-30 09:00:00+00:00,1885.0,1888.199951171875,1884.0,1885.699951171875,225774
2025-09-30 09:15:00+00:00,1884.5999755859375,1886.5999755859375,1881.4000244140625,1885.4000244140625,298670
2025-09-30 09:30:00+00:00,1878.0,1885.300048828125,1876.5,1884.5999755859375,1380658
2025-09-30 09:45:00+00:00,1883.0,1883.0,1875.5,1878.0,1151288
2025-10-01 03:45:00+00:00,1868.4000244140625,1876.699951171875,1866.0,1873.800048828125,162120
2025-10-01 04:00:00+00:00,1868.5,1872.0,1863.0,1868.300048828125,242362
2025-10-01 04:15:00+00:00,1863.800048828125,1868.4000244140625,1861.0,1868.4000244140625,187406
2025-10-01 04:30:00+00:00,1862.800048828125,1866.699951171875,1862.5,1863.5999755859375,156600
2025-10-01 04:45:00+00:00,1861.0,1863.0999755859375,1859.0999755859375,1862.5999755859375,162216
2025-10-01 05:00:00+00:00,1861.0999755859375,1865.199951171875,1860.300048828125,1860.5999755859375,187057
2025-10-01 05:15:00+00:00,1858.0999755859375,1861.9000244140625,1856.199951171875,1861.0999755859375,182488
2025-10-01 05:30:00+00:00,1862.9000244140625,1864.5,1857.300048828125,1858.0999755859375,173555
2025-10-01 05:45:00+00:00,1869.699951171875,1870.0,1864.5,1864.5,200534
2025-10-01 06:00:00+00:00,1871.5,1871.5,1863.9000244140625,1869.699951171875,398411
2025-10-01 06:15:00+00:00,1867.800048828125,1874.0,1866.9000244140625,1871.699951171875,180853
2025-10-01 06:30:00+00:00,1871.199951171875,1872.4000244140625,1866.0999755859375,1867.9000244140625,177120
2025-10-01 06:45:00+00:00,1872.0,1874.0999755859375,1870.0,1871.199951171875,140721
2025-10-01 07:00:00+00:00,1864.5999755859375,1872.0,1864.5999755859375,1872.0,151774
2025-10-01 07:15:00+00:00,1864.4000244140625,1867.0,1863.800048828125,1865.0,131553
2025-10-01 07:30:00+00:00,1865.5,1865.9000244140625,1863.5,1864.800048828125,131670
2025-10-01 07:45:00+00:00,1866.699951171875,1867.5,1863.5,1865.5999755859375,141746
2025-10-01 08:00:00+00:00,1865.300048828125,1867.300048828125,1864.199951171875,1866.800048828125,165731
2025-10-01 08:15:00+00:00,1864.5,1866.199951171875,1863.300048828125,1865.800048828125,148684
2025-10-01 08:30:00+00:00,1866.300048828125,1867.800048828125,1864.0999755859375,1864.5,162214
2025-10-01 08:45:00+00:00,1868.199951171875,1870.0999755859375,1864.199951171875,1866.4000244140625,268330
2025-10-01 09:00:00+00:00,1868.9000244140625,1870.0,1867.0999755859375,1868.9000244140625,183227
2025-10-01 09:15:00+00:00,1869.4000244140625,1870.9000244140625,1867.5999755859375,1869.300048828125,293715
2025-10-01 09:30:00+00:00,1866.9000244140625,1870.0,1865.4000244140625,1869.4000244140625,446206
2025-10-01 09:45:00+00:00,1867.5999755859375,1869.5,1866.0,1867.0,390840
2025-10-03 03:45:00+00:00,1863.300048828125,1864.4000244140625,1848.300048828125,1855.4000244140625,198392
2025-10-03 04:00:00+00:00,1867.0,1867.0999755859375,1860.4000244140625,1863.300048828125,108541
2025-10-03 04:15:00+00:00,1872.699951171875,1873.800048828125,1864.5,1867.0,109777
2025-10-03 04:30:00+00:00,1871.800048828125,1872.9000244140625,1870.0,1872.699951171875,100417
2025-10-03 04:45:00+00:00,1875.4000244140625,1876.0,1869.0999755859375,1872.0,91642
2025-10-03 05:00:00+00:00,1875.0999755859375,1878.0,1874.5999755859375,1875.4000244140625,94246
2025-10-03 05:15:00+00:00,1877.0999755859375,1877.800048828125,1873.0999755859375,1875.0999755859375,674342
2025-10-03 05:30:00+00:00,1880.0,1885.0,1876.5,1876.9000244140625,168151
2025-10-03 05:45:00+00:00,1877.800048828125,1880.0999755859375,1875.4000244140625,1880.0999755859375,111982
2025-10-03 06:00:00+00:00,1882.0,1882.0,1877.300048828125,1877.800048828125,146416
2025-10-03 06:15:00+00:00,1880.5,1881.9000244140625,1879.5999755859375,1881.9000244140625,95578
2025-10-03 06:30:00+00:00,1888.0,1889.4000244140625,1880.4000244140625,1880.5,149728
2025-10-03 06:45:00+00:00,1882.9000244140625,1888.0,1882.9000244140625,1888.0,103403
2025-10-03 07:00:00+00:00,1883.0999755859375,1886.699951171875,1880.4000244140625,1883.5,125964
2025-10-03 07:15:00+00:00,1886.699951171875,1887.0999755859375,1883.0,1883.0999755859375,87250
2025-10-03 07:30:00+00:00,1889.0,1889.0,1884.9000244140625,1886.699951171875,107135
2025-10-03 07:45:00+00:00,1888.0999755859375,1890.5999755859375,1888.0,1889.5999755859375,108721
2025-10-03 08:00:00+00:00,1889.5,1892.5999755859375,1888.0,1888.0999755859375,154456
2025-10-03 08:15:00+00:00,1889.0,1891.0,1886.5,1889.5,99221
2025-10-03 08:30:00+00:00,1884.0,1889.199951171875,1883.4000244140625,1889.0,96361
2025-10-03 08:45:00+00:00,1886.5,1887.5999755859375,1883.0999755859375,1884.0,130026
2025-10-03 09:00:00+00:00,1890.9000244140625,1891.300048828125,1886.4000244140625,1886.5,157676
2025-10-03 09:15:00+00:00,1892.199951171875,1892.5,1888.800048828125,1891.0,213045
2025-10-03 09:30:00+00:00,1895.300048828125,1900.300048828125,1892.199951171875,1892.300048828125,1016412
2025-10-03 09:45:00+00:00,1894.0,1900.0,1892.9000244140625,1895.300048828125,608946
2025-10-06 03:45:00+00:00,1889.0999755859375,1895.9000244140625,1887.5999755859375,1895.9000244140625,121383
2025-10-06 04:00:00+00:00,1890.4000244140625,1892.0,1889.0999755859375,1889.4000244140625,64349
2025-10-06 04:15:00+00:00,1890.9000244140625,1892.0,1889.5,1890.5,80032
2025-10-06 04:30:00+00:00,1890.0,1892.0,1889.5,1890.9000244140625,52225
2025-10-06 04:45:00+00:00,1890.4000244140625,1892.0,1888.5,1889.5,48114
2025-10-06 05:00:00+00:00,1895.4000244140625,1896.699951171875,1889.5999755859375,1890.199951171875,56192
2025-10-06 05:15:00+00:00,1892.5,1895.5,1891.5999755859375,1894.800048828125,144073
2025-10-06 05:30:00+00:00,1899.5999755859375,1899.9000244140625,1892.0999755859375,1893.0999755859375,122291
2025-10-06 05:45:00+00:00,1902.4000244140625,1902.699951171875,1897.199951171875,1899.5,79055
2025-10-06 06:00:00+00:00,1902.699951171875,1904.9000244140625,1902.4000244140625,1902.4000244140625,63405
2025-10-06 06:15:00+00:00,1899.9000244140625,1902.9000244140625,1898.699951171875,1902.4000244140625,56743
2025-10-06 06:30:00+00:00,1898.699951171875,1900.699951171875,1896.0,1899.699951171875,110124
2025-10-06 06:45:00+00:00,1899.300048828125,1900.0,1896.5999755859375,1898.199951171875,59792
2025-10-06 07:00:00+00:00,1899.699951171875,1899.800048828125,1898.699951171875,1899.300048828125,39283
2025-10-06 07:15:00+00:00,1901.9000244140625,1901.9000244140625,1899.0,1899.699951171875,163169
2025-10-06 07:30:00+00:00,1904.4000244140625,1904.9000244140625,1901.0999755859375,1901.9000244140625,53981
2025-10-06 07:45:00+00:00,1904.4000244140625,1904.699951171875,1903.0,1904.699951171875,43043
2025-10-06 08:00:00+00:00,1905.0999755859375,1907.0,1904.4000244140625,1904.4000244140625,47682
2025-10-06 08:15:00+00:00,1899.699951171875,1905.199951171875,1897.300048828125,1905.0999755859375,251282
2025-10-06 08:30:00+00:00,1900.800048828125,1901.0,1899.0,1900.0999755859375,34020
2025-10-06 08:45:00+00:00,1900.4000244140625,1902.300048828125,1899.5999755859375,1900.300048828125,65497
2025-10-06 09:00:00+00:00,1900.800048828125,1901.800048828125,1899.300048828125,1900.4000244140625,115789
2025-10-06 09:15:00+00:00,1901.9000244140625,1904.800048828125,1897.5,1901.4000244140625,236434
2025-10-06 09:30:00+00:00,1903.0,1903.0999755859375,1900.9000244140625,1902.0,197308
2025-10-06 09:45:00+00:00,1903.0999755859375,1905.0,1901.800048828125,1903.4000244140625,227800
2025-10-07 03:45:00+00:00,1907.300048828125,1913.699951171875,1901.699951171875,1902.699951171875,166088
2025-10-07 04:00:00+00:00,1913.0,1913.5,1903.0,1907.300048828125,187577
2025-10-07 04:15:00+00:00,1919.800048828125,1921.0,1913.199951171875,1913.5,187830
2025-10-07 04:30:00+00:00,1933.5999755859375,1933.5999755859375,1918.5999755859375,1920.0999755859375,474886
2025-10-07 04:45:00+00:00,1929.5999755859375,1939.4000244140625,1926.4000244140625,1933.699951171875,246647
2025-10-07 05:00:00+00:00,1925.0,1930.0,1924.5999755859375,1929.5999755859375,149505
2025-10-07 05:15:00+00:00,1924.300048828125,1926.5,1921.199951171875,1925.0,262822
2025-10-07 05:30:00+00:00,1928.300048828125,1928.5,1923.300048828125,1924.300048828125,99616
2025-10-07 05:45:00+00:00,1923.5999755859375,1928.199951171875,1921.4000244140625,1927.9000244140625,70903
2025-10-07 06:00:00+00:00,1921.199951171875,1925.0,1919.0,1923.5999755859375,255684
2025-10-07 06:15:00+00:00,1923.800048828125,1924.0,1919.5,1921.199951171875,75056
2025-10-07 06:30:00+00:00,1929.5,1930.0,1923.5,1923.800048828125,158393
2025-10-07 06:45:00+00:00,1932.5999755859375,1933.4000244140625,1928.800048828125,1929.0,95929
2025-10-07 07:00:00+00:00,1933.5,1936.800048828125,1931.0,1932.4000244140625,139323
2025-10-07 07:15:00+00:00,1935.5,1935.9000244140625,1932.4000244140625,1933.4000244140625,250587
2025-10-07 07:30:00+00:00,1938.5,1939.4000244140625,1935.0,1935.5,275995
2025-10-07 07:45:00+00:00,1942.9000244140625,1943.800048828125,1935.300048828125,1938.800048828125,197436
2025-10-07 08:00:00+00:00,1943.300048828125,1943.9000244140625,1938.0999755859375,1942.9000244140625,206598
2025-10-07 08:15:00+00:00,1940.699951171875,1946.0,1940.199951171875,1943.300048828125,128964
2025-10-07 08:30:00+00:00,1942.699951171875,1943.4000244140625,1940.4000244140625,1940.699951171875,128845
2025-10-07 08:45:00+00:00,1934.4000244140625,1943.4000244140625,1933.699951171875,1942.699951171875,232071
2025-10-07 09:00:00+00:00,1930.199951171875,1937.0999755859375,1927.699951171875,1934.4000244140625,271232
2025-10-07 09:15:00+00:00,1930.0,1935.0999755859375,1928.9000244140625,1930.0999755859375,233715
2025-10-07 09:30:00+00:00,1928.0,1931.5999755859375,1926.199951171875,1930.0999755859375,658488
2025-10-07 09:45:00+00:00,1933.0,1933.5,1927.4000244140625,1927.5999755859375,418881
2025-10-08 03:45:00+00:00,1932.5999755859375,1939.9000244140625,1928.199951171875,1932.5999755859375,246997
2025-10-08 04:00:00+00:00,1933.4000244140625,1937.800048828125,1929.4000244140625,1932.5999755859375,200949
2025-10-08 04:15:00+00:00,1938.4000244140625,1943.5,1933.4000244140625,1933.4000244140625,204541
2025-10-08 04:30:00+00:00,1947.699951171875,1947.800048828125,1936.9000244140625,1938.4000244140625,231629
2025-10-08 04:45:00+00:00,1953.5,1962.5999755859375,1946.800048828125,1947.5,334930
2025-10-08 05:00:00+00:00,1952.800048828125,1955.0,1948.0999755859375,1953.699951171875,226644
2025-10-08 05:15:00+00:00,1947.699951171875,1954.0,1946.9000244140625,1953.0,80583
2025-10-08 05:30:00+00:00,1945.5999755859375,1947.9000244140625,1944.0,1947.699951171875,116946
2025-10-08 05:45:00+00:00,1940.4000244140625,1946.9000244140625,1940.300048828125,1945.5999755859375,107346
2025-10-08 06:00:00+00:00,1940.5999755859375,1942.699951171875,1938.699951171875,1940.0,71536
2025-10-08 06:15:00+00:00,1943.9000244140625,1945.0,1938.0999755859375,1940.5,171998
2025-10-08 06:30:00+00:00,1941.5,1944.699951171875,1940.9000244140625,1944.5,86819
2025-10-08 06:45:00+00:00,1945.0,1947.800048828125,1941.5,1941.800048828125,77757
2025-10-08 07:00:00+00:00,1945.300048828125,1947.5,1944.0,1944.800048828125,61285
2025-10-08 07:15:00+00:00,1947.199951171875,1947.699951171875,1944.4000244140625,1945.4000244140625,67421
2025-10-08 07:30:00+00:00,1948.9000244140625,1949.300048828125,1945.0999755859375,1947.199951171875,91339
2025-10-08 07:45:00+00:00,1947.300048828125,1949.0,1946.4000244140625,1949.0,55113
2025-10-08 08:00:00+00:00,1955.0999755859375,1955.4000244140625,1946.5999755859375,1947.300048828125,263143
2025-10-08 08:15:00+00:00,1956.199951171875,1957.4000244140625,1953.9000244140625,1955.0999755859375,176122
2025-10-08 08:30:00+00:00,1951.0,1957.0,1948.199951171875,1956.0999755859375,237058
2025-10-08 08:45:00+00:00,1952.4000244140625,1954.800048828125,1950.0,1951.0,167952
2025-10-08 09:00:00+00:00,1951.5,1956.4000244140625,1951.199951171875,1952.300048828125,257470
2025-10-08 09:15:00+00:00,1949.5,1951.9000244140625,1946.0,1951.5999755859375,177076
2025-10-08 09:30:00+00:00,1942.9000244140625,1949.5,1942.5,1949.5,476799
2025-10-08 09:45:00+00:00,1943.5,1943.5999755859375,1939.0,1943.0,437085
2025-10-09 03:45:00+00:00,1944.800048828125,1945.0,1935.0999755859375,1943.0,92726
2025-10-09 04:00:00+00:00,1941.5,1946.0999755859375,1941.0999755859375,1945.300048828125,90529
2025-10-09 04:15:00+00:00,1939.300048828125,1942.0999755859375,1937.5,1941.4000244140625,99340
2025-10-09 04:30:00+00:00,1934.0,1939.9000244140625,1933.0999755859375,1939.300048828125,103467
2025-10-09 04:45:00+00:00,1934.5999755859375,1935.0,1931.4000244140625,1933.699951171875,81110
2025-10-09 05:00:00+00:00,1944.800048828125,1945.0,1934.0,1935.5,96049
2025-10-09 05:15:00+00:00,1943.300048828125,1946.5999755859375,1941.0,1944.9000244140625,74431
2025-10-09 05:30:00+00:00,1944.800048828125,1946.0,1942.4000244140625,1943.9000244140625,111878
2025-10-09 05:45:00+00:00,1943.699951171875,1945.0999755859375,1942.800048828125,1944.5,69984
2025-10-09 06:00:00+00:00,1940.4000244140625,1945.0,1939.9000244140625,1943.5999755859375,161831
2025-10-09 06:15:00+00:00,1939.5999755859375,1944.300048828125,1938.0999755859375,1941.199951171875,174511
2025-10-09 06:30:00+00:00,1941.699951171875,1944.4000244140625,1939.4000244140625,1939.800048828125,130613
2025-10-09 06:45:00+00:00,1941.800048828125,1944.0,1941.5,1941.699951171875,141707
2025-10-09 07:00:00+00:00,1938.4000244140625,1942.0999755859375,1936.300048828125,1941.800048828125,108437
2025-10-09 07:15:00+00:00,1939.4000244140625,1940.5,1937.0,1938.199951171875,97767
2025-10-09 07:30:00+00:00,1938.800048828125,1940.5,1936.5999755859375,1939.4000244140625,114579
2025-10-09 07:45:00+00:00,1938.4000244140625,1939.199951171875,1936.0999755859375,1938.5,93433
2025-10-09 08:00:00+00:00,1940.0,1941.0,1937.300048828125,1938.0999755859375,87464
2025-10-09 08:15:00+00:00,1941.699951171875,1943.199951171875,1939.0999755859375,1940.0,84164
2025-10-09 08:30:00+00:00,1937.5,1942.9000244140625,1936.5,1942.5,112648
2025-10-09 08:45:00+00:00,1937.199951171875,1938.699951171875,1935.0,1937.5,157634
2025-10-09 09:00:00+00:00,1939.0,1940.5999755859375,1936.5,1936.5999755859375,205934
2025-10-09 09:15:00+00:00,1937.199951171875,1939.0,1934.199951171875,1939.0,206835
2025-10-09 09:30:00+00:00,1943.0,1943.4000244140625,1936.800048828125,1937.699951171875,613908
2025-10-09 09:45:00+00:00,1946.5,1946.5,1942.0999755859375,1943.0,467535
2025-10-10 03:45:00+00:00,1946.5,1947.0,1937.5,1937.5,72756
2025-10-10 04:00:00+00:00,1941.5999755859375,1947.0,1939.699951171875,1946.5,79276
2025-10-10 04:15:00+00:00,1942.199951171875,1942.699951171875,1939.0999755859375,1942.699951171875,71030
2025-10-10 04:30:00+00:00,1941.0999755859375,1942.9000244140625,1939.5,1941.800048828125,83875
2025-10-10 04:45:00+00:00,1941.0999755859375,1943.0999755859375,1939.0,1941.4000244140625,103266
2025-10-10 05:00:00+00:00,1938.4000244140625,1941.5999755859375,1938.0999755859375,1940.800048828125,97918
2025-10-10 05:15:00+00:00,1940.4000244140625,1941.5,1937.5,1938.5999755859375,82149
2025-10-10 05:30:00+00:00,1942.0,1943.0999755859375,1939.9000244140625,1940.4000244140625,154805
2025-10-10 05:45:00+00:00,1942.800048828125,1943.5999755859375,1941.0,1942.0,100235
2025-10-10 06:00:00+00:00,1941.699951171875,1944.0,1940.699951171875,1942.4000244140625,109029
2025-10-10 06:15:00+00:00,1941.5,1942.800048828125,1940.5999755859375,1942.0,42192
2025-10-10 06:30:00+00:00,1940.4000244140625,1942.9000244140625,1939.0,1942.5,50450
2025-10-10 06:45:00+00:00,1939.300048828125,1940.5,1938.0999755859375,1940.199951171875,46228
2025-10-10 07:00:00+00:00,1939.800048828125,1940.0999755859375,1938.0999755859375,1939.300048828125,56275
2025-10-10 07:15:00+00:00,1940.800048828125,1942.300048828125,1938.5999755859375,1939.9000244140625,64992
2025-10-10 07:30:00+00:00,1938.800048828125,1941.5999755859375,1937.4000244140625,1940.800048828125,78136
2025-10-10 07:45:00+00:00,1938.800048828125,1940.199951171875,1937.0,1938.4000244140625,135039
2025-10-10 08:00:00+00:00,1940.699951171875,1942.0999755859375,1938.0,1938.0999755859375,69196
2025-10-10 08:15:00+00:00,1940.4000244140625,1941.699951171875,1939.5,1941.300048828125,67381
2025-10-10 08:30:00+00:00,1940.800048828125,1941.4000244140625,1938.699951171875,1940.300048828125,58928
2025-10-10 08:45:00+00:00,1939.9000244140625,1941.5,1939.5999755859375,1940.800048828125,80459
2025-10-10 09:00:00+00:00,1938.4000244140625,1940.5999755859375,1938.0999755859375,1939.9000244140625,72481
2025-10-10 09:15:00+00:00,1938.699951171875,1938.800048828125,1935.5,1938.4000244140625,117671
2025-10-10 09:30:00+00:00,1940.199951171875,1940.5,1936.5999755859375,1938.699951171875,220642
2025-10-10 09:45:00+00:00,1939.9000244140625,1942.0,1939.699951171875,1940.199951171875,277995
2025-10-13 03:45:00+00:00,1953.5,1956.5,1937.9000244140625,1937.9000244140625,193619
2025-10-13 04:00:00+00:00,1960.199951171875,1961.4000244140625,1950.0999755859375,1954.0,274870
2025-10-13 04:15:00+00:00,1955.800048828125,1962.5,1955.800048828125,1960.5,184387
2025-10-13 04:30:00+00:00,1958.5,1958.5,1953.5,1955.9000244140625,91285
2025-10-13 04:45:00+00:00,1961.0,1961.800048828125,1956.5,1958.300048828125,154775
2025-10-13 05:00:00+00:00,1960.0,1965.9000244140625,1959.0999755859375,1961.0999755859375,250609
2025-10-13 05:15:00+00:00,1959.5999755859375,1960.9000244140625,1958.0,1960.0,106029
2025-10-13 05:30:00+00:00,1956.0999755859375,1960.300048828125,1956.0,1959.800048828125,98903
2025-10-13 05:45:00+00:00,1953.0,1957.800048828125,1952.699951171875,1956.199951171875,182353
2025-10-13 06:00:00+00:00,1950.199951171875,1954.9000244140625,1949.0,1953.0,94547
2025-10-13 06:15:00+00:00,1947.4000244140625,1950.199951171875,1946.0999755859375,1950.0,123965
2025-10-13 06:30:00+00:00,1952.199951171875,1952.699951171875,1945.0,1947.4000244140625,125098
2025-10-13 06:45:00+00:00,1952.699951171875,1953.9000244140625,1951.0,1952.300048828125,82714
2025-10-13 07:00:00+00:00,1954.0,1955.5,1951.5999755859375,1952.5999755859375,72710
2025-10-13 07:15:00+00:00,1950.4000244140625,1954.0,1950.0,1953.199951171875,71187
2025-10-13 07:30:00+00:00,1953.699951171875,1954.0,1949.0999755859375,1951.0999755859375,132844
2025-10-13 07:45:00+00:00,1951.5999755859375,1954.5,1950.0999755859375,1953.800048828125,82149
2025-10-13 08:00:00+00:00,1953.5999755859375,1953.699951171875,1950.800048828125,1951.5999755859375,48887
2025-10-13 08:15:00+00:00,1954.5999755859375,1956.0,1953.0999755859375,1953.5999755859375,188996
2025-10-13 08:30:00+00:00,1955.300048828125,1958.5,1954.0999755859375,1954.5,117728
2025-10-13 08:45:00+00:00,1958.5,1960.0,1953.5,1955.4000244140625,211154
2025-10-13 09:00:00+00:00,1958.199951171875,1959.5,1956.300048828125,1958.5999755859375,76824
2025-10-13 09:15:00+00:00,1957.9000244140625,1959.800048828125,1957.0,1958.199951171875,91875
2025-10-13 09:30:00+00:00,1953.800048828125,1957.800048828125,1953.699951171875,1957.699951171875,212311
2025-10-13 09:45:00+00:00,1955.0,1956.300048828125,1952.0,1953.9000244140625,188785
2025-10-14 03:45:00+00:00,1953.300048828125,1963.9000244140625,1950.199951171875,1960.0,59888
2025-10-14 04:00:00+00:00,1947.5,1954.9000244140625,1947.199951171875,1953.5,67254
2025-10-14 04:15:00+00:00,1944.199951171875,1950.0999755859375,1944.199951171875,1947.4000244140625,93993
2025-10-14 04:30:00+00:00,1943.300048828125,1947.0,1940.199951171875,1944.300048828125,81073
2025-10-14 04:45:00+00:00,1942.699951171875,1945.0,1939.4000244140625,1943.0,48392
2025-10-14 05:00:00+00:00,1946.199951171875,1948.5,1942.699951171875,1942.699951171875,90435
2025-10-14 05:15:00+00:00,1948.5999755859375,1948.5999755859375,1944.699951171875,1945.800048828125,60033
2025-10-14 05:30:00+00:00,1952.5999755859375,1952.9000244140625,1947.699951171875,1948.4000244140625,205744
2025-10-14 05:45:00+00:00,1954.0999755859375,1955.699951171875,1951.699951171875,1952.5999755859375,334513
2025-10-14 06:00:00+00:00,1952.0,1954.0999755859375,1951.199951171875,1954.0999755859375,87876
2025-10-14 06:15:00+00:00,1952.5,1953.5999755859375,1950.199951171875,1952.0999755859375,75289
2025-10-14 06:30:00+00:00,1945.300048828125,1952.4000244140625,1940.199951171875,1952.4000244140625,185746
2025-10-14 06:45:00+00:00,1944.5999755859375,1950.199951171875,1943.800048828125,1945.300048828125,61456
2025-10-14 07:00:00+00:00,1940.5999755859375,1945.0,1939.199951171875,1943.9000244140625,116725
2025-10-14 07:15:00+00:00,1945.0,1946.5999755859375,1939.5,1940.4000244140625,86206
2025-10-14 07:30:00+00:00,1945.0,1946.9000244140625,1943.199951171875,1944.699951171875,157144
2025-10-14 07:45:00+00:00,1943.699951171875,1945.0,1942.199951171875,1945.0,41171
2025-10-14 08:00:00+00:00,1948.4000244140625,1950.199951171875,1943.800048828125,1943.800048828125,171214
2025-10-14 08:15:00+00:00,1949.0,1951.5,1946.5,1948.300048828125,186154
2025-10-14 08:30:00+00:00,1950.800048828125,1950.9000244140625,1947.300048828125,1948.699951171875,164723
2025-10-14 08:45:00+00:00,1949.300048828125,1951.5999755859375,1946.0,1950.800048828125,247330
2025-10-14 09:00:00+00:00,1951.699951171875,1954.199951171875,1948.699951171875,1949.300048828125,260423
2025-10-14 09:15:00+00:00,1948.699951171875,1952.5999755859375,1944.199951171875,1951.5999755859375,234431
2025-10-14 09:30:00+00:00,1944.9000244140625,1949.5,1944.5,1948.199951171875,651127
2025-10-14 09:45:00+00:00,1946.5999755859375,1948.199951171875,1943.0999755859375,1945.0,563393
2025-10-15 03:45:00+00:00,1961.199951171875,1963.5999755859375,1951.5999755859375,1951.5999755859375,151364
2025-10-15 04:00:00+00:00,1956.0999755859375,1961.9000244140625,1955.0,1961.0999755859375,90551
2025-10-15 04:15:00+00:00,1958.199951171875,1958.199951171875,1955.4000244140625,1955.4000244140625,68456
2025-10-15 04:30:00+00:00,1958.4000244140625,1959.9000244140625,1957.5,1958.4000244140625,56202
2025-10-15 04:45:00+00:00,1960.0999755859375,1961.0,1957.0999755859375,1958.9000244140625,98453
2025-10-15 05:00:00+00:00,1958.0,1960.800048828125,1957.699951171875,1960.0999755859375,80439
2025-10-15 05:15:00+00:00,1961.0999755859375,1961.199951171875,1957.5,1958.0,76514
2025-10-15 05:30:00+00:00,1959.9000244140625,1963.5,1959.800048828125,1961.0999755859375,98533
2025-10-15 05:45:00+00:00,1962.5,1962.5999755859375,1958.5,1959.800048828125,53680
2025-10-15 06:00:00+00:00,1959.0999755859375,1962.9000244140625,1959.0999755859375,1962.5999755859375,44504
2025-10-15 06:15:00+00:00,1959.0999755859375,1960.4000244140625,1958.800048828125,1959.0,56843
2025-10-15 06:30:00+00:00,1959.5,1960.199951171875,1957.199951171875,1959.0999755859375,94368
2025-10-15 06:45:00+00:00,1960.5,1961.5,1958.4000244140625,1958.699951171875,97405
2025-10-15 07:00:00+00:00,1962.5999755859375,1962.699951171875,1960.199951171875,1960.5,69196
2025-10-15 07:15:00+00:00,1964.9000244140625,1965.0,1961.0,1962.5,87788
2025-10-15 07:30:00+00:00,1965.4000244140625,1966.0,1963.0,1964.9000244140625,118766
2025-10-15 07:45:00+00:00,1971.9000244140625,1973.9000244140625,1965.199951171875,1965.300048828125,200929
2025-10-15 08:00:00+00:00,1975.5,1976.0,1970.0999755859375,1971.800048828125,107088
2025-10-15 08:15:00+00:00,1970.800048828125,1975.699951171875,1970.0999755859375,1975.5,103262
2025-10-15 08:30:00+00:00,1974.0,1974.5999755859375,1968.5,1970.5,129804
2025-10-15 08:45:00+00:00,1974.199951171875,1975.0,1970.5,1974.0,125334
2025-10-15 09:00:00+00:00,1973.0,1974.199951171875,1971.199951171875,1974.199951171875,99728
2025-10-15 09:15:00+00:00,1970.4000244140625,1973.4000244140625,1968.4000244140625,1973.0,146403
2025-10-15 09:30:00+00:00,1969.9000244140625,1971.199951171875,1966.0999755859375,1970.4000244140625,460952
2025-10-15 09:45:00+00:00,1968.5,1970.0999755859375,1967.0,1969.800048828125,383560
2025-10-16 03:45:00+00:00,1974.300048828125,1977.800048828125,1962.0999755859375,1964.0,99284
2025-10-16 04:00:00+00:00,1982.800048828125,1982.800048828125,1974.4000244140625,1974.5,168926
2025-10-16 04:15:00+00:00,1982.9000244140625,1986.0,1982.0,1983.0,143458
2025-10-16 04:30:00+00:00,1981.0,1986.0,1979.199951171875,1983.0,125141
2025-10-16 04:45:00+00:00,1979.5999755859375,1981.300048828125,1979.0999755859375,1981.0999755859375,56126
2025-10-16 05:00:00+00:00,1979.0999755859375,1980.199951171875,1977.300048828125,1979.699951171875,99207
2025-10-16 05:15:00+00:00,1976.0,1979.4000244140625,1975.0,1979.4000244140625,82004
2025-10-16 05:30:00+00:00,1980.300048828125,1981.0999755859375,1976.0,1976.0,68623
2025-10-16 05:45:00+00:00,1974.5,1980.4000244140625,1974.0999755859375,1980.300048828125,206241
2025-10-16 06:00:00+00:00,1972.0999755859375,1975.199951171875,1971.0,1973.9000244140625,109194
2025-10-16 06:15:00+00:00,1968.199951171875,1972.300048828125,1967.699951171875,1972.199951171875,68865
2025-10-16 06:30:00+00:00,1974.699951171875,1974.9000244140625,1968.199951171875,1968.199951171875,85171
2025-10-16 06:45:00+00:00,1974.5,1975.300048828125,1971.199951171875,1975.0,72397
2025-10-16 07:00:00+00:00,1972.699951171875,1976.0,1972.699951171875,1974.699951171875,60587
2025-10-16 07:15:00+00:00,1974.0999755859375,1974.9000244140625,1972.199951171875,1972.699951171875,96791
2025-10-16 07:30:00+00:00,1976.699951171875,1976.800048828125,1972.5,1974.0999755859375,118621
2025-10-16 07:45:00+00:00,1973.800048828125,1976.800048828125,1972.699951171875,1976.800048828125,132405
2025-10-16 08:00:00+00:00,1977.300048828125,1977.699951171875,1973.4000244140625,1974.0,127590
2025-10-16 08:15:00+00:00,1975.9000244140625,1978.199951171875,1975.0,1977.199951171875,87891
2025-10-16 08:30:00+00:00,1977.5999755859375,1980.0,1975.800048828125,1975.800048828125,152242
2025-10-16 08:45:00+00:00,1973.0999755859375,1978.9000244140625,1973.0999755859375,1977.5999755859375,140068
2025-10-16 09:00:00+00:00,1973.5,1976.0,1972.0,1973.199951171875,229549
2025-10-16 09:15:00+00:00,1968.199951171875,1976.5,1964.4000244140625,1973.800048828125,262223
2025-10-16 09:30:00+00:00,1965.699951171875,1971.5999755859375,1965.0,1968.300048828125,373265
2025-10-16 09:45:00+00:00,1967.4000244140625,1970.300048828125,1965.5999755859375,1965.699951171875,326325
2025-10-17 03:45:00+00:00,1982.0,1982.0,1970.300048828125,1973.5999755859375,124376
2025-10-17 04:00:00+00:00,1983.5,1984.800048828125,1980.0999755859375,1982.0,249218
2025-10-17 04:15:00+00:00,1987.5,1992.300048828125,1982.5999755859375,1984.0,316394
2025-10-17 04:30:00+00:00,1993.4000244140625,1996.199951171875,1984.699951171875,1988.0,285318
2025-10-17 04:45:00+00:00,1995.0999755859375,1996.0999755859375,1992.5999755859375,1993.5,108626
2025-10-17 05:00:00+00:00,1999.5,2002.4000244140625,1995.0,1995.699951171875,268252
2025-10-17 05:15:00+00:00,2004.0,2004.5,1998.199951171875,1999.800048828125,162140
2025-10-17 05:30:00+00:00,2017.5,2019.5,2003.699951171875,2004.0,502484
2025-10-17 05:45:00+00:00,2026.0,2034.0,2017.5,2017.5,467608
2025-10-17 06:00:00+00:00,2028.5999755859375,2031.5,2021.300048828125,2026.199951171875,212138
2025-10-17 06:15:00+00:00,2025.4000244140625,2031.4000244140625,2020.5999755859375,2028.5,268210
2025-10-17 06:30:00+00:00,2022.800048828125,2028.0,2021.0,2025.9000244140625,109937
2025-10-17 06:45:00+00:00,2030.300048828125,2031.0,2018.5999755859375,2023.300048828125,209320
2025-10-17 07:00:00+00:00,2028.0999755859375,2032.5999755859375,2027.5999755859375,2031.0,139233
2025-10-17 07:15:00+00:00,2025.0999755859375,2029.9000244140625,2018.0,2028.9000244140625,354468
2025-10-17 07:30:00+00:00,2024.0,2027.5,2018.699951171875,2025.0,334037
2025-10-17 07:45:00+00:00,2022.9000244140625,2026.5,2022.5,2024.0,151762
2025-10-17 08:00:00+00:00,2027.5,2028.0,2020.0,2023.0,265337
2025-10-17 08:15:00+00:00,2029.699951171875,2029.699951171875,2023.0,2027.4000244140625,206823
2025-10-17 08:30:00+00:00,2027.9000244140625,2029.9000244140625,2027.0,2029.800048828125,221050
2025-10-17 08:45:00+00:00,2021.0,2028.5999755859375,2021.0,2027.5999755859375,368510
2025-10-17 09:00:00+00:00,2020.9000244140625,2024.0,2018.9000244140625,2021.199951171875,300670
2025-10-17 09:15:00+00:00,2015.5999755859375,2022.800048828125,2015.0,2020.800048828125,247946
2025-10-17 09:30:00+00:00,2012.800048828125,2018.199951171875,2011.300048828125,2015.699951171875,358051
2025-10-17 09:45:00+00:00,2012.0,2013.0,2007.0,2012.800048828125,373175
2025-10-20 03:45:00+00:00,2032.4000244140625,2043.0,2025.0999755859375,2028.0,425395
2025-10-20 04:00:00+00:00,2022.0,2035.300048828125,2019.9000244140625,2032.5,470173
2025-10-20 04:15:00+00:00,2022.199951171875,2024.9000244140625,2020.0,2022.0,244573
2025-10-20 04:30:00+00:00,2030.0999755859375,2032.199951171875,2020.5999755859375,2021.699951171875,147978
2025-10-20 04:45:00+00:00,2031.5999755859375,2033.0999755859375,2028.699951171875,2030.0,216394
2025-10-20 05:00:00+00:00,2037.699951171875,2039.5,2031.0,2031.5999755859375,201894
2025-10-20 05:15:00+00:00,2041.699951171875,2042.0,2037.5,2037.699951171875,190866
2025-10-20 05:30:00+00:00,2043.0,2044.5,2040.199951171875,2041.699951171875,164995
2025-10-20 05:45:00+00:00,2041.9000244140625,2044.0999755859375,2038.0,2043.5999755859375,155882
2025-10-20 06:00:00+00:00,2041.0,2043.9000244140625,2039.5,2042.0999755859375,308395
2025-10-20 06:15:00+00:00,2045.5999755859375,2048.60009765625,2039.5,2040.0999755859375,213955
2025-10-20 06:30:00+00:00,2052.60009765625,2052.800048828125,2045.0,2045.4000244140625,188041
2025-10-20 06:45:00+00:00,2047.199951171875,2055.39990234375,2046.800048828125,2052.699951171875,346360
2025-10-20 07:00:00+00:00,2051.89990234375,2052.5,2046.0,2047.199951171875,183774
2025-10-20 07:15:00+00:00,2053.10009765625,2056.89990234375,2051.0,2051.89990234375,179201
2025-10-20 07:30:00+00:00,2049.89990234375,2055.0,2047.9000244140625,2053.300048828125,268500
2025-10-20 07:45:00+00:00,2048.300048828125,2054.800048828125,2047.0,2050.0,316894
2025-10-20 08:00:00+00:00,2046.699951171875,2052.5,2046.0,2048.199951171875,222495
2025-10-20 08:15:00+00:00,2044.5,2047.199951171875,2042.0,2047.0999755859375,230565
2025-10-20 08:30:00+00:00,2047.800048828125,2048.89990234375,2043.300048828125,2044.800048828125,201560
2025-10-20 08:45:00+00:00,2046.9000244140625,2049.300048828125,2046.0,2048.0,329847
2025-10-20 09:00:00+00:00,2045.0999755859375,2047.300048828125,2042.0999755859375,2046.800048828125,244438
2025-10-20 09:15:00+00:00,2046.0999755859375,2047.5999755859375,2043.800048828125,2045.199951171875,205941
2025-10-20 09:30:00+00:00,2051.89990234375,2054.5,2046.199951171875,2046.199951171875,663304
2025-10-20 09:45:00+00:00,2047.0,2053.10009765625,2047.0,2052.0,485144
2025-10-21 08:00:00+00:00,2051.800048828125,2051.800048828125,2051.800048828125,2051.800048828125,0
2025-10-21 08:15:00+00:00,2043.0999755859375,2057.10009765625,2043.0,2050.699951171875,95682
2025-10-21 08:30:00+00:00,2041.5999755859375,2043.699951171875,2038.699951171875,2043.699951171875,48284
2025-10-21 08:45:00+00:00,2043.0,2046.4000244140625,2041.300048828125,2041.5999755859375,52423
2025-10-21 09:00:00+00:00,2044.0,2045.0,2041.300048828125,2043.0,38399
2025-10-21 09:15:00+00:00,2043.5,2043.5,2041.5999755859375,2041.5999755859375,194
2025-10-23 03:45:00+00:00,2049.60009765625,2058.39990234375,2039.300048828125,2058.39990234375,1002815
2025-10-23 04:00:00+00:00,2046.699951171875,2056.0,2046.0999755859375,2049.300048828125,296141
2025-10-23 04:15:00+00:00,2042.199951171875,2046.800048828125,2042.0,2046.800048828125,159972
2025-10-23 04:30:00+00:00,2049.89990234375,2050.199951171875,2042.0999755859375,2042.0999755859375,191133
2025-10-23 04:45:00+00:00,2042.5,2049.89990234375,2042.199951171875,2049.89990234375,170212
2025-10-23 05:00:00+00:00,2035.9000244140625,2042.5,2035.300048828125,2042.5,234491
2025-10-23 05:15:00+00:00,2031.800048828125,2035.9000244140625,2031.0,2035.9000244140625,199209
2025-10-23 05:30:00+00:00,2017.5999755859375,2033.0,2016.699951171875,2032.5999755859375,256961
2025-10-23 05:45:00+00:00,2011.5999755859375,2018.300048828125,2011.5,2017.5999755859375,203867
2025-10-23 06:00:00+00:00,2013.300048828125,2016.699951171875,2011.4000244140625,2011.800048828125,243859
2025-10-23 06:15:00+00:00,2014.0,2015.0,2009.699951171875,2013.199951171875,248140
2025-10-23 06:30:00+00:00,2016.4000244140625,2018.5,2011.0999755859375,2014.4000244140625,197116
2025-10-23 06:45:00+00:00,2018.0,2018.9000244140625,2013.0,2016.0,179382
2025-10-23 07:00:00+00:00,2025.5999755859375,2026.300048828125,2017.5999755859375,2018.0,252535
2025-10-23 07:15:00+00:00,2020.0999755859375,2026.5999755859375,2019.4000244140625,2025.0999755859375,240142
2025-10-23 07:30:00+00:00,2017.5,2021.0999755859375,2014.9000244140625,2020.0,298292
2025-10-23 07:45:00+00:00,2016.699951171875,2020.0,2015.0,2017.5,269969
2025-10-23 08:00:00+00:00,2016.199951171875,2018.5999755859375,2013.0,2016.5,266433
2025-10-23 08:15:00+00:00,2016.5999755859375,2018.4000244140625,2015.4000244140625,2016.300048828125,146426
2025-10-23 08:30:00+00:00,2015.800048828125,2018.9000244140625,2015.0,2016.199951171875,226091
2025-10-23 08:45:00+00:00,2015.5999755859375,2018.0,2015.0,2015.199951171875,369137
2025-10-23 09:00:00+00:00,2020.199951171875,2022.300048828125,2013.300048828125,2016.0,451289
2025-10-23 09:15:00+00:00,2016.699951171875,2020.9000244140625,2015.300048828125,2020.300048828125,437249
2025-10-23 09:30:00+00:00,2004.5999755859375,2016.9000244140625,2004.5999755859375,2016.9000244140625,1057957
2025-10-23 09:45:00+00:00,2009.9000244140625,2009.9000244140625,2003.699951171875,2004.5999755859375,949857
2025-10-24 03:45:00+00:00,2022.0,2023.800048828125,2006.9000244140625,2012.0,214685
2025-10-24 04:00:00+00:00,2022.699951171875,2024.9000244140625,2015.4000244140625,2022.0,91235
2025-10-24 04:15:00+00:00,2020.0,2023.0,2015.0,2022.699951171875,76050
2025-10-24 04:30:00+00:00,2020.5999755859375,2023.800048828125,2017.800048828125,2019.800048828125,52534
2025-10-24 04:45:00+00:00,2017.5999755859375,2022.5999755859375,2016.199951171875,2021.300048828125,130097
2025-10-24 05:00:00+00:00,2022.0,2022.800048828125,2016.199951171875,2017.5999755859375,55650
2025-10-24 05:15:00+00:00,2020.5,2022.199951171875,2019.5999755859375,2021.800048828125,49490
2025-10-24 05:30:00+00:00,2019.5,2020.9000244140625,2014.300048828125,2020.300048828125,177188
2025-10-24 05:45:00+00:00,2021.0,2024.5,2017.0999755859375,2019.4000244140625,149438
2025-10-24 06:00:00+00:00,2025.800048828125,2027.0,2021.0,2021.0,95485
2025-10-24 06:15:00+00:00,2025.5999755859375,2030.0,2025.199951171875,2025.199951171875,64788
2025-10-24 06:30:00+00:00,2029.5,2030.800048828125,2024.5,2025.5,111157
2025-10-24 06:45:00+00:00,2028.9000244140625,2030.9000244140625,2026.699951171875,2029.699951171875,75423
2025-10-24 07:00:00+00:00,2032.300048828125,2032.9000244140625,2028.199951171875,2028.5,114795
2025-10-24 07:15:00+00:00,2028.0,2032.699951171875,2027.199951171875,2032.300048828125,131842
2025-10-24 07:30:00+00:00,2029.0,2030.699951171875,2026.4000244140625,2028.199951171875,96815
2025-10-24 07:45:00+00:00,2024.199951171875,2030.199951171875,2024.199951171875,2029.0999755859375,145919
2025-10-24 08:00:00+00:00,2021.5,2026.800048828125,2021.0,2024.199951171875,132014
2025-10-24 08:15:00+00:00,2024.199951171875,2026.4000244140625,2021.0,2021.699951171875,104547
2025-10-24 08:30:00+00:00,2025.199951171875,2027.699951171875,2022.0,2024.300048828125,89172
2025-10-24 08:45:00+00:00,2028.800048828125,2029.0,2025.5999755859375,2025.800048828125,91226
2025-10-24 09:00:00+00:00,2027.5,2029.699951171875,2025.0999755859375,2028.699951171875,104897
2025-10-24 09:15:00+00:00,2026.9000244140625,2028.0,2026.0,2027.0999755859375,52403
2025-10-24 09:30:00+00:00,2029.5999755859375,2032.300048828125,2025.699951171875,2026.9000244140625,397434
2025-10-24 09:45:00+00:00,2029.300048828125,2031.800048828125,2028.0,2029.4000244140625,325605
2025-10-27 03:45:00+00:00,2051.300048828125,2053.89990234375,2032.199951171875,2034.5999755859375,236234
2025-10-27 04:00:00+00:00,2060.199951171875,2061.0,2050.300048828125,2051.10009765625,193738
2025-10-27 04:15:00+00:00,2066.10009765625,2067.10009765625,2059.39990234375,2060.199951171875,161526
2025-10-27 04:30:00+00:00,2065.699951171875,2066.5,2059.199951171875,2066.0,124446
2025-10-27 04:45:00+00:00,2076.10009765625,2078.5,2064.800048828125,2065.300048828125,295817
2025-10-27 05:00:00+00:00,2079.800048828125,2080.0,2072.89990234375,2076.5,207407
2025-10-27 05:15:00+00:00,2082.5,2083.60009765625,2076.699951171875,2079.699951171875,206821
2025-10-27 05:30:00+00:00,2091.300048828125,2092.5,2082.39990234375,2082.5,724327
2025-10-27 05:45:00+00:00,2089.60009765625,2093.699951171875,2085.800048828125,2091.0,825619
2025-10-27 06:00:00+00:00,2081.699951171875,2089.39990234375,2077.199951171875,2089.0,384498
2025-10-27 06:15:00+00:00,2081.10009765625,2087.10009765625,2077.0,2081.60009765625,188368
2025-10-27 06:30:00+00:00,2088.300048828125,2091.0,2080.800048828125,2081.10009765625,153382
2025-10-27 06:45:00+00:00,2088.10009765625,2093.800048828125,2087.0,2088.300048828125,142409
2025-10-27 07:00:00+00:00,2090.89990234375,2091.0,2087.0,2088.5,62692
2025-10-27 07:15:00+00:00,2084.199951171875,2090.800048828125,2080.199951171875,2090.10009765625,244131
2025-10-27 07:30:00+00:00,2085.5,2085.699951171875,2082.5,2084.199951171875,59860
2025-10-27 07:45:00+00:00,2080.199951171875,2085.60009765625,2078.300048828125,2085.5,85142
2025-10-27 08:00:00+00:00,2078.0,2080.199951171875,2075.5,2080.199951171875,126190
2025-10-27 08:15:00+00:00,2078.0,2079.89990234375,2076.5,2077.800048828125,64352
2025-10-27 08:30:00+00:00,2077.89990234375,2080.0,2076.89990234375,2078.0,69117
2025-10-27 08:45:00+00:00,2077.60009765625,2082.60009765625,2077.300048828125,2078.39990234375,149671
2025-10-27 09:00:00+00:00,2080.0,2082.0,2077.800048828125,2077.800048828125,93137
2025-10-27 09:15:00+00:00,2080.199951171875,2081.199951171875,2077.0,2079.89990234375,117628
2025-10-27 09:30:00+00:00,2080.5,2081.300048828125,2078.0,2080.300048828125,370380
2025-10-27 09:45:00+00:00,2084.0,2084.0,2079.60009765625,2080.5,317860
2025-10-28 03:45:00+00:00,2093.199951171875,2102.60009765625,2085.5,2090.199951171875,678204
2025-10-28 04:00:00+00:00,2092.0,2094.300048828125,2087.5,2093.800048828125,391158
2025-10-28 04:15:00+00:00,2094.199951171875,2094.800048828125,2091.0,2092.0,447074
2025-10-28 04:30:00+00:00,2082.10009765625,2094.39990234375,2081.699951171875,2094.39990234375,569999
2025-10-28 04:45:00+00:00,2081.89990234375,2082.89990234375,2072.5,2082.10009765625,336949
2025-10-28 05:00:00+00:00,2084.89990234375,2085.300048828125,2079.39990234375,2081.89990234375,151174
2025-10-28 05:15:00+00:00,2084.199951171875,2087.199951171875,2081.800048828125,2084.89990234375,154362
2025-10-28 05:30:00+00:00,2080.39990234375,2085.0,2079.300048828125,2084.199951171875,189599
2025-10-28 05:45:00+00:00,2082.199951171875,2085.699951171875,2080.10009765625,2081.199951171875,163221
2025-10-28 06:00:00+00:00,2084.60009765625,2086.5,2081.300048828125,2082.10009765625,169728
2025-10-28 06:15:00+00:00,2079.39990234375,2085.5,2078.699951171875,2084.60009765625,173895
2025-10-28 06:30:00+00:00,2079.699951171875,2080.0,2075.60009765625,2078.800048828125,186141
2025-10-28 06:45:00+00:00,2081.10009765625,2084.699951171875,2076.300048828125,2079.699951171875,215169
2025-10-28 07:00:00+00:00,2089.199951171875,2089.5,2080.89990234375,2081.199951171875,218393
2025-10-28 07:15:00+00:00,2091.0,2091.5,2087.39990234375,2089.300048828125,279519
2025-10-28 07:30:00+00:00,2098.0,2098.0,2090.0,2091.199951171875,266534
2025-10-28 07:45:00+00:00,2100.0,2101.699951171875,2097.60009765625,2097.699951171875,291454
2025-10-28 08:00:00+00:00,2092.89990234375,2101.10009765625,2092.39990234375,2100.0,331969
2025-10-28 08:15:00+00:00,2092.300048828125,2095.5,2089.10009765625,2092.699951171875,213316
2025-10-28 08:30:00+00:00,2093.0,2094.0,2088.10009765625,2092.300048828125,277334
2025-10-28 08:45:00+00:00,2084.39990234375,2094.10009765625,2081.89990234375,2093.0,305127
2025-10-28 09:00:00+00:00,2085.800048828125,2089.39990234375,2083.0,2084.300048828125,231079
2025-10-28 09:15:00+00:00,2089.39990234375,2092.5,2083.10009765625,2085.699951171875,349921
2025-10-28 09:30:00+00:00,2087.10009765625,2095.39990234375,2086.199951171875,2089.39990234375,1217758
2025-10-28 09:45:00+00:00,2088.0,2094.199951171875,2083.0,2087.39990234375,922070
2025-10-29 03:45:00+00:00,2098.39990234375,2098.800048828125,2081.89990234375,2084.10009765625,87357
2025-10-29 04:00:00+00:00,2098.5,2103.5,2096.0,2098.0,89272
2025-10-29 04:15:00+00:00,2098.60009765625,2098.89990234375,2094.0,2098.5,40934
2025-10-29 04:30:00+00:00,2095.39990234375,2099.199951171875,2093.39990234375,2098.60009765625,53183
2025-10-29 04:45:00+00:00,2094.39990234375,2095.5,2091.39990234375,2095.39990234375,62000
2025-10-29 05:00:00+00:00,2087.5,2094.5,2086.5,2093.800048828125,84710
2025-10-29 05:15:00+00:00,2089.10009765625,2089.800048828125,2086.60009765625,2087.5,105742
2025-10-29 05:30:00+00:00,2093.699951171875,2095.300048828125,2089.199951171875,2089.199951171875,162862
2025-10-29 05:45:00+00:00,2102.800048828125,2103.0,2092.0,2093.699951171875,105804
2025-10-29 06:00:00+00:00,2106.60009765625,2107.199951171875,2100.0,2102.800048828125,134661
2025-10-29 06:15:00+00:00,2100.39990234375,2108.60009765625,2099.199951171875,2106.60009765625,124789
2025-10-29 06:30:00+00:00,2100.199951171875,2101.5,2097.10009765625,2100.5,132108
2025-10-29 06:45:00+00:00,2102.10009765625,2103.10009765625,2099.39990234375,2100.199951171875,56180
2025-10-29 07:00:00+00:00,2106.300048828125,2106.300048828125,2100.699951171875,2102.10009765625,104750
2025-10-29 07:15:00+00:00,2106.5,2109.300048828125,2105.5,2106.60009765625,105424
2025-10-29 07:30:00+00:00,2106.60009765625,2107.0,2102.300048828125,2106.39990234375,88731
2025-10-29 07:45:00+00:00,2104.800048828125,2110.39990234375,2104.10009765625,2106.60009765625,161986
2025-10-29 08:00:00+00:00,2100.0,2107.300048828125,2099.89990234375,2104.60009765625,89865
2025-10-29 08:15:00+00:00,2099.10009765625,2101.199951171875,2098.199951171875,2100.199951171875,62941
2025-10-29 08:30:00+00:00,2098.5,2099.10009765625,2095.89990234375,2099.10009765625,43823
2025-10-29 08:45:00+00:00,2096.89990234375,2100.699951171875,2095.0,2098.10009765625,123038
2025-10-29 09:00:00+00:00,2098.39990234375,2100.89990234375,2096.0,2096.800048828125,49805
2025-10-29 09:15:00+00:00,2098.5,2098.89990234375,2093.89990234375,2098.39990234375,135981
2025-10-29 09:30:00+00:00,2100.60009765625,2101.199951171875,2097.800048828125,2098.5,156735
2025-10-29 09:45:00+00:00,2100.0,2102.699951171875,2100.0,2101.199951171875,158277
2025-10-30 03:45:00+00:00,2068.199951171875,2082.0,2064.199951171875,2079.0,194578
2025-10-30 04:00:00+00:00,2068.699951171875,2073.300048828125,2066.199951171875,2067.5,226269
2025-10-30 04:15:00+00:00,2073.699951171875,2075.0,2068.10009765625,2068.60009765625,261972
2025-10-30 04:30:00+00:00,2071.0,2074.0,2067.0,2073.5,81712
2025-10-30 04:45:00+00:00,2071.60009765625,2074.300048828125,2070.199951171875,2071.10009765625,64263
2025-10-30 05:00:00+00:00,2070.10009765625,2073.199951171875,2069.699951171875,2071.60009765625,51014
2025-10-30 05:15:00+00:00,2065.89990234375,2070.199951171875,2064.39990234375,2070.199951171875,94030
2025-10-30 05:30:00+00:00,2070.0,2071.89990234375,2065.0,2065.699951171875,148435
2025-10-30 05:45:00+00:00,2066.0,2071.199951171875,2065.199951171875,2070.0,156827
2025-10-30 06:00:00+00:00,2065.39990234375,2066.199951171875,2062.10009765625,2066.0,106270
2025-10-30 06:15:00+00:00,2063.10009765625,2066.5,2062.300048828125,2065.39990234375,82908
2025-10-30 06:30:00+00:00,2059.300048828125,2063.199951171875,2058.60009765625,2063.10009765625,101521
2025-10-30 06:45:00+00:00,2064.300048828125,2064.5,2059.0,2059.5,100381
2025-10-30 07:00:00+00:00,2064.39990234375,2065.60009765625,2063.0,2064.39990234375,63765
2025-10-30 07:15:00+00:00,2061.800048828125,2064.699951171875,2060.800048828125,2064.60009765625,66431
2025-10-30 07:30:00+00:00,2066.300048828125,2066.800048828125,2060.800048828125,2061.60009765625,106669
2025-10-30 07:45:00+00:00,2065.5,2069.10009765625,2064.0,2066.60009765625,109874
2025-10-30 08:00:00+00:00,2061.0,2065.89990234375,2059.199951171875,2065.5,129098
2025-10-30 08:15:00+00:00,2062.699951171875,2063.39990234375,2059.0,2061.0,124553
2025-10-30 08:30:00+00:00,2062.800048828125,2063.300048828125,2060.39990234375,2063.199951171875,81504
2025-10-30 08:45:00+00:00,2064.89990234375,2066.5,2061.89990234375,2062.10009765625,244139
2025-10-30 09:00:00+00:00,2066.5,2066.89990234375,2061.60009765625,2065.0,165749
2025-10-30 09:15:00+00:00,2067.199951171875,2068.300048828125,2063.699951171875,2066.699951171875,193689
2025-10-30 09:30:00+00:00,2065.800048828125,2069.699951171875,2063.5,2067.10009765625,464477
2025-10-30 09:45:00+00:00,2066.300048828125,2069.0,2064.60009765625,2065.800048828125,413097
2025-10-31 03:45:00+00:00,2062.699951171875,2064.199951171875,2054.39990234375,2059.800048828125,84775
2025-10-31 04:00:00+00:00,2059.199951171875,2065.0,2057.699951171875,2062.699951171875,93244
2025-10-31 04:15:00+00:00,2063.0,2064.0,2059.0,2059.39990234375,105595
2025-10-31 04:30:00+00:00,2062.300048828125,2063.89990234375,2060.0,2063.0,72897
2025-10-31 04:45:00+00:00,2058.0,2062.10009765625,2056.699951171875,2061.800048828125,44000
2025-10-31 05:00:00+00:00,2059.60009765625,2059.699951171875,2055.10009765625,2057.89990234375,41761
2025-10-31 05:15:00+00:00,2063.0,2063.300048828125,2059.199951171875,2059.5,31694
2025-10-31 05:30:00+00:00,2063.699951171875,2064.89990234375,2061.0,2063.10009765625,162382
2025-10-31 05:45:00+00:00,2063.300048828125,2064.89990234375,2062.0,2063.0,46764
2025-10-31 06:00:00+00:00,2067.5,2070.199951171875,2063.300048828125,2063.699951171875,173657
2025-10-31 06:15:00+00:00,2067.39990234375,2068.5,2066.39990234375,2067.300048828125,134590
2025-10-31 06:30:00+00:00,2061.5,2067.60009765625,2061.0,2067.300048828125,35515
2025-10-31 06:45:00+00:00,2065.60009765625,2066.199951171875,2061.5,2061.5,53172
2025-10-31 07:00:00+00:00,2069.10009765625,2071.0,2063.89990234375,2065.5,70739
2025-10-31 07:15:00+00:00,2072.300048828125,2073.699951171875,2067.39990234375,2068.89990234375,57352
2025-10-31 07:30:00+00:00,2070.5,2072.300048828125,2069.0,2072.0,175353
2025-10-31 07:45:00+00:00,2070.300048828125,2070.800048828125,2070.0,2070.39990234375,37806
2025-10-31 08:00:00+00:00,2072.10009765625,2072.199951171875,2069.800048828125,2070.39990234375,127029
2025-10-31 08:15:00+00:00,2065.800048828125,2073.5,2065.300048828125,2072.0,206375
2025-10-31 08:30:00+00:00,2065.39990234375,2068.10009765625,2063.89990234375,2066.199951171875,98111
2025-10-31 08:45:00+00:00,2065.39990234375,2065.800048828125,2061.89990234375,2065.800048828125,63231
2025-10-31 09:00:00+00:00,2063.0,2065.39990234375,2057.89990234375,2065.0,153614
2025-10-31 09:15:00+00:00,2063.39990234375,2063.800048828125,2058.0,2063.0,192407
2025-10-31 09:30:00+00:00,2053.300048828125,2060.800048828125,2052.0,2060.800048828125,1159821
2025-10-31 09:45:00+00:00,2054.5,2061.89990234375,2051.89990234375,2053.10009765625,1052352
2025-11-03 03:45:00+00:00,2057.39990234375,2059.0,2047.300048828125,2055.0,65872
2025-11-03 04:00:00+00:00,2058.60009765625,2060.0,2052.5,2057.0,80681
2025-11-03 04:15:00+00:00,2062.5,2064.300048828125,2057.0,2058.10009765625,60985
2025-11-03 04:30:00+00:00,2056.5,2062.89990234375,2054.0,2062.5,34367
2025-11-03 04:45:00+00:00,2057.39990234375,2057.89990234375,2053.300048828125,2056.10009765625,80437
2025-11-03 05:00:00+00:00,2059.89990234375,2062.300048828125,2056.0,2056.800048828125,48465
2025-11-03 05:15:00+00:00,2057.0,2060.39990234375,2056.0,2060.39990234375,35032
2025-11-03 05:30:00+00:00,2055.5,2058.10009765625,2054.39990234375,2057.0,31693
2025-11-03 05:45:00+00:00,2053.0,2056.199951171875,2052.0,2055.5,61432
2025-11-03 06:00:00+00:00,2053.300048828125,2056.39990234375,2052.199951171875,2053.300048828125,58176
2025-11-03 06:15:00+00:00,2054.10009765625,2055.89990234375,2052.39990234375,2053.5,120910
2025-11-03 06:30:00+00:00,2053.199951171875,2057.89990234375,2053.10009765625,2054.0,93499
2025-11-03 06:45:00+00:00,2058.0,2061.5,2053.10009765625,2053.199951171875,75935
2025-11-03 07:00:00+00:00,2056.89990234375,2058.0,2055.0,2057.699951171875,65461
2025-11-03 07:15:00+00:00,2057.0,2057.0,2054.300048828125,2056.800048828125,72877
2025-11-03 07:30:00+00:00,2056.5,2057.0,2055.10009765625,2057.0,41319
2025-11-03 07:45:00+00:00,2056.300048828125,2057.0,2054.699951171875,2056.800048828125,147004
2025-11-03 08:00:00+00:00,2059.300048828125,2063.10009765625,2055.699951171875,2056.300048828125,99232
2025-11-03 08:15:00+00:00,2059.5,2060.39990234375,2057.39990234375,2059.60009765625,108154
2025-11-03 08:30:00+00:00,2058.800048828125,2060.89990234375,2056.300048828125,2059.39990234375,113890
2025-11-03 08:45:00+00:00,2075.699951171875,2081.0,2058.5,2058.5,275038
2025-11-03 09:00:00+00:00,2069.39990234375,2077.0,2067.300048828125,2075.699951171875,235608
2025-11-03 09:15:00+00:00,2073.5,2073.5,2064.5,2069.39990234375,213333
2025-11-03 09:30:00+00:00,2075.199951171875,2076.0,2070.10009765625,2072.89990234375,343849
2025-11-03 09:45:00+00:00,2077.0,2078.39990234375,2071.199951171875,2075.10009765625,324005
2025-11-04 03:45:00+00:00,2131.39990234375,2135.300048828125,2107.10009765625,2107.10009765625,1601169
2025-11-04 04:00:00+00:00,2125.0,2132.60009765625,2124.10009765625,2132.300048828125,1050072
2025-11-04 04:15:00+00:00,2121.5,2126.300048828125,2118.5,2125.199951171875,870491
2025-11-04 04:30:00+00:00,2120.0,2122.800048828125,2119.0,2121.39990234375,456706
2025-11-04 04:45:00+00:00,2115.199951171875,2120.10009765625,2114.199951171875,2120.10009765625,437182
2025-11-04 05:00:00+00:00,2112.300048828125,2120.0,2110.199951171875,2115.5,484440
2025-11-04 05:15:00+00:00,2117.300048828125,2117.699951171875,2111.199951171875,2112.300048828125,263300
2025-11-04 05:30:00+00:00,2119.60009765625,2120.39990234375,2116.10009765625,2117.300048828125,277852
2025-11-04 05:45:00+00:00,2119.60009765625,2120.5,2116.39990234375,2119.60009765625,295169
2025-11-04 06:00:00+00:00,2115.699951171875,2119.800048828125,2115.5,2119.60009765625,143239
2025-11-04 06:15:00+00:00,2115.5,2117.0,2115.0,2115.699951171875,164657
2025-11-04 06:30:00+00:00,2116.10009765625,2117.5,2115.0,2115.5,162113
2025-11-04 06:45:00+00:00,2117.300048828125,2119.39990234375,2115.0,2116.199951171875,305149
2025-11-04 07:00:00+00:00,2117.39990234375,2119.699951171875,2116.60009765625,2117.300048828125,309191
2025-11-04 07:15:00+00:00,2112.699951171875,2118.5,2112.0,2117.39990234375,171446
2025-11-04 07:30:00+00:00,2111.0,2115.699951171875,2109.199951171875,2112.800048828125,221792
2025-11-04 07:45:00+00:00,2108.0,2111.89990234375,2105.300048828125,2111.0,201363
2025-11-04 08:00:00+00:00,2106.800048828125,2109.199951171875,2104.199951171875,2108.0,172714
2025-11-04 08:15:00+00:00,2108.60009765625,2109.800048828125,2106.0,2106.89990234375,155235
2025-11-04 08:30:00+00:00,2105.800048828125,2109.0,2104.39990234375,2108.60009765625,186281
2025-11-04 08:45:00+00:00,2105.800048828125,2107.60009765625,2104.10009765625,2105.800048828125,189519
2025-11-04 09:00:00+00:00,2108.699951171875,2110.10009765625,2105.699951171875,2105.800048828125,193128
2025-11-04 09:15:00+00:00,2109.5,2111.39990234375,2107.0,2108.699951171875,282413
2025-11-04 09:30:00+00:00,2116.89990234375,2116.89990234375,2107.199951171875,2109.5,1111454
2025-11-04 09:45:00+00:00,2110.0,2116.800048828125,2109.0,2116.800048828125,853930
2025-11-06 03:45:00+00:00,2117.199951171875,2123.10009765625,2104.60009765625,2107.60009765625,557998
2025-11-06 04:00:00+00:00,2105.39990234375,2118.0,2104.199951171875,2117.10009765625,990239
2025-11-06 04:15:00+00:00,2096.5,2106.5,2092.60009765625,2105.39990234375,461089
2025-11-06 04:30:00+00:00,2083.39990234375,2097.699951171875,2080.5,2097.699951171875,225209
2025-11-06 04:45:00+00:00,2090.10009765625,2091.39990234375,2081.800048828125,2083.39990234375,160709
2025-11-06 05:00:00+00:00,2091.89990234375,2091.89990234375,2086.10009765625,2090.199951171875,129575
2025-11-06 05:15:00+00:00,2094.10009765625,2096.199951171875,2090.0,2091.199951171875,279652
2025-11-06 05:30:00+00:00,2093.800048828125,2096.199951171875,2090.39990234375,2094.199951171875,521297
2025-11-06 05:45:00+00:00,2096.0,2097.300048828125,2091.800048828125,2093.800048828125,243537
2025-11-06 06:00:00+00:00,2099.199951171875,2100.89990234375,2096.0,2096.0,295955
2025-11-06 06:15:00+00:00,2106.5,2108.0,2099.0,2099.199951171875,166210
2025-11-06 06:30:00+00:00,2107.5,2108.0,2102.800048828125,2106.39990234375,363618
2025-11-06 06:45:00+00:00,2106.89990234375,2109.199951171875,2102.89990234375,2107.5,288347
2025-11-06 07:00:00+00:00,2106.699951171875,2111.199951171875,2105.89990234375,2106.89990234375,192017
2025-11-06 07:15:00+00:00,2105.39990234375,2109.0,2105.0,2106.699951171875,267698
2025-11-06 07:30:00+00:00,2107.699951171875,2107.800048828125,2101.800048828125,2105.39990234375,380267
2025-11-06 07:45:00+00:00,2109.699951171875,2113.5,2106.699951171875,2107.699951171875,268208
2025-11-06 08:00:00+00:00,2107.0,2110.0,2103.199951171875,2109.60009765625,404959
2025-11-06 08:15:00+00:00,2106.199951171875,2108.39990234375,2103.5,2106.699951171875,197062
2025-11-06 08:30:00+00:00,2106.89990234375,2108.699951171875,2103.5,2106.0,182167
2025-11-06 08:45:00+00:00,2104.10009765625,2107.0,2101.89990234375,2106.89990234375,134054
2025-11-06 09:00:00+00:00,2100.300048828125,2104.60009765625,2099.699951171875,2104.10009765625,145297
2025-11-06 09:15:00+00:00,2101.800048828125,2103.800048828125,2099.10009765625,2100.300048828125,221164
2025-11-06 09:30:00+00:00,2094.0,2102.39990234375,2093.10009765625,2102.0,1092986
2025-11-06 09:45:00+00:00,2094.89990234375,2097.199951171875,2090.89990234375,2094.10009765625,688992
2025-11-07 03:45:00+00:00,2016.300048828125,2038.0,2009.4000244140625,2038.0,47720082
2025-11-07 04:00:00+00:00,2009.0,2018.4000244140625,2007.5,2015.699951171875,1046770
2025-11-07 04:15:00+00:00,2009.0,2014.5999755859375,2004.0,2009.0999755859375,617440
2025-11-07 04:30:00+00:00,2011.5,2014.4000244140625,2008.4000244140625,2009.0,329358
2025-11-07 04:45:00+00:00,2010.699951171875,2013.5999755859375,2009.5999755859375,2011.5,514405
2025-11-07 05:00:00+00:00,2007.5,2012.0,2006.0,2010.699951171875,335877
2025-11-07 05:15:00+00:00,1999.699951171875,2009.0,1998.300048828125,2007.5,517870
2025-11-07 05:30:00+00:00,2002.699951171875,2004.0,1999.0999755859375,1999.9000244140625,299231
2025-11-07 05:45:00+00:00,2004.5,2004.699951171875,2000.5999755859375,2002.699951171875,179285
2025-11-07 06:00:00+00:00,1998.9000244140625,2004.699951171875,1998.699951171875,2004.4000244140625,225900
2025-11-07 06:15:00+00:00,2002.0,2002.800048828125,1998.300048828125,1999.0,291411
2025-11-07 06:30:00+00:00,2006.800048828125,2007.0,2000.699951171875,2001.800048828125,321322
2025-11-07 06:45:00+00:00,2010.5999755859375,2012.699951171875,2006.300048828125,2006.800048828125,276933
2025-11-07 07:00:00+00:00,2010.4000244140625,2012.4000244140625,2009.5999755859375,2010.300048828125,264821
2025-11-07 07:15:00+00:00,2009.300048828125,2011.5999755859375,2007.5999755859375,2010.5,369603
2025-11-07 07:30:00+00:00,2010.800048828125,2011.0,2007.199951171875,2009.0999755859375,238899
2025-11-07 07:45:00+00:00,2011.300048828125,2012.0,2010.0,2010.699951171875,288783
2025-11-07 08:00:00+00:00,2010.4000244140625,2011.800048828125,2010.0,2011.800048828125,198559
2025-11-07 08:15:00+00:00,2006.5999755859375,2011.5,2005.699951171875,2010.4000244140625,735109
2025-11-07 08:30:00+00:00,2007.4000244140625,2008.699951171875,2005.699951171875,2006.800048828125,389163
2025-11-07 08:45:00+00:00,2008.0999755859375,2008.9000244140625,2007.0,2007.4000244140625,903242
2025-11-07 09:00:00+00:00,2007.0,2008.5999755859375,2007.0,2008.199951171875,385523
2025-11-07 09:15:00+00:00,2001.4000244140625,2008.5,2000.699951171875,2007.199951171875,539307
2025-11-07 09:30:00+00:00,1997.9000244140625,2004.0,1995.800048828125,2001.4000244140625,2199418
2025-11-07 09:45:00+00:00,2002.0,2006.199951171875,1997.9000244140625,1998.0,1655560
2025-11-10 03:45:00+00:00,2006.9000244140625,2008.0,1995.0,1995.0,181730
2025-11-10 04:00:00+00:00,2009.0,2011.0,2006.5,2007.9000244140625,168223
2025-11-10 04:15:00+00:00,2007.5999755859375,2012.199951171875,2004.4000244140625,2009.0,174953
2025-11-10 04:30:00+00:00,2011.4000244140625,2013.199951171875,2005.0,2007.699951171875,204520
2025-11-10 04:45:00+00:00,2015.4000244140625,2015.4000244140625,2010.199951171875,2011.5,106668
2025-11-10 05:00:00+00:00,2019.0999755859375,2021.0,2013.800048828125,2015.0,176423
2025-11-10 05:15:00+00:00,2019.5,2020.5,2015.300048828125,2019.4000244140625,141623
2025-11-10 05:30:00+00:00,2014.800048828125,2018.800048828125,2012.5,2018.800048828125,139740
2025-11-10 05:45:00+00:00,2015.300048828125,2015.5999755859375,2013.699951171875,2015.0,119688
2025-11-10 06:00:00+00:00,2014.5,2015.5999755859375,2012.0,2015.199951171875,75390
2025-11-10 06:15:00+00:00,2012.0999755859375,2015.0,2011.199951171875,2014.800048828125,88437
2025-11-10 06:30:00+00:00,2014.199951171875,2015.0,2010.300048828125,2012.199951171875,85771
2025-11-10 06:45:00+00:00,2012.0,2015.0,2011.0,2014.0,140244
2025-11-10 07:00:00+00:00,2012.699951171875,2013.9000244140625,2011.5,2012.0,102592
2025-11-10 07:15:00+00:00,2017.5,2017.5,2012.0,2012.699951171875,146294
2025-11-10 07:30:00+00:00,2017.800048828125,2019.0,2016.5,2017.699951171875,157770
2025-11-10 07:45:00+00:00,2015.800048828125,2019.0,2014.300048828125,2017.699951171875,134376
2025-11-10 08:00:00+00:00,2020.0,2021.800048828125,2015.9000244140625,2016.0,449694
2025-11-10 08:15:00+00:00,2020.300048828125,2021.0,2015.699951171875,2020.199951171875,424943
2025-11-10 08:30:00+00:00,2021.699951171875,2022.800048828125,2020.0,2020.5999755859375,225667
2025-11-10 08:45:00+00:00,2022.5,2022.699951171875,2020.0,2021.9000244140625,185263
2025-11-10 09:00:00+00:00,2019.5,2023.5,2019.0999755859375,2022.5,216799
2025-11-10 09:15:00+00:00,2025.0,2027.300048828125,2019.0999755859375,2019.5,1157017
2025-11-10 09:30:00+00:00,2019.800048828125,2025.300048828125,2019.0999755859375,2025.0999755859375,923550
2025-11-10 09:45:00+00:00,2022.0,2024.5,2015.5,2019.5,967786
2025-11-11 03:45:00+00:00,2023.0,2029.4000244140625,2019.800048828125,2021.9000244140625,308734
2025-11-11 04:00:00+00:00,2032.199951171875,2033.9000244140625,2022.5999755859375,2023.0,831613
2025-11-11 04:15:00+00:00,2039.0,2040.0,2032.0,2032.300048828125,1288010
2025-11-11 04:30:00+00:00,2049.0,2054.89990234375,2037.0999755859375,2039.0,557939
2025-11-11 04:45:00+00:00,2054.10009765625,2055.0,2044.9000244140625,2048.800048828125,477222
2025-11-11 05:00:00+00:00,2054.300048828125,2055.0,2047.5,2054.10009765625,439402
2025-11-11 05:15:00+00:00,2049.300048828125,2056.800048828125,2048.5,2054.199951171875,424634
2025-11-11 05:30:00+00:00,2041.699951171875,2049.10009765625,2040.0,2049.10009765625,413280
2025-11-11 05:45:00+00:00,2041.300048828125,2044.199951171875,2039.300048828125,2041.699951171875,341509
2025-11-11 06:00:00+00:00,2052.0,2052.699951171875,2041.300048828125,2041.5,203064
2025-11-11 06:15:00+00:00,2046.0,2052.0,2046.0,2051.89990234375,348888
2025-11-11 06:30:00+00:00,2048.39990234375,2049.5,2044.0,2046.0999755859375,357963
2025-11-11 06:45:00+00:00,2049.300048828125,2051.39990234375,2047.5999755859375,2048.39990234375,939589
2025-11-11 07:00:00+00:00,2049.199951171875,2051.5,2047.5,2049.39990234375,333674
2025-11-11 07:15:00+00:00,2045.300048828125,2049.300048828125,2044.699951171875,2049.300048828125,200595
2025-11-11 07:30:00+00:00,2044.699951171875,2046.300048828125,2043.199951171875,2045.300048828125,200555
2025-11-11 07:45:00+00:00,2046.800048828125,2049.199951171875,2043.699951171875,2044.699951171875,383085
2025-11-11 08:00:00+00:00,2045.0999755859375,2048.89990234375,2044.800048828125,2047.5999755859375,646439
2025-11-11 08:15:00+00:00,2042.0,2045.5999755859375,2040.0999755859375,2045.0999755859375,529415
2025-11-11 08:30:00+00:00,2045.5999755859375,2048.0,2040.199951171875,2042.0,426916
2025-11-11 08:45:00+00:00,2046.699951171875,2050.5,2045.5999755859375,2045.9000244140625,450397
2025-11-11 09:00:00+00:00,2043.199951171875,2048.10009765625,2043.199951171875,2046.699951171875,732823
2025-11-11 09:15:00+00:00,2043.4000244140625,2046.4000244140625,2042.5,2043.0999755859375,560782
2025-11-11 09:30:00+00:00,2041.800048828125,2045.0999755859375,2039.199951171875,2043.4000244140625,1677711
2025-11-11 09:45:00+00:00,2042.300048828125,2046.800048828125,2041.0,2041.699951171875,1509566
2025-11-12 03:45:00+00:00,2061.39990234375,2067.39990234375,2055.0,2057.699951171875,213267
2025-11-12 04:00:00+00:00,2067.39990234375,2071.199951171875,2060.5,2061.5,351574
2025-11-12 04:15:00+00:00,2065.89990234375,2068.199951171875,2063.60009765625,2067.39990234375,172134
2025-11-12 04:30:00+00:00,2065.699951171875,2067.699951171875,2065.39990234375,2065.89990234375,104788
2025-11-12 04:45:00+00:00,2066.800048828125,2067.0,2064.0,2065.699951171875,132363
2025-11-12 05:00:00+00:00,2066.5,2067.0,2062.5,2066.89990234375,149313
2025-11-12 05:15:00+00:00,2065.0,2066.5,2064.0,2066.5,147790
2025-11-12 05:30:00+00:00,2063.10009765625,2066.39990234375,2063.0,2065.10009765625,212403
2025-11-12 05:45:00+00:00,2067.800048828125,2068.0,2063.10009765625,2063.199951171875,158212
2025-11-12 06:00:00+00:00,2068.10009765625,2070.39990234375,2066.5,2068.10009765625,188304
2025-11-12 06:15:00+00:00,2069.39990234375,2072.0,2068.10009765625,2068.300048828125,245256
2025-11-12 06:30:00+00:00,2068.60009765625,2071.0,2067.0,2069.300048828125,204883
2025-11-12 06:45:00+00:00,2068.60009765625,2069.89990234375,2067.10009765625,2068.60009765625,133237
2025-11-12 07:00:00+00:00,2069.300048828125,2070.10009765625,2067.300048828125,2068.699951171875,120649
2025-11-12 07:15:00+00:00,2069.199951171875,2070.699951171875,2067.10009765625,2069.199951171875,309246
2025-11-12 07:30:00+00:00,2071.699951171875,2072.0,2067.39990234375,2069.39990234375,259640
2025-11-12 07:45:00+00:00,2069.10009765625,2072.0,2068.60009765625,2071.39990234375,312649
2025-11-12 08:00:00+00:00,2074.300048828125,2075.39990234375,2069.10009765625,2069.199951171875,336756
2025-11-12 08:15:00+00:00,2075.300048828125,2078.0,2073.800048828125,2074.300048828125,204881
2025-11-12 08:30:00+00:00,2073.300048828125,2075.800048828125,2072.5,2075.5,284850
2025-11-12 08:45:00+00:00,2074.199951171875,2078.0,2072.199951171875,2073.300048828125,359114
2025-11-12 09:00:00+00:00,2070.699951171875,2074.60009765625,2068.699951171875,2074.10009765625,381229
2025-11-12 09:15:00+00:00,2072.199951171875,2072.699951171875,2068.699951171875,2070.699951171875,332063
2025-11-12 09:30:00+00:00,2072.60009765625,2076.0,2070.199951171875,2072.199951171875,1330423
2025-11-12 09:45:00+00:00,2077.89990234375,2079.800048828125,2071.0,2072.5,1197265
2025-11-13 03:45:00+00:00,2090.60009765625,2100.800048828125,2085.300048828125,2085.699951171875,241012
2025-11-13 04:00:00+00:00,2084.60009765625,2092.5,2079.300048828125,2090.0,207912
2025-11-13 04:15:00+00:00,2086.39990234375,2088.60009765625,2083.5,2085.0,118776
2025-11-13 04:30:00+00:00,2089.0,2090.0,2084.5,2086.300048828125,169612
2025-11-13 04:45:00+00:00,2091.199951171875,2091.199951171875,2085.300048828125,2088.89990234375,165897
2025-11-13 05:00:00+00:00,2093.39990234375,2093.800048828125,2088.800048828125,2090.699951171875,184855
2025-11-13 05:15:00+00:00,2094.699951171875,2096.5,2092.10009765625,2093.39990234375,225207
2025-11-13 05:30:00+00:00,2097.699951171875,2098.0,2094.699951171875,2094.699951171875,120718
2025-11-13 05:45:00+00:00,2103.5,2106.699951171875,2097.60009765625,2097.699951171875,308851
2025-11-13 06:00:00+00:00,2098.300048828125,2103.60009765625,2098.199951171875,2103.5,110602
2025-11-13 06:15:00+00:00,2099.89990234375,2100.89990234375,2098.0,2098.199951171875,137315
2025-11-13 06:30:00+00:00,2096.699951171875,2099.89990234375,2095.10009765625,2099.89990234375,96788
2025-11-13 06:45:00+00:00,2095.199951171875,2099.10009765625,2094.39990234375,2096.699951171875,126213
2025-11-13 07:00:00+00:00,2095.39990234375,2096.800048828125,2090.60009765625,2095.300048828125,164533
2025-11-13 07:15:00+00:00,2097.0,2097.0,2093.800048828125,2095.5,89503
2025-11-13 07:30:00+00:00,2097.199951171875,2099.0,2096.0,2096.800048828125,68118
2025-11-13 07:45:00+00:00,2097.199951171875,2098.10009765625,2095.0,2097.199951171875,96686
2025-11-13 08:00:00+00:00,2099.800048828125,2100.0,2097.10009765625,2097.199951171875,100398
2025-11-13 08:15:00+00:00,2092.60009765625,2101.0,2092.60009765625,2099.800048828125,277382
2025-11-13 08:30:00+00:00,2087.800048828125,2096.10009765625,2085.89990234375,2093.60009765625,347048
2025-11-13 08:45:00+00:00,2092.5,2093.60009765625,2087.800048828125,2087.800048828125,338977
2025-11-13 09:00:00+00:00,2093.800048828125,2095.800048828125,2089.39990234375,2092.5,331353
2025-11-13 09:15:00+00:00,2088.699951171875,2096.800048828125,2088.10009765625,2093.699951171875,340772
2025-11-13 09:30:00+00:00,2092.199951171875,2093.89990234375,2085.300048828125,2088.800048828125,527695
2025-11-13 09:45:00+00:00,2093.0,2096.0,2088.699951171875,2092.300048828125,500554
2025-11-14 03:45:00+00:00,2087.0,2092.0,2083.199951171875,2086.5,122475
2025-11-14 04:00:00+00:00,2092.0,2093.60009765625,2087.199951171875,2087.199951171875,210395
2025-11-14 04:15:00+00:00,2088.10009765625,2093.39990234375,2084.60009765625,2092.0,358747
2025-11-14 04:30:00+00:00,2085.0,2088.199951171875,2082.800048828125,2088.10009765625,174051
2025-11-14 04:45:00+00:00,2085.0,2087.0,2084.199951171875,2085.0,142268
2025-11-14 05:00:00+00:00,2083.10009765625,2085.10009765625,2082.0,2084.800048828125,193840
2025-11-14 05:15:00+00:00,2086.199951171875,2086.699951171875,2082.0,2083.199951171875,233740
2025-11-14 05:30:00+00:00,2088.199951171875,2090.89990234375,2083.5,2087.0,170010
2025-11-14 05:45:00+00:00,2084.699951171875,2090.5,2084.10009765625,2088.5,155348
2025-11-14 06:00:00+00:00,2085.0,2085.699951171875,2083.39990234375,2084.89990234375,128808
2025-11-14 06:15:00+00:00,2084.699951171875,2086.5,2084.0,2085.0,259939
2025-11-14 06:30:00+00:00,2085.60009765625,2087.199951171875,2083.39990234375,2084.699951171875,125918
2025-11-14 06:45:00+00:00,2086.5,2087.699951171875,2084.60009765625,2085.199951171875,119335
2025-11-14 07:00:00+00:00,2085.89990234375,2087.39990234375,2085.0,2086.5,121366
2025-11-14 07:15:00+00:00,2087.0,2087.800048828125,2085.0,2086.300048828125,123494
2025-11-14 07:30:00+00:00,2086.89990234375,2087.39990234375,2085.0,2087.0,147301
2025-11-14 07:45:00+00:00,2087.60009765625,2088.300048828125,2085.5,2086.89990234375,140042
2025-11-14 08:00:00+00:00,2086.10009765625,2088.699951171875,2085.800048828125,2087.60009765625,131665
2025-11-14 08:15:00+00:00,2085.60009765625,2087.199951171875,2085.0,2086.10009765625,121219
2025-11-14 08:30:00+00:00,2086.5,2086.60009765625,2084.199951171875,2085.60009765625,192183
2025-11-14 08:45:00+00:00,2085.60009765625,2087.0,2084.89990234375,2086.5,458441
2025-11-14 09:00:00+00:00,2087.0,2088.300048828125,2085.0,2085.60009765625,330567
2025-11-14 09:15:00+00:00,2085.199951171875,2088.0,2084.39990234375,2087.5,222270
2025-11-14 09:30:00+00:00,2104.800048828125,2107.89990234375,2085.300048828125,2085.300048828125,873711
2025-11-14 09:45:00+00:00,2097.89990234375,2105.199951171875,2096.5,2104.800048828125,863025
