Price,Close,High,Low,Open,Volume
Ticker,BHARTIARTL.NS,BHARTIARTL.NS,BHARTIARTL.NS,BHARTIARTL.NS,BHARTIARTL.NS
Datetime,,,,,
2025-08-20 03:45:00+00:00,1943.5,1951.5999755859375,1928.0,1937.0,0
2025-08-20 03:50:00+00:00,1938.300048828125,1946.0,1936.0,1943.5999755859375,427712
2025-08-20 03:55:00+00:00,1938.199951171875,1939.699951171875,1934.800048828125,1937.699951171875,199942
2025-08-20 04:00:00+00:00,1940.0,1941.0,1937.0999755859375,1938.4000244140625,106825
2025-08-20 04:05:00+00:00,1938.5999755859375,1942.0,1936.9000244140625,1940.0999755859375,144084
2025-08-20 04:10:00+00:00,1938.9000244140625,1940.4000244140625,1937.0,1939.0,154339
2025-08-20 04:15:00+00:00,1941.9000244140625,1943.699951171875,1938.9000244140625,1938.9000244140625,131895
2025-08-20 04:20:00+00:00,1942.0,1943.0999755859375,1940.0,1941.800048828125,130423
2025-08-20 04:25:00+00:00,1943.0999755859375,1944.0,1937.5999755859375,1941.800048828125,187945
2025-08-20 04:30:00+00:00,1943.0,1943.800048828125,1941.5999755859375,1942.5,47227
2025-08-20 04:35:00+00:00,1939.0999755859375,1943.300048828125,1938.199951171875,1943.0,137562
2025-08-20 04:40:00+00:00,1938.699951171875,1939.5,1937.0,1939.0999755859375,117107
2025-08-20 04:45:00+00:00,1935.199951171875,1939.0999755859375,1935.0999755859375,1938.699951171875,57456
2025-08-20 04:50:00+00:00,1935.699951171875,1937.300048828125,1934.4000244140625,1935.199951171875,83935
2025-08-20 04:55:00+00:00,1935.5,1936.4000244140625,1935.0,1935.699951171875,38782
2025-08-20 05:00:00+00:00,1933.5,1935.5,1932.4000244140625,1935.5,91649
2025-08-20 05:05:00+00:00,1934.9000244140625,1935.4000244140625,1933.9000244140625,1934.0,135543
2025-08-20 05:10:00+00:00,1937.0,1939.300048828125,1933.199951171875,1935.0,65070
2025-08-20 05:15:00+00:00,1935.5,1937.199951171875,1935.0,1937.0999755859375,52969
2025-08-20 05:20:00+00:00,1933.9000244140625,1936.9000244140625,1933.699951171875,1935.5999755859375,32518
2025-08-20 05:25:00+00:00,1931.0999755859375,1934.0999755859375,1930.0,1933.9000244140625,64463
2025-08-20 05:30:00+00:00,1930.800048828125,1932.0,1929.0999755859375,1931.0,50904
2025-08-20 05:35:00+00:00,1930.0999755859375,1931.9000244140625,1930.0999755859375,1930.699951171875,30401
2025-08-20 05:40:00+00:00,1933.5,1934.0,1930.300048828125,1930.300048828125,49094
2025-08-20 05:45:00+00:00,1933.0,1934.5,1933.0,1933.5999755859375,62294
2025-08-20 05:50:00+00:00,1928.5,1933.4000244140625,1928.199951171875,1932.5,80425
2025-08-20 05:55:00+00:00,1930.4000244140625,1930.4000244140625,1928.5,1928.5,27569
2025-08-20 06:00:00+00:00,1931.199951171875,1931.300048828125,1930.300048828125,1930.4000244140625,19358
2025-08-20 06:05:00+00:00,1931.699951171875,1932.9000244140625,1930.699951171875,1931.300048828125,36775
2025-08-20 06:10:00+00:00,1929.0999755859375,1932.0999755859375,1929.0999755859375,1932.0999755859375,27781
2025-08-20 06:15:00+00:00,1931.0,1933.300048828125,1929.300048828125,1929.4000244140625,38901
2025-08-20 06:20:00+00:00,1930.300048828125,1931.300048828125,1929.0999755859375,1931.0999755859375,28979
2025-08-20 06:25:00+00:00,1930.199951171875,1930.699951171875,1929.5,1930.300048828125,42717
2025-08-20 06:30:00+00:00,1930.0,1930.5,1929.5,1930.199951171875,22993
2025-08-20 06:35:00+00:00,1929.699951171875,1930.699951171875,1929.0999755859375,1930.4000244140625,29094
2025-08-20 06:40:00+00:00,1928.699951171875,1929.9000244140625,1928.5,1929.699951171875,37806
2025-08-20 06:45:00+00:00,1927.800048828125,1928.5999755859375,1926.9000244140625,1928.300048828125,62285
2025-08-20 06:50:00+00:00,1928.4000244140625,1928.4000244140625,1927.4000244140625,1927.800048828125,34181
2025-08-20 06:55:00+00:00,1927.5,1929.699951171875,1926.0999755859375,1928.300048828125,47451
2025-08-20 07:00:00+00:00,1926.9000244140625,1927.9000244140625,1926.300048828125,1927.5,83434
2025-08-20 07:05:00+00:00,1928.199951171875,1928.5999755859375,1926.300048828125,1926.9000244140625,95569
2025-08-20 07:10:00+00:00,1928.4000244140625,1929.9000244140625,1928.0999755859375,1928.199951171875,31826
2025-08-20 07:15:00+00:00,1928.199951171875,1928.800048828125,1927.0,1928.4000244140625,30649
2025-08-20 07:20:00+00:00,1929.5999755859375,1929.800048828125,1928.300048828125,1928.300048828125,43721
2025-08-20 07:25:00+00:00,1932.0,1932.0,1929.5999755859375,1929.5999755859375,39885
2025-08-20 07:30:00+00:00,1934.0,1934.4000244140625,1929.0,1931.9000244140625,132176
2025-08-20 07:35:00+00:00,1932.0999755859375,1934.0999755859375,1931.4000244140625,1934.0,32208
2025-08-20 07:40:00+00:00,1931.800048828125,1932.5999755859375,1929.5999755859375,1932.0,94997
2025-08-20 07:45:00+00:00,1931.199951171875,1933.9000244140625,1930.5999755859375,1932.0999755859375,39064
2025-08-20 07:50:00+00:00,1928.800048828125,1931.300048828125,1928.0999755859375,1931.300048828125,33821
2025-08-20 07:55:00+00:00,1928.0,1929.9000244140625,1927.699951171875,1929.0,26816
2025-08-20 08:00:00+00:00,1929.0,1929.199951171875,1927.300048828125,1928.0,22484
2025-08-20 08:05:00+00:00,1928.699951171875,1929.9000244140625,1928.0,1929.0999755859375,28996
2025-08-20 08:10:00+00:00,1929.0,1929.699951171875,1928.0999755859375,1928.800048828125,46586
2025-08-20 08:15:00+00:00,1929.699951171875,1929.699951171875,1928.199951171875,1929.0999755859375,30337
2025-08-20 08:20:00+00:00,1932.0,1932.0999755859375,1929.5999755859375,1929.699951171875,63194
2025-08-20 08:25:00+00:00,1930.0,1932.0999755859375,1929.4000244140625,1932.0,41988
2025-08-20 08:30:00+00:00,1929.9000244140625,1930.0,1929.9000244140625,1930.0,23625
2025-08-20 08:35:00+00:00,1930.0,1930.0,1929.9000244140625,1930.0,45723
2025-08-20 08:40:00+00:00,1930.0,1930.300048828125,1929.9000244140625,1929.9000244140625,53296
2025-08-20 08:45:00+00:00,1929.800048828125,1930.0,1929.199951171875,1930.0,25741
2025-08-20 08:50:00+00:00,1929.5999755859375,1929.9000244140625,1929.300048828125,1929.800048828125,20573
2025-08-20 08:55:00+00:00,1930.0,1930.0,1928.199951171875,1929.300048828125,55313
2025-08-20 09:00:00+00:00,1933.0,1933.0,1930.0,1930.0,53150
2025-08-20 09:05:00+00:00,1932.199951171875,1934.0,1931.5,1933.0999755859375,42063
2025-08-20 09:10:00+00:00,1933.199951171875,1933.800048828125,1932.4000244140625,1932.800048828125,48132
2025-08-20 09:15:00+00:00,1932.9000244140625,1933.800048828125,1931.300048828125,1933.199951171875,121805
2025-08-20 09:20:00+00:00,1931.800048828125,1933.800048828125,1931.0,1933.0,63603
2025-08-20 09:25:00+00:00,1930.0,1933.0,1929.9000244140625,1932.0999755859375,103551
2025-08-20 09:30:00+00:00,1928.300048828125,1930.0,1927.5999755859375,1930.0,134752
2025-08-20 09:35:00+00:00,1927.0999755859375,1928.5,1927.0,1928.300048828125,105456
2025-08-20 09:40:00+00:00,1927.5,1927.5,1927.0,1927.0,94236
2025-08-20 09:45:00+00:00,1928.699951171875,1928.699951171875,1926.5999755859375,1927.5,154359
2025-08-20 09:50:00+00:00,1930.5,1930.5,1927.199951171875,1928.699951171875,120029
2025-08-20 09:55:00+00:00,1928.4000244140625,1931.0,1927.0999755859375,1930.4000244140625,0
2025-08-21 03:45:00+00:00,1935.300048828125,1940.800048828125,1930.0,1930.9000244140625,261745
2025-08-21 03:50:00+00:00,1932.199951171875,1937.5,1931.800048828125,1935.9000244140625,43908
2025-08-21 03:55:00+00:00,1932.699951171875,1934.0,1932.0999755859375,1932.0999755859375,48312
2025-08-21 04:00:00+00:00,1934.5,1937.699951171875,1932.0,1932.300048828125,78811
2025-08-21 04:05:00+00:00,1933.5999755859375,1935.800048828125,1933.199951171875,1934.5,39475
2025-08-21 04:10:00+00:00,1933.0,1935.0999755859375,1932.699951171875,1933.300048828125,54519
2025-08-21 04:15:00+00:00,1935.4000244140625,1935.4000244140625,1933.0,1933.0,42874
2025-08-21 04:20:00+00:00,1934.4000244140625,1935.199951171875,1933.5,1934.800048828125,50369
2025-08-21 04:25:00+00:00,1936.0999755859375,1937.5999755859375,1934.199951171875,1934.300048828125,50204
2025-08-21 04:30:00+00:00,1935.800048828125,1936.5,1934.0999755859375,1936.0999755859375,46556
2025-08-21 04:35:00+00:00,1935.0,1936.0999755859375,1934.699951171875,1935.9000244140625,39570
2025-08-21 04:40:00+00:00,1933.300048828125,1935.300048828125,1933.0,1935.199951171875,75558
2025-08-21 04:45:00+00:00,1932.800048828125,1933.300048828125,1932.699951171875,1933.199951171875,21334
2025-08-21 04:50:00+00:00,1933.0999755859375,1934.0,1932.699951171875,1932.699951171875,22180
2025-08-21 04:55:00+00:00,1931.4000244140625,1933.199951171875,1930.4000244140625,1933.0,34446
2025-08-21 05:00:00+00:00,1933.800048828125,1935.0,1931.4000244140625,1931.4000244140625,88105
2025-08-21 05:05:00+00:00,1933.0,1935.0,1932.800048828125,1933.800048828125,71538
2025-08-21 05:10:00+00:00,1935.0,1935.300048828125,1932.800048828125,1933.0,23202
2025-08-21 05:15:00+00:00,1935.0,1935.5,1933.5,1935.0,49773
2025-08-21 05:20:00+00:00,1935.0,1935.5,1934.4000244140625,1934.5999755859375,19056
2025-08-21 05:25:00+00:00,1934.9000244140625,1935.199951171875,1934.0999755859375,1934.800048828125,18468
2025-08-21 05:30:00+00:00,1932.5,1935.199951171875,1932.5,1935.0,20286
2025-08-21 05:35:00+00:00,1932.5,1933.800048828125,1932.199951171875,1932.5,15362
2025-08-21 05:40:00+00:00,1932.800048828125,1933.9000244140625,1932.5999755859375,1932.5999755859375,17726
2025-08-21 05:45:00+00:00,1931.800048828125,1933.5,1931.5999755859375,1932.800048828125,21474
2025-08-21 05:50:00+00:00,1931.5999755859375,1932.0,1931.300048828125,1931.5,20523
2025-08-21 05:55:00+00:00,1930.699951171875,1932.0,1930.5999755859375,1932.0,18477
2025-08-21 06:00:00+00:00,1931.4000244140625,1932.0,1930.0,1930.800048828125,28707
2025-08-21 06:05:00+00:00,1931.5,1932.0,1931.0999755859375,1931.300048828125,15502
2025-08-21 06:10:00+00:00,1931.699951171875,1932.0,1931.4000244140625,1931.5999755859375,16318
2025-08-21 06:15:00+00:00,1930.699951171875,1932.0,1930.0,1931.4000244140625,25690
2025-08-21 06:20:00+00:00,1931.5999755859375,1932.0,1930.5999755859375,1930.699951171875,18483
2025-08-21 06:25:00+00:00,1933.5999755859375,1933.9000244140625,1931.5,1931.5,42316
2025-08-21 06:30:00+00:00,1933.300048828125,1933.9000244140625,1932.5999755859375,1933.5999755859375,25226
2025-08-21 06:35:00+00:00,1933.0999755859375,1933.800048828125,1932.800048828125,1933.4000244140625,20391
2025-08-21 06:40:00+00:00,1933.0,1934.0,1932.5999755859375,1933.0,31664
2025-08-21 06:45:00+00:00,1932.699951171875,1933.0,1932.5,1933.0,19842
2025-08-21 06:50:00+00:00,1932.699951171875,1934.0,1932.5999755859375,1932.800048828125,25505
2025-08-21 06:55:00+00:00,1932.800048828125,1933.9000244140625,1932.300048828125,1932.699951171875,23955
2025-08-21 07:00:00+00:00,1932.5999755859375,1933.0,1931.5999755859375,1932.300048828125,55827
2025-08-21 07:05:00+00:00,1932.699951171875,1933.0,1932.4000244140625,1932.699951171875,17993
2025-08-21 07:10:00+00:00,1932.9000244140625,1933.0,1932.5999755859375,1933.0,20426
2025-08-21 07:15:00+00:00,1933.800048828125,1934.0,1932.699951171875,1932.800048828125,64783
2025-08-21 07:20:00+00:00,1933.4000244140625,1934.0,1932.0999755859375,1933.800048828125,70605
2025-08-21 07:25:00+00:00,1935.9000244140625,1936.0,1933.4000244140625,1933.800048828125,25046
2025-08-21 07:30:00+00:00,1934.9000244140625,1936.4000244140625,1934.0999755859375,1935.699951171875,29458
2025-08-21 07:35:00+00:00,1935.0,1935.0,1934.5,1934.800048828125,24139
2025-08-21 07:40:00+00:00,1935.0,1935.0,1934.199951171875,1935.0,25070
2025-08-21 07:45:00+00:00,1934.699951171875,1935.0,1934.5,1935.0,20310
2025-08-21 07:50:00+00:00,1935.0,1935.0,1934.4000244140625,1934.699951171875,19388
2025-08-21 07:55:00+00:00,1933.199951171875,1935.0,1933.0999755859375,1934.9000244140625,27396
2025-08-21 08:00:00+00:00,1931.300048828125,1934.0,1929.699951171875,1933.5999755859375,81093
2025-08-21 08:05:00+00:00,1931.300048828125,1932.4000244140625,1930.4000244140625,1931.199951171875,25765
2025-08-21 08:10:00+00:00,1931.0,1932.300048828125,1929.5999755859375,1931.199951171875,46096
2025-08-21 08:15:00+00:00,1930.800048828125,1931.9000244140625,1930.0999755859375,1931.0,40817
2025-08-21 08:20:00+00:00,1930.300048828125,1931.4000244140625,1929.9000244140625,1930.699951171875,24319
2025-08-21 08:25:00+00:00,1930.300048828125,1930.9000244140625,1929.800048828125,1930.199951171875,26064
2025-08-21 08:30:00+00:00,1930.0,1931.5999755859375,1929.0999755859375,1930.300048828125,43474
2025-08-21 08:35:00+00:00,1930.0,1930.0,1929.5,1930.0,37345
2025-08-21 08:40:00+00:00,1929.9000244140625,1930.0,1929.5999755859375,1930.0,25163
2025-08-21 08:45:00+00:00,1932.9000244140625,1933.199951171875,1929.800048828125,1929.9000244140625,122908
2025-08-21 08:50:00+00:00,1933.699951171875,1934.0,1932.9000244140625,1932.9000244140625,21906
2025-08-21 08:55:00+00:00,1932.800048828125,1936.0999755859375,1932.300048828125,1933.9000244140625,51572
2025-08-21 09:00:00+00:00,1934.0999755859375,1934.4000244140625,1932.699951171875,1932.800048828125,23025
2025-08-21 09:05:00+00:00,1931.5,1934.0,1929.300048828125,1934.0,74569
2025-08-21 09:10:00+00:00,1932.0,1932.9000244140625,1930.199951171875,1931.4000244140625,57597
2025-08-21 09:15:00+00:00,1931.5999755859375,1933.0999755859375,1931.5,1931.800048828125,26432
2025-08-21 09:20:00+00:00,1930.4000244140625,1932.0,1930.0999755859375,1931.5999755859375,18419
2025-08-21 09:25:00+00:00,1929.800048828125,1930.4000244140625,1929.800048828125,1930.4000244140625,24888
2025-08-21 09:30:00+00:00,1928.9000244140625,1930.300048828125,1927.699951171875,1930.300048828125,137177
2025-08-21 09:35:00+00:00,1930.0999755859375,1930.4000244140625,1928.199951171875,1929.0,123877
2025-08-21 09:40:00+00:00,1929.5999755859375,1931.699951171875,1929.0,1930.0999755859375,110593
2025-08-21 09:45:00+00:00,1930.0,1930.699951171875,1929.300048828125,1929.5,84922
2025-08-21 09:50:00+00:00,1930.5,1932.300048828125,1929.699951171875,1930.199951171875,97861
2025-08-21 09:55:00+00:00,1929.9000244140625,1932.0,1929.5,1930.4000244140625,0
2025-08-22 03:45:00+00:00,1936.800048828125,1938.800048828125,1932.5,1932.5,239479
2025-08-22 03:50:00+00:00,1932.9000244140625,1936.699951171875,1932.199951171875,1936.699951171875,51858
2025-08-22 03:55:00+00:00,1931.199951171875,1932.5999755859375,1930.199951171875,1931.199951171875,28783
2025-08-22 04:00:00+00:00,1926.0,1932.0999755859375,1925.4000244140625,1930.800048828125,40821
2025-08-22 04:05:00+00:00,1927.4000244140625,1927.800048828125,1923.800048828125,1925.0,50271
2025-08-22 04:10:00+00:00,1927.4000244140625,1929.300048828125,1926.0999755859375,1927.4000244140625,23039
2025-08-22 04:15:00+00:00,1926.699951171875,1928.0999755859375,1926.5,1927.300048828125,25841
2025-08-22 04:20:00+00:00,1929.0,1929.9000244140625,1926.0,1926.5,36402
2025-08-22 04:25:00+00:00,1928.699951171875,1929.0,1926.300048828125,1928.800048828125,26499
2025-08-22 04:30:00+00:00,1929.800048828125,1930.5999755859375,1927.699951171875,1929.0,43377
2025-08-22 04:35:00+00:00,1931.0,1931.5,1928.5999755859375,1929.4000244140625,43514
2025-08-22 04:40:00+00:00,1931.199951171875,1931.5999755859375,1930.199951171875,1931.0,48416
2025-08-22 04:45:00+00:00,1931.0999755859375,1931.4000244140625,1927.4000244140625,1930.9000244140625,50422
2025-08-22 04:50:00+00:00,1929.199951171875,1931.0,1928.199951171875,1930.9000244140625,46356
2025-08-22 04:55:00+00:00,1929.0,1930.5,1927.699951171875,1929.0,58609
2025-08-22 05:00:00+00:00,1925.800048828125,1929.199951171875,1922.0999755859375,1929.0,44569
2025-08-22 05:05:00+00:00,1924.300048828125,1926.9000244140625,1923.0999755859375,1925.800048828125,52841
2025-08-22 05:10:00+00:00,1924.0,1924.199951171875,1923.0,1924.199951171875,17451
2025-08-22 05:15:00+00:00,1923.0,1924.199951171875,1921.0999755859375,1924.199951171875,29647
2025-08-22 05:20:00+00:00,1923.9000244140625,1923.9000244140625,1922.4000244140625,1922.800048828125,33673
2025-08-22 05:25:00+00:00,1920.699951171875,1924.0,1920.0,1923.9000244140625,22209
2025-08-22 05:30:00+00:00,1919.800048828125,1921.5999755859375,1917.5,1920.800048828125,60504
2025-08-22 05:35:00+00:00,1920.5,1921.0999755859375,1919.199951171875,1920.5,33138
2025-08-22 05:40:00+00:00,1919.9000244140625,1921.800048828125,1919.800048828125,1920.5,23849
2025-08-22 05:45:00+00:00,1919.5,1920.0,1918.0,1919.5999755859375,23936
2025-08-22 05:50:00+00:00,1921.199951171875,1921.300048828125,1919.199951171875,1919.5999755859375,69631
2025-08-22 05:55:00+00:00,1922.699951171875,1922.9000244140625,1919.199951171875,1921.199951171875,101369
2025-08-22 06:00:00+00:00,1922.800048828125,1924.199951171875,1922.0999755859375,1922.9000244140625,25893
2025-08-22 06:05:00+00:00,1924.5,1924.5,1923.300048828125,1923.4000244140625,20663
2025-08-22 06:10:00+00:00,1926.5,1926.5,1924.0,1924.5,21603
2025-08-22 06:15:00+00:00,1924.800048828125,1926.4000244140625,1924.5,1926.4000244140625,25311
2025-08-22 06:20:00+00:00,1927.800048828125,1928.5,1924.5,1924.9000244140625,25657
2025-08-22 06:25:00+00:00,1927.4000244140625,1929.0999755859375,1926.699951171875,1927.800048828125,28374
2025-08-22 06:30:00+00:00,1929.300048828125,1929.300048828125,1925.699951171875,1927.4000244140625,50227
2025-08-22 06:35:00+00:00,1927.4000244140625,1929.699951171875,1926.800048828125,1929.199951171875,23062
2025-08-22 06:40:00+00:00,1926.300048828125,1927.5,1925.0,1927.4000244140625,43111
2025-08-22 06:45:00+00:00,1927.4000244140625,1927.5,1925.5999755859375,1926.5999755859375,17408
2025-08-22 06:50:00+00:00,1928.300048828125,1929.0999755859375,1927.4000244140625,1927.4000244140625,19065
2025-08-22 06:55:00+00:00,1929.4000244140625,1929.9000244140625,1928.0,1928.5,21251
2025-08-22 07:00:00+00:00,1928.699951171875,1929.5,1928.300048828125,1929.4000244140625,20215
2025-08-22 07:05:00+00:00,1927.4000244140625,1928.699951171875,1926.9000244140625,1928.699951171875,23247
2025-08-22 07:10:00+00:00,1928.4000244140625,1928.800048828125,1926.4000244140625,1927.800048828125,21913
2025-08-22 07:15:00+00:00,1929.4000244140625,1929.4000244140625,1927.800048828125,1928.699951171875,19703
2025-08-22 07:20:00+00:00,1928.699951171875,1929.4000244140625,1928.0,1929.0999755859375,18822
2025-08-22 07:25:00+00:00,1928.5999755859375,1929.0,1927.5999755859375,1928.5999755859375,19170
2025-08-22 07:30:00+00:00,1929.0,1929.300048828125,1927.9000244140625,1928.0,19993
2025-08-22 07:35:00+00:00,1928.9000244140625,1929.0999755859375,1927.9000244140625,1928.300048828125,21830
2025-08-22 07:40:00+00:00,1928.4000244140625,1929.0,1927.5999755859375,1929.0,21489
2025-08-22 07:45:00+00:00,1928.0,1928.9000244140625,1927.199951171875,1928.5,19631
2025-08-22 07:50:00+00:00,1928.9000244140625,1929.0999755859375,1928.0999755859375,1928.199951171875,20612
2025-08-22 07:55:00+00:00,1929.4000244140625,1929.5,1928.5,1929.199951171875,20383
2025-08-22 08:00:00+00:00,1930.5,1930.5,1928.5999755859375,1929.4000244140625,25302
2025-08-22 08:05:00+00:00,1940.5999755859375,1944.699951171875,1930.800048828125,1930.800048828125,143990
2025-08-22 08:10:00+00:00,1941.699951171875,1947.5999755859375,1940.4000244140625,1940.9000244140625,176394
2025-08-22 08:15:00+00:00,1938.5999755859375,1941.800048828125,1936.5,1941.5999755859375,40697
2025-08-22 08:20:00+00:00,1938.0,1938.800048828125,1935.300048828125,1938.5999755859375,42363
2025-08-22 08:25:00+00:00,1934.699951171875,1938.699951171875,1934.300048828125,1938.0,30326
2025-08-22 08:30:00+00:00,1933.800048828125,1935.9000244140625,1932.5,1935.5999755859375,24564
2025-08-22 08:35:00+00:00,1935.5,1936.9000244140625,1932.800048828125,1934.300048828125,26611
2025-08-22 08:40:00+00:00,1937.199951171875,1937.199951171875,1935.0999755859375,1935.5,23595
2025-08-22 08:45:00+00:00,1935.300048828125,1937.300048828125,1934.300048828125,1937.0,26458
2025-08-22 08:50:00+00:00,1935.0999755859375,1936.699951171875,1934.300048828125,1935.9000244140625,27886
2025-08-22 08:55:00+00:00,1937.0,1939.5,1934.199951171875,1935.5,26101
2025-08-22 09:00:00+00:00,1933.0,1937.0,1932.199951171875,1937.0,31770
2025-08-22 09:05:00+00:00,1932.800048828125,1933.4000244140625,1931.300048828125,1933.4000244140625,28609
2025-08-22 09:10:00+00:00,1934.4000244140625,1934.9000244140625,1932.4000244140625,1932.800048828125,27826
2025-08-22 09:15:00+00:00,1934.4000244140625,1934.9000244140625,1932.199951171875,1934.199951171875,26527
2025-08-22 09:20:00+00:00,1937.4000244140625,1938.0,1933.699951171875,1934.5,69884
2025-08-22 09:25:00+00:00,1937.199951171875,1938.9000244140625,1936.5999755859375,1937.5,58850
2025-08-22 09:30:00+00:00,1933.199951171875,1937.199951171875,1933.199951171875,1937.0,92998
2025-08-22 09:35:00+00:00,1931.699951171875,1933.199951171875,1931.5,1932.4000244140625,90481
2025-08-22 09:40:00+00:00,1934.5999755859375,1935.0,1929.699951171875,1932.0,114917
2025-08-22 09:45:00+00:00,1934.0999755859375,1934.699951171875,1934.0,1934.699951171875,61666
2025-08-22 09:50:00+00:00,1932.5,1934.0999755859375,1932.4000244140625,1934.0999755859375,88874
2025-08-22 09:55:00+00:00,1933.300048828125,1934.800048828125,1931.4000244140625,1932.4000244140625,69907
2025-08-25 03:45:00+00:00,1919.300048828125,1940.0,1918.5999755859375,1940.0,0
2025-08-25 03:50:00+00:00,1914.0,1920.199951171875,1913.199951171875,1918.5999755859375,47649
2025-08-25 03:55:00+00:00,1916.5999755859375,1918.9000244140625,1914.0,1914.0,23857
2025-08-25 04:00:00+00:00,1920.0,1920.800048828125,1916.9000244140625,1916.9000244140625,29197
2025-08-25 04:05:00+00:00,1920.5999755859375,1921.199951171875,1918.9000244140625,1920.0,16899
2025-08-25 04:10:00+00:00,1923.5999755859375,1923.800048828125,1919.4000244140625,1920.9000244140625,21875
2025-08-25 04:15:00+00:00,1920.199951171875,1924.5999755859375,1920.0,1923.4000244140625,18460
2025-08-25 04:20:00+00:00,1919.5999755859375,1920.5999755859375,1918.5,1920.0999755859375,13986
2025-08-25 04:25:00+00:00,1920.0,1920.5,1918.5,1919.199951171875,19385
2025-08-25 04:30:00+00:00,1917.0999755859375,1921.300048828125,1917.0,1920.199951171875,15148
2025-08-25 04:35:00+00:00,1916.300048828125,1917.300048828125,1915.5999755859375,1917.0,11636
2025-08-25 04:40:00+00:00,1915.699951171875,1917.5,1915.699951171875,1916.300048828125,14254
2025-08-25 04:45:00+00:00,1915.5999755859375,1915.800048828125,1914.800048828125,1915.800048828125,13799
2025-08-25 04:50:00+00:00,1918.0,1918.9000244140625,1916.5,1916.5,22007
2025-08-25 04:55:00+00:00,1918.199951171875,1919.300048828125,1917.0999755859375,1917.9000244140625,20205
2025-08-25 05:00:00+00:00,1920.4000244140625,1921.0999755859375,1918.0,1918.5,18379
2025-08-25 05:05:00+00:00,1922.5,1922.5999755859375,1920.0,1920.300048828125,15222
2025-08-25 05:10:00+00:00,1920.0,1923.0,1920.0,1922.199951171875,22407
2025-08-25 05:15:00+00:00,1920.4000244140625,1921.0,1920.0,1920.0,13821
2025-08-25 05:20:00+00:00,1921.0,1921.5,1920.0999755859375,1920.0999755859375,10487
2025-08-25 05:25:00+00:00,1921.0999755859375,1921.5999755859375,1920.699951171875,1921.0,6372
2025-08-25 05:30:00+00:00,1920.0,1921.9000244140625,1920.0,1921.0999755859375,26765
2025-08-25 05:35:00+00:00,1920.300048828125,1922.0,1920.199951171875,1920.300048828125,22999
2025-08-25 05:40:00+00:00,1921.0999755859375,1921.699951171875,1920.0,1920.699951171875,11238
2025-08-25 05:45:00+00:00,1920.0,1921.5,1920.0,1921.0999755859375,39485
2025-08-25 05:50:00+00:00,1920.5,1920.5,1920.0,1920.0999755859375,12379
2025-08-25 05:55:00+00:00,1920.5,1921.5,1920.0,1920.5999755859375,15840
2025-08-25 06:00:00+00:00,1920.0999755859375,1920.9000244140625,1920.0,1920.5999755859375,32282
2025-08-25 06:05:00+00:00,1921.300048828125,1922.5,1920.0,1920.0999755859375,21692
2025-08-25 06:10:00+00:00,1922.5999755859375,1923.0,1920.9000244140625,1921.4000244140625,13176
2025-08-25 06:15:00+00:00,1924.199951171875,1925.0,1922.699951171875,1922.699951171875,29011
2025-08-25 06:20:00+00:00,1925.300048828125,1925.9000244140625,1924.0,1924.699951171875,21491
2025-08-25 06:25:00+00:00,1926.9000244140625,1927.0,1925.199951171875,1925.5,17391
2025-08-25 06:30:00+00:00,1929.0,1929.5,1926.4000244140625,1927.0,28405
2025-08-25 06:35:00+00:00,1929.5,1929.5,1927.0999755859375,1929.300048828125,12669
2025-08-25 06:40:00+00:00,1929.4000244140625,1929.5999755859375,1927.5,1929.5,11838
2025-08-25 06:45:00+00:00,1929.5,1929.699951171875,1927.5,1929.300048828125,32084
2025-08-25 06:50:00+00:00,1928.699951171875,1930.0,1928.4000244140625,1929.699951171875,19399
2025-08-25 06:55:00+00:00,1928.5999755859375,1930.0,1928.0,1929.0,15718
2025-08-25 07:00:00+00:00,1929.800048828125,1929.800048828125,1928.300048828125,1928.699951171875,21510
2025-08-25 07:05:00+00:00,1928.699951171875,1930.0,1928.4000244140625,1929.800048828125,19013
2025-08-25 07:10:00+00:00,1929.0999755859375,1929.199951171875,1928.0999755859375,1928.5999755859375,38152
2025-08-25 07:15:00+00:00,1929.4000244140625,1929.9000244140625,1928.699951171875,1929.0,18527
2025-08-25 07:20:00+00:00,1930.4000244140625,1931.4000244140625,1929.5,1929.5999755859375,54015
2025-08-25 07:25:00+00:00,1929.800048828125,1930.5999755859375,1929.199951171875,1930.4000244140625,27983
2025-08-25 07:30:00+00:00,1930.699951171875,1930.699951171875,1928.9000244140625,1929.9000244140625,28075
2025-08-25 07:35:00+00:00,1930.5,1931.5,1929.9000244140625,1931.0,44629
2025-08-25 07:40:00+00:00,1932.5,1932.699951171875,1929.5,1930.5,27817
2025-08-25 07:45:00+00:00,1932.199951171875,1932.800048828125,1931.199951171875,1932.5999755859375,36897
2025-08-25 07:50:00+00:00,1931.4000244140625,1932.5,1930.5,1932.199951171875,26670
2025-08-25 07:55:00+00:00,1931.0999755859375,1931.5999755859375,1930.5,1931.5999755859375,20799
2025-08-25 08:00:00+00:00,1930.800048828125,1931.699951171875,1930.800048828125,1931.0999755859375,25087
2025-08-25 08:05:00+00:00,1930.199951171875,1931.5999755859375,1930.0999755859375,1931.0,25060
2025-08-25 08:10:00+00:00,1930.9000244140625,1931.5,1929.199951171875,1930.300048828125,27137
2025-08-25 08:15:00+00:00,1930.9000244140625,1931.5999755859375,1930.300048828125,1930.800048828125,37940
2025-08-25 08:20:00+00:00,1931.199951171875,1931.5,1930.0,1930.800048828125,25039
2025-08-25 08:25:00+00:00,1931.199951171875,1932.0,1930.699951171875,1931.4000244140625,30034
2025-08-25 08:30:00+00:00,1931.300048828125,1931.5999755859375,1930.4000244140625,1931.0999755859375,17392
2025-08-25 08:35:00+00:00,1930.800048828125,1931.5999755859375,1930.4000244140625,1931.199951171875,27689
2025-08-25 08:40:00+00:00,1928.5,1931.300048828125,1927.9000244140625,1930.699951171875,28602
2025-08-25 08:45:00+00:00,1927.699951171875,1930.5,1927.699951171875,1928.5,61370
2025-08-25 08:50:00+00:00,1927.0,1927.9000244140625,1926.5,1927.800048828125,28373
2025-08-25 08:55:00+00:00,1927.4000244140625,1927.5,1925.0,1927.0,52641
2025-08-25 09:00:00+00:00,1926.699951171875,1927.800048828125,1925.9000244140625,1927.5,30819
2025-08-25 09:05:00+00:00,1930.199951171875,1930.5,1926.0999755859375,1926.5999755859375,73091
2025-08-25 09:10:00+00:00,1930.0999755859375,1930.5,1928.300048828125,1930.0,51968
2025-08-25 09:15:00+00:00,1931.199951171875,1931.300048828125,1929.9000244140625,1930.0,60903
2025-08-25 09:20:00+00:00,1930.5999755859375,1931.699951171875,1928.9000244140625,1931.199951171875,37673
2025-08-25 09:25:00+00:00,1932.0,1932.699951171875,1930.699951171875,1930.699951171875,81195
2025-08-25 09:30:00+00:00,1931.800048828125,1932.4000244140625,1931.4000244140625,1932.300048828125,95684
2025-08-25 09:35:00+00:00,1932.0,1933.4000244140625,1931.5,1932.300048828125,136644
2025-08-25 09:40:00+00:00,1928.800048828125,1931.9000244140625,1928.0999755859375,1931.699951171875,54030
2025-08-25 09:45:00+00:00,1928.9000244140625,1929.800048828125,1928.0999755859375,1928.800048828125,57936
2025-08-25 09:50:00+00:00,1928.4000244140625,1929.0999755859375,1927.300048828125,1928.699951171875,77320
2025-08-25 09:55:00+00:00,1930.699951171875,1930.699951171875,1926.699951171875,1928.4000244140625,0
2025-08-26 03:45:00+00:00,1917.0,1922.0999755859375,1914.4000244140625,1922.0999755859375,128661
2025-08-26 03:50:00+00:00,1912.0,1916.5999755859375,1909.800048828125,1916.5999755859375,125972
2025-08-26 03:55:00+00:00,1914.800048828125,1915.9000244140625,1910.0,1911.199951171875,62101
2025-08-26 04:00:00+00:00,1910.800048828125,1915.0,1909.4000244140625,1914.5999755859375,112053
2025-08-26 04:05:00+00:00,1909.0999755859375,1910.800048828125,1906.9000244140625,1910.800048828125,75298
2025-08-26 04:10:00+00:00,1903.199951171875,1909.0999755859375,1903.0999755859375,1908.699951171875,93335
2025-08-26 04:15:00+00:00,1902.199951171875,1904.0999755859375,1900.199951171875,1903.5,110501
2025-08-26 04:20:00+00:00,1909.699951171875,1911.0,1902.5999755859375,1902.800048828125,38478
2025-08-26 04:25:00+00:00,1912.0,1913.9000244140625,1910.0,1911.0,21693
2025-08-26 04:30:00+00:00,1913.800048828125,1913.9000244140625,1910.0999755859375,1912.199951171875,19534
2025-08-26 04:35:00+00:00,1912.5,1914.5,1912.0,1913.9000244140625,20190
2025-08-26 04:40:00+00:00,1914.199951171875,1915.199951171875,1912.0,1912.5999755859375,21682
2025-08-26 04:45:00+00:00,1913.300048828125,1914.9000244140625,1912.199951171875,1914.300048828125,15883
2025-08-26 04:50:00+00:00,1912.699951171875,1913.9000244140625,1912.4000244140625,1913.0999755859375,12937
2025-08-26 04:55:00+00:00,1908.9000244140625,1912.800048828125,1908.699951171875,1912.800048828125,21812
2025-08-26 05:00:00+00:00,1908.800048828125,1909.800048828125,1907.5,1908.9000244140625,29944
2025-08-26 05:05:00+00:00,1910.800048828125,1911.199951171875,1908.699951171875,1908.800048828125,23122
2025-08-26 05:10:00+00:00,1909.699951171875,1910.9000244140625,1909.5999755859375,1910.800048828125,14979
2025-08-26 05:15:00+00:00,1908.199951171875,1909.5999755859375,1908.199951171875,1909.5999755859375,22197
2025-08-26 05:20:00+00:00,1909.199951171875,1910.4000244140625,1908.199951171875,1908.199951171875,26515
2025-08-26 05:25:00+00:00,1912.5999755859375,1913.199951171875,1909.0999755859375,1909.199951171875,76977
2025-08-26 05:30:00+00:00,1912.699951171875,1914.0999755859375,1912.4000244140625,1913.0,20256
2025-08-26 05:35:00+00:00,1913.5,1913.800048828125,1912.300048828125,1912.800048828125,15927
2025-08-26 05:40:00+00:00,1913.199951171875,1913.9000244140625,1912.9000244140625,1913.4000244140625,14699
2025-08-26 05:45:00+00:00,1914.0,1914.699951171875,1912.4000244140625,1913.0,25247
2025-08-26 05:50:00+00:00,1913.300048828125,1915.0,1913.0,1914.4000244140625,15856
2025-08-26 05:55:00+00:00,1915.5,1915.699951171875,1913.0,1913.0999755859375,24841
2025-08-26 06:00:00+00:00,1915.199951171875,1915.699951171875,1915.0,1915.5,12667
2025-08-26 06:05:00+00:00,1915.800048828125,1916.4000244140625,1915.0,1915.0,23679
2025-08-26 06:10:00+00:00,1915.9000244140625,1916.699951171875,1915.0999755859375,1915.5999755859375,21097
2025-08-26 06:15:00+00:00,1915.0999755859375,1916.699951171875,1915.0999755859375,1915.699951171875,17412
2025-08-26 06:20:00+00:00,1915.199951171875,1915.300048828125,1914.800048828125,1915.0999755859375,21242
2025-08-26 06:25:00+00:00,1913.300048828125,1915.199951171875,1912.699951171875,1915.199951171875,16984
2025-08-26 06:30:00+00:00,1913.0,1913.4000244140625,1912.0,1913.199951171875,16264
2025-08-26 06:35:00+00:00,1913.0999755859375,1914.0999755859375,1912.5,1913.0,23584
2025-08-26 06:40:00+00:00,1915.0999755859375,1915.199951171875,1912.5,1913.0999755859375,28480
2025-08-26 06:45:00+00:00,1916.0,1916.9000244140625,1915.0,1915.0,30009
2025-08-26 06:50:00+00:00,1914.800048828125,1916.9000244140625,1914.800048828125,1916.0,13218
2025-08-26 06:55:00+00:00,1913.300048828125,1914.800048828125,1913.0999755859375,1914.5999755859375,13995
2025-08-26 07:00:00+00:00,1913.199951171875,1914.5,1913.0,1913.0999755859375,19135
2025-08-26 07:05:00+00:00,1912.5,1913.199951171875,1911.0999755859375,1913.199951171875,20391
2025-08-26 07:10:00+00:00,1912.699951171875,1913.300048828125,1911.5,1912.5,34724
2025-08-26 07:15:00+00:00,1914.699951171875,1914.9000244140625,1912.4000244140625,1912.5,23145
2025-08-26 07:20:00+00:00,1915.0999755859375,1915.9000244140625,1914.199951171875,1914.699951171875,23369
2025-08-26 07:25:00+00:00,1915.0999755859375,1915.199951171875,1913.300048828125,1915.0999755859375,21699
2025-08-26 07:30:00+00:00,1914.699951171875,1915.5,1914.199951171875,1915.0999755859375,14713
2025-08-26 07:35:00+00:00,1917.0999755859375,1917.699951171875,1914.300048828125,1914.9000244140625,70232
2025-08-26 07:40:00+00:00,1916.800048828125,1917.300048828125,1915.0,1916.800048828125,27344
2025-08-26 07:45:00+00:00,1915.4000244140625,1916.9000244140625,1915.0,1916.5,22109
2025-08-26 07:50:00+00:00,1916.5,1916.800048828125,1915.0,1915.300048828125,31277
2025-08-26 07:55:00+00:00,1915.4000244140625,1917.9000244140625,1915.0999755859375,1916.5,64761
2025-08-26 08:00:00+00:00,1915.300048828125,1917.0999755859375,1915.0999755859375,1915.4000244140625,37862
2025-08-26 08:05:00+00:00,1913.4000244140625,1916.0999755859375,1912.4000244140625,1915.4000244140625,39922
2025-08-26 08:10:00+00:00,1912.5,1914.0,1912.4000244140625,1913.5,26346
2025-08-26 08:15:00+00:00,1912.5,1913.699951171875,1912.0,1912.5,40988
2025-08-26 08:20:00+00:00,1915.4000244140625,1916.0,1910.800048828125,1912.0999755859375,103105
2025-08-26 08:25:00+00:00,1911.9000244140625,1915.9000244140625,1911.0999755859375,1915.4000244140625,53858
2025-08-26 08:30:00+00:00,1912.699951171875,1913.5,1911.0999755859375,1911.699951171875,22357
2025-08-26 08:35:00+00:00,1913.5999755859375,1914.4000244140625,1912.4000244140625,1912.800048828125,25034
2025-08-26 08:40:00+00:00,1911.0999755859375,1913.699951171875,1911.0,1913.699951171875,68049
2025-08-26 08:45:00+00:00,1911.300048828125,1911.5999755859375,1911.0,1911.0999755859375,20278
2025-08-26 08:50:00+00:00,1911.0,1911.4000244140625,1911.0,1911.199951171875,18697
2025-08-26 08:55:00+00:00,1911.9000244140625,1911.9000244140625,1908.199951171875,1911.0,103789
2025-08-26 09:00:00+00:00,1909.5999755859375,1912.0999755859375,1908.300048828125,1911.5999755859375,54517
2025-08-26 09:05:00+00:00,1910.800048828125,1911.0999755859375,1909.4000244140625,1909.699951171875,38093
2025-08-26 09:10:00+00:00,1909.300048828125,1911.5,1909.199951171875,1910.0999755859375,37957
2025-08-26 09:15:00+00:00,1909.300048828125,1910.5999755859375,1908.5999755859375,1909.300048828125,60731
2025-08-26 09:20:00+00:00,1909.199951171875,1910.300048828125,1908.300048828125,1908.9000244140625,55240
2025-08-26 09:25:00+00:00,1909.5,1910.5,1909.0,1909.4000244140625,35574
2025-08-26 09:30:00+00:00,1908.5,1912.9000244140625,1906.9000244140625,1909.5999755859375,561316
2025-08-26 09:35:00+00:00,1907.199951171875,1908.5999755859375,1905.9000244140625,1908.5,574455
2025-08-26 09:40:00+00:00,1903.199951171875,1907.800048828125,1903.199951171875,1907.0,578944
2025-08-26 09:45:00+00:00,1901.4000244140625,1905.0999755859375,1901.199951171875,1903.5,686767
2025-08-26 09:50:00+00:00,1899.0999755859375,1903.300048828125,1898.5999755859375,1901.5999755859375,639612
2025-08-26 09:55:00+00:00,1904.699951171875,1907.800048828125,1899.0999755859375,1899.199951171875,0
2025-08-28 03:45:00+00:00,1891.199951171875,1899.800048828125,1889.699951171875,1896.0999755859375,0
2025-08-28 03:50:00+00:00,1892.0999755859375,1893.9000244140625,1891.300048828125,1891.5999755859375,49355
2025-08-28 03:55:00+00:00,1893.0,1896.199951171875,1892.0999755859375,1892.300048828125,58591
2025-08-28 04:00:00+00:00,1891.4000244140625,1894.0999755859375,1890.0,1893.0999755859375,76350
2025-08-28 04:05:00+00:00,1891.4000244140625,1892.800048828125,1890.0,1891.0999755859375,65608
2025-08-28 04:10:00+00:00,1892.300048828125,1892.9000244140625,1890.5999755859375,1891.300048828125,42320
2025-08-28 04:15:00+00:00,1892.4000244140625,1895.4000244140625,1892.0,1892.199951171875,45121
2025-08-28 04:20:00+00:00,1895.5,1895.5,1892.0999755859375,1892.199951171875,32251
2025-08-28 04:25:00+00:00,1894.800048828125,1895.5,1892.5,1895.5,31167
2025-08-28 04:30:00+00:00,1896.0999755859375,1896.5999755859375,1894.5,1895.199951171875,32600
2025-08-28 04:35:00+00:00,1893.699951171875,1896.199951171875,1893.0,1896.199951171875,30547
2025-08-28 04:40:00+00:00,1897.9000244140625,1898.199951171875,1893.699951171875,1893.699951171875,36650
2025-08-28 04:45:00+00:00,1895.0999755859375,1897.9000244140625,1894.0,1897.9000244140625,37202
2025-08-28 04:50:00+00:00,1894.9000244140625,1895.699951171875,1894.199951171875,1895.0999755859375,21454
2025-08-28 04:55:00+00:00,1892.699951171875,1895.0,1892.199951171875,1894.800048828125,17543
2025-08-28 05:00:00+00:00,1895.300048828125,1896.0,1892.199951171875,1892.300048828125,32662
2025-08-28 05:05:00+00:00,1892.300048828125,1895.800048828125,1892.199951171875,1895.199951171875,26366
2025-08-28 05:10:00+00:00,1891.5,1893.5,1891.0999755859375,1892.300048828125,26116
2025-08-28 05:15:00+00:00,1896.800048828125,1897.0999755859375,1891.0999755859375,1891.5,44943
2025-08-28 05:20:00+00:00,1897.0,1898.9000244140625,1895.0999755859375,1897.0,49149
2025-08-28 05:25:00+00:00,1896.0999755859375,1897.4000244140625,1895.5,1896.5999755859375,24219
2025-08-28 05:30:00+00:00,1892.800048828125,1896.0999755859375,1892.4000244140625,1896.0999755859375,60874
2025-08-28 05:35:00+00:00,1895.4000244140625,1897.0999755859375,1892.300048828125,1892.800048828125,26045
2025-08-28 05:40:00+00:00,1897.0999755859375,1897.0999755859375,1893.5999755859375,1895.300048828125,59389
2025-08-28 05:45:00+00:00,1896.4000244140625,1898.9000244140625,1896.0,1897.0999755859375,35138
2025-08-28 05:50:00+00:00,1896.9000244140625,1897.800048828125,1895.0,1896.0,30220
2025-08-28 05:55:00+00:00,1895.0999755859375,1898.300048828125,1895.0,1896.4000244140625,38218
2025-08-28 06:00:00+00:00,1897.5,1897.9000244140625,1895.0,1895.0,36092
2025-08-28 06:05:00+00:00,1896.0,1898.300048828125,1895.0,1897.5,49557
2025-08-28 06:10:00+00:00,1895.0,1897.4000244140625,1895.0,1895.800048828125,61236
2025-08-28 06:15:00+00:00,1892.800048828125,1895.4000244140625,1892.699951171875,1894.699951171875,60305
2025-08-28 06:20:00+00:00,1892.0,1893.0,1890.9000244140625,1892.4000244140625,29858
2025-08-28 06:25:00+00:00,1890.5,1892.0,1888.5,1892.0,41433
2025-08-28 06:30:00+00:00,1889.9000244140625,1890.5,1888.4000244140625,1890.5,27748
2025-08-28 06:35:00+00:00,1889.9000244140625,1890.300048828125,1888.699951171875,1889.800048828125,28982
2025-08-28 06:40:00+00:00,1892.9000244140625,1893.300048828125,1889.5999755859375,1889.800048828125,40500
2025-08-28 06:45:00+00:00,1890.5,1893.0,1889.800048828125,1892.9000244140625,29564
2025-08-28 06:50:00+00:00,1889.0,1890.5,1887.800048828125,1890.5,34492
2025-08-28 06:55:00+00:00,1890.5,1891.199951171875,1888.9000244140625,1889.0,35273
2025-08-28 07:00:00+00:00,1892.800048828125,1893.0,1889.5999755859375,1890.5,26593
2025-08-28 07:05:00+00:00,1894.5,1894.9000244140625,1892.699951171875,1892.699951171875,31579
2025-08-28 07:10:00+00:00,1893.0,1894.5999755859375,1892.0999755859375,1894.5,38412
2025-08-28 07:15:00+00:00,1892.300048828125,1893.800048828125,1892.0,1893.4000244140625,41646
2025-08-28 07:20:00+00:00,1891.9000244140625,1892.300048828125,1890.300048828125,1892.300048828125,66214
2025-08-28 07:25:00+00:00,1891.699951171875,1893.199951171875,1890.4000244140625,1891.9000244140625,88742
2025-08-28 07:30:00+00:00,1891.0999755859375,1891.5999755859375,1889.0,1891.4000244140625,62218
2025-08-28 07:35:00+00:00,1890.0,1891.699951171875,1888.0999755859375,1891.0,58343
2025-08-28 07:40:00+00:00,1891.0999755859375,1891.5,1889.5999755859375,1890.699951171875,58694
2025-08-28 07:45:00+00:00,1891.0,1891.800048828125,1891.0,1891.0999755859375,25022
2025-08-28 07:50:00+00:00,1890.4000244140625,1891.0,1889.5999755859375,1891.0,32738
2025-08-28 07:55:00+00:00,1890.0999755859375,1891.300048828125,1889.5999755859375,1890.4000244140625,47144
2025-08-28 08:00:00+00:00,1889.300048828125,1890.5999755859375,1889.0999755859375,1890.0999755859375,32980
2025-08-28 08:05:00+00:00,1891.699951171875,1893.0,1889.0,1889.300048828125,50168
2025-08-28 08:10:00+00:00,1891.5,1892.800048828125,1891.300048828125,1891.5,22665
2025-08-28 08:15:00+00:00,1891.5,1892.0,1890.4000244140625,1891.5,43980
2025-08-28 08:20:00+00:00,1891.300048828125,1892.0,1890.0,1891.5,21882
2025-08-28 08:25:00+00:00,1890.4000244140625,1892.0,1889.800048828125,1891.5,38777
2025-08-28 08:30:00+00:00,1887.0,1891.300048828125,1886.199951171875,1890.4000244140625,60016
2025-08-28 08:35:00+00:00,1889.0,1890.5,1886.699951171875,1887.0,87717
2025-08-28 08:40:00+00:00,1890.300048828125,1891.0,1888.800048828125,1888.800048828125,139236
2025-08-28 08:45:00+00:00,1889.9000244140625,1891.4000244140625,1888.9000244140625,1890.199951171875,63421
2025-08-28 08:50:00+00:00,1889.800048828125,1890.5999755859375,1888.300048828125,1889.5,53661
2025-08-28 08:55:00+00:00,1888.300048828125,1889.800048828125,1884.9000244140625,1889.800048828125,120989
2025-08-28 09:00:00+00:00,1884.0999755859375,1888.300048828125,1884.0,1888.300048828125,32872
2025-08-28 09:05:00+00:00,1882.0999755859375,1884.9000244140625,1881.5,1884.5999755859375,91857
2025-08-28 09:10:00+00:00,1881.300048828125,1882.5999755859375,1879.5,1882.0999755859375,98254
2025-08-28 09:15:00+00:00,1879.5999755859375,1881.300048828125,1878.5,1881.300048828125,139388
2025-08-28 09:20:00+00:00,1883.0,1883.699951171875,1879.4000244140625,1879.4000244140625,121996
2025-08-28 09:25:00+00:00,1883.5999755859375,1883.699951171875,1881.0,1883.300048828125,59242
2025-08-28 09:30:00+00:00,1880.0,1883.800048828125,1880.0,1883.5999755859375,338040
2025-08-28 09:35:00+00:00,1881.0,1882.0999755859375,1879.5999755859375,1880.0,231603
2025-08-28 09:40:00+00:00,1881.0,1882.0,1878.5999755859375,1881.0,354052
2025-08-28 09:45:00+00:00,1880.4000244140625,1882.199951171875,1879.0,1880.9000244140625,250706
2025-08-28 09:50:00+00:00,1882.0,1883.0,1880.199951171875,1880.4000244140625,217869
2025-08-28 09:55:00+00:00,1881.0999755859375,1888.0,1880.199951171875,1882.0,192382
2025-08-29 03:45:00+00:00,1882.0999755859375,1896.199951171875,1879.300048828125,1879.300048828125,0
2025-08-29 03:50:00+00:00,1884.4000244140625,1888.300048828125,1881.0999755859375,1881.9000244140625,68632
2025-08-29 03:55:00+00:00,1882.9000244140625,1884.800048828125,1882.9000244140625,1884.4000244140625,65510
2025-08-29 04:00:00+00:00,1880.5999755859375,1883.5,1880.300048828125,1882.9000244140625,55046
2025-08-29 04:05:00+00:00,1880.0,1881.5,1876.5,1880.699951171875,31678
2025-08-29 04:10:00+00:00,1880.0999755859375,1882.0,1878.9000244140625,1880.0999755859375,26159
2025-08-29 04:15:00+00:00,1875.5999755859375,1880.0999755859375,1875.4000244140625,1880.0999755859375,35500
2025-08-29 04:20:00+00:00,1876.5999755859375,1878.0999755859375,1874.699951171875,1876.0,33230
2025-08-29 04:25:00+00:00,1878.699951171875,1881.199951171875,1876.300048828125,1876.4000244140625,27698
2025-08-29 04:30:00+00:00,1878.4000244140625,1880.0,1877.0999755859375,1878.699951171875,30494
2025-08-29 04:35:00+00:00,1878.5,1878.9000244140625,1876.699951171875,1878.4000244140625,20313
2025-08-29 04:40:00+00:00,1879.5999755859375,1879.5999755859375,1877.5,1878.9000244140625,16613
2025-08-29 04:45:00+00:00,1881.5999755859375,1883.199951171875,1879.0,1879.199951171875,51981
2025-08-29 04:50:00+00:00,1881.9000244140625,1882.5,1880.699951171875,1881.5,21574
2025-08-29 04:55:00+00:00,1877.699951171875,1882.0999755859375,1877.5999755859375,1881.9000244140625,25892
2025-08-29 05:00:00+00:00,1879.4000244140625,1880.5,1877.300048828125,1877.300048828125,25790
2025-08-29 05:05:00+00:00,1881.199951171875,1881.5,1878.0,1878.9000244140625,29034
2025-08-29 05:10:00+00:00,1882.5,1883.4000244140625,1881.0999755859375,1881.300048828125,25175
2025-08-29 05:15:00+00:00,1880.0999755859375,1883.0,1879.699951171875,1882.5,26202
2025-08-29 05:20:00+00:00,1882.9000244140625,1883.5999755859375,1880.0999755859375,1880.9000244140625,21292
2025-08-29 05:25:00+00:00,1885.4000244140625,1885.5,1882.9000244140625,1882.9000244140625,14212
2025-08-29 05:30:00+00:00,1885.699951171875,1887.5,1884.0999755859375,1885.5,135824
2025-08-29 05:35:00+00:00,1885.5,1886.4000244140625,1885.5,1885.5,16205
2025-08-29 05:40:00+00:00,1887.5999755859375,1888.0,1885.300048828125,1885.5999755859375,39901
2025-08-29 05:45:00+00:00,1886.800048828125,1888.0999755859375,1886.0,1887.699951171875,38564
2025-08-29 05:50:00+00:00,1886.0999755859375,1887.5,1885.699951171875,1887.0,19522
2025-08-29 05:55:00+00:00,1885.800048828125,1887.199951171875,1885.0,1886.0999755859375,22496
2025-08-29 06:00:00+00:00,1887.0,1887.5,1885.0,1885.699951171875,19369
2025-08-29 06:05:00+00:00,1888.5,1888.5999755859375,1886.9000244140625,1887.4000244140625,25567
2025-08-29 06:10:00+00:00,1889.0999755859375,1889.300048828125,1887.9000244140625,1888.199951171875,18490
2025-08-29 06:15:00+00:00,1891.5,1892.0,1888.699951171875,1888.9000244140625,23339
2025-08-29 06:20:00+00:00,1890.0,1892.5999755859375,1890.0,1891.699951171875,45695
2025-08-29 06:25:00+00:00,1889.5,1892.4000244140625,1889.4000244140625,1890.199951171875,24890
2025-08-29 06:30:00+00:00,1888.800048828125,1889.800048828125,1888.0,1889.5999755859375,28693
2025-08-29 06:35:00+00:00,1887.5999755859375,1889.5,1886.9000244140625,1888.699951171875,37341
2025-08-29 06:40:00+00:00,1887.0,1888.5,1886.699951171875,1887.699951171875,39285
2025-08-29 06:45:00+00:00,1889.9000244140625,1890.0999755859375,1886.9000244140625,1887.0,47530
2025-08-29 06:50:00+00:00,1887.300048828125,1889.800048828125,1886.4000244140625,1889.699951171875,33076
2025-08-29 06:55:00+00:00,1889.0999755859375,1889.0999755859375,1887.0,1887.5999755859375,30802
2025-08-29 07:00:00+00:00,1888.300048828125,1889.699951171875,1888.300048828125,1889.199951171875,18617
2025-08-29 07:05:00+00:00,1888.0,1890.199951171875,1887.0,1888.5,39863
2025-08-29 07:10:00+00:00,1886.199951171875,1888.199951171875,1885.0999755859375,1888.0999755859375,35005
2025-08-29 07:15:00+00:00,1887.0,1888.0999755859375,1885.5999755859375,1886.199951171875,26550
2025-08-29 07:20:00+00:00,1886.199951171875,1887.5,1885.5,1887.199951171875,32217
2025-08-29 07:25:00+00:00,1887.699951171875,1887.699951171875,1885.300048828125,1886.199951171875,26990
2025-08-29 07:30:00+00:00,1885.9000244140625,1887.4000244140625,1885.300048828125,1887.0,24697
2025-08-29 07:35:00+00:00,1886.800048828125,1887.5,1885.4000244140625,1886.0,18086
2025-08-29 07:40:00+00:00,1886.5,1887.5999755859375,1886.0999755859375,1886.800048828125,24137
2025-08-29 07:45:00+00:00,1886.5999755859375,1887.5999755859375,1886.199951171875,1886.5,22841
2025-08-29 07:50:00+00:00,1887.5999755859375,1887.5999755859375,1885.300048828125,1886.5999755859375,34477
2025-08-29 07:55:00+00:00,1885.300048828125,1888.0,1885.0,1887.9000244140625,22243
2025-08-29 08:00:00+00:00,1885.0,1885.5,1885.0,1885.199951171875,25672
2025-08-29 08:05:00+00:00,1884.4000244140625,1885.199951171875,1883.800048828125,1885.0,56158
2025-08-29 08:10:00+00:00,1883.9000244140625,1885.0,1883.800048828125,1884.199951171875,25632
2025-08-29 08:15:00+00:00,1885.800048828125,1885.9000244140625,1883.300048828125,1883.9000244140625,32654
2025-08-29 08:20:00+00:00,1884.800048828125,1887.5,1884.699951171875,1885.699951171875,38563
2025-08-29 08:25:00+00:00,1885.0999755859375,1886.0999755859375,1884.0999755859375,1884.800048828125,48124
2025-08-29 08:30:00+00:00,1886.699951171875,1887.800048828125,1884.800048828125,1885.0,33361
2025-08-29 08:35:00+00:00,1887.5999755859375,1888.0,1885.300048828125,1886.5999755859375,33212
2025-08-29 08:40:00+00:00,1887.9000244140625,1889.0,1887.5999755859375,1888.0,38416
2025-08-29 08:45:00+00:00,1890.800048828125,1890.9000244140625,1887.199951171875,1888.0,65513
2025-08-29 08:50:00+00:00,1895.800048828125,1898.9000244140625,1890.5,1890.5,127233
2025-08-29 08:55:00+00:00,1891.699951171875,1897.199951171875,1891.5999755859375,1896.300048828125,73682
2025-08-29 09:00:00+00:00,1893.300048828125,1894.5999755859375,1892.0,1892.0,35187
2025-08-29 09:05:00+00:00,1890.0,1893.300048828125,1888.5,1893.300048828125,56953
2025-08-29 09:10:00+00:00,1890.0,1890.5,1888.4000244140625,1890.0999755859375,30878
2025-08-29 09:15:00+00:00,1893.300048828125,1894.0,1889.699951171875,1890.0,60696
2025-08-29 09:20:00+00:00,1893.300048828125,1894.5999755859375,1893.0,1893.0999755859375,39471
2025-08-29 09:25:00+00:00,1895.0,1895.4000244140625,1893.0,1893.300048828125,35961
2025-08-29 09:30:00+00:00,1889.699951171875,1895.0,1889.5999755859375,1895.0,405246
2025-08-29 09:35:00+00:00,1888.0999755859375,1891.199951171875,1888.0,1889.800048828125,227075
2025-08-29 09:40:00+00:00,1886.0,1889.199951171875,1886.0,1888.0,242106
2025-08-29 09:45:00+00:00,1885.4000244140625,1887.300048828125,1885.4000244140625,1886.0,231992
2025-08-29 09:50:00+00:00,1886.199951171875,1886.800048828125,1884.5,1885.4000244140625,233708
2025-08-29 09:55:00+00:00,1888.800048828125,1893.5,1886.0,1886.199951171875,166169
2025-09-01 03:45:00+00:00,1892.5,1899.0999755859375,1890.5999755859375,1892.0,0
2025-09-01 03:50:00+00:00,1890.5,1893.5,1889.300048828125,1892.9000244140625,65851
2025-09-01 03:55:00+00:00,1888.0,1891.0,1886.699951171875,1890.5999755859375,37123
2025-09-01 04:00:00+00:00,1888.800048828125,1888.800048828125,1886.199951171875,1887.9000244140625,45458
2025-09-01 04:05:00+00:00,1887.0,1889.0,1886.5999755859375,1888.800048828125,34515
2025-09-01 04:10:00+00:00,1887.0999755859375,1888.699951171875,1884.199951171875,1886.699951171875,40204
2025-09-01 04:15:00+00:00,1889.5999755859375,1890.0,1886.800048828125,1886.800048828125,89645
2025-09-01 04:20:00+00:00,1892.9000244140625,1894.0,1888.0,1889.800048828125,63144
2025-09-01 04:25:00+00:00,1891.9000244140625,1893.800048828125,1891.5,1892.699951171875,43743
2025-09-01 04:30:00+00:00,1894.300048828125,1895.0,1891.5,1891.9000244140625,44869
2025-09-01 04:35:00+00:00,1898.699951171875,1902.9000244140625,1894.0999755859375,1895.0,139796
2025-09-01 04:40:00+00:00,1896.9000244140625,1899.800048828125,1895.0999755859375,1899.5999755859375,61705
2025-09-01 04:45:00+00:00,1896.5,1898.800048828125,1895.699951171875,1897.4000244140625,35298
2025-09-01 04:50:00+00:00,1897.9000244140625,1898.5,1895.0,1896.300048828125,23678
2025-09-01 04:55:00+00:00,1904.0,1904.800048828125,1897.800048828125,1898.4000244140625,44000
2025-09-01 05:00:00+00:00,1903.199951171875,1904.800048828125,1901.5999755859375,1904.0,49912
2025-09-01 05:05:00+00:00,1901.4000244140625,1904.0,1900.0,1903.5999755859375,37367
2025-09-01 05:10:00+00:00,1901.199951171875,1903.0,1900.0999755859375,1901.0999755859375,33140
2025-09-01 05:15:00+00:00,1900.5999755859375,1902.5,1900.0999755859375,1901.199951171875,31015
2025-09-01 05:20:00+00:00,1901.199951171875,1901.9000244140625,1899.5999755859375,1900.5999755859375,33390
2025-09-01 05:25:00+00:00,1901.5999755859375,1902.4000244140625,1900.0,1901.199951171875,20003
2025-09-01 05:30:00+00:00,1900.9000244140625,1902.800048828125,1900.300048828125,1901.800048828125,24710
2025-09-01 05:35:00+00:00,1900.5,1900.9000244140625,1898.5999755859375,1900.9000244140625,24139
2025-09-01 05:40:00+00:00,1898.0,1900.5999755859375,1897.5999755859375,1900.5999755859375,21050
2025-09-01 05:45:00+00:00,1898.0,1900.0,1896.5999755859375,1897.699951171875,51321
2025-09-01 05:50:00+00:00,1895.800048828125,1898.800048828125,1895.699951171875,1898.0,21332
2025-09-01 05:55:00+00:00,1895.699951171875,1897.4000244140625,1895.4000244140625,1896.199951171875,19524
2025-09-01 06:00:00+00:00,1894.0999755859375,1896.300048828125,1893.4000244140625,1895.800048828125,38575
2025-09-01 06:05:00+00:00,1895.0,1895.699951171875,1894.0,1894.0999755859375,20473
2025-09-01 06:10:00+00:00,1895.0999755859375,1895.9000244140625,1894.5999755859375,1895.0,9201
2025-09-01 06:15:00+00:00,1895.0,1896.0,1894.0999755859375,1895.0,21285
2025-09-01 06:20:00+00:00,1893.5999755859375,1895.800048828125,1893.0,1895.199951171875,23552
2025-09-01 06:25:00+00:00,1891.800048828125,1893.5999755859375,1891.199951171875,1893.5999755859375,24322
2025-09-01 06:30:00+00:00,1891.0,1892.5999755859375,1891.0,1891.0999755859375,19764
2025-09-01 06:35:00+00:00,1893.300048828125,1895.300048828125,1891.0,1891.0,34759
2025-09-01 06:40:00+00:00,1894.4000244140625,1894.4000244140625,1891.800048828125,1893.0999755859375,48526
2025-09-01 06:45:00+00:00,1894.300048828125,1895.800048828125,1892.5,1893.5,97165
2025-09-01 06:50:00+00:00,1895.5,1896.0999755859375,1893.0999755859375,1894.300048828125,69281
2025-09-01 06:55:00+00:00,1895.5,1897.0999755859375,1894.9000244140625,1895.0999755859375,28966
2025-09-01 07:00:00+00:00,1894.9000244140625,1896.199951171875,1893.800048828125,1896.0,19755
2025-09-01 07:05:00+00:00,1892.9000244140625,1895.0,1891.9000244140625,1894.9000244140625,64920
2025-09-01 07:10:00+00:00,1892.699951171875,1895.0,1892.0,1893.0,37627
2025-09-01 07:15:00+00:00,1893.300048828125,1893.5,1892.300048828125,1893.0,15842
2025-09-01 07:20:00+00:00,1892.9000244140625,1893.9000244140625,1892.0999755859375,1893.199951171875,40809
2025-09-01 07:25:00+00:00,1894.0,1894.199951171875,1891.9000244140625,1893.0,48221
2025-09-01 07:30:00+00:00,1894.699951171875,1894.800048828125,1893.5999755859375,1894.199951171875,13716
2025-09-01 07:35:00+00:00,1895.5999755859375,1896.9000244140625,1893.800048828125,1894.5,30033
2025-09-01 07:40:00+00:00,1896.5,1896.5,1895.5,1895.800048828125,16469
2025-09-01 07:45:00+00:00,1896.4000244140625,1897.300048828125,1895.5,1896.800048828125,25160
2025-09-01 07:50:00+00:00,1896.9000244140625,1896.9000244140625,1894.9000244140625,1896.5,22980
2025-09-01 07:55:00+00:00,1898.0999755859375,1898.5999755859375,1895.5,1896.5,44948
2025-09-01 08:00:00+00:00,1898.0,1899.9000244140625,1897.5999755859375,1898.0999755859375,46912
2025-09-01 08:05:00+00:00,1898.199951171875,1899.0999755859375,1898.0,1898.5,21532
2025-09-01 08:10:00+00:00,1898.0,1898.5999755859375,1895.9000244140625,1898.199951171875,26620
2025-09-01 08:15:00+00:00,1899.9000244140625,1900.0,1897.199951171875,1897.199951171875,22134
2025-09-01 08:20:00+00:00,1899.0,1900.300048828125,1898.300048828125,1900.0,27614
2025-09-01 08:25:00+00:00,1898.5999755859375,1899.9000244140625,1897.0999755859375,1899.0,20741
2025-09-01 08:30:00+00:00,1899.699951171875,1900.699951171875,1898.300048828125,1898.800048828125,36908
2025-09-01 08:35:00+00:00,1901.0999755859375,1901.199951171875,1899.0999755859375,1900.0999755859375,43094
2025-09-01 08:40:00+00:00,1899.4000244140625,1901.699951171875,1899.300048828125,1901.0999755859375,27524
2025-09-01 08:45:00+00:00,1900.300048828125,1900.300048828125,1898.5,1899.4000244140625,29309
2025-09-01 08:50:00+00:00,1902.300048828125,1902.699951171875,1900.0,1900.300048828125,67448
2025-09-01 08:55:00+00:00,1900.9000244140625,1903.0,1900.300048828125,1902.5,65050
2025-09-01 09:00:00+00:00,1900.9000244140625,1902.4000244140625,1900.0,1901.0,26965
2025-09-01 09:05:00+00:00,1902.0,1902.4000244140625,1900.5999755859375,1901.0999755859375,17283
2025-09-01 09:10:00+00:00,1900.199951171875,1902.5,1900.0,1902.300048828125,21631
2025-09-01 09:15:00+00:00,1900.0999755859375,1901.0,1900.0999755859375,1900.800048828125,15168
2025-09-01 09:20:00+00:00,1900.5999755859375,1901.800048828125,1900.300048828125,1900.5999755859375,29473
2025-09-01 09:25:00+00:00,1902.9000244140625,1903.0,1900.0999755859375,1901.199951171875,35188
2025-09-01 09:30:00+00:00,1901.300048828125,1902.4000244140625,1899.300048828125,1902.4000244140625,102569
2025-09-01 09:35:00+00:00,1901.9000244140625,1902.0,1900.199951171875,1901.800048828125,106274
2025-09-01 09:40:00+00:00,1900.9000244140625,1902.199951171875,1900.199951171875,1901.699951171875,111683
2025-09-01 09:45:00+00:00,1900.0,1901.0999755859375,1899.699951171875,1900.9000244140625,118974
2025-09-01 09:50:00+00:00,1900.0,1900.699951171875,1899.4000244140625,1899.9000244140625,93389
2025-09-01 09:55:00+00:00,1900.5999755859375,1901.0,1899.0,1900.9000244140625,77675
2025-09-02 03:45:00+00:00,1901.4000244140625,1901.800048828125,1896.199951171875,1900.800048828125,0
2025-09-02 03:50:00+00:00,1908.699951171875,1909.800048828125,1901.5,1901.5,84954
2025-09-02 03:55:00+00:00,1916.5999755859375,1916.699951171875,1908.800048828125,1908.800048828125,131803
2025-09-02 04:00:00+00:00,1910.199951171875,1917.4000244140625,1909.5999755859375,1916.5999755859375,95004
2025-09-02 04:05:00+00:00,1909.699951171875,1911.5999755859375,1907.0,1910.199951171875,54011
2025-09-02 04:10:00+00:00,1906.5999755859375,1909.4000244140625,1905.199951171875,1909.4000244140625,49573
2025-09-02 04:15:00+00:00,1906.4000244140625,1907.5,1904.699951171875,1906.699951171875,26228
2025-09-02 04:20:00+00:00,1905.800048828125,1906.9000244140625,1904.4000244140625,1906.5999755859375,28283
2025-09-02 04:25:00+00:00,1907.800048828125,1908.5,1905.300048828125,1905.800048828125,34348
2025-09-02 04:30:00+00:00,1908.5999755859375,1908.5999755859375,1907.0999755859375,1908.0999755859375,26089
2025-09-02 04:35:00+00:00,1909.0,1910.0,1907.699951171875,1909.0999755859375,32441
2025-09-02 04:40:00+00:00,1907.800048828125,1909.800048828125,1906.699951171875,1909.0,31030
2025-09-02 04:45:00+00:00,1909.199951171875,1909.5999755859375,1906.9000244140625,1907.800048828125,26068
2025-09-02 04:50:00+00:00,1907.5,1909.199951171875,1907.5,1909.199951171875,24179
2025-09-02 04:55:00+00:00,1907.5999755859375,1907.9000244140625,1906.9000244140625,1907.5999755859375,26780
2025-09-02 05:00:00+00:00,1904.0,1907.800048828125,1903.4000244140625,1907.5999755859375,166777
2025-09-02 05:05:00+00:00,1904.5,1904.9000244140625,1902.0999755859375,1904.0999755859375,23605
2025-09-02 05:10:00+00:00,1904.699951171875,1905.699951171875,1904.0999755859375,1904.4000244140625,28597
2025-09-02 05:15:00+00:00,1900.9000244140625,1904.699951171875,1900.5,1904.699951171875,44146
2025-09-02 05:20:00+00:00,1900.5999755859375,1901.699951171875,1899.5999755859375,1900.9000244140625,36234
2025-09-02 05:25:00+00:00,1900.699951171875,1901.300048828125,1899.0999755859375,1900.5999755859375,33038
2025-09-02 05:30:00+00:00,1900.0,1901.199951171875,1898.9000244140625,1900.4000244140625,43092
2025-09-02 05:35:00+00:00,1901.300048828125,1901.5999755859375,1899.800048828125,1900.300048828125,62031
2025-09-02 05:40:00+00:00,1897.800048828125,1902.5,1897.0,1901.5999755859375,88082
2025-09-02 05:45:00+00:00,1895.5999755859375,1897.800048828125,1895.0999755859375,1897.5,38675
2025-09-02 05:50:00+00:00,1896.0,1897.5999755859375,1895.300048828125,1895.9000244140625,47413
2025-09-02 05:55:00+00:00,1897.0999755859375,1898.4000244140625,1895.5,1895.5,68747
2025-09-02 06:00:00+00:00,1898.9000244140625,1899.0999755859375,1896.5,1897.300048828125,38069
2025-09-02 06:05:00+00:00,1899.0,1899.0999755859375,1897.699951171875,1898.9000244140625,42896
2025-09-02 06:10:00+00:00,1897.0999755859375,1899.9000244140625,1897.0,1899.199951171875,33975
2025-09-02 06:15:00+00:00,1896.800048828125,1897.699951171875,1895.800048828125,1897.699951171875,30593
2025-09-02 06:20:00+00:00,1896.0,1897.199951171875,1895.5,1897.199951171875,24470
2025-09-02 06:25:00+00:00,1895.199951171875,1896.5999755859375,1895.199951171875,1895.800048828125,19486
2025-09-02 06:30:00+00:00,1896.0,1896.800048828125,1895.0,1895.0,33887
2025-09-02 06:35:00+00:00,1895.9000244140625,1896.800048828125,1895.0,1896.0,47024
2025-09-02 06:40:00+00:00,1896.5,1896.5999755859375,1895.0999755859375,1895.9000244140625,34086
2025-09-02 06:45:00+00:00,1897.300048828125,1897.4000244140625,1896.5,1896.5,28267
2025-09-02 06:50:00+00:00,1897.5,1897.800048828125,1896.800048828125,1897.300048828125,18750
2025-09-02 06:55:00+00:00,1896.9000244140625,1898.0999755859375,1896.5999755859375,1897.699951171875,27517
2025-09-02 07:00:00+00:00,1897.199951171875,1898.800048828125,1896.4000244140625,1896.800048828125,27797
2025-09-02 07:05:00+00:00,1897.199951171875,1898.199951171875,1897.0,1897.199951171875,37069
2025-09-02 07:10:00+00:00,1898.800048828125,1899.0,1896.9000244140625,1898.5,41596
2025-09-02 07:15:00+00:00,1897.800048828125,1899.0,1897.0,1898.800048828125,51081
2025-09-02 07:20:00+00:00,1896.800048828125,1898.0999755859375,1896.199951171875,1897.800048828125,33797
2025-09-02 07:25:00+00:00,1895.0,1896.699951171875,1894.199951171875,1896.699951171875,55336
2025-09-02 07:30:00+00:00,1895.0999755859375,1895.4000244140625,1894.5,1895.0,66998
2025-09-02 07:35:00+00:00,1895.0,1895.699951171875,1893.5999755859375,1895.0,151149
2025-09-02 07:40:00+00:00,1894.800048828125,1895.0,1893.0,1895.0,43723
2025-09-02 07:45:00+00:00,1893.699951171875,1895.0999755859375,1893.0,1894.800048828125,39590
2025-09-02 07:50:00+00:00,1894.800048828125,1896.300048828125,1893.5999755859375,1894.199951171875,82967
2025-09-02 07:55:00+00:00,1894.300048828125,1895.0,1893.800048828125,1894.800048828125,21576
2025-09-02 08:00:00+00:00,1893.5999755859375,1895.0,1893.199951171875,1894.5,78105
2025-09-02 08:05:00+00:00,1894.300048828125,1895.0,1892.699951171875,1893.5,60065
2025-09-02 08:10:00+00:00,1889.300048828125,1894.4000244140625,1888.800048828125,1894.199951171875,78391
2025-09-02 08:15:00+00:00,1888.300048828125,1890.0999755859375,1886.699951171875,1889.5,45722
2025-09-02 08:20:00+00:00,1884.800048828125,1889.199951171875,1884.800048828125,1888.4000244140625,28720
2025-09-02 08:25:00+00:00,1882.699951171875,1885.5999755859375,1880.699951171875,1885.0,48954
2025-09-02 08:30:00+00:00,1880.4000244140625,1883.9000244140625,1879.5,1882.5999755859375,95975
2025-09-02 08:35:00+00:00,1881.9000244140625,1883.9000244140625,1880.0999755859375,1880.4000244140625,101915
2025-09-02 08:40:00+00:00,1880.199951171875,1883.300048828125,1880.199951171875,1882.199951171875,91533
2025-09-02 08:45:00+00:00,1879.300048828125,1881.699951171875,1878.0999755859375,1880.0999755859375,65785
2025-09-02 08:50:00+00:00,1878.199951171875,1883.0,1878.199951171875,1879.5999755859375,92658
2025-09-02 08:55:00+00:00,1878.800048828125,1879.300048828125,1878.0,1878.300048828125,62640
2025-09-02 09:00:00+00:00,1880.800048828125,1881.800048828125,1878.5999755859375,1878.800048828125,41686
2025-09-02 09:05:00+00:00,1881.5,1884.199951171875,1880.800048828125,1880.9000244140625,128380
2025-09-02 09:10:00+00:00,1881.699951171875,1883.300048828125,1881.0999755859375,1881.5,50233
2025-09-02 09:15:00+00:00,1882.199951171875,1883.9000244140625,1881.300048828125,1881.699951171875,50581
2025-09-02 09:20:00+00:00,1880.199951171875,1882.199951171875,1879.5,1882.0999755859375,93300
2025-09-02 09:25:00+00:00,1882.199951171875,1882.4000244140625,1880.0999755859375,1880.699951171875,54846
2025-09-02 09:30:00+00:00,1882.800048828125,1884.0,1881.800048828125,1881.9000244140625,86524
2025-09-02 09:35:00+00:00,1886.5999755859375,1887.0,1882.199951171875,1882.800048828125,143521
2025-09-02 09:40:00+00:00,1887.9000244140625,1890.0999755859375,1886.199951171875,1886.199951171875,143520
2025-09-02 09:45:00+00:00,1890.0,1890.199951171875,1886.800048828125,1888.5,120272
2025-09-02 09:50:00+00:00,1889.0,1890.699951171875,1887.4000244140625,1889.9000244140625,97101
2025-09-02 09:55:00+00:00,1887.199951171875,1889.800048828125,1887.199951171875,1888.9000244140625,0
2025-09-03 03:45:00+00:00,1877.800048828125,1889.0,1875.5999755859375,1888.699951171875,265905
2025-09-03 03:50:00+00:00,1876.199951171875,1881.0999755859375,1875.0999755859375,1878.300048828125,81504
2025-09-03 03:55:00+00:00,1880.800048828125,1881.5,1876.5,1876.5999755859375,68706
2025-09-03 04:00:00+00:00,1880.0,1881.300048828125,1878.0,1881.0,52241
2025-09-03 04:05:00+00:00,1877.9000244140625,1882.300048828125,1877.699951171875,1879.699951171875,102969
2025-09-03 04:10:00+00:00,1874.9000244140625,1877.5,1874.300048828125,1877.199951171875,79408
2025-09-03 04:15:00+00:00,1875.0999755859375,1877.4000244140625,1874.199951171875,1874.9000244140625,31316
2025-09-03 04:20:00+00:00,1874.0999755859375,1875.699951171875,1873.5999755859375,1875.0999755859375,29014
2025-09-03 04:25:00+00:00,1872.0999755859375,1875.0999755859375,1872.0999755859375,1874.0,29854
2025-09-03 04:30:00+00:00,1874.5999755859375,1876.5,1872.199951171875,1872.4000244140625,39301
2025-09-03 04:35:00+00:00,1875.300048828125,1876.0999755859375,1874.5999755859375,1874.699951171875,31314
2025-09-03 04:40:00+00:00,1875.0,1875.9000244140625,1874.199951171875,1875.9000244140625,28321
2025-09-03 04:45:00+00:00,1872.4000244140625,1875.0,1871.5,1874.9000244140625,30922
2025-09-03 04:50:00+00:00,1873.4000244140625,1874.0,1872.5999755859375,1872.5999755859375,20569
2025-09-03 04:55:00+00:00,1873.300048828125,1873.9000244140625,1872.9000244140625,1873.0999755859375,16684
2025-09-03 05:00:00+00:00,1874.300048828125,1875.4000244140625,1872.9000244140625,1873.4000244140625,18733
2025-09-03 05:05:00+00:00,1872.4000244140625,1874.800048828125,1872.0,1874.5,19810
2025-09-03 05:10:00+00:00,1872.199951171875,1872.5999755859375,1871.699951171875,1872.199951171875,17055
2025-09-03 05:15:00+00:00,1871.5999755859375,1872.300048828125,1871.300048828125,1872.0999755859375,20837
2025-09-03 05:20:00+00:00,1870.699951171875,1871.9000244140625,1870.5,1871.5,21582
2025-09-03 05:25:00+00:00,1872.4000244140625,1872.4000244140625,1870.5999755859375,1870.699951171875,21680
2025-09-03 05:30:00+00:00,1872.0999755859375,1872.5,1870.300048828125,1872.0999755859375,73103
2025-09-03 05:35:00+00:00,1872.0,1873.0,1870.5,1872.0999755859375,55214
2025-09-03 05:40:00+00:00,1873.4000244140625,1875.9000244140625,1871.800048828125,1871.9000244140625,45165
2025-09-03 05:45:00+00:00,1873.9000244140625,1874.0,1871.0999755859375,1873.699951171875,71196
2025-09-03 05:50:00+00:00,1870.5,1874.9000244140625,1870.5,1874.0999755859375,128271
2025-09-03 05:55:00+00:00,1873.5999755859375,1874.0999755859375,1870.0,1870.800048828125,104012
2025-09-03 06:00:00+00:00,1874.699951171875,1875.5,1873.0999755859375,1873.199951171875,42659
2025-09-03 06:05:00+00:00,1875.4000244140625,1875.4000244140625,1874.0,1874.699951171875,50049
2025-09-03 06:10:00+00:00,1877.5999755859375,1878.0,1875.0999755859375,1875.4000244140625,55327
2025-09-03 06:15:00+00:00,1877.0,1878.0,1876.4000244140625,1877.4000244140625,22829
2025-09-03 06:20:00+00:00,1876.0999755859375,1878.0999755859375,1875.0999755859375,1876.800048828125,72708
2025-09-03 06:25:00+00:00,1877.0999755859375,1877.5,1876.0,1876.199951171875,23558
2025-09-03 06:30:00+00:00,1876.5,1877.0999755859375,1876.0999755859375,1877.0,21563
2025-09-03 06:35:00+00:00,1877.5999755859375,1877.800048828125,1876.5,1876.5,15497
2025-09-03 06:40:00+00:00,1880.4000244140625,1880.9000244140625,1877.4000244140625,1877.800048828125,54615
2025-09-03 06:45:00+00:00,1880.199951171875,1881.0,1879.4000244140625,1880.5999755859375,72176
2025-09-03 06:50:00+00:00,1881.5,1883.300048828125,1879.699951171875,1880.199951171875,98342
2025-09-03 06:55:00+00:00,1882.199951171875,1882.800048828125,1881.300048828125,1881.800048828125,21132
2025-09-03 07:00:00+00:00,1884.199951171875,1884.4000244140625,1882.0999755859375,1882.199951171875,26139
2025-09-03 07:05:00+00:00,1883.9000244140625,1884.300048828125,1882.699951171875,1884.199951171875,28833
2025-09-03 07:10:00+00:00,1880.5999755859375,1883.9000244140625,1880.5,1883.9000244140625,28662
2025-09-03 07:15:00+00:00,1881.4000244140625,1881.800048828125,1880.0999755859375,1880.0999755859375,29426
2025-09-03 07:20:00+00:00,1882.9000244140625,1882.9000244140625,1880.300048828125,1881.4000244140625,77376
2025-09-03 07:25:00+00:00,1882.0,1884.0,1881.0,1882.9000244140625,63780
2025-09-03 07:30:00+00:00,1882.5999755859375,1882.9000244140625,1881.699951171875,1881.9000244140625,23217
2025-09-03 07:35:00+00:00,1883.5,1883.5999755859375,1882.5,1882.5999755859375,37677
2025-09-03 07:40:00+00:00,1881.4000244140625,1883.5,1880.699951171875,1883.300048828125,45124
2025-09-03 07:45:00+00:00,1882.300048828125,1882.5999755859375,1881.300048828125,1881.4000244140625,15855
2025-09-03 07:50:00+00:00,1882.5999755859375,1882.800048828125,1881.9000244140625,1882.300048828125,31074
2025-09-03 07:55:00+00:00,1884.0,1884.0,1882.199951171875,1882.5,32592
2025-09-03 08:00:00+00:00,1884.4000244140625,1885.0,1883.300048828125,1884.0,67974
2025-09-03 08:05:00+00:00,1882.9000244140625,1884.5,1882.699951171875,1884.4000244140625,16067
2025-09-03 08:10:00+00:00,1884.800048828125,1884.800048828125,1882.5999755859375,1882.9000244140625,22742
2025-09-03 08:15:00+00:00,1885.300048828125,1885.699951171875,1884.9000244140625,1885.0,22033
2025-09-03 08:20:00+00:00,1886.9000244140625,1888.0,1885.199951171875,1885.199951171875,45900
2025-09-03 08:25:00+00:00,1888.0,1888.0,1886.5999755859375,1886.800048828125,48222
2025-09-03 08:30:00+00:00,1887.0,1888.5,1886.4000244140625,1887.9000244140625,43380
2025-09-03 08:35:00+00:00,1887.0999755859375,1887.9000244140625,1886.5999755859375,1887.0,35266
2025-09-03 08:40:00+00:00,1886.5999755859375,1888.0,1886.4000244140625,1887.0,33479
2025-09-03 08:45:00+00:00,1887.699951171875,1887.800048828125,1886.4000244140625,1886.699951171875,28950
2025-09-03 08:50:00+00:00,1889.0,1889.800048828125,1887.0,1887.4000244140625,58712
2025-09-03 08:55:00+00:00,1890.800048828125,1891.699951171875,1889.0,1889.0,76741
2025-09-03 09:00:00+00:00,1890.300048828125,1891.5,1890.0999755859375,1890.5,30584
2025-09-03 09:05:00+00:00,1887.800048828125,1890.5999755859375,1887.0999755859375,1890.300048828125,39768
2025-09-03 09:10:00+00:00,1886.9000244140625,1887.800048828125,1886.4000244140625,1887.800048828125,39073
2025-09-03 09:15:00+00:00,1887.4000244140625,1888.699951171875,1886.699951171875,1886.9000244140625,31414
2025-09-03 09:20:00+00:00,1887.300048828125,1888.0,1887.0999755859375,1887.4000244140625,40069
2025-09-03 09:25:00+00:00,1886.300048828125,1887.300048828125,1885.199951171875,1887.300048828125,31817
2025-09-03 09:30:00+00:00,1883.0999755859375,1886.300048828125,1882.699951171875,1886.300048828125,137622
2025-09-03 09:35:00+00:00,1882.0999755859375,1884.9000244140625,1882.0,1883.0999755859375,96627
2025-09-03 09:40:00+00:00,1884.5999755859375,1886.0,1882.0999755859375,1882.0999755859375,104526
2025-09-03 09:45:00+00:00,1884.199951171875,1884.4000244140625,1882.9000244140625,1884.4000244140625,94849
2025-09-03 09:50:00+00:00,1883.5999755859375,1884.199951171875,1882.800048828125,1884.199951171875,98267
2025-09-03 09:55:00+00:00,1883.0,1883.699951171875,1881.0,1883.699951171875,63341
2025-09-04 03:45:00+00:00,1892.800048828125,1899.0,1885.0,1899.0,286843
2025-09-04 03:50:00+00:00,1892.5999755859375,1895.5999755859375,1892.5999755859375,1893.4000244140625,60852
2025-09-04 03:55:00+00:00,1895.0999755859375,1895.199951171875,1892.699951171875,1893.300048828125,40867
2025-09-04 04:00:00+00:00,1902.5,1902.5,1894.199951171875,1895.0999755859375,69109
2025-09-04 04:05:00+00:00,1897.699951171875,1903.0999755859375,1897.699951171875,1903.0999755859375,114948
2025-09-04 04:10:00+00:00,1892.699951171875,1897.699951171875,1892.699951171875,1897.699951171875,30999
2025-09-04 04:15:00+00:00,1892.300048828125,1892.800048828125,1890.5999755859375,1892.800048828125,37503
2025-09-04 04:20:00+00:00,1891.699951171875,1893.0,1890.4000244140625,1892.4000244140625,27796
2025-09-04 04:25:00+00:00,1890.4000244140625,1891.5,1890.0,1891.5,20711
2025-09-04 04:30:00+00:00,1888.199951171875,1890.5999755859375,1888.199951171875,1890.5,17850
2025-09-04 04:35:00+00:00,1886.0999755859375,1888.199951171875,1886.0999755859375,1888.0999755859375,25571
2025-09-04 04:40:00+00:00,1882.9000244140625,1887.0999755859375,1882.9000244140625,1886.0999755859375,26456
2025-09-04 04:45:00+00:00,1882.699951171875,1884.0999755859375,1882.199951171875,1882.800048828125,30254
2025-09-04 04:50:00+00:00,1883.4000244140625,1883.5999755859375,1882.4000244140625,1882.699951171875,22455
2025-09-04 04:55:00+00:00,1882.0999755859375,1883.300048828125,1881.5999755859375,1883.0,21276
2025-09-04 05:00:00+00:00,1880.699951171875,1882.199951171875,1880.699951171875,1882.0999755859375,23899
2025-09-04 05:05:00+00:00,1879.0,1881.300048828125,1878.9000244140625,1880.699951171875,76903
2025-09-04 05:10:00+00:00,1877.800048828125,1879.0,1876.5999755859375,1878.9000244140625,27129
2025-09-04 05:15:00+00:00,1878.199951171875,1879.5999755859375,1876.9000244140625,1877.800048828125,50577
2025-09-04 05:20:00+00:00,1877.5,1879.300048828125,1877.199951171875,1878.5999755859375,37379
2025-09-04 05:25:00+00:00,1880.5,1880.800048828125,1876.5999755859375,1877.4000244140625,50995
2025-09-04 05:30:00+00:00,1880.0,1881.0999755859375,1878.0999755859375,1880.5,34972
2025-09-04 05:35:00+00:00,1879.699951171875,1881.0,1879.300048828125,1879.5,23981
2025-09-04 05:40:00+00:00,1879.800048828125,1880.0,1879.0,1879.800048828125,31183
2025-09-04 05:45:00+00:00,1879.4000244140625,1881.0,1879.300048828125,1879.699951171875,59749
2025-09-04 05:50:00+00:00,1878.5,1880.0,1878.300048828125,1879.0,45511
2025-09-04 05:55:00+00:00,1878.9000244140625,1880.0,1878.300048828125,1878.5,35211
2025-09-04 06:00:00+00:00,1879.0,1879.0,1877.699951171875,1879.0,24097
2025-09-04 06:05:00+00:00,1878.0,1880.0,1877.800048828125,1878.800048828125,107532
2025-09-04 06:10:00+00:00,1879.0,1881.9000244140625,1877.5999755859375,1878.0,114584
2025-09-04 06:15:00+00:00,1879.4000244140625,1880.0,1878.5,1879.0,35029
2025-09-04 06:20:00+00:00,1881.800048828125,1881.9000244140625,1878.300048828125,1879.5999755859375,128971
2025-09-04 06:25:00+00:00,1880.300048828125,1882.0999755859375,1879.199951171875,1881.199951171875,83314
2025-09-04 06:30:00+00:00,1884.5,1884.5,1879.9000244140625,1879.9000244140625,89665
2025-09-04 06:35:00+00:00,1884.0,1885.5,1882.5999755859375,1883.699951171875,92984
2025-09-04 06:40:00+00:00,1883.5,1884.5,1880.0999755859375,1883.9000244140625,185708
2025-09-04 06:45:00+00:00,1880.699951171875,1884.5,1879.9000244140625,1884.0999755859375,65555
2025-09-04 06:50:00+00:00,1879.5999755859375,1881.0,1879.5,1880.800048828125,13516
2025-09-04 06:55:00+00:00,1879.199951171875,1880.0,1879.0,1879.5,9136
2025-09-04 07:00:00+00:00,1879.9000244140625,1880.300048828125,1879.0,1879.199951171875,23229
2025-09-04 07:05:00+00:00,1879.800048828125,1881.4000244140625,1879.199951171875,1879.800048828125,91705
2025-09-04 07:10:00+00:00,1881.800048828125,1881.800048828125,1878.9000244140625,1879.800048828125,38371
2025-09-04 07:15:00+00:00,1883.4000244140625,1883.699951171875,1881.800048828125,1881.800048828125,31831
2025-09-04 07:20:00+00:00,1883.5,1883.5999755859375,1881.699951171875,1883.4000244140625,49135
2025-09-04 07:25:00+00:00,1886.300048828125,1886.300048828125,1883.0,1883.4000244140625,42729
2025-09-04 07:30:00+00:00,1889.5,1890.199951171875,1885.0,1886.300048828125,75704
2025-09-04 07:35:00+00:00,1890.0,1890.5,1888.9000244140625,1889.800048828125,37950
2025-09-04 07:40:00+00:00,1889.699951171875,1892.0999755859375,1888.300048828125,1890.0,84875
2025-09-04 07:45:00+00:00,1887.5999755859375,1892.9000244140625,1886.5999755859375,1889.5999755859375,67017
2025-09-04 07:50:00+00:00,1889.4000244140625,1890.5999755859375,1886.5999755859375,1887.4000244140625,26305
2025-09-04 07:55:00+00:00,1885.0,1889.5,1884.9000244140625,1889.300048828125,27697
2025-09-04 08:00:00+00:00,1886.300048828125,1887.800048828125,1884.199951171875,1885.0,51584
2025-09-04 08:05:00+00:00,1886.0,1887.699951171875,1884.5,1886.699951171875,96399
2025-09-04 08:10:00+00:00,1885.5,1886.5,1884.4000244140625,1886.0,27952
2025-09-04 08:15:00+00:00,1883.5,1885.300048828125,1883.199951171875,1885.300048828125,20099
2025-09-04 08:20:00+00:00,1883.300048828125,1885.5999755859375,1882.300048828125,1883.4000244140625,85309
2025-09-04 08:25:00+00:00,1883.699951171875,1884.800048828125,1883.0999755859375,1883.300048828125,28605
2025-09-04 08:30:00+00:00,1884.5,1885.9000244140625,1882.300048828125,1883.699951171875,80002
2025-09-04 08:35:00+00:00,1883.5999755859375,1884.5,1883.300048828125,1884.5,18907
2025-09-04 08:40:00+00:00,1883.699951171875,1885.0999755859375,1883.0,1883.5,50673
2025-09-04 08:45:00+00:00,1883.699951171875,1884.800048828125,1882.0,1884.0999755859375,85654
2025-09-04 08:50:00+00:00,1882.0,1884.0,1882.0,1883.699951171875,72945
2025-09-04 08:55:00+00:00,1882.0999755859375,1882.4000244140625,1880.5999755859375,1882.0999755859375,54307
2025-09-04 09:00:00+00:00,1882.699951171875,1884.4000244140625,1881.300048828125,1882.0999755859375,73749
2025-09-04 09:05:00+00:00,1881.9000244140625,1882.699951171875,1881.0999755859375,1882.699951171875,23523
2025-09-04 09:10:00+00:00,1883.300048828125,1884.199951171875,1881.199951171875,1881.9000244140625,147803
2025-09-04 09:15:00+00:00,1882.0999755859375,1884.5,1881.199951171875,1883.199951171875,101941
2025-09-04 09:20:00+00:00,1881.9000244140625,1882.5999755859375,1880.199951171875,1882.0999755859375,149139
2025-09-04 09:25:00+00:00,1880.4000244140625,1887.699951171875,1879.4000244140625,1882.0,231539
2025-09-04 09:30:00+00:00,1878.4000244140625,1881.300048828125,1878.300048828125,1880.0999755859375,117004
2025-09-04 09:35:00+00:00,1880.199951171875,1881.9000244140625,1878.199951171875,1878.699951171875,179964
2025-09-04 09:40:00+00:00,1880.0999755859375,1882.300048828125,1878.300048828125,1880.199951171875,231578
2025-09-04 09:45:00+00:00,1880.800048828125,1881.9000244140625,1878.800048828125,1880.0,175359
2025-09-04 09:50:00+00:00,1881.5,1883.300048828125,1880.4000244140625,1880.800048828125,140913
2025-09-04 09:55:00+00:00,1880.4000244140625,1882.5,1879.800048828125,1881.5999755859375,0
2025-09-05 03:45:00+00:00,1895.0,1895.800048828125,1885.0999755859375,1886.9000244140625,129517
2025-09-05 03:50:00+00:00,1888.300048828125,1894.5,1888.300048828125,1894.0999755859375,23246
2025-09-05 03:55:00+00:00,1887.5999755859375,1888.699951171875,1886.5999755859375,1888.300048828125,19676
2025-09-05 04:00:00+00:00,1887.800048828125,1889.0,1887.5999755859375,1887.5999755859375,18904
2025-09-05 04:05:00+00:00,1884.5999755859375,1887.5,1884.0,1887.5,21818
2025-09-05 04:10:00+00:00,1883.5,1884.5999755859375,1883.199951171875,1884.5999755859375,13103
2025-09-05 04:15:00+00:00,1886.0999755859375,1886.0999755859375,1883.0999755859375,1883.5,10520
2025-09-05 04:20:00+00:00,1884.0999755859375,1886.9000244140625,1883.699951171875,1886.4000244140625,17516
2025-09-05 04:25:00+00:00,1881.300048828125,1884.5999755859375,1881.0,1884.0,44796
2025-09-05 04:30:00+00:00,1882.0999755859375,1883.5999755859375,1881.0,1881.4000244140625,23122
2025-09-05 04:35:00+00:00,1880.800048828125,1882.5,1880.0999755859375,1882.5,13274
2025-09-05 04:40:00+00:00,1877.0999755859375,1880.5,1877.0999755859375,1880.5,23716
2025-09-05 04:45:00+00:00,1876.800048828125,1877.699951171875,1876.0999755859375,1876.4000244140625,12664
2025-09-05 04:50:00+00:00,1878.199951171875,1878.300048828125,1876.0,1876.800048828125,13277
2025-09-05 04:55:00+00:00,1882.800048828125,1883.9000244140625,1877.199951171875,1878.199951171875,19930
2025-09-05 05:00:00+00:00,1881.0,1884.0,1880.699951171875,1882.4000244140625,15453
2025-09-05 05:05:00+00:00,1882.5999755859375,1882.5999755859375,1880.800048828125,1881.0,12108
2025-09-05 05:10:00+00:00,1883.199951171875,1883.699951171875,1881.699951171875,1882.5999755859375,8236
2025-09-05 05:15:00+00:00,1883.0999755859375,1884.4000244140625,1882.0999755859375,1883.199951171875,14864
2025-09-05 05:20:00+00:00,1879.5,1883.5,1879.300048828125,1883.0,26692
2025-09-05 05:25:00+00:00,1880.800048828125,1881.699951171875,1877.300048828125,1879.5,97568
2025-09-05 05:30:00+00:00,1881.800048828125,1882.9000244140625,1880.300048828125,1880.800048828125,6645
2025-09-05 05:35:00+00:00,1880.0999755859375,1881.800048828125,1879.800048828125,1881.800048828125,10287
2025-09-05 05:40:00+00:00,1880.9000244140625,1881.9000244140625,1879.9000244140625,1880.0,6376
2025-09-05 05:45:00+00:00,1879.800048828125,1880.9000244140625,1879.0,1880.9000244140625,8278
2025-09-05 05:50:00+00:00,1880.199951171875,1881.199951171875,1878.699951171875,1879.800048828125,10405
2025-09-05 05:55:00+00:00,1882.0999755859375,1883.0999755859375,1880.0,1880.0999755859375,38155
2025-09-05 06:00:00+00:00,1884.5999755859375,1884.9000244140625,1881.0,1882.699951171875,30980
2025-09-05 06:05:00+00:00,1884.4000244140625,1885.0999755859375,1883.699951171875,1884.5999755859375,11133
2025-09-05 06:10:00+00:00,1882.800048828125,1884.699951171875,1882.699951171875,1884.4000244140625,9923
2025-09-05 06:15:00+00:00,1882.4000244140625,1883.9000244140625,1882.0,1883.0999755859375,10762
2025-09-05 06:20:00+00:00,1883.699951171875,1883.9000244140625,1881.0,1882.199951171875,32330
2025-09-05 06:25:00+00:00,1884.300048828125,1884.300048828125,1883.0999755859375,1883.800048828125,6933
2025-09-05 06:30:00+00:00,1884.800048828125,1884.800048828125,1883.5999755859375,1884.4000244140625,8147
2025-09-05 06:35:00+00:00,1885.199951171875,1885.199951171875,1883.9000244140625,1884.5999755859375,10342
2025-09-05 06:40:00+00:00,1884.9000244140625,1885.4000244140625,1884.199951171875,1884.9000244140625,9063
2025-09-05 06:45:00+00:00,1885.0,1885.0999755859375,1884.4000244140625,1884.800048828125,21075
2025-09-05 06:50:00+00:00,1886.300048828125,1887.0999755859375,1885.0999755859375,1885.0999755859375,13316
2025-09-05 06:55:00+00:00,1886.5999755859375,1886.5999755859375,1885.0,1886.4000244140625,11568
2025-09-05 07:00:00+00:00,1887.5,1888.0,1886.4000244140625,1886.5,10902
2025-09-05 07:05:00+00:00,1886.699951171875,1887.0999755859375,1885.0999755859375,1887.0999755859375,27135
2025-09-05 07:10:00+00:00,1886.5,1886.9000244140625,1885.5999755859375,1886.699951171875,13024
2025-09-05 07:15:00+00:00,1887.5,1887.800048828125,1885.199951171875,1886.199951171875,35342
2025-09-05 07:20:00+00:00,1887.9000244140625,1888.5,1887.4000244140625,1887.5,12494
2025-09-05 07:25:00+00:00,1888.300048828125,1888.5999755859375,1887.699951171875,1888.0,25296
2025-09-05 07:30:00+00:00,1887.4000244140625,1889.5,1887.0999755859375,1888.300048828125,24841
2025-09-05 07:35:00+00:00,1889.0,1889.5,1887.4000244140625,1887.4000244140625,16205
2025-09-05 07:40:00+00:00,1891.5999755859375,1891.9000244140625,1888.9000244140625,1889.0,26843
2025-09-05 07:45:00+00:00,1892.300048828125,1892.300048828125,1890.800048828125,1891.699951171875,23672
2025-09-05 07:50:00+00:00,1891.5,1892.5,1890.4000244140625,1892.300048828125,18131
2025-09-05 07:55:00+00:00,1891.5999755859375,1892.0,1890.5999755859375,1891.4000244140625,13268
2025-09-05 08:00:00+00:00,1894.199951171875,1894.9000244140625,1890.0,1891.699951171875,32696
2025-09-05 08:05:00+00:00,1896.9000244140625,1897.9000244140625,1893.9000244140625,1894.199951171875,32652
2025-09-05 08:10:00+00:00,1898.800048828125,1899.199951171875,1896.699951171875,1896.800048828125,43593
2025-09-05 08:15:00+00:00,1900.800048828125,1903.5,1899.0,1899.0,52857
2025-09-05 08:20:00+00:00,1900.9000244140625,1901.0999755859375,1899.0,1900.5999755859375,21310
2025-09-05 08:25:00+00:00,1902.300048828125,1903.0,1900.0,1900.800048828125,27090
2025-09-05 08:30:00+00:00,1906.4000244140625,1906.9000244140625,1902.199951171875,1902.300048828125,40817
2025-09-05 08:35:00+00:00,1906.5,1907.800048828125,1905.5999755859375,1906.9000244140625,40475
2025-09-05 08:40:00+00:00,1906.5,1909.5,1906.4000244140625,1906.5,56545
2025-09-05 08:45:00+00:00,1908.699951171875,1910.699951171875,1905.199951171875,1906.5999755859375,127548
2025-09-05 08:50:00+00:00,1905.0,1909.0999755859375,1904.0999755859375,1908.0999755859375,39385
2025-09-05 08:55:00+00:00,1903.0,1905.300048828125,1903.0,1905.0,30256
2025-09-05 09:00:00+00:00,1902.0,1903.4000244140625,1901.5999755859375,1903.4000244140625,33551
2025-09-05 09:05:00+00:00,1900.800048828125,1903.0999755859375,1900.800048828125,1902.0999755859375,91345
2025-09-05 09:10:00+00:00,1899.0999755859375,1901.5999755859375,1899.0,1900.9000244140625,43505
2025-09-05 09:15:00+00:00,1897.5999755859375,1900.0999755859375,1897.5999755859375,1900.0999755859375,74197
2025-09-05 09:20:00+00:00,1900.0,1900.9000244140625,1897.5999755859375,1897.5999755859375,43507
2025-09-05 09:25:00+00:00,1899.4000244140625,1900.0,1898.0,1899.9000244140625,109829
2025-09-05 09:30:00+00:00,1897.699951171875,1899.199951171875,1897.0999755859375,1899.0999755859375,92829
2025-09-05 09:35:00+00:00,1897.199951171875,1898.0,1897.0,1897.699951171875,76849
2025-09-05 09:40:00+00:00,1893.4000244140625,1897.0999755859375,1893.199951171875,1897.0,97475
2025-09-05 09:45:00+00:00,1895.4000244140625,1895.800048828125,1893.4000244140625,1893.5,131328
2025-09-05 09:50:00+00:00,1893.699951171875,1895.0,1893.5,1894.4000244140625,115228
2025-09-05 09:55:00+00:00,1895.300048828125,1897.9000244140625,1893.0999755859375,1893.699951171875,0
2025-09-08 03:45:00+00:00,1892.0,1898.9000244140625,1891.5,1898.0,0
2025-09-08 03:50:00+00:00,1889.5,1892.0,1886.800048828125,1892.0,39450
2025-09-08 03:55:00+00:00,1891.300048828125,1893.0,1888.800048828125,1889.4000244140625,36506
2025-09-08 04:00:00+00:00,1893.199951171875,1893.300048828125,1890.800048828125,1891.300048828125,27719
2025-09-08 04:05:00+00:00,1891.9000244140625,1893.0999755859375,1890.9000244140625,1892.9000244140625,21163
2025-09-08 04:10:00+00:00,1891.5999755859375,1893.199951171875,1891.199951171875,1891.9000244140625,10549
2025-09-08 04:15:00+00:00,1891.300048828125,1892.5999755859375,1890.5,1891.5999755859375,11686
2025-09-08 04:20:00+00:00,1892.5,1892.5,1890.699951171875,1891.300048828125,9392
2025-09-08 04:25:00+00:00,1895.0,1895.9000244140625,1889.199951171875,1892.4000244140625,47290
2025-09-08 04:30:00+00:00,1894.800048828125,1896.199951171875,1894.5999755859375,1894.5999755859375,17385
2025-09-08 04:35:00+00:00,1894.5999755859375,1895.4000244140625,1894.5,1895.199951171875,12757
2025-09-08 04:40:00+00:00,1893.0,1895.0999755859375,1892.0,1894.300048828125,21149
2025-09-08 04:45:00+00:00,1893.800048828125,1896.0,1891.4000244140625,1892.4000244140625,104765
2025-09-08 04:50:00+00:00,1892.800048828125,1893.5999755859375,1892.5999755859375,1893.199951171875,17849
2025-09-08 04:55:00+00:00,1893.800048828125,1894.0999755859375,1892.4000244140625,1892.800048828125,23527
2025-09-08 05:00:00+00:00,1892.4000244140625,1894.4000244140625,1891.800048828125,1893.199951171875,26892
2025-09-08 05:05:00+00:00,1891.5999755859375,1892.699951171875,1890.5999755859375,1892.4000244140625,36381
2025-09-08 05:10:00+00:00,1893.5999755859375,1894.5,1891.5999755859375,1891.5999755859375,20260
2025-09-08 05:15:00+00:00,1892.0,1893.5999755859375,1891.699951171875,1893.300048828125,9382
2025-09-08 05:20:00+00:00,1891.5999755859375,1893.0999755859375,1891.300048828125,1892.0,15723
2025-09-08 05:25:00+00:00,1893.0,1893.199951171875,1890.4000244140625,1891.199951171875,14588
2025-09-08 05:30:00+00:00,1894.4000244140625,1894.4000244140625,1892.4000244140625,1893.0999755859375,11108
2025-09-08 05:35:00+00:00,1894.4000244140625,1895.0,1894.199951171875,1894.4000244140625,17648
2025-09-08 05:40:00+00:00,1893.300048828125,1895.9000244140625,1893.0,1894.4000244140625,49528
2025-09-08 05:45:00+00:00,1891.0999755859375,1893.199951171875,1890.800048828125,1893.199951171875,8483
2025-09-08 05:50:00+00:00,1890.5999755859375,1891.199951171875,1890.0,1890.9000244140625,14122
2025-09-08 05:55:00+00:00,1889.9000244140625,1890.5999755859375,1889.9000244140625,1890.5999755859375,11374
2025-09-08 06:00:00+00:00,1890.0,1890.0,1889.699951171875,1890.0,17532
2025-09-08 06:05:00+00:00,1888.300048828125,1890.0,1888.300048828125,1890.0,20335
2025-09-08 06:10:00+00:00,1888.199951171875,1888.5,1887.0,1888.5,22697
2025-09-08 06:15:00+00:00,1887.300048828125,1888.199951171875,1887.0,1888.199951171875,25411
2025-09-08 06:20:00+00:00,1887.5,1888.4000244140625,1886.5,1887.300048828125,33619
2025-09-08 06:25:00+00:00,1884.5999755859375,1887.800048828125,1884.300048828125,1887.5,43335
2025-09-08 06:30:00+00:00,1889.9000244140625,1890.4000244140625,1884.199951171875,1884.5999755859375,21701
2025-09-08 06:35:00+00:00,1890.0,1890.4000244140625,1889.300048828125,1890.0,15559
2025-09-08 06:40:00+00:00,1894.0999755859375,1894.4000244140625,1889.699951171875,1890.0,77347
2025-09-08 06:45:00+00:00,1895.800048828125,1896.0,1893.5999755859375,1893.5999755859375,14283
2025-09-08 06:50:00+00:00,1895.5,1895.800048828125,1895.0,1895.800048828125,16579
2025-09-08 06:55:00+00:00,1895.5,1896.0,1895.0,1895.0,11558
2025-09-08 07:00:00+00:00,1895.0999755859375,1896.0,1894.9000244140625,1895.5,22829
2025-09-08 07:05:00+00:00,1895.9000244140625,1896.0,1895.0,1895.0,15968
2025-09-08 07:10:00+00:00,1895.4000244140625,1896.5999755859375,1895.300048828125,1895.699951171875,30256
2025-09-08 07:15:00+00:00,1894.9000244140625,1896.0,1894.699951171875,1895.300048828125,11742
2025-09-08 07:20:00+00:00,1893.0999755859375,1895.0,1892.199951171875,1895.0,23330
2025-09-08 07:25:00+00:00,1892.5,1894.199951171875,1891.9000244140625,1893.0,15696
2025-09-08 07:30:00+00:00,1892.4000244140625,1893.0,1891.5999755859375,1893.0,17788
2025-09-08 07:35:00+00:00,1892.5999755859375,1893.0,1891.300048828125,1892.9000244140625,29093
2025-09-08 07:40:00+00:00,1892.800048828125,1893.5,1892.0,1893.199951171875,13812
2025-09-08 07:45:00+00:00,1890.0,1893.4000244140625,1889.9000244140625,1892.699951171875,90658
2025-09-08 07:50:00+00:00,1889.9000244140625,1890.0999755859375,1889.9000244140625,1890.0,26532
2025-09-08 07:55:00+00:00,1889.9000244140625,1890.0,1889.4000244140625,1889.800048828125,30040
2025-09-08 08:00:00+00:00,1892.5,1893.0999755859375,1889.9000244140625,1889.9000244140625,10913
2025-09-08 08:05:00+00:00,1892.0999755859375,1893.4000244140625,1892.0999755859375,1892.5,16104
2025-09-08 08:10:00+00:00,1892.4000244140625,1892.699951171875,1892.0,1892.4000244140625,8750
2025-09-08 08:15:00+00:00,1890.800048828125,1892.5,1889.5999755859375,1892.300048828125,15524
2025-09-08 08:20:00+00:00,1892.699951171875,1893.0,1890.800048828125,1890.800048828125,11300
2025-09-08 08:25:00+00:00,1893.800048828125,1894.0,1892.699951171875,1892.800048828125,9782
2025-09-08 08:30:00+00:00,1893.199951171875,1894.800048828125,1893.0,1894.0,40710
2025-09-08 08:35:00+00:00,1894.5,1894.5999755859375,1892.0999755859375,1893.5999755859375,18452
2025-09-08 08:40:00+00:00,1895.800048828125,1895.800048828125,1894.0,1894.5999755859375,21551
2025-09-08 08:45:00+00:00,1895.0,1896.0,1894.800048828125,1895.9000244140625,17433
2025-09-08 08:50:00+00:00,1893.800048828125,1895.0,1893.4000244140625,1895.0,19174
2025-09-08 08:55:00+00:00,1894.4000244140625,1895.300048828125,1893.800048828125,1893.9000244140625,18903
2025-09-08 09:00:00+00:00,1893.4000244140625,1895.0,1893.0,1894.9000244140625,44372
2025-09-08 09:05:00+00:00,1892.4000244140625,1893.4000244140625,1892.0,1893.4000244140625,11427
2025-09-08 09:10:00+00:00,1892.0,1892.800048828125,1892.0,1892.699951171875,11574
2025-09-08 09:15:00+00:00,1888.800048828125,1892.199951171875,1887.800048828125,1891.800048828125,115638
2025-09-08 09:20:00+00:00,1891.0999755859375,1891.5999755859375,1889.0999755859375,1889.0999755859375,79444
2025-09-08 09:25:00+00:00,1889.0999755859375,1891.0999755859375,1888.300048828125,1891.0,42355
2025-09-08 09:30:00+00:00,1885.5999755859375,1890.0,1885.5999755859375,1890.0,105626
2025-09-08 09:35:00+00:00,1885.699951171875,1886.9000244140625,1885.0,1885.699951171875,96200
2025-09-08 09:40:00+00:00,1885.699951171875,1886.199951171875,1885.0,1886.0,87631
2025-09-08 09:45:00+00:00,1889.0999755859375,1889.5,1885.5,1885.699951171875,116897
2025-09-08 09:50:00+00:00,1890.5999755859375,1890.800048828125,1887.0999755859375,1888.699951171875,153463
2025-09-08 09:55:00+00:00,1887.699951171875,1891.4000244140625,1885.5999755859375,1890.5999755859375,0
2025-09-09 03:45:00+00:00,1891.0999755859375,1893.0999755859375,1888.0,1889.9000244140625,179440
2025-09-09 03:50:00+00:00,1893.800048828125,1894.9000244140625,1892.5,1892.5999755859375,47075
2025-09-09 03:55:00+00:00,1891.0,1893.800048828125,1890.5999755859375,1893.800048828125,41551
2025-09-09 04:00:00+00:00,1889.300048828125,1891.9000244140625,1888.699951171875,1891.300048828125,48976
2025-09-09 04:05:00+00:00,1891.0,1891.0999755859375,1889.199951171875,1889.300048828125,13647
2025-09-09 04:10:00+00:00,1889.9000244140625,1891.4000244140625,1889.699951171875,1891.4000244140625,19021
2025-09-09 04:15:00+00:00,1889.0999755859375,1890.300048828125,1888.300048828125,1890.300048828125,27083
2025-09-09 04:20:00+00:00,1888.9000244140625,1889.4000244140625,1888.199951171875,1888.9000244140625,10456
2025-09-09 04:25:00+00:00,1887.699951171875,1889.4000244140625,1887.5999755859375,1889.4000244140625,16185
2025-09-09 04:30:00+00:00,1884.699951171875,1888.300048828125,1884.699951171875,1888.0,26589
2025-09-09 04:35:00+00:00,1886.0999755859375,1886.4000244140625,1884.800048828125,1884.800048828125,9745
2025-09-09 04:40:00+00:00,1885.300048828125,1886.300048828125,1885.199951171875,1886.0999755859375,12810
2025-09-09 04:45:00+00:00,1886.0,1886.0999755859375,1884.300048828125,1885.199951171875,29955
2025-09-09 04:50:00+00:00,1885.5,1886.199951171875,1885.0,1886.0,27785
2025-09-09 04:55:00+00:00,1886.4000244140625,1886.699951171875,1885.300048828125,1885.5,12365
2025-09-09 05:00:00+00:00,1887.300048828125,1887.9000244140625,1886.300048828125,1886.699951171875,14570
2025-09-09 05:05:00+00:00,1885.4000244140625,1887.9000244140625,1885.300048828125,1887.9000244140625,35474
2025-09-09 05:10:00+00:00,1885.199951171875,1885.5,1885.0,1885.5,32733
2025-09-09 05:15:00+00:00,1885.300048828125,1885.5,1883.0999755859375,1885.199951171875,38085
2025-09-09 05:20:00+00:00,1885.5,1886.0,1885.4000244140625,1885.5,39060
2025-09-09 05:25:00+00:00,1885.300048828125,1887.0,1885.0,1885.5,228972
2025-09-09 05:30:00+00:00,1884.9000244140625,1885.5999755859375,1883.9000244140625,1885.199951171875,105424
2025-09-09 05:35:00+00:00,1885.0,1885.0,1884.199951171875,1885.0,13322
2025-09-09 05:40:00+00:00,1886.800048828125,1887.699951171875,1884.199951171875,1885.0,141487
2025-09-09 05:45:00+00:00,1888.0,1888.0,1886.699951171875,1886.699951171875,14845
2025-09-09 05:50:00+00:00,1886.9000244140625,1888.0,1886.4000244140625,1887.9000244140625,25112
2025-09-09 05:55:00+00:00,1886.300048828125,1887.0,1886.199951171875,1886.9000244140625,34414
2025-09-09 06:00:00+00:00,1885.800048828125,1886.4000244140625,1885.5,1885.5999755859375,25625
2025-09-09 06:05:00+00:00,1890.300048828125,1891.300048828125,1885.199951171875,1886.0,172669
2025-09-09 06:10:00+00:00,1890.5,1890.9000244140625,1888.9000244140625,1890.0,63552
2025-09-09 06:15:00+00:00,1893.0999755859375,1893.5,1890.0999755859375,1890.199951171875,22305
2025-09-09 06:20:00+00:00,1893.4000244140625,1894.300048828125,1892.5,1893.0,82988
2025-09-09 06:25:00+00:00,1894.4000244140625,1895.4000244140625,1892.699951171875,1892.699951171875,32230
2025-09-09 06:30:00+00:00,1895.0,1895.9000244140625,1894.199951171875,1894.199951171875,32511
2025-09-09 06:35:00+00:00,1892.199951171875,1896.9000244140625,1891.300048828125,1894.699951171875,139312
2025-09-09 06:40:00+00:00,1897.699951171875,1899.0,1892.0,1892.0,52916
2025-09-09 06:45:00+00:00,1896.9000244140625,1897.9000244140625,1896.5999755859375,1897.699951171875,15124
2025-09-09 06:50:00+00:00,1899.4000244140625,1899.5,1895.5999755859375,1897.0,146118
2025-09-09 06:55:00+00:00,1896.5,1899.9000244140625,1895.300048828125,1899.300048828125,66600
2025-09-09 07:00:00+00:00,1898.0999755859375,1899.199951171875,1896.300048828125,1896.699951171875,52283
2025-09-09 07:05:00+00:00,1898.5,1898.9000244140625,1896.9000244140625,1898.0999755859375,55778
2025-09-09 07:10:00+00:00,1899.800048828125,1899.9000244140625,1898.4000244140625,1898.5999755859375,28058
2025-09-09 07:15:00+00:00,1900.300048828125,1901.0,1899.5999755859375,1899.699951171875,58058
2025-09-09 07:20:00+00:00,1900.800048828125,1901.300048828125,1900.0,1900.199951171875,31882
2025-09-09 07:25:00+00:00,1903.800048828125,1903.800048828125,1900.0,1900.0,65177
2025-09-09 07:30:00+00:00,1901.699951171875,1903.800048828125,1901.300048828125,1903.5,33139
2025-09-09 07:35:00+00:00,1902.699951171875,1902.9000244140625,1901.800048828125,1901.800048828125,21742
2025-09-09 07:40:00+00:00,1901.5999755859375,1903.0999755859375,1900.199951171875,1902.4000244140625,47753
2025-09-09 07:45:00+00:00,1900.300048828125,1902.0,1899.0999755859375,1901.300048828125,31037
2025-09-09 07:50:00+00:00,1899.9000244140625,1900.800048828125,1899.5,1900.0999755859375,12596
2025-09-09 07:55:00+00:00,1901.300048828125,1901.9000244140625,1899.800048828125,1899.800048828125,13878
2025-09-09 08:00:00+00:00,1902.300048828125,1902.800048828125,1901.0,1901.199951171875,22394
2025-09-09 08:05:00+00:00,1900.4000244140625,1902.4000244140625,1899.9000244140625,1902.0999755859375,27325
2025-09-09 08:10:00+00:00,1900.5,1901.5999755859375,1900.0,1900.300048828125,31801
2025-09-09 08:15:00+00:00,1900.0999755859375,1900.699951171875,1900.0999755859375,1900.5,16081
2025-09-09 08:20:00+00:00,1900.800048828125,1900.9000244140625,1900.0999755859375,1900.0999755859375,19320
2025-09-09 08:25:00+00:00,1900.4000244140625,1900.9000244140625,1900.0999755859375,1900.5,17772
2025-09-09 08:30:00+00:00,1900.0999755859375,1900.9000244140625,1899.5,1900.199951171875,38750
2025-09-09 08:35:00+00:00,1900.699951171875,1901.0,1899.4000244140625,1900.0999755859375,43186
2025-09-09 08:40:00+00:00,1900.199951171875,1901.300048828125,1898.9000244140625,1900.9000244140625,37278
2025-09-09 08:45:00+00:00,1900.300048828125,1900.9000244140625,1899.9000244140625,1900.0999755859375,24867
2025-09-09 08:50:00+00:00,1900.5999755859375,1900.800048828125,1899.4000244140625,1900.300048828125,24801
2025-09-09 08:55:00+00:00,1900.300048828125,1900.9000244140625,1899.0999755859375,1900.199951171875,70170
2025-09-09 09:00:00+00:00,1898.300048828125,1900.4000244140625,1897.5999755859375,1900.4000244140625,45604
2025-09-09 09:05:00+00:00,1895.5,1898.0999755859375,1892.0999755859375,1898.0999755859375,82748
2025-09-09 09:10:00+00:00,1894.800048828125,1896.5999755859375,1894.699951171875,1895.5,47224
2025-09-09 09:15:00+00:00,1895.300048828125,1896.0999755859375,1893.300048828125,1894.5999755859375,44379
2025-09-09 09:20:00+00:00,1897.300048828125,1897.699951171875,1894.5,1895.4000244140625,59829
2025-09-09 09:25:00+00:00,1895.5999755859375,1897.9000244140625,1895.5,1897.199951171875,56911
2025-09-09 09:30:00+00:00,1893.800048828125,1896.0,1892.699951171875,1895.5999755859375,225559
2025-09-09 09:35:00+00:00,1892.5999755859375,1894.5,1892.4000244140625,1893.800048828125,216673
2025-09-09 09:40:00+00:00,1894.199951171875,1894.5999755859375,1892.5,1892.5,251601
2025-09-09 09:45:00+00:00,1893.9000244140625,1894.5,1893.199951171875,1894.199951171875,200611
2025-09-09 09:50:00+00:00,1893.4000244140625,1895.199951171875,1892.800048828125,1893.9000244140625,197020
2025-09-09 09:55:00+00:00,1893.4000244140625,1896.9000244140625,1893.0,1893.4000244140625,166205
2025-09-10 03:45:00+00:00,1903.5,1904.0999755859375,1898.800048828125,1903.5999755859375,204628
2025-09-10 03:50:00+00:00,1903.4000244140625,1903.9000244140625,1902.4000244140625,1903.199951171875,23713
2025-09-10 03:55:00+00:00,1903.0,1903.5,1902.0,1903.4000244140625,31642
2025-09-10 04:00:00+00:00,1902.800048828125,1903.9000244140625,1901.5,1902.699951171875,21849
2025-09-10 04:05:00+00:00,1903.800048828125,1904.0,1902.4000244140625,1902.699951171875,22146
2025-09-10 04:10:00+00:00,1901.9000244140625,1903.800048828125,1901.5999755859375,1903.0,32131
2025-09-10 04:15:00+00:00,1902.5999755859375,1903.9000244140625,1900.5,1902.199951171875,71201
2025-09-10 04:20:00+00:00,1901.4000244140625,1902.9000244140625,1900.0,1902.5999755859375,20876
2025-09-10 04:25:00+00:00,1902.699951171875,1903.4000244140625,1901.300048828125,1901.4000244140625,12642
2025-09-10 04:30:00+00:00,1903.9000244140625,1904.0,1902.699951171875,1902.699951171875,13063
2025-09-10 04:35:00+00:00,1903.699951171875,1904.4000244140625,1903.4000244140625,1903.9000244140625,21720
2025-09-10 04:40:00+00:00,1901.0999755859375,1903.800048828125,1900.699951171875,1903.4000244140625,33692
2025-09-10 04:45:00+00:00,1900.699951171875,1901.199951171875,1899.5,1901.199951171875,18660
2025-09-10 04:50:00+00:00,1901.199951171875,1902.300048828125,1900.199951171875,1900.699951171875,19675
2025-09-10 04:55:00+00:00,1902.5999755859375,1903.199951171875,1901.0,1901.199951171875,17024
2025-09-10 05:00:00+00:00,1900.9000244140625,1902.300048828125,1900.800048828125,1902.0999755859375,19615
2025-09-10 05:05:00+00:00,1897.800048828125,1900.300048828125,1897.800048828125,1900.199951171875,21945
2025-09-10 05:10:00+00:00,1898.300048828125,1898.800048828125,1896.5,1897.800048828125,30563
2025-09-10 05:15:00+00:00,1898.300048828125,1899.4000244140625,1895.0999755859375,1897.5,68012
2025-09-10 05:20:00+00:00,1895.9000244140625,1898.300048828125,1895.9000244140625,1898.300048828125,79750
2025-09-10 05:25:00+00:00,1896.0,1896.0,1895.300048828125,1895.9000244140625,18013
2025-09-10 05:30:00+00:00,1899.699951171875,1900.199951171875,1895.800048828125,1896.0,256388
2025-09-10 05:35:00+00:00,1897.199951171875,1899.9000244140625,1897.0999755859375,1899.800048828125,16466
2025-09-10 05:40:00+00:00,1895.5,1897.199951171875,1895.5,1897.199951171875,17976
2025-09-10 05:45:00+00:00,1893.5,1895.5999755859375,1892.5999755859375,1895.5,64078
2025-09-10 05:50:00+00:00,1892.9000244140625,1894.300048828125,1892.5999755859375,1893.699951171875,36022
2025-09-10 05:55:00+00:00,1892.9000244140625,1893.5,1892.800048828125,1893.0,61114
2025-09-10 06:00:00+00:00,1892.800048828125,1893.0,1892.0999755859375,1893.0,14983
2025-09-10 06:05:00+00:00,1892.9000244140625,1893.5,1891.800048828125,1892.800048828125,26404
2025-09-10 06:10:00+00:00,1891.699951171875,1893.5,1891.699951171875,1892.5,23269
2025-09-10 06:15:00+00:00,1889.9000244140625,1892.199951171875,1889.0,1892.199951171875,35458
2025-09-10 06:20:00+00:00,1890.5,1890.5,1889.5,1889.9000244140625,19838
2025-09-10 06:25:00+00:00,1890.0,1890.4000244140625,1889.800048828125,1890.4000244140625,16480
2025-09-10 06:30:00+00:00,1889.5999755859375,1890.0,1889.4000244140625,1889.9000244140625,52593
2025-09-10 06:35:00+00:00,1889.300048828125,1890.0,1888.5,1889.5999755859375,26504
2025-09-10 06:40:00+00:00,1888.0,1889.5999755859375,1887.699951171875,1889.4000244140625,65839
2025-09-10 06:45:00+00:00,1887.0,1888.0,1886.5999755859375,1887.9000244140625,79605
2025-09-10 06:50:00+00:00,1889.0999755859375,1889.5999755859375,1885.800048828125,1886.5999755859375,74303
2025-09-10 06:55:00+00:00,1888.4000244140625,1889.800048828125,1888.199951171875,1889.0,26681
2025-09-10 07:00:00+00:00,1889.0,1889.5,1888.0999755859375,1888.4000244140625,14303
2025-09-10 07:05:00+00:00,1888.4000244140625,1889.300048828125,1887.300048828125,1889.300048828125,23291
2025-09-10 07:10:00+00:00,1888.300048828125,1889.199951171875,1887.5,1888.199951171875,38780
2025-09-10 07:15:00+00:00,1888.199951171875,1889.5,1887.9000244140625,1888.199951171875,27222
2025-09-10 07:20:00+00:00,1887.800048828125,1888.9000244140625,1887.0999755859375,1888.0,51047
2025-09-10 07:25:00+00:00,1886.5999755859375,1888.0,1886.5999755859375,1887.5,33000
2025-09-10 07:30:00+00:00,1886.699951171875,1887.0,1886.0999755859375,1886.9000244140625,23010
2025-09-10 07:35:00+00:00,1886.800048828125,1887.0,1886.4000244140625,1886.9000244140625,10731
2025-09-10 07:40:00+00:00,1886.4000244140625,1886.800048828125,1885.5999755859375,1886.800048828125,44281
2025-09-10 07:45:00+00:00,1886.5,1886.5999755859375,1885.300048828125,1886.5,24600
2025-09-10 07:50:00+00:00,1886.199951171875,1888.300048828125,1886.0,1886.5,67236
2025-09-10 07:55:00+00:00,1886.4000244140625,1887.5999755859375,1885.5999755859375,1886.199951171875,55476
2025-09-10 08:00:00+00:00,1885.0,1886.5,1884.0999755859375,1886.5,57504
2025-09-10 08:05:00+00:00,1884.9000244140625,1885.699951171875,1884.5,1885.0,37585
2025-09-10 08:10:00+00:00,1884.0,1885.0,1883.699951171875,1885.0,84488
2025-09-10 08:15:00+00:00,1885.0,1886.5,1883.800048828125,1884.0,46130
2025-09-10 08:20:00+00:00,1885.0,1885.199951171875,1884.300048828125,1884.9000244140625,16930
2025-09-10 08:25:00+00:00,1884.800048828125,1886.0,1883.699951171875,1885.0,45946
2025-09-10 08:30:00+00:00,1884.5999755859375,1885.0,1884.0,1884.5999755859375,15132
2025-09-10 08:35:00+00:00,1886.5999755859375,1887.9000244140625,1884.0999755859375,1884.5,69414
2025-09-10 08:40:00+00:00,1886.800048828125,1887.0999755859375,1885.5999755859375,1886.5999755859375,22644
2025-09-10 08:45:00+00:00,1888.199951171875,1888.199951171875,1886.800048828125,1886.800048828125,26853
2025-09-10 08:50:00+00:00,1886.800048828125,1889.300048828125,1886.699951171875,1888.0999755859375,46003
2025-09-10 08:55:00+00:00,1886.300048828125,1889.0,1884.9000244140625,1886.9000244140625,53734
2025-09-10 09:00:00+00:00,1887.0,1887.699951171875,1886.199951171875,1887.199951171875,27619
2025-09-10 09:05:00+00:00,1888.199951171875,1888.300048828125,1886.5999755859375,1887.300048828125,17920
2025-09-10 09:10:00+00:00,1887.300048828125,1888.300048828125,1885.300048828125,1888.199951171875,117691
2025-09-10 09:15:00+00:00,1888.5999755859375,1890.9000244140625,1887.699951171875,1887.800048828125,105058
2025-09-10 09:20:00+00:00,1889.5999755859375,1889.800048828125,1888.5999755859375,1888.5999755859375,24713
2025-09-10 09:25:00+00:00,1888.300048828125,1889.699951171875,1887.9000244140625,1889.699951171875,56884
2025-09-10 09:30:00+00:00,1889.800048828125,1890.5999755859375,1888.300048828125,1888.300048828125,104936
2025-09-10 09:35:00+00:00,1891.0,1891.0,1889.800048828125,1890.0,98401
2025-09-10 09:40:00+00:00,1891.9000244140625,1892.0999755859375,1890.300048828125,1891.0999755859375,86980
2025-09-10 09:45:00+00:00,1893.0,1893.699951171875,1892.0,1892.0,108677
2025-09-10 09:50:00+00:00,1892.199951171875,1893.699951171875,1891.4000244140625,1893.0,96848
2025-09-10 09:55:00+00:00,1891.4000244140625,1894.0,1890.0999755859375,1892.4000244140625,68362
2025-09-11 03:45:00+00:00,1887.9000244140625,1888.9000244140625,1883.5,1888.5,0
2025-09-11 03:50:00+00:00,1888.5,1889.4000244140625,1887.4000244140625,1887.9000244140625,64392
2025-09-11 03:55:00+00:00,1887.800048828125,1888.5999755859375,1887.5,1888.5,47508
2025-09-11 04:00:00+00:00,1885.800048828125,1889.0,1885.4000244140625,1887.800048828125,38337
2025-09-11 04:05:00+00:00,1889.0,1889.4000244140625,1885.5999755859375,1885.699951171875,24770
2025-09-11 04:10:00+00:00,1891.0,1891.300048828125,1886.699951171875,1889.4000244140625,47472
2025-09-11 04:15:00+00:00,1891.0,1891.4000244140625,1890.0999755859375,1890.699951171875,29520
2025-09-11 04:20:00+00:00,1890.199951171875,1891.199951171875,1890.0999755859375,1891.0999755859375,14946
2025-09-11 04:25:00+00:00,1891.9000244140625,1892.0,1890.0999755859375,1890.199951171875,39457
2025-09-11 04:30:00+00:00,1892.0999755859375,1892.300048828125,1891.5,1892.0,21264
2025-09-11 04:35:00+00:00,1890.4000244140625,1892.199951171875,1890.300048828125,1891.9000244140625,17766
2025-09-11 04:40:00+00:00,1890.300048828125,1890.800048828125,1890.0999755859375,1890.300048828125,15544
2025-09-11 04:45:00+00:00,1890.300048828125,1890.300048828125,1890.0999755859375,1890.300048828125,13680
2025-09-11 04:50:00+00:00,1890.800048828125,1890.800048828125,1888.4000244140625,1890.0,32315
2025-09-11 04:55:00+00:00,1891.300048828125,1891.800048828125,1889.9000244140625,1890.800048828125,19178
2025-09-11 05:00:00+00:00,1891.9000244140625,1891.9000244140625,1891.199951171875,1891.9000244140625,8880
2025-09-11 05:05:00+00:00,1891.699951171875,1892.0,1890.800048828125,1891.9000244140625,15951
2025-09-11 05:10:00+00:00,1893.699951171875,1894.4000244140625,1890.0999755859375,1891.699951171875,113096
2025-09-11 05:15:00+00:00,1894.5,1895.199951171875,1892.0,1893.699951171875,37546
2025-09-11 05:20:00+00:00,1893.699951171875,1895.4000244140625,1893.0999755859375,1894.5,23877
2025-09-11 05:25:00+00:00,1893.4000244140625,1894.9000244140625,1892.5999755859375,1893.699951171875,54858
2025-09-11 05:30:00+00:00,1894.699951171875,1896.0,1893.5,1893.5,58950
2025-09-11 05:35:00+00:00,1895.5999755859375,1896.300048828125,1892.699951171875,1894.699951171875,38920
2025-09-11 05:40:00+00:00,1895.300048828125,1895.9000244140625,1894.199951171875,1895.5999755859375,8936
2025-09-11 05:45:00+00:00,1893.9000244140625,1895.300048828125,1893.5,1895.300048828125,18972
2025-09-11 05:50:00+00:00,1894.0999755859375,1896.0,1893.0,1893.5,33378
2025-09-11 05:55:00+00:00,1894.199951171875,1895.9000244140625,1893.4000244140625,1894.9000244140625,24503
2025-09-11 06:00:00+00:00,1894.699951171875,1895.0999755859375,1894.0999755859375,1894.199951171875,9411
2025-09-11 06:05:00+00:00,1892.800048828125,1894.699951171875,1892.0,1894.5999755859375,43186
2025-09-11 06:10:00+00:00,1895.300048828125,1895.5999755859375,1891.5999755859375,1892.800048828125,60740
2025-09-11 06:15:00+00:00,1894.699951171875,1895.5999755859375,1894.5999755859375,1895.4000244140625,16615
2025-09-11 06:20:00+00:00,1893.5999755859375,1894.9000244140625,1893.5999755859375,1894.5999755859375,12780
2025-09-11 06:25:00+00:00,1894.0999755859375,1894.5,1892.9000244140625,1893.5,14818
2025-09-11 06:30:00+00:00,1895.0999755859375,1895.0999755859375,1893.699951171875,1894.300048828125,13154
2025-09-11 06:35:00+00:00,1894.5,1895.0999755859375,1894.0,1895.0999755859375,9761
2025-09-11 06:40:00+00:00,1894.300048828125,1895.0,1894.0999755859375,1894.300048828125,10413
2025-09-11 06:45:00+00:00,1894.5999755859375,1894.699951171875,1894.0,1894.300048828125,16675
2025-09-11 06:50:00+00:00,1898.0,1898.800048828125,1894.0999755859375,1894.5999755859375,82132
2025-09-11 06:55:00+00:00,1897.9000244140625,1899.0,1897.199951171875,1898.199951171875,24962
2025-09-11 07:00:00+00:00,1899.199951171875,1900.300048828125,1896.300048828125,1897.9000244140625,64332
2025-09-11 07:05:00+00:00,1898.0,1899.0999755859375,1897.0,1899.0,13928
2025-09-11 07:10:00+00:00,1897.9000244140625,1898.800048828125,1897.300048828125,1897.9000244140625,9719
2025-09-11 07:15:00+00:00,1898.300048828125,1898.5,1897.4000244140625,1897.9000244140625,9699
2025-09-11 07:20:00+00:00,1899.0999755859375,1899.199951171875,1897.699951171875,1898.4000244140625,9958
2025-09-11 07:25:00+00:00,1902.0,1902.300048828125,1897.5,1899.0,116954
2025-09-11 07:30:00+00:00,1901.4000244140625,1902.0,1900.4000244140625,1901.800048828125,13004
2025-09-11 07:35:00+00:00,1900.9000244140625,1901.5,1900.300048828125,1901.4000244140625,9103
2025-09-11 07:40:00+00:00,1902.9000244140625,1902.9000244140625,1900.4000244140625,1900.800048828125,13337
2025-09-11 07:45:00+00:00,1902.800048828125,1903.0,1901.699951171875,1902.800048828125,16336
2025-09-11 07:50:00+00:00,1904.800048828125,1905.9000244140625,1902.300048828125,1902.5,41150
2025-09-11 07:55:00+00:00,1904.300048828125,1906.300048828125,1903.699951171875,1904.0,17359
2025-09-11 08:00:00+00:00,1903.4000244140625,1905.0,1903.4000244140625,1904.199951171875,67631
2025-09-11 08:05:00+00:00,1901.9000244140625,1904.800048828125,1901.300048828125,1903.5,38203
2025-09-11 08:10:00+00:00,1902.199951171875,1903.0999755859375,1901.5999755859375,1901.9000244140625,16334
2025-09-11 08:15:00+00:00,1900.9000244140625,1902.9000244140625,1900.5,1902.0,87767
2025-09-11 08:20:00+00:00,1904.699951171875,1904.699951171875,1900.699951171875,1900.699951171875,173105
2025-09-11 08:25:00+00:00,1905.0999755859375,1907.0,1902.300048828125,1904.199951171875,251178
2025-09-11 08:30:00+00:00,1905.4000244140625,1905.800048828125,1903.5,1905.0999755859375,21001
2025-09-11 08:35:00+00:00,1904.0999755859375,1905.4000244140625,1902.699951171875,1905.4000244140625,20521
2025-09-11 08:40:00+00:00,1904.5999755859375,1904.800048828125,1903.5999755859375,1904.0999755859375,8450
2025-09-11 08:45:00+00:00,1906.0,1906.199951171875,1903.4000244140625,1904.4000244140625,101544
2025-09-11 08:50:00+00:00,1909.0,1909.0,1905.5999755859375,1906.0,244522
2025-09-11 08:55:00+00:00,1911.699951171875,1912.9000244140625,1908.800048828125,1909.0,75536
2025-09-11 09:00:00+00:00,1912.800048828125,1912.9000244140625,1909.9000244140625,1911.5,93581
2025-09-11 09:05:00+00:00,1911.5,1913.4000244140625,1910.300048828125,1913.300048828125,154802
2025-09-11 09:10:00+00:00,1913.699951171875,1913.9000244140625,1910.5,1911.800048828125,57456
2025-09-11 09:15:00+00:00,1913.0999755859375,1914.9000244140625,1911.199951171875,1913.800048828125,192488
2025-09-11 09:20:00+00:00,1914.199951171875,1914.199951171875,1911.0,1912.4000244140625,241404
2025-09-11 09:25:00+00:00,1909.300048828125,1914.0999755859375,1909.199951171875,1914.0999755859375,120258
2025-09-11 09:30:00+00:00,1914.300048828125,1914.800048828125,1908.5,1909.800048828125,243530
2025-09-11 09:35:00+00:00,1913.800048828125,1915.4000244140625,1911.199951171875,1914.0,202652
2025-09-11 09:40:00+00:00,1912.4000244140625,1915.800048828125,1911.0,1912.9000244140625,212004
2025-09-11 09:45:00+00:00,1913.0,1916.0,1912.0,1912.5999755859375,203465
2025-09-11 09:50:00+00:00,1913.0,1914.4000244140625,1912.0,1912.9000244140625,88710
2025-09-11 09:55:00+00:00,1914.199951171875,1915.0,1913.0999755859375,1913.0999755859375,71366
2025-09-12 03:45:00+00:00,1914.5999755859375,1922.0999755859375,1913.5999755859375,1921.9000244140625,0
2025-09-12 03:50:00+00:00,1915.300048828125,1917.699951171875,1913.699951171875,1915.4000244140625,59012
2025-09-12 03:55:00+00:00,1915.5999755859375,1916.199951171875,1914.0,1915.300048828125,36762
2025-09-12 04:00:00+00:00,1915.0999755859375,1917.0999755859375,1913.5999755859375,1916.0999755859375,43006
2025-09-12 04:05:00+00:00,1914.199951171875,1915.300048828125,1914.0,1914.5999755859375,23038
2025-09-12 04:10:00+00:00,1915.0999755859375,1915.800048828125,1912.300048828125,1914.300048828125,83507
2025-09-12 04:15:00+00:00,1917.800048828125,1917.9000244140625,1913.800048828125,1915.0999755859375,46886
2025-09-12 04:20:00+00:00,1916.0,1918.5,1915.5999755859375,1917.800048828125,37201
2025-09-12 04:25:00+00:00,1914.5,1915.800048828125,1913.5999755859375,1915.800048828125,30506
2025-09-12 04:30:00+00:00,1914.800048828125,1916.4000244140625,1913.800048828125,1914.4000244140625,23658
2025-09-12 04:35:00+00:00,1913.9000244140625,1915.5,1913.5,1914.9000244140625,15840
2025-09-12 04:40:00+00:00,1914.5999755859375,1914.9000244140625,1913.0999755859375,1913.800048828125,15930
2025-09-12 04:45:00+00:00,1914.0999755859375,1914.9000244140625,1912.800048828125,1914.5999755859375,22671
2025-09-12 04:50:00+00:00,1914.4000244140625,1914.699951171875,1913.5,1914.199951171875,22949
2025-09-12 04:55:00+00:00,1915.300048828125,1915.5,1912.199951171875,1912.699951171875,30524
2025-09-12 05:00:00+00:00,1915.0999755859375,1915.9000244140625,1914.199951171875,1915.300048828125,16126
2025-09-12 05:05:00+00:00,1914.0,1915.800048828125,1913.699951171875,1915.0999755859375,15033
2025-09-12 05:10:00+00:00,1913.0,1914.0999755859375,1912.199951171875,1914.0,15195
2025-09-12 05:15:00+00:00,1910.5999755859375,1913.4000244140625,1910.0,1913.0,25601
2025-09-12 05:20:00+00:00,1909.9000244140625,1911.699951171875,1909.0999755859375,1910.300048828125,20120
2025-09-12 05:25:00+00:00,1911.800048828125,1912.699951171875,1909.699951171875,1909.9000244140625,62514
2025-09-12 05:30:00+00:00,1910.199951171875,1912.5999755859375,1910.0,1911.9000244140625,101589
2025-09-12 05:35:00+00:00,1912.0,1912.5999755859375,1910.0,1910.0,70452
2025-09-12 05:40:00+00:00,1910.9000244140625,1912.0,1910.0,1912.0,35309
2025-09-12 05:45:00+00:00,1910.5,1911.699951171875,1909.199951171875,1911.0,58052
2025-09-12 05:50:00+00:00,1911.5,1911.5999755859375,1909.5999755859375,1910.5999755859375,77319
2025-09-12 05:55:00+00:00,1913.699951171875,1916.300048828125,1911.0999755859375,1911.5,138500
2025-09-12 06:00:00+00:00,1912.699951171875,1914.5,1912.0999755859375,1913.699951171875,15563
2025-09-12 06:05:00+00:00,1913.5,1913.5,1912.5999755859375,1912.9000244140625,12327
2025-09-12 06:10:00+00:00,1914.9000244140625,1916.0,1913.5999755859375,1913.5999755859375,24156
2025-09-12 06:15:00+00:00,1915.199951171875,1915.199951171875,1913.199951171875,1914.9000244140625,13336
2025-09-12 06:20:00+00:00,1914.4000244140625,1915.5,1913.800048828125,1915.0999755859375,26196
2025-09-12 06:25:00+00:00,1915.5,1915.5,1914.199951171875,1914.5999755859375,22141
2025-09-12 06:30:00+00:00,1915.0,1915.4000244140625,1913.4000244140625,1915.4000244140625,66772
2025-09-12 06:35:00+00:00,1915.0999755859375,1915.199951171875,1914.699951171875,1915.0999755859375,72773
2025-09-12 06:40:00+00:00,1916.5,1917.199951171875,1914.9000244140625,1915.0999755859375,180360
2025-09-12 06:45:00+00:00,1918.0,1918.0,1915.800048828125,1916.9000244140625,30184
2025-09-12 06:50:00+00:00,1915.0999755859375,1918.0,1915.0,1918.0,12555
2025-09-12 06:55:00+00:00,1915.0999755859375,1916.699951171875,1914.0,1915.0,17212
2025-09-12 07:00:00+00:00,1914.699951171875,1915.0999755859375,1914.699951171875,1915.0,8970
2025-09-12 07:05:00+00:00,1914.4000244140625,1914.800048828125,1914.4000244140625,1914.800048828125,9804
2025-09-12 07:10:00+00:00,1915.5,1915.5,1914.4000244140625,1914.5,24579
2025-09-12 07:15:00+00:00,1913.4000244140625,1915.5999755859375,1913.0999755859375,1915.5,18040
2025-09-12 07:20:00+00:00,1913.9000244140625,1914.9000244140625,1913.300048828125,1913.300048828125,24607
2025-09-12 07:25:00+00:00,1914.0,1914.5,1913.800048828125,1913.9000244140625,15367
2025-09-12 07:30:00+00:00,1914.9000244140625,1914.9000244140625,1913.800048828125,1913.9000244140625,10581
2025-09-12 07:35:00+00:00,1914.0,1914.9000244140625,1913.5999755859375,1914.9000244140625,14321
2025-09-12 07:40:00+00:00,1914.800048828125,1915.0,1913.9000244140625,1914.0,35843
2025-09-12 07:45:00+00:00,1914.0,1914.800048828125,1913.9000244140625,1914.800048828125,13054
2025-09-12 07:50:00+00:00,1913.9000244140625,1914.0,1913.800048828125,1914.0,23486
2025-09-12 07:55:00+00:00,1913.4000244140625,1914.0,1913.300048828125,1913.9000244140625,15397
2025-09-12 08:00:00+00:00,1912.300048828125,1913.5999755859375,1911.5999755859375,1913.4000244140625,16401
2025-09-12 08:05:00+00:00,1912.300048828125,1912.300048828125,1910.5,1912.300048828125,18209
2025-09-12 08:10:00+00:00,1910.800048828125,1912.300048828125,1910.5,1912.0999755859375,28610
2025-09-12 08:15:00+00:00,1910.4000244140625,1910.800048828125,1909.800048828125,1910.800048828125,50745
2025-09-12 08:20:00+00:00,1910.4000244140625,1910.5,1908.5999755859375,1910.4000244140625,17378
2025-09-12 08:25:00+00:00,1909.9000244140625,1911.0999755859375,1909.300048828125,1910.4000244140625,17706
2025-09-12 08:30:00+00:00,1909.0,1910.199951171875,1909.0,1910.0999755859375,14836
2025-09-12 08:35:00+00:00,1908.4000244140625,1909.300048828125,1908.0999755859375,1909.199951171875,20998
2025-09-12 08:40:00+00:00,1908.4000244140625,1908.5,1907.4000244140625,1908.199951171875,25914
2025-09-12 08:45:00+00:00,1909.800048828125,1910.699951171875,1908.199951171875,1908.5,50595
2025-09-12 08:50:00+00:00,1911.0,1911.0,1909.0,1909.5999755859375,71934
2025-09-12 08:55:00+00:00,1909.300048828125,1912.0999755859375,1909.0999755859375,1911.300048828125,71215
2025-09-12 09:00:00+00:00,1908.199951171875,1909.5999755859375,1908.0999755859375,1909.5999755859375,22667
2025-09-12 09:05:00+00:00,1905.9000244140625,1908.4000244140625,1905.800048828125,1908.4000244140625,36777
2025-09-12 09:10:00+00:00,1906.0,1906.300048828125,1905.800048828125,1905.9000244140625,22974
2025-09-12 09:15:00+00:00,1904.9000244140625,1905.9000244140625,1904.800048828125,1905.9000244140625,30928
2025-09-12 09:20:00+00:00,1904.699951171875,1905.300048828125,1904.0,1904.9000244140625,38370
2025-09-12 09:25:00+00:00,1903.800048828125,1904.699951171875,1903.5999755859375,1904.699951171875,37216
2025-09-12 09:30:00+00:00,1901.800048828125,1905.9000244140625,1901.800048828125,1904.199951171875,97579
2025-09-12 09:35:00+00:00,1902.0999755859375,1902.300048828125,1901.699951171875,1901.9000244140625,77840
2025-09-12 09:40:00+00:00,1902.4000244140625,1902.5999755859375,1901.699951171875,1902.199951171875,100087
2025-09-12 09:45:00+00:00,1903.0,1903.0999755859375,1902.199951171875,1902.4000244140625,92643
2025-09-12 09:50:00+00:00,1901.5999755859375,1903.0,1901.5999755859375,1903.0,106188
2025-09-12 09:55:00+00:00,1903.0,1904.0999755859375,1901.5999755859375,1901.5999755859375,82210
2025-09-15 03:45:00+00:00,1900.4000244140625,1908.800048828125,1898.4000244140625,1904.0999755859375,0
2025-09-15 03:50:00+00:00,1907.699951171875,1908.0,1900.0,1900.0999755859375,74042
2025-09-15 03:55:00+00:00,1906.5999755859375,1908.199951171875,1906.199951171875,1907.5999755859375,39503
2025-09-15 04:00:00+00:00,1903.5999755859375,1907.800048828125,1903.5999755859375,1906.300048828125,48131
2025-09-15 04:05:00+00:00,1905.0,1905.9000244140625,1903.5,1903.5,30394
2025-09-15 04:10:00+00:00,1907.300048828125,1907.5,1905.0999755859375,1905.0999755859375,25702
2025-09-15 04:15:00+00:00,1906.5999755859375,1907.699951171875,1906.5,1907.300048828125,25046
2025-09-15 04:20:00+00:00,1906.699951171875,1907.5,1905.9000244140625,1906.0999755859375,27256
2025-09-15 04:25:00+00:00,1904.800048828125,1907.199951171875,1904.5999755859375,1906.4000244140625,23301
2025-09-15 04:30:00+00:00,1905.5,1906.0999755859375,1903.0999755859375,1904.5999755859375,23686
2025-09-15 04:35:00+00:00,1904.0999755859375,1905.699951171875,1904.0999755859375,1905.300048828125,19271
2025-09-15 04:40:00+00:00,1906.199951171875,1906.9000244140625,1903.800048828125,1904.0999755859375,25623
2025-09-15 04:45:00+00:00,1909.300048828125,1909.9000244140625,1906.0,1906.0999755859375,28348
2025-09-15 04:50:00+00:00,1911.5999755859375,1912.0,1908.9000244140625,1909.199951171875,29195
2025-09-15 04:55:00+00:00,1910.4000244140625,1911.800048828125,1910.0,1911.5999755859375,26626
2025-09-15 05:00:00+00:00,1911.4000244140625,1912.5999755859375,1910.199951171875,1910.5,35523
2025-09-15 05:05:00+00:00,1912.300048828125,1912.300048828125,1911.0,1911.4000244140625,26345
2025-09-15 05:10:00+00:00,1906.5,1912.0,1906.5,1912.0,40622
2025-09-15 05:15:00+00:00,1906.5,1907.0999755859375,1905.9000244140625,1906.5,24997
2025-09-15 05:20:00+00:00,1904.699951171875,1906.5,1904.0,1906.300048828125,34402
2025-09-15 05:25:00+00:00,1903.9000244140625,1905.0,1902.199951171875,1904.699951171875,71449
2025-09-15 05:30:00+00:00,1908.0999755859375,1908.5999755859375,1904.0999755859375,1904.0999755859375,56063
2025-09-15 05:35:00+00:00,1906.5,1908.699951171875,1906.0,1908.300048828125,43022
2025-09-15 05:40:00+00:00,1903.800048828125,1906.5,1903.699951171875,1906.5,38779
2025-09-15 05:45:00+00:00,1903.300048828125,1904.4000244140625,1903.199951171875,1904.0999755859375,25612
2025-09-15 05:50:00+00:00,1903.9000244140625,1904.199951171875,1903.199951171875,1903.5,24811
2025-09-15 05:55:00+00:00,1903.5999755859375,1903.9000244140625,1903.199951171875,1903.800048828125,26592
2025-09-15 06:00:00+00:00,1904.0,1904.800048828125,1903.199951171875,1903.5999755859375,31793
2025-09-15 06:05:00+00:00,1903.4000244140625,1904.0,1903.199951171875,1904.0,22854
2025-09-15 06:10:00+00:00,1901.9000244140625,1903.4000244140625,1901.0999755859375,1903.300048828125,39105
2025-09-15 06:15:00+00:00,1902.0,1902.699951171875,1901.5,1901.9000244140625,26704
2025-09-15 06:20:00+00:00,1901.5,1902.5,1901.0999755859375,1902.0999755859375,30794
2025-09-15 06:25:00+00:00,1902.800048828125,1903.9000244140625,1901.4000244140625,1901.5,25990
2025-09-15 06:30:00+00:00,1902.9000244140625,1903.800048828125,1902.800048828125,1902.800048828125,20978
2025-09-15 06:35:00+00:00,1902.0999755859375,1902.9000244140625,1901.5999755859375,1902.9000244140625,31020
2025-09-15 06:40:00+00:00,1901.5999755859375,1902.0999755859375,1901.199951171875,1902.0999755859375,23559
2025-09-15 06:45:00+00:00,1902.199951171875,1902.800048828125,1901.0999755859375,1901.5999755859375,45809
2025-09-15 06:50:00+00:00,1901.9000244140625,1902.4000244140625,1901.5,1902.0,18729
2025-09-15 06:55:00+00:00,1901.5999755859375,1902.0999755859375,1901.5999755859375,1901.800048828125,15163
2025-09-15 07:00:00+00:00,1902.0999755859375,1902.699951171875,1901.5,1901.699951171875,26358
2025-09-15 07:05:00+00:00,1901.5999755859375,1902.0999755859375,1901.5,1902.0,45973
2025-09-15 07:10:00+00:00,1900.300048828125,1900.800048828125,1900.0999755859375,1900.800048828125,35109
2025-09-15 07:15:00+00:00,1899.800048828125,1900.800048828125,1899.4000244140625,1900.199951171875,36654
2025-09-15 07:20:00+00:00,1898.9000244140625,1899.800048828125,1898.9000244140625,1899.800048828125,17077
2025-09-15 07:25:00+00:00,1899.5999755859375,1900.0,1898.800048828125,1898.9000244140625,37826
2025-09-15 07:30:00+00:00,1900.199951171875,1900.5,1899.0,1899.699951171875,21556
2025-09-15 07:35:00+00:00,1902.5,1902.699951171875,1900.199951171875,1900.199951171875,28326
2025-09-15 07:40:00+00:00,1902.5999755859375,1902.800048828125,1901.5,1902.5,16702
2025-09-15 07:45:00+00:00,1903.5,1904.9000244140625,1902.300048828125,1902.300048828125,60753
2025-09-15 07:50:00+00:00,1904.9000244140625,1905.800048828125,1902.199951171875,1903.0,42472
2025-09-15 07:55:00+00:00,1905.0,1905.4000244140625,1902.0999755859375,1904.699951171875,47258
2025-09-15 08:00:00+00:00,1905.300048828125,1905.5999755859375,1904.5,1904.9000244140625,18319
2025-09-15 08:05:00+00:00,1905.0,1905.5,1904.199951171875,1905.0,19484
2025-09-15 08:10:00+00:00,1902.300048828125,1905.0,1901.4000244140625,1904.5999755859375,98655
2025-09-15 08:15:00+00:00,1902.0,1904.300048828125,1901.800048828125,1902.0999755859375,85949
2025-09-15 08:20:00+00:00,1902.0,1904.199951171875,1901.800048828125,1901.800048828125,87959
2025-09-15 08:25:00+00:00,1902.199951171875,1902.800048828125,1901.300048828125,1901.9000244140625,47483
2025-09-15 08:30:00+00:00,1902.5,1902.699951171875,1901.0999755859375,1902.199951171875,21820
2025-09-15 08:35:00+00:00,1903.300048828125,1904.300048828125,1901.699951171875,1902.5,87715
2025-09-15 08:40:00+00:00,1902.5999755859375,1903.5,1902.0999755859375,1903.4000244140625,47290
2025-09-15 08:45:00+00:00,1902.199951171875,1902.5999755859375,1902.0999755859375,1902.5999755859375,40819
2025-09-15 08:50:00+00:00,1901.5999755859375,1902.5999755859375,1901.5,1902.5999755859375,33536
2025-09-15 08:55:00+00:00,1901.800048828125,1901.800048828125,1901.5,1901.5999755859375,26608
2025-09-15 09:00:00+00:00,1902.0999755859375,1902.300048828125,1901.5,1901.800048828125,21582
2025-09-15 09:05:00+00:00,1902.9000244140625,1903.300048828125,1901.800048828125,1902.0999755859375,26031
2025-09-15 09:10:00+00:00,1905.800048828125,1907.0,1902.5999755859375,1902.800048828125,73999
2025-09-15 09:15:00+00:00,1906.5999755859375,1906.699951171875,1905.5,1905.5999755859375,37827
2025-09-15 09:20:00+00:00,1908.0,1909.4000244140625,1906.300048828125,1906.300048828125,85037
2025-09-15 09:25:00+00:00,1907.300048828125,1908.199951171875,1907.0,1907.9000244140625,41795
2025-09-15 09:30:00+00:00,1905.0999755859375,1907.0,1905.0999755859375,1907.0,127671
2025-09-15 09:35:00+00:00,1903.300048828125,1905.199951171875,1903.199951171875,1905.199951171875,109857
2025-09-15 09:40:00+00:00,1903.300048828125,1904.300048828125,1902.5999755859375,1903.300048828125,149198
2025-09-15 09:45:00+00:00,1904.0,1904.5,1903.300048828125,1903.300048828125,134854
2025-09-15 09:50:00+00:00,1905.800048828125,1905.9000244140625,1903.9000244140625,1904.0,114012
2025-09-15 09:55:00+00:00,1907.5,1907.5999755859375,1904.9000244140625,1905.699951171875,96840
2025-09-16 03:45:00+00:00,1912.9000244140625,1913.199951171875,1904.5,1904.5,0
2025-09-16 03:50:00+00:00,1912.5999755859375,1914.0,1912.0,1912.5999755859375,55256
2025-09-16 03:55:00+00:00,1911.5999755859375,1912.300048828125,1910.0999755859375,1912.300048828125,35220
2025-09-16 04:00:00+00:00,1912.0999755859375,1913.4000244140625,1910.9000244140625,1911.5999755859375,28157
2025-09-16 04:05:00+00:00,1911.800048828125,1912.699951171875,1909.0999755859375,1912.0999755859375,28224
2025-09-16 04:10:00+00:00,1911.699951171875,1912.0,1910.9000244140625,1911.699951171875,19704
2025-09-16 04:15:00+00:00,1912.0999755859375,1912.300048828125,1911.5999755859375,1911.699951171875,12161
2025-09-16 04:20:00+00:00,1911.800048828125,1913.0,1911.4000244140625,1912.300048828125,29233
2025-09-16 04:25:00+00:00,1913.0,1913.800048828125,1911.5,1911.800048828125,18754
2025-09-16 04:30:00+00:00,1912.4000244140625,1914.699951171875,1912.199951171875,1912.9000244140625,47966
2025-09-16 04:35:00+00:00,1914.199951171875,1914.5999755859375,1911.300048828125,1912.5,51489
2025-09-16 04:40:00+00:00,1914.300048828125,1914.5,1913.5,1914.4000244140625,18269
2025-09-16 04:45:00+00:00,1915.199951171875,1915.4000244140625,1912.800048828125,1914.300048828125,80986
2025-09-16 04:50:00+00:00,1913.0999755859375,1915.0,1913.0999755859375,1915.0,20355
2025-09-16 04:55:00+00:00,1918.199951171875,1919.199951171875,1913.9000244140625,1913.9000244140625,84616
2025-09-16 05:00:00+00:00,1915.4000244140625,1918.0,1915.4000244140625,1918.0,17577
2025-09-16 05:10:00+00:00,1919.9000244140625,1920.0,1918.199951171875,1919.0,293548
2025-09-16 05:30:00+00:00,1918.699951171875,1919.300048828125,1917.199951171875,1919.0,223460
2025-09-16 05:35:00+00:00,1919.699951171875,1919.699951171875,1917.300048828125,1918.5999755859375,44915
2025-09-16 05:40:00+00:00,1921.0,1921.0,1919.5999755859375,1919.699951171875,44200
2025-09-16 05:45:00+00:00,1921.5,1922.0,1919.5,1920.699951171875,33688
2025-09-16 05:50:00+00:00,1922.9000244140625,1923.199951171875,1921.0,1921.4000244140625,36974
2025-09-16 05:55:00+00:00,1923.9000244140625,1924.4000244140625,1922.4000244140625,1922.800048828125,32389
2025-09-16 06:00:00+00:00,1924.300048828125,1924.300048828125,1923.9000244140625,1924.0999755859375,11291
2025-09-16 06:05:00+00:00,1925.199951171875,1925.5,1923.0999755859375,1924.199951171875,76800
2025-09-16 06:10:00+00:00,1925.699951171875,1926.300048828125,1925.199951171875,1925.199951171875,35171
2025-09-16 06:15:00+00:00,1927.800048828125,1928.0,1925.5,1925.699951171875,98033
2025-09-16 06:20:00+00:00,1927.800048828125,1928.0,1927.699951171875,1927.9000244140625,4571
2025-09-16 06:25:00+00:00,1931.0,1931.4000244140625,1929.800048828125,1930.0999755859375,220475
2025-09-16 06:30:00+00:00,1930.5,1931.699951171875,1930.0,1931.0,63756
2025-09-16 06:35:00+00:00,1933.199951171875,1934.0,1930.5,1930.5999755859375,61635
2025-09-16 06:40:00+00:00,1934.0,1934.5,1932.5,1933.199951171875,26071
2025-09-16 06:45:00+00:00,1935.5999755859375,1936.0999755859375,1933.800048828125,1934.0,57638
2025-09-16 06:50:00+00:00,1937.5999755859375,1937.699951171875,1935.4000244140625,1935.800048828125,43059
2025-09-16 06:55:00+00:00,1930.5,1937.5999755859375,1930.5,1937.5999755859375,174358
2025-09-16 07:00:00+00:00,1931.0999755859375,1932.699951171875,1930.199951171875,1930.5999755859375,44727
2025-09-16 07:05:00+00:00,1931.4000244140625,1932.5,1931.0999755859375,1931.199951171875,16182
2025-09-16 07:10:00+00:00,1932.0,1932.0999755859375,1931.0999755859375,1931.300048828125,27866
2025-09-16 07:15:00+00:00,1930.9000244140625,1931.9000244140625,1930.5999755859375,1931.9000244140625,18546
2025-09-16 07:20:00+00:00,1932.0,1932.300048828125,1930.0,1930.800048828125,74706
2025-09-16 07:25:00+00:00,1931.5999755859375,1932.0999755859375,1930.5,1932.0999755859375,20675
2025-09-16 07:30:00+00:00,1930.5,1931.5999755859375,1930.5,1931.300048828125,13995
2025-09-16 07:35:00+00:00,1930.199951171875,1930.5999755859375,1930.0,1930.5999755859375,31480
2025-09-16 07:40:00+00:00,1930.5,1930.5999755859375,1930.0,1930.0,26072
2025-09-16 07:45:00+00:00,1928.800048828125,1930.5999755859375,1927.4000244140625,1930.5999755859375,47273
2025-09-16 07:50:00+00:00,1928.699951171875,1929.800048828125,1928.300048828125,1928.800048828125,12384
2025-09-16 07:55:00+00:00,1929.300048828125,1929.5999755859375,1927.4000244140625,1928.699951171875,48150
2025-09-16 08:00:00+00:00,1928.0,1929.0999755859375,1927.199951171875,1929.0,15484
2025-09-16 08:05:00+00:00,1928.9000244140625,1929.5,1927.9000244140625,1928.0,15899
2025-09-16 08:10:00+00:00,1931.0,1931.0,1928.9000244140625,1928.9000244140625,17918
2025-09-16 08:15:00+00:00,1929.300048828125,1930.9000244140625,1929.199951171875,1930.9000244140625,18498
2025-09-16 08:20:00+00:00,1927.300048828125,1927.300048828125,1927.300048828125,1927.300048828125,21084
2025-09-16 08:25:00+00:00,1927.4000244140625,1928.300048828125,1925.800048828125,1927.4000244140625,30596
2025-09-16 08:30:00+00:00,1928.5999755859375,1929.300048828125,1927.0,1927.199951171875,37210
2025-09-16 08:35:00+00:00,1928.0999755859375,1929.199951171875,1927.699951171875,1928.9000244140625,16763
2025-09-16 08:45:00+00:00,1927.800048828125,1928.9000244140625,1925.800048828125,1926.800048828125,102674
2025-09-16 08:50:00+00:00,1929.4000244140625,1930.0,1927.800048828125,1927.800048828125,50806
2025-09-16 08:55:00+00:00,1932.300048828125,1933.699951171875,1928.9000244140625,1928.9000244140625,70626
2025-09-16 09:00:00+00:00,1934.5,1935.0999755859375,1932.0,1932.199951171875,59118
2025-09-16 09:05:00+00:00,1934.800048828125,1934.800048828125,1932.199951171875,1934.4000244140625,103855
2025-09-16 09:10:00+00:00,1934.9000244140625,1935.300048828125,1934.0999755859375,1934.9000244140625,66933
2025-09-16 09:30:00+00:00,1939.300048828125,1939.800048828125,1935.699951171875,1938.0,686167
2025-09-16 09:35:00+00:00,1939.0,1941.199951171875,1937.699951171875,1939.4000244140625,317159
2025-09-16 09:40:00+00:00,1938.5,1940.5999755859375,1936.800048828125,1938.800048828125,313451
2025-09-16 09:45:00+00:00,1940.0,1940.300048828125,1936.800048828125,1938.5,292023
2025-09-16 09:50:00+00:00,1941.5,1941.5999755859375,1939.0,1940.0,332970
2025-09-16 09:55:00+00:00,1939.5,1941.5999755859375,1939.5,1941.5,0
2025-09-17 03:45:00+00:00,1940.0,1941.9000244140625,1933.5999755859375,1938.9000244140625,215707
2025-09-17 03:50:00+00:00,1941.699951171875,1941.699951171875,1937.0,1939.5999755859375,115885
2025-09-17 03:55:00+00:00,1936.5,1941.5,1935.0999755859375,1941.5,87566
2025-09-17 04:00:00+00:00,1937.300048828125,1937.699951171875,1935.9000244140625,1937.0,27592
2025-09-17 04:05:00+00:00,1939.300048828125,1939.9000244140625,1936.300048828125,1937.5,55671
2025-09-17 04:10:00+00:00,1940.9000244140625,1941.0,1938.0,1939.199951171875,89721
2025-09-17 04:15:00+00:00,1939.4000244140625,1941.199951171875,1938.0,1940.9000244140625,89581
2025-09-17 04:20:00+00:00,1938.9000244140625,1940.199951171875,1938.699951171875,1938.9000244140625,24125
2025-09-17 04:25:00+00:00,1937.9000244140625,1938.9000244140625,1936.9000244140625,1938.9000244140625,21896
2025-09-17 04:30:00+00:00,1938.0999755859375,1939.0,1937.5,1938.0999755859375,21500
2025-09-17 04:35:00+00:00,1939.0,1939.800048828125,1938.0999755859375,1938.0999755859375,15895
2025-09-17 04:40:00+00:00,1938.699951171875,1939.300048828125,1938.300048828125,1938.699951171875,17071
2025-09-17 04:45:00+00:00,1936.199951171875,1939.0,1935.0999755859375,1938.800048828125,27592
2025-09-17 04:50:00+00:00,1936.300048828125,1936.9000244140625,1935.9000244140625,1936.0,12982
2025-09-17 04:55:00+00:00,1937.0,1937.0999755859375,1934.800048828125,1936.199951171875,32280
2025-09-17 05:00:00+00:00,1938.0999755859375,1938.5999755859375,1936.4000244140625,1937.0,31678
2025-09-17 05:05:00+00:00,1938.199951171875,1938.199951171875,1937.199951171875,1938.0999755859375,15390
2025-09-17 05:10:00+00:00,1939.4000244140625,1939.9000244140625,1938.0999755859375,1938.0999755859375,22781
2025-09-17 05:15:00+00:00,1939.5999755859375,1939.699951171875,1938.699951171875,1939.300048828125,20147
2025-09-17 05:20:00+00:00,1940.9000244140625,1941.0,1939.4000244140625,1939.4000244140625,55868
2025-09-17 05:25:00+00:00,1943.9000244140625,1944.199951171875,1940.9000244140625,1941.0,51055
2025-09-17 05:30:00+00:00,1944.0,1944.300048828125,1942.4000244140625,1944.0,55346
2025-09-17 05:35:00+00:00,1943.9000244140625,1944.0,1943.5999755859375,1943.9000244140625,20068
2025-09-17 05:40:00+00:00,1944.0999755859375,1944.300048828125,1942.0999755859375,1943.9000244140625,31480
2025-09-17 05:45:00+00:00,1940.800048828125,1944.0999755859375,1940.5999755859375,1944.0999755859375,16039
2025-09-17 05:50:00+00:00,1941.5,1941.5,1940.800048828125,1940.800048828125,15619
2025-09-17 05:55:00+00:00,1939.5999755859375,1941.5,1939.5,1941.4000244140625,25583
2025-09-17 06:00:00+00:00,1942.0,1943.0,1939.5,1939.5,35292
2025-09-17 06:05:00+00:00,1944.5,1945.0,1942.0,1942.0,80682
2025-09-17 06:10:00+00:00,1945.199951171875,1945.9000244140625,1943.0999755859375,1944.5999755859375,102518
2025-09-17 06:15:00+00:00,1945.0,1945.4000244140625,1943.199951171875,1945.199951171875,57623
2025-09-17 06:20:00+00:00,1944.300048828125,1945.9000244140625,1943.5,1945.0,66851
2025-09-17 06:25:00+00:00,1947.4000244140625,1947.5,1943.4000244140625,1944.0999755859375,65613
2025-09-17 06:30:00+00:00,1947.800048828125,1948.4000244140625,1946.5999755859375,1947.5,70919
2025-09-17 06:35:00+00:00,1947.9000244140625,1949.0,1947.5,1947.800048828125,103737
2025-09-17 06:40:00+00:00,1946.9000244140625,1947.9000244140625,1946.4000244140625,1947.699951171875,31569
2025-09-17 06:45:00+00:00,1946.0999755859375,1947.0,1945.199951171875,1946.9000244140625,24444
2025-09-17 06:50:00+00:00,1945.4000244140625,1948.300048828125,1945.199951171875,1946.0,78434
2025-09-17 06:55:00+00:00,1946.699951171875,1946.699951171875,1945.4000244140625,1945.4000244140625,30847
2025-09-17 07:00:00+00:00,1947.199951171875,1948.0,1945.0,1946.800048828125,72433
2025-09-17 07:05:00+00:00,1948.5999755859375,1948.9000244140625,1946.300048828125,1947.199951171875,23434
2025-09-17 07:10:00+00:00,1948.0999755859375,1948.800048828125,1947.699951171875,1948.699951171875,26498
2025-09-17 07:15:00+00:00,1947.199951171875,1948.4000244140625,1945.9000244140625,1948.0999755859375,27198
2025-09-17 07:20:00+00:00,1946.0,1947.300048828125,1945.0,1947.0999755859375,24879
2025-09-17 07:25:00+00:00,1944.5999755859375,1946.0,1944.0,1945.800048828125,82940
2025-09-17 07:30:00+00:00,1945.5999755859375,1945.800048828125,1943.699951171875,1944.5,101496
2025-09-17 07:35:00+00:00,1946.699951171875,1946.800048828125,1945.0999755859375,1945.699951171875,28493
2025-09-17 07:40:00+00:00,1947.5,1947.5,1946.5,1946.5,31900
2025-09-17 07:45:00+00:00,1949.0999755859375,1949.5,1947.4000244140625,1947.5,31619
2025-09-17 07:50:00+00:00,1949.4000244140625,1949.699951171875,1947.199951171875,1949.0999755859375,27498
2025-09-17 07:55:00+00:00,1948.699951171875,1950.0,1948.199951171875,1949.4000244140625,25029
2025-09-17 08:00:00+00:00,1949.0999755859375,1949.0999755859375,1948.0999755859375,1948.699951171875,21723
2025-09-17 08:05:00+00:00,1947.300048828125,1949.199951171875,1947.300048828125,1949.0999755859375,49474
2025-09-17 08:10:00+00:00,1947.4000244140625,1948.0999755859375,1946.300048828125,1947.300048828125,31802
2025-09-17 08:15:00+00:00,1947.9000244140625,1948.699951171875,1945.5999755859375,1947.199951171875,75888
2025-09-17 08:20:00+00:00,1948.0,1948.199951171875,1946.5999755859375,1947.9000244140625,26544
2025-09-17 08:25:00+00:00,1947.699951171875,1948.199951171875,1946.0,1947.9000244140625,23853
2025-09-17 08:30:00+00:00,1947.300048828125,1948.0,1945.4000244140625,1947.699951171875,39395
2025-09-17 08:35:00+00:00,1947.0,1947.699951171875,1945.4000244140625,1947.300048828125,45159
2025-09-17 08:40:00+00:00,1947.9000244140625,1948.199951171875,1945.5999755859375,1946.9000244140625,101052
2025-09-17 08:45:00+00:00,1947.800048828125,1948.199951171875,1946.0999755859375,1947.800048828125,31904
2025-09-17 08:50:00+00:00,1946.0,1947.9000244140625,1946.0,1947.800048828125,29283
2025-09-17 08:55:00+00:00,1945.9000244140625,1946.300048828125,1942.300048828125,1946.300048828125,107459
2025-09-17 09:00:00+00:00,1944.5999755859375,1945.9000244140625,1942.199951171875,1945.800048828125,84578
2025-09-17 09:05:00+00:00,1944.5999755859375,1945.4000244140625,1942.699951171875,1943.9000244140625,66481
2025-09-17 09:10:00+00:00,1944.4000244140625,1945.300048828125,1943.5999755859375,1944.5999755859375,34935
2025-09-17 09:15:00+00:00,1945.0,1945.199951171875,1944.0999755859375,1944.4000244140625,34968
2025-09-17 09:20:00+00:00,1942.9000244140625,1945.699951171875,1942.0,1945.0,151857
2025-09-17 09:25:00+00:00,1942.800048828125,1943.5999755859375,1942.0,1942.9000244140625,76389
2025-09-17 09:30:00+00:00,1941.5999755859375,1942.199951171875,1940.300048828125,1942.0,153321
2025-09-17 09:35:00+00:00,1942.699951171875,1943.0,1941.5,1941.5999755859375,82703
2025-09-17 09:40:00+00:00,1940.0999755859375,1942.699951171875,1940.0,1942.699951171875,151685
2025-09-17 09:45:00+00:00,1939.5999755859375,1940.5,1939.5999755859375,1940.0999755859375,98769
2025-09-17 09:50:00+00:00,1942.9000244140625,1942.9000244140625,1939.699951171875,1939.699951171875,134998
2025-09-17 09:55:00+00:00,1940.9000244140625,1943.800048828125,1940.199951171875,1942.9000244140625,107427
2025-09-18 03:45:00+00:00,1947.199951171875,1948.4000244140625,1941.300048828125,1945.0,0
2025-09-18 03:50:00+00:00,1943.800048828125,1949.800048828125,1943.5,1947.5999755859375,123153
2025-09-18 03:55:00+00:00,1940.4000244140625,1945.0,1940.0999755859375,1943.9000244140625,48084
2025-09-18 04:00:00+00:00,1937.0,1941.4000244140625,1936.5,1940.300048828125,59794
2025-09-18 04:05:00+00:00,1937.0999755859375,1938.0,1935.800048828125,1937.0,37378
2025-09-18 04:10:00+00:00,1934.9000244140625,1937.699951171875,1934.0999755859375,1937.0999755859375,36744
2025-09-18 04:15:00+00:00,1931.300048828125,1935.300048828125,1931.0,1935.0999755859375,114200
2025-09-18 04:20:00+00:00,1928.699951171875,1931.699951171875,1927.699951171875,1931.699951171875,107664
2025-09-18 04:25:00+00:00,1927.0,1929.0999755859375,1926.5999755859375,1928.9000244140625,91540
2025-09-18 04:30:00+00:00,1925.699951171875,1927.0,1925.699951171875,1927.0,46785
2025-09-18 04:35:00+00:00,1923.5999755859375,1925.800048828125,1921.0999755859375,1925.5999755859375,98836
2025-09-18 04:40:00+00:00,1925.0999755859375,1925.199951171875,1922.5,1923.5999755859375,36311
2025-09-18 04:45:00+00:00,1925.4000244140625,1925.699951171875,1924.5,1924.800048828125,33180
2025-09-18 04:50:00+00:00,1925.4000244140625,1926.5,1924.0,1925.4000244140625,32666
2025-09-18 04:55:00+00:00,1926.9000244140625,1927.9000244140625,1925.9000244140625,1926.199951171875,23427
2025-09-18 05:00:00+00:00,1929.0999755859375,1929.9000244140625,1926.9000244140625,1926.9000244140625,37169
2025-09-18 05:05:00+00:00,1933.5,1933.5,1928.199951171875,1929.199951171875,69223
2025-09-18 05:10:00+00:00,1932.4000244140625,1933.4000244140625,1931.9000244140625,1933.4000244140625,53151
2025-09-18 05:15:00+00:00,1934.9000244140625,1937.0999755859375,1932.199951171875,1932.4000244140625,94904
2025-09-18 05:20:00+00:00,1933.0999755859375,1935.5,1933.0999755859375,1934.800048828125,31716
2025-09-18 05:25:00+00:00,1932.800048828125,1934.5,1932.800048828125,1933.0999755859375,31280
2025-09-18 05:30:00+00:00,1931.5999755859375,1932.800048828125,1930.5999755859375,1932.800048828125,41681
2025-09-18 05:35:00+00:00,1930.4000244140625,1931.699951171875,1930.4000244140625,1931.5,21533
2025-09-18 05:40:00+00:00,1932.9000244140625,1933.0,1930.4000244140625,1930.5,30454
2025-09-18 05:45:00+00:00,1931.699951171875,1932.9000244140625,1930.9000244140625,1932.800048828125,30575
2025-09-18 05:50:00+00:00,1931.9000244140625,1932.800048828125,1931.0,1931.699951171875,47372
2025-09-18 05:55:00+00:00,1933.5999755859375,1934.4000244140625,1931.9000244140625,1931.9000244140625,34889
2025-09-18 06:00:00+00:00,1936.699951171875,1936.800048828125,1933.4000244140625,1933.800048828125,85406
2025-09-18 06:05:00+00:00,1937.4000244140625,1939.5,1935.4000244140625,1936.5999755859375,151275
2025-09-18 06:10:00+00:00,1934.9000244140625,1937.800048828125,1934.199951171875,1937.4000244140625,27579
2025-09-18 06:15:00+00:00,1935.9000244140625,1936.5,1934.800048828125,1935.0,45474
2025-09-18 06:20:00+00:00,1935.5,1936.0,1934.5999755859375,1935.5999755859375,32367
2025-09-18 06:25:00+00:00,1935.5999755859375,1936.0,1934.800048828125,1935.5999755859375,35353
2025-09-18 06:30:00+00:00,1935.5999755859375,1936.699951171875,1934.699951171875,1935.5999755859375,32026
2025-09-18 06:35:00+00:00,1934.699951171875,1935.699951171875,1934.5999755859375,1935.0999755859375,24066
2025-09-18 06:40:00+00:00,1936.9000244140625,1936.9000244140625,1934.699951171875,1934.800048828125,37290
2025-09-18 06:45:00+00:00,1935.300048828125,1937.5999755859375,1935.0,1936.9000244140625,51812
2025-09-18 06:50:00+00:00,1935.300048828125,1935.4000244140625,1935.0999755859375,1935.300048828125,25653
2025-09-18 06:55:00+00:00,1936.0999755859375,1936.4000244140625,1935.300048828125,1935.300048828125,38910
2025-09-18 07:00:00+00:00,1935.800048828125,1937.0,1935.5999755859375,1936.0999755859375,28385
2025-09-18 07:05:00+00:00,1937.4000244140625,1937.800048828125,1935.0999755859375,1935.800048828125,55797
2025-09-18 07:10:00+00:00,1940.4000244140625,1940.5999755859375,1936.5,1937.4000244140625,83671
2025-09-18 07:15:00+00:00,1939.300048828125,1940.800048828125,1937.699951171875,1940.300048828125,65166
2025-09-18 07:20:00+00:00,1937.5,1939.300048828125,1937.0,1939.0999755859375,26632
2025-09-18 07:25:00+00:00,1938.699951171875,1939.699951171875,1937.300048828125,1937.5,35603
2025-09-18 07:30:00+00:00,1937.800048828125,1938.800048828125,1936.699951171875,1938.800048828125,54756
2025-09-18 07:35:00+00:00,1940.800048828125,1941.0,1937.300048828125,1937.800048828125,65764
2025-09-18 07:40:00+00:00,1940.800048828125,1941.5,1939.0,1940.800048828125,48255
2025-09-18 07:45:00+00:00,1942.300048828125,1942.300048828125,1940.0,1940.800048828125,44281
2025-09-18 07:50:00+00:00,1943.5999755859375,1944.0999755859375,1942.0,1942.199951171875,36217
2025-09-18 07:55:00+00:00,1945.300048828125,1945.300048828125,1943.0,1943.699951171875,40989
2025-09-18 08:00:00+00:00,1946.199951171875,1948.800048828125,1944.199951171875,1945.4000244140625,202763
2025-09-18 08:05:00+00:00,1944.699951171875,1946.300048828125,1942.699951171875,1946.199951171875,33115
2025-09-18 08:10:00+00:00,1946.699951171875,1946.9000244140625,1944.300048828125,1944.699951171875,41877
2025-09-18 08:15:00+00:00,1944.300048828125,1947.199951171875,1944.199951171875,1946.4000244140625,48839
2025-09-18 08:20:00+00:00,1943.699951171875,1945.0999755859375,1941.4000244140625,1944.300048828125,96173
2025-09-18 08:25:00+00:00,1943.800048828125,1944.199951171875,1942.4000244140625,1943.699951171875,56821
2025-09-18 08:30:00+00:00,1943.300048828125,1944.199951171875,1941.9000244140625,1943.699951171875,39822
2025-09-18 08:35:00+00:00,1940.5,1943.300048828125,1939.5,1943.300048828125,76377
2025-09-18 08:40:00+00:00,1942.0,1942.9000244140625,1939.5999755859375,1940.5,83341
2025-09-18 08:45:00+00:00,1940.300048828125,1942.0,1940.0,1941.9000244140625,28797
2025-09-18 08:50:00+00:00,1938.199951171875,1940.800048828125,1938.0,1940.4000244140625,71488
2025-09-18 08:55:00+00:00,1936.0999755859375,1941.0,1935.5,1938.300048828125,97349
2025-09-18 09:00:00+00:00,1934.199951171875,1938.0999755859375,1934.0999755859375,1936.300048828125,50315
2025-09-18 09:05:00+00:00,1935.5,1936.199951171875,1932.5999755859375,1933.800048828125,86951
2025-09-18 09:10:00+00:00,1937.800048828125,1937.9000244140625,1934.5,1935.5,96879
2025-09-18 09:15:00+00:00,1939.4000244140625,1939.800048828125,1936.5999755859375,1937.699951171875,118705
2025-09-18 09:20:00+00:00,1939.4000244140625,1940.4000244140625,1937.800048828125,1939.5,74208
2025-09-18 09:25:00+00:00,1941.5,1941.5999755859375,1938.5,1939.4000244140625,96766
2025-09-18 09:30:00+00:00,1942.300048828125,1943.0,1939.800048828125,1941.5,197522
2025-09-18 09:35:00+00:00,1942.300048828125,1945.0,1941.4000244140625,1942.4000244140625,200846
2025-09-18 09:40:00+00:00,1939.300048828125,1943.0,1939.300048828125,1942.300048828125,129640
2025-09-18 09:45:00+00:00,1939.699951171875,1940.699951171875,1938.699951171875,1939.4000244140625,139466
2025-09-18 09:50:00+00:00,1938.9000244140625,1940.0999755859375,1938.5,1939.5,134165
2025-09-18 09:55:00+00:00,1941.0999755859375,1942.0,1937.5999755859375,1938.9000244140625,108455
2025-09-19 03:45:00+00:00,1934.0,1936.9000244140625,1927.800048828125,1935.0,0
2025-09-19 03:50:00+00:00,1939.800048828125,1939.800048828125,1932.9000244140625,1934.300048828125,317175
2025-09-19 03:55:00+00:00,1933.0999755859375,1941.300048828125,1933.0999755859375,1939.5,100705
2025-09-19 04:00:00+00:00,1938.5,1939.4000244140625,1932.5,1933.4000244140625,569573
2025-09-19 04:05:00+00:00,1943.199951171875,1944.800048828125,1936.800048828125,1936.800048828125,76403
2025-09-19 04:10:00+00:00,1947.4000244140625,1949.0,1942.800048828125,1943.0,80055
2025-09-19 04:15:00+00:00,1942.5999755859375,1948.5,1942.0,1947.4000244140625,63640
2025-09-19 04:20:00+00:00,1941.5999755859375,1943.699951171875,1940.9000244140625,1942.0,30287
2025-09-19 04:25:00+00:00,1942.0999755859375,1943.0999755859375,1940.9000244140625,1941.5999755859375,31054
2025-09-19 04:30:00+00:00,1942.9000244140625,1943.699951171875,1941.0999755859375,1941.800048828125,30048
2025-09-19 04:35:00+00:00,1940.199951171875,1943.5,1940.199951171875,1943.0,18656
2025-09-19 04:40:00+00:00,1941.0,1941.9000244140625,1939.300048828125,1940.800048828125,22245
2025-09-19 04:45:00+00:00,1939.5,1941.0,1937.5999755859375,1941.0,22520
2025-09-19 04:50:00+00:00,1939.300048828125,1940.9000244140625,1937.5999755859375,1939.699951171875,25581
2025-09-19 04:55:00+00:00,1939.9000244140625,1941.0,1939.199951171875,1939.4000244140625,12806
2025-09-19 05:00:00+00:00,1937.0,1943.5,1936.199951171875,1939.5,47848
2025-09-19 05:05:00+00:00,1937.9000244140625,1938.699951171875,1935.5,1936.5,16130
2025-09-19 05:10:00+00:00,1936.699951171875,1938.0,1935.4000244140625,1938.0,21029
2025-09-19 05:15:00+00:00,1937.800048828125,1937.9000244140625,1936.199951171875,1936.199951171875,14104
2025-09-19 05:20:00+00:00,1938.800048828125,1938.800048828125,1937.0999755859375,1937.5999755859375,13119
2025-09-19 05:25:00+00:00,1937.800048828125,1940.0,1937.0999755859375,1939.0999755859375,18603
2025-09-19 05:30:00+00:00,1935.300048828125,1938.199951171875,1935.199951171875,1938.199951171875,39473
2025-09-19 05:35:00+00:00,1936.0,1937.699951171875,1933.5999755859375,1935.300048828125,43569
2025-09-19 05:40:00+00:00,1934.9000244140625,1936.5,1933.9000244140625,1936.5,16939
2025-09-19 05:45:00+00:00,1934.9000244140625,1935.0,1934.5,1934.9000244140625,13146
2025-09-19 05:50:00+00:00,1935.699951171875,1935.9000244140625,1934.9000244140625,1935.0,13416
2025-09-19 05:55:00+00:00,1934.800048828125,1935.9000244140625,1934.800048828125,1935.699951171875,25892
2025-09-19 06:00:00+00:00,1934.0999755859375,1935.0,1934.0,1935.0,17089
2025-09-19 06:05:00+00:00,1934.699951171875,1934.9000244140625,1933.199951171875,1934.199951171875,15821
2025-09-19 06:10:00+00:00,1939.5999755859375,1939.5999755859375,1934.4000244140625,1934.4000244140625,80101
2025-09-19 06:15:00+00:00,1936.5999755859375,1939.5999755859375,1936.199951171875,1939.0,12015
2025-09-19 06:20:00+00:00,1940.0999755859375,1941.9000244140625,1936.199951171875,1936.5999755859375,18422
2025-09-19 06:25:00+00:00,1937.699951171875,1940.800048828125,1936.800048828125,1940.5,40019
2025-09-19 06:30:00+00:00,1938.4000244140625,1938.5,1937.0999755859375,1938.0,14346
2025-09-19 06:35:00+00:00,1939.300048828125,1939.5,1938.300048828125,1938.4000244140625,32968
2025-09-19 06:40:00+00:00,1941.0999755859375,1942.0,1938.800048828125,1939.300048828125,87479
2025-09-19 06:45:00+00:00,1940.0,1941.199951171875,1938.699951171875,1940.5999755859375,73833
2025-09-19 06:50:00+00:00,1943.0999755859375,1945.0999755859375,1939.5,1940.0999755859375,78279
2025-09-19 06:55:00+00:00,1941.5999755859375,1943.5,1941.4000244140625,1943.199951171875,26345
2025-09-19 07:00:00+00:00,1943.0,1943.0,1941.300048828125,1942.0,19670
2025-09-19 07:05:00+00:00,1944.5999755859375,1945.300048828125,1942.800048828125,1943.0,34027
2025-09-19 07:10:00+00:00,1943.800048828125,1945.199951171875,1943.199951171875,1944.5999755859375,18673
2025-09-19 07:15:00+00:00,1944.5999755859375,1944.9000244140625,1943.0,1943.9000244140625,27955
2025-09-19 07:20:00+00:00,1942.4000244140625,1944.800048828125,1940.199951171875,1944.5999755859375,81849
2025-09-19 07:25:00+00:00,1945.800048828125,1945.800048828125,1942.5,1942.5,41069
2025-09-19 07:30:00+00:00,1945.9000244140625,1946.0,1944.9000244140625,1945.699951171875,24456
2025-09-19 07:35:00+00:00,1946.0,1946.5,1945.0,1945.9000244140625,39466
2025-09-19 07:40:00+00:00,1946.9000244140625,1947.4000244140625,1945.800048828125,1946.0,34183
2025-09-19 07:45:00+00:00,1947.699951171875,1948.199951171875,1946.4000244140625,1946.9000244140625,71351
2025-09-19 07:50:00+00:00,1948.0999755859375,1948.0999755859375,1946.0999755859375,1947.9000244140625,64146
2025-09-19 07:55:00+00:00,1948.800048828125,1949.199951171875,1948.0,1948.0999755859375,119590
2025-09-19 08:00:00+00:00,1950.0999755859375,1950.300048828125,1948.4000244140625,1948.699951171875,70238
2025-09-19 08:05:00+00:00,1947.5,1952.5,1945.0,1950.0999755859375,167198
2025-09-19 08:10:00+00:00,1947.300048828125,1948.5,1946.4000244140625,1947.5,63352
2025-09-19 08:15:00+00:00,1947.0999755859375,1947.800048828125,1946.199951171875,1947.0,20391
2025-09-19 08:20:00+00:00,1947.5,1948.0999755859375,1946.9000244140625,1947.0999755859375,33887
2025-09-19 08:25:00+00:00,1948.0999755859375,1948.0999755859375,1945.0,1947.5,45478
2025-09-19 08:30:00+00:00,1947.9000244140625,1950.0,1946.800048828125,1948.300048828125,90670
2025-09-19 08:35:00+00:00,1949.300048828125,1949.800048828125,1947.5,1947.9000244140625,46585
2025-09-19 08:40:00+00:00,1950.4000244140625,1951.9000244140625,1949.199951171875,1949.199951171875,83880
2025-09-19 08:45:00+00:00,1952.300048828125,1953.0,1950.300048828125,1950.4000244140625,271141
2025-09-19 08:50:00+00:00,1955.4000244140625,1955.5,1951.0999755859375,1952.300048828125,195135
2025-09-19 08:55:00+00:00,1956.4000244140625,1956.800048828125,1954.300048828125,1955.300048828125,164294
2025-09-19 09:00:00+00:00,1958.5,1959.199951171875,1956.0,1956.199951171875,109250
2025-09-19 09:05:00+00:00,1962.300048828125,1962.5,1956.9000244140625,1959.0,170008
2025-09-19 09:10:00+00:00,1963.5,1964.5,1961.5,1962.4000244140625,124762
2025-09-19 09:15:00+00:00,1968.9000244140625,1970.5999755859375,1963.199951171875,1963.5999755859375,194200
2025-09-19 09:20:00+00:00,1972.5999755859375,1973.0,1966.5999755859375,1969.0999755859375,160060
2025-09-19 09:25:00+00:00,1975.199951171875,1975.699951171875,1972.0999755859375,1972.699951171875,250291
2025-09-19 09:30:00+00:00,1964.5999755859375,1976.5999755859375,1964.0,1975.800048828125,1264975
2025-09-19 09:35:00+00:00,1956.9000244140625,1965.9000244140625,1955.699951171875,1965.4000244140625,1033767
2025-09-19 09:40:00+00:00,1960.5999755859375,1962.0,1957.4000244140625,1957.4000244140625,917416
2025-09-19 09:45:00+00:00,1961.699951171875,1962.699951171875,1959.5999755859375,1960.800048828125,955317
2025-09-19 09:50:00+00:00,1961.0999755859375,1962.300048828125,1958.0999755859375,1962.300048828125,918389
2025-09-19 09:55:00+00:00,1962.4000244140625,1962.9000244140625,1952.800048828125,1961.0999755859375,579254
2025-09-22 03:45:00+00:00,1950.5999755859375,1958.0999755859375,1944.199951171875,1958.0999755859375,0
2025-09-22 03:50:00+00:00,1953.5,1954.0,1950.0,1950.4000244140625,162863
2025-09-22 03:55:00+00:00,1957.0999755859375,1961.4000244140625,1952.199951171875,1953.5,169958
2025-09-22 04:00:00+00:00,1959.5,1959.800048828125,1955.9000244140625,1957.0,83382
2025-09-22 04:05:00+00:00,1958.9000244140625,1960.0999755859375,1958.5999755859375,1959.699951171875,39350
2025-09-22 04:10:00+00:00,1961.199951171875,1961.4000244140625,1958.300048828125,1959.300048828125,43473
2025-09-22 04:15:00+00:00,1959.300048828125,1961.5,1958.0,1960.4000244140625,108104
2025-09-22 04:20:00+00:00,1959.5999755859375,1960.0,1958.300048828125,1959.0999755859375,95253
2025-09-22 04:25:00+00:00,1960.4000244140625,1962.4000244140625,1959.0999755859375,1959.5,58976
2025-09-22 04:30:00+00:00,1961.300048828125,1961.5,1960.300048828125,1960.4000244140625,16954
2025-09-22 04:35:00+00:00,1960.199951171875,1961.9000244140625,1958.5999755859375,1961.5,42379
2025-09-22 04:40:00+00:00,1955.5,1959.300048828125,1955.0999755859375,1959.300048828125,20020
2025-09-22 04:45:00+00:00,1953.5,1956.4000244140625,1953.0,1955.800048828125,90748
2025-09-22 04:50:00+00:00,1951.199951171875,1953.5,1951.199951171875,1953.5,85885
2025-09-22 04:55:00+00:00,1951.9000244140625,1952.800048828125,1950.300048828125,1951.4000244140625,81593
2025-09-22 05:00:00+00:00,1955.0,1956.800048828125,1951.800048828125,1952.5,25755
2025-09-22 05:05:00+00:00,1955.800048828125,1956.0,1954.0999755859375,1955.4000244140625,12131
2025-09-22 05:10:00+00:00,1955.300048828125,1956.4000244140625,1954.5,1955.9000244140625,19737
2025-09-22 05:15:00+00:00,1953.0,1955.300048828125,1952.0,1955.300048828125,75918
2025-09-22 05:20:00+00:00,1953.5,1953.5,1952.199951171875,1952.9000244140625,24863
2025-09-22 05:25:00+00:00,1953.9000244140625,1954.0999755859375,1952.699951171875,1953.4000244140625,12191
2025-09-22 05:30:00+00:00,1955.199951171875,1955.4000244140625,1953.5999755859375,1953.9000244140625,13710
2025-09-22 05:35:00+00:00,1954.300048828125,1955.5999755859375,1953.199951171875,1954.4000244140625,16586
2025-09-22 05:40:00+00:00,1953.5999755859375,1955.300048828125,1953.5,1954.699951171875,11461
2025-09-22 05:45:00+00:00,1954.4000244140625,1955.0,1953.4000244140625,1954.0,19917
2025-09-22 05:50:00+00:00,1953.9000244140625,1957.0999755859375,1953.199951171875,1954.5999755859375,49514
2025-09-22 05:55:00+00:00,1955.5,1955.5,1953.800048828125,1954.0,82370
2025-09-22 06:00:00+00:00,1954.0,1956.699951171875,1953.9000244140625,1955.4000244140625,26749
2025-09-22 06:05:00+00:00,1952.9000244140625,1953.9000244140625,1952.5,1953.9000244140625,12616
2025-09-22 06:10:00+00:00,1952.800048828125,1953.0,1952.5999755859375,1952.9000244140625,15225
2025-09-22 06:15:00+00:00,1955.199951171875,1955.300048828125,1951.5999755859375,1952.800048828125,33533
2025-09-22 06:20:00+00:00,1955.800048828125,1959.199951171875,1954.5999755859375,1955.300048828125,85045
2025-09-22 06:25:00+00:00,1955.800048828125,1957.5999755859375,1955.199951171875,1956.4000244140625,101336
2025-09-22 06:30:00+00:00,1955.4000244140625,1958.199951171875,1954.800048828125,1955.800048828125,81972
2025-09-22 06:35:00+00:00,1953.9000244140625,1955.4000244140625,1952.199951171875,1955.4000244140625,48045
2025-09-22 06:40:00+00:00,1953.199951171875,1955.199951171875,1952.0999755859375,1953.5,87854
2025-09-22 06:45:00+00:00,1951.0,1954.699951171875,1951.0,1953.199951171875,44633
2025-09-22 06:50:00+00:00,1953.4000244140625,1953.5999755859375,1950.0,1951.0,76431
2025-09-22 06:55:00+00:00,1953.699951171875,1954.0,1950.800048828125,1953.300048828125,52569
2025-09-22 07:00:00+00:00,1955.300048828125,1955.9000244140625,1953.4000244140625,1953.699951171875,14879
2025-09-22 07:05:00+00:00,1956.0999755859375,1956.0999755859375,1954.300048828125,1955.300048828125,40931
2025-09-22 07:10:00+00:00,1955.699951171875,1956.800048828125,1955.5999755859375,1956.199951171875,55484
2025-09-22 07:15:00+00:00,1955.0,1956.9000244140625,1954.800048828125,1955.9000244140625,50846
2025-09-22 07:20:00+00:00,1956.199951171875,1956.9000244140625,1954.9000244140625,1954.9000244140625,13749
2025-09-22 07:25:00+00:00,1957.0,1958.699951171875,1955.5999755859375,1956.300048828125,25166
2025-09-22 07:30:00+00:00,1959.800048828125,1959.9000244140625,1956.800048828125,1957.0,54659
2025-09-22 07:35:00+00:00,1959.800048828125,1961.4000244140625,1958.5999755859375,1959.9000244140625,81292
2025-09-22 07:40:00+00:00,1959.300048828125,1960.0,1958.5,1959.800048828125,17258
2025-09-22 07:45:00+00:00,1958.5,1959.9000244140625,1957.5999755859375,1959.300048828125,16686
2025-09-22 07:50:00+00:00,1958.0999755859375,1958.699951171875,1957.5999755859375,1957.699951171875,18849
2025-09-22 07:55:00+00:00,1959.199951171875,1959.4000244140625,1957.0999755859375,1957.800048828125,53026
2025-09-22 08:00:00+00:00,1957.300048828125,1959.199951171875,1956.0999755859375,1958.0999755859375,67997
2025-09-22 08:05:00+00:00,1957.5,1958.4000244140625,1957.0,1957.5,7412
2025-09-22 08:10:00+00:00,1957.5,1958.699951171875,1957.4000244140625,1957.5999755859375,15012
2025-09-22 08:15:00+00:00,1957.5,1958.0999755859375,1956.800048828125,1957.9000244140625,34611
2025-09-22 08:20:00+00:00,1957.9000244140625,1959.300048828125,1957.199951171875,1957.4000244140625,65676
2025-09-22 08:25:00+00:00,1958.199951171875,1958.699951171875,1956.0,1958.0999755859375,69274
2025-09-22 08:30:00+00:00,1959.800048828125,1960.300048828125,1957.4000244140625,1958.4000244140625,104690
2025-09-22 08:35:00+00:00,1961.199951171875,1963.300048828125,1957.699951171875,1959.800048828125,178843
2025-09-22 08:40:00+00:00,1964.5999755859375,1964.5999755859375,1961.0999755859375,1961.199951171875,35026
2025-09-22 08:45:00+00:00,1964.199951171875,1965.9000244140625,1963.0999755859375,1964.5999755859375,71663
2025-09-22 08:50:00+00:00,1963.5999755859375,1965.0,1962.5,1964.0,41499
2025-09-22 08:55:00+00:00,1960.300048828125,1963.699951171875,1959.300048828125,1963.5999755859375,56290
2025-09-22 09:00:00+00:00,1957.0999755859375,1961.0,1956.800048828125,1960.0999755859375,31411
2025-09-22 09:05:00+00:00,1957.5999755859375,1958.199951171875,1956.0,1956.800048828125,15164
2025-09-22 09:10:00+00:00,1955.9000244140625,1957.5999755859375,1955.0,1957.5999755859375,27762
2025-09-22 09:15:00+00:00,1957.0999755859375,1957.699951171875,1954.300048828125,1956.199951171875,73070
2025-09-22 09:20:00+00:00,1957.5999755859375,1958.5,1955.800048828125,1957.0999755859375,52653
2025-09-22 09:25:00+00:00,1957.300048828125,1957.800048828125,1955.5,1957.0,75825
2025-09-22 09:30:00+00:00,1956.9000244140625,1958.5,1955.0999755859375,1957.300048828125,151816
2025-09-22 09:35:00+00:00,1955.9000244140625,1958.0,1955.0,1956.699951171875,99574
2025-09-22 09:40:00+00:00,1955.5999755859375,1956.800048828125,1955.0999755859375,1956.0,95526
2025-09-22 09:45:00+00:00,1956.0,1957.0,1955.0,1955.5999755859375,87613
2025-09-22 09:50:00+00:00,1956.199951171875,1956.199951171875,1955.0999755859375,1956.0999755859375,130723
2025-09-22 09:55:00+00:00,1956.199951171875,1956.699951171875,1955.0,1956.699951171875,71123
2025-09-23 03:45:00+00:00,1949.800048828125,1953.800048828125,1946.4000244140625,1952.0,0
2025-09-23 03:50:00+00:00,1948.0999755859375,1953.199951171875,1948.0999755859375,1950.0,60163
2025-09-23 03:55:00+00:00,1944.0,1948.4000244140625,1942.5999755859375,1948.0999755859375,32911
2025-09-23 04:00:00+00:00,1940.199951171875,1942.5999755859375,1940.0,1942.5999755859375,62271
2025-09-23 04:05:00+00:00,1937.699951171875,1941.0,1937.0,1941.0,38665
2025-09-23 04:10:00+00:00,1934.0999755859375,1937.9000244140625,1933.5999755859375,1937.9000244140625,30677
2025-09-23 04:15:00+00:00,1934.199951171875,1935.4000244140625,1933.199951171875,1933.9000244140625,29697
2025-09-23 04:20:00+00:00,1940.0,1940.4000244140625,1933.699951171875,1934.199951171875,62740
2025-09-23 04:25:00+00:00,1941.300048828125,1942.0,1937.5,1940.0,41167
2025-09-23 04:30:00+00:00,1940.9000244140625,1941.5,1940.0,1941.5,15509
2025-09-23 04:35:00+00:00,1941.5,1941.5,1940.4000244140625,1940.699951171875,14093
2025-09-23 04:40:00+00:00,1940.0,1942.0999755859375,1940.0,1941.9000244140625,46174
2025-09-23 04:45:00+00:00,1937.199951171875,1940.199951171875,1937.0,1940.0999755859375,28037
2025-09-23 04:50:00+00:00,1937.0,1939.0999755859375,1936.5,1937.199951171875,39954
2025-09-23 04:55:00+00:00,1937.5999755859375,1938.199951171875,1937.0,1937.0999755859375,9274
2025-09-23 05:00:00+00:00,1936.9000244140625,1937.800048828125,1936.4000244140625,1937.800048828125,13291
2025-09-23 05:05:00+00:00,1937.5,1938.0999755859375,1936.9000244140625,1936.9000244140625,8398
2025-09-23 05:10:00+00:00,1937.5999755859375,1938.0,1937.5,1938.0,4368
2025-09-23 05:15:00+00:00,1934.300048828125,1937.9000244140625,1934.199951171875,1937.5999755859375,66705
2025-09-23 05:20:00+00:00,1936.0999755859375,1936.0999755859375,1934.199951171875,1934.300048828125,12541
2025-09-23 05:25:00+00:00,1935.800048828125,1936.800048828125,1934.0,1936.5,36495
2025-09-23 05:30:00+00:00,1934.9000244140625,1936.300048828125,1934.300048828125,1936.0,21467
2025-09-23 05:35:00+00:00,1934.0,1935.5,1933.5999755859375,1935.0,22830
2025-09-23 05:40:00+00:00,1933.5999755859375,1934.9000244140625,1933.0,1933.800048828125,10303
2025-09-23 05:45:00+00:00,1932.800048828125,1933.5999755859375,1931.300048828125,1933.5999755859375,27213
2025-09-23 05:50:00+00:00,1933.199951171875,1933.9000244140625,1932.5,1932.5,10238
2025-09-23 05:55:00+00:00,1936.0,1936.0999755859375,1933.0999755859375,1933.199951171875,16568
2025-09-23 06:00:00+00:00,1932.9000244140625,1936.800048828125,1932.5999755859375,1935.9000244140625,28838
2025-09-23 06:05:00+00:00,1931.0999755859375,1933.0,1930.199951171875,1933.0,22732
2025-09-23 06:10:00+00:00,1930.5,1931.5999755859375,1930.199951171875,1931.0,19095
2025-09-23 06:15:00+00:00,1931.300048828125,1931.300048828125,1930.5,1930.5999755859375,16306
2025-09-23 06:20:00+00:00,1932.300048828125,1933.0,1930.5,1931.0,59744
2025-09-23 06:25:00+00:00,1935.5999755859375,1936.0999755859375,1930.9000244140625,1932.199951171875,73856
2025-09-23 06:30:00+00:00,1936.0999755859375,1938.0999755859375,1935.5,1935.9000244140625,15777
2025-09-23 06:35:00+00:00,1936.5,1936.5,1935.0,1936.0999755859375,21366
2025-09-23 06:40:00+00:00,1936.9000244140625,1937.699951171875,1935.0,1936.5,15078
2025-09-23 06:45:00+00:00,1936.5999755859375,1937.5,1936.0,1937.4000244140625,42027
2025-09-23 06:50:00+00:00,1936.0,1937.0,1935.5999755859375,1936.5999755859375,73046
2025-09-23 06:55:00+00:00,1940.0999755859375,1940.300048828125,1936.0,1936.300048828125,97368
2025-09-23 07:00:00+00:00,1942.5999755859375,1942.5999755859375,1938.4000244140625,1940.300048828125,92946
2025-09-23 07:05:00+00:00,1944.800048828125,1945.0999755859375,1942.5,1942.5999755859375,111281
2025-09-23 07:10:00+00:00,1944.0,1945.800048828125,1943.0,1944.800048828125,35123
2025-09-23 07:15:00+00:00,1941.5,1944.5,1940.800048828125,1943.5,86671
2025-09-23 07:20:00+00:00,1940.800048828125,1943.4000244140625,1939.800048828125,1941.5999755859375,39464
2025-09-23 07:25:00+00:00,1941.699951171875,1942.5,1940.0,1940.5999755859375,18092
2025-09-23 07:30:00+00:00,1943.300048828125,1944.5,1941.4000244140625,1941.699951171875,28936
2025-09-23 07:35:00+00:00,1944.0,1944.5,1942.4000244140625,1943.300048828125,18442
2025-09-23 07:40:00+00:00,1943.5999755859375,1944.4000244140625,1942.800048828125,1944.0,36469
2025-09-23 07:45:00+00:00,1944.4000244140625,1944.4000244140625,1942.5,1943.5999755859375,31568
2025-09-23 07:50:00+00:00,1945.300048828125,1945.300048828125,1944.0,1944.300048828125,30778
2025-09-23 07:55:00+00:00,1945.5999755859375,1945.9000244140625,1944.0999755859375,1945.0999755859375,34936
2025-09-23 08:00:00+00:00,1946.199951171875,1948.0,1945.0,1945.699951171875,62432
2025-09-23 08:05:00+00:00,1947.5,1947.5,1944.5999755859375,1946.199951171875,109281
2025-09-23 08:10:00+00:00,1948.4000244140625,1948.9000244140625,1947.4000244140625,1947.5,82095
2025-09-23 08:15:00+00:00,1949.300048828125,1949.300048828125,1947.5999755859375,1948.4000244140625,37277
2025-09-23 08:20:00+00:00,1946.9000244140625,1949.800048828125,1946.5,1949.300048828125,26252
2025-09-23 08:25:00+00:00,1942.5999755859375,1946.9000244140625,1942.0,1946.9000244140625,26338
2025-09-23 08:30:00+00:00,1944.800048828125,1945.0,1942.199951171875,1942.199951171875,28098
2025-09-23 08:35:00+00:00,1945.199951171875,1946.9000244140625,1944.199951171875,1945.0999755859375,57179
2025-09-23 08:40:00+00:00,1943.699951171875,1946.5,1943.5,1945.199951171875,55060
2025-09-23 08:45:00+00:00,1943.800048828125,1945.5,1941.300048828125,1944.0999755859375,170680
2025-09-23 08:50:00+00:00,1946.0,1946.4000244140625,1943.0999755859375,1943.800048828125,37275
2025-09-23 08:55:00+00:00,1944.5999755859375,1946.4000244140625,1944.0999755859375,1945.800048828125,38035
2025-09-23 09:00:00+00:00,1945.4000244140625,1946.0,1942.800048828125,1944.699951171875,97906
2025-09-23 09:05:00+00:00,1944.699951171875,1947.199951171875,1944.0,1945.5,58838
2025-09-23 09:10:00+00:00,1945.300048828125,1945.300048828125,1943.199951171875,1944.699951171875,19781
2025-09-23 09:15:00+00:00,1942.199951171875,1945.5,1941.5,1945.0999755859375,66777
2025-09-23 09:20:00+00:00,1940.9000244140625,1943.4000244140625,1939.300048828125,1942.300048828125,65247
2025-09-23 09:25:00+00:00,1939.9000244140625,1941.5999755859375,1939.5999755859375,1940.800048828125,105330
2025-09-23 09:30:00+00:00,1939.300048828125,1942.0,1937.0,1940.5,266340
2025-09-23 09:35:00+00:00,1937.699951171875,1941.0,1937.199951171875,1939.5999755859375,223919
2025-09-23 09:40:00+00:00,1939.199951171875,1941.199951171875,1935.9000244140625,1937.699951171875,261667
2025-09-23 09:45:00+00:00,1937.199951171875,1941.800048828125,1937.199951171875,1939.9000244140625,217454
2025-09-23 09:50:00+00:00,1939.0,1939.300048828125,1936.300048828125,1938.300048828125,145755
2025-09-23 09:55:00+00:00,1938.699951171875,1940.699951171875,1938.0,1938.5999755859375,66019
2025-09-24 03:45:00+00:00,1925.9000244140625,1932.0,1925.5,1932.0,0
2025-09-24 03:50:00+00:00,1923.0999755859375,1925.800048828125,1923.0999755859375,1925.5999755859375,141127
2025-09-24 03:55:00+00:00,1922.9000244140625,1923.5,1921.0,1922.5999755859375,114200
2025-09-24 04:00:00+00:00,1919.300048828125,1923.4000244140625,1919.300048828125,1923.199951171875,78332
2025-09-24 04:05:00+00:00,1922.300048828125,1922.5,1919.0999755859375,1919.699951171875,72881
2025-09-24 04:10:00+00:00,1920.699951171875,1922.5999755859375,1920.4000244140625,1922.0999755859375,80782
2025-09-24 04:15:00+00:00,1920.699951171875,1922.0999755859375,1919.699951171875,1921.199951171875,60600
2025-09-24 04:20:00+00:00,1921.0999755859375,1922.199951171875,1919.0,1919.0999755859375,52859
2025-09-24 04:25:00+00:00,1921.0999755859375,1921.5999755859375,1921.0,1921.300048828125,59411
2025-09-24 04:30:00+00:00,1922.4000244140625,1922.5,1921.0,1921.300048828125,19846
2025-09-24 04:35:00+00:00,1923.0999755859375,1923.800048828125,1922.0999755859375,1922.4000244140625,32370
2025-09-24 04:40:00+00:00,1923.300048828125,1924.5999755859375,1922.9000244140625,1922.9000244140625,24239
2025-09-24 04:45:00+00:00,1924.5999755859375,1925.5999755859375,1923.0999755859375,1923.199951171875,42859
2025-09-24 04:50:00+00:00,1923.5999755859375,1925.199951171875,1923.5,1925.199951171875,9954
2025-09-24 04:55:00+00:00,1923.300048828125,1924.0,1922.699951171875,1923.5999755859375,36844
2025-09-24 05:00:00+00:00,1925.0,1926.300048828125,1923.300048828125,1923.300048828125,29227
2025-09-24 05:05:00+00:00,1924.9000244140625,1925.300048828125,1924.5999755859375,1925.0,28272
2025-09-24 05:10:00+00:00,1924.0,1925.300048828125,1924.0,1924.9000244140625,12679
2025-09-24 05:15:00+00:00,1924.199951171875,1925.5999755859375,1923.5999755859375,1924.800048828125,24430
2025-09-24 05:20:00+00:00,1924.0999755859375,1924.199951171875,1922.9000244140625,1924.0,162344
2025-09-24 05:25:00+00:00,1923.5,1924.5999755859375,1923.0,1924.0999755859375,64125
2025-09-24 05:30:00+00:00,1922.4000244140625,1923.5,1922.0999755859375,1923.5,127231
2025-09-24 05:35:00+00:00,1921.0999755859375,1923.0,1920.0,1922.0999755859375,47746
2025-09-24 05:40:00+00:00,1921.5,1921.5,1920.0,1921.0999755859375,46196
2025-09-24 05:45:00+00:00,1922.0,1922.9000244140625,1921.5,1921.5,19996
2025-09-24 05:50:00+00:00,1923.0,1923.300048828125,1921.5999755859375,1922.0999755859375,32174
2025-09-24 05:55:00+00:00,1923.0,1923.0999755859375,1922.699951171875,1923.0,4610
2025-09-24 06:00:00+00:00,1923.0,1923.699951171875,1922.199951171875,1923.0,32095
2025-09-24 06:05:00+00:00,1922.199951171875,1923.699951171875,1922.0999755859375,1923.4000244140625,13688
2025-09-24 06:10:00+00:00,1922.5,1923.5,1921.0999755859375,1922.4000244140625,108309
2025-09-24 06:15:00+00:00,1923.0,1923.300048828125,1922.199951171875,1922.4000244140625,49535
2025-09-24 06:20:00+00:00,1922.5,1923.199951171875,1922.0999755859375,1923.0999755859375,53611
2025-09-24 06:25:00+00:00,1921.0,1922.9000244140625,1919.5999755859375,1922.5,53136
2025-09-24 06:30:00+00:00,1920.0999755859375,1921.0,1920.0,1920.5,33103
2025-09-24 06:35:00+00:00,1920.800048828125,1921.9000244140625,1919.9000244140625,1920.0,11799
2025-09-24 06:40:00+00:00,1922.800048828125,1922.800048828125,1920.0,1921.0,39246
2025-09-24 06:45:00+00:00,1924.5,1925.300048828125,1922.4000244140625,1922.5999755859375,40248
2025-09-24 06:50:00+00:00,1926.9000244140625,1927.0,1923.0,1924.5,61196
2025-09-24 06:55:00+00:00,1925.199951171875,1926.9000244140625,1925.0,1926.9000244140625,14432
2025-09-24 07:00:00+00:00,1929.0,1930.0,1925.800048828125,1925.800048828125,92736
2025-09-24 07:05:00+00:00,1927.5999755859375,1929.5999755859375,1927.4000244140625,1928.5,54394
2025-09-24 07:10:00+00:00,1926.4000244140625,1927.5999755859375,1925.4000244140625,1927.0999755859375,12258
2025-09-24 07:15:00+00:00,1925.699951171875,1927.0,1925.199951171875,1926.4000244140625,16172
2025-09-24 07:20:00+00:00,1927.9000244140625,1927.9000244140625,1925.199951171875,1925.699951171875,107172
2025-09-24 07:25:00+00:00,1928.199951171875,1928.5,1927.0,1928.5,11836
2025-09-24 07:30:00+00:00,1929.5,1929.5999755859375,1927.5,1928.199951171875,50823
2025-09-24 07:35:00+00:00,1929.300048828125,1930.0,1929.0,1929.5,19507
2025-09-24 07:40:00+00:00,1931.199951171875,1931.4000244140625,1929.300048828125,1929.4000244140625,41308
2025-09-24 07:45:00+00:00,1931.699951171875,1933.0999755859375,1930.0,1931.4000244140625,153263
2025-09-24 07:50:00+00:00,1932.4000244140625,1932.800048828125,1929.9000244140625,1931.4000244140625,36315
2025-09-24 07:55:00+00:00,1931.9000244140625,1932.800048828125,1931.0999755859375,1932.4000244140625,62864
2025-09-24 08:00:00+00:00,1931.5999755859375,1932.4000244140625,1930.0999755859375,1931.9000244140625,37585
2025-09-24 08:05:00+00:00,1934.0999755859375,1934.5999755859375,1931.199951171875,1932.0,64644
2025-09-24 08:10:00+00:00,1933.4000244140625,1934.800048828125,1931.9000244140625,1934.0999755859375,36711
2025-09-24 08:15:00+00:00,1932.699951171875,1934.199951171875,1931.9000244140625,1933.300048828125,42731
2025-09-24 08:20:00+00:00,1932.0,1933.0,1930.5,1932.800048828125,66162
2025-09-24 08:25:00+00:00,1931.0999755859375,1934.0,1930.0999755859375,1933.300048828125,90689
2025-09-24 08:30:00+00:00,1933.4000244140625,1933.4000244140625,1931.0,1931.4000244140625,56241
2025-09-24 08:35:00+00:00,1933.0999755859375,1933.699951171875,1932.0,1932.9000244140625,36350
2025-09-24 08:40:00+00:00,1935.5999755859375,1935.699951171875,1933.0,1933.0999755859375,40635
2025-09-24 08:45:00+00:00,1934.699951171875,1937.0999755859375,1934.199951171875,1935.5999755859375,43023
2025-09-24 08:50:00+00:00,1932.0,1934.699951171875,1931.5999755859375,1934.699951171875,77091
2025-09-24 08:55:00+00:00,1933.5999755859375,1933.699951171875,1931.199951171875,1931.699951171875,28619
2025-09-24 09:00:00+00:00,1930.800048828125,1933.800048828125,1930.4000244140625,1933.5999755859375,32382
2025-09-24 09:05:00+00:00,1933.5,1933.800048828125,1930.5999755859375,1931.0999755859375,60145
2025-09-24 09:10:00+00:00,1929.0999755859375,1932.5999755859375,1926.199951171875,1932.5999755859375,108811
2025-09-24 09:15:00+00:00,1931.199951171875,1931.199951171875,1927.5999755859375,1929.0999755859375,67688
2025-09-24 09:20:00+00:00,1930.0,1931.4000244140625,1929.5999755859375,1931.199951171875,41280
2025-09-24 09:25:00+00:00,1927.9000244140625,1931.0,1927.0999755859375,1930.0999755859375,42604
2025-09-24 09:30:00+00:00,1929.0,1929.300048828125,1926.800048828125,1927.9000244140625,146550
2025-09-24 09:35:00+00:00,1929.5,1930.300048828125,1928.800048828125,1928.9000244140625,181259
2025-09-24 09:40:00+00:00,1930.0999755859375,1930.0999755859375,1928.199951171875,1929.4000244140625,140012
2025-09-24 09:45:00+00:00,1933.4000244140625,1933.699951171875,1928.5999755859375,1930.5999755859375,211735
2025-09-24 09:50:00+00:00,1936.300048828125,1936.4000244140625,1933.199951171875,1933.5,149334
2025-09-24 09:55:00+00:00,1931.0999755859375,1937.300048828125,1931.0999755859375,1936.199951171875,121696
2025-09-25 03:45:00+00:00,1939.300048828125,1946.0,1930.0,1930.0,0
2025-09-25 03:50:00+00:00,1941.199951171875,1943.0999755859375,1939.0,1939.300048828125,43694
2025-09-25 03:55:00+00:00,1939.199951171875,1942.199951171875,1938.5999755859375,1941.300048828125,99883
2025-09-25 04:00:00+00:00,1940.9000244140625,1942.0,1937.9000244140625,1939.800048828125,60136
2025-09-25 04:05:00+00:00,1937.5,1941.4000244140625,1937.300048828125,1941.300048828125,92726
2025-09-25 04:10:00+00:00,1939.800048828125,1940.0999755859375,1937.0999755859375,1937.5,99902
2025-09-25 04:15:00+00:00,1941.300048828125,1942.0,1939.5,1939.5999755859375,63238
2025-09-25 04:20:00+00:00,1940.699951171875,1944.0999755859375,1938.9000244140625,1941.800048828125,240434
2025-09-25 04:25:00+00:00,1942.9000244140625,1943.699951171875,1940.0,1940.5999755859375,30692
2025-09-25 04:30:00+00:00,1941.0,1943.300048828125,1940.0,1943.300048828125,19217
2025-09-25 04:35:00+00:00,1941.199951171875,1941.699951171875,1940.0,1940.300048828125,17251
2025-09-25 04:40:00+00:00,1939.800048828125,1941.199951171875,1939.0999755859375,1940.5,28374
2025-09-25 04:45:00+00:00,1940.9000244140625,1941.0999755859375,1939.300048828125,1939.300048828125,20603
2025-09-25 04:50:00+00:00,1942.5999755859375,1942.5999755859375,1940.0,1940.800048828125,25176
2025-09-25 04:55:00+00:00,1943.5999755859375,1944.0,1941.0999755859375,1941.800048828125,39207
2025-09-25 05:00:00+00:00,1942.4000244140625,1944.0,1941.5999755859375,1943.5999755859375,40071
2025-09-25 05:05:00+00:00,1940.5999755859375,1942.4000244140625,1938.9000244140625,1941.800048828125,27502
2025-09-25 05:10:00+00:00,1941.5999755859375,1942.0,1939.5999755859375,1940.5999755859375,27866
2025-09-25 05:15:00+00:00,1941.300048828125,1941.300048828125,1939.699951171875,1940.5,23085
2025-09-25 05:20:00+00:00,1939.5,1941.199951171875,1939.300048828125,1941.199951171875,22240
2025-09-25 05:25:00+00:00,1937.300048828125,1940.0,1937.300048828125,1939.4000244140625,34183
2025-09-25 05:30:00+00:00,1935.5999755859375,1938.9000244140625,1935.5,1938.300048828125,43571
2025-09-25 05:35:00+00:00,1936.5999755859375,1937.4000244140625,1935.5999755859375,1936.199951171875,23557
2025-09-25 05:40:00+00:00,1939.0999755859375,1940.699951171875,1935.699951171875,1936.699951171875,50293
2025-09-25 05:45:00+00:00,1939.199951171875,1940.4000244140625,1938.199951171875,1939.699951171875,32063
2025-09-25 05:50:00+00:00,1938.800048828125,1940.5999755859375,1937.699951171875,1939.199951171875,27809
2025-09-25 05:55:00+00:00,1938.0,1939.0999755859375,1937.0,1938.9000244140625,27847
2025-09-25 06:00:00+00:00,1939.0,1939.0999755859375,1937.9000244140625,1938.699951171875,19511
2025-09-25 06:05:00+00:00,1938.5999755859375,1939.0999755859375,1937.9000244140625,1938.800048828125,18386
2025-09-25 06:10:00+00:00,1937.800048828125,1938.800048828125,1936.199951171875,1938.4000244140625,31437
2025-09-25 06:15:00+00:00,1937.4000244140625,1938.5999755859375,1936.4000244140625,1937.800048828125,33791
2025-09-25 06:20:00+00:00,1938.800048828125,1939.0,1936.800048828125,1938.300048828125,29990
2025-09-25 06:25:00+00:00,1939.9000244140625,1941.9000244140625,1938.4000244140625,1938.699951171875,82459
2025-09-25 06:30:00+00:00,1941.0,1941.9000244140625,1939.5,1940.5999755859375,66548
2025-09-25 06:35:00+00:00,1941.300048828125,1941.9000244140625,1940.0,1941.0,39910
2025-09-25 06:40:00+00:00,1941.0999755859375,1943.4000244140625,1940.699951171875,1941.4000244140625,47553
2025-09-25 06:45:00+00:00,1939.0,1941.5999755859375,1937.9000244140625,1941.0,58055
2025-09-25 06:50:00+00:00,1938.0999755859375,1939.9000244140625,1937.5999755859375,1939.800048828125,66415
2025-09-25 06:55:00+00:00,1939.199951171875,1940.0,1937.800048828125,1938.0,56188
2025-09-25 07:00:00+00:00,1937.300048828125,1939.0999755859375,1935.800048828125,1939.0999755859375,54060
2025-09-25 07:05:00+00:00,1937.0,1937.9000244140625,1936.9000244140625,1937.300048828125,26305
2025-09-25 07:10:00+00:00,1937.0999755859375,1937.5,1935.5999755859375,1937.0,39049
2025-09-25 07:15:00+00:00,1939.5999755859375,1939.9000244140625,1936.4000244140625,1937.0,135304
2025-09-25 07:20:00+00:00,1942.199951171875,1942.199951171875,1938.800048828125,1939.5999755859375,79331
2025-09-25 07:25:00+00:00,1943.5,1944.300048828125,1942.199951171875,1942.199951171875,39894
2025-09-25 07:30:00+00:00,1943.4000244140625,1943.5,1940.0999755859375,1943.5,88290
2025-09-25 07:35:00+00:00,1944.9000244140625,1946.0999755859375,1942.4000244140625,1943.800048828125,112330
2025-09-25 07:40:00+00:00,1943.199951171875,1945.300048828125,1942.5999755859375,1944.800048828125,43041
2025-09-25 07:45:00+00:00,1944.5,1946.199951171875,1942.300048828125,1943.199951171875,86840
2025-09-25 07:50:00+00:00,1944.800048828125,1944.9000244140625,1942.0,1944.4000244140625,66210
2025-09-25 07:55:00+00:00,1945.4000244140625,1946.300048828125,1944.0999755859375,1944.800048828125,41765
2025-09-25 08:00:00+00:00,1944.5,1945.800048828125,1943.699951171875,1945.4000244140625,724208
2025-09-25 08:05:00+00:00,1945.9000244140625,1947.0999755859375,1943.0999755859375,1944.5,85972
2025-09-25 08:10:00+00:00,1948.199951171875,1948.300048828125,1945.4000244140625,1945.9000244140625,41084
2025-09-25 08:15:00+00:00,1947.5999755859375,1948.0,1946.300048828125,1948.0,32653
2025-09-25 08:20:00+00:00,1946.0,1947.9000244140625,1945.800048828125,1947.699951171875,27399
2025-09-25 08:25:00+00:00,1945.5,1947.4000244140625,1944.4000244140625,1946.0,58909
2025-09-25 08:30:00+00:00,1945.0999755859375,1946.4000244140625,1945.0,1945.5,31150
2025-09-25 08:35:00+00:00,1944.0,1946.300048828125,1944.0,1945.0999755859375,57392
2025-09-25 08:40:00+00:00,1945.5999755859375,1945.5999755859375,1942.199951171875,1944.0,145788
2025-09-25 08:45:00+00:00,1947.0,1947.0,1944.9000244140625,1945.0999755859375,116970
2025-09-25 08:50:00+00:00,1948.800048828125,1949.5999755859375,1946.5,1946.800048828125,113144
2025-09-25 08:55:00+00:00,1945.300048828125,1950.0,1944.800048828125,1948.800048828125,169221
2025-09-25 09:00:00+00:00,1943.699951171875,1946.300048828125,1942.0,1945.4000244140625,87530
2025-09-25 09:05:00+00:00,1945.5,1946.699951171875,1942.0,1943.199951171875,86366
2025-09-25 09:10:00+00:00,1943.0999755859375,1945.300048828125,1942.199951171875,1945.300048828125,46748
2025-09-25 09:15:00+00:00,1942.4000244140625,1943.800048828125,1940.800048828125,1943.699951171875,74715
2025-09-25 09:20:00+00:00,1939.4000244140625,1943.300048828125,1938.5,1942.5,78670
2025-09-25 09:25:00+00:00,1936.800048828125,1939.4000244140625,1936.699951171875,1939.4000244140625,112456
2025-09-25 09:30:00+00:00,1934.199951171875,1937.0,1933.199951171875,1937.0,383307
2025-09-25 09:35:00+00:00,1935.4000244140625,1935.5999755859375,1933.0,1934.0999755859375,382911
2025-09-25 09:40:00+00:00,1937.9000244140625,1939.300048828125,1935.199951171875,1935.4000244140625,348681
2025-09-25 09:45:00+00:00,1935.699951171875,1939.199951171875,1935.0,1938.0,456119
2025-09-25 09:50:00+00:00,1934.9000244140625,1936.0,1934.0999755859375,1935.300048828125,360089
2025-09-25 09:55:00+00:00,1935.0,1935.4000244140625,1934.0999755859375,1935.4000244140625,218933
2025-09-26 03:45:00+00:00,1935.199951171875,1942.0,1935.0999755859375,1942.0,0
2025-09-26 03:50:00+00:00,1937.300048828125,1938.5999755859375,1932.800048828125,1935.199951171875,40362
2025-09-26 03:55:00+00:00,1933.9000244140625,1938.0999755859375,1933.199951171875,1936.9000244140625,48482
2025-09-26 04:00:00+00:00,1931.0999755859375,1934.0,1930.699951171875,1934.0,40105
2025-09-26 04:05:00+00:00,1929.5,1931.300048828125,1925.0,1931.300048828125,40657
2025-09-26 04:10:00+00:00,1931.699951171875,1933.0,1929.199951171875,1930.0999755859375,217521
2025-09-26 04:15:00+00:00,1935.5999755859375,1935.5999755859375,1931.5,1932.0,69446
2025-09-26 04:20:00+00:00,1934.5999755859375,1935.699951171875,1932.0999755859375,1935.300048828125,23293
2025-09-26 04:25:00+00:00,1932.0,1934.5999755859375,1932.0,1934.5999755859375,11933
2025-09-26 04:30:00+00:00,1931.300048828125,1932.5,1930.5,1932.5,13980
2025-09-26 04:35:00+00:00,1931.0999755859375,1931.4000244140625,1930.9000244140625,1931.0999755859375,6328
2025-09-26 04:40:00+00:00,1930.800048828125,1931.4000244140625,1930.300048828125,1931.0,11755
2025-09-26 04:45:00+00:00,1926.699951171875,1930.800048828125,1926.699951171875,1930.800048828125,26165
2025-09-26 04:50:00+00:00,1927.699951171875,1927.9000244140625,1926.699951171875,1927.699951171875,11890
2025-09-26 04:55:00+00:00,1927.699951171875,1928.9000244140625,1926.9000244140625,1927.5999755859375,22470
2025-09-26 05:00:00+00:00,1925.0,1927.5999755859375,1925.0,1927.0,23253
2025-09-26 05:05:00+00:00,1924.9000244140625,1925.199951171875,1924.5999755859375,1925.0,54540
2025-09-26 05:10:00+00:00,1924.0,1925.0,1923.199951171875,1925.0,24669
2025-09-26 05:15:00+00:00,1925.0,1925.0,1923.0999755859375,1923.5,47253
2025-09-26 05:20:00+00:00,1923.9000244140625,1925.0,1923.0999755859375,1924.9000244140625,11518
2025-09-26 05:25:00+00:00,1925.199951171875,1925.199951171875,1923.300048828125,1923.800048828125,11387
2025-09-26 05:30:00+00:00,1926.5,1926.699951171875,1925.0999755859375,1925.800048828125,24149
2025-09-26 05:35:00+00:00,1924.0,1926.4000244140625,1923.4000244140625,1926.4000244140625,24759
2025-09-26 05:40:00+00:00,1923.800048828125,1924.0,1923.0999755859375,1924.0,9809
2025-09-26 05:45:00+00:00,1923.300048828125,1924.0,1922.0999755859375,1923.0999755859375,27742
2025-09-26 05:50:00+00:00,1923.4000244140625,1924.800048828125,1921.0,1923.300048828125,60798
2025-09-26 05:55:00+00:00,1923.4000244140625,1924.0,1921.9000244140625,1923.4000244140625,27044
2025-09-26 06:00:00+00:00,1922.0,1923.5999755859375,1920.0,1923.4000244140625,77365
2025-09-26 06:05:00+00:00,1923.9000244140625,1924.0,1922.0,1922.0,62561
2025-09-26 06:10:00+00:00,1924.0,1924.699951171875,1923.0,1923.9000244140625,39702
2025-09-26 06:15:00+00:00,1923.5999755859375,1924.699951171875,1921.9000244140625,1924.0,38229
2025-09-26 06:20:00+00:00,1923.300048828125,1923.800048828125,1921.9000244140625,1923.5999755859375,37074
2025-09-26 06:25:00+00:00,1924.0999755859375,1924.0999755859375,1922.5999755859375,1923.300048828125,27326
2025-09-26 06:30:00+00:00,1925.0999755859375,1925.800048828125,1923.5999755859375,1923.800048828125,48538
2025-09-26 06:35:00+00:00,1924.300048828125,1925.5,1923.800048828125,1925.0999755859375,82061
2025-09-26 06:40:00+00:00,1923.0,1923.5999755859375,1923.0,1923.5,30005
2025-09-26 06:45:00+00:00,1923.4000244140625,1924.5,1922.699951171875,1923.800048828125,19900
2025-09-26 06:50:00+00:00,1923.699951171875,1923.800048828125,1923.0,1923.4000244140625,17773
2025-09-26 06:55:00+00:00,1923.0999755859375,1923.9000244140625,1922.800048828125,1923.699951171875,20755
2025-09-26 07:00:00+00:00,1921.0,1923.4000244140625,1920.5999755859375,1923.300048828125,24121
2025-09-26 07:05:00+00:00,1922.4000244140625,1923.4000244140625,1920.5,1921.0,33107
2025-09-26 07:10:00+00:00,1923.800048828125,1923.800048828125,1922.5,1922.5,31079
2025-09-26 07:15:00+00:00,1923.699951171875,1923.800048828125,1922.5999755859375,1923.800048828125,23450
2025-09-26 07:20:00+00:00,1924.0,1924.0,1922.699951171875,1923.699951171875,38293
2025-09-26 07:25:00+00:00,1923.300048828125,1924.5,1921.5,1923.9000244140625,59792
2025-09-26 07:30:00+00:00,1921.0,1924.0,1920.699951171875,1923.300048828125,88439
2025-09-26 07:35:00+00:00,1922.9000244140625,1923.0999755859375,1920.0999755859375,1921.0,34319
2025-09-26 07:40:00+00:00,1919.699951171875,1923.0,1919.0,1922.9000244140625,20687
2025-09-26 07:45:00+00:00,1921.0,1922.300048828125,1919.199951171875,1919.9000244140625,38391
2025-09-26 07:50:00+00:00,1921.5999755859375,1922.0999755859375,1919.4000244140625,1920.800048828125,24425
2025-09-26 07:55:00+00:00,1920.0,1921.5999755859375,1919.699951171875,1921.5999755859375,16331
2025-09-26 08:00:00+00:00,1916.699951171875,1920.0,1915.199951171875,1920.0,48132
2025-09-26 08:05:00+00:00,1917.5,1918.4000244140625,1916.4000244140625,1916.699951171875,16827
2025-09-26 08:10:00+00:00,1918.800048828125,1918.800048828125,1916.5999755859375,1916.5999755859375,31922
2025-09-26 08:15:00+00:00,1918.5999755859375,1919.0999755859375,1917.800048828125,1918.699951171875,18314
2025-09-26 08:20:00+00:00,1915.4000244140625,1918.0,1914.800048828125,1916.800048828125,26228
2025-09-26 08:25:00+00:00,1913.800048828125,1916.5,1912.5,1915.4000244140625,29327
2025-09-26 08:30:00+00:00,1912.9000244140625,1914.199951171875,1912.300048828125,1913.800048828125,23455
2025-09-26 08:35:00+00:00,1914.300048828125,1914.9000244140625,1912.0,1912.0,21796
2025-09-26 08:40:00+00:00,1915.800048828125,1916.300048828125,1914.0,1914.300048828125,25753
2025-09-26 08:45:00+00:00,1915.199951171875,1915.800048828125,1914.800048828125,1915.800048828125,16389
2025-09-26 08:50:00+00:00,1913.300048828125,1914.9000244140625,1912.5,1914.9000244140625,32470
2025-09-26 08:55:00+00:00,1916.0999755859375,1916.0999755859375,1912.5999755859375,1913.199951171875,29587
2025-09-26 09:00:00+00:00,1914.4000244140625,1916.699951171875,1914.4000244140625,1916.199951171875,29948
2025-09-26 09:05:00+00:00,1914.9000244140625,1915.0,1913.5,1914.300048828125,29201
2025-09-26 09:10:00+00:00,1915.800048828125,1915.800048828125,1914.4000244140625,1914.800048828125,32141
2025-09-26 09:15:00+00:00,1916.0,1916.0,1914.9000244140625,1916.0,35345
2025-09-26 09:20:00+00:00,1913.0,1917.199951171875,1912.699951171875,1916.199951171875,66489
2025-09-26 09:25:00+00:00,1915.4000244140625,1915.699951171875,1913.0,1913.0,36675
2025-09-26 09:30:00+00:00,1915.199951171875,1916.0999755859375,1914.0999755859375,1914.0999755859375,79404
2025-09-26 09:35:00+00:00,1914.5999755859375,1915.5999755859375,1914.5999755859375,1915.199951171875,67866
2025-09-26 09:40:00+00:00,1915.0999755859375,1915.199951171875,1914.300048828125,1914.5,92651
2025-09-26 09:45:00+00:00,1916.699951171875,1916.9000244140625,1915.300048828125,1915.800048828125,105963
2025-09-26 09:50:00+00:00,1919.5999755859375,1920.9000244140625,1917.0,1917.4000244140625,125357
2025-09-26 09:55:00+00:00,1915.4000244140625,1919.4000244140625,1912.0,1919.0,185893
2025-09-29 03:45:00+00:00,1913.4000244140625,1926.199951171875,1911.800048828125,1923.9000244140625,0
2025-09-29 03:50:00+00:00,1910.199951171875,1916.699951171875,1910.0,1913.199951171875,49147
2025-09-29 03:55:00+00:00,1910.0999755859375,1910.699951171875,1907.0,1909.800048828125,42288
2025-09-29 04:00:00+00:00,1908.5,1910.0,1905.4000244140625,1910.0,46746
2025-09-29 04:05:00+00:00,1911.5,1911.800048828125,1908.0,1908.0999755859375,21644
2025-09-29 04:10:00+00:00,1911.800048828125,1912.5,1910.0,1911.699951171875,18992
2025-09-29 04:15:00+00:00,1912.5,1912.5999755859375,1910.0,1911.800048828125,46373
2025-09-29 04:20:00+00:00,1914.0999755859375,1914.300048828125,1911.5999755859375,1912.5,26680
2025-09-29 04:25:00+00:00,1911.800048828125,1915.5,1911.800048828125,1914.199951171875,61605
2025-09-29 04:30:00+00:00,1908.5999755859375,1913.699951171875,1908.5999755859375,1912.4000244140625,31694
2025-09-29 04:35:00+00:00,1910.9000244140625,1911.0,1908.800048828125,1909.0999755859375,16709
2025-09-29 04:40:00+00:00,1910.0,1912.300048828125,1909.0999755859375,1910.699951171875,104593
2025-09-29 04:45:00+00:00,1911.800048828125,1912.300048828125,1908.0999755859375,1909.5999755859375,34799
2025-09-29 04:50:00+00:00,1912.5,1913.0,1911.5,1911.9000244140625,15961
2025-09-29 04:55:00+00:00,1911.5999755859375,1912.199951171875,1910.9000244140625,1912.199951171875,10504
2025-09-29 05:00:00+00:00,1912.199951171875,1912.5,1910.5999755859375,1911.5999755859375,21304
2025-09-29 05:05:00+00:00,1912.5999755859375,1912.699951171875,1910.5999755859375,1912.199951171875,19743
2025-09-29 05:10:00+00:00,1913.5,1914.0,1912.0,1912.5999755859375,15402
2025-09-29 05:15:00+00:00,1915.199951171875,1917.0999755859375,1913.699951171875,1913.699951171875,23343
2025-09-29 05:20:00+00:00,1914.0,1916.199951171875,1913.800048828125,1915.5,41291
2025-09-29 05:25:00+00:00,1913.9000244140625,1913.9000244140625,1912.699951171875,1913.5999755859375,18323
2025-09-29 05:30:00+00:00,1912.5,1914.5999755859375,1912.0,1913.9000244140625,20978
2025-09-29 05:35:00+00:00,1910.5999755859375,1913.0,1910.5999755859375,1912.5999755859375,20606
2025-09-29 05:40:00+00:00,1908.4000244140625,1910.5999755859375,1908.300048828125,1910.5,18089
2025-09-29 05:45:00+00:00,1909.9000244140625,1909.9000244140625,1907.300048828125,1908.5999755859375,18680
2025-09-29 05:50:00+00:00,1909.300048828125,1910.0,1908.800048828125,1909.5,14574
2025-09-29 05:55:00+00:00,1910.0,1911.4000244140625,1909.300048828125,1909.300048828125,29004
2025-09-29 06:00:00+00:00,1910.0,1910.199951171875,1907.4000244140625,1909.699951171875,34600
2025-09-29 06:05:00+00:00,1908.5999755859375,1910.4000244140625,1907.5999755859375,1909.9000244140625,84798
2025-09-29 06:10:00+00:00,1909.4000244140625,1909.5,1907.4000244140625,1908.800048828125,17324
2025-09-29 06:15:00+00:00,1908.9000244140625,1909.5,1908.699951171875,1909.5,9205
2025-09-29 06:20:00+00:00,1910.800048828125,1911.199951171875,1908.699951171875,1908.9000244140625,21889
2025-09-29 06:25:00+00:00,1911.4000244140625,1913.0,1910.0,1910.800048828125,60257
2025-09-29 06:30:00+00:00,1912.9000244140625,1912.9000244140625,1910.5999755859375,1911.199951171875,48009
2025-09-29 06:35:00+00:00,1913.5999755859375,1914.5999755859375,1912.0999755859375,1912.9000244140625,51262
2025-09-29 06:40:00+00:00,1915.699951171875,1915.699951171875,1913.0,1913.0,101776
2025-09-29 06:45:00+00:00,1916.9000244140625,1919.300048828125,1915.0999755859375,1915.5999755859375,70157
2025-09-29 06:50:00+00:00,1917.800048828125,1918.699951171875,1916.800048828125,1917.0,15074
2025-09-29 06:55:00+00:00,1918.0,1918.0,1916.800048828125,1917.9000244140625,11646
2025-09-29 07:00:00+00:00,1917.0,1918.0,1916.0,1917.0999755859375,9967
2025-09-29 07:05:00+00:00,1915.9000244140625,1917.300048828125,1915.5,1917.0,7923
2025-09-29 07:10:00+00:00,1915.300048828125,1916.0,1915.0,1915.800048828125,15546
2025-09-29 07:15:00+00:00,1915.800048828125,1916.699951171875,1915.0,1915.0,41461
2025-09-29 07:20:00+00:00,1916.800048828125,1917.199951171875,1915.0,1915.800048828125,15516
2025-09-29 07:25:00+00:00,1917.9000244140625,1918.0,1916.699951171875,1916.800048828125,9155
2025-09-29 07:30:00+00:00,1922.5,1923.0,1917.199951171875,1917.5,99835
2025-09-29 07:35:00+00:00,1917.5,1922.800048828125,1916.0,1922.5,44192
2025-09-29 07:40:00+00:00,1918.0,1918.5,1916.0,1917.699951171875,14192
2025-09-29 07:45:00+00:00,1916.9000244140625,1918.0999755859375,1915.300048828125,1917.800048828125,21215
2025-09-29 07:50:00+00:00,1914.699951171875,1916.9000244140625,1914.0,1916.4000244140625,17904
2025-09-29 07:55:00+00:00,1913.199951171875,1914.699951171875,1911.800048828125,1914.699951171875,41727
2025-09-29 08:00:00+00:00,1912.9000244140625,1914.0999755859375,1911.199951171875,1913.199951171875,26334
2025-09-29 08:05:00+00:00,1912.5999755859375,1913.199951171875,1911.9000244140625,1912.9000244140625,15019
2025-09-29 08:10:00+00:00,1909.0999755859375,1912.5999755859375,1907.699951171875,1912.5999755859375,85473
2025-09-29 08:15:00+00:00,1909.5999755859375,1910.5,1906.800048828125,1908.5,70934
2025-09-29 08:20:00+00:00,1908.0999755859375,1910.4000244140625,1907.5999755859375,1910.0,31418
2025-09-29 08:25:00+00:00,1910.9000244140625,1911.5999755859375,1907.0,1908.800048828125,30821
2025-09-29 08:30:00+00:00,1911.199951171875,1911.9000244140625,1910.5999755859375,1910.9000244140625,19522
2025-09-29 08:35:00+00:00,1915.9000244140625,1917.0999755859375,1910.699951171875,1911.9000244140625,39138
2025-09-29 08:40:00+00:00,1916.300048828125,1919.199951171875,1914.5999755859375,1915.5,58052
2025-09-29 08:45:00+00:00,1918.199951171875,1918.800048828125,1915.300048828125,1916.300048828125,68194
2025-09-29 08:50:00+00:00,1919.199951171875,1921.5,1917.800048828125,1918.199951171875,43316
2025-09-29 08:55:00+00:00,1918.4000244140625,1919.4000244140625,1917.4000244140625,1918.5,59560
2025-09-29 09:00:00+00:00,1917.5,1918.800048828125,1917.0,1918.4000244140625,45881
2025-09-29 09:05:00+00:00,1916.0,1918.0,1915.5,1917.9000244140625,41427
2025-09-29 09:10:00+00:00,1913.9000244140625,1916.4000244140625,1913.800048828125,1916.300048828125,58003
2025-09-29 09:15:00+00:00,1912.699951171875,1916.0,1912.699951171875,1913.9000244140625,60778
2025-09-29 09:20:00+00:00,1914.5,1915.800048828125,1912.300048828125,1912.699951171875,61328
2025-09-29 09:25:00+00:00,1914.5,1915.199951171875,1912.4000244140625,1914.9000244140625,56051
2025-09-29 09:30:00+00:00,1903.9000244140625,1914.5,1903.0999755859375,1914.5,453899
2025-09-29 09:35:00+00:00,1903.5999755859375,1906.300048828125,1903.300048828125,1903.699951171875,454134
2025-09-29 09:40:00+00:00,1900.5999755859375,1904.5,1900.5,1903.800048828125,401532
2025-09-29 09:45:00+00:00,1899.0,1901.300048828125,1898.9000244140625,1900.699951171875,403348
2025-09-29 09:50:00+00:00,1899.699951171875,1900.199951171875,1897.5999755859375,1899.800048828125,389735
2025-09-29 09:55:00+00:00,1906.5999755859375,1906.5999755859375,1899.5,1899.699951171875,255067
2025-09-30 03:45:00+00:00,1903.5,1905.300048828125,1892.699951171875,1896.800048828125,0
2025-09-30 03:50:00+00:00,1906.5999755859375,1907.5999755859375,1902.9000244140625,1903.0999755859375,74505
2025-09-30 03:55:00+00:00,1902.9000244140625,1907.0999755859375,1902.800048828125,1906.300048828125,31465
2025-09-30 04:00:00+00:00,1903.5999755859375,1904.699951171875,1900.9000244140625,1902.4000244140625,39308
2025-09-30 04:05:00+00:00,1898.699951171875,1903.5,1898.5999755859375,1903.5,23949
2025-09-30 04:10:00+00:00,1898.5,1900.699951171875,1896.0,1898.699951171875,43281
2025-09-30 04:15:00+00:00,1901.0,1901.9000244140625,1897.0,1898.5999755859375,23783
2025-09-30 04:20:00+00:00,1900.800048828125,1902.4000244140625,1900.699951171875,1901.4000244140625,15027
2025-09-30 04:25:00+00:00,1897.4000244140625,1900.699951171875,1897.0,1900.199951171875,156372
2025-09-30 04:30:00+00:00,1897.4000244140625,1899.300048828125,1897.0,1897.0999755859375,197040
2025-09-30 04:35:00+00:00,1897.199951171875,1897.5,1895.0,1897.5,17825
2025-09-30 04:40:00+00:00,1896.5,1897.199951171875,1895.0999755859375,1897.199951171875,20731
2025-09-30 04:45:00+00:00,1895.800048828125,1897.0999755859375,1895.5,1896.800048828125,21916
2025-09-30 04:50:00+00:00,1896.199951171875,1897.300048828125,1895.4000244140625,1896.300048828125,31278
2025-09-30 04:55:00+00:00,1893.4000244140625,1896.300048828125,1893.0,1896.300048828125,28402
2025-09-30 05:00:00+00:00,1892.699951171875,1893.9000244140625,1892.199951171875,1893.5,18006
2025-09-30 05:05:00+00:00,1892.4000244140625,1893.0,1890.800048828125,1892.699951171875,43351
2025-09-30 05:10:00+00:00,1891.9000244140625,1892.5999755859375,1891.0,1892.4000244140625,33429
2025-09-30 05:15:00+00:00,1892.0,1892.800048828125,1891.199951171875,1891.9000244140625,25456
2025-09-30 05:20:00+00:00,1894.800048828125,1895.5999755859375,1892.0,1892.0,32723
2025-09-30 05:25:00+00:00,1894.9000244140625,1895.5999755859375,1893.800048828125,1894.800048828125,29174
2025-09-30 05:30:00+00:00,1896.699951171875,1897.0,1894.5,1895.0,98517
2025-09-30 05:35:00+00:00,1895.800048828125,1897.9000244140625,1894.800048828125,1896.199951171875,30683
2025-09-30 05:40:00+00:00,1895.5,1896.5999755859375,1894.300048828125,1895.9000244140625,66666
2025-09-30 05:45:00+00:00,1896.0999755859375,1896.199951171875,1894.9000244140625,1895.5,16652
2025-09-30 05:50:00+00:00,1895.199951171875,1897.800048828125,1894.4000244140625,1896.199951171875,24174
2025-09-30 05:55:00+00:00,1892.699951171875,1895.199951171875,1892.199951171875,1895.199951171875,19912
2025-09-30 06:00:00+00:00,1893.300048828125,1894.5,1892.800048828125,1892.800048828125,11771
2025-09-30 06:05:00+00:00,1894.5,1895.5999755859375,1893.300048828125,1893.300048828125,40149
2025-09-30 06:10:00+00:00,1893.4000244140625,1894.5999755859375,1892.0,1894.5999755859375,23857
2025-09-30 06:15:00+00:00,1892.4000244140625,1895.0,1892.300048828125,1893.4000244140625,33854
2025-09-30 06:20:00+00:00,1891.0,1892.699951171875,1891.0,1892.300048828125,26342
2025-09-30 06:25:00+00:00,1888.699951171875,1891.0,1887.5,1891.0,54307
2025-09-30 06:30:00+00:00,1888.0,1888.699951171875,1886.5,1888.699951171875,28553
2025-09-30 06:35:00+00:00,1887.4000244140625,1889.300048828125,1887.300048828125,1888.300048828125,18066
2025-09-30 06:40:00+00:00,1888.0,1889.9000244140625,1886.699951171875,1887.300048828125,40796
2025-09-30 06:45:00+00:00,1890.4000244140625,1890.5,1887.699951171875,1888.0,30057
2025-09-30 06:50:00+00:00,1893.5,1894.800048828125,1890.199951171875,1890.4000244140625,107140
2025-09-30 06:55:00+00:00,1894.5999755859375,1895.0,1892.300048828125,1893.5,21688
2025-09-30 07:00:00+00:00,1894.9000244140625,1894.9000244140625,1892.800048828125,1894.5999755859375,36027
2025-09-30 07:05:00+00:00,1894.0999755859375,1895.800048828125,1892.800048828125,1895.0,32097
2025-09-30 07:10:00+00:00,1892.699951171875,1894.0999755859375,1891.9000244140625,1894.0,13519
2025-09-30 07:15:00+00:00,1892.5,1893.800048828125,1892.199951171875,1892.699951171875,14188
2025-09-30 07:20:00+00:00,1893.9000244140625,1894.0,1892.4000244140625,1892.5,13848
2025-09-30 07:25:00+00:00,1890.5,1893.9000244140625,1889.0,1893.9000244140625,79924
2025-09-30 07:30:00+00:00,1889.5999755859375,1892.0999755859375,1889.4000244140625,1890.5,47232
2025-09-30 07:35:00+00:00,1891.9000244140625,1892.5999755859375,1889.0999755859375,1889.5999755859375,36547
2025-09-30 07:40:00+00:00,1892.5999755859375,1894.800048828125,1891.9000244140625,1891.9000244140625,51845
2025-09-30 07:45:00+00:00,1894.300048828125,1895.5,1891.9000244140625,1892.5999755859375,40857
2025-09-30 07:50:00+00:00,1891.699951171875,1894.300048828125,1891.199951171875,1894.300048828125,41217
2025-09-30 07:55:00+00:00,1891.300048828125,1892.4000244140625,1890.300048828125,1891.800048828125,32210
2025-09-30 08:00:00+00:00,1890.5999755859375,1891.5999755859375,1889.300048828125,1891.4000244140625,45763
2025-09-30 08:05:00+00:00,1890.5,1890.800048828125,1890.5,1890.800048828125,34417
2025-09-30 08:10:00+00:00,1890.5999755859375,1891.300048828125,1888.5,1890.5999755859375,34468
2025-09-30 08:15:00+00:00,1890.5999755859375,1891.9000244140625,1890.0999755859375,1890.5999755859375,26604
2025-09-30 08:20:00+00:00,1890.5,1891.800048828125,1890.4000244140625,1890.5,28930
2025-09-30 08:25:00+00:00,1891.0,1891.800048828125,1889.5,1890.5,51734
2025-09-30 08:30:00+00:00,1889.5999755859375,1891.0999755859375,1889.5,1891.0,38481
2025-09-30 08:35:00+00:00,1888.199951171875,1891.300048828125,1888.0,1889.800048828125,43024
2025-09-30 08:40:00+00:00,1888.699951171875,1889.5,1886.0999755859375,1888.0999755859375,94970
2025-09-30 08:45:00+00:00,1884.199951171875,1889.199951171875,1883.5999755859375,1889.199951171875,75751
2025-09-30 08:50:00+00:00,1887.699951171875,1889.0999755859375,1882.9000244140625,1884.0999755859375,97973
2025-09-30 08:55:00+00:00,1885.699951171875,1888.0,1885.0999755859375,1888.0,64963
2025-09-30 09:00:00+00:00,1886.5,1886.699951171875,1884.0,1885.699951171875,65910
2025-09-30 09:05:00+00:00,1885.4000244140625,1888.199951171875,1885.0999755859375,1886.5,92807
2025-09-30 09:10:00+00:00,1885.0,1887.5,1885.0,1885.4000244140625,67057
2025-09-30 09:15:00+00:00,1882.5999755859375,1886.5999755859375,1881.4000244140625,1885.4000244140625,134179
2025-09-30 09:20:00+00:00,1883.4000244140625,1884.0999755859375,1881.4000244140625,1882.5999755859375,80983
2025-09-30 09:25:00+00:00,1884.5999755859375,1885.300048828125,1882.5,1883.5,83508
2025-09-30 09:30:00+00:00,1880.4000244140625,1885.300048828125,1879.0999755859375,1884.5999755859375,492051
2025-09-30 09:35:00+00:00,1877.800048828125,1881.0,1876.800048828125,1880.4000244140625,454123
2025-09-30 09:40:00+00:00,1878.0,1878.5999755859375,1876.5,1878.0,434484
2025-09-30 09:45:00+00:00,1876.699951171875,1878.5999755859375,1876.5,1878.0,428681
2025-09-30 09:50:00+00:00,1876.699951171875,1877.800048828125,1875.5,1876.4000244140625,407191
2025-09-30 09:55:00+00:00,1883.0,1883.0,1876.699951171875,1876.9000244140625,315416
2025-10-01 03:45:00+00:00,1870.0,1876.699951171875,1866.0,1873.800048828125,0
2025-10-01 03:50:00+00:00,1871.0999755859375,1872.800048828125,1869.4000244140625,1869.699951171875,78690
2025-10-01 03:55:00+00:00,1868.4000244140625,1872.0999755859375,1868.300048828125,1871.5999755859375,83430
2025-10-01 04:00:00+00:00,1865.800048828125,1868.699951171875,1863.0,1868.300048828125,93760
2025-10-01 04:05:00+00:00,1869.800048828125,1870.800048828125,1865.800048828125,1865.800048828125,84683
2025-10-01 04:10:00+00:00,1868.5,1872.0,1868.0999755859375,1869.800048828125,63919
2025-10-01 04:15:00+00:00,1866.4000244140625,1868.4000244140625,1865.0,1868.4000244140625,53332
2025-10-01 04:20:00+00:00,1863.800048828125,1866.300048828125,1861.0,1866.0,85153
2025-10-01 04:25:00+00:00,1863.800048828125,1864.800048828125,1863.0,1863.800048828125,48921
2025-10-01 04:30:00+00:00,1865.0,1866.5999755859375,1863.5999755859375,1863.5999755859375,62782
2025-10-01 04:35:00+00:00,1865.800048828125,1866.699951171875,1864.0,1864.9000244140625,57445
2025-10-01 04:40:00+00:00,1862.800048828125,1866.0,1862.5,1865.800048828125,36373
2025-10-01 04:45:00+00:00,1861.5,1863.0999755859375,1859.0999755859375,1862.5999755859375,56507
2025-10-01 04:50:00+00:00,1861.0,1861.800048828125,1861.0,1861.5999755859375,26364
2025-10-01 04:55:00+00:00,1861.0,1861.699951171875,1860.699951171875,1861.199951171875,79345
2025-10-01 05:00:00+00:00,1864.5,1864.699951171875,1860.300048828125,1860.5999755859375,93691
2025-10-01 05:05:00+00:00,1863.5,1865.199951171875,1863.0,1864.0,73359
2025-10-01 05:10:00+00:00,1861.0999755859375,1864.0,1860.800048828125,1863.300048828125,20007
2025-10-01 05:15:00+00:00,1861.5,1861.9000244140625,1860.199951171875,1861.0999755859375,20726
2025-10-01 05:20:00+00:00,1858.199951171875,1861.699951171875,1858.0,1861.5,46089
2025-10-01 05:25:00+00:00,1858.0999755859375,1859.0999755859375,1856.199951171875,1858.0999755859375,115673
2025-10-01 05:30:00+00:00,1857.699951171875,1858.5,1857.300048828125,1858.0999755859375,42840
2025-10-01 05:35:00+00:00,1863.9000244140625,1864.5,1857.300048828125,1857.800048828125,109418
2025-10-01 05:40:00+00:00,1862.9000244140625,1863.9000244140625,1862.0,1863.9000244140625,21297
2025-10-01 05:45:00+00:00,1867.4000244140625,1869.9000244140625,1864.5,1864.5,82075
2025-10-01 05:50:00+00:00,1868.699951171875,1869.9000244140625,1867.199951171875,1867.300048828125,68791
2025-10-01 05:55:00+00:00,1869.699951171875,1870.0,1868.0,1868.699951171875,49668
2025-10-01 06:00:00+00:00,1868.5,1870.4000244140625,1867.800048828125,1869.699951171875,40291
2025-10-01 06:05:00+00:00,1865.0,1871.300048828125,1865.0,1868.699951171875,199808
2025-10-01 06:10:00+00:00,1871.5,1871.5,1863.9000244140625,1864.699951171875,158312
2025-10-01 06:15:00+00:00,1869.9000244140625,1874.0,1869.300048828125,1871.699951171875,89943
2025-10-01 06:20:00+00:00,1867.9000244140625,1870.0,1866.9000244140625,1869.9000244140625,20502
2025-10-01 06:25:00+00:00,1867.800048828125,1868.0,1867.199951171875,1868.0,70408
2025-10-01 06:30:00+00:00,1870.5,1870.5,1866.0999755859375,1867.9000244140625,87532
2025-10-01 06:35:00+00:00,1870.9000244140625,1871.4000244140625,1869.0999755859375,1871.0,42059
2025-10-01 06:40:00+00:00,1871.199951171875,1872.4000244140625,1870.199951171875,1871.0,47529
2025-10-01 06:45:00+00:00,1872.5999755859375,1872.9000244140625,1871.199951171875,1871.199951171875,32553
2025-10-01 06:50:00+00:00,1871.5999755859375,1874.0999755859375,1870.800048828125,1872.9000244140625,49167
2025-10-01 06:55:00+00:00,1872.0,1872.5,1870.0,1871.5999755859375,59001
2025-10-01 07:00:00+00:00,1868.0999755859375,1872.0,1867.199951171875,1872.0,76347
2025-10-01 07:05:00+00:00,1867.5,1868.199951171875,1866.5,1868.0,39121
2025-10-01 07:10:00+00:00,1864.5999755859375,1867.5,1864.5999755859375,1867.0999755859375,36306
2025-10-01 07:15:00+00:00,1866.0,1866.699951171875,1863.800048828125,1865.0,49361
2025-10-01 07:20:00+00:00,1865.5,1867.0,1865.0,1866.0999755859375,34504
2025-10-01 07:25:00+00:00,1864.4000244140625,1866.0,1864.0,1865.5,47688
2025-10-01 07:30:00+00:00,1865.0999755859375,1865.800048828125,1863.5,1864.800048828125,68291
2025-10-01 07:35:00+00:00,1865.5999755859375,1865.9000244140625,1864.0,1865.0999755859375,34095
2025-10-01 07:40:00+00:00,1865.5,1865.5999755859375,1864.0,1865.5999755859375,29284
2025-10-01 07:45:00+00:00,1864.9000244140625,1865.699951171875,1863.5,1865.5999755859375,52623
2025-10-01 07:50:00+00:00,1865.5999755859375,1867.199951171875,1865.0,1865.5,53247
2025-10-01 07:55:00+00:00,1866.699951171875,1867.5,1864.9000244140625,1865.5,35876
2025-10-01 08:00:00+00:00,1865.5,1867.199951171875,1864.5999755859375,1866.800048828125,43205
2025-10-01 08:05:00+00:00,1866.9000244140625,1867.300048828125,1864.199951171875,1865.199951171875,72318
2025-10-01 08:10:00+00:00,1865.300048828125,1867.0999755859375,1865.300048828125,1866.9000244140625,50208
2025-10-01 08:15:00+00:00,1864.5,1866.199951171875,1864.0999755859375,1865.800048828125,29980
2025-10-01 08:20:00+00:00,1865.0999755859375,1866.0,1863.300048828125,1864.5,77664
2025-10-01 08:25:00+00:00,1864.5,1865.300048828125,1863.699951171875,1865.300048828125,41040
2025-10-01 08:30:00+00:00,1865.0,1865.9000244140625,1864.0999755859375,1864.5,43608
2025-10-01 08:35:00+00:00,1867.300048828125,1867.300048828125,1865.0999755859375,1865.800048828125,48978
2025-10-01 08:40:00+00:00,1866.300048828125,1867.800048828125,1866.0,1867.0,69628
2025-10-01 08:45:00+00:00,1865.0999755859375,1866.9000244140625,1864.199951171875,1866.4000244140625,125183
2025-10-01 08:50:00+00:00,1868.300048828125,1869.0,1865.0,1865.5999755859375,83090
2025-10-01 08:55:00+00:00,1868.199951171875,1870.0999755859375,1867.300048828125,1868.5,60057
2025-10-01 09:00:00+00:00,1868.5,1869.5,1867.300048828125,1868.9000244140625,49457
2025-10-01 09:05:00+00:00,1868.0,1870.0,1867.699951171875,1868.9000244140625,55323
2025-10-01 09:10:00+00:00,1868.9000244140625,1869.800048828125,1867.0999755859375,1868.300048828125,78447
2025-10-01 09:15:00+00:00,1870.9000244140625,1870.9000244140625,1867.5999755859375,1869.300048828125,80942
2025-10-01 09:20:00+00:00,1869.800048828125,1870.9000244140625,1869.0999755859375,1870.5,100303
2025-10-01 09:25:00+00:00,1869.4000244140625,1870.800048828125,1867.699951171875,1870.0999755859375,112470
2025-10-01 09:30:00+00:00,1868.0999755859375,1870.0,1867.0999755859375,1869.4000244140625,158494
2025-10-01 09:35:00+00:00,1865.5999755859375,1869.5,1865.4000244140625,1868.0999755859375,151571
2025-10-01 09:40:00+00:00,1866.9000244140625,1867.5999755859375,1865.5999755859375,1865.9000244140625,136141
2025-10-01 09:45:00+00:00,1868.5,1869.0999755859375,1866.0,1867.0,145080
2025-10-01 09:50:00+00:00,1868.199951171875,1868.4000244140625,1866.800048828125,1868.4000244140625,156607
2025-10-01 09:55:00+00:00,1867.5999755859375,1869.5,1866.4000244140625,1868.300048828125,89153
2025-10-03 03:45:00+00:00,1854.9000244140625,1858.4000244140625,1848.300048828125,1855.4000244140625,0
2025-10-03 03:50:00+00:00,1861.5999755859375,1862.9000244140625,1853.5,1854.800048828125,109986
2025-10-03 03:55:00+00:00,1863.300048828125,1864.4000244140625,1859.199951171875,1861.0,88406
2025-10-03 04:00:00+00:00,1861.0999755859375,1864.9000244140625,1860.4000244140625,1863.300048828125,48396
2025-10-03 04:05:00+00:00,1864.699951171875,1864.800048828125,1861.0999755859375,1861.0999755859375,31452
2025-10-03 04:10:00+00:00,1867.0,1867.0999755859375,1864.0,1864.0,28693
2025-10-03 04:15:00+00:00,1865.0,1867.0,1864.5,1867.0,32054
2025-10-03 04:20:00+00:00,1869.0,1869.0,1864.5999755859375,1864.9000244140625,31906
2025-10-03 04:25:00+00:00,1872.699951171875,1873.800048828125,1868.0,1869.0,45817
2025-10-03 04:30:00+00:00,1872.0,1872.699951171875,1870.0,1872.699951171875,37252
2025-10-03 04:35:00+00:00,1871.199951171875,1872.4000244140625,1870.0,1872.4000244140625,27889
2025-10-03 04:40:00+00:00,1871.800048828125,1872.9000244140625,1870.4000244140625,1871.199951171875,35276
2025-10-03 04:45:00+00:00,1870.300048828125,1872.0,1869.5999755859375,1872.0,25644
2025-10-03 04:50:00+00:00,1869.4000244140625,1870.300048828125,1869.0999755859375,1870.300048828125,20374
2025-10-03 04:55:00+00:00,1875.4000244140625,1876.0,1869.4000244140625,1869.4000244140625,45624
2025-10-03 05:00:00+00:00,1876.0,1878.0,1875.0,1875.4000244140625,37559
2025-10-03 05:05:00+00:00,1875.9000244140625,1877.0,1875.0999755859375,1876.0,21759
2025-10-03 05:10:00+00:00,1875.0999755859375,1875.9000244140625,1874.5999755859375,1875.9000244140625,34928
2025-10-03 05:15:00+00:00,1875.0999755859375,1875.699951171875,1873.0999755859375,1875.0999755859375,86482
2025-10-03 05:20:00+00:00,1876.0,1877.199951171875,1875.0,1875.0999755859375,549846
2025-10-03 05:25:00+00:00,1877.0999755859375,1877.800048828125,1876.0,1876.0999755859375,38014
2025-10-03 05:30:00+00:00,1882.5,1885.0,1876.5,1876.9000244140625,78628
2025-10-03 05:35:00+00:00,1881.4000244140625,1883.5999755859375,1881.0999755859375,1882.5,56600
2025-10-03 05:40:00+00:00,1880.0,1881.4000244140625,1880.0,1881.4000244140625,32923
2025-10-03 05:45:00+00:00,1879.800048828125,1880.0999755859375,1879.699951171875,1880.0999755859375,40374
2025-10-03 05:50:00+00:00,1876.4000244140625,1879.9000244140625,1876.0,1879.9000244140625,34612
2025-10-03 05:55:00+00:00,1877.800048828125,1877.800048828125,1875.4000244140625,1876.4000244140625,36996
2025-10-03 06:00:00+00:00,1878.699951171875,1879.9000244140625,1877.300048828125,1877.800048828125,34454
2025-10-03 06:05:00+00:00,1880.5,1880.5999755859375,1878.800048828125,1878.800048828125,50209
2025-10-03 06:10:00+00:00,1882.0,1882.0,1880.0999755859375,1880.4000244140625,61753
2025-10-03 06:15:00+00:00,1880.300048828125,1881.9000244140625,1879.5999755859375,1881.9000244140625,36358
2025-10-03 06:20:00+00:00,1880.5,1880.5,1879.9000244140625,1880.300048828125,30607
2025-10-03 06:25:00+00:00,1880.5,1880.5,1880.4000244140625,1880.4000244140625,28613
2025-10-03 06:30:00+00:00,1885.0,1885.0,1880.4000244140625,1880.5,45817
2025-10-03 06:35:00+00:00,1888.699951171875,1889.0,1883.800048828125,1884.9000244140625,48965
2025-10-03 06:40:00+00:00,1888.0,1889.4000244140625,1885.5,1888.9000244140625,54946
2025-10-03 06:45:00+00:00,1884.5,1888.0,1884.4000244140625,1888.0,37746
2025-10-03 06:50:00+00:00,1884.5999755859375,1885.0999755859375,1883.5999755859375,1884.4000244140625,28239
2025-10-03 06:55:00+00:00,1882.9000244140625,1886.0999755859375,1882.9000244140625,1884.5999755859375,37418
2025-10-03 07:00:00+00:00,1883.0999755859375,1884.4000244140625,1882.9000244140625,1883.5,28240
2025-10-03 07:05:00+00:00,1884.199951171875,1886.699951171875,1882.5,1883.0999755859375,54757
2025-10-03 07:10:00+00:00,1883.0999755859375,1884.0999755859375,1880.4000244140625,1884.0999755859375,42967
2025-10-03 07:15:00+00:00,1885.699951171875,1886.699951171875,1883.0,1883.0999755859375,23286
2025-10-03 07:20:00+00:00,1885.800048828125,1887.0,1884.5,1885.699951171875,37894
2025-10-03 07:25:00+00:00,1886.699951171875,1887.0999755859375,1885.199951171875,1885.800048828125,26070
2025-10-03 07:30:00+00:00,1887.199951171875,1887.5,1885.800048828125,1886.699951171875,37701
2025-10-03 07:35:00+00:00,1886.699951171875,1888.5999755859375,1884.9000244140625,1887.199951171875,43724
2025-10-03 07:40:00+00:00,1889.0,1889.0,1885.699951171875,1886.5999755859375,25710
2025-10-03 07:45:00+00:00,1889.199951171875,1890.5999755859375,1888.699951171875,1889.5999755859375,39767
2025-10-03 07:50:00+00:00,1888.5999755859375,1890.0,1888.0,1889.300048828125,30539
2025-10-03 07:55:00+00:00,1888.0999755859375,1889.300048828125,1888.0,1888.5999755859375,38415
2025-10-03 08:00:00+00:00,1890.5999755859375,1890.699951171875,1888.0,1888.0999755859375,38020
2025-10-03 08:05:00+00:00,1888.300048828125,1892.5999755859375,1888.0,1890.5999755859375,85907
2025-10-03 08:10:00+00:00,1889.5,1890.0999755859375,1888.0,1888.0,30529
2025-10-03 08:15:00+00:00,1888.0,1891.0,1887.5999755859375,1889.5,44786
2025-10-03 08:20:00+00:00,1886.699951171875,1888.0999755859375,1886.5,1888.0,29134
2025-10-03 08:25:00+00:00,1889.0,1889.0999755859375,1886.800048828125,1886.800048828125,25301
2025-10-03 08:30:00+00:00,1887.699951171875,1889.199951171875,1887.300048828125,1889.0,32821
2025-10-03 08:35:00+00:00,1885.4000244140625,1887.699951171875,1884.9000244140625,1887.5999755859375,29203
2025-10-03 08:40:00+00:00,1884.0,1886.0,1883.4000244140625,1885.5,34337
2025-10-03 08:45:00+00:00,1884.199951171875,1886.0,1883.0999755859375,1884.0,68557
2025-10-03 08:50:00+00:00,1883.9000244140625,1885.5,1883.800048828125,1884.199951171875,30755
2025-10-03 08:55:00+00:00,1886.5,1887.5999755859375,1883.5,1883.9000244140625,30714
2025-10-03 09:00:00+00:00,1888.199951171875,1888.4000244140625,1886.4000244140625,1886.5,58315
2025-10-03 09:05:00+00:00,1889.0,1890.5,1888.199951171875,1888.199951171875,53916
2025-10-03 09:10:00+00:00,1890.9000244140625,1891.300048828125,1889.0,1889.0,45445
2025-10-03 09:15:00+00:00,1890.0,1892.0999755859375,1890.0,1891.0,85392
2025-10-03 09:20:00+00:00,1891.5999755859375,1892.0,1888.800048828125,1890.0,79440
2025-10-03 09:25:00+00:00,1892.199951171875,1892.5,1890.0999755859375,1891.699951171875,48213
2025-10-03 09:30:00+00:00,1896.0,1896.699951171875,1892.199951171875,1892.300048828125,289434
2025-10-03 09:35:00+00:00,1900.0,1900.300048828125,1895.5,1895.5,519851
2025-10-03 09:40:00+00:00,1895.300048828125,1899.800048828125,1895.199951171875,1898.800048828125,207127
2025-10-03 09:45:00+00:00,1893.9000244140625,1896.0,1893.800048828125,1895.300048828125,230857
2025-10-03 09:50:00+00:00,1899.300048828125,1899.5999755859375,1893.9000244140625,1894.0,212389
2025-10-03 09:55:00+00:00,1894.0,1900.0,1892.9000244140625,1899.5999755859375,165700
2025-10-06 03:45:00+00:00,1890.300048828125,1895.9000244140625,1887.5999755859375,1895.9000244140625,0
2025-10-06 03:50:00+00:00,1891.4000244140625,1892.0,1888.300048828125,1890.300048828125,88735
2025-10-06 03:55:00+00:00,1889.0999755859375,1891.4000244140625,1889.0,1891.199951171875,32648
2025-10-06 04:00:00+00:00,1892.0,1892.0,1889.199951171875,1889.4000244140625,20137
2025-10-06 04:05:00+00:00,1890.0,1892.0,1889.5,1892.0,27596
2025-10-06 04:10:00+00:00,1890.4000244140625,1890.699951171875,1889.0999755859375,1889.5,16616
2025-10-06 04:15:00+00:00,1890.4000244140625,1890.5,1889.5,1890.5,39745
2025-10-06 04:20:00+00:00,1891.800048828125,1892.0,1890.699951171875,1890.699951171875,13160
2025-10-06 04:25:00+00:00,1890.9000244140625,1892.0,1890.9000244140625,1891.9000244140625,27127
2025-10-06 04:30:00+00:00,1890.9000244140625,1891.199951171875,1890.0999755859375,1890.9000244140625,27489
2025-10-06 04:35:00+00:00,1892.0,1892.0,1890.5999755859375,1891.0,10266
2025-10-06 04:40:00+00:00,1890.0,1891.9000244140625,1889.5,1891.9000244140625,14470
2025-10-06 04:45:00+00:00,1889.4000244140625,1890.0,1889.0999755859375,1889.5,11560
2025-10-06 04:50:00+00:00,1889.699951171875,1889.800048828125,1888.5,1889.300048828125,19980
2025-10-06 04:55:00+00:00,1890.4000244140625,1892.0,1889.5,1889.5,16574
2025-10-06 05:00:00+00:00,1891.5999755859375,1892.0,1889.5999755859375,1890.199951171875,15705
2025-10-06 05:05:00+00:00,1895.0,1896.699951171875,1891.699951171875,1891.9000244140625,29759
2025-10-06 05:10:00+00:00,1895.4000244140625,1896.300048828125,1893.800048828125,1895.0,10728
2025-10-06 05:15:00+00:00,1893.0999755859375,1895.5,1892.0,1894.800048828125,45019
2025-10-06 05:20:00+00:00,1892.9000244140625,1894.5,1891.5999755859375,1893.0,88274
2025-10-06 05:25:00+00:00,1892.5,1894.4000244140625,1892.5,1893.0999755859375,10780
2025-10-06 05:30:00+00:00,1893.699951171875,1894.300048828125,1892.0999755859375,1893.0999755859375,22309
2025-10-06 05:35:00+00:00,1894.0,1894.5,1893.0,1894.199951171875,12560
2025-10-06 05:40:00+00:00,1899.5999755859375,1899.9000244140625,1893.9000244140625,1893.9000244140625,87422
2025-10-06 05:45:00+00:00,1899.800048828125,1900.0,1897.199951171875,1899.5,22751
2025-10-06 05:50:00+00:00,1902.5,1902.5,1899.4000244140625,1899.9000244140625,31564
2025-10-06 05:55:00+00:00,1902.4000244140625,1902.699951171875,1900.5,1902.5,24740
2025-10-06 06:00:00+00:00,1904.0,1904.0,1902.4000244140625,1902.4000244140625,20316
2025-10-06 06:05:00+00:00,1903.9000244140625,1904.9000244140625,1903.0999755859375,1904.0,28167
2025-10-06 06:10:00+00:00,1902.699951171875,1904.5999755859375,1902.4000244140625,1903.9000244140625,14922
2025-10-06 06:15:00+00:00,1902.5,1902.699951171875,1900.199951171875,1902.4000244140625,21739
2025-10-06 06:20:00+00:00,1900.800048828125,1902.9000244140625,1900.0,1902.800048828125,10233
2025-10-06 06:25:00+00:00,1899.9000244140625,1901.5999755859375,1898.699951171875,1900.800048828125,24771
2025-10-06 06:30:00+00:00,1899.800048828125,1900.699951171875,1899.5999755859375,1899.699951171875,66267
2025-10-06 06:35:00+00:00,1896.9000244140625,1899.9000244140625,1896.0,1899.9000244140625,22032
2025-10-06 06:40:00+00:00,1898.699951171875,1899.199951171875,1896.5999755859375,1896.5999755859375,21825
2025-10-06 06:45:00+00:00,1899.300048828125,1899.5999755859375,1896.5999755859375,1898.199951171875,19635
2025-10-06 06:50:00+00:00,1899.4000244140625,1900.0,1898.5999755859375,1899.199951171875,25124
2025-10-06 06:55:00+00:00,1899.300048828125,1899.5999755859375,1898.199951171875,1899.5999755859375,15033
2025-10-06 07:00:00+00:00,1899.5,1899.5999755859375,1898.699951171875,1899.300048828125,9709
2025-10-06 07:05:00+00:00,1899.199951171875,1899.5,1898.9000244140625,1899.300048828125,12656
2025-10-06 07:10:00+00:00,1899.699951171875,1899.800048828125,1898.699951171875,1899.199951171875,16918
2025-10-06 07:15:00+00:00,1899.300048828125,1900.5999755859375,1899.0,1899.699951171875,48308
2025-10-06 07:20:00+00:00,1900.0,1900.0,1899.199951171875,1899.300048828125,21481
2025-10-06 07:25:00+00:00,1901.9000244140625,1901.9000244140625,1899.800048828125,1899.9000244140625,93380
2025-10-06 07:30:00+00:00,1904.199951171875,1904.199951171875,1901.0999755859375,1901.9000244140625,26566
2025-10-06 07:35:00+00:00,1903.5999755859375,1904.699951171875,1902.800048828125,1904.0999755859375,12867
2025-10-06 07:40:00+00:00,1904.4000244140625,1904.9000244140625,1903.0999755859375,1904.300048828125,14548
2025-10-06 07:45:00+00:00,1904.300048828125,1904.699951171875,1904.199951171875,1904.699951171875,16000
2025-10-06 07:50:00+00:00,1903.0999755859375,1904.5,1903.0,1903.199951171875,17157
2025-10-06 07:55:00+00:00,1904.4000244140625,1904.699951171875,1903.0999755859375,1903.699951171875,9886
2025-10-06 08:00:00+00:00,1906.0,1906.5,1904.4000244140625,1904.4000244140625,24080
2025-10-06 08:05:00+00:00,1905.9000244140625,1907.0,1905.9000244140625,1906.5,13722
2025-10-06 08:10:00+00:00,1905.0999755859375,1906.699951171875,1905.0,1906.5,9880
2025-10-06 08:15:00+00:00,1898.300048828125,1905.199951171875,1897.800048828125,1905.0999755859375,172936
2025-10-06 08:20:00+00:00,1900.5999755859375,1901.5999755859375,1897.300048828125,1898.5999755859375,66570
2025-10-06 08:25:00+00:00,1899.699951171875,1900.800048828125,1897.9000244140625,1900.5999755859375,11776
2025-10-06 08:30:00+00:00,1899.0999755859375,1900.699951171875,1899.0,1900.0999755859375,8696
2025-10-06 08:35:00+00:00,1899.800048828125,1900.5,1899.0999755859375,1899.4000244140625,17673
2025-10-06 08:40:00+00:00,1900.800048828125,1901.0,1899.5999755859375,1900.0,7651
2025-10-06 08:45:00+00:00,1900.4000244140625,1901.0,1899.5999755859375,1900.300048828125,14672
2025-10-06 08:50:00+00:00,1901.300048828125,1902.199951171875,1900.5,1901.0,13238
2025-10-06 08:55:00+00:00,1900.4000244140625,1902.300048828125,1900.0,1901.300048828125,37587
2025-10-06 09:00:00+00:00,1901.0,1901.800048828125,1899.300048828125,1900.4000244140625,48037
2025-10-06 09:05:00+00:00,1900.0999755859375,1901.800048828125,1899.800048828125,1900.800048828125,50676
2025-10-06 09:10:00+00:00,1900.800048828125,1901.4000244140625,1900.0,1900.0999755859375,17076
2025-10-06 09:15:00+00:00,1900.5999755859375,1901.5,1897.5,1901.4000244140625,141732
2025-10-06 09:20:00+00:00,1902.4000244140625,1904.800048828125,1900.5999755859375,1901.0,52427
2025-10-06 09:25:00+00:00,1901.9000244140625,1903.300048828125,1900.0999755859375,1902.300048828125,42275
2025-10-06 09:30:00+00:00,1901.9000244140625,1902.4000244140625,1900.9000244140625,1902.0,57885
2025-10-06 09:35:00+00:00,1901.9000244140625,1902.5999755859375,1901.800048828125,1902.4000244140625,66394
2025-10-06 09:40:00+00:00,1903.0,1903.0999755859375,1901.5,1902.800048828125,73029
2025-10-06 09:45:00+00:00,1904.699951171875,1904.800048828125,1902.4000244140625,1903.4000244140625,78705
2025-10-06 09:50:00+00:00,1903.9000244140625,1904.9000244140625,1903.5,1904.699951171875,71769
2025-10-06 09:55:00+00:00,1903.0999755859375,1905.0,1901.800048828125,1903.9000244140625,77326
2025-10-07 03:45:00+00:00,1902.199951171875,1907.800048828125,1901.699951171875,1902.699951171875,0
2025-10-07 03:50:00+00:00,1910.4000244140625,1913.699951171875,1902.300048828125,1902.300048828125,134466
2025-10-07 03:55:00+00:00,1907.300048828125,1910.0999755859375,1907.0999755859375,1910.0999755859375,31622
2025-10-07 04:00:00+00:00,1905.4000244140625,1907.699951171875,1905.300048828125,1907.300048828125,22625
2025-10-07 04:05:00+00:00,1904.800048828125,1907.4000244140625,1903.0,1904.5999755859375,106320
2025-10-07 04:10:00+00:00,1913.0,1913.5,1904.699951171875,1904.800048828125,58632
2025-10-07 04:15:00+00:00,1916.199951171875,1916.5,1913.199951171875,1913.5,73389
2025-10-07 04:20:00+00:00,1919.5,1919.699951171875,1914.199951171875,1916.0999755859375,52520
2025-10-07 04:25:00+00:00,1919.800048828125,1921.0,1918.0999755859375,1919.300048828125,61921
2025-10-07 04:30:00+00:00,1921.0,1921.199951171875,1918.5999755859375,1920.0999755859375,150534
2025-10-07 04:35:00+00:00,1923.199951171875,1923.199951171875,1918.5999755859375,1921.0,144086
2025-10-07 04:40:00+00:00,1933.5999755859375,1933.5999755859375,1922.0999755859375,1923.0,180266
2025-10-07 04:45:00+00:00,1935.699951171875,1939.4000244140625,1932.800048828125,1933.699951171875,119173
2025-10-07 04:50:00+00:00,1929.199951171875,1937.300048828125,1929.0999755859375,1934.9000244140625,93761
2025-10-07 04:55:00+00:00,1929.5999755859375,1930.5999755859375,1926.4000244140625,1929.699951171875,33713
2025-10-07 05:00:00+00:00,1927.4000244140625,1930.0,1926.699951171875,1929.5999755859375,35306
2025-10-07 05:05:00+00:00,1927.5,1929.300048828125,1926.199951171875,1927.4000244140625,92800
2025-10-07 05:10:00+00:00,1925.0,1929.5,1924.5999755859375,1927.699951171875,21399
2025-10-07 05:15:00+00:00,1923.0,1925.0,1922.699951171875,1925.0,72018
2025-10-07 05:20:00+00:00,1924.9000244140625,1925.0,1921.199951171875,1923.0,86258
2025-10-07 05:25:00+00:00,1924.300048828125,1926.5,1923.4000244140625,1924.800048828125,104546
2025-10-07 05:30:00+00:00,1925.4000244140625,1926.699951171875,1923.699951171875,1924.300048828125,29593
2025-10-07 05:35:00+00:00,1926.5999755859375,1926.9000244140625,1923.300048828125,1925.4000244140625,16576
2025-10-07 05:40:00+00:00,1928.300048828125,1928.5,1924.0,1926.4000244140625,53447
2025-10-07 05:45:00+00:00,1926.199951171875,1928.199951171875,1926.0,1927.9000244140625,13650
2025-10-07 05:50:00+00:00,1922.800048828125,1926.9000244140625,1922.800048828125,1926.199951171875,23224
2025-10-07 05:55:00+00:00,1923.5999755859375,1924.0999755859375,1921.4000244140625,1923.0,34029
2025-10-07 06:00:00+00:00,1922.5999755859375,1925.0,1921.5,1923.5999755859375,72968
2025-10-07 06:05:00+00:00,1920.699951171875,1922.199951171875,1919.0,1922.199951171875,88710
2025-10-07 06:10:00+00:00,1921.199951171875,1922.300048828125,1920.199951171875,1920.800048828125,94006
2025-10-07 06:15:00+00:00,1920.5999755859375,1922.0999755859375,1919.5,1921.199951171875,22872
2025-10-07 06:20:00+00:00,1921.699951171875,1922.0,1920.0,1920.5999755859375,21647
2025-10-07 06:25:00+00:00,1923.800048828125,1924.0,1921.5999755859375,1921.699951171875,30537
2025-10-07 06:30:00+00:00,1924.5,1925.0,1923.5,1923.800048828125,32000
2025-10-07 06:35:00+00:00,1927.0,1927.9000244140625,1924.800048828125,1924.9000244140625,49722
2025-10-07 06:40:00+00:00,1929.5,1930.0,1926.9000244140625,1926.9000244140625,76671
2025-10-07 06:45:00+00:00,1929.5,1929.800048828125,1928.800048828125,1929.0,28865
2025-10-07 06:50:00+00:00,1931.0999755859375,1931.9000244140625,1929.0,1929.5,26044
2025-10-07 06:55:00+00:00,1932.5999755859375,1933.4000244140625,1929.800048828125,1931.0999755859375,41020
2025-10-07 07:00:00+00:00,1933.0,1934.5,1931.0,1932.4000244140625,52478
2025-10-07 07:05:00+00:00,1935.0,1935.0,1932.300048828125,1933.0,43984
2025-10-07 07:10:00+00:00,1933.5,1936.800048828125,1932.4000244140625,1935.300048828125,42861
2025-10-07 07:15:00+00:00,1933.9000244140625,1934.800048828125,1932.5,1933.4000244140625,27884
2025-10-07 07:20:00+00:00,1934.5,1934.5999755859375,1932.4000244140625,1933.9000244140625,31881
2025-10-07 07:25:00+00:00,1935.5,1935.9000244140625,1932.5999755859375,1934.5,190822
2025-10-07 07:30:00+00:00,1937.4000244140625,1938.0,1935.0,1935.5,54795
2025-10-07 07:35:00+00:00,1936.4000244140625,1938.0,1935.199951171875,1937.4000244140625,68811
2025-10-07 07:40:00+00:00,1938.5,1939.4000244140625,1936.4000244140625,1937.0,152389
2025-10-07 07:45:00+00:00,1938.199951171875,1940.0,1936.300048828125,1938.800048828125,58489
2025-10-07 07:50:00+00:00,1936.0999755859375,1939.4000244140625,1935.300048828125,1938.199951171875,61706
2025-10-07 07:55:00+00:00,1942.9000244140625,1943.800048828125,1936.0,1936.0999755859375,77241
2025-10-07 08:00:00+00:00,1940.5999755859375,1943.9000244140625,1938.0999755859375,1942.9000244140625,67637
2025-10-07 08:05:00+00:00,1940.0,1941.0,1938.699951171875,1940.5999755859375,78026
2025-10-07 08:10:00+00:00,1943.300048828125,1943.800048828125,1939.699951171875,1939.9000244140625,60935
2025-10-07 08:15:00+00:00,1942.199951171875,1946.0,1942.0999755859375,1943.300048828125,45741
2025-10-07 08:20:00+00:00,1942.0999755859375,1943.0,1940.300048828125,1942.199951171875,40239
2025-10-07 08:25:00+00:00,1940.699951171875,1942.699951171875,1940.199951171875,1942.0,42984
2025-10-07 08:30:00+00:00,1942.9000244140625,1943.199951171875,1940.4000244140625,1940.699951171875,42549
2025-10-07 08:35:00+00:00,1942.300048828125,1943.4000244140625,1941.5999755859375,1943.0,27421
2025-10-07 08:40:00+00:00,1942.699951171875,1942.9000244140625,1940.5,1942.300048828125,58875
2025-10-07 08:45:00+00:00,1939.5,1943.4000244140625,1939.5,1942.699951171875,56865
2025-10-07 08:50:00+00:00,1937.9000244140625,1940.4000244140625,1936.9000244140625,1939.5,63197
2025-10-07 08:55:00+00:00,1934.4000244140625,1938.0,1933.699951171875,1937.5999755859375,112009
2025-10-07 09:00:00+00:00,1935.0,1937.0999755859375,1934.0,1934.4000244140625,40269
2025-10-07 09:05:00+00:00,1928.4000244140625,1934.800048828125,1927.699951171875,1934.800048828125,111983
2025-10-07 09:10:00+00:00,1930.199951171875,1933.0999755859375,1928.300048828125,1928.300048828125,118980
2025-10-07 09:15:00+00:00,1935.0,1935.0,1930.0999755859375,1930.0999755859375,65502
2025-10-07 09:20:00+00:00,1930.4000244140625,1935.0999755859375,1929.4000244140625,1934.9000244140625,73809
2025-10-07 09:25:00+00:00,1930.0,1931.0,1928.9000244140625,1930.4000244140625,94404
2025-10-07 09:30:00+00:00,1929.699951171875,1931.199951171875,1926.9000244140625,1930.0999755859375,277417
2025-10-07 09:35:00+00:00,1928.5999755859375,1931.5999755859375,1927.699951171875,1929.699951171875,170786
2025-10-07 09:40:00+00:00,1928.0,1928.699951171875,1926.199951171875,1928.300048828125,210285
2025-10-07 09:45:00+00:00,1928.699951171875,1930.5999755859375,1927.4000244140625,1927.5999755859375,196154
2025-10-07 09:50:00+00:00,1930.0,1931.0,1928.300048828125,1928.699951171875,155835
2025-10-07 09:55:00+00:00,1933.0,1933.5,1929.699951171875,1929.699951171875,66892
2025-10-08 03:45:00+00:00,1933.5999755859375,1939.9000244140625,1931.4000244140625,1932.5999755859375,0
2025-10-08 03:50:00+00:00,1932.9000244140625,1935.5999755859375,1928.199951171875,1933.800048828125,122360
2025-10-08 03:55:00+00:00,1932.5999755859375,1933.9000244140625,1929.5999755859375,1932.699951171875,124637
2025-10-08 04:00:00+00:00,1935.5999755859375,1936.0999755859375,1929.4000244140625,1932.5999755859375,80586
2025-10-08 04:05:00+00:00,1934.4000244140625,1937.800048828125,1934.0999755859375,1935.699951171875,58603
2025-10-08 04:10:00+00:00,1933.4000244140625,1936.699951171875,1932.4000244140625,1934.5,61760
2025-10-08 04:15:00+00:00,1934.800048828125,1936.5999755859375,1933.4000244140625,1933.4000244140625,25938
2025-10-08 04:20:00+00:00,1941.800048828125,1942.0,1933.699951171875,1934.800048828125,93776
2025-10-08 04:25:00+00:00,1938.4000244140625,1943.5,1938.4000244140625,1941.9000244140625,84827
2025-10-08 04:30:00+00:00,1944.5,1944.800048828125,1936.9000244140625,1938.4000244140625,115547
2025-10-08 04:35:00+00:00,1945.5,1946.300048828125,1942.699951171875,1944.300048828125,55963
2025-10-08 04:40:00+00:00,1947.699951171875,1947.800048828125,1943.199951171875,1946.0,60119
2025-10-08 04:45:00+00:00,1957.199951171875,1959.300048828125,1946.800048828125,1947.5,162541
2025-10-08 04:50:00+00:00,1955.300048828125,1962.5999755859375,1954.199951171875,1957.199951171875,105040
2025-10-08 04:55:00+00:00,1953.5,1957.0,1952.0,1954.9000244140625,67349
2025-10-08 05:00:00+00:00,1953.699951171875,1954.0,1948.0999755859375,1953.699951171875,174258
2025-10-08 05:05:00+00:00,1951.0999755859375,1955.0,1950.4000244140625,1953.5999755859375,38240
2025-10-08 05:10:00+00:00,1952.800048828125,1953.0,1950.0,1951.0,14146
2025-10-08 05:15:00+00:00,1951.300048828125,1954.0,1950.199951171875,1953.0,26873
2025-10-08 05:20:00+00:00,1948.0,1951.300048828125,1947.5,1951.199951171875,35957
2025-10-08 05:25:00+00:00,1947.699951171875,1949.699951171875,1946.9000244140625,1947.9000244140625,17753
2025-10-08 05:30:00+00:00,1946.4000244140625,1947.9000244140625,1945.300048828125,1947.699951171875,20169
2025-10-08 05:35:00+00:00,1945.9000244140625,1947.0999755859375,1945.0999755859375,1946.4000244140625,21846
2025-10-08 05:40:00+00:00,1945.5999755859375,1947.0,1944.0,1945.5,74931
2025-10-08 05:45:00+00:00,1942.699951171875,1946.9000244140625,1942.300048828125,1945.5999755859375,49242
2025-10-08 05:50:00+00:00,1942.199951171875,1943.800048828125,1941.300048828125,1942.800048828125,20801
2025-10-08 05:55:00+00:00,1940.4000244140625,1944.199951171875,1940.300048828125,1942.300048828125,37303
2025-10-08 06:00:00+00:00,1939.699951171875,1941.0999755859375,1938.699951171875,1940.0,28560
2025-10-08 06:05:00+00:00,1941.800048828125,1942.699951171875,1939.199951171875,1939.199951171875,24197
2025-10-08 06:10:00+00:00,1940.5999755859375,1942.4000244140625,1940.300048828125,1941.9000244140625,18779
2025-10-08 06:15:00+00:00,1939.0999755859375,1940.5,1938.0999755859375,1940.5,20861
2025-10-08 06:20:00+00:00,1943.0,1944.0,1939.0999755859375,1939.0999755859375,33142
2025-10-08 06:25:00+00:00,1943.9000244140625,1945.0,1939.0999755859375,1943.0,117995
2025-10-08 06:30:00+00:00,1943.199951171875,1944.699951171875,1943.199951171875,1944.5,15326
2025-10-08 06:35:00+00:00,1942.199951171875,1942.300048828125,1940.9000244140625,1942.300048828125,40297
2025-10-08 06:40:00+00:00,1941.5,1943.5,1941.199951171875,1942.0,31196
2025-10-08 06:45:00+00:00,1945.800048828125,1947.800048828125,1941.5,1941.800048828125,29740
2025-10-08 06:50:00+00:00,1943.699951171875,1946.300048828125,1942.800048828125,1945.699951171875,25265
2025-10-08 06:55:00+00:00,1945.0,1946.0,1942.0999755859375,1943.5,22752
2025-10-08 07:00:00+00:00,1945.800048828125,1946.5,1944.0,1944.800048828125,21159
2025-10-08 07:05:00+00:00,1945.5,1947.5,1944.9000244140625,1945.800048828125,22187
2025-10-08 07:10:00+00:00,1945.300048828125,1947.0999755859375,1944.0,1945.800048828125,17939
2025-10-08 07:15:00+00:00,1946.199951171875,1947.699951171875,1944.4000244140625,1945.4000244140625,18911
2025-10-08 07:20:00+00:00,1947.0999755859375,1947.5999755859375,1945.9000244140625,1946.199951171875,18462
2025-10-08 07:25:00+00:00,1947.199951171875,1947.300048828125,1945.0,1947.0999755859375,30048
2025-10-08 07:30:00+00:00,1947.199951171875,1948.199951171875,1945.5999755859375,1947.199951171875,22137
2025-10-08 07:35:00+00:00,1947.5999755859375,1948.4000244140625,1945.0999755859375,1946.9000244140625,43113
2025-10-08 07:40:00+00:00,1948.9000244140625,1949.300048828125,1946.5999755859375,1947.5,26089
2025-10-08 07:45:00+00:00,1946.699951171875,1949.0,1946.5,1949.0,25765
2025-10-08 07:50:00+00:00,1947.300048828125,1947.9000244140625,1946.4000244140625,1946.4000244140625,12854
2025-10-08 07:55:00+00:00,1947.300048828125,1948.0999755859375,1946.4000244140625,1947.0999755859375,16494
2025-10-08 08:00:00+00:00,1951.800048828125,1952.0,1946.5999755859375,1947.300048828125,59671
2025-10-08 08:05:00+00:00,1955.0,1955.4000244140625,1951.4000244140625,1951.800048828125,98496
2025-10-08 08:10:00+00:00,1955.0999755859375,1955.4000244140625,1952.5,1954.9000244140625,104976
2025-10-08 08:15:00+00:00,1955.0,1955.5999755859375,1953.9000244140625,1955.0999755859375,64848
2025-10-08 08:20:00+00:00,1955.0,1955.5,1954.199951171875,1955.0999755859375,66126
2025-10-08 08:25:00+00:00,1956.199951171875,1957.4000244140625,1954.5,1955.0,45148
2025-10-08 08:30:00+00:00,1955.0,1957.0,1953.699951171875,1956.0999755859375,61970
2025-10-08 08:35:00+00:00,1949.800048828125,1956.300048828125,1949.5,1955.0999755859375,105685
2025-10-08 08:40:00+00:00,1951.0,1952.9000244140625,1948.199951171875,1949.800048828125,69403
2025-10-08 08:45:00+00:00,1952.199951171875,1952.9000244140625,1951.0,1951.0,27384
2025-10-08 08:50:00+00:00,1954.5999755859375,1954.5999755859375,1950.0,1952.0999755859375,82332
2025-10-08 08:55:00+00:00,1952.4000244140625,1954.800048828125,1951.5,1954.800048828125,58236
2025-10-08 09:00:00+00:00,1952.300048828125,1953.4000244140625,1952.300048828125,1952.300048828125,39498
2025-10-08 09:05:00+00:00,1954.800048828125,1955.0,1951.300048828125,1952.0,88840
2025-10-08 09:10:00+00:00,1951.5,1956.4000244140625,1951.199951171875,1954.699951171875,129132
2025-10-08 09:15:00+00:00,1947.5999755859375,1951.9000244140625,1947.0999755859375,1951.5999755859375,33904
2025-10-08 09:20:00+00:00,1949.800048828125,1950.199951171875,1946.0,1947.199951171875,100942
2025-10-08 09:25:00+00:00,1949.5,1950.199951171875,1948.199951171875,1949.5,42230
2025-10-08 09:30:00+00:00,1945.9000244140625,1949.5,1945.5999755859375,1949.5,191721
2025-10-08 09:35:00+00:00,1944.0999755859375,1947.0999755859375,1943.9000244140625,1945.9000244140625,131839
2025-10-08 09:40:00+00:00,1942.9000244140625,1944.4000244140625,1942.5,1944.0,153239
2025-10-08 09:45:00+00:00,1941.0,1943.5999755859375,1940.5999755859375,1943.0,158777
2025-10-08 09:50:00+00:00,1941.199951171875,1942.300048828125,1939.800048828125,1940.9000244140625,163124
2025-10-08 09:55:00+00:00,1943.5,1943.5,1939.0,1941.199951171875,115184
2025-10-09 03:45:00+00:00,1939.0999755859375,1943.0,1935.0999755859375,1943.0,0
2025-10-09 03:50:00+00:00,1944.5,1944.699951171875,1939.0999755859375,1939.0999755859375,60229
2025-10-09 03:55:00+00:00,1944.800048828125,1945.0,1943.800048828125,1944.0999755859375,32497
2025-10-09 04:00:00+00:00,1942.5999755859375,1946.0999755859375,1941.0999755859375,1945.300048828125,32526
2025-10-09 04:05:00+00:00,1942.699951171875,1943.699951171875,1941.199951171875,1942.5999755859375,29166
2025-10-09 04:10:00+00:00,1941.5,1944.5999755859375,1941.4000244140625,1942.800048828125,28837
2025-10-09 04:15:00+00:00,1939.0,1942.0999755859375,1938.5999755859375,1941.4000244140625,39559
2025-10-09 04:20:00+00:00,1940.300048828125,1940.300048828125,1937.5,1939.0,29444
2025-10-09 04:25:00+00:00,1939.300048828125,1940.5,1937.9000244140625,1940.199951171875,30337
2025-10-09 04:30:00+00:00,1935.699951171875,1939.9000244140625,1934.300048828125,1939.300048828125,59722
2025-10-09 04:35:00+00:00,1934.5999755859375,1936.800048828125,1934.199951171875,1934.9000244140625,17963
2025-10-09 04:40:00+00:00,1934.0,1935.0,1933.0999755859375,1934.9000244140625,25782
2025-10-09 04:45:00+00:00,1933.0,1934.199951171875,1931.4000244140625,1933.699951171875,35130
2025-10-09 04:50:00+00:00,1935.0,1935.0,1932.4000244140625,1933.0,18149
2025-10-09 04:55:00+00:00,1934.5999755859375,1935.0,1933.5,1935.0,27831
2025-10-09 05:00:00+00:00,1940.0,1940.9000244140625,1934.0,1935.5,46085
2025-10-09 05:05:00+00:00,1942.0,1943.0,1939.0,1940.300048828125,25369
2025-10-09 05:10:00+00:00,1944.800048828125,1945.0,1941.800048828125,1941.800048828125,24595
2025-10-09 05:15:00+00:00,1945.5999755859375,1946.5999755859375,1944.9000244140625,1944.9000244140625,29409
2025-10-09 05:20:00+00:00,1943.4000244140625,1945.5,1941.0,1945.5,22816
2025-10-09 05:25:00+00:00,1943.300048828125,1944.5,1942.0999755859375,1943.0,22206
2025-10-09 05:30:00+00:00,1944.199951171875,1946.0,1943.4000244140625,1943.9000244140625,35353
2025-10-09 05:35:00+00:00,1944.0,1945.0,1942.4000244140625,1944.0,21428
2025-10-09 05:40:00+00:00,1944.800048828125,1946.0,1943.0,1944.5999755859375,55097
2025-10-09 05:45:00+00:00,1943.5999755859375,1945.0999755859375,1943.0999755859375,1944.5,17760
2025-10-09 05:50:00+00:00,1944.0999755859375,1945.0,1942.800048828125,1943.5,32666
2025-10-09 05:55:00+00:00,1943.699951171875,1945.0,1942.800048828125,1944.0999755859375,19558
2025-10-09 06:00:00+00:00,1940.5999755859375,1943.5999755859375,1940.4000244140625,1943.5999755859375,23930
2025-10-09 06:05:00+00:00,1944.800048828125,1944.9000244140625,1940.5,1941.5999755859375,43291
2025-10-09 06:10:00+00:00,1940.4000244140625,1945.0,1939.9000244140625,1944.5,94610
2025-10-09 06:15:00+00:00,1943.5999755859375,1944.300048828125,1938.0999755859375,1941.199951171875,117952
2025-10-09 06:20:00+00:00,1940.300048828125,1943.699951171875,1938.5999755859375,1943.699951171875,28185
2025-10-09 06:25:00+00:00,1939.5999755859375,1940.699951171875,1938.699951171875,1940.5999755859375,28374
2025-10-09 06:30:00+00:00,1943.699951171875,1944.4000244140625,1939.4000244140625,1939.800048828125,45538
2025-10-09 06:35:00+00:00,1942.0,1943.9000244140625,1940.699951171875,1943.699951171875,38655
2025-10-09 06:40:00+00:00,1941.699951171875,1942.9000244140625,1941.5999755859375,1941.9000244140625,46420
2025-10-09 06:45:00+00:00,1942.199951171875,1944.0,1941.5,1941.699951171875,26644
2025-10-09 06:50:00+00:00,1943.0999755859375,1943.800048828125,1941.9000244140625,1942.0,47716
2025-10-09 06:55:00+00:00,1941.800048828125,1943.699951171875,1941.699951171875,1943.0,67347
2025-10-09 07:00:00+00:00,1941.0999755859375,1942.0999755859375,1939.699951171875,1941.800048828125,30432
2025-10-09 07:05:00+00:00,1938.5,1941.5,1937.699951171875,1940.9000244140625,28076
2025-10-09 07:10:00+00:00,1938.4000244140625,1939.4000244140625,1936.300048828125,1938.0,49929
2025-10-09 07:15:00+00:00,1939.5999755859375,1939.800048828125,1937.0,1938.199951171875,27729
2025-10-09 07:20:00+00:00,1939.0999755859375,1940.0,1938.0,1939.5999755859375,36491
2025-10-09 07:25:00+00:00,1939.4000244140625,1940.5,1938.0999755859375,1938.699951171875,33547
2025-10-09 07:30:00+00:00,1939.300048828125,1940.199951171875,1938.199951171875,1939.4000244140625,26613
2025-10-09 07:35:00+00:00,1938.4000244140625,1940.5,1937.300048828125,1939.300048828125,53873
2025-10-09 07:40:00+00:00,1938.800048828125,1939.300048828125,1936.5999755859375,1938.4000244140625,34093
2025-10-09 07:45:00+00:00,1939.0999755859375,1939.0999755859375,1937.199951171875,1938.5,23617
2025-10-09 07:50:00+00:00,1938.0999755859375,1939.199951171875,1936.0999755859375,1939.0999755859375,36487
2025-10-09 07:55:00+00:00,1938.4000244140625,1938.5,1936.699951171875,1938.0999755859375,33329
2025-10-09 08:00:00+00:00,1938.199951171875,1939.4000244140625,1937.300048828125,1938.0999755859375,26948
2025-10-09 08:05:00+00:00,1939.5,1940.199951171875,1938.199951171875,1938.199951171875,25352
2025-10-09 08:10:00+00:00,1940.0,1941.0,1939.0,1939.5,35164
2025-10-09 08:15:00+00:00,1939.9000244140625,1940.5,1939.0999755859375,1940.0,23445
2025-10-09 08:20:00+00:00,1942.9000244140625,1943.0,1939.9000244140625,1939.9000244140625,32536
2025-10-09 08:25:00+00:00,1941.699951171875,1943.199951171875,1941.0999755859375,1942.800048828125,28183
2025-10-09 08:30:00+00:00,1941.0,1942.9000244140625,1940.5999755859375,1942.5,44987
2025-10-09 08:35:00+00:00,1938.5,1941.0,1938.5,1941.0,28227
2025-10-09 08:40:00+00:00,1937.5,1939.4000244140625,1936.5,1938.5999755859375,39434
2025-10-09 08:45:00+00:00,1935.800048828125,1938.699951171875,1935.5999755859375,1937.5,47814
2025-10-09 08:50:00+00:00,1936.199951171875,1936.800048828125,1935.0,1935.800048828125,27594
2025-10-09 08:55:00+00:00,1937.199951171875,1937.199951171875,1935.4000244140625,1935.4000244140625,82226
2025-10-09 09:00:00+00:00,1937.199951171875,1938.5999755859375,1936.5,1936.5999755859375,46959
2025-10-09 09:05:00+00:00,1940.199951171875,1940.5999755859375,1936.5999755859375,1937.199951171875,98502
2025-10-09 09:10:00+00:00,1939.0,1940.5,1937.9000244140625,1940.0,60473
2025-10-09 09:15:00+00:00,1935.4000244140625,1939.0,1935.199951171875,1939.0,84528
2025-10-09 09:20:00+00:00,1937.699951171875,1938.800048828125,1934.199951171875,1935.4000244140625,87055
2025-10-09 09:25:00+00:00,1937.199951171875,1938.5999755859375,1936.5999755859375,1937.699951171875,35252
2025-10-09 09:30:00+00:00,1939.199951171875,1939.5999755859375,1936.800048828125,1937.699951171875,184879
2025-10-09 09:35:00+00:00,1942.0999755859375,1942.800048828125,1937.5,1939.300048828125,221633
2025-10-09 09:40:00+00:00,1943.0,1943.4000244140625,1941.0999755859375,1942.199951171875,207396
2025-10-09 09:45:00+00:00,1943.9000244140625,1945.0,1942.0999755859375,1943.0,195231
2025-10-09 09:50:00+00:00,1945.300048828125,1946.199951171875,1942.0999755859375,1943.9000244140625,167031
2025-10-09 09:55:00+00:00,1946.5,1946.5,1943.199951171875,1945.4000244140625,105273
2025-10-10 03:45:00+00:00,1939.5,1944.699951171875,1937.5,1937.5,0
2025-10-10 03:50:00+00:00,1944.5,1945.4000244140625,1938.800048828125,1938.800048828125,44085
2025-10-10 03:55:00+00:00,1946.5,1947.0,1943.5999755859375,1943.5999755859375,28671
2025-10-10 04:00:00+00:00,1940.800048828125,1947.0,1940.800048828125,1946.5,26980
2025-10-10 04:05:00+00:00,1942.0,1942.800048828125,1940.0999755859375,1940.5999755859375,26586
2025-10-10 04:10:00+00:00,1941.5999755859375,1942.4000244140625,1939.699951171875,1941.800048828125,25710
2025-10-10 04:15:00+00:00,1941.5999755859375,1942.699951171875,1940.699951171875,1942.699951171875,23530
2025-10-10 04:20:00+00:00,1940.0999755859375,1942.0,1940.0999755859375,1941.5999755859375,15961
2025-10-10 04:25:00+00:00,1942.199951171875,1942.199951171875,1939.0999755859375,1940.0,31539
2025-10-10 04:30:00+00:00,1941.699951171875,1942.9000244140625,1941.0,1941.800048828125,30513
2025-10-10 04:35:00+00:00,1940.300048828125,1942.4000244140625,1939.5,1941.699951171875,35230
2025-10-10 04:40:00+00:00,1941.0999755859375,1941.699951171875,1939.5999755859375,1940.0,18132
2025-10-10 04:45:00+00:00,1942.0,1943.0999755859375,1940.5999755859375,1941.4000244140625,63656
2025-10-10 04:50:00+00:00,1939.300048828125,1942.300048828125,1939.0,1942.0,17578
2025-10-10 04:55:00+00:00,1941.0999755859375,1941.5,1939.0999755859375,1939.5,22032
2025-10-10 05:00:00+00:00,1939.5999755859375,1941.0999755859375,1939.5999755859375,1940.800048828125,19905
2025-10-10 05:05:00+00:00,1940.300048828125,1941.0999755859375,1939.0,1939.5999755859375,17527
2025-10-10 05:10:00+00:00,1938.4000244140625,1941.5999755859375,1938.0999755859375,1940.5,60486
2025-10-10 05:15:00+00:00,1938.800048828125,1939.5,1937.5,1938.5999755859375,16202
2025-10-10 05:20:00+00:00,1939.800048828125,1940.199951171875,1939.199951171875,1939.5999755859375,32090
2025-10-10 05:25:00+00:00,1940.4000244140625,1941.5,1939.699951171875,1939.699951171875,33857
2025-10-10 05:30:00+00:00,1940.9000244140625,1941.5,1939.9000244140625,1940.4000244140625,60867
2025-10-10 05:35:00+00:00,1941.300048828125,1943.0999755859375,1940.5999755859375,1940.9000244140625,72539
2025-10-10 05:40:00+00:00,1942.0,1942.9000244140625,1941.4000244140625,1941.4000244140625,21399
2025-10-10 05:45:00+00:00,1942.9000244140625,1943.199951171875,1941.0,1942.0,52264
2025-10-10 05:50:00+00:00,1943.199951171875,1943.5999755859375,1941.199951171875,1942.699951171875,16490
2025-10-10 05:55:00+00:00,1942.800048828125,1943.5,1941.800048828125,1943.0,31481
2025-10-10 06:00:00+00:00,1942.699951171875,1944.0,1941.0,1942.4000244140625,43154
2025-10-10 06:05:00+00:00,1940.699951171875,1943.0,1940.699951171875,1942.0,54519
2025-10-10 06:10:00+00:00,1941.699951171875,1942.199951171875,1940.9000244140625,1940.9000244140625,11356
2025-10-10 06:15:00+00:00,1942.4000244140625,1942.800048828125,1941.199951171875,1942.0,12344
2025-10-10 06:20:00+00:00,1941.0,1942.5,1940.5999755859375,1942.300048828125,17319
2025-10-10 06:25:00+00:00,1941.5,1942.0,1940.9000244140625,1941.199951171875,12529
2025-10-10 06:30:00+00:00,1941.5999755859375,1942.9000244140625,1941.4000244140625,1942.5,26991
2025-10-10 06:35:00+00:00,1939.5,1942.5999755859375,1939.0,1942.199951171875,14083
2025-10-10 06:40:00+00:00,1940.4000244140625,1940.5,1939.0,1939.199951171875,9376
2025-10-10 06:45:00+00:00,1938.5,1940.5,1938.0999755859375,1940.199951171875,19484
2025-10-10 06:50:00+00:00,1940.4000244140625,1940.5,1938.0999755859375,1938.5,13726
2025-10-10 06:55:00+00:00,1939.300048828125,1940.5,1939.300048828125,1940.0,13018
2025-10-10 07:00:00+00:00,1939.699951171875,1940.0999755859375,1938.9000244140625,1939.300048828125,14632
2025-10-10 07:05:00+00:00,1939.0,1939.699951171875,1938.0999755859375,1939.0,23560
2025-10-10 07:10:00+00:00,1939.800048828125,1940.0,1938.5,1938.9000244140625,18083
2025-10-10 07:15:00+00:00,1939.5999755859375,1940.0,1939.4000244140625,1939.9000244140625,21048
2025-10-10 07:20:00+00:00,1939.800048828125,1940.4000244140625,1938.5999755859375,1939.5999755859375,10626
2025-10-10 07:25:00+00:00,1940.800048828125,1942.300048828125,1939.5,1940.0999755859375,33318
2025-10-10 07:30:00+00:00,1940.9000244140625,1941.5999755859375,1940.199951171875,1940.800048828125,25237
2025-10-10 07:35:00+00:00,1940.4000244140625,1941.5,1939.199951171875,1940.800048828125,12743
2025-10-10 07:40:00+00:00,1938.800048828125,1940.4000244140625,1937.4000244140625,1940.4000244140625,40156
2025-10-10 07:45:00+00:00,1938.9000244140625,1940.0,1938.4000244140625,1938.4000244140625,18273
2025-10-10 07:50:00+00:00,1939.699951171875,1940.199951171875,1938.4000244140625,1938.800048828125,30135
2025-10-10 07:55:00+00:00,1938.800048828125,1940.199951171875,1937.0,1939.4000244140625,86631
2025-10-10 08:00:00+00:00,1940.5999755859375,1941.4000244140625,1938.0,1938.0999755859375,25077
2025-10-10 08:05:00+00:00,1941.699951171875,1942.0999755859375,1939.699951171875,1941.0999755859375,27036
2025-10-10 08:10:00+00:00,1940.699951171875,1941.800048828125,1940.5,1941.5,17083
2025-10-10 08:15:00+00:00,1940.5999755859375,1941.699951171875,1940.5,1941.300048828125,15348
2025-10-10 08:20:00+00:00,1941.0,1941.699951171875,1939.5999755859375,1940.5999755859375,29382
2025-10-10 08:25:00+00:00,1940.4000244140625,1941.4000244140625,1939.5,1941.0,22651
2025-10-10 08:30:00+00:00,1939.5999755859375,1941.4000244140625,1939.300048828125,1940.300048828125,17918
2025-10-10 08:35:00+00:00,1940.0999755859375,1940.5,1938.9000244140625,1939.699951171875,16773
2025-10-10 08:40:00+00:00,1940.800048828125,1941.300048828125,1938.699951171875,1939.800048828125,24237
2025-10-10 08:45:00+00:00,1940.0999755859375,1941.5,1939.9000244140625,1940.800048828125,32396
2025-10-10 08:50:00+00:00,1940.0,1940.9000244140625,1939.5999755859375,1940.699951171875,25242
2025-10-10 08:55:00+00:00,1939.9000244140625,1941.0,1939.800048828125,1939.9000244140625,22821
2025-10-10 09:00:00+00:00,1938.800048828125,1940.5999755859375,1938.199951171875,1939.9000244140625,38735
2025-10-10 09:05:00+00:00,1938.800048828125,1939.0,1938.4000244140625,1938.800048828125,14074
2025-10-10 09:10:00+00:00,1938.4000244140625,1939.800048828125,1938.0999755859375,1938.5,19672
2025-10-10 09:15:00+00:00,1938.0999755859375,1938.800048828125,1935.5,1938.4000244140625,71182
2025-10-10 09:20:00+00:00,1938.199951171875,1938.699951171875,1937.4000244140625,1938.0,25855
2025-10-10 09:25:00+00:00,1938.699951171875,1938.800048828125,1937.5,1938.199951171875,20634
2025-10-10 09:30:00+00:00,1938.0999755859375,1938.699951171875,1936.5999755859375,1938.699951171875,76893
2025-10-10 09:35:00+00:00,1939.699951171875,1940.0,1937.199951171875,1938.199951171875,76364
2025-10-10 09:40:00+00:00,1940.199951171875,1940.5,1939.0,1939.5,67385
2025-10-10 09:45:00+00:00,1940.300048828125,1941.5999755859375,1940.0,1940.199951171875,106345
2025-10-10 09:50:00+00:00,1940.800048828125,1942.0,1940.300048828125,1940.300048828125,108767
2025-10-10 09:55:00+00:00,1939.9000244140625,1941.5,1939.699951171875,1941.0999755859375,62883
2025-10-13 03:45:00+00:00,1951.0,1952.4000244140625,1937.9000244140625,1937.9000244140625,0
2025-10-13 03:50:00+00:00,1952.9000244140625,1956.5,1947.699951171875,1951.0,135332
2025-10-13 03:55:00+00:00,1953.5,1955.5,1952.199951171875,1952.9000244140625,58287
2025-10-13 04:00:00+00:00,1951.0,1955.0,1950.0999755859375,1954.0,43984
2025-10-13 04:05:00+00:00,1956.300048828125,1956.5999755859375,1950.300048828125,1950.300048828125,103967
2025-10-13 04:10:00+00:00,1960.199951171875,1961.4000244140625,1955.9000244140625,1956.300048828125,126919
2025-10-13 04:15:00+00:00,1959.5,1962.5,1958.0,1960.5,61306
2025-10-13 04:20:00+00:00,1959.5,1962.4000244140625,1958.800048828125,1959.5,78111
2025-10-13 04:25:00+00:00,1955.800048828125,1959.5,1955.800048828125,1959.5,44970
2025-10-13 04:30:00+00:00,1955.0,1956.199951171875,1954.699951171875,1955.9000244140625,30693
2025-10-13 04:35:00+00:00,1955.800048828125,1955.800048828125,1953.5,1955.0,33030
2025-10-13 04:40:00+00:00,1958.5,1958.5,1955.0999755859375,1955.5,27562
2025-10-13 04:45:00+00:00,1956.9000244140625,1958.699951171875,1956.5,1958.300048828125,50214
2025-10-13 04:50:00+00:00,1961.199951171875,1961.4000244140625,1956.800048828125,1957.0,45255
2025-10-13 04:55:00+00:00,1961.0,1961.800048828125,1959.699951171875,1960.800048828125,59306
2025-10-13 05:00:00+00:00,1964.699951171875,1965.9000244140625,1960.5999755859375,1961.0999755859375,93582
2025-10-13 05:05:00+00:00,1961.699951171875,1965.300048828125,1961.5999755859375,1964.699951171875,78714
2025-10-13 05:10:00+00:00,1960.0,1963.0,1959.0999755859375,1961.800048828125,78313
2025-10-13 05:15:00+00:00,1960.0999755859375,1960.5,1958.0,1960.0,48635
2025-10-13 05:20:00+00:00,1958.300048828125,1960.9000244140625,1958.300048828125,1960.0999755859375,39128
2025-10-13 05:25:00+00:00,1959.5999755859375,1959.5999755859375,1958.0,1958.699951171875,18266
2025-10-13 05:30:00+00:00,1959.0999755859375,1960.300048828125,1958.800048828125,1959.800048828125,16567
2025-10-13 05:35:00+00:00,1960.0,1960.300048828125,1958.0999755859375,1959.300048828125,28175
2025-10-13 05:40:00+00:00,1956.0999755859375,1960.0999755859375,1956.0,1959.9000244140625,54161
2025-10-13 05:45:00+00:00,1956.4000244140625,1957.5999755859375,1954.800048828125,1956.199951171875,56039
2025-10-13 05:50:00+00:00,1956.0,1957.800048828125,1955.5,1957.0,77021
2025-10-13 05:55:00+00:00,1953.0,1956.5999755859375,1952.699951171875,1956.0,49293
2025-10-13 06:00:00+00:00,1953.5,1954.9000244140625,1952.4000244140625,1953.0,22220
2025-10-13 06:05:00+00:00,1952.199951171875,1954.300048828125,1952.0999755859375,1953.5999755859375,23660
2025-10-13 06:10:00+00:00,1950.199951171875,1952.699951171875,1949.0,1952.199951171875,48667
2025-10-13 06:15:00+00:00,1950.0,1950.199951171875,1948.5999755859375,1950.0,17829
2025-10-13 06:20:00+00:00,1947.0999755859375,1950.0,1947.0999755859375,1949.9000244140625,79190
2025-10-13 06:25:00+00:00,1947.4000244140625,1947.9000244140625,1946.0999755859375,1947.4000244140625,26946
2025-10-13 06:30:00+00:00,1946.0,1947.4000244140625,1945.0,1947.4000244140625,38466
2025-10-13 06:35:00+00:00,1950.300048828125,1950.800048828125,1945.800048828125,1946.0,42019
2025-10-13 06:40:00+00:00,1952.199951171875,1952.699951171875,1950.0,1950.0999755859375,44613
2025-10-13 06:45:00+00:00,1953.0999755859375,1953.9000244140625,1951.0,1952.300048828125,53047
2025-10-13 06:50:00+00:00,1952.0,1953.5999755859375,1951.300048828125,1953.0999755859375,9242
2025-10-13 06:55:00+00:00,1952.699951171875,1953.9000244140625,1952.0,1952.0999755859375,20425
2025-10-13 07:00:00+00:00,1954.0,1954.199951171875,1952.5999755859375,1952.5999755859375,15975
2025-10-13 07:05:00+00:00,1953.199951171875,1955.5,1953.0,1953.699951171875,31081
2025-10-13 07:10:00+00:00,1954.0,1954.300048828125,1951.5999755859375,1953.5999755859375,25654
2025-10-13 07:15:00+00:00,1951.5,1954.0,1950.0,1953.199951171875,38184
2025-10-13 07:20:00+00:00,1950.5999755859375,1951.9000244140625,1950.0,1950.800048828125,20258
2025-10-13 07:25:00+00:00,1950.4000244140625,1951.0999755859375,1950.199951171875,1950.5999755859375,12745
2025-10-13 07:30:00+00:00,1950.0,1951.0999755859375,1949.0999755859375,1951.0999755859375,76307
2025-10-13 07:35:00+00:00,1950.800048828125,1950.9000244140625,1950.0,1950.300048828125,17346
2025-10-13 07:40:00+00:00,1953.699951171875,1954.0,1950.199951171875,1950.800048828125,39191
2025-10-13 07:45:00+00:00,1950.5,1954.5,1950.5,1953.800048828125,37681
2025-10-13 07:50:00+00:00,1951.5999755859375,1952.5,1950.0999755859375,1951.300048828125,32250
2025-10-13 07:55:00+00:00,1951.5999755859375,1952.5999755859375,1950.9000244140625,1951.699951171875,12218
2025-10-13 08:00:00+00:00,1952.199951171875,1953.5999755859375,1951.0999755859375,1951.5999755859375,14916
2025-10-13 08:05:00+00:00,1952.5,1952.699951171875,1950.800048828125,1951.699951171875,15671
2025-10-13 08:10:00+00:00,1953.5999755859375,1953.699951171875,1952.0999755859375,1952.5,18300
2025-10-13 08:15:00+00:00,1955.699951171875,1955.699951171875,1953.5,1953.5999755859375,64369
2025-10-13 08:20:00+00:00,1955.199951171875,1956.0,1954.5,1955.699951171875,69831
2025-10-13 08:25:00+00:00,1954.5999755859375,1955.9000244140625,1953.0999755859375,1955.199951171875,54796
2025-10-13 08:30:00+00:00,1956.9000244140625,1956.9000244140625,1954.0999755859375,1954.5,55570
2025-10-13 08:35:00+00:00,1957.9000244140625,1957.9000244140625,1955.699951171875,1956.0999755859375,29473
2025-10-13 08:40:00+00:00,1955.300048828125,1958.5,1954.5999755859375,1958.0,32685
2025-10-13 08:45:00+00:00,1955.0999755859375,1956.5999755859375,1953.9000244140625,1955.4000244140625,41455
2025-10-13 08:50:00+00:00,1957.5,1957.800048828125,1953.5,1955.0999755859375,81217
2025-10-13 08:55:00+00:00,1958.5,1960.0,1956.199951171875,1956.800048828125,88482
2025-10-13 09:00:00+00:00,1956.800048828125,1958.9000244140625,1956.699951171875,1958.5999755859375,20675
2025-10-13 09:05:00+00:00,1957.699951171875,1959.5,1956.300048828125,1956.5,26661
2025-10-13 09:10:00+00:00,1958.199951171875,1958.699951171875,1956.4000244140625,1957.800048828125,29488
2025-10-13 09:15:00+00:00,1957.9000244140625,1958.5,1957.0,1958.199951171875,31567
2025-10-13 09:20:00+00:00,1959.300048828125,1959.800048828125,1957.199951171875,1958.5,32283
2025-10-13 09:25:00+00:00,1957.9000244140625,1959.4000244140625,1957.0,1959.4000244140625,28025
2025-10-13 09:30:00+00:00,1955.300048828125,1957.800048828125,1954.300048828125,1957.699951171875,69069
2025-10-13 09:35:00+00:00,1955.199951171875,1957.0,1954.9000244140625,1955.5999755859375,59605
2025-10-13 09:40:00+00:00,1953.800048828125,1955.5,1953.699951171875,1955.300048828125,83637
2025-10-13 09:45:00+00:00,1953.699951171875,1955.199951171875,1953.4000244140625,1953.9000244140625,70242
2025-10-13 09:50:00+00:00,1955.0999755859375,1955.300048828125,1953.5,1953.5999755859375,65769
2025-10-13 09:55:00+00:00,1955.0,1956.300048828125,1952.0,1955.199951171875,52774
2025-10-14 03:45:00+00:00,1956.0,1963.9000244140625,1954.199951171875,1960.0,0
2025-10-14 03:50:00+00:00,1954.5,1956.699951171875,1952.9000244140625,1956.699951171875,32626
2025-10-14 03:55:00+00:00,1953.300048828125,1953.300048828125,1950.199951171875,1952.4000244140625,27262
2025-10-14 04:00:00+00:00,1953.800048828125,1954.4000244140625,1952.800048828125,1953.5,19883
2025-10-14 04:05:00+00:00,1950.0999755859375,1954.9000244140625,1950.0999755859375,1953.699951171875,15241
2025-10-14 04:10:00+00:00,1947.5,1951.0,1947.199951171875,1949.0999755859375,32130
2025-10-14 04:15:00+00:00,1947.5999755859375,1950.0999755859375,1946.800048828125,1947.4000244140625,17576
2025-10-14 04:20:00+00:00,1945.4000244140625,1949.0,1945.4000244140625,1947.5999755859375,50561
2025-10-14 04:25:00+00:00,1944.199951171875,1946.199951171875,1944.199951171875,1945.4000244140625,25856
2025-10-14 04:30:00+00:00,1942.4000244140625,1947.0,1942.0,1944.300048828125,38699
2025-10-14 04:35:00+00:00,1944.4000244140625,1944.4000244140625,1940.199951171875,1942.300048828125,22379
2025-10-14 04:40:00+00:00,1943.300048828125,1944.699951171875,1942.699951171875,1944.0,19995
2025-10-14 04:45:00+00:00,1942.800048828125,1945.0,1942.800048828125,1943.0,17694
2025-10-14 04:50:00+00:00,1939.800048828125,1943.5,1939.4000244140625,1943.4000244140625,18696
2025-10-14 04:55:00+00:00,1942.699951171875,1943.300048828125,1940.199951171875,1940.300048828125,12002
2025-10-14 05:00:00+00:00,1945.9000244140625,1946.0,1942.699951171875,1942.699951171875,19540
2025-10-14 05:05:00+00:00,1947.300048828125,1947.300048828125,1945.0,1945.5,17227
2025-10-14 05:10:00+00:00,1946.199951171875,1948.5,1944.699951171875,1946.5999755859375,53668
2025-10-14 05:15:00+00:00,1945.699951171875,1947.0999755859375,1945.300048828125,1945.800048828125,14219
2025-10-14 05:20:00+00:00,1945.0999755859375,1946.0,1944.699951171875,1945.5999755859375,25174
2025-10-14 05:25:00+00:00,1948.5999755859375,1948.5999755859375,1945.0999755859375,1945.0999755859375,20640
2025-10-14 05:30:00+00:00,1948.9000244140625,1950.0,1947.699951171875,1948.4000244140625,157323
2025-10-14 05:35:00+00:00,1950.199951171875,1950.5999755859375,1948.9000244140625,1948.9000244140625,30397
2025-10-14 05:40:00+00:00,1952.5999755859375,1952.9000244140625,1950.0,1950.5,18024
2025-10-14 05:45:00+00:00,1955.0,1955.5,1952.5999755859375,1952.5999755859375,164463
2025-10-14 05:50:00+00:00,1955.0,1955.699951171875,1953.5,1955.0,80459
2025-10-14 05:55:00+00:00,1954.0999755859375,1955.0,1951.699951171875,1954.0999755859375,89591
2025-10-14 06:00:00+00:00,1953.199951171875,1954.0999755859375,1952.0999755859375,1954.0999755859375,23759
2025-10-14 06:05:00+00:00,1952.5999755859375,1952.9000244140625,1951.9000244140625,1952.5,20049
2025-10-14 06:10:00+00:00,1952.0,1953.9000244140625,1951.199951171875,1952.0999755859375,44068
2025-10-14 06:15:00+00:00,1951.800048828125,1952.0999755859375,1950.199951171875,1952.0999755859375,27057
2025-10-14 06:20:00+00:00,1953.4000244140625,1953.5,1950.5,1951.800048828125,26535
2025-10-14 06:25:00+00:00,1952.5,1953.5999755859375,1951.0,1953.0999755859375,21697
2025-10-14 06:30:00+00:00,1948.4000244140625,1952.4000244140625,1947.5999755859375,1952.4000244140625,83446
2025-10-14 06:35:00+00:00,1943.699951171875,1948.0999755859375,1940.199951171875,1947.5999755859375,84090
2025-10-14 06:40:00+00:00,1945.300048828125,1946.4000244140625,1942.800048828125,1943.5,18210
2025-10-14 06:45:00+00:00,1947.0,1950.199951171875,1944.0999755859375,1945.300048828125,25090
2025-10-14 06:50:00+00:00,1947.0999755859375,1947.800048828125,1945.300048828125,1947.199951171875,14541
2025-10-14 06:55:00+00:00,1944.5999755859375,1946.9000244140625,1943.800048828125,1946.800048828125,21825
2025-10-14 07:00:00+00:00,1943.5,1945.0,1941.5,1943.9000244140625,20870
2025-10-14 07:05:00+00:00,1943.0999755859375,1945.0,1942.5,1943.199951171875,45226
2025-10-14 07:10:00+00:00,1940.5999755859375,1943.5,1939.199951171875,1943.5,50629
2025-10-14 07:15:00+00:00,1942.5,1943.300048828125,1939.5,1940.4000244140625,20326
2025-10-14 07:20:00+00:00,1943.5999755859375,1943.5999755859375,1942.0,1942.0,12370
2025-10-14 07:25:00+00:00,1945.0,1946.5999755859375,1942.4000244140625,1943.0,53510
2025-10-14 07:30:00+00:00,1944.800048828125,1946.0,1943.4000244140625,1944.699951171875,46814
2025-10-14 07:35:00+00:00,1944.699951171875,1946.4000244140625,1943.199951171875,1944.800048828125,54761
2025-10-14 07:40:00+00:00,1945.0,1946.9000244140625,1943.199951171875,1944.5999755859375,55569
2025-10-14 07:45:00+00:00,1943.699951171875,1945.0,1942.4000244140625,1945.0,16279
2025-10-14 07:50:00+00:00,1943.0999755859375,1944.0999755859375,1942.199951171875,1943.699951171875,13845
2025-10-14 07:55:00+00:00,1943.699951171875,1944.0999755859375,1942.5,1943.0999755859375,11047
2025-10-14 08:00:00+00:00,1946.800048828125,1947.0,1943.800048828125,1943.800048828125,47321
2025-10-14 08:05:00+00:00,1948.300048828125,1949.699951171875,1945.0,1946.699951171875,93621
2025-10-14 08:10:00+00:00,1948.4000244140625,1950.199951171875,1947.199951171875,1948.0,30272
2025-10-14 08:15:00+00:00,1949.5999755859375,1951.5,1946.5,1948.300048828125,104246
2025-10-14 08:20:00+00:00,1948.300048828125,1949.800048828125,1947.4000244140625,1949.800048828125,44871
2025-10-14 08:25:00+00:00,1949.0,1949.699951171875,1947.699951171875,1948.300048828125,37037
2025-10-14 08:30:00+00:00,1948.5999755859375,1949.199951171875,1947.300048828125,1948.699951171875,47718
2025-10-14 08:35:00+00:00,1950.0,1950.0,1948.0,1949.300048828125,31161
2025-10-14 08:40:00+00:00,1950.800048828125,1950.9000244140625,1947.5999755859375,1949.9000244140625,85844
2025-10-14 08:45:00+00:00,1947.699951171875,1951.5999755859375,1947.199951171875,1950.800048828125,91020
2025-10-14 08:50:00+00:00,1949.199951171875,1949.199951171875,1946.0,1947.9000244140625,82176
2025-10-14 08:55:00+00:00,1949.300048828125,1950.199951171875,1947.300048828125,1948.5999755859375,74134
2025-10-14 09:00:00+00:00,1951.4000244140625,1952.199951171875,1948.699951171875,1949.300048828125,43874
2025-10-14 09:05:00+00:00,1950.800048828125,1954.199951171875,1950.5999755859375,1950.9000244140625,114377
2025-10-14 09:10:00+00:00,1951.699951171875,1952.199951171875,1949.0999755859375,1951.199951171875,102172
2025-10-14 09:15:00+00:00,1946.5999755859375,1952.5999755859375,1944.199951171875,1951.5999755859375,121585
2025-10-14 09:20:00+00:00,1947.5,1947.800048828125,1945.5999755859375,1946.5999755859375,38067
2025-10-14 09:25:00+00:00,1948.699951171875,1948.9000244140625,1945.5,1947.5,74779
2025-10-14 09:30:00+00:00,1948.0,1948.699951171875,1947.0,1948.199951171875,171269
2025-10-14 09:35:00+00:00,1947.4000244140625,1949.5,1945.0,1947.9000244140625,336981
2025-10-14 09:40:00+00:00,1944.9000244140625,1947.699951171875,1944.5,1947.4000244140625,142877
2025-10-14 09:45:00+00:00,1946.4000244140625,1947.9000244140625,1943.800048828125,1945.0,221262
2025-10-14 09:50:00+00:00,1945.0,1946.800048828125,1943.0999755859375,1946.5,169840
2025-10-14 09:55:00+00:00,1946.5999755859375,1948.199951171875,1943.5,1945.699951171875,172291
2025-10-15 03:45:00+00:00,1959.800048828125,1962.4000244140625,1951.5999755859375,1951.5999755859375,0
2025-10-15 03:50:00+00:00,1963.300048828125,1963.5999755859375,1959.0999755859375,1961.699951171875,82966
2025-10-15 03:55:00+00:00,1961.199951171875,1963.300048828125,1957.699951171875,1963.300048828125,68398
2025-10-15 04:00:00+00:00,1960.0999755859375,1961.9000244140625,1960.0999755859375,1961.0999755859375,40576
2025-10-15 04:05:00+00:00,1956.800048828125,1960.5999755859375,1956.800048828125,1960.0999755859375,24091
2025-10-15 04:10:00+00:00,1956.0999755859375,1957.0,1955.0,1956.4000244140625,25884
2025-10-15 04:15:00+00:00,1957.0999755859375,1957.800048828125,1955.4000244140625,1955.4000244140625,21855
2025-10-15 04:20:00+00:00,1958.0,1958.0999755859375,1956.0,1957.199951171875,27021
2025-10-15 04:25:00+00:00,1958.199951171875,1958.199951171875,1956.5999755859375,1957.5,19580
2025-10-15 04:30:00+00:00,1958.4000244140625,1959.0,1957.5,1958.4000244140625,19676
2025-10-15 04:35:00+00:00,1959.0,1959.9000244140625,1957.5999755859375,1958.0,23844
2025-10-15 04:40:00+00:00,1958.4000244140625,1959.0,1957.699951171875,1958.5,12682
2025-10-15 04:45:00+00:00,1958.9000244140625,1959.0999755859375,1957.0999755859375,1958.9000244140625,19352
2025-10-15 04:50:00+00:00,1959.5,1961.0,1957.0999755859375,1958.300048828125,64365
2025-10-15 04:55:00+00:00,1960.0999755859375,1960.699951171875,1958.800048828125,1959.0,14736
2025-10-15 05:00:00+00:00,1958.699951171875,1960.800048828125,1958.0,1960.0999755859375,53310
2025-10-15 05:05:00+00:00,1958.0,1959.5999755859375,1958.0,1958.699951171875,12564
2025-10-15 05:10:00+00:00,1958.0,1959.0999755859375,1957.699951171875,1958.0999755859375,14565
2025-10-15 05:15:00+00:00,1958.0999755859375,1958.800048828125,1957.5,1958.0,15039
2025-10-15 05:20:00+00:00,1959.199951171875,1960.0,1958.300048828125,1958.9000244140625,23911
2025-10-15 05:25:00+00:00,1961.0999755859375,1961.199951171875,1959.0,1959.0999755859375,37564
2025-10-15 05:30:00+00:00,1961.0,1963.5,1960.199951171875,1961.0999755859375,68388
2025-10-15 05:35:00+00:00,1961.300048828125,1961.5,1959.9000244140625,1960.9000244140625,18553
2025-10-15 05:40:00+00:00,1959.9000244140625,1961.199951171875,1959.800048828125,1960.9000244140625,11592
2025-10-15 05:45:00+00:00,1960.4000244140625,1960.800048828125,1958.5,1959.800048828125,19654
2025-10-15 05:50:00+00:00,1960.9000244140625,1961.0,1959.199951171875,1960.4000244140625,12969
2025-10-15 05:55:00+00:00,1962.5,1962.5999755859375,1960.699951171875,1960.9000244140625,21057
2025-10-15 06:00:00+00:00,1962.0999755859375,1962.9000244140625,1961.0,1962.5999755859375,12160
2025-10-15 06:05:00+00:00,1960.300048828125,1962.0999755859375,1959.699951171875,1962.0999755859375,18566
2025-10-15 06:10:00+00:00,1959.0999755859375,1961.0,1959.0999755859375,1961.0,13778
2025-10-15 06:15:00+00:00,1959.699951171875,1959.699951171875,1958.800048828125,1959.0,20670
2025-10-15 06:20:00+00:00,1959.4000244140625,1960.0999755859375,1959.0,1959.300048828125,23650
2025-10-15 06:25:00+00:00,1959.0999755859375,1960.4000244140625,1959.0,1959.199951171875,12523
2025-10-15 06:30:00+00:00,1958.0,1959.5,1958.0,1959.0999755859375,23989
2025-10-15 06:35:00+00:00,1959.4000244140625,1960.199951171875,1957.199951171875,1958.0,43633
2025-10-15 06:40:00+00:00,1959.5,1960.199951171875,1958.800048828125,1959.300048828125,26746
2025-10-15 06:45:00+00:00,1959.5,1961.0999755859375,1958.4000244140625,1958.699951171875,37853
2025-10-15 06:50:00+00:00,1959.4000244140625,1960.0,1958.5,1960.0,17172
2025-10-15 06:55:00+00:00,1960.5,1961.5,1959.0,1960.0,42380
2025-10-15 07:00:00+00:00,1960.800048828125,1961.699951171875,1960.199951171875,1960.5,31665
2025-10-15 07:05:00+00:00,1961.699951171875,1961.9000244140625,1960.4000244140625,1960.800048828125,18088
2025-10-15 07:10:00+00:00,1962.5999755859375,1962.699951171875,1961.199951171875,1961.800048828125,19443
2025-10-15 07:15:00+00:00,1961.699951171875,1962.5,1961.0,1962.5,34100
2025-10-15 07:20:00+00:00,1964.5999755859375,1964.5999755859375,1961.800048828125,1961.9000244140625,32871
2025-10-15 07:25:00+00:00,1964.9000244140625,1965.0,1962.9000244140625,1964.5,20817
2025-10-15 07:30:00+00:00,1964.0999755859375,1964.9000244140625,1963.0,1964.9000244140625,31778
2025-10-15 07:35:00+00:00,1964.199951171875,1965.0,1963.5,1964.0999755859375,19915
2025-10-15 07:40:00+00:00,1965.4000244140625,1966.0,1963.300048828125,1964.199951171875,67073
2025-10-15 07:45:00+00:00,1967.5,1969.0,1965.199951171875,1965.300048828125,63453
2025-10-15 07:50:00+00:00,1970.800048828125,1972.199951171875,1967.300048828125,1967.699951171875,55216
2025-10-15 07:55:00+00:00,1971.9000244140625,1973.9000244140625,1969.0999755859375,1969.800048828125,82260
2025-10-15 08:00:00+00:00,1971.5999755859375,1972.300048828125,1970.0999755859375,1971.800048828125,28863
2025-10-15 08:05:00+00:00,1975.0,1975.0,1971.0999755859375,1971.5999755859375,45625
2025-10-15 08:10:00+00:00,1975.5,1976.0,1974.0999755859375,1974.800048828125,32600
2025-10-15 08:15:00+00:00,1972.4000244140625,1975.699951171875,1972.0,1975.5,45606
2025-10-15 08:20:00+00:00,1971.5999755859375,1973.0,1971.0999755859375,1972.199951171875,31740
2025-10-15 08:25:00+00:00,1970.800048828125,1971.5999755859375,1970.0999755859375,1971.5,25916
2025-10-15 08:30:00+00:00,1970.5999755859375,1971.800048828125,1970.0999755859375,1970.5,24026
2025-10-15 08:35:00+00:00,1972.9000244140625,1973.699951171875,1968.5,1970.5999755859375,75255
2025-10-15 08:40:00+00:00,1974.0,1974.5999755859375,1972.5999755859375,1973.199951171875,30523
2025-10-15 08:45:00+00:00,1974.5,1975.0,1972.300048828125,1974.0,50551
2025-10-15 08:50:00+00:00,1972.800048828125,1974.5,1970.5,1974.5,53909
2025-10-15 08:55:00+00:00,1974.199951171875,1974.199951171875,1972.0,1972.800048828125,20874
2025-10-15 09:00:00+00:00,1972.199951171875,1974.199951171875,1971.199951171875,1974.199951171875,42605
2025-10-15 09:05:00+00:00,1972.699951171875,1973.800048828125,1972.199951171875,1972.300048828125,20864
2025-10-15 09:10:00+00:00,1973.0,1973.9000244140625,1972.0999755859375,1972.699951171875,36259
2025-10-15 09:15:00+00:00,1969.4000244140625,1973.4000244140625,1969.0,1973.0,54114
2025-10-15 09:20:00+00:00,1970.0999755859375,1971.699951171875,1968.4000244140625,1969.5999755859375,65549
2025-10-15 09:25:00+00:00,1970.4000244140625,1971.0999755859375,1969.4000244140625,1970.199951171875,26740
2025-10-15 09:30:00+00:00,1967.800048828125,1970.4000244140625,1967.800048828125,1970.4000244140625,122755
2025-10-15 09:35:00+00:00,1967.5999755859375,1968.5,1966.699951171875,1967.4000244140625,111003
2025-10-15 09:40:00+00:00,1969.9000244140625,1971.199951171875,1966.0999755859375,1967.5,227194
2025-10-15 09:45:00+00:00,1968.9000244140625,1970.0999755859375,1968.5,1969.800048828125,121277
2025-10-15 09:50:00+00:00,1969.300048828125,1969.4000244140625,1968.5999755859375,1968.800048828125,117201
2025-10-15 09:55:00+00:00,1968.5,1970.0,1967.0,1969.4000244140625,145082
2025-10-16 03:45:00+00:00,1975.800048828125,1975.800048828125,1962.0999755859375,1964.0,0
2025-10-16 03:50:00+00:00,1974.0999755859375,1977.800048828125,1973.0999755859375,1975.5,56895
2025-10-16 03:55:00+00:00,1974.300048828125,1977.4000244140625,1972.9000244140625,1974.0,42389
2025-10-16 04:00:00+00:00,1981.5999755859375,1981.800048828125,1974.4000244140625,1974.5,69006
2025-10-16 04:05:00+00:00,1980.0999755859375,1982.0999755859375,1980.0,1981.699951171875,50888
2025-10-16 04:10:00+00:00,1982.800048828125,1982.800048828125,1979.800048828125,1980.0,49032
2025-10-16 04:15:00+00:00,1984.0999755859375,1986.0,1982.800048828125,1983.0,68593
2025-10-16 04:20:00+00:00,1983.4000244140625,1985.0,1982.5999755859375,1984.0999755859375,41972
2025-10-16 04:25:00+00:00,1982.9000244140625,1984.9000244140625,1982.0,1983.4000244140625,32893
2025-10-16 04:30:00+00:00,1984.0,1985.0,1982.9000244140625,1983.0,36910
2025-10-16 04:35:00+00:00,1982.199951171875,1986.0,1981.0,1984.0,64129
2025-10-16 04:40:00+00:00,1981.0,1982.5999755859375,1979.199951171875,1981.699951171875,24102
2025-10-16 04:45:00+00:00,1979.9000244140625,1981.300048828125,1979.199951171875,1981.0999755859375,22848
2025-10-16 04:50:00+00:00,1980.300048828125,1980.5,1979.9000244140625,1979.9000244140625,17665
2025-10-16 04:55:00+00:00,1979.5999755859375,1980.5999755859375,1979.0999755859375,1980.5,15613
2025-10-16 05:00:00+00:00,1978.0,1979.9000244140625,1977.699951171875,1979.699951171875,34565
2025-10-16 05:05:00+00:00,1979.0,1979.0999755859375,1977.300048828125,1978.0999755859375,25900
2025-10-16 05:10:00+00:00,1979.0999755859375,1980.199951171875,1978.9000244140625,1979.0,38742
2025-10-16 05:15:00+00:00,1976.699951171875,1979.4000244140625,1976.5999755859375,1979.4000244140625,40070
2025-10-16 05:20:00+00:00,1975.5999755859375,1977.5999755859375,1975.4000244140625,1977.0999755859375,25820
2025-10-16 05:25:00+00:00,1976.0,1976.0999755859375,1975.0,1975.5999755859375,16114
2025-10-16 05:30:00+00:00,1978.9000244140625,1979.300048828125,1976.0,1976.0,24913
2025-10-16 05:35:00+00:00,1979.0999755859375,1979.4000244140625,1978.199951171875,1978.9000244140625,11147
2025-10-16 05:40:00+00:00,1980.300048828125,1981.0999755859375,1979.0,1979.0,32563
2025-10-16 05:45:00+00:00,1978.0,1980.4000244140625,1978.0,1980.300048828125,19636
2025-10-16 05:50:00+00:00,1976.300048828125,1978.0999755859375,1976.199951171875,1978.0,12627
2025-10-16 05:55:00+00:00,1974.5,1976.5,1974.0999755859375,1976.300048828125,173978
2025-10-16 06:00:00+00:00,1972.5999755859375,1975.199951171875,1971.5,1973.9000244140625,67605
2025-10-16 06:05:00+00:00,1972.4000244140625,1973.300048828125,1972.0999755859375,1973.0999755859375,15133
2025-10-16 06:10:00+00:00,1972.0999755859375,1972.699951171875,1971.0,1972.4000244140625,26456
2025-10-16 06:15:00+00:00,1970.5999755859375,1972.300048828125,1970.199951171875,1972.199951171875,14179
2025-10-16 06:20:00+00:00,1969.5,1970.5999755859375,1969.5,1970.5999755859375,19248
2025-10-16 06:25:00+00:00,1968.199951171875,1969.300048828125,1967.699951171875,1969.199951171875,35438
2025-10-16 06:30:00+00:00,1972.5,1974.300048828125,1968.199951171875,1968.199951171875,37279
2025-10-16 06:35:00+00:00,1971.300048828125,1972.5999755859375,1970.5999755859375,1972.5,28436
2025-10-16 06:40:00+00:00,1974.699951171875,1974.9000244140625,1971.0,1971.300048828125,19456
2025-10-16 06:45:00+00:00,1972.800048828125,1975.300048828125,1972.699951171875,1975.0,31449
2025-10-16 06:50:00+00:00,1973.0,1973.9000244140625,1971.199951171875,1972.800048828125,24873
2025-10-16 06:55:00+00:00,1974.5,1975.0999755859375,1973.0,1973.0999755859375,16075
2025-10-16 07:00:00+00:00,1975.5,1975.5,1974.5,1974.699951171875,17361
2025-10-16 07:05:00+00:00,1974.0,1976.0,1973.0999755859375,1975.5,22110
2025-10-16 07:10:00+00:00,1972.699951171875,1975.0,1972.699951171875,1974.0999755859375,21116
2025-10-16 07:15:00+00:00,1973.0999755859375,1974.199951171875,1972.199951171875,1972.699951171875,28881
2025-10-16 07:20:00+00:00,1974.0999755859375,1974.9000244140625,1972.300048828125,1973.199951171875,31439
2025-10-16 07:25:00+00:00,1974.0999755859375,1974.9000244140625,1973.300048828125,1974.199951171875,36471
2025-10-16 07:30:00+00:00,1975.5,1976.0999755859375,1972.5,1974.0999755859375,49603
2025-10-16 07:35:00+00:00,1975.5,1976.0999755859375,1974.300048828125,1975.5,28491
2025-10-16 07:40:00+00:00,1976.699951171875,1976.800048828125,1975.199951171875,1975.4000244140625,40527
2025-10-16 07:45:00+00:00,1974.0999755859375,1976.800048828125,1972.699951171875,1976.800048828125,54540
2025-10-16 07:50:00+00:00,1974.199951171875,1976.199951171875,1972.800048828125,1973.800048828125,56979
2025-10-16 07:55:00+00:00,1973.800048828125,1974.300048828125,1973.0,1974.300048828125,20886
2025-10-16 08:00:00+00:00,1977.0999755859375,1977.5,1973.4000244140625,1974.0,24408
2025-10-16 08:05:00+00:00,1976.800048828125,1977.300048828125,1975.800048828125,1977.0,69819
2025-10-16 08:10:00+00:00,1977.300048828125,1977.699951171875,1975.5,1976.9000244140625,33363
2025-10-16 08:15:00+00:00,1978.0999755859375,1978.199951171875,1976.5,1977.199951171875,16688
2025-10-16 08:20:00+00:00,1975.4000244140625,1978.0,1975.0,1977.5999755859375,45135
2025-10-16 08:25:00+00:00,1975.9000244140625,1977.800048828125,1975.0,1975.0999755859375,26068
2025-10-16 08:30:00+00:00,1978.5,1979.4000244140625,1975.800048828125,1975.800048828125,54634
2025-10-16 08:35:00+00:00,1979.9000244140625,1980.0,1976.0999755859375,1979.4000244140625,39378
2025-10-16 08:40:00+00:00,1977.5999755859375,1979.9000244140625,1977.5,1979.0,58230
2025-10-16 08:45:00+00:00,1976.699951171875,1978.9000244140625,1976.5,1977.5999755859375,24942
2025-10-16 08:50:00+00:00,1976.9000244140625,1978.0,1976.4000244140625,1976.699951171875,41157
2025-10-16 08:55:00+00:00,1973.0999755859375,1977.0999755859375,1973.0999755859375,1976.800048828125,73969
2025-10-16 09:00:00+00:00,1973.199951171875,1975.300048828125,1972.699951171875,1973.199951171875,80864
2025-10-16 09:05:00+00:00,1974.4000244140625,1976.0,1972.0,1973.4000244140625,87469
2025-10-16 09:10:00+00:00,1973.5,1974.9000244140625,1972.4000244140625,1974.199951171875,61216
2025-10-16 09:15:00+00:00,1969.800048828125,1976.5,1968.5999755859375,1973.800048828125,95374
2025-10-16 09:20:00+00:00,1967.4000244140625,1970.0,1966.800048828125,1969.5,88567
2025-10-16 09:25:00+00:00,1968.199951171875,1968.9000244140625,1964.4000244140625,1967.5999755859375,78282
2025-10-16 09:30:00+00:00,1971.199951171875,1971.5,1967.4000244140625,1968.300048828125,118766
2025-10-16 09:35:00+00:00,1966.300048828125,1971.5999755859375,1966.0999755859375,1971.4000244140625,138646
2025-10-16 09:40:00+00:00,1965.699951171875,1966.9000244140625,1965.0,1966.300048828125,115853
2025-10-16 09:45:00+00:00,1965.699951171875,1968.0999755859375,1965.699951171875,1965.699951171875,121787
2025-10-16 09:50:00+00:00,1967.9000244140625,1968.4000244140625,1965.5999755859375,1965.5999755859375,91022
2025-10-16 09:55:00+00:00,1967.4000244140625,1970.300048828125,1966.300048828125,1967.9000244140625,113516
2025-10-17 03:45:00+00:00,1977.5,1977.5,1970.300048828125,1973.5999755859375,0
2025-10-17 03:50:00+00:00,1979.800048828125,1981.0,1975.5999755859375,1977.699951171875,80188
2025-10-17 03:55:00+00:00,1982.0,1982.0,1979.0,1979.5999755859375,44188
2025-10-17 04:00:00+00:00,1981.4000244140625,1983.0,1980.0999755859375,1982.0,30740
2025-10-17 04:05:00+00:00,1982.9000244140625,1984.5,1980.5,1981.4000244140625,106808
2025-10-17 04:10:00+00:00,1983.5,1984.800048828125,1980.199951171875,1983.0,111670
2025-10-17 04:15:00+00:00,1986.5,1986.800048828125,1982.5999755859375,1984.0,115152
2025-10-17 04:20:00+00:00,1990.0,1990.0,1985.4000244140625,1986.4000244140625,111986
2025-10-17 04:25:00+00:00,1987.5,1992.300048828125,1987.5,1990.0,89256
2025-10-17 04:30:00+00:00,1986.0,1990.800048828125,1984.699951171875,1988.0,100043
2025-10-17 04:35:00+00:00,1992.5999755859375,1993.0,1985.9000244140625,1985.9000244140625,65442
2025-10-17 04:40:00+00:00,1993.4000244140625,1996.199951171875,1992.300048828125,1992.5999755859375,119833
2025-10-17 04:45:00+00:00,1995.0,1996.0,1992.5999755859375,1993.5,46287
2025-10-17 04:50:00+00:00,1994.199951171875,1996.0999755859375,1993.800048828125,1995.0,26251
2025-10-17 04:55:00+00:00,1995.0999755859375,1995.699951171875,1993.800048828125,1994.199951171875,36088
2025-10-17 05:00:00+00:00,1997.300048828125,1997.300048828125,1995.0,1995.699951171875,45043
2025-10-17 05:05:00+00:00,2002.4000244140625,2002.4000244140625,1997.0,1997.9000244140625,127539
2025-10-17 05:10:00+00:00,1999.5,2002.4000244140625,1998.4000244140625,2002.0,95670
2025-10-17 05:15:00+00:00,1999.4000244140625,2000.4000244140625,1998.4000244140625,1999.800048828125,45660
2025-10-17 05:20:00+00:00,2001.800048828125,2002.0,1998.199951171875,1999.0999755859375,50442
2025-10-17 05:25:00+00:00,2004.0,2004.5,2001.4000244140625,2001.800048828125,66038
2025-10-17 05:30:00+00:00,2011.5,2011.5999755859375,2003.699951171875,2004.0,241892
2025-10-17 05:35:00+00:00,2016.199951171875,2016.300048828125,2010.0,2011.9000244140625,166545
2025-10-17 05:40:00+00:00,2017.5,2019.5,2015.699951171875,2015.699951171875,94047
2025-10-17 05:45:00+00:00,2033.699951171875,2033.800048828125,2017.5,2017.5,257031
2025-10-17 05:50:00+00:00,2023.5999755859375,2034.0,2022.0999755859375,2033.5999755859375,121538
2025-10-17 05:55:00+00:00,2026.0,2028.199951171875,2020.699951171875,2023.5999755859375,89039
2025-10-17 06:00:00+00:00,2027.300048828125,2027.9000244140625,2021.300048828125,2026.199951171875,58640
2025-10-17 06:05:00+00:00,2029.0999755859375,2030.699951171875,2027.300048828125,2027.699951171875,100710
2025-10-17 06:10:00+00:00,2028.5999755859375,2031.5,2026.199951171875,2029.0999755859375,52788
2025-10-17 06:15:00+00:00,2030.5,2031.4000244140625,2026.800048828125,2028.5,38890
2025-10-17 06:20:00+00:00,2027.0999755859375,2031.0,2023.699951171875,2031.0,94430
2025-10-17 06:25:00+00:00,2025.4000244140625,2028.199951171875,2020.5999755859375,2026.300048828125,134890
2025-10-17 06:30:00+00:00,2024.0,2028.0,2023.199951171875,2025.9000244140625,37153
2025-10-17 06:35:00+00:00,2023.5999755859375,2024.0999755859375,2021.0,2024.0,41005
2025-10-17 06:40:00+00:00,2022.800048828125,2024.0,2021.5,2024.0,31779
2025-10-17 06:45:00+00:00,2026.5999755859375,2026.699951171875,2018.5999755859375,2023.300048828125,102246
2025-10-17 06:50:00+00:00,2028.5,2028.9000244140625,2024.300048828125,2026.800048828125,55948
2025-10-17 06:55:00+00:00,2030.300048828125,2031.0,2027.4000244140625,2028.5999755859375,51126
2025-10-17 07:00:00+00:00,2031.0,2032.5,2029.199951171875,2031.0,42325
2025-10-17 07:05:00+00:00,2031.0999755859375,2032.5999755859375,2030.0,2031.0999755859375,35725
2025-10-17 07:10:00+00:00,2028.0999755859375,2031.199951171875,2027.5999755859375,2031.0999755859375,61183
2025-10-17 07:15:00+00:00,2020.5999755859375,2029.9000244140625,2019.0999755859375,2028.9000244140625,232427
2025-10-17 07:20:00+00:00,2022.5,2023.0,2018.0,2021.199951171875,69098
2025-10-17 07:25:00+00:00,2025.0999755859375,2025.5,2019.5999755859375,2022.800048828125,52943
2025-10-17 07:30:00+00:00,2022.800048828125,2027.5,2021.699951171875,2025.0,170171
2025-10-17 07:35:00+00:00,2023.0,2023.800048828125,2018.699951171875,2022.800048828125,74171
2025-10-17 07:40:00+00:00,2024.0,2025.9000244140625,2021.0999755859375,2023.5999755859375,89695
2025-10-17 07:45:00+00:00,2024.0,2026.5,2022.5999755859375,2024.0,41635
2025-10-17 07:50:00+00:00,2023.5,2026.199951171875,2023.4000244140625,2024.0999755859375,33392
2025-10-17 07:55:00+00:00,2022.9000244140625,2026.5,2022.5,2024.0,76735
2025-10-17 08:00:00+00:00,2023.5,2026.300048828125,2022.800048828125,2023.0,60232
2025-10-17 08:05:00+00:00,2022.699951171875,2023.300048828125,2020.0,2023.0999755859375,69349
2025-10-17 08:10:00+00:00,2027.5,2028.0,2022.699951171875,2022.699951171875,135756
2025-10-17 08:15:00+00:00,2026.5,2029.0,2026.0,2027.4000244140625,50000
2025-10-17 08:20:00+00:00,2026.0,2027.300048828125,2023.0,2026.5999755859375,88569
2025-10-17 08:25:00+00:00,2029.699951171875,2029.699951171875,2024.4000244140625,2025.9000244140625,68254
2025-10-17 08:30:00+00:00,2029.0,2029.9000244140625,2028.0,2029.800048828125,57954
2025-10-17 08:35:00+00:00,2028.300048828125,2029.9000244140625,2027.0,2029.0,62173
2025-10-17 08:40:00+00:00,2027.9000244140625,2029.9000244140625,2027.9000244140625,2028.300048828125,100923
2025-10-17 08:45:00+00:00,2027.4000244140625,2028.5999755859375,2025.5999755859375,2027.5999755859375,93277
2025-10-17 08:50:00+00:00,2023.5999755859375,2028.0,2022.0,2027.9000244140625,188038
2025-10-17 08:55:00+00:00,2021.0,2026.0,2021.0,2023.699951171875,87195
2025-10-17 09:00:00+00:00,2021.4000244140625,2022.9000244140625,2020.0999755859375,2021.199951171875,78196
2025-10-17 09:05:00+00:00,2021.800048828125,2024.0,2020.0,2022.0,130721
2025-10-17 09:10:00+00:00,2020.9000244140625,2023.0,2018.9000244140625,2022.699951171875,91753
2025-10-17 09:15:00+00:00,2019.699951171875,2022.800048828125,2019.199951171875,2020.800048828125,103138
2025-10-17 09:20:00+00:00,2019.5,2020.0,2016.199951171875,2019.5999755859375,91591
2025-10-17 09:25:00+00:00,2015.5999755859375,2019.699951171875,2015.0,2019.4000244140625,53217
2025-10-17 09:30:00+00:00,2011.800048828125,2018.199951171875,2011.300048828125,2015.699951171875,129874
2025-10-17 09:35:00+00:00,2012.300048828125,2015.0,2011.9000244140625,2012.0,123457
2025-10-17 09:40:00+00:00,2012.800048828125,2013.5999755859375,2011.699951171875,2012.4000244140625,104720
2025-10-17 09:45:00+00:00,2010.0999755859375,2013.0,2009.5999755859375,2012.800048828125,140548
2025-10-17 09:50:00+00:00,2010.0,2012.0,2009.0,2010.0,132080
2025-10-17 09:55:00+00:00,2012.0,2013.0,2007.0,2009.5999755859375,100547
2025-10-20 03:45:00+00:00,2036.5,2041.800048828125,2025.0999755859375,2028.0,0
2025-10-20 03:50:00+00:00,2034.5999755859375,2043.0,2034.5999755859375,2037.4000244140625,295019
2025-10-20 03:55:00+00:00,2032.4000244140625,2035.199951171875,2028.199951171875,2034.800048828125,130376
2025-10-20 04:00:00+00:00,2033.5999755859375,2035.300048828125,2031.0,2032.5,106813
2025-10-20 04:05:00+00:00,2024.300048828125,2033.800048828125,2023.199951171875,2033.5999755859375,116291
2025-10-20 04:10:00+00:00,2022.0,2026.4000244140625,2019.9000244140625,2024.300048828125,247069
2025-10-20 04:15:00+00:00,2023.5999755859375,2024.9000244140625,2020.0,2022.0,134508
2025-10-20 04:20:00+00:00,2024.300048828125,2024.9000244140625,2021.0999755859375,2023.9000244140625,46910
2025-10-20 04:25:00+00:00,2022.199951171875,2024.300048828125,2020.300048828125,2024.199951171875,63155
2025-10-20 04:30:00+00:00,2025.5,2025.9000244140625,2020.5999755859375,2021.699951171875,32383
2025-10-20 04:35:00+00:00,2029.0,2029.300048828125,2025.0,2025.4000244140625,41384
2025-10-20 04:40:00+00:00,2030.0999755859375,2032.199951171875,2028.699951171875,2029.0,74211
2025-10-20 04:45:00+00:00,2031.5,2032.0,2028.699951171875,2030.0,85347
2025-10-20 04:50:00+00:00,2032.5,2032.800048828125,2030.0999755859375,2031.300048828125,59663
2025-10-20 04:55:00+00:00,2031.5999755859375,2033.0999755859375,2031.0,2033.0,71384
2025-10-20 05:00:00+00:00,2035.0,2035.4000244140625,2031.0,2031.5999755859375,93547
2025-10-20 05:05:00+00:00,2037.199951171875,2037.5999755859375,2035.0,2035.199951171875,40819
2025-10-20 05:10:00+00:00,2037.699951171875,2039.5,2036.699951171875,2036.699951171875,67528
2025-10-20 05:15:00+00:00,2039.0,2040.9000244140625,2037.5,2037.699951171875,86726
2025-10-20 05:20:00+00:00,2040.199951171875,2040.800048828125,2038.199951171875,2039.199951171875,42130
2025-10-20 05:25:00+00:00,2041.699951171875,2042.0,2039.699951171875,2040.199951171875,62010
2025-10-20 05:30:00+00:00,2042.0999755859375,2044.5,2041.300048828125,2041.699951171875,68139
2025-10-20 05:35:00+00:00,2042.0,2042.5,2040.199951171875,2042.300048828125,59762
2025-10-20 05:40:00+00:00,2043.0,2043.699951171875,2041.4000244140625,2042.0999755859375,37094
2025-10-20 05:45:00+00:00,2039.0999755859375,2044.0999755859375,2038.0999755859375,2043.5999755859375,95789
2025-10-20 05:50:00+00:00,2039.5999755859375,2040.300048828125,2038.0,2038.5,32106
2025-10-20 05:55:00+00:00,2041.9000244140625,2041.9000244140625,2039.0999755859375,2039.300048828125,27987
2025-10-20 06:00:00+00:00,2042.300048828125,2043.5,2041.800048828125,2042.0999755859375,64506
2025-10-20 06:05:00+00:00,2043.0,2043.199951171875,2042.199951171875,2042.300048828125,72750
2025-10-20 06:10:00+00:00,2041.0,2043.9000244140625,2039.5,2043.199951171875,171139
2025-10-20 06:15:00+00:00,2041.199951171875,2042.0,2039.5,2040.0999755859375,40788
2025-10-20 06:20:00+00:00,2042.699951171875,2043.300048828125,2041.5,2041.699951171875,47931
2025-10-20 06:25:00+00:00,2045.5999755859375,2048.60009765625,2042.5,2042.5999755859375,125236
2025-10-20 06:30:00+00:00,2045.9000244140625,2046.800048828125,2045.0,2045.4000244140625,42438
2025-10-20 06:35:00+00:00,2048.39990234375,2049.0,2046.199951171875,2046.5999755859375,38489
2025-10-20 06:40:00+00:00,2052.60009765625,2052.800048828125,2048.5,2048.5,107114
2025-10-20 06:45:00+00:00,2053.89990234375,2054.800048828125,2052.199951171875,2052.699951171875,108368
2025-10-20 06:50:00+00:00,2051.10009765625,2055.39990234375,2051.0,2054.0,126001
2025-10-20 06:55:00+00:00,2047.199951171875,2052.199951171875,2046.800048828125,2051.0,111991
2025-10-20 07:00:00+00:00,2050.800048828125,2051.0,2046.0,2047.199951171875,112969
2025-10-20 07:05:00+00:00,2051.60009765625,2051.89990234375,2050.10009765625,2051.0,41617
2025-10-20 07:10:00+00:00,2051.89990234375,2052.5,2050.800048828125,2052.300048828125,29188
2025-10-20 07:15:00+00:00,2053.10009765625,2053.10009765625,2051.0,2051.89990234375,47496
2025-10-20 07:20:00+00:00,2052.800048828125,2054.89990234375,2052.0,2053.0,71548
2025-10-20 07:25:00+00:00,2053.10009765625,2056.89990234375,2052.800048828125,2052.89990234375,60157
2025-10-20 07:30:00+00:00,2054.89990234375,2054.89990234375,2050.199951171875,2053.300048828125,72182
2025-10-20 07:35:00+00:00,2047.9000244140625,2055.0,2047.9000244140625,2054.199951171875,125318
2025-10-20 07:40:00+00:00,2049.89990234375,2051.39990234375,2048.0,2048.300048828125,71000
2025-10-20 07:45:00+00:00,2048.39990234375,2050.5,2047.0,2050.0,88750
2025-10-20 07:50:00+00:00,2054.0,2054.39990234375,2048.60009765625,2048.89990234375,124635
2025-10-20 07:55:00+00:00,2048.300048828125,2054.800048828125,2047.5,2053.800048828125,103509
2025-10-20 08:00:00+00:00,2050.10009765625,2051.199951171875,2048.10009765625,2048.199951171875,76005
2025-10-20 08:05:00+00:00,2051.5,2052.5,2050.0,2050.0,59526
2025-10-20 08:10:00+00:00,2046.699951171875,2052.300048828125,2046.0,2051.199951171875,86964
2025-10-20 08:15:00+00:00,2043.5,2047.199951171875,2042.5,2047.0999755859375,98180
2025-10-20 08:20:00+00:00,2045.5999755859375,2046.5,2042.0,2043.5,92234
2025-10-20 08:25:00+00:00,2044.5,2047.0,2044.300048828125,2045.5,40151
2025-10-20 08:30:00+00:00,2046.0,2046.4000244140625,2043.300048828125,2044.800048828125,59280
2025-10-20 08:35:00+00:00,2047.0999755859375,2048.199951171875,2045.4000244140625,2046.5,53829
2025-10-20 08:40:00+00:00,2047.800048828125,2048.89990234375,2046.199951171875,2047.5,88451
2025-10-20 08:45:00+00:00,2046.800048828125,2049.199951171875,2046.699951171875,2048.0,122617
2025-10-20 08:50:00+00:00,2046.0999755859375,2048.300048828125,2046.0999755859375,2046.800048828125,101395
2025-10-20 08:55:00+00:00,2046.9000244140625,2049.300048828125,2046.0,2046.0999755859375,105835
2025-10-20 09:00:00+00:00,2043.5999755859375,2047.300048828125,2042.9000244140625,2046.800048828125,128307
2025-10-20 09:05:00+00:00,2044.800048828125,2046.699951171875,2042.0999755859375,2043.5999755859375,80208
2025-10-20 09:10:00+00:00,2045.0999755859375,2046.699951171875,2044.300048828125,2044.800048828125,35923
2025-10-20 09:15:00+00:00,2047.0,2047.4000244140625,2043.800048828125,2045.199951171875,79039
2025-10-20 09:20:00+00:00,2045.9000244140625,2047.300048828125,2045.0,2047.300048828125,57331
2025-10-20 09:25:00+00:00,2046.0999755859375,2047.5999755859375,2045.300048828125,2045.5,69571
2025-10-20 09:30:00+00:00,2049.60009765625,2050.39990234375,2046.199951171875,2046.199951171875,205371
2025-10-20 09:35:00+00:00,2053.60009765625,2054.0,2050.10009765625,2050.10009765625,227012
2025-10-20 09:40:00+00:00,2051.89990234375,2054.5,2051.699951171875,2053.39990234375,230921
2025-10-20 09:45:00+00:00,2050.0,2053.0,2050.0,2052.0,188865
2025-10-20 09:50:00+00:00,2051.300048828125,2053.10009765625,2049.39990234375,2050.199951171875,195790
2025-10-20 09:55:00+00:00,2047.0,2051.699951171875,2047.0,2051.300048828125,100489
2025-10-21 08:05:00+00:00,2051.800048828125,2051.800048828125,2051.800048828125,2051.800048828125,0
2025-10-21 08:15:00+00:00,2049.5,2057.10009765625,2045.300048828125,2050.699951171875,57123
2025-10-21 08:20:00+00:00,2048.199951171875,2051.0,2043.4000244140625,2048.5,21519
2025-10-21 08:25:00+00:00,2043.0999755859375,2049.5,2043.0,2048.10009765625,17040
2025-10-21 08:30:00+00:00,2041.0,2043.699951171875,2038.699951171875,2043.699951171875,25014
2025-10-21 08:35:00+00:00,2041.300048828125,2041.4000244140625,2040.0,2040.699951171875,11463
2025-10-21 08:40:00+00:00,2041.5999755859375,2042.300048828125,2040.199951171875,2041.300048828125,11807
2025-10-21 08:45:00+00:00,2043.800048828125,2046.4000244140625,2041.5,2041.5999755859375,27228
2025-10-21 08:50:00+00:00,2044.0,2045.4000244140625,2042.199951171875,2044.5,15513
2025-10-21 08:55:00+00:00,2043.0,2045.0,2041.300048828125,2044.0,9682
2025-10-21 09:00:00+00:00,2044.199951171875,2044.9000244140625,2041.4000244140625,2043.0,16192
2025-10-21 09:05:00+00:00,2044.800048828125,2045.0,2041.300048828125,2044.0,15894
2025-10-21 09:10:00+00:00,2044.0,2045.0,2041.5999755859375,2043.300048828125,6313
2025-10-21 09:15:00+00:00,2043.5,2043.5,2041.5999755859375,2041.5999755859375,194
2025-10-23 03:45:00+00:00,2043.9000244140625,2058.39990234375,2040.0,2058.39990234375,679682
2025-10-23 03:50:00+00:00,2051.300048828125,2051.5,2039.300048828125,2043.9000244140625,191797
2025-10-23 03:55:00+00:00,2049.60009765625,2053.5,2045.800048828125,2050.5,131336
2025-10-23 04:00:00+00:00,2052.5,2052.5,2046.5,2049.300048828125,117492
2025-10-23 04:05:00+00:00,2050.39990234375,2056.0,2050.300048828125,2052.199951171875,103806
2025-10-23 04:10:00+00:00,2046.699951171875,2050.300048828125,2046.0999755859375,2050.300048828125,74843
2025-10-23 04:15:00+00:00,2045.199951171875,2046.800048828125,2044.0999755859375,2046.800048828125,59566
2025-10-23 04:20:00+00:00,2044.5,2045.699951171875,2044.300048828125,2045.300048828125,49240
2025-10-23 04:25:00+00:00,2042.199951171875,2044.5,2042.0,2044.4000244140625,51166
2025-10-23 04:30:00+00:00,2046.800048828125,2047.9000244140625,2042.0999755859375,2042.0999755859375,83656
2025-10-23 04:35:00+00:00,2048.60009765625,2049.0,2045.300048828125,2046.300048828125,56196
2025-10-23 04:40:00+00:00,2049.89990234375,2050.199951171875,2047.800048828125,2048.89990234375,51281
2025-10-23 04:45:00+00:00,2047.4000244140625,2049.89990234375,2045.9000244140625,2049.89990234375,53753
2025-10-23 04:50:00+00:00,2043.300048828125,2048.199951171875,2043.0,2047.4000244140625,49899
2025-10-23 04:55:00+00:00,2042.5,2044.5,2042.199951171875,2044.0999755859375,66560
2025-10-23 05:00:00+00:00,2040.9000244140625,2042.5,2038.300048828125,2042.5,93145
2025-10-23 05:05:00+00:00,2038.4000244140625,2040.9000244140625,2037.0999755859375,2040.9000244140625,82759
2025-10-23 05:10:00+00:00,2035.9000244140625,2038.5,2035.300048828125,2038.4000244140625,58587
2025-10-23 05:15:00+00:00,2034.0999755859375,2035.9000244140625,2032.5999755859375,2035.9000244140625,64122
2025-10-23 05:20:00+00:00,2034.199951171875,2035.0,2032.199951171875,2034.199951171875,72871
2025-10-23 05:25:00+00:00,2031.800048828125,2034.300048828125,2031.0,2034.300048828125,62216
2025-10-23 05:30:00+00:00,2025.0,2033.0,2025.0,2032.5999755859375,129016
2025-10-23 05:35:00+00:00,2018.699951171875,2024.699951171875,2018.0,2024.5,82414
2025-10-23 05:40:00+00:00,2017.5999755859375,2019.800048828125,2016.699951171875,2018.5999755859375,45531
2025-10-23 05:45:00+00:00,2015.800048828125,2018.300048828125,2014.5,2017.5999755859375,76912
2025-10-23 05:50:00+00:00,2014.5999755859375,2016.0,2012.0,2016.0,67132
2025-10-23 05:55:00+00:00,2011.5999755859375,2015.800048828125,2011.5,2014.5999755859375,59823
2025-10-23 06:00:00+00:00,2015.300048828125,2016.300048828125,2011.699951171875,2011.800048828125,60549
2025-10-23 06:05:00+00:00,2012.9000244140625,2015.9000244140625,2012.0,2015.9000244140625,75277
2025-10-23 06:10:00+00:00,2013.300048828125,2016.699951171875,2011.4000244140625,2012.9000244140625,108033
2025-10-23 06:15:00+00:00,2012.800048828125,2013.300048828125,2011.0,2013.199951171875,78529
2025-10-23 06:20:00+00:00,2013.5999755859375,2015.0,2009.699951171875,2012.9000244140625,98116
2025-10-23 06:25:00+00:00,2014.0,2014.699951171875,2010.5999755859375,2013.800048828125,71495
2025-10-23 06:30:00+00:00,2012.300048828125,2014.4000244140625,2011.300048828125,2014.4000244140625,74780
2025-10-23 06:35:00+00:00,2015.0999755859375,2016.0,2011.0999755859375,2012.0999755859375,70896
2025-10-23 06:40:00+00:00,2016.4000244140625,2018.5,2014.4000244140625,2015.199951171875,51440
2025-10-23 06:45:00+00:00,2014.0999755859375,2017.199951171875,2014.0999755859375,2016.0,39215
2025-10-23 06:50:00+00:00,2017.300048828125,2018.0,2013.0,2014.4000244140625,79010
2025-10-23 06:55:00+00:00,2018.0,2018.9000244140625,2015.0,2017.4000244140625,61157
2025-10-23 07:00:00+00:00,2019.5999755859375,2020.0,2017.5999755859375,2018.0,66578
2025-10-23 07:05:00+00:00,2023.199951171875,2023.300048828125,2019.199951171875,2019.5999755859375,68580
2025-10-23 07:10:00+00:00,2025.5999755859375,2026.300048828125,2021.0999755859375,2022.9000244140625,117377
2025-10-23 07:15:00+00:00,2020.199951171875,2026.5999755859375,2020.0,2025.0999755859375,126280
2025-10-23 07:20:00+00:00,2021.699951171875,2024.0,2019.4000244140625,2020.199951171875,71472
2025-10-23 07:25:00+00:00,2020.0999755859375,2022.699951171875,2019.5999755859375,2021.699951171875,42390
2025-10-23 07:30:00+00:00,2017.199951171875,2021.0999755859375,2017.199951171875,2020.0,59605
2025-10-23 07:35:00+00:00,2016.800048828125,2018.9000244140625,2015.699951171875,2017.4000244140625,90214
2025-10-23 07:40:00+00:00,2017.5,2018.5999755859375,2014.9000244140625,2016.699951171875,148473
2025-10-23 07:45:00+00:00,2019.0999755859375,2020.0,2015.699951171875,2017.5,104049
2025-10-23 07:50:00+00:00,2015.4000244140625,2019.4000244140625,2015.0,2019.0999755859375,104713
2025-10-23 07:55:00+00:00,2016.699951171875,2018.800048828125,2015.0,2015.199951171875,61207
2025-10-23 08:00:00+00:00,2014.5999755859375,2016.9000244140625,2013.0,2016.5,86658
2025-10-23 08:05:00+00:00,2015.5,2017.0999755859375,2013.0,2014.5,116689
2025-10-23 08:10:00+00:00,2016.199951171875,2018.5999755859375,2014.9000244140625,2015.5,63086
2025-10-23 08:15:00+00:00,2015.9000244140625,2017.0,2015.5,2016.300048828125,44515
2025-10-23 08:20:00+00:00,2016.4000244140625,2016.9000244140625,2015.4000244140625,2015.5999755859375,53757
2025-10-23 08:25:00+00:00,2016.5999755859375,2018.4000244140625,2016.0,2016.4000244140625,48154
2025-10-23 08:30:00+00:00,2017.800048828125,2018.9000244140625,2016.0999755859375,2016.199951171875,55974
2025-10-23 08:35:00+00:00,2016.4000244140625,2018.0,2015.0999755859375,2018.0,67970
2025-10-23 08:40:00+00:00,2015.800048828125,2016.5999755859375,2015.0,2016.300048828125,102147
2025-10-23 08:45:00+00:00,2015.9000244140625,2017.5,2015.0,2015.199951171875,140421
2025-10-23 08:50:00+00:00,2016.300048828125,2018.0,2015.0,2015.800048828125,78914
2025-10-23 08:55:00+00:00,2015.5999755859375,2017.199951171875,2015.0999755859375,2016.5999755859375,149802
2025-10-23 09:00:00+00:00,2015.199951171875,2016.5,2014.9000244140625,2016.0,105762
2025-10-23 09:05:00+00:00,2017.0,2018.0,2013.300048828125,2015.300048828125,176323
2025-10-23 09:10:00+00:00,2020.199951171875,2022.300048828125,2016.4000244140625,2017.0,169204
2025-10-23 09:15:00+00:00,2019.199951171875,2020.9000244140625,2017.9000244140625,2020.300048828125,106286
2025-10-23 09:20:00+00:00,2018.0,2020.0,2017.300048828125,2019.5999755859375,153638
2025-10-23 09:25:00+00:00,2016.699951171875,2018.9000244140625,2015.300048828125,2018.300048828125,177325
2025-10-23 09:30:00+00:00,2011.5,2016.9000244140625,2010.5999755859375,2016.9000244140625,401224
2025-10-23 09:35:00+00:00,2008.0999755859375,2012.0999755859375,2007.5999755859375,2011.4000244140625,335098
2025-10-23 09:40:00+00:00,2004.5999755859375,2009.0,2004.5999755859375,2008.4000244140625,321635
2025-10-23 09:45:00+00:00,2006.5999755859375,2006.5999755859375,2003.699951171875,2004.5999755859375,389616
2025-10-23 09:50:00+00:00,2005.5,2006.699951171875,2004.5,2006.5,324454
2025-10-23 09:55:00+00:00,2009.9000244140625,2009.9000244140625,2004.800048828125,2005.5,235787
2025-10-24 03:45:00+00:00,2010.800048828125,2014.5999755859375,2006.9000244140625,2012.0,0
2025-10-24 03:50:00+00:00,2019.0,2019.0,2010.699951171875,2010.800048828125,174181
2025-10-24 03:55:00+00:00,2022.0,2023.800048828125,2017.5,2019.0,40504
2025-10-24 04:00:00+00:00,2019.0,2022.4000244140625,2018.5,2022.0,39323
2025-10-24 04:05:00+00:00,2024.5999755859375,2024.9000244140625,2015.4000244140625,2019.0,33380
2025-10-24 04:10:00+00:00,2022.699951171875,2024.800048828125,2018.5999755859375,2024.5,18532
2025-10-24 04:15:00+00:00,2018.5,2023.0,2018.0,2022.699951171875,12159
2025-10-24 04:20:00+00:00,2016.5,2018.5999755859375,2015.0,2018.5,23958
2025-10-24 04:25:00+00:00,2020.0,2021.9000244140625,2016.4000244140625,2016.5,39933
2025-10-24 04:30:00+00:00,2021.0,2022.4000244140625,2017.800048828125,2019.800048828125,14556
2025-10-24 04:35:00+00:00,2022.5,2023.4000244140625,2020.0,2021.0,9899
2025-10-24 04:40:00+00:00,2020.5999755859375,2023.800048828125,2020.4000244140625,2022.5,28079
2025-10-24 04:45:00+00:00,2017.0,2022.5999755859375,2017.0,2021.300048828125,67113
2025-10-24 04:50:00+00:00,2016.9000244140625,2020.4000244140625,2016.199951171875,2017.300048828125,35422
2025-10-24 04:55:00+00:00,2017.5999755859375,2018.5,2016.300048828125,2016.800048828125,27562
2025-10-24 05:00:00+00:00,2019.699951171875,2020.0,2016.199951171875,2017.5999755859375,20705
2025-10-24 05:05:00+00:00,2020.4000244140625,2022.800048828125,2019.300048828125,2019.699951171875,19031
2025-10-24 05:10:00+00:00,2022.0,2022.0,2019.0999755859375,2020.0,15914
2025-10-24 05:15:00+00:00,2020.5999755859375,2021.9000244140625,2020.4000244140625,2021.800048828125,14712
2025-10-24 05:20:00+00:00,2020.9000244140625,2022.199951171875,2019.5999755859375,2020.5999755859375,15718
2025-10-24 05:25:00+00:00,2020.5,2021.4000244140625,2019.5999755859375,2020.699951171875,19060
2025-10-24 05:30:00+00:00,2017.800048828125,2020.9000244140625,2016.4000244140625,2020.300048828125,26831
2025-10-24 05:35:00+00:00,2016.9000244140625,2020.800048828125,2016.199951171875,2017.300048828125,53302
2025-10-24 05:40:00+00:00,2019.5,2019.5,2014.300048828125,2017.199951171875,97055
2025-10-24 05:45:00+00:00,2020.0999755859375,2020.0999755859375,2017.0999755859375,2019.4000244140625,36311
2025-10-24 05:50:00+00:00,2024.4000244140625,2024.5,2020.0,2020.0,48265
2025-10-24 05:55:00+00:00,2021.0,2024.4000244140625,2020.5,2024.4000244140625,64862
2025-10-24 06:00:00+00:00,2025.4000244140625,2025.9000244140625,2021.0,2021.0,47151
2025-10-24 06:05:00+00:00,2024.300048828125,2027.0,2022.5999755859375,2025.5,36806
2025-10-24 06:10:00+00:00,2025.800048828125,2026.0,2024.0999755859375,2024.0999755859375,11528
2025-10-24 06:15:00+00:00,2028.199951171875,2029.199951171875,2025.199951171875,2025.199951171875,20640
2025-10-24 06:20:00+00:00,2029.0999755859375,2030.0,2028.199951171875,2028.199951171875,18684
2025-10-24 06:25:00+00:00,2025.5999755859375,2030.0,2025.199951171875,2028.5,25464
2025-10-24 06:30:00+00:00,2026.800048828125,2027.300048828125,2024.5,2025.5,30456
2025-10-24 06:35:00+00:00,2030.699951171875,2030.699951171875,2026.5,2026.5,59062
2025-10-24 06:40:00+00:00,2029.5,2030.800048828125,2029.199951171875,2030.800048828125,21639
2025-10-24 06:45:00+00:00,2027.4000244140625,2030.199951171875,2026.699951171875,2029.699951171875,28932
2025-10-24 06:50:00+00:00,2030.5,2030.5,2027.0,2027.0999755859375,24492
2025-10-24 06:55:00+00:00,2028.9000244140625,2030.9000244140625,2028.199951171875,2030.4000244140625,21999
2025-10-24 07:00:00+00:00,2029.699951171875,2029.9000244140625,2028.199951171875,2028.5,17196
2025-10-24 07:05:00+00:00,2031.9000244140625,2031.9000244140625,2029.4000244140625,2029.5999755859375,37083
2025-10-24 07:10:00+00:00,2032.300048828125,2032.9000244140625,2030.0,2032.0,60516
2025-10-24 07:15:00+00:00,2029.4000244140625,2032.699951171875,2028.9000244140625,2032.300048828125,47744
2025-10-24 07:20:00+00:00,2028.199951171875,2030.199951171875,2028.0,2029.5999755859375,37286
2025-10-24 07:25:00+00:00,2028.0,2029.0,2027.199951171875,2028.199951171875,46812
2025-10-24 07:30:00+00:00,2029.9000244140625,2030.699951171875,2028.0,2028.199951171875,33409
2025-10-24 07:35:00+00:00,2028.0999755859375,2030.0,2026.4000244140625,2029.9000244140625,44532
2025-10-24 07:40:00+00:00,2029.0,2029.0,2028.0,2028.0999755859375,18874
2025-10-24 07:45:00+00:00,2026.800048828125,2030.199951171875,2025.300048828125,2029.0999755859375,96016
2025-10-24 07:50:00+00:00,2024.5999755859375,2028.0,2024.199951171875,2026.5999755859375,30212
2025-10-24 07:55:00+00:00,2024.199951171875,2028.300048828125,2024.199951171875,2024.5,19691
2025-10-24 08:00:00+00:00,2025.0,2026.800048828125,2024.0,2024.199951171875,49996
2025-10-24 08:05:00+00:00,2021.9000244140625,2026.199951171875,2021.0,2025.199951171875,51965
2025-10-24 08:10:00+00:00,2021.5,2023.0,2021.0,2021.0999755859375,30053
2025-10-24 08:15:00+00:00,2021.199951171875,2022.4000244140625,2021.0,2021.699951171875,18701
2025-10-24 08:20:00+00:00,2024.699951171875,2024.699951171875,2021.0,2021.300048828125,45926
2025-10-24 08:25:00+00:00,2024.199951171875,2026.4000244140625,2022.699951171875,2024.4000244140625,39920
2025-10-24 08:30:00+00:00,2024.199951171875,2025.4000244140625,2023.9000244140625,2024.300048828125,15510
2025-10-24 08:35:00+00:00,2023.9000244140625,2024.800048828125,2022.0,2024.699951171875,27285
2025-10-24 08:40:00+00:00,2025.199951171875,2027.699951171875,2023.800048828125,2023.9000244140625,46377
2025-10-24 08:45:00+00:00,2027.0,2028.0,2025.5999755859375,2025.800048828125,18753
2025-10-24 08:50:00+00:00,2027.0999755859375,2028.5999755859375,2025.800048828125,2027.0,43193
2025-10-24 08:55:00+00:00,2028.800048828125,2029.0,2026.800048828125,2027.699951171875,29280
2025-10-24 09:00:00+00:00,2026.0999755859375,2029.699951171875,2025.0999755859375,2028.699951171875,49974
2025-10-24 09:05:00+00:00,2027.4000244140625,2029.5999755859375,2026.0,2026.0,38315
2025-10-24 09:10:00+00:00,2027.5,2027.800048828125,2026.199951171875,2027.300048828125,16608
2025-10-24 09:15:00+00:00,2027.0,2028.0,2026.0,2027.0999755859375,15859
2025-10-24 09:20:00+00:00,2027.5,2027.5,2026.0,2027.199951171875,17583
2025-10-24 09:25:00+00:00,2026.9000244140625,2028.0,2026.0999755859375,2027.5,18961
2025-10-24 09:30:00+00:00,2030.0999755859375,2030.5,2025.699951171875,2026.9000244140625,162265
2025-10-24 09:35:00+00:00,2030.0,2032.300048828125,2028.5999755859375,2030.300048828125,125933
2025-10-24 09:40:00+00:00,2029.5999755859375,2030.0,2028.199951171875,2030.0,109236
2025-10-24 09:45:00+00:00,2029.199951171875,2029.5,2028.800048828125,2029.4000244140625,124786
2025-10-24 09:50:00+00:00,2029.199951171875,2029.9000244140625,2029.0999755859375,2029.199951171875,118849
2025-10-24 09:55:00+00:00,2029.300048828125,2031.800048828125,2028.0,2029.300048828125,81970
2025-10-27 03:45:00+00:00,2044.4000244140625,2044.4000244140625,2032.199951171875,2034.5999755859375,0
2025-10-27 03:50:00+00:00,2049.0,2051.300048828125,2042.699951171875,2044.199951171875,115569
2025-10-27 03:55:00+00:00,2051.300048828125,2053.89990234375,2049.10009765625,2049.699951171875,120665
2025-10-27 04:00:00+00:00,2053.199951171875,2053.89990234375,2051.0,2051.10009765625,57078
2025-10-27 04:05:00+00:00,2056.10009765625,2056.60009765625,2050.300048828125,2052.89990234375,69297
2025-10-27 04:10:00+00:00,2060.199951171875,2061.0,2055.60009765625,2056.300048828125,67363
2025-10-27 04:15:00+00:00,2061.300048828125,2062.0,2059.39990234375,2060.199951171875,58023
2025-10-27 04:20:00+00:00,2063.10009765625,2063.199951171875,2061.300048828125,2061.300048828125,42937
2025-10-27 04:25:00+00:00,2066.10009765625,2067.10009765625,2062.60009765625,2063.10009765625,60566
2025-10-27 04:30:00+00:00,2059.800048828125,2066.199951171875,2059.199951171875,2066.0,66178
2025-10-27 04:35:00+00:00,2064.10009765625,2065.0,2059.199951171875,2059.89990234375,40168
2025-10-27 04:40:00+00:00,2065.699951171875,2066.5,2063.800048828125,2064.10009765625,18100
2025-10-27 04:45:00+00:00,2069.300048828125,2069.89990234375,2064.800048828125,2065.300048828125,122722
2025-10-27 04:50:00+00:00,2077.199951171875,2078.199951171875,2069.0,2069.300048828125,100594
2025-10-27 04:55:00+00:00,2076.10009765625,2078.5,2074.89990234375,2077.199951171875,72501
2025-10-27 05:00:00+00:00,2074.89990234375,2076.699951171875,2074.300048828125,2076.5,52189
2025-10-27 05:05:00+00:00,2075.89990234375,2076.5,2072.89990234375,2074.800048828125,58394
2025-10-27 05:10:00+00:00,2079.800048828125,2080.0,2074.0,2075.89990234375,96824
2025-10-27 05:15:00+00:00,2076.89990234375,2083.60009765625,2076.89990234375,2079.699951171875,98828
2025-10-27 05:20:00+00:00,2077.300048828125,2080.0,2076.699951171875,2077.300048828125,62982
2025-10-27 05:25:00+00:00,2082.5,2082.5,2077.300048828125,2077.300048828125,45011
2025-10-27 05:30:00+00:00,2089.39990234375,2089.39990234375,2082.39990234375,2082.5,166996
2025-10-27 05:35:00+00:00,2091.10009765625,2091.89990234375,2088.300048828125,2088.300048828125,220091
2025-10-27 05:40:00+00:00,2091.300048828125,2092.5,2089.0,2091.39990234375,337240
2025-10-27 05:45:00+00:00,2089.300048828125,2093.699951171875,2086.39990234375,2091.0,330028
2025-10-27 05:50:00+00:00,2091.60009765625,2092.0,2088.699951171875,2089.39990234375,187414
2025-10-27 05:55:00+00:00,2089.60009765625,2093.0,2085.800048828125,2091.5,308177
2025-10-27 06:00:00+00:00,2083.89990234375,2089.39990234375,2082.300048828125,2089.0,143024
2025-10-27 06:05:00+00:00,2079.0,2083.89990234375,2077.699951171875,2082.800048828125,173634
2025-10-27 06:10:00+00:00,2081.699951171875,2083.10009765625,2077.199951171875,2078.89990234375,67840
2025-10-27 06:15:00+00:00,2081.199951171875,2087.10009765625,2079.699951171875,2081.60009765625,84265
2025-10-27 06:20:00+00:00,2078.60009765625,2082.199951171875,2078.60009765625,2081.199951171875,50913
2025-10-27 06:25:00+00:00,2081.10009765625,2081.89990234375,2077.0,2078.89990234375,53190
2025-10-27 06:30:00+00:00,2087.60009765625,2088.60009765625,2080.800048828125,2081.10009765625,49463
2025-10-27 06:35:00+00:00,2087.5,2091.0,2086.39990234375,2087.5,60750
2025-10-27 06:40:00+00:00,2088.300048828125,2089.699951171875,2086.39990234375,2087.5,43169
2025-10-27 06:45:00+00:00,2090.199951171875,2091.0,2087.0,2088.300048828125,51792
2025-10-27 06:50:00+00:00,2091.10009765625,2091.699951171875,2088.89990234375,2090.0,43666
2025-10-27 06:55:00+00:00,2088.10009765625,2093.800048828125,2087.39990234375,2090.5,46951
2025-10-27 07:00:00+00:00,2089.199951171875,2090.0,2087.0,2088.5,27029
2025-10-27 07:05:00+00:00,2090.60009765625,2091.0,2088.60009765625,2089.199951171875,19010
2025-10-27 07:10:00+00:00,2090.89990234375,2091.0,2090.0,2090.89990234375,16653
2025-10-27 07:15:00+00:00,2080.699951171875,2090.800048828125,2080.699951171875,2090.10009765625,185681
2025-10-27 07:20:00+00:00,2085.39990234375,2085.60009765625,2080.199951171875,2081.0,33832
2025-10-27 07:25:00+00:00,2084.199951171875,2085.89990234375,2084.199951171875,2085.699951171875,24618
2025-10-27 07:30:00+00:00,2084.5,2085.60009765625,2082.699951171875,2084.199951171875,19800
2025-10-27 07:35:00+00:00,2083.5,2085.699951171875,2082.60009765625,2084.5,18433
2025-10-27 07:40:00+00:00,2085.5,2085.699951171875,2082.5,2083.300048828125,21627
2025-10-27 07:45:00+00:00,2083.5,2085.60009765625,2082.0,2085.5,19041
2025-10-27 07:50:00+00:00,2081.199951171875,2083.699951171875,2078.300048828125,2083.0,38873
2025-10-27 07:55:00+00:00,2080.199951171875,2082.0,2080.0,2081.60009765625,27228
2025-10-27 08:00:00+00:00,2077.5,2080.199951171875,2077.0,2080.199951171875,52511
2025-10-27 08:05:00+00:00,2077.300048828125,2078.0,2075.5,2077.39990234375,50334
2025-10-27 08:10:00+00:00,2078.0,2078.0,2077.0,2077.89990234375,23345
2025-10-27 08:15:00+00:00,2077.89990234375,2078.5,2076.5,2077.800048828125,19316
2025-10-27 08:20:00+00:00,2079.89990234375,2079.89990234375,2077.699951171875,2078.199951171875,22439
2025-10-27 08:25:00+00:00,2078.0,2079.800048828125,2077.0,2079.5,22597
2025-10-27 08:30:00+00:00,2077.800048828125,2080.0,2077.60009765625,2078.0,23138
2025-10-27 08:35:00+00:00,2078.199951171875,2079.199951171875,2077.5,2077.699951171875,15908
2025-10-27 08:40:00+00:00,2077.89990234375,2078.39990234375,2076.89990234375,2078.199951171875,30071
2025-10-27 08:45:00+00:00,2082.10009765625,2082.60009765625,2077.800048828125,2078.39990234375,85105
2025-10-27 08:50:00+00:00,2078.5,2082.199951171875,2077.39990234375,2082.0,33888
2025-10-27 08:55:00+00:00,2077.60009765625,2079.199951171875,2077.300048828125,2078.60009765625,30678
2025-10-27 09:00:00+00:00,2078.699951171875,2080.5,2077.800048828125,2077.800048828125,20805
2025-10-27 09:05:00+00:00,2080.300048828125,2082.0,2078.60009765625,2078.699951171875,28605
2025-10-27 09:10:00+00:00,2080.0,2081.0,2077.89990234375,2080.300048828125,43727
2025-10-27 09:15:00+00:00,2077.5,2080.5,2077.0,2079.89990234375,65088
2025-10-27 09:20:00+00:00,2079.800048828125,2080.0,2077.60009765625,2077.60009765625,30502
2025-10-27 09:25:00+00:00,2080.199951171875,2081.199951171875,2079.39990234375,2079.800048828125,22038
2025-10-27 09:30:00+00:00,2078.10009765625,2081.300048828125,2078.0,2080.300048828125,97767
2025-10-27 09:35:00+00:00,2079.89990234375,2080.0,2078.199951171875,2078.300048828125,136356
2025-10-27 09:40:00+00:00,2080.5,2080.89990234375,2078.300048828125,2080.0,136257
2025-10-27 09:45:00+00:00,2079.60009765625,2080.699951171875,2079.60009765625,2080.5,125525
2025-10-27 09:50:00+00:00,2080.800048828125,2081.300048828125,2079.60009765625,2079.60009765625,109958
2025-10-27 09:55:00+00:00,2084.0,2084.0,2080.699951171875,2080.699951171875,82377
2025-10-28 03:45:00+00:00,2091.199951171875,2102.60009765625,2088.300048828125,2090.199951171875,0
2025-10-28 03:50:00+00:00,2092.39990234375,2096.5,2087.60009765625,2089.800048828125,520943
2025-10-28 03:55:00+00:00,2093.199951171875,2094.199951171875,2085.5,2092.39990234375,157261
2025-10-28 04:00:00+00:00,2090.5,2094.300048828125,2088.39990234375,2093.800048828125,101666
2025-10-28 04:05:00+00:00,2090.10009765625,2091.699951171875,2087.5,2090.5,95069
2025-10-28 04:10:00+00:00,2092.0,2093.0,2089.800048828125,2090.10009765625,194423
2025-10-28 04:15:00+00:00,2092.60009765625,2093.0,2091.0,2092.0,203822
2025-10-28 04:20:00+00:00,2093.699951171875,2094.800048828125,2091.0,2092.699951171875,167861
2025-10-28 04:25:00+00:00,2094.199951171875,2094.5,2091.699951171875,2093.39990234375,75391
2025-10-28 04:30:00+00:00,2088.199951171875,2094.39990234375,2087.10009765625,2094.39990234375,210221
2025-10-28 04:35:00+00:00,2085.800048828125,2088.5,2085.0,2088.199951171875,207343
2025-10-28 04:40:00+00:00,2082.10009765625,2085.800048828125,2081.699951171875,2085.699951171875,152435
2025-10-28 04:45:00+00:00,2075.800048828125,2082.199951171875,2075.0,2082.10009765625,137296
2025-10-28 04:50:00+00:00,2072.800048828125,2076.699951171875,2072.5,2075.89990234375,128118
2025-10-28 04:55:00+00:00,2081.89990234375,2082.89990234375,2072.699951171875,2072.800048828125,71535
2025-10-28 05:00:00+00:00,2081.39990234375,2083.60009765625,2079.39990234375,2081.89990234375,63179
2025-10-28 05:05:00+00:00,2081.0,2084.0,2080.199951171875,2081.5,47903
2025-10-28 05:10:00+00:00,2084.89990234375,2085.300048828125,2081.300048828125,2081.300048828125,40092
2025-10-28 05:15:00+00:00,2085.300048828125,2087.199951171875,2084.5,2084.89990234375,46863
2025-10-28 05:20:00+00:00,2082.39990234375,2085.699951171875,2082.300048828125,2085.39990234375,59561
2025-10-28 05:25:00+00:00,2084.199951171875,2085.0,2081.800048828125,2082.39990234375,47938
2025-10-28 05:30:00+00:00,2081.199951171875,2085.0,2079.89990234375,2084.199951171875,79494
2025-10-28 05:35:00+00:00,2079.89990234375,2082.0,2079.300048828125,2081.10009765625,54909
2025-10-28 05:40:00+00:00,2080.39990234375,2082.39990234375,2079.800048828125,2080.199951171875,55196
2025-10-28 05:45:00+00:00,2082.0,2082.10009765625,2080.10009765625,2081.199951171875,47840
2025-10-28 05:50:00+00:00,2083.699951171875,2085.699951171875,2081.5,2081.89990234375,70046
2025-10-28 05:55:00+00:00,2082.199951171875,2085.0,2081.89990234375,2083.5,45335
2025-10-28 06:00:00+00:00,2081.699951171875,2083.0,2081.699951171875,2082.10009765625,48913
2025-10-28 06:05:00+00:00,2085.10009765625,2085.199951171875,2081.300048828125,2081.800048828125,69472
2025-10-28 06:10:00+00:00,2084.60009765625,2086.5,2084.39990234375,2085.5,51343
2025-10-28 06:15:00+00:00,2084.89990234375,2085.5,2082.60009765625,2084.60009765625,57833
2025-10-28 06:20:00+00:00,2081.60009765625,2085.300048828125,2081.5,2085.0,52456
2025-10-28 06:25:00+00:00,2079.39990234375,2081.89990234375,2078.699951171875,2081.60009765625,63606
2025-10-28 06:30:00+00:00,2077.300048828125,2080.0,2077.300048828125,2078.800048828125,50977
2025-10-28 06:35:00+00:00,2078.5,2079.699951171875,2075.60009765625,2077.300048828125,67356
2025-10-28 06:40:00+00:00,2079.699951171875,2080.0,2076.199951171875,2078.800048828125,67808
2025-10-28 06:45:00+00:00,2079.800048828125,2080.0,2076.300048828125,2079.699951171875,87770
2025-10-28 06:50:00+00:00,2083.300048828125,2083.89990234375,2079.199951171875,2079.89990234375,73401
2025-10-28 06:55:00+00:00,2081.10009765625,2084.699951171875,2081.10009765625,2083.5,53998
2025-10-28 07:00:00+00:00,2083.39990234375,2084.199951171875,2080.89990234375,2081.199951171875,69602
2025-10-28 07:05:00+00:00,2083.300048828125,2084.5,2082.199951171875,2083.39990234375,66258
2025-10-28 07:10:00+00:00,2089.199951171875,2089.5,2081.89990234375,2083.300048828125,82533
2025-10-28 07:15:00+00:00,2088.89990234375,2089.800048828125,2087.39990234375,2089.300048828125,87381
2025-10-28 07:20:00+00:00,2091.10009765625,2091.5,2087.5,2088.800048828125,91025
2025-10-28 07:25:00+00:00,2091.0,2091.5,2088.60009765625,2090.39990234375,101113
2025-10-28 07:30:00+00:00,2091.5,2093.0,2090.0,2091.199951171875,81529
2025-10-28 07:35:00+00:00,2092.89990234375,2093.60009765625,2090.800048828125,2091.60009765625,97857
2025-10-28 07:40:00+00:00,2098.0,2098.0,2092.10009765625,2093.10009765625,87148
2025-10-28 07:45:00+00:00,2100.0,2101.699951171875,2097.60009765625,2097.699951171875,160424
2025-10-28 07:50:00+00:00,2100.0,2101.699951171875,2098.0,2100.300048828125,69204
2025-10-28 07:55:00+00:00,2100.0,2101.300048828125,2098.0,2100.0,61826
2025-10-28 08:00:00+00:00,2097.300048828125,2101.10009765625,2096.0,2100.0,108785
2025-10-28 08:05:00+00:00,2096.5,2099.0,2092.39990234375,2098.0,145138
2025-10-28 08:10:00+00:00,2092.89990234375,2098.10009765625,2092.89990234375,2096.5,78046
2025-10-28 08:15:00+00:00,2090.39990234375,2095.5,2089.10009765625,2092.699951171875,83380
2025-10-28 08:20:00+00:00,2093.800048828125,2095.5,2090.39990234375,2090.60009765625,79856
2025-10-28 08:25:00+00:00,2092.300048828125,2093.89990234375,2089.699951171875,2093.199951171875,50080
2025-10-28 08:30:00+00:00,2089.699951171875,2094.0,2089.300048828125,2092.300048828125,75307
2025-10-28 08:35:00+00:00,2092.699951171875,2092.699951171875,2088.10009765625,2089.199951171875,103399
2025-10-28 08:40:00+00:00,2093.0,2093.39990234375,2088.300048828125,2091.199951171875,98628
2025-10-28 08:45:00+00:00,2090.0,2094.10009765625,2088.89990234375,2093.0,86789
2025-10-28 08:50:00+00:00,2089.699951171875,2091.300048828125,2088.39990234375,2089.699951171875,62460
2025-10-28 08:55:00+00:00,2084.39990234375,2090.199951171875,2081.89990234375,2090.0,155878
2025-10-28 09:00:00+00:00,2085.0,2085.0,2083.0,2084.300048828125,94146
2025-10-28 09:05:00+00:00,2085.5,2089.39990234375,2083.39990234375,2084.89990234375,86730
2025-10-28 09:10:00+00:00,2085.800048828125,2088.5,2085.199951171875,2085.89990234375,50203
2025-10-28 09:15:00+00:00,2084.800048828125,2091.0,2084.800048828125,2085.699951171875,105646
2025-10-28 09:20:00+00:00,2086.800048828125,2089.5,2083.10009765625,2084.89990234375,100150
2025-10-28 09:25:00+00:00,2089.39990234375,2092.5,2086.0,2086.5,144125
2025-10-28 09:30:00+00:00,2091.199951171875,2095.39990234375,2089.10009765625,2089.39990234375,382270
2025-10-28 09:35:00+00:00,2087.699951171875,2091.60009765625,2086.199951171875,2090.300048828125,450471
2025-10-28 09:40:00+00:00,2087.10009765625,2093.800048828125,2086.699951171875,2087.699951171875,385017
2025-10-28 09:45:00+00:00,2091.5,2094.199951171875,2087.39990234375,2087.39990234375,379800
2025-10-28 09:50:00+00:00,2087.89990234375,2092.699951171875,2086.10009765625,2091.5,360781
2025-10-28 09:55:00+00:00,2088.0,2090.0,2083.0,2087.60009765625,181489
2025-10-29 03:45:00+00:00,2096.699951171875,2098.60009765625,2081.89990234375,2084.10009765625,0
2025-10-29 03:50:00+00:00,2096.5,2098.39990234375,2093.300048828125,2097.10009765625,36629
2025-10-29 03:55:00+00:00,2098.39990234375,2098.800048828125,2093.39990234375,2096.39990234375,50728
2025-10-29 04:00:00+00:00,2100.10009765625,2103.5,2097.0,2098.0,51069
2025-10-29 04:05:00+00:00,2098.5,2100.39990234375,2098.0,2100.10009765625,18592
2025-10-29 04:10:00+00:00,2098.5,2098.800048828125,2096.0,2098.699951171875,19611
2025-10-29 04:15:00+00:00,2094.60009765625,2098.89990234375,2094.0,2098.5,16046
2025-10-29 04:20:00+00:00,2097.10009765625,2097.300048828125,2094.800048828125,2094.89990234375,12279
2025-10-29 04:25:00+00:00,2098.60009765625,2098.60009765625,2096.0,2097.10009765625,12609
2025-10-29 04:30:00+00:00,2096.800048828125,2099.199951171875,2096.0,2098.60009765625,17521
2025-10-29 04:35:00+00:00,2094.5,2097.0,2093.39990234375,2096.800048828125,22711
2025-10-29 04:40:00+00:00,2095.39990234375,2096.0,2094.0,2094.39990234375,12951
2025-10-29 04:45:00+00:00,2093.699951171875,2095.5,2091.39990234375,2095.39990234375,31810
2025-10-29 04:50:00+00:00,2093.300048828125,2095.300048828125,2093.300048828125,2094.199951171875,10775
2025-10-29 04:55:00+00:00,2094.39990234375,2094.5,2092.699951171875,2093.300048828125,19415
2025-10-29 05:00:00+00:00,2092.699951171875,2094.5,2091.5,2093.800048828125,23851
2025-10-29 05:05:00+00:00,2088.800048828125,2093.0,2088.800048828125,2092.699951171875,34088
2025-10-29 05:10:00+00:00,2087.5,2089.300048828125,2086.5,2089.0,26771
2025-10-29 05:15:00+00:00,2087.10009765625,2088.39990234375,2086.60009765625,2087.5,20113
2025-10-29 05:20:00+00:00,2087.800048828125,2087.89990234375,2087.10009765625,2087.300048828125,12672
2025-10-29 05:25:00+00:00,2089.10009765625,2089.800048828125,2086.89990234375,2088.0,72957
2025-10-29 05:30:00+00:00,2090.199951171875,2091.300048828125,2089.199951171875,2089.199951171875,57048
2025-10-29 05:35:00+00:00,2095.300048828125,2095.300048828125,2089.699951171875,2090.199951171875,36585
2025-10-29 05:40:00+00:00,2093.699951171875,2095.199951171875,2093.0,2095.0,69229
2025-10-29 05:45:00+00:00,2094.60009765625,2094.60009765625,2092.0,2093.699951171875,33120
2025-10-29 05:50:00+00:00,2096.0,2097.89990234375,2093.60009765625,2094.60009765625,21553
2025-10-29 05:55:00+00:00,2102.800048828125,2103.0,2096.10009765625,2096.10009765625,51131
2025-10-29 06:00:00+00:00,2102.39990234375,2107.199951171875,2102.39990234375,2102.800048828125,63392
2025-10-29 06:05:00+00:00,2101.300048828125,2103.0,2100.0,2102.699951171875,25125
2025-10-29 06:10:00+00:00,2106.60009765625,2106.60009765625,2100.0,2101.10009765625,46144
2025-10-29 06:15:00+00:00,2105.0,2108.60009765625,2104.300048828125,2106.60009765625,45370
2025-10-29 06:20:00+00:00,2100.199951171875,2104.89990234375,2100.0,2104.60009765625,50167
2025-10-29 06:25:00+00:00,2100.39990234375,2101.0,2099.199951171875,2100.199951171875,29252
2025-10-29 06:30:00+00:00,2100.5,2100.89990234375,2097.10009765625,2100.5,44389
2025-10-29 06:35:00+00:00,2100.0,2101.5,2098.60009765625,2100.699951171875,70873
2025-10-29 06:40:00+00:00,2100.199951171875,2101.10009765625,2099.10009765625,2100.300048828125,16846
2025-10-29 06:45:00+00:00,2101.39990234375,2102.5,2099.39990234375,2100.199951171875,27272
2025-10-29 06:50:00+00:00,2101.699951171875,2102.699951171875,2100.60009765625,2101.5,14001
2025-10-29 06:55:00+00:00,2102.10009765625,2103.10009765625,2100.199951171875,2101.699951171875,14907
2025-10-29 07:00:00+00:00,2101.699951171875,2104.0,2100.699951171875,2102.10009765625,36568
2025-10-29 07:05:00+00:00,2103.0,2104.10009765625,2101.39990234375,2101.699951171875,36773
2025-10-29 07:10:00+00:00,2106.300048828125,2106.300048828125,2102.5,2103.0,31409
2025-10-29 07:15:00+00:00,2109.0,2109.300048828125,2106.0,2106.60009765625,70371
2025-10-29 07:20:00+00:00,2106.39990234375,2109.199951171875,2106.199951171875,2108.800048828125,23018
2025-10-29 07:25:00+00:00,2106.5,2106.699951171875,2105.5,2106.39990234375,12035
2025-10-29 07:30:00+00:00,2103.89990234375,2107.0,2103.89990234375,2106.39990234375,34074
2025-10-29 07:35:00+00:00,2104.5,2105.300048828125,2102.300048828125,2104.300048828125,23397
2025-10-29 07:40:00+00:00,2106.60009765625,2106.800048828125,2104.199951171875,2104.39990234375,31260
2025-10-29 07:45:00+00:00,2110.10009765625,2110.199951171875,2106.0,2106.60009765625,116300
2025-10-29 07:50:00+00:00,2107.10009765625,2110.39990234375,2107.10009765625,2110.10009765625,22615
2025-10-29 07:55:00+00:00,2104.800048828125,2108.300048828125,2104.10009765625,2106.89990234375,23071
2025-10-29 08:00:00+00:00,2104.800048828125,2107.300048828125,2103.199951171875,2104.60009765625,30125
2025-10-29 08:05:00+00:00,2103.5,2106.0,2103.300048828125,2104.89990234375,27076
2025-10-29 08:10:00+00:00,2100.0,2103.699951171875,2099.89990234375,2103.5,32664
2025-10-29 08:15:00+00:00,2099.800048828125,2101.0,2098.199951171875,2100.199951171875,29900
2025-10-29 08:20:00+00:00,2100.699951171875,2100.699951171875,2099.5,2099.699951171875,18460
2025-10-29 08:25:00+00:00,2099.10009765625,2101.199951171875,2099.0,2100.699951171875,14581
2025-10-29 08:30:00+00:00,2097.800048828125,2099.10009765625,2097.0,2099.10009765625,16701
2025-10-29 08:35:00+00:00,2096.60009765625,2098.0,2095.89990234375,2097.699951171875,17237
2025-10-29 08:40:00+00:00,2098.5,2098.60009765625,2096.199951171875,2096.800048828125,9885
2025-10-29 08:45:00+00:00,2100.199951171875,2100.699951171875,2097.10009765625,2098.10009765625,84590
2025-10-29 08:50:00+00:00,2096.699951171875,2100.199951171875,2095.199951171875,2100.199951171875,15912
2025-10-29 08:55:00+00:00,2096.89990234375,2096.89990234375,2095.0,2096.699951171875,22536
2025-10-29 09:00:00+00:00,2097.800048828125,2099.60009765625,2096.0,2096.800048828125,16719
2025-10-29 09:05:00+00:00,2099.39990234375,2099.800048828125,2097.0,2098.5,13235
2025-10-29 09:10:00+00:00,2098.39990234375,2100.89990234375,2096.199951171875,2099.39990234375,19851
2025-10-29 09:15:00+00:00,2094.199951171875,2098.60009765625,2094.199951171875,2098.39990234375,89616
2025-10-29 09:20:00+00:00,2096.699951171875,2098.89990234375,2093.89990234375,2094.39990234375,31211
2025-10-29 09:25:00+00:00,2098.5,2098.5,2095.60009765625,2096.699951171875,15154
2025-10-29 09:30:00+00:00,2100.60009765625,2100.60009765625,2097.800048828125,2098.5,47878
2025-10-29 09:35:00+00:00,2100.5,2101.199951171875,2099.89990234375,2100.199951171875,54331
2025-10-29 09:40:00+00:00,2100.60009765625,2100.89990234375,2100.0,2100.5,54526
2025-10-29 09:45:00+00:00,2100.39990234375,2101.39990234375,2100.39990234375,2101.199951171875,52609
2025-10-29 09:50:00+00:00,2101.199951171875,2102.0,2100.0,2100.199951171875,57922
2025-10-29 09:55:00+00:00,2100.0,2102.699951171875,2100.0,2101.0,47746
2025-10-30 03:45:00+00:00,2066.89990234375,2082.0,2064.199951171875,2079.0,0
2025-10-30 03:50:00+00:00,2074.0,2074.5,2065.5,2065.5,111556
2025-10-30 03:55:00+00:00,2068.199951171875,2075.39990234375,2066.39990234375,2073.699951171875,83022
2025-10-30 04:00:00+00:00,2072.699951171875,2073.300048828125,2066.60009765625,2067.5,81812
2025-10-30 04:05:00+00:00,2068.89990234375,2072.89990234375,2067.699951171875,2072.800048828125,49416
2025-10-30 04:10:00+00:00,2068.699951171875,2069.5,2066.199951171875,2068.89990234375,95041
2025-10-30 04:15:00+00:00,2072.89990234375,2073.39990234375,2068.10009765625,2068.60009765625,166753
2025-10-30 04:20:00+00:00,2070.89990234375,2075.0,2070.39990234375,2073.0,44745
2025-10-30 04:25:00+00:00,2073.699951171875,2074.39990234375,2070.0,2071.10009765625,50474
2025-10-30 04:30:00+00:00,2067.800048828125,2074.0,2067.0,2073.5,37210
2025-10-30 04:35:00+00:00,2069.0,2070.199951171875,2067.5,2067.800048828125,25173
2025-10-30 04:40:00+00:00,2071.0,2071.0,2068.0,2068.89990234375,19329
2025-10-30 04:45:00+00:00,2071.10009765625,2072.39990234375,2070.699951171875,2071.10009765625,19425
2025-10-30 04:50:00+00:00,2073.0,2073.800048828125,2070.199951171875,2070.199951171875,17591
2025-10-30 04:55:00+00:00,2071.60009765625,2074.300048828125,2071.5,2073.0,27247
2025-10-30 05:00:00+00:00,2070.39990234375,2073.199951171875,2070.199951171875,2071.60009765625,12581
2025-10-30 05:05:00+00:00,2070.5,2071.699951171875,2069.699951171875,2070.0,18635
2025-10-30 05:10:00+00:00,2070.10009765625,2070.89990234375,2069.699951171875,2070.39990234375,19798
2025-10-30 05:15:00+00:00,2069.5,2070.199951171875,2069.39990234375,2070.199951171875,9343
2025-10-30 05:20:00+00:00,2066.300048828125,2069.39990234375,2064.39990234375,2069.39990234375,59475
2025-10-30 05:25:00+00:00,2065.89990234375,2067.699951171875,2065.89990234375,2066.199951171875,25212
2025-10-30 05:30:00+00:00,2069.10009765625,2069.39990234375,2065.0,2065.699951171875,45162
2025-10-30 05:35:00+00:00,2069.89990234375,2070.800048828125,2069.0,2069.199951171875,46633
2025-10-30 05:40:00+00:00,2070.0,2071.89990234375,2069.39990234375,2069.89990234375,56640
2025-10-30 05:45:00+00:00,2069.199951171875,2070.199951171875,2068.199951171875,2070.0,58442
2025-10-30 05:50:00+00:00,2070.0,2071.199951171875,2068.39990234375,2069.10009765625,58432
2025-10-30 05:55:00+00:00,2066.0,2070.5,2065.199951171875,2069.89990234375,39953
2025-10-30 06:00:00+00:00,2063.300048828125,2066.199951171875,2063.199951171875,2066.0,29900
2025-10-30 06:05:00+00:00,2063.89990234375,2064.5,2062.10009765625,2063.199951171875,34177
2025-10-30 06:10:00+00:00,2065.39990234375,2065.699951171875,2063.800048828125,2063.89990234375,42193
2025-10-30 06:15:00+00:00,2064.89990234375,2066.5,2064.10009765625,2065.39990234375,36618
2025-10-30 06:20:00+00:00,2062.5,2065.39990234375,2062.39990234375,2064.800048828125,26397
2025-10-30 06:25:00+00:00,2063.10009765625,2063.60009765625,2062.300048828125,2063.0,19893
2025-10-30 06:30:00+00:00,2061.300048828125,2063.199951171875,2058.60009765625,2063.10009765625,62491
2025-10-30 06:35:00+00:00,2060.300048828125,2062.300048828125,2059.699951171875,2061.300048828125,21551
2025-10-30 06:40:00+00:00,2059.300048828125,2060.39990234375,2059.10009765625,2060.300048828125,17479
2025-10-30 06:45:00+00:00,2060.699951171875,2062.300048828125,2059.0,2059.5,34687
2025-10-30 06:50:00+00:00,2063.300048828125,2063.300048828125,2060.60009765625,2060.60009765625,34920
2025-10-30 06:55:00+00:00,2064.300048828125,2064.5,2063.0,2063.39990234375,30774
2025-10-30 07:00:00+00:00,2064.300048828125,2064.89990234375,2063.0,2064.39990234375,30839
2025-10-30 07:05:00+00:00,2065.300048828125,2065.60009765625,2064.300048828125,2064.300048828125,16845
2025-10-30 07:10:00+00:00,2064.39990234375,2065.5,2064.0,2065.300048828125,16081
2025-10-30 07:15:00+00:00,2062.699951171875,2064.699951171875,2062.60009765625,2064.60009765625,20215
2025-10-30 07:20:00+00:00,2063.0,2063.0,2062.300048828125,2062.800048828125,16041
2025-10-30 07:25:00+00:00,2061.800048828125,2062.699951171875,2060.800048828125,2062.699951171875,30175
2025-10-30 07:30:00+00:00,2063.800048828125,2063.800048828125,2060.800048828125,2061.60009765625,57316
2025-10-30 07:35:00+00:00,2064.5,2066.0,2063.5,2063.800048828125,24634
2025-10-30 07:40:00+00:00,2066.300048828125,2066.800048828125,2064.5,2064.60009765625,24719
2025-10-30 07:45:00+00:00,2068.5,2068.89990234375,2065.199951171875,2066.60009765625,27578
2025-10-30 07:50:00+00:00,2065.39990234375,2069.10009765625,2065.300048828125,2067.699951171875,26965
2025-10-30 07:55:00+00:00,2065.5,2066.800048828125,2064.0,2065.60009765625,55331
2025-10-30 08:00:00+00:00,2061.800048828125,2065.89990234375,2061.60009765625,2065.5,24940
2025-10-30 08:05:00+00:00,2061.300048828125,2062.300048828125,2059.199951171875,2061.800048828125,83350
2025-10-30 08:10:00+00:00,2061.0,2062.0,2060.0,2061.800048828125,20808
2025-10-30 08:15:00+00:00,2060.60009765625,2061.39990234375,2059.0,2061.0,51227
2025-10-30 08:20:00+00:00,2062.5,2062.89990234375,2060.5,2060.60009765625,42838
2025-10-30 08:25:00+00:00,2062.699951171875,2063.39990234375,2060.89990234375,2062.5,30488
2025-10-30 08:30:00+00:00,2061.60009765625,2063.300048828125,2060.800048828125,2063.199951171875,28829
2025-10-30 08:35:00+00:00,2061.10009765625,2062.800048828125,2061.0,2061.699951171875,20062
2025-10-30 08:40:00+00:00,2062.800048828125,2062.89990234375,2060.39990234375,2061.300048828125,32613
2025-10-30 08:45:00+00:00,2064.5,2066.5,2061.89990234375,2062.10009765625,121746
2025-10-30 08:50:00+00:00,2066.0,2066.39990234375,2064.0,2064.300048828125,86571
2025-10-30 08:55:00+00:00,2064.89990234375,2066.10009765625,2064.300048828125,2066.0,35822
2025-10-30 09:00:00+00:00,2062.10009765625,2065.199951171875,2061.60009765625,2065.0,77532
2025-10-30 09:05:00+00:00,2064.5,2064.800048828125,2062.0,2062.10009765625,33674
2025-10-30 09:10:00+00:00,2066.5,2066.89990234375,2064.0,2064.0,54543
2025-10-30 09:15:00+00:00,2066.60009765625,2068.300048828125,2065.0,2066.699951171875,62468
2025-10-30 09:20:00+00:00,2064.300048828125,2067.0,2064.300048828125,2066.60009765625,43921
2025-10-30 09:25:00+00:00,2067.199951171875,2067.5,2063.699951171875,2064.10009765625,87300
2025-10-30 09:30:00+00:00,2065.60009765625,2069.699951171875,2065.5,2067.10009765625,140349
2025-10-30 09:35:00+00:00,2064.10009765625,2067.39990234375,2063.5,2065.699951171875,177342
2025-10-30 09:40:00+00:00,2065.800048828125,2066.199951171875,2064.10009765625,2064.300048828125,146786
2025-10-30 09:45:00+00:00,2067.199951171875,2068.0,2065.199951171875,2065.800048828125,194003
2025-10-30 09:50:00+00:00,2067.10009765625,2067.199951171875,2064.60009765625,2067.199951171875,138245
2025-10-30 09:55:00+00:00,2066.300048828125,2069.0,2066.10009765625,2067.10009765625,80849
2025-10-31 03:45:00+00:00,2060.5,2061.800048828125,2054.39990234375,2059.800048828125,0
2025-10-31 03:50:00+00:00,2058.300048828125,2060.300048828125,2056.39990234375,2060.300048828125,39341
2025-10-31 03:55:00+00:00,2062.699951171875,2064.199951171875,2058.10009765625,2058.10009765625,45434
2025-10-31 04:00:00+00:00,2063.800048828125,2065.0,2062.699951171875,2062.699951171875,24629
2025-10-31 04:05:00+00:00,2060.300048828125,2065.0,2060.300048828125,2063.5,28565
2025-10-31 04:10:00+00:00,2059.199951171875,2061.800048828125,2057.699951171875,2060.199951171875,40050
2025-10-31 04:15:00+00:00,2059.800048828125,2062.10009765625,2059.0,2059.39990234375,68849
2025-10-31 04:20:00+00:00,2061.89990234375,2061.89990234375,2059.300048828125,2059.300048828125,18003
2025-10-31 04:25:00+00:00,2063.0,2064.0,2062.0,2062.199951171875,18743
2025-10-31 04:30:00+00:00,2062.300048828125,2063.199951171875,2060.699951171875,2063.0,19583
2025-10-31 04:35:00+00:00,2061.199951171875,2063.39990234375,2060.0,2062.0,43823
2025-10-31 04:40:00+00:00,2062.300048828125,2063.89990234375,2061.199951171875,2061.199951171875,9491
2025-10-31 04:45:00+00:00,2060.39990234375,2062.10009765625,2059.89990234375,2061.800048828125,14939
2025-10-31 04:50:00+00:00,2057.10009765625,2060.39990234375,2056.699951171875,2060.39990234375,22895
2025-10-31 04:55:00+00:00,2058.0,2058.10009765625,2056.699951171875,2057.0,6166
2025-10-31 05:00:00+00:00,2056.199951171875,2058.199951171875,2055.10009765625,2057.89990234375,23714
2025-10-31 05:05:00+00:00,2057.60009765625,2057.89990234375,2055.89990234375,2056.199951171875,6154
2025-10-31 05:10:00+00:00,2059.60009765625,2059.699951171875,2057.199951171875,2057.60009765625,11893
2025-10-31 05:15:00+00:00,2060.199951171875,2060.699951171875,2059.199951171875,2059.5,7274
2025-10-31 05:20:00+00:00,2060.5,2061.39990234375,2059.699951171875,2060.199951171875,10960
2025-10-31 05:25:00+00:00,2063.0,2063.300048828125,2059.89990234375,2060.699951171875,13460
2025-10-31 05:30:00+00:00,2063.89990234375,2064.89990234375,2063.0,2063.10009765625,55236
2025-10-31 05:35:00+00:00,2063.0,2064.60009765625,2063.0,2063.89990234375,23766
2025-10-31 05:40:00+00:00,2063.699951171875,2064.89990234375,2061.0,2063.0,83380
2025-10-31 05:45:00+00:00,2062.89990234375,2064.199951171875,2062.0,2063.0,35526
2025-10-31 05:50:00+00:00,2064.0,2064.199951171875,2062.89990234375,2062.89990234375,6450
2025-10-31 05:55:00+00:00,2063.300048828125,2064.89990234375,2063.300048828125,2064.300048828125,4788
2025-10-31 06:00:00+00:00,2068.699951171875,2069.5,2063.300048828125,2063.699951171875,138797
2025-10-31 06:05:00+00:00,2069.10009765625,2070.199951171875,2068.39990234375,2068.699951171875,18794
2025-10-31 06:10:00+00:00,2067.5,2069.10009765625,2067.10009765625,2069.0,16066
2025-10-31 06:15:00+00:00,2066.5,2067.5,2066.39990234375,2067.300048828125,11626
2025-10-31 06:20:00+00:00,2068.5,2068.5,2066.39990234375,2066.699951171875,10556
2025-10-31 06:25:00+00:00,2067.39990234375,2068.5,2066.699951171875,2068.39990234375,112408
2025-10-31 06:30:00+00:00,2065.199951171875,2067.60009765625,2065.199951171875,2067.300048828125,17244
2025-10-31 06:35:00+00:00,2064.300048828125,2065.300048828125,2064.10009765625,2065.300048828125,4875
2025-10-31 06:40:00+00:00,2061.5,2064.39990234375,2061.0,2064.300048828125,13396
2025-10-31 06:45:00+00:00,2063.39990234375,2064.800048828125,2061.5,2061.5,8161
2025-10-31 06:50:00+00:00,2065.60009765625,2066.0,2063.39990234375,2064.199951171875,32307
2025-10-31 06:55:00+00:00,2065.60009765625,2066.199951171875,2065.0,2065.699951171875,12704
2025-10-31 07:00:00+00:00,2064.300048828125,2066.199951171875,2063.89990234375,2065.5,24581
2025-10-31 07:05:00+00:00,2065.60009765625,2065.699951171875,2064.300048828125,2064.300048828125,9185
2025-10-31 07:10:00+00:00,2069.10009765625,2071.0,2065.300048828125,2065.60009765625,36973
2025-10-31 07:15:00+00:00,2068.39990234375,2069.0,2067.39990234375,2068.89990234375,14311
2025-10-31 07:20:00+00:00,2072.199951171875,2073.199951171875,2067.89990234375,2068.300048828125,20677
2025-10-31 07:25:00+00:00,2072.300048828125,2073.699951171875,2071.199951171875,2072.199951171875,22364
2025-10-31 07:30:00+00:00,2071.39990234375,2072.300048828125,2069.699951171875,2072.0,17251
2025-10-31 07:35:00+00:00,2071.0,2071.800048828125,2069.0,2071.5,109580
2025-10-31 07:40:00+00:00,2070.5,2071.800048828125,2070.0,2071.0,48522
2025-10-31 07:45:00+00:00,2070.60009765625,2070.800048828125,2070.10009765625,2070.39990234375,12629
2025-10-31 07:50:00+00:00,2070.10009765625,2070.699951171875,2070.0,2070.60009765625,12688
2025-10-31 07:55:00+00:00,2070.300048828125,2070.39990234375,2070.0,2070.0,12489
2025-10-31 08:00:00+00:00,2070.699951171875,2070.699951171875,2069.800048828125,2070.39990234375,62463
2025-10-31 08:05:00+00:00,2070.199951171875,2070.800048828125,2070.0,2070.60009765625,41547
2025-10-31 08:10:00+00:00,2072.10009765625,2072.199951171875,2070.0,2070.199951171875,23019
2025-10-31 08:15:00+00:00,2068.0,2073.5,2067.5,2072.0,134047
2025-10-31 08:20:00+00:00,2067.60009765625,2068.10009765625,2065.300048828125,2067.89990234375,22989
2025-10-31 08:25:00+00:00,2065.800048828125,2068.199951171875,2065.5,2067.699951171875,49339
2025-10-31 08:30:00+00:00,2067.0,2067.60009765625,2063.89990234375,2066.199951171875,41559
2025-10-31 08:35:00+00:00,2066.300048828125,2067.39990234375,2065.0,2067.199951171875,19668
2025-10-31 08:40:00+00:00,2065.39990234375,2068.10009765625,2065.199951171875,2066.300048828125,36884
2025-10-31 08:45:00+00:00,2063.39990234375,2065.800048828125,2062.89990234375,2065.800048828125,18447
2025-10-31 08:50:00+00:00,2062.10009765625,2063.60009765625,2061.89990234375,2063.39990234375,13429
2025-10-31 08:55:00+00:00,2065.39990234375,2065.699951171875,2062.0,2062.0,31355
2025-10-31 09:00:00+00:00,2061.699951171875,2065.39990234375,2061.300048828125,2065.0,29999
2025-10-31 09:05:00+00:00,2058.89990234375,2061.699951171875,2057.89990234375,2061.699951171875,77182
2025-10-31 09:10:00+00:00,2063.0,2064.0,2058.199951171875,2058.199951171875,46433
2025-10-31 09:15:00+00:00,2060.300048828125,2063.0,2058.0,2063.0,71155
2025-10-31 09:20:00+00:00,2060.0,2061.5,2059.10009765625,2060.699951171875,96337
2025-10-31 09:25:00+00:00,2063.39990234375,2063.800048828125,2060.199951171875,2060.199951171875,24915
2025-10-31 09:30:00+00:00,2053.89990234375,2060.800048828125,2053.5,2060.800048828125,385126
2025-10-31 09:35:00+00:00,2053.10009765625,2055.5,2052.0,2053.800048828125,389978
2025-10-31 09:40:00+00:00,2053.300048828125,2054.800048828125,2052.199951171875,2053.39990234375,384717
2025-10-31 09:45:00+00:00,2052.39990234375,2055.60009765625,2051.89990234375,2053.10009765625,396351
2025-10-31 09:50:00+00:00,2054.89990234375,2055.39990234375,2052.5,2052.5,376710
2025-10-31 09:55:00+00:00,2054.5,2061.89990234375,2054.5,2054.699951171875,279291
2025-11-03 03:45:00+00:00,2054.39990234375,2057.800048828125,2047.300048828125,2055.0,0
2025-11-03 03:50:00+00:00,2052.800048828125,2056.199951171875,2051.300048828125,2053.10009765625,35902
2025-11-03 03:55:00+00:00,2057.39990234375,2059.0,2053.60009765625,2054.39990234375,29970
2025-11-03 04:00:00+00:00,2055.10009765625,2057.0,2052.5,2057.0,34567
2025-11-03 04:05:00+00:00,2056.300048828125,2059.0,2055.10009765625,2055.10009765625,23146
2025-11-03 04:10:00+00:00,2058.60009765625,2060.0,2056.60009765625,2056.60009765625,22968
2025-11-03 04:15:00+00:00,2063.0,2063.5,2057.0,2058.10009765625,26309
2025-11-03 04:20:00+00:00,2060.199951171875,2064.300048828125,2060.199951171875,2062.60009765625,17681
2025-11-03 04:25:00+00:00,2062.5,2063.0,2058.699951171875,2060.0,16995
2025-11-03 04:30:00+00:00,2057.0,2062.89990234375,2056.300048828125,2062.5,9746
2025-11-03 04:35:00+00:00,2054.0,2057.5,2054.0,2057.0,13084
2025-11-03 04:40:00+00:00,2056.5,2058.39990234375,2054.39990234375,2054.39990234375,11537
2025-11-03 04:45:00+00:00,2055.699951171875,2057.89990234375,2055.0,2056.10009765625,9592
2025-11-03 04:50:00+00:00,2054.89990234375,2055.5,2053.300048828125,2055.39990234375,9756
2025-11-03 04:55:00+00:00,2057.39990234375,2057.39990234375,2054.199951171875,2054.89990234375,61089
2025-11-03 05:00:00+00:00,2057.800048828125,2058.39990234375,2056.0,2056.800048828125,10490
2025-11-03 05:05:00+00:00,2059.699951171875,2062.300048828125,2057.10009765625,2057.800048828125,14603
2025-11-03 05:10:00+00:00,2059.89990234375,2060.5,2058.60009765625,2059.699951171875,23372
2025-11-03 05:15:00+00:00,2057.0,2060.39990234375,2057.0,2060.39990234375,15144
2025-11-03 05:20:00+00:00,2056.199951171875,2057.0,2056.0,2057.0,9677
2025-11-03 05:25:00+00:00,2057.0,2057.10009765625,2056.10009765625,2056.39990234375,10211
2025-11-03 05:30:00+00:00,2055.199951171875,2058.10009765625,2054.39990234375,2057.0,13135
2025-11-03 05:35:00+00:00,2055.60009765625,2057.0,2055.199951171875,2055.199951171875,10204
2025-11-03 05:40:00+00:00,2055.5,2056.300048828125,2055.10009765625,2055.60009765625,8354
2025-11-03 05:45:00+00:00,2055.60009765625,2056.199951171875,2053.5,2055.5,25458
2025-11-03 05:50:00+00:00,2054.699951171875,2055.699951171875,2053.199951171875,2055.60009765625,26590
2025-11-03 05:55:00+00:00,2053.0,2054.800048828125,2052.0,2054.800048828125,9384
2025-11-03 06:00:00+00:00,2054.89990234375,2055.89990234375,2053.300048828125,2053.300048828125,22549
2025-11-03 06:05:00+00:00,2053.60009765625,2056.39990234375,2053.60009765625,2054.89990234375,26286
2025-11-03 06:10:00+00:00,2053.300048828125,2055.0,2052.199951171875,2054.0,9341
2025-11-03 06:15:00+00:00,2054.89990234375,2055.800048828125,2052.5,2053.5,16882
2025-11-03 06:20:00+00:00,2052.89990234375,2055.89990234375,2052.5,2054.800048828125,40300
2025-11-03 06:25:00+00:00,2054.10009765625,2054.10009765625,2052.39990234375,2052.89990234375,63728
2025-11-03 06:30:00+00:00,2056.800048828125,2056.800048828125,2053.10009765625,2054.0,24281
2025-11-03 06:35:00+00:00,2055.39990234375,2057.89990234375,2054.60009765625,2056.800048828125,54485
2025-11-03 06:40:00+00:00,2053.199951171875,2055.39990234375,2053.10009765625,2055.39990234375,14733
2025-11-03 06:45:00+00:00,2056.0,2056.0,2053.10009765625,2053.199951171875,24298
2025-11-03 06:50:00+00:00,2058.800048828125,2061.5,2055.199951171875,2056.0,33524
2025-11-03 06:55:00+00:00,2058.0,2058.89990234375,2057.0,2058.89990234375,18113
2025-11-03 07:00:00+00:00,2056.199951171875,2058.0,2055.10009765625,2057.699951171875,25496
2025-11-03 07:05:00+00:00,2055.800048828125,2056.39990234375,2055.0,2056.10009765625,8721
2025-11-03 07:10:00+00:00,2056.89990234375,2057.0,2056.0,2056.300048828125,31244
2025-11-03 07:15:00+00:00,2055.0,2057.0,2054.5,2056.800048828125,20784
2025-11-03 07:20:00+00:00,2055.10009765625,2055.10009765625,2054.300048828125,2054.89990234375,12059
2025-11-03 07:25:00+00:00,2057.0,2057.0,2054.800048828125,2055.0,40034
2025-11-03 07:30:00+00:00,2056.5,2057.0,2056.10009765625,2057.0,12678
2025-11-03 07:35:00+00:00,2056.89990234375,2056.89990234375,2055.89990234375,2056.300048828125,10158
2025-11-03 07:40:00+00:00,2056.5,2057.0,2055.10009765625,2056.60009765625,18483
2025-11-03 07:45:00+00:00,2056.800048828125,2057.0,2055.60009765625,2056.800048828125,47776
2025-11-03 07:50:00+00:00,2055.60009765625,2057.0,2054.699951171875,2055.5,82784
2025-11-03 07:55:00+00:00,2056.300048828125,2056.300048828125,2055.0,2055.5,16444
2025-11-03 08:00:00+00:00,2057.0,2057.0,2055.699951171875,2056.300048828125,17850
2025-11-03 08:05:00+00:00,2056.60009765625,2057.0,2055.89990234375,2056.89990234375,15573
2025-11-03 08:10:00+00:00,2059.300048828125,2063.10009765625,2056.60009765625,2056.60009765625,65809
2025-11-03 08:15:00+00:00,2058.0,2060.39990234375,2057.39990234375,2059.60009765625,57265
2025-11-03 08:20:00+00:00,2058.199951171875,2059.699951171875,2057.800048828125,2058.300048828125,22979
2025-11-03 08:25:00+00:00,2059.5,2059.5,2057.800048828125,2058.800048828125,27910
2025-11-03 08:30:00+00:00,2059.10009765625,2060.89990234375,2058.89990234375,2059.39990234375,46517
2025-11-03 08:35:00+00:00,2057.10009765625,2059.800048828125,2056.300048828125,2059.0,28247
2025-11-03 08:40:00+00:00,2058.800048828125,2059.199951171875,2057.10009765625,2057.39990234375,39126
2025-11-03 08:45:00+00:00,2071.60009765625,2072.39990234375,2058.5,2058.5,154307
2025-11-03 08:50:00+00:00,2076.0,2081.0,2071.300048828125,2071.300048828125,70176
2025-11-03 08:55:00+00:00,2075.699951171875,2076.60009765625,2073.0,2076.0,50555
2025-11-03 09:00:00+00:00,2073.199951171875,2077.0,2072.60009765625,2075.699951171875,50218
2025-11-03 09:05:00+00:00,2071.800048828125,2074.60009765625,2071.800048828125,2073.0,85191
2025-11-03 09:10:00+00:00,2069.39990234375,2072.39990234375,2067.300048828125,2071.60009765625,100199
2025-11-03 09:15:00+00:00,2065.699951171875,2069.39990234375,2064.5,2069.39990234375,93899
2025-11-03 09:20:00+00:00,2070.39990234375,2071.10009765625,2064.699951171875,2065.60009765625,65447
2025-11-03 09:25:00+00:00,2073.5,2073.5,2069.300048828125,2070.300048828125,53987
2025-11-03 09:30:00+00:00,2072.89990234375,2073.60009765625,2070.10009765625,2072.89990234375,110116
2025-11-03 09:35:00+00:00,2074.300048828125,2074.300048828125,2071.10009765625,2072.89990234375,119184
2025-11-03 09:40:00+00:00,2075.199951171875,2076.0,2073.60009765625,2074.300048828125,114549
2025-11-03 09:45:00+00:00,2077.800048828125,2078.39990234375,2075.0,2075.10009765625,121916
2025-11-03 09:50:00+00:00,2072.300048828125,2077.699951171875,2071.199951171875,2077.699951171875,104116
2025-11-03 09:55:00+00:00,2077.0,2077.0,2072.300048828125,2072.5,97973
2025-11-04 03:45:00+00:00,2124.10009765625,2126.5,2107.10009765625,2107.10009765625,0
2025-11-04 03:50:00+00:00,2125.5,2130.39990234375,2122.10009765625,2123.0,943266
2025-11-04 03:55:00+00:00,2131.39990234375,2135.300048828125,2125.800048828125,2125.800048828125,657903
2025-11-04 04:00:00+00:00,2128.199951171875,2132.60009765625,2126.0,2132.300048828125,346222
2025-11-04 04:05:00+00:00,2127.39990234375,2132.300048828125,2127.0,2127.39990234375,352437
2025-11-04 04:10:00+00:00,2125.0,2128.10009765625,2124.10009765625,2128.0,351413
2025-11-04 04:15:00+00:00,2121.10009765625,2126.300048828125,2118.5,2125.199951171875,401443
2025-11-04 04:20:00+00:00,2120.0,2122.699951171875,2119.5,2121.199951171875,264507
2025-11-04 04:25:00+00:00,2121.5,2123.0,2119.5,2120.0,204541
2025-11-04 04:30:00+00:00,2119.60009765625,2122.800048828125,2119.0,2121.39990234375,199799
2025-11-04 04:35:00+00:00,2121.5,2122.0,2119.5,2119.89990234375,154973
2025-11-04 04:40:00+00:00,2120.0,2121.800048828125,2119.60009765625,2121.60009765625,101934
2025-11-04 04:45:00+00:00,2115.300048828125,2120.10009765625,2115.0,2120.10009765625,234892
2025-11-04 04:50:00+00:00,2116.0,2116.5,2114.5,2115.300048828125,88000
2025-11-04 04:55:00+00:00,2115.199951171875,2116.60009765625,2114.199951171875,2116.0,114290
2025-11-04 05:00:00+00:00,2118.5,2119.60009765625,2115.0,2115.5,272303
2025-11-04 05:05:00+00:00,2113.0,2120.0,2113.0,2118.89990234375,107394
2025-11-04 05:10:00+00:00,2112.300048828125,2114.0,2110.199951171875,2113.60009765625,104743
2025-11-04 05:15:00+00:00,2115.199951171875,2116.60009765625,2111.199951171875,2112.300048828125,80677
2025-11-04 05:20:00+00:00,2116.0,2116.10009765625,2113.60009765625,2115.199951171875,113709
2025-11-04 05:25:00+00:00,2117.300048828125,2117.699951171875,2115.0,2116.0,68914
2025-11-04 05:30:00+00:00,2117.89990234375,2119.699951171875,2117.10009765625,2117.300048828125,88889
2025-11-04 05:35:00+00:00,2119.89990234375,2120.39990234375,2116.10009765625,2117.199951171875,129002
2025-11-04 05:40:00+00:00,2119.60009765625,2120.0,2119.10009765625,2119.89990234375,59961
2025-11-04 05:45:00+00:00,2120.0,2120.5,2119.0,2119.60009765625,123325
2025-11-04 05:50:00+00:00,2118.699951171875,2120.0,2117.60009765625,2120.0,113989
2025-11-04 05:55:00+00:00,2119.60009765625,2119.699951171875,2116.39990234375,2118.800048828125,57855
2025-11-04 06:00:00+00:00,2117.800048828125,2119.800048828125,2116.800048828125,2119.60009765625,43763
2025-11-04 06:05:00+00:00,2119.0,2119.39990234375,2117.5,2117.800048828125,49377
2025-11-04 06:10:00+00:00,2115.699951171875,2118.89990234375,2115.5,2118.5,50099
2025-11-04 06:15:00+00:00,2117.0,2117.0,2115.60009765625,2115.699951171875,39352
2025-11-04 06:20:00+00:00,2116.39990234375,2117.0,2115.39990234375,2117.0,68877
2025-11-04 06:25:00+00:00,2115.5,2116.699951171875,2115.0,2116.39990234375,56428
2025-11-04 06:30:00+00:00,2116.89990234375,2117.5,2115.0,2115.5,86260
2025-11-04 06:35:00+00:00,2116.10009765625,2117.300048828125,2115.0,2116.89990234375,43015
2025-11-04 06:40:00+00:00,2116.10009765625,2116.89990234375,2116.0,2116.0,32838
2025-11-04 06:45:00+00:00,2117.300048828125,2117.300048828125,2115.0,2116.199951171875,85220
2025-11-04 06:50:00+00:00,2117.60009765625,2117.699951171875,2116.10009765625,2117.300048828125,74710
2025-11-04 06:55:00+00:00,2117.300048828125,2119.39990234375,2116.199951171875,2117.5,145219
2025-11-04 07:00:00+00:00,2119.10009765625,2119.699951171875,2116.800048828125,2117.300048828125,95803
2025-11-04 07:05:00+00:00,2118.10009765625,2119.39990234375,2117.89990234375,2119.10009765625,174604
2025-11-04 07:10:00+00:00,2117.39990234375,2118.699951171875,2116.60009765625,2118.300048828125,38784
2025-11-04 07:15:00+00:00,2117.89990234375,2118.5,2117.39990234375,2117.39990234375,37657
2025-11-04 07:20:00+00:00,2114.60009765625,2117.699951171875,2112.699951171875,2117.300048828125,62108
2025-11-04 07:25:00+00:00,2112.699951171875,2115.199951171875,2112.0,2114.5,71681
2025-11-04 07:30:00+00:00,2110.5,2113.0,2109.199951171875,2112.800048828125,88491
2025-11-04 07:35:00+00:00,2113.199951171875,2115.699951171875,2110.699951171875,2110.699951171875,75316
2025-11-04 07:40:00+00:00,2111.0,2112.800048828125,2110.39990234375,2112.800048828125,57985
2025-11-04 07:45:00+00:00,2110.10009765625,2111.89990234375,2110.0,2111.0,55431
2025-11-04 07:50:00+00:00,2107.699951171875,2110.300048828125,2105.300048828125,2110.10009765625,90397
2025-11-04 07:55:00+00:00,2108.0,2108.10009765625,2106.0,2107.60009765625,55535
2025-11-04 08:00:00+00:00,2107.800048828125,2108.60009765625,2107.5,2108.0,51624
2025-11-04 08:05:00+00:00,2106.5,2109.199951171875,2106.10009765625,2107.800048828125,66865
2025-11-04 08:10:00+00:00,2106.800048828125,2107.10009765625,2104.199951171875,2107.10009765625,54225
2025-11-04 08:15:00+00:00,2108.39990234375,2109.699951171875,2106.60009765625,2106.89990234375,52165
2025-11-04 08:20:00+00:00,2107.39990234375,2109.800048828125,2106.300048828125,2108.89990234375,60760
2025-11-04 08:25:00+00:00,2108.60009765625,2108.60009765625,2106.0,2107.300048828125,42310
2025-11-04 08:30:00+00:00,2105.699951171875,2109.0,2105.5,2108.60009765625,48997
2025-11-04 08:35:00+00:00,2106.800048828125,2107.10009765625,2105.0,2105.0,54597
2025-11-04 08:40:00+00:00,2105.800048828125,2107.0,2104.39990234375,2106.800048828125,82687
2025-11-04 08:45:00+00:00,2106.800048828125,2106.800048828125,2104.800048828125,2105.800048828125,52314
2025-11-04 08:50:00+00:00,2105.199951171875,2107.60009765625,2104.10009765625,2106.800048828125,100698
2025-11-04 08:55:00+00:00,2105.800048828125,2106.0,2105.199951171875,2105.5,36507
2025-11-04 09:00:00+00:00,2108.10009765625,2108.10009765625,2105.699951171875,2105.800048828125,62586
2025-11-04 09:05:00+00:00,2109.199951171875,2110.10009765625,2108.39990234375,2108.39990234375,92204
2025-11-04 09:10:00+00:00,2108.699951171875,2109.699951171875,2108.39990234375,2109.5,38338
2025-11-04 09:15:00+00:00,2108.800048828125,2109.5,2107.0,2108.699951171875,85918
2025-11-04 09:20:00+00:00,2109.60009765625,2111.39990234375,2107.60009765625,2108.89990234375,129580
2025-11-04 09:25:00+00:00,2109.5,2109.800048828125,2108.5,2109.60009765625,66915
2025-11-04 09:30:00+00:00,2110.39990234375,2110.699951171875,2107.199951171875,2109.5,382684
2025-11-04 09:35:00+00:00,2114.39990234375,2114.60009765625,2110.39990234375,2110.5,382417
2025-11-04 09:40:00+00:00,2116.89990234375,2116.89990234375,2113.60009765625,2114.800048828125,346353
2025-11-04 09:45:00+00:00,2114.39990234375,2116.800048828125,2113.5,2116.800048828125,343148
2025-11-04 09:50:00+00:00,2113.60009765625,2115.89990234375,2112.39990234375,2114.5,280377
2025-11-04 09:55:00+00:00,2110.0,2114.89990234375,2109.0,2113.699951171875,230405
2025-11-06 03:45:00+00:00,2113.10009765625,2115.60009765625,2104.60009765625,2107.60009765625,0
2025-11-06 03:50:00+00:00,2116.89990234375,2123.10009765625,2113.0,2113.0,334384
2025-11-06 03:55:00+00:00,2117.199951171875,2120.0,2111.5,2116.89990234375,223614
2025-11-06 04:00:00+00:00,2115.60009765625,2117.10009765625,2112.60009765625,2117.10009765625,416493
2025-11-06 04:05:00+00:00,2117.60009765625,2118.0,2114.0,2115.60009765625,397185
2025-11-06 04:10:00+00:00,2105.39990234375,2116.5,2104.199951171875,2116.5,176561
2025-11-06 04:15:00+00:00,2094.60009765625,2106.5,2094.60009765625,2105.39990234375,183465
2025-11-06 04:20:00+00:00,2097.89990234375,2099.10009765625,2094.300048828125,2094.39990234375,110428
2025-11-06 04:25:00+00:00,2096.5,2098.300048828125,2092.60009765625,2098.199951171875,167196
2025-11-06 04:30:00+00:00,2086.60009765625,2097.699951171875,2085.60009765625,2097.699951171875,74380
2025-11-06 04:35:00+00:00,2084.60009765625,2090.5,2084.60009765625,2086.89990234375,67589
2025-11-06 04:40:00+00:00,2083.39990234375,2086.0,2080.5,2084.60009765625,83240
2025-11-06 04:45:00+00:00,2084.199951171875,2086.800048828125,2081.800048828125,2083.39990234375,51754
2025-11-06 04:50:00+00:00,2090.800048828125,2091.39990234375,2084.199951171875,2084.60009765625,55307
2025-11-06 04:55:00+00:00,2090.10009765625,2090.800048828125,2088.300048828125,2090.699951171875,53648
2025-11-06 05:00:00+00:00,2086.199951171875,2091.89990234375,2086.10009765625,2090.199951171875,50864
2025-11-06 05:05:00+00:00,2088.699951171875,2089.300048828125,2086.300048828125,2086.300048828125,36524
2025-11-06 05:10:00+00:00,2091.89990234375,2091.89990234375,2086.800048828125,2088.699951171875,42187
2025-11-06 05:15:00+00:00,2092.89990234375,2093.699951171875,2090.0,2091.199951171875,133435
2025-11-06 05:20:00+00:00,2095.10009765625,2096.199951171875,2092.89990234375,2092.89990234375,97127
2025-11-06 05:25:00+00:00,2094.10009765625,2095.300048828125,2092.0,2095.10009765625,49090
2025-11-06 05:30:00+00:00,2093.300048828125,2094.800048828125,2091.60009765625,2094.199951171875,63658
2025-11-06 05:35:00+00:00,2094.199951171875,2096.199951171875,2093.0,2093.60009765625,383599
2025-11-06 05:40:00+00:00,2093.800048828125,2094.300048828125,2090.39990234375,2094.300048828125,74040
2025-11-06 05:45:00+00:00,2093.699951171875,2094.5,2091.800048828125,2093.800048828125,52243
2025-11-06 05:50:00+00:00,2094.0,2095.800048828125,2093.699951171875,2093.699951171875,131856
2025-11-06 05:55:00+00:00,2096.0,2097.300048828125,2094.0,2094.0,59438
2025-11-06 06:00:00+00:00,2096.89990234375,2098.0,2096.0,2096.0,63060
2025-11-06 06:05:00+00:00,2100.0,2100.89990234375,2096.800048828125,2096.800048828125,201351
2025-11-06 06:10:00+00:00,2099.199951171875,2100.300048828125,2099.0,2099.800048828125,31544
2025-11-06 06:15:00+00:00,2104.0,2104.300048828125,2099.0,2099.199951171875,33494
2025-11-06 06:20:00+00:00,2108.0,2108.0,2102.39990234375,2103.60009765625,101645
2025-11-06 06:25:00+00:00,2106.5,2107.89990234375,2105.10009765625,2107.699951171875,31071
2025-11-06 06:30:00+00:00,2107.10009765625,2107.699951171875,2105.39990234375,2106.39990234375,50649
2025-11-06 06:35:00+00:00,2104.5,2108.0,2102.800048828125,2106.89990234375,58618
2025-11-06 06:40:00+00:00,2107.5,2107.89990234375,2104.699951171875,2104.699951171875,254351
2025-11-06 06:45:00+00:00,2106.699951171875,2109.199951171875,2105.39990234375,2107.5,154709
2025-11-06 06:50:00+00:00,2105.300048828125,2108.60009765625,2102.89990234375,2106.5,82865
2025-11-06 06:55:00+00:00,2106.89990234375,2108.89990234375,2105.199951171875,2105.300048828125,50773
2025-11-06 07:00:00+00:00,2108.699951171875,2108.800048828125,2105.89990234375,2106.89990234375,49369
2025-11-06 07:05:00+00:00,2108.60009765625,2111.199951171875,2107.800048828125,2108.199951171875,86877
2025-11-06 07:10:00+00:00,2106.699951171875,2109.0,2106.699951171875,2108.39990234375,55771
2025-11-06 07:15:00+00:00,2107.0,2108.0,2105.300048828125,2106.699951171875,138667
2025-11-06 07:20:00+00:00,2107.39990234375,2108.39990234375,2105.60009765625,2106.800048828125,52813
2025-11-06 07:25:00+00:00,2105.39990234375,2109.0,2105.0,2107.39990234375,76218
2025-11-06 07:30:00+00:00,2105.199951171875,2106.800048828125,2104.300048828125,2105.39990234375,61980
2025-11-06 07:35:00+00:00,2103.60009765625,2105.60009765625,2101.89990234375,2105.199951171875,193280
2025-11-06 07:40:00+00:00,2107.699951171875,2107.800048828125,2101.800048828125,2103.60009765625,125007
2025-11-06 07:45:00+00:00,2109.39990234375,2110.0,2106.699951171875,2107.699951171875,97994
2025-11-06 07:50:00+00:00,2112.5,2113.5,2109.0,2109.0,77224
2025-11-06 07:55:00+00:00,2109.699951171875,2113.0,2108.300048828125,2112.5,92990
2025-11-06 08:00:00+00:00,2105.10009765625,2110.0,2104.699951171875,2109.60009765625,100962
2025-11-06 08:05:00+00:00,2106.199951171875,2108.300048828125,2103.199951171875,2105.699951171875,81111
2025-11-06 08:10:00+00:00,2107.0,2108.300048828125,2104.0,2105.89990234375,222886
2025-11-06 08:15:00+00:00,2105.199951171875,2108.39990234375,2105.199951171875,2106.699951171875,77777
2025-11-06 08:20:00+00:00,2104.300048828125,2105.60009765625,2103.5,2105.199951171875,59601
2025-11-06 08:25:00+00:00,2106.199951171875,2106.199951171875,2103.89990234375,2104.199951171875,59684
2025-11-06 08:30:00+00:00,2106.10009765625,2108.699951171875,2105.0,2106.0,74451
2025-11-06 08:35:00+00:00,2106.300048828125,2106.5,2103.5,2105.89990234375,46198
2025-11-06 08:40:00+00:00,2106.89990234375,2108.10009765625,2105.199951171875,2106.300048828125,61518
2025-11-06 08:45:00+00:00,2104.39990234375,2107.0,2103.60009765625,2106.89990234375,56430
2025-11-06 08:50:00+00:00,2104.39990234375,2105.60009765625,2104.199951171875,2104.60009765625,26890
2025-11-06 08:55:00+00:00,2104.10009765625,2104.39990234375,2101.89990234375,2104.39990234375,50734
2025-11-06 09:00:00+00:00,2104.0,2104.60009765625,2103.10009765625,2104.10009765625,30851
2025-11-06 09:05:00+00:00,2101.800048828125,2104.10009765625,2101.800048828125,2104.0,32481
2025-11-06 09:10:00+00:00,2100.300048828125,2102.10009765625,2099.699951171875,2102.10009765625,81965
2025-11-06 09:15:00+00:00,2101.199951171875,2103.800048828125,2100.199951171875,2100.300048828125,57396
2025-11-06 09:20:00+00:00,2099.89990234375,2102.0,2099.5,2101.199951171875,54263
2025-11-06 09:25:00+00:00,2101.800048828125,2102.699951171875,2099.10009765625,2100.0,109505
2025-11-06 09:30:00+00:00,2097.199951171875,2102.39990234375,2097.0,2102.0,261392
2025-11-06 09:35:00+00:00,2095.0,2097.300048828125,2093.10009765625,2097.300048828125,318549
2025-11-06 09:40:00+00:00,2094.0,2096.5,2093.39990234375,2095.10009765625,513045
2025-11-06 09:45:00+00:00,2094.800048828125,2095.10009765625,2092.39990234375,2094.10009765625,303765
2025-11-06 09:50:00+00:00,2092.699951171875,2095.699951171875,2092.699951171875,2094.699951171875,225339
2025-11-06 09:55:00+00:00,2094.89990234375,2097.199951171875,2090.89990234375,2093.300048828125,159888
2025-11-07 03:45:00+00:00,2026.4000244140625,2038.0,2017.9000244140625,2038.0,46502978
2025-11-07 03:50:00+00:00,2016.699951171875,2029.9000244140625,2016.699951171875,2025.5,554752
2025-11-07 03:55:00+00:00,2016.300048828125,2019.4000244140625,2009.4000244140625,2017.0,662352
2025-11-07 04:00:00+00:00,2013.0999755859375,2018.4000244140625,2011.0,2015.699951171875,308120
2025-11-07 04:05:00+00:00,2012.5999755859375,2016.0,2011.199951171875,2013.300048828125,357779
2025-11-07 04:10:00+00:00,2009.0,2015.4000244140625,2007.5,2012.5999755859375,380871
2025-11-07 04:15:00+00:00,2009.9000244140625,2014.5999755859375,2007.300048828125,2009.0999755859375,211949
2025-11-07 04:20:00+00:00,2008.800048828125,2012.800048828125,2008.300048828125,2009.4000244140625,181393
2025-11-07 04:25:00+00:00,2009.0,2009.800048828125,2004.0,2008.800048828125,224098
2025-11-07 04:30:00+00:00,2014.0,2014.4000244140625,2008.4000244140625,2009.0,212015
2025-11-07 04:35:00+00:00,2011.800048828125,2014.199951171875,2010.199951171875,2014.199951171875,49206
2025-11-07 04:40:00+00:00,2011.5,2014.0999755859375,2011.300048828125,2011.800048828125,68137
2025-11-07 04:45:00+00:00,2011.699951171875,2012.5,2009.5999755859375,2011.5,221846
2025-11-07 04:50:00+00:00,2013.0,2013.5999755859375,2010.0,2011.9000244140625,152017
2025-11-07 04:55:00+00:00,2010.699951171875,2013.4000244140625,2010.0,2013.0,140542
2025-11-07 05:00:00+00:00,2010.9000244140625,2012.0,2010.0999755859375,2010.699951171875,65275
2025-11-07 05:05:00+00:00,2009.800048828125,2011.699951171875,2009.5999755859375,2010.699951171875,110078
2025-11-07 05:10:00+00:00,2007.5,2010.0999755859375,2006.0,2010.0999755859375,160524
2025-11-07 05:15:00+00:00,2007.0,2009.0,2006.5999755859375,2007.5,127752
2025-11-07 05:20:00+00:00,1999.0,2007.0,1998.300048828125,2006.699951171875,279767
2025-11-07 05:25:00+00:00,1999.699951171875,2002.300048828125,1999.0,1999.5999755859375,110351
2025-11-07 05:30:00+00:00,2001.699951171875,2003.0,1999.0999755859375,1999.9000244140625,99733
2025-11-07 05:35:00+00:00,2000.5999755859375,2003.0,1999.699951171875,2002.300048828125,80129
2025-11-07 05:40:00+00:00,2002.699951171875,2004.0,2000.300048828125,2000.5999755859375,119369
2025-11-07 05:45:00+00:00,2002.0999755859375,2004.0,2002.0999755859375,2002.699951171875,52837
2025-11-07 05:50:00+00:00,2002.0,2003.0,2000.5999755859375,2002.699951171875,40990
2025-11-07 05:55:00+00:00,2004.5,2004.699951171875,2001.4000244140625,2002.0,85458
2025-11-07 06:00:00+00:00,2003.800048828125,2004.699951171875,2003.199951171875,2004.4000244140625,69022
2025-11-07 06:05:00+00:00,2003.699951171875,2004.699951171875,2003.5,2003.800048828125,32465
2025-11-07 06:10:00+00:00,1998.9000244140625,2003.9000244140625,1998.699951171875,2003.699951171875,124413
2025-11-07 06:15:00+00:00,2001.0,2001.5,1998.300048828125,1999.0,185191
2025-11-07 06:20:00+00:00,2001.800048828125,2002.0,2000.5999755859375,2001.199951171875,46674
2025-11-07 06:25:00+00:00,2002.0,2002.800048828125,2001.0,2001.9000244140625,59546
2025-11-07 06:30:00+00:00,2003.9000244140625,2004.0,2000.699951171875,2001.800048828125,98513
2025-11-07 06:35:00+00:00,2002.699951171875,2004.0,2002.0,2003.9000244140625,91572
2025-11-07 06:40:00+00:00,2006.800048828125,2007.0,2002.5,2002.5999755859375,131237
2025-11-07 06:45:00+00:00,2008.5,2009.4000244140625,2006.300048828125,2006.800048828125,97100
2025-11-07 06:50:00+00:00,2010.199951171875,2010.5,2007.300048828125,2008.9000244140625,70850
2025-11-07 06:55:00+00:00,2010.5999755859375,2012.699951171875,2009.9000244140625,2010.199951171875,108983
2025-11-07 07:00:00+00:00,2010.4000244140625,2012.4000244140625,2010.0,2010.300048828125,160903
2025-11-07 07:05:00+00:00,2009.5999755859375,2011.0,2009.5999755859375,2010.800048828125,37166
2025-11-07 07:10:00+00:00,2010.4000244140625,2012.0,2009.699951171875,2010.0,66752
2025-11-07 07:15:00+00:00,2010.9000244140625,2011.4000244140625,2009.9000244140625,2010.5,51082
2025-11-07 07:20:00+00:00,2010.0,2011.5999755859375,2010.0,2011.0,102236
2025-11-07 07:25:00+00:00,2009.300048828125,2010.300048828125,2007.5999755859375,2010.0999755859375,216285
2025-11-07 07:30:00+00:00,2009.9000244140625,2010.0999755859375,2007.199951171875,2009.0999755859375,92199
2025-11-07 07:35:00+00:00,2008.9000244140625,2010.5,2008.199951171875,2010.0,95692
2025-11-07 07:40:00+00:00,2010.800048828125,2011.0,2008.800048828125,2009.0,51008
2025-11-07 07:45:00+00:00,2011.5,2012.0,2010.699951171875,2010.699951171875,93526
2025-11-07 07:50:00+00:00,2010.199951171875,2011.5999755859375,2010.0,2011.5999755859375,68640
2025-11-07 07:55:00+00:00,2011.300048828125,2012.0,2010.0,2010.199951171875,126617
2025-11-07 08:00:00+00:00,2010.699951171875,2011.800048828125,2010.0,2011.800048828125,51494
2025-11-07 08:05:00+00:00,2010.0,2011.300048828125,2010.0,2010.699951171875,89999
2025-11-07 08:10:00+00:00,2010.4000244140625,2011.5,2010.0,2010.0999755859375,57066
2025-11-07 08:15:00+00:00,2010.300048828125,2011.0999755859375,2010.0,2010.4000244140625,51245
2025-11-07 08:20:00+00:00,2010.4000244140625,2011.5,2010.0,2011.0999755859375,79339
2025-11-07 08:25:00+00:00,2006.5999755859375,2010.5,2005.699951171875,2010.0,604525
2025-11-07 08:30:00+00:00,2007.0999755859375,2007.5999755859375,2005.699951171875,2006.800048828125,129541
2025-11-07 08:35:00+00:00,2007.300048828125,2008.199951171875,2006.9000244140625,2007.0999755859375,176559
2025-11-07 08:40:00+00:00,2007.4000244140625,2008.699951171875,2007.0,2007.300048828125,83063
2025-11-07 08:45:00+00:00,2008.0999755859375,2008.0999755859375,2007.0,2007.4000244140625,77011
2025-11-07 08:50:00+00:00,2008.0,2008.9000244140625,2008.0,2008.0999755859375,376749
2025-11-07 08:55:00+00:00,2008.0999755859375,2008.9000244140625,2008.0,2008.0,449482
2025-11-07 09:00:00+00:00,2007.5,2008.4000244140625,2007.0,2008.199951171875,198059
2025-11-07 09:05:00+00:00,2007.5999755859375,2008.5999755859375,2007.0,2007.4000244140625,124682
2025-11-07 09:10:00+00:00,2007.0,2007.9000244140625,2007.0,2007.5,62782
2025-11-07 09:15:00+00:00,2007.699951171875,2008.5,2007.0,2007.199951171875,106514
2025-11-07 09:20:00+00:00,2007.4000244140625,2008.300048828125,2007.0,2007.800048828125,133940
2025-11-07 09:25:00+00:00,2001.4000244140625,2007.9000244140625,2000.699951171875,2007.5,298853
2025-11-07 09:30:00+00:00,2002.4000244140625,2004.0,2000.4000244140625,2001.4000244140625,692087
2025-11-07 09:35:00+00:00,2000.5,2003.0999755859375,2000.0,2002.5,698159
2025-11-07 09:40:00+00:00,1997.9000244140625,2000.5,1995.800048828125,2000.5,809172
2025-11-07 09:45:00+00:00,2000.9000244140625,2001.9000244140625,1997.9000244140625,1998.0,542822
2025-11-07 09:50:00+00:00,2001.5,2006.199951171875,2000.800048828125,2001.0,748930
2025-11-07 09:55:00+00:00,2002.0,2003.0999755859375,2000.0,2001.5,363808
2025-11-10 03:45:00+00:00,2005.800048828125,2006.5,1995.0,1995.0,0
2025-11-10 03:50:00+00:00,2005.9000244140625,2006.4000244140625,1999.4000244140625,2006.199951171875,117063
2025-11-10 03:55:00+00:00,2006.9000244140625,2008.0,2005.199951171875,2005.9000244140625,64667
2025-11-10 04:00:00+00:00,2010.699951171875,2011.0,2006.5,2007.9000244140625,72541
2025-11-10 04:05:00+00:00,2010.199951171875,2011.0,2008.5999755859375,2010.800048828125,49693
2025-11-10 04:10:00+00:00,2009.0,2011.0,2008.5999755859375,2010.199951171875,45989
2025-11-10 04:15:00+00:00,2011.0,2011.0999755859375,2007.0999755859375,2009.0,44292
2025-11-10 04:20:00+00:00,2010.0,2012.199951171875,2009.5,2011.4000244140625,43527
2025-11-10 04:25:00+00:00,2007.5999755859375,2010.800048828125,2004.4000244140625,2009.9000244140625,87134
2025-11-10 04:30:00+00:00,2006.9000244140625,2008.0,2005.0,2007.699951171875,58423
2025-11-10 04:35:00+00:00,2012.699951171875,2012.699951171875,2006.199951171875,2007.9000244140625,114552
2025-11-10 04:40:00+00:00,2011.4000244140625,2013.199951171875,2011.4000244140625,2012.5999755859375,31545
2025-11-10 04:45:00+00:00,2011.9000244140625,2012.5,2011.4000244140625,2011.5,35079
2025-11-10 04:50:00+00:00,2010.4000244140625,2012.0,2010.199951171875,2011.9000244140625,24310
2025-11-10 04:55:00+00:00,2015.4000244140625,2015.4000244140625,2010.300048828125,2010.4000244140625,47279
2025-11-10 05:00:00+00:00,2016.9000244140625,2017.4000244140625,2013.800048828125,2015.0,44395
2025-11-10 05:05:00+00:00,2017.699951171875,2019.0,2016.0999755859375,2016.9000244140625,43469
2025-11-10 05:10:00+00:00,2019.0999755859375,2021.0,2017.699951171875,2017.699951171875,88559
2025-11-10 05:15:00+00:00,2017.0999755859375,2019.800048828125,2016.0999755859375,2019.4000244140625,50047
2025-11-10 05:20:00+00:00,2015.800048828125,2017.800048828125,2015.300048828125,2017.699951171875,43775
2025-11-10 05:25:00+00:00,2019.5,2020.5,2015.300048828125,2015.5,47801
2025-11-10 05:30:00+00:00,2017.0999755859375,2018.800048828125,2016.5,2018.800048828125,48860
2025-11-10 05:35:00+00:00,2014.0,2017.9000244140625,2012.5,2017.0999755859375,57191
2025-11-10 05:40:00+00:00,2014.800048828125,2015.4000244140625,2013.5,2014.300048828125,33689
2025-11-10 05:45:00+00:00,2014.5,2015.5999755859375,2014.199951171875,2015.0,34442
2025-11-10 05:50:00+00:00,2014.699951171875,2015.5999755859375,2013.699951171875,2014.5999755859375,40514
2025-11-10 05:55:00+00:00,2015.300048828125,2015.4000244140625,2014.0,2014.0,44732
2025-11-10 06:00:00+00:00,2012.0999755859375,2015.5999755859375,2012.0999755859375,2015.199951171875,24844
2025-11-10 06:05:00+00:00,2013.0,2013.800048828125,2012.0,2012.0,28589
2025-11-10 06:10:00+00:00,2014.5,2014.5,2012.699951171875,2013.300048828125,21957
2025-11-10 06:15:00+00:00,2011.199951171875,2015.0,2011.199951171875,2014.800048828125,30899
2025-11-10 06:20:00+00:00,2012.5,2013.699951171875,2011.5,2011.5,29264
2025-11-10 06:25:00+00:00,2012.0999755859375,2013.0999755859375,2011.300048828125,2012.5,28274
2025-11-10 06:30:00+00:00,2010.800048828125,2012.5,2010.300048828125,2012.199951171875,31547
2025-11-10 06:35:00+00:00,2011.5,2012.300048828125,2010.5999755859375,2010.800048828125,21308
2025-11-10 06:40:00+00:00,2014.199951171875,2015.0,2011.699951171875,2011.9000244140625,32916
2025-11-10 06:45:00+00:00,2012.0999755859375,2015.0,2011.0999755859375,2014.0,46597
2025-11-10 06:50:00+00:00,2013.5,2013.9000244140625,2011.300048828125,2012.0999755859375,51187
2025-11-10 06:55:00+00:00,2012.0,2013.800048828125,2011.0,2013.300048828125,42460
2025-11-10 07:00:00+00:00,2012.4000244140625,2013.0,2011.5,2012.0,33310
2025-11-10 07:05:00+00:00,2013.0,2013.9000244140625,2012.0999755859375,2012.4000244140625,35145
2025-11-10 07:10:00+00:00,2012.699951171875,2013.4000244140625,2012.0,2012.9000244140625,34137
2025-11-10 07:15:00+00:00,2012.800048828125,2013.9000244140625,2012.0,2012.699951171875,35374
2025-11-10 07:20:00+00:00,2016.4000244140625,2016.9000244140625,2012.5,2012.699951171875,64710
2025-11-10 07:25:00+00:00,2017.5,2017.5,2016.0999755859375,2016.4000244140625,46210
2025-11-10 07:30:00+00:00,2018.199951171875,2018.800048828125,2016.5,2017.699951171875,59438
2025-11-10 07:35:00+00:00,2017.4000244140625,2018.5,2017.4000244140625,2018.199951171875,49049
2025-11-10 07:40:00+00:00,2017.800048828125,2019.0,2017.0,2017.300048828125,49283
2025-11-10 07:45:00+00:00,2018.199951171875,2018.4000244140625,2017.0,2017.699951171875,54203
2025-11-10 07:50:00+00:00,2017.9000244140625,2019.0,2017.800048828125,2018.199951171875,27460
2025-11-10 07:55:00+00:00,2015.800048828125,2018.4000244140625,2014.300048828125,2018.300048828125,52713
2025-11-10 08:00:00+00:00,2016.9000244140625,2017.5,2015.9000244140625,2016.0,45064
2025-11-10 08:05:00+00:00,2020.800048828125,2020.9000244140625,2016.5,2017.0,318217
2025-11-10 08:10:00+00:00,2020.0,2021.800048828125,2020.0,2020.800048828125,86413
2025-11-10 08:15:00+00:00,2019.5,2020.300048828125,2015.699951171875,2020.199951171875,213535
2025-11-10 08:20:00+00:00,2019.800048828125,2020.0,2017.9000244140625,2019.5,157540
2025-11-10 08:25:00+00:00,2020.300048828125,2021.0,2019.5999755859375,2019.800048828125,53868
2025-11-10 08:30:00+00:00,2022.5,2022.5,2020.0,2020.5999755859375,74250
2025-11-10 08:35:00+00:00,2022.300048828125,2022.800048828125,2021.199951171875,2022.5,78164
2025-11-10 08:40:00+00:00,2021.699951171875,2022.5,2020.9000244140625,2022.300048828125,73253
2025-11-10 08:45:00+00:00,2021.800048828125,2022.699951171875,2021.199951171875,2021.9000244140625,44975
2025-11-10 08:50:00+00:00,2021.5,2022.5,2020.0,2021.800048828125,104400
2025-11-10 08:55:00+00:00,2022.5,2022.699951171875,2021.4000244140625,2021.5,35888
2025-11-10 09:00:00+00:00,2022.9000244140625,2023.5,2022.0999755859375,2022.5,37236
2025-11-10 09:05:00+00:00,2021.699951171875,2023.4000244140625,2021.5999755859375,2022.9000244140625,39776
2025-11-10 09:10:00+00:00,2019.5,2021.800048828125,2019.0999755859375,2021.699951171875,139787
2025-11-10 09:15:00+00:00,2025.800048828125,2026.5999755859375,2019.0999755859375,2019.5,483719
2025-11-10 09:20:00+00:00,2026.0999755859375,2027.300048828125,2025.0,2026.0,445799
2025-11-10 09:25:00+00:00,2025.0,2026.699951171875,2025.0,2025.9000244140625,227499
2025-11-10 09:30:00+00:00,2022.699951171875,2025.300048828125,2021.5,2025.0999755859375,277200
2025-11-10 09:35:00+00:00,2020.0,2022.699951171875,2019.0999755859375,2022.699951171875,320355
2025-11-10 09:40:00+00:00,2019.800048828125,2020.0999755859375,2019.199951171875,2020.0,325995
2025-11-10 09:45:00+00:00,2018.699951171875,2020.0999755859375,2018.0999755859375,2019.5,306366
2025-11-10 09:50:00+00:00,2016.300048828125,2018.800048828125,2015.699951171875,2018.800048828125,354780
2025-11-10 09:55:00+00:00,2022.0,2024.5,2015.5,2016.300048828125,306640
2025-11-11 03:45:00+00:00,2022.4000244140625,2029.4000244140625,2020.199951171875,2021.9000244140625,0
2025-11-11 03:50:00+00:00,2021.5,2023.699951171875,2019.800048828125,2021.300048828125,174905
2025-11-11 03:55:00+00:00,2023.0,2023.0,2019.800048828125,2020.5999755859375,133829
2025-11-11 04:00:00+00:00,2028.199951171875,2028.5999755859375,2022.5999755859375,2023.0,239085
2025-11-11 04:05:00+00:00,2031.5,2033.9000244140625,2028.5,2028.5999755859375,414534
2025-11-11 04:10:00+00:00,2032.199951171875,2033.9000244140625,2030.4000244140625,2031.5,177994
2025-11-11 04:15:00+00:00,2035.0,2036.0,2032.0,2032.300048828125,463080
2025-11-11 04:20:00+00:00,2036.5999755859375,2036.5999755859375,2033.0,2034.5999755859375,617825
2025-11-11 04:25:00+00:00,2039.0,2040.0,2036.800048828125,2036.800048828125,207105
2025-11-11 04:30:00+00:00,2045.5,2047.300048828125,2037.0999755859375,2039.0,188973
2025-11-11 04:35:00+00:00,2048.89990234375,2049.0,2042.5,2045.0999755859375,186536
2025-11-11 04:40:00+00:00,2049.0,2054.89990234375,2047.5,2048.10009765625,182430
2025-11-11 04:45:00+00:00,2046.5999755859375,2049.5,2044.9000244140625,2048.800048828125,214095
2025-11-11 04:50:00+00:00,2047.300048828125,2049.5,2045.699951171875,2046.699951171875,118768
2025-11-11 04:55:00+00:00,2054.10009765625,2055.0,2047.199951171875,2047.300048828125,144359
2025-11-11 05:00:00+00:00,2050.0,2055.0,2050.0,2054.10009765625,187070
2025-11-11 05:05:00+00:00,2050.10009765625,2051.0,2047.5,2050.0,125822
2025-11-11 05:10:00+00:00,2054.300048828125,2054.800048828125,2049.300048828125,2050.0,126510
2025-11-11 05:15:00+00:00,2053.699951171875,2056.800048828125,2053.39990234375,2054.199951171875,129652
2025-11-11 05:20:00+00:00,2051.800048828125,2055.10009765625,2051.5,2053.800048828125,144336
2025-11-11 05:25:00+00:00,2049.300048828125,2053.5,2048.5,2052.0,150646
2025-11-11 05:30:00+00:00,2043.4000244140625,2049.10009765625,2043.199951171875,2049.10009765625,150389
2025-11-11 05:35:00+00:00,2043.0,2044.199951171875,2042.0,2043.0999755859375,112193
2025-11-11 05:40:00+00:00,2041.699951171875,2043.0999755859375,2040.0,2043.0,150698
2025-11-11 05:45:00+00:00,2042.5,2044.199951171875,2041.0,2041.699951171875,73409
2025-11-11 05:50:00+00:00,2042.800048828125,2044.199951171875,2040.199951171875,2042.5999755859375,156100
2025-11-11 05:55:00+00:00,2041.300048828125,2043.0,2039.300048828125,2042.699951171875,112000
2025-11-11 06:00:00+00:00,2047.4000244140625,2047.5,2041.300048828125,2041.5,62917
2025-11-11 06:05:00+00:00,2051.10009765625,2051.199951171875,2047.199951171875,2047.4000244140625,63513
2025-11-11 06:10:00+00:00,2052.0,2052.699951171875,2050.10009765625,2051.300048828125,76634
2025-11-11 06:15:00+00:00,2049.60009765625,2052.0,2049.5,2051.89990234375,134193
2025-11-11 06:20:00+00:00,2049.5,2051.300048828125,2048.5,2049.699951171875,118696
2025-11-11 06:25:00+00:00,2046.0,2050.0,2046.0,2049.5,95999
2025-11-11 06:30:00+00:00,2044.9000244140625,2046.4000244140625,2044.199951171875,2046.0999755859375,102166
2025-11-11 06:35:00+00:00,2048.39990234375,2048.39990234375,2044.0,2044.800048828125,200056
2025-11-11 06:40:00+00:00,2048.39990234375,2049.5,2046.800048828125,2047.4000244140625,55741
2025-11-11 06:45:00+00:00,2049.0,2051.300048828125,2048.10009765625,2048.39990234375,76789
2025-11-11 06:50:00+00:00,2049.60009765625,2051.39990234375,2048.800048828125,2049.0,772056
2025-11-11 06:55:00+00:00,2049.300048828125,2049.699951171875,2047.5999755859375,2049.5,90744
2025-11-11 07:00:00+00:00,2050.10009765625,2051.5,2047.5,2049.39990234375,112100
2025-11-11 07:05:00+00:00,2048.39990234375,2050.5,2048.39990234375,2050.0,113240
2025-11-11 07:10:00+00:00,2049.199951171875,2050.10009765625,2048.39990234375,2048.5,108334
2025-11-11 07:15:00+00:00,2048.699951171875,2049.300048828125,2046.4000244140625,2049.300048828125,71842
2025-11-11 07:20:00+00:00,2046.5999755859375,2049.0,2046.5,2048.89990234375,51572
2025-11-11 07:25:00+00:00,2045.300048828125,2047.0999755859375,2044.699951171875,2046.5999755859375,77181
2025-11-11 07:30:00+00:00,2044.699951171875,2046.300048828125,2044.699951171875,2045.300048828125,75734
2025-11-11 07:35:00+00:00,2045.0,2046.0999755859375,2044.300048828125,2044.699951171875,68607
2025-11-11 07:40:00+00:00,2044.699951171875,2045.0,2043.199951171875,2045.0,56214
2025-11-11 07:45:00+00:00,2046.300048828125,2046.300048828125,2043.699951171875,2044.699951171875,104972
2025-11-11 07:50:00+00:00,2048.0,2048.5,2046.300048828125,2046.300048828125,93745
2025-11-11 07:55:00+00:00,2046.800048828125,2049.199951171875,2046.5,2048.199951171875,184368
2025-11-11 08:00:00+00:00,2047.800048828125,2048.89990234375,2046.5,2047.5999755859375,347281
2025-11-11 08:05:00+00:00,2046.699951171875,2048.5,2046.0,2047.800048828125,142371
2025-11-11 08:10:00+00:00,2045.0999755859375,2046.699951171875,2044.800048828125,2046.699951171875,156787
2025-11-11 08:15:00+00:00,2044.5999755859375,2045.5999755859375,2043.199951171875,2045.0999755859375,149600
2025-11-11 08:20:00+00:00,2044.5999755859375,2045.5,2043.300048828125,2044.5999755859375,145665
2025-11-11 08:25:00+00:00,2042.0,2044.5999755859375,2040.0999755859375,2044.5,234150
2025-11-11 08:30:00+00:00,2041.9000244140625,2042.5,2040.199951171875,2042.0,148296
2025-11-11 08:35:00+00:00,2044.300048828125,2045.0999755859375,2041.5,2041.9000244140625,161986
2025-11-11 08:40:00+00:00,2045.5999755859375,2048.0,2043.800048828125,2044.300048828125,116634
2025-11-11 08:45:00+00:00,2050.0,2050.5,2045.5999755859375,2045.9000244140625,140016
2025-11-11 08:50:00+00:00,2048.60009765625,2050.5,2047.5999755859375,2049.89990234375,169266
2025-11-11 08:55:00+00:00,2046.699951171875,2049.800048828125,2045.800048828125,2048.60009765625,141115
2025-11-11 09:00:00+00:00,2048.0,2048.0,2045.800048828125,2046.699951171875,121729
2025-11-11 09:05:00+00:00,2043.5,2048.10009765625,2043.5,2048.10009765625,193733
2025-11-11 09:10:00+00:00,2043.199951171875,2046.0,2043.199951171875,2043.5999755859375,417361
2025-11-11 09:15:00+00:00,2044.4000244140625,2045.5,2042.5,2043.0999755859375,175842
2025-11-11 09:20:00+00:00,2044.5,2046.4000244140625,2044.4000244140625,2044.699951171875,173885
2025-11-11 09:25:00+00:00,2043.4000244140625,2045.0999755859375,2043.300048828125,2044.5,211055
2025-11-11 09:30:00+00:00,2043.4000244140625,2045.0999755859375,2043.4000244140625,2043.4000244140625,440182
2025-11-11 09:35:00+00:00,2041.5,2044.0,2039.800048828125,2043.699951171875,627761
2025-11-11 09:40:00+00:00,2041.800048828125,2042.5999755859375,2039.199951171875,2041.5,609768
2025-11-11 09:45:00+00:00,2042.199951171875,2042.4000244140625,2041.0,2041.699951171875,514480
2025-11-11 09:50:00+00:00,2043.0999755859375,2044.0,2041.199951171875,2042.0999755859375,569896
2025-11-11 09:55:00+00:00,2042.300048828125,2046.800048828125,2042.0999755859375,2043.5,425190
2025-11-12 03:45:00+00:00,2063.5,2067.39990234375,2055.0,2057.699951171875,0
2025-11-12 03:50:00+00:00,2063.699951171875,2065.0,2061.39990234375,2063.5,128266
2025-11-12 03:55:00+00:00,2061.39990234375,2065.0,2061.39990234375,2063.699951171875,85001
2025-11-12 04:00:00+00:00,2069.10009765625,2071.199951171875,2060.5,2061.5,198469
2025-11-12 04:05:00+00:00,2065.89990234375,2070.199951171875,2065.39990234375,2069.0,86273
2025-11-12 04:10:00+00:00,2067.39990234375,2067.699951171875,2065.0,2065.60009765625,66832
2025-11-12 04:15:00+00:00,2064.89990234375,2067.39990234375,2063.800048828125,2067.39990234375,75426
2025-11-12 04:20:00+00:00,2066.89990234375,2067.39990234375,2063.60009765625,2064.800048828125,50043
2025-11-12 04:25:00+00:00,2065.89990234375,2068.199951171875,2065.89990234375,2066.89990234375,46665
2025-11-12 04:30:00+00:00,2066.5,2067.699951171875,2065.89990234375,2065.89990234375,43459
2025-11-12 04:35:00+00:00,2065.60009765625,2067.199951171875,2065.60009765625,2066.60009765625,28332
2025-11-12 04:40:00+00:00,2065.699951171875,2067.10009765625,2065.39990234375,2065.39990234375,32997
2025-11-12 04:45:00+00:00,2065.699951171875,2066.60009765625,2064.60009765625,2065.699951171875,56561
2025-11-12 04:50:00+00:00,2065.199951171875,2066.89990234375,2065.0,2065.699951171875,32258
2025-11-12 04:55:00+00:00,2066.800048828125,2067.0,2064.0,2065.10009765625,43544
2025-11-12 05:00:00+00:00,2063.800048828125,2066.89990234375,2063.800048828125,2066.89990234375,53697
2025-11-12 05:05:00+00:00,2065.0,2065.199951171875,2062.5,2063.89990234375,49302
2025-11-12 05:10:00+00:00,2066.5,2067.0,2064.89990234375,2065.0,46314
2025-11-12 05:15:00+00:00,2065.10009765625,2066.5,2065.0,2066.5,30392
2025-11-12 05:20:00+00:00,2065.0,2066.5,2064.0,2065.0,56048
2025-11-12 05:25:00+00:00,2065.0,2065.5,2064.0,2064.800048828125,61350
2025-11-12 05:30:00+00:00,2065.10009765625,2065.10009765625,2065.0,2065.10009765625,38848
2025-11-12 05:35:00+00:00,2065.800048828125,2066.39990234375,2064.199951171875,2065.0,115447
2025-11-12 05:40:00+00:00,2063.10009765625,2065.800048828125,2063.0,2065.800048828125,58108
2025-11-12 05:45:00+00:00,2065.199951171875,2065.699951171875,2063.10009765625,2063.199951171875,64358
2025-11-12 05:50:00+00:00,2066.0,2066.0,2065.0,2065.300048828125,41777
2025-11-12 05:55:00+00:00,2067.800048828125,2068.0,2065.800048828125,2065.89990234375,52077
2025-11-12 06:00:00+00:00,2067.10009765625,2068.199951171875,2066.5,2068.10009765625,47868
2025-11-12 06:05:00+00:00,2068.699951171875,2068.800048828125,2066.89990234375,2067.10009765625,50171
2025-11-12 06:10:00+00:00,2068.10009765625,2070.39990234375,2068.10009765625,2068.699951171875,90265
2025-11-12 06:15:00+00:00,2071.60009765625,2071.699951171875,2068.10009765625,2068.300048828125,81999
2025-11-12 06:20:00+00:00,2071.800048828125,2072.0,2069.89990234375,2071.60009765625,91625
2025-11-12 06:25:00+00:00,2069.39990234375,2072.0,2068.89990234375,2071.89990234375,71632
2025-11-12 06:30:00+00:00,2070.5,2070.5,2069.300048828125,2069.300048828125,65167
2025-11-12 06:35:00+00:00,2069.10009765625,2071.0,2068.300048828125,2070.5,76304
2025-11-12 06:40:00+00:00,2068.60009765625,2070.10009765625,2067.0,2069.10009765625,63412
2025-11-12 06:45:00+00:00,2067.300048828125,2068.800048828125,2067.300048828125,2068.60009765625,48843
2025-11-12 06:50:00+00:00,2067.89990234375,2068.199951171875,2067.10009765625,2067.199951171875,48449
2025-11-12 06:55:00+00:00,2068.60009765625,2069.89990234375,2067.300048828125,2067.699951171875,35945
2025-11-12 07:00:00+00:00,2068.0,2069.300048828125,2067.300048828125,2068.699951171875,38362
2025-11-12 07:05:00+00:00,2068.5,2069.39990234375,2067.5,2068.0,39313
2025-11-12 07:10:00+00:00,2069.300048828125,2070.10009765625,2068.39990234375,2068.39990234375,42974
2025-11-12 07:15:00+00:00,2069.199951171875,2070.0,2068.0,2069.199951171875,50692
2025-11-12 07:20:00+00:00,2068.5,2069.300048828125,2068.5,2069.199951171875,45958
2025-11-12 07:25:00+00:00,2069.199951171875,2070.699951171875,2067.10009765625,2068.199951171875,212596
2025-11-12 07:30:00+00:00,2070.0,2070.199951171875,2068.199951171875,2069.39990234375,58839
2025-11-12 07:35:00+00:00,2067.5,2070.300048828125,2067.39990234375,2070.0,60267
2025-11-12 07:40:00+00:00,2071.699951171875,2072.0,2067.699951171875,2067.699951171875,140534
2025-11-12 07:45:00+00:00,2069.699951171875,2071.699951171875,2069.0,2071.39990234375,49528
2025-11-12 07:50:00+00:00,2070.800048828125,2071.300048828125,2069.5,2069.699951171875,61899
2025-11-12 07:55:00+00:00,2069.10009765625,2072.0,2068.60009765625,2070.89990234375,201222
2025-11-12 08:00:00+00:00,2072.5,2072.89990234375,2069.10009765625,2069.199951171875,153528
2025-11-12 08:05:00+00:00,2074.699951171875,2075.0,2072.39990234375,2072.5,95662
2025-11-12 08:10:00+00:00,2074.300048828125,2075.39990234375,2071.800048828125,2074.699951171875,87566
2025-11-12 08:15:00+00:00,2075.0,2075.60009765625,2073.800048828125,2074.300048828125,68377
2025-11-12 08:20:00+00:00,2076.300048828125,2076.300048828125,2074.300048828125,2075.0,64311
2025-11-12 08:25:00+00:00,2075.300048828125,2078.0,2075.10009765625,2076.300048828125,72193
2025-11-12 08:30:00+00:00,2075.39990234375,2075.5,2075.10009765625,2075.5,60116
2025-11-12 08:35:00+00:00,2073.199951171875,2075.800048828125,2072.800048828125,2075.5,119152
2025-11-12 08:40:00+00:00,2073.300048828125,2074.89990234375,2072.5,2073.199951171875,105582
2025-11-12 08:45:00+00:00,2074.300048828125,2074.89990234375,2072.199951171875,2073.300048828125,106698
2025-11-12 08:50:00+00:00,2073.89990234375,2074.300048828125,2073.60009765625,2074.199951171875,90534
2025-11-12 08:55:00+00:00,2074.199951171875,2078.0,2073.800048828125,2073.89990234375,161882
2025-11-12 09:00:00+00:00,2072.5,2074.60009765625,2072.10009765625,2074.10009765625,110015
2025-11-12 09:05:00+00:00,2070.800048828125,2073.10009765625,2070.699951171875,2072.800048828125,94122
2025-11-12 09:10:00+00:00,2070.699951171875,2072.199951171875,2068.699951171875,2070.800048828125,177092
2025-11-12 09:15:00+00:00,2071.10009765625,2071.199951171875,2068.699951171875,2070.699951171875,103474
2025-11-12 09:20:00+00:00,2071.60009765625,2072.5,2070.0,2071.10009765625,99028
2025-11-12 09:25:00+00:00,2072.199951171875,2072.699951171875,2070.60009765625,2071.5,129561
2025-11-12 09:30:00+00:00,2073.89990234375,2074.5,2070.199951171875,2072.199951171875,468824
2025-11-12 09:35:00+00:00,2074.5,2076.0,2073.60009765625,2073.800048828125,441982
2025-11-12 09:40:00+00:00,2072.60009765625,2074.699951171875,2071.199951171875,2074.699951171875,419617
2025-11-12 09:45:00+00:00,2075.199951171875,2076.0,2071.0,2072.5,448395
2025-11-12 09:50:00+00:00,2075.0,2075.800048828125,2073.699951171875,2075.10009765625,425427
2025-11-12 09:55:00+00:00,2077.89990234375,2079.800048828125,2073.10009765625,2075.0,323443
2025-11-13 03:45:00+00:00,2098.10009765625,2100.800048828125,2085.300048828125,2085.699951171875,0
2025-11-13 03:50:00+00:00,2091.699951171875,2098.10009765625,2089.60009765625,2098.10009765625,156557
2025-11-13 03:55:00+00:00,2090.60009765625,2094.0,2090.0,2091.699951171875,84455
2025-11-13 04:00:00+00:00,2085.800048828125,2092.5,2085.10009765625,2090.0,87981
2025-11-13 04:05:00+00:00,2081.0,2087.89990234375,2080.89990234375,2085.800048828125,54464
2025-11-13 04:10:00+00:00,2084.60009765625,2085.0,2079.300048828125,2081.0,65467
2025-11-13 04:15:00+00:00,2087.0,2088.60009765625,2084.699951171875,2085.0,67262
2025-11-13 04:20:00+00:00,2087.0,2088.60009765625,2086.60009765625,2087.10009765625,30887
2025-11-13 04:25:00+00:00,2086.39990234375,2087.0,2083.5,2087.0,20627
2025-11-13 04:30:00+00:00,2085.199951171875,2086.300048828125,2084.5,2086.300048828125,52492
2025-11-13 04:35:00+00:00,2088.0,2088.0,2084.89990234375,2085.5,62113
2025-11-13 04:40:00+00:00,2089.0,2090.0,2087.699951171875,2087.89990234375,55007
2025-11-13 04:45:00+00:00,2087.5,2089.0,2087.0,2088.89990234375,29583
2025-11-13 04:50:00+00:00,2089.5,2089.5,2085.300048828125,2087.5,72390
2025-11-13 04:55:00+00:00,2091.199951171875,2091.199951171875,2088.699951171875,2089.60009765625,63924
2025-11-13 05:00:00+00:00,2090.5,2091.300048828125,2088.800048828125,2090.699951171875,113373
2025-11-13 05:05:00+00:00,2093.0,2093.199951171875,2090.39990234375,2090.5,42267
2025-11-13 05:10:00+00:00,2093.39990234375,2093.800048828125,2092.800048828125,2092.89990234375,29215
2025-11-13 05:15:00+00:00,2095.89990234375,2096.5,2093.300048828125,2093.39990234375,61387
2025-11-13 05:20:00+00:00,2092.800048828125,2096.0,2092.10009765625,2095.89990234375,98434
2025-11-13 05:25:00+00:00,2094.699951171875,2094.699951171875,2092.89990234375,2093.0,65386
2025-11-13 05:30:00+00:00,2097.800048828125,2098.0,2094.699951171875,2094.699951171875,39107
2025-11-13 05:35:00+00:00,2097.39990234375,2098.0,2097.0,2097.800048828125,32563
2025-11-13 05:40:00+00:00,2097.699951171875,2098.0,2096.199951171875,2097.300048828125,49048
2025-11-13 05:45:00+00:00,2103.699951171875,2103.89990234375,2097.60009765625,2097.699951171875,135064
2025-11-13 05:50:00+00:00,2105.0,2106.0,2103.0,2103.60009765625,117112
2025-11-13 05:55:00+00:00,2103.5,2106.699951171875,2103.5,2105.0,56675
2025-11-13 06:00:00+00:00,2101.0,2103.60009765625,2100.300048828125,2103.5,42546
2025-11-13 06:05:00+00:00,2100.89990234375,2102.0,2100.199951171875,2101.0,44731
2025-11-13 06:10:00+00:00,2098.300048828125,2100.89990234375,2098.199951171875,2100.89990234375,23325
2025-11-13 06:15:00+00:00,2098.60009765625,2098.89990234375,2098.199951171875,2098.199951171875,25209
2025-11-13 06:20:00+00:00,2099.199951171875,2099.89990234375,2098.0,2098.60009765625,37640
2025-11-13 06:25:00+00:00,2099.89990234375,2100.89990234375,2098.800048828125,2099.199951171875,74466
2025-11-13 06:30:00+00:00,2095.699951171875,2099.89990234375,2095.10009765625,2099.89990234375,41417
2025-11-13 06:35:00+00:00,2097.5,2098.60009765625,2095.60009765625,2095.699951171875,33919
2025-11-13 06:40:00+00:00,2096.699951171875,2098.5,2096.300048828125,2097.5,21452
2025-11-13 06:45:00+00:00,2097.800048828125,2098.0,2095.699951171875,2096.699951171875,28240
2025-11-13 06:50:00+00:00,2096.0,2099.10009765625,2095.699951171875,2098.0,52646
2025-11-13 06:55:00+00:00,2095.199951171875,2096.10009765625,2094.39990234375,2096.10009765625,45327
2025-11-13 07:00:00+00:00,2094.60009765625,2096.800048828125,2094.39990234375,2095.300048828125,36694
2025-11-13 07:05:00+00:00,2093.39990234375,2095.699951171875,2090.60009765625,2094.699951171875,94909
2025-11-13 07:10:00+00:00,2095.39990234375,2095.60009765625,2092.0,2093.199951171875,32930
2025-11-13 07:15:00+00:00,2095.699951171875,2096.800048828125,2095.10009765625,2095.5,25261
2025-11-13 07:20:00+00:00,2094.5,2096.699951171875,2093.800048828125,2095.699951171875,39965
2025-11-13 07:25:00+00:00,2097.0,2097.0,2094.5,2094.5,24277
2025-11-13 07:30:00+00:00,2097.10009765625,2099.0,2096.800048828125,2096.800048828125,24003
2025-11-13 07:35:00+00:00,2097.0,2097.10009765625,2096.0,2097.10009765625,20359
2025-11-13 07:40:00+00:00,2097.199951171875,2097.699951171875,2097.0,2097.0,23756
2025-11-13 07:45:00+00:00,2095.699951171875,2097.300048828125,2095.199951171875,2097.199951171875,20825
2025-11-13 07:50:00+00:00,2097.199951171875,2098.10009765625,2095.60009765625,2095.699951171875,36229
2025-11-13 07:55:00+00:00,2097.199951171875,2097.199951171875,2095.0,2096.199951171875,39632
2025-11-13 08:00:00+00:00,2098.10009765625,2098.300048828125,2097.10009765625,2097.199951171875,29302
2025-11-13 08:05:00+00:00,2098.5,2099.39990234375,2097.39990234375,2098.10009765625,42752
2025-11-13 08:10:00+00:00,2099.800048828125,2100.0,2098.39990234375,2098.5,28344
2025-11-13 08:15:00+00:00,2098.10009765625,2100.10009765625,2098.0,2099.800048828125,113541
2025-11-13 08:20:00+00:00,2099.5,2099.5,2096.800048828125,2098.10009765625,66039
2025-11-13 08:25:00+00:00,2092.60009765625,2101.0,2092.60009765625,2099.300048828125,97802
2025-11-13 08:30:00+00:00,2095.10009765625,2095.300048828125,2088.699951171875,2093.60009765625,185953
2025-11-13 08:35:00+00:00,2093.699951171875,2096.10009765625,2093.199951171875,2094.89990234375,96016
2025-11-13 08:40:00+00:00,2087.800048828125,2094.10009765625,2085.89990234375,2093.699951171875,65079
2025-11-13 08:45:00+00:00,2092.39990234375,2093.60009765625,2087.800048828125,2087.800048828125,79497
2025-11-13 08:50:00+00:00,2091.39990234375,2092.699951171875,2089.5,2092.300048828125,108586
2025-11-13 08:55:00+00:00,2092.5,2092.5,2090.10009765625,2091.5,150894
2025-11-13 09:00:00+00:00,2091.60009765625,2093.39990234375,2090.89990234375,2092.5,132127
2025-11-13 09:05:00+00:00,2091.300048828125,2092.10009765625,2089.39990234375,2091.89990234375,69681
2025-11-13 09:10:00+00:00,2093.800048828125,2095.800048828125,2091.199951171875,2091.199951171875,129545
2025-11-13 09:15:00+00:00,2095.0,2096.800048828125,2093.5,2093.699951171875,68394
2025-11-13 09:20:00+00:00,2090.39990234375,2095.300048828125,2088.89990234375,2095.0,136922
2025-11-13 09:25:00+00:00,2088.699951171875,2091.60009765625,2088.10009765625,2090.199951171875,135456
2025-11-13 09:30:00+00:00,2090.800048828125,2090.800048828125,2085.300048828125,2088.800048828125,182553
2025-11-13 09:35:00+00:00,2092.800048828125,2093.0,2088.300048828125,2090.800048828125,165779
2025-11-13 09:40:00+00:00,2092.199951171875,2093.89990234375,2091.699951171875,2092.699951171875,179363
2025-11-13 09:45:00+00:00,2092.0,2096.0,2091.89990234375,2092.300048828125,188759
2025-11-13 09:50:00+00:00,2093.10009765625,2094.10009765625,2091.199951171875,2092.300048828125,172805
2025-11-13 09:55:00+00:00,2093.0,2094.699951171875,2088.699951171875,2093.199951171875,138990
2025-11-14 03:45:00+00:00,2089.5,2090.5,2084.0,2086.5,0
2025-11-14 03:50:00+00:00,2083.60009765625,2092.0,2083.199951171875,2089.5,66655
2025-11-14 03:55:00+00:00,2087.0,2087.300048828125,2083.199951171875,2083.39990234375,55820
2025-11-14 04:00:00+00:00,2093.199951171875,2093.199951171875,2087.199951171875,2087.199951171875,121283
2025-11-14 04:05:00+00:00,2089.300048828125,2093.60009765625,2089.300048828125,2092.89990234375,40211
2025-11-14 04:10:00+00:00,2092.0,2093.5,2089.199951171875,2089.199951171875,48901
2025-11-14 04:15:00+00:00,2089.89990234375,2093.39990234375,2088.89990234375,2092.0,63556
2025-11-14 04:20:00+00:00,2086.199951171875,2090.0,2086.0,2089.800048828125,103538
2025-11-14 04:25:00+00:00,2088.10009765625,2088.699951171875,2084.60009765625,2086.199951171875,191653
2025-11-14 04:30:00+00:00,2084.39990234375,2088.199951171875,2082.800048828125,2088.10009765625,85077
2025-11-14 04:35:00+00:00,2085.39990234375,2087.39990234375,2084.199951171875,2084.39990234375,51034
2025-11-14 04:40:00+00:00,2085.0,2086.699951171875,2084.199951171875,2085.10009765625,37940
2025-11-14 04:45:00+00:00,2085.60009765625,2086.699951171875,2084.60009765625,2085.0,46866
2025-11-14 04:50:00+00:00,2084.89990234375,2087.0,2084.199951171875,2085.60009765625,50266
2025-11-14 04:55:00+00:00,2085.0,2085.800048828125,2084.5,2085.199951171875,45136
2025-11-14 05:00:00+00:00,2082.0,2085.10009765625,2082.0,2084.800048828125,73199
2025-11-14 05:05:00+00:00,2082.199951171875,2082.800048828125,2082.0,2082.0,46809
2025-11-14 05:10:00+00:00,2083.10009765625,2084.0,2082.0,2082.199951171875,73832
2025-11-14 05:15:00+00:00,2083.10009765625,2084.10009765625,2082.0,2083.199951171875,73150
2025-11-14 05:20:00+00:00,2085.300048828125,2085.89990234375,2082.39990234375,2082.89990234375,86589
2025-11-14 05:25:00+00:00,2086.199951171875,2086.699951171875,2084.0,2085.39990234375,74001
2025-11-14 05:30:00+00:00,2083.699951171875,2087.0,2083.60009765625,2087.0,54566
2025-11-14 05:35:00+00:00,2088.10009765625,2088.89990234375,2083.5,2083.699951171875,66959
2025-11-14 05:40:00+00:00,2088.199951171875,2090.89990234375,2087.39990234375,2088.0,48485
2025-11-14 05:45:00+00:00,2086.699951171875,2090.5,2086.5,2088.5,46707
2025-11-14 05:50:00+00:00,2086.300048828125,2088.60009765625,2086.300048828125,2086.60009765625,44229
2025-11-14 05:55:00+00:00,2084.699951171875,2086.300048828125,2084.10009765625,2086.300048828125,64412
2025-11-14 06:00:00+00:00,2084.10009765625,2085.699951171875,2083.39990234375,2084.89990234375,39183
2025-11-14 06:05:00+00:00,2085.0,2085.39990234375,2083.800048828125,2084.10009765625,47958
2025-11-14 06:10:00+00:00,2085.0,2085.199951171875,2084.699951171875,2084.89990234375,41667
2025-11-14 06:15:00+00:00,2084.199951171875,2086.5,2084.199951171875,2085.0,172839
2025-11-14 06:20:00+00:00,2085.199951171875,2086.10009765625,2084.0,2084.199951171875,53188
2025-11-14 06:25:00+00:00,2084.699951171875,2085.89990234375,2084.5,2085.300048828125,33912
2025-11-14 06:30:00+00:00,2085.10009765625,2085.10009765625,2084.199951171875,2084.699951171875,32245
2025-11-14 06:35:00+00:00,2084.0,2085.10009765625,2083.39990234375,2085.0,31430
2025-11-14 06:40:00+00:00,2085.60009765625,2087.199951171875,2084.10009765625,2084.10009765625,62243
2025-11-14 06:45:00+00:00,2085.60009765625,2086.300048828125,2084.60009765625,2085.199951171875,35123
2025-11-14 06:50:00+00:00,2086.0,2086.800048828125,2085.0,2085.800048828125,42536
2025-11-14 06:55:00+00:00,2086.5,2087.699951171875,2085.89990234375,2086.0,41676
2025-11-14 07:00:00+00:00,2085.300048828125,2087.39990234375,2085.300048828125,2086.5,37416
2025-11-14 07:05:00+00:00,2085.199951171875,2085.39990234375,2085.0,2085.300048828125,41263
2025-11-14 07:10:00+00:00,2085.89990234375,2086.800048828125,2085.0,2085.10009765625,42687
2025-11-14 07:15:00+00:00,2086.199951171875,2086.699951171875,2085.0,2086.300048828125,40616
2025-11-14 07:20:00+00:00,2086.5,2087.0,2085.699951171875,2086.199951171875,33683
2025-11-14 07:25:00+00:00,2087.0,2087.800048828125,2086.39990234375,2086.5,49195
2025-11-14 07:30:00+00:00,2085.5,2087.10009765625,2085.5,2087.0,42845
2025-11-14 07:35:00+00:00,2086.800048828125,2086.800048828125,2085.0,2085.5,51387
2025-11-14 07:40:00+00:00,2086.89990234375,2087.39990234375,2085.699951171875,2086.800048828125,53069
2025-11-14 07:45:00+00:00,2086.199951171875,2086.89990234375,2086.0,2086.89990234375,40527
2025-11-14 07:50:00+00:00,2085.60009765625,2087.199951171875,2085.5,2086.199951171875,45615
2025-11-14 07:55:00+00:00,2087.60009765625,2088.300048828125,2085.5,2085.699951171875,53900
2025-11-14 08:00:00+00:00,2086.39990234375,2087.60009765625,2085.800048828125,2087.60009765625,42341
2025-11-14 08:05:00+00:00,2086.60009765625,2088.699951171875,2086.39990234375,2086.5,60259
2025-11-14 08:10:00+00:00,2086.10009765625,2086.699951171875,2086.10009765625,2086.5,29065
2025-11-14 08:15:00+00:00,2085.89990234375,2087.199951171875,2085.0,2086.10009765625,51465
2025-11-14 08:20:00+00:00,2085.199951171875,2085.89990234375,2085.0,2085.89990234375,30386
2025-11-14 08:25:00+00:00,2085.60009765625,2086.10009765625,2085.10009765625,2085.199951171875,39368
2025-11-14 08:30:00+00:00,2085.39990234375,2085.89990234375,2085.0,2085.60009765625,42815
2025-11-14 08:35:00+00:00,2084.699951171875,2085.5,2084.199951171875,2085.39990234375,79625
2025-11-14 08:40:00+00:00,2086.5,2086.60009765625,2084.60009765625,2084.60009765625,69743
2025-11-14 08:45:00+00:00,2086.300048828125,2086.800048828125,2084.89990234375,2086.5,56272
2025-11-14 08:50:00+00:00,2085.10009765625,2087.0,2085.0,2086.300048828125,303644
2025-11-14 08:55:00+00:00,2085.60009765625,2087.0,2085.0,2085.199951171875,98525
2025-11-14 09:00:00+00:00,2085.800048828125,2087.199951171875,2085.0,2085.60009765625,73245
2025-11-14 09:05:00+00:00,2085.60009765625,2086.60009765625,2085.300048828125,2085.800048828125,57322
2025-11-14 09:10:00+00:00,2087.0,2088.300048828125,2085.10009765625,2085.699951171875,200000
2025-11-14 09:15:00+00:00,2086.800048828125,2088.0,2086.39990234375,2087.5,50559
2025-11-14 09:20:00+00:00,2085.199951171875,2087.5,2084.39990234375,2086.89990234375,124219
2025-11-14 09:25:00+00:00,2085.199951171875,2086.699951171875,2085.10009765625,2085.5,47492
2025-11-14 09:30:00+00:00,2101.39990234375,2102.300048828125,2085.300048828125,2085.300048828125,311130
2025-11-14 09:35:00+00:00,2107.5,2107.60009765625,2100.89990234375,2101.39990234375,272746
2025-11-14 09:40:00+00:00,2104.800048828125,2107.89990234375,2101.0,2107.5,289835
2025-11-14 09:45:00+00:00,2102.89990234375,2105.199951171875,2102.5,2104.800048828125,270572
2025-11-14 09:50:00+00:00,2098.0,2102.39990234375,2096.5,2102.39990234375,364355
2025-11-14 09:55:00+00:00,2097.89990234375,2102.39990234375,2096.800048828125,2098.0,228098
