Price,Close,High,Low,Open,Volume
Ticker,HDFCBANK.NS,HDFCBANK.NS,HDFCBANK.NS,HDFCBANK.NS,HDFCBANK.NS
Datetime,,,,,
2025-08-20 03:45:00+00:00,992.0499877929688,995.0,990.8499755859375,994.0,116900
2025-08-20 04:00:00+00:00,992.25,993.0499877929688,991.5,991.9500122070312,186291
2025-08-20 04:15:00+00:00,991.8499755859375,992.8499755859375,989.5999755859375,992.25,277432
2025-08-20 04:30:00+00:00,993.2000122070312,993.2000122070312,991.5499877929688,991.9000244140625,108271
2025-08-20 04:45:00+00:00,992.0499877929688,993.5499877929688,991.5,993.25,204370
2025-08-20 05:00:00+00:00,991.4500122070312,992.5499877929688,991.0,992.0499877929688,139961
2025-08-20 05:15:00+00:00,990.0,991.6500244140625,989.5999755859375,991.4500122070312,219513
2025-08-20 05:30:00+00:00,991.5499877929688,991.5999755859375,989.7999877929688,989.9500122070312,183386
2025-08-20 05:45:00+00:00,991.1500244140625,991.75,990.5499877929688,991.3499755859375,150672
2025-08-20 06:00:00+00:00,990.9000244140625,991.4500122070312,990.5499877929688,991.1500244140625,74003
2025-08-20 06:15:00+00:00,991.4500122070312,991.5499877929688,990.7999877929688,990.9000244140625,76612
2025-08-20 06:30:00+00:00,990.9000244140625,991.7999877929688,990.0499877929688,991.4000244140625,336149
2025-08-20 06:45:00+00:00,990.8499755859375,991.6500244140625,990.3499755859375,991.0999755859375,124609
2025-08-20 07:00:00+00:00,991.1500244140625,991.5999755859375,990.5,990.8499755859375,121900
2025-08-20 07:15:00+00:00,992.4500122070312,992.5,990.7999877929688,991.1500244140625,175118
2025-08-20 07:30:00+00:00,992.7000122070312,993.0499877929688,991.5,992.4500122070312,177733
2025-08-20 07:45:00+00:00,992.4000244140625,993.9500122070312,992.0499877929688,992.7000122070312,199520
2025-08-20 08:00:00+00:00,993.7000122070312,993.9000244140625,992.2999877929688,992.4000244140625,114896
2025-08-20 08:15:00+00:00,995.0,995.0,993.2999877929688,993.5999755859375,175885
2025-08-20 08:30:00+00:00,995.0499877929688,996.0,994.5,994.9500122070312,192940
2025-08-20 08:45:00+00:00,993.0499877929688,995.5,993.0499877929688,995.0999755859375,153955
2025-08-20 09:00:00+00:00,993.25,993.6500244140625,992.0999755859375,993.0499877929688,271139
2025-08-20 09:15:00+00:00,994.8499755859375,995.4000244140625,992.5999755859375,993.25,270881
2025-08-20 09:30:00+00:00,993.75,994.8499755859375,993.4500122070312,994.8499755859375,280238
2025-08-20 09:45:00+00:00,994.1500244140625,995.0999755859375,993.0,993.7000122070312,402709
2025-08-21 03:45:00+00:00,993.7000122070312,997.5,992.6500244140625,997.5,123567
2025-08-21 04:00:00+00:00,992.2000122070312,994.0,991.5999755859375,993.6500244140625,288631
2025-08-21 04:15:00+00:00,994.8499755859375,995.4500122070312,992.1500244140625,992.2000122070312,308468
2025-08-21 04:30:00+00:00,995.9500122070312,997.2000122070312,994.75,994.8499755859375,212558
2025-08-21 04:45:00+00:00,996.0999755859375,996.4000244140625,995.4000244140625,995.9500122070312,83947
2025-08-21 05:00:00+00:00,996.1500244140625,996.9000244140625,996.0,996.0,100623
2025-08-21 05:15:00+00:00,996.0,996.1500244140625,995.4500122070312,996.1500244140625,139081
2025-08-21 05:30:00+00:00,995.5499877929688,996.2999877929688,995.4000244140625,996.0,60282
2025-08-21 05:45:00+00:00,996.0499877929688,996.4000244140625,995.5499877929688,995.5499877929688,81459
2025-08-21 06:00:00+00:00,996.1500244140625,996.5,995.7000122070312,995.8499755859375,78637
2025-08-21 06:15:00+00:00,995.5499877929688,996.2000122070312,995.2000122070312,996.2000122070312,92237
2025-08-21 06:30:00+00:00,995.8499755859375,996.5,995.5,995.5499877929688,159003
2025-08-21 06:45:00+00:00,996.25,996.75,995.2000122070312,995.8499755859375,146081
2025-08-21 07:00:00+00:00,996.9000244140625,998.0,996.0999755859375,996.3499755859375,211865
2025-08-21 07:15:00+00:00,997.2999877929688,997.5999755859375,996.0499877929688,996.9000244140625,266847
2025-08-21 07:30:00+00:00,996.75,997.5,996.0,997.3499755859375,258629
2025-08-21 07:45:00+00:00,996.4000244140625,996.9000244140625,996.0,996.75,102619
2025-08-21 08:00:00+00:00,995.8499755859375,996.5,995.0,996.4000244140625,226313
2025-08-21 08:15:00+00:00,996.25,996.5,995.3499755859375,995.9500122070312,134639
2025-08-21 08:30:00+00:00,997.2999877929688,997.3499755859375,995.7999877929688,996.2999877929688,196197
2025-08-21 08:45:00+00:00,997.5,998.5,996.9000244140625,997.2999877929688,214011
2025-08-21 09:00:00+00:00,997.1500244140625,997.6500244140625,996.0499877929688,997.5499877929688,303379
2025-08-21 09:15:00+00:00,996.4500122070312,997.8499755859375,996.25,997.1500244140625,282031
2025-08-21 09:30:00+00:00,995.0999755859375,996.6500244140625,995.0,996.4000244140625,879108
2025-08-21 09:45:00+00:00,995.4500122070312,996.0,994.6500244140625,995.1500244140625,740411
2025-08-22 03:45:00+00:00,988.8499755859375,997.0,988.5999755859375,997.0,1033092
2025-08-22 04:00:00+00:00,987.2999877929688,988.6500244140625,986.2999877929688,988.6500244140625,673045
2025-08-22 04:15:00+00:00,986.0999755859375,987.5499877929688,985.7999877929688,987.5,212182
2025-08-22 04:30:00+00:00,982.6500244140625,986.0999755859375,982.5499877929688,986.0999755859375,415654
2025-08-22 04:45:00+00:00,980.2000122070312,982.7999877929688,978.5499877929688,982.6500244140625,594161
2025-08-22 05:00:00+00:00,980.7999877929688,981.0,979.5,980.4000244140625,357892
2025-08-22 05:15:00+00:00,981.5499877929688,981.8499755859375,980.5,980.7999877929688,202010
2025-08-22 05:30:00+00:00,981.5,982.7000122070312,980.5,981.5499877929688,231491
2025-08-22 05:45:00+00:00,982.7000122070312,983.5,981.0499877929688,981.5,265686
2025-08-22 06:00:00+00:00,982.75,983.1500244140625,982.1500244140625,982.75,184991
2025-08-22 06:15:00+00:00,983.75,983.8499755859375,982.4500122070312,982.5,204758
2025-08-22 06:30:00+00:00,983.7000122070312,985.0999755859375,982.75,983.75,719230
2025-08-22 06:45:00+00:00,983.5499877929688,984.1500244140625,983.0999755859375,984.0,213992
2025-08-22 07:00:00+00:00,984.0499877929688,984.1500244140625,983.0,983.5499877929688,292540
2025-08-22 07:15:00+00:00,983.4500122070312,984.6500244140625,983.0,984.0499877929688,199816
2025-08-22 07:30:00+00:00,984.7999877929688,985.0,983.0499877929688,983.4000244140625,281152
2025-08-22 07:45:00+00:00,984.9000244140625,986.0,984.4000244140625,984.6500244140625,257523
2025-08-22 08:00:00+00:00,985.5999755859375,986.0,984.75,984.9500122070312,236042
2025-08-22 08:15:00+00:00,984.9000244140625,986.2999877929688,984.75,985.7000122070312,304644
2025-08-22 08:30:00+00:00,984.2999877929688,985.0,984.0499877929688,984.8499755859375,270563
2025-08-22 08:45:00+00:00,982.6500244140625,984.5,981.2999877929688,984.4500122070312,373733
2025-08-22 09:00:00+00:00,982.9500122070312,983.2000122070312,981.5,982.9000244140625,370532
2025-08-22 09:15:00+00:00,982.9000244140625,983.4500122070312,982.4000244140625,982.9500122070312,252586
2025-08-22 09:30:00+00:00,982.5,983.0,981.5499877929688,983.0,706328
2025-08-22 09:45:00+00:00,982.75,982.75,981.5499877929688,982.5,1062654
2025-08-25 03:45:00+00:00,988.5,988.6500244140625,979.25,980.9500122070312,459711
2025-08-25 04:00:00+00:00,985.5,988.5999755859375,984.5999755859375,988.5999755859375,274233
2025-08-25 04:15:00+00:00,984.3499755859375,985.5999755859375,982.7000122070312,985.5499877929688,376306
2025-08-25 04:30:00+00:00,982.7999877929688,985.0999755859375,982.5,984.4000244140625,185020
2025-08-25 04:45:00+00:00,983.7999877929688,984.4500122070312,981.9500122070312,982.7000122070312,171883
2025-08-25 05:00:00+00:00,982.0999755859375,984.0,981.6500244140625,983.7000122070312,459132
2025-08-25 05:15:00+00:00,982.5,983.4500122070312,982.0,982.25,185809
2025-08-25 05:30:00+00:00,983.5499877929688,984.4500122070312,982.2000122070312,982.5,325246
2025-08-25 05:45:00+00:00,984.25,984.8499755859375,982.8499755859375,983.5999755859375,376401
2025-08-25 06:00:00+00:00,985.5999755859375,985.7000122070312,983.7999877929688,984.2999877929688,244983
2025-08-25 06:15:00+00:00,985.25,986.7000122070312,984.5,985.7000122070312,237987
2025-08-25 06:30:00+00:00,985.5,985.9500122070312,984.5999755859375,985.2999877929688,245736
2025-08-25 06:45:00+00:00,986.2999877929688,986.7999877929688,985.0,985.5,185991
2025-08-25 07:00:00+00:00,986.4500122070312,986.7999877929688,986.0,986.2999877929688,141791
2025-08-25 07:15:00+00:00,986.0999755859375,987.4000244140625,985.9500122070312,986.4500122070312,204035
2025-08-25 07:30:00+00:00,985.8499755859375,986.5,985.2000122070312,986.0999755859375,216219
2025-08-25 07:45:00+00:00,985.1500244140625,986.1500244140625,984.75,985.9000244140625,223037
2025-08-25 08:00:00+00:00,986.0,986.2000122070312,984.9000244140625,985.2999877929688,182592
2025-08-25 08:15:00+00:00,985.9000244140625,986.5999755859375,985.5499877929688,986.0,183025
2025-08-25 08:30:00+00:00,984.6500244140625,986.0,984.5,985.9000244140625,172618
2025-08-25 08:45:00+00:00,983.4000244140625,985.7999877929688,983.0999755859375,984.6500244140625,290377
2025-08-25 09:00:00+00:00,981.75,983.5499877929688,981.0,983.3499755859375,391621
2025-08-25 09:15:00+00:00,984.25,984.9500122070312,981.5499877929688,981.75,360317
2025-08-25 09:30:00+00:00,980.7999877929688,984.5499877929688,980.7999877929688,984.5499877929688,779020
2025-08-25 09:45:00+00:00,984.5999755859375,985.0,980.75,981.0,809683
2025-08-26 03:45:00+00:00,970.2999877929688,985.7000122070312,970.0999755859375,978.9000244140625,540504
2025-08-26 04:00:00+00:00,969.4000244140625,972.9000244140625,968.0999755859375,970.2999877929688,737575
2025-08-26 04:15:00+00:00,970.4000244140625,971.7999877929688,968.5,969.4000244140625,337440
2025-08-26 04:30:00+00:00,969.2000122070312,971.5,968.5,970.4000244140625,277466
2025-08-26 04:45:00+00:00,969.2999877929688,970.4000244140625,968.0,969.2000122070312,365507
2025-08-26 05:00:00+00:00,970.2999877929688,970.7999877929688,968.5999755859375,969.2000122070312,303345
2025-08-26 05:15:00+00:00,971.4000244140625,971.9000244140625,969.5,970.2000122070312,370170
2025-08-26 05:30:00+00:00,973.5,975.0999755859375,971.5,971.7000122070312,616627
2025-08-26 05:45:00+00:00,974.9000244140625,976.0,973.2999877929688,973.7999877929688,430289
2025-08-26 06:00:00+00:00,972.2999877929688,975.4000244140625,971.9000244140625,975.0999755859375,412597
2025-08-26 06:15:00+00:00,974.7000122070312,974.7000122070312,971.2999877929688,972.2999877929688,310591
2025-08-26 06:30:00+00:00,974.2999877929688,975.4000244140625,973.2999877929688,974.7000122070312,414618
2025-08-26 06:45:00+00:00,974.5999755859375,974.9000244140625,973.7000122070312,974.2999877929688,372124
2025-08-26 07:00:00+00:00,973.0999755859375,975.0,972.5999755859375,974.5999755859375,304543
2025-08-26 07:15:00+00:00,973.7999877929688,974.0,972.2999877929688,973.0999755859375,250974
2025-08-26 07:30:00+00:00,974.2000122070312,975.0,973.4000244140625,973.7999877929688,224432
2025-08-26 07:45:00+00:00,974.5999755859375,975.5999755859375,973.7000122070312,974.0999755859375,394759
2025-08-26 08:00:00+00:00,974.9000244140625,975.7000122070312,973.7999877929688,974.5,303595
2025-08-26 08:15:00+00:00,975.4000244140625,975.5999755859375,974.2000122070312,974.9000244140625,439822
2025-08-26 08:30:00+00:00,972.7999877929688,975.4000244140625,971.7999877929688,975.2999877929688,557797
2025-08-26 08:45:00+00:00,974.5999755859375,974.7999877929688,971.9000244140625,972.7999877929688,617890
2025-08-26 09:00:00+00:00,973.5,974.7000122070312,972.2999877929688,974.5,581597
2025-08-26 09:15:00+00:00,972.0999755859375,973.5999755859375,972.0,973.4000244140625,834720
2025-08-26 09:30:00+00:00,972.5999755859375,973.7000122070312,971.9000244140625,972.0999755859375,3380089
2025-08-26 09:45:00+00:00,972.2999877929688,975.2000122070312,971.0999755859375,972.9000244140625,2766595
2025-08-28 03:45:00+00:00,957.7000122070312,968.4000244140625,955.0,968.4000244140625,1022837
2025-08-28 04:00:00+00:00,960.2000122070312,962.7000122070312,956.2000122070312,957.9000244140625,958817
2025-08-28 04:15:00+00:00,961.7000122070312,962.7000122070312,959.0,960.2999877929688,1083556
2025-08-28 04:30:00+00:00,960.5999755859375,964.2999877929688,960.5999755859375,961.9000244140625,658744
2025-08-28 04:45:00+00:00,965.9000244140625,966.2000122070312,959.4000244140625,960.5999755859375,1617112
2025-08-28 05:00:00+00:00,968.4000244140625,968.9000244140625,965.7999877929688,966.0,715761
2025-08-28 05:15:00+00:00,971.0,971.5999755859375,968.2000122070312,968.4000244140625,636981
2025-08-28 05:30:00+00:00,970.9000244140625,971.9000244140625,969.2999877929688,971.2000122070312,409803
2025-08-28 05:45:00+00:00,970.5,971.5,969.5,970.9000244140625,505103
2025-08-28 06:00:00+00:00,970.7000122070312,972.0,970.4000244140625,970.5999755859375,454758
2025-08-28 06:15:00+00:00,968.4000244140625,970.9000244140625,968.0,970.7000122070312,531752
2025-08-28 06:30:00+00:00,967.7999877929688,968.5,966.7999877929688,968.4000244140625,637736
2025-08-28 06:45:00+00:00,966.5999755859375,968.5,965.4000244140625,968.0,403822
2025-08-28 07:00:00+00:00,965.7999877929688,966.7000122070312,965.4000244140625,966.5999755859375,354675
2025-08-28 07:15:00+00:00,964.5999755859375,966.9000244140625,963.9000244140625,965.7999877929688,568178
2025-08-28 07:30:00+00:00,962.2000122070312,964.7000122070312,961.5999755859375,964.5999755859375,588067
2025-08-28 07:45:00+00:00,962.4000244140625,963.2000122070312,961.0999755859375,962.2000122070312,395472
2025-08-28 08:00:00+00:00,962.7999877929688,963.2999877929688,961.0,962.4000244140625,443503
2025-08-28 08:15:00+00:00,960.2999877929688,962.7999877929688,960.0,962.7999877929688,536884
2025-08-28 08:30:00+00:00,962.2999877929688,963.7999877929688,960.4000244140625,960.4000244140625,831879
2025-08-28 08:45:00+00:00,960.7999877929688,963.0999755859375,959.0999755859375,962.5,778411
2025-08-28 09:00:00+00:00,959.9000244140625,961.2000122070312,959.0,960.5999755859375,989100
2025-08-28 09:15:00+00:00,958.2999877929688,959.9000244140625,957.0,959.9000244140625,1171853
2025-08-28 09:30:00+00:00,957.9000244140625,958.7999877929688,956.5999755859375,958.2999877929688,3618897
2025-08-28 09:45:00+00:00,961.7999877929688,961.7999877929688,957.4000244140625,958.0,2575180
2025-08-29 03:45:00+00:00,961.7000122070312,962.7000122070312,957.0,957.0,372662
2025-08-29 04:00:00+00:00,961.5,963.0999755859375,960.7999877929688,961.7000122070312,798610
2025-08-29 04:15:00+00:00,961.9000244140625,962.0999755859375,960.7000122070312,961.2999877929688,497897
2025-08-29 04:30:00+00:00,960.9000244140625,963.0,960.7999877929688,961.7999877929688,411625
2025-08-29 04:45:00+00:00,962.0999755859375,962.7999877929688,960.0,960.9000244140625,325781
2025-08-29 05:00:00+00:00,959.5999755859375,963.0,959.5999755859375,962.2999877929688,272011
2025-08-29 05:15:00+00:00,957.5,959.5999755859375,957.2999877929688,959.5,264162
2025-08-29 05:30:00+00:00,958.9000244140625,959.5,957.2999877929688,957.5,263932
2025-08-29 05:45:00+00:00,958.4000244140625,958.9000244140625,957.5999755859375,958.7000122070312,322814
2025-08-29 06:00:00+00:00,957.4000244140625,958.5,957.0,958.5,195012
2025-08-29 06:15:00+00:00,957.2999877929688,958.5,956.4000244140625,957.2999877929688,230595
2025-08-29 06:30:00+00:00,958.0999755859375,958.2999877929688,956.0999755859375,956.9000244140625,248925
2025-08-29 06:45:00+00:00,955.2999877929688,958.0999755859375,955.0999755859375,958.0,330649
2025-08-29 07:00:00+00:00,955.2999877929688,955.9000244140625,955.0,955.4000244140625,325475
2025-08-29 07:15:00+00:00,953.9000244140625,956.0,953.2999877929688,955.2999877929688,514330
2025-08-29 07:30:00+00:00,952.2999877929688,953.9000244140625,952.0,953.7000122070312,549138
2025-08-29 07:45:00+00:00,953.2999877929688,954.0,952.0999755859375,952.0999755859375,453561
2025-08-29 08:00:00+00:00,953.4000244140625,953.7000122070312,952.5999755859375,953.5999755859375,391382
2025-08-29 08:15:00+00:00,953.5,954.2000122070312,952.7999877929688,953.4000244140625,598931
2025-08-29 08:30:00+00:00,954.5,954.7000122070312,952.7000122070312,953.4000244140625,410485
2025-08-29 08:45:00+00:00,953.7000122070312,955.0999755859375,953.7000122070312,954.5999755859375,613361
2025-08-29 09:00:00+00:00,951.5999755859375,954.2999877929688,951.5999755859375,953.7000122070312,642598
2025-08-29 09:15:00+00:00,951.9000244140625,952.0999755859375,951.2000122070312,951.5999755859375,789446
2025-08-29 09:30:00+00:00,950.7999877929688,952.0999755859375,950.0999755859375,951.7999877929688,2034091
2025-08-29 09:45:00+00:00,953.4000244140625,953.7999877929688,950.7000122070312,950.7000122070312,2063801
2025-09-01 03:45:00+00:00,955.4500122070312,957.3499755859375,951.0499877929688,952.7999877929688,974806
2025-09-01 04:00:00+00:00,953.4500122070312,956.25,953.2999877929688,955.4500122070312,644549
2025-09-01 04:15:00+00:00,952.25,953.5,951.2999877929688,953.5,777928
2025-09-01 04:30:00+00:00,951.0,952.5999755859375,951.0,952.2000122070312,465936
2025-09-01 04:45:00+00:00,948.5999755859375,951.25,947.4500122070312,951.0999755859375,1195543
2025-09-01 05:00:00+00:00,947.4500122070312,948.75,947.0499877929688,948.5999755859375,622268
2025-09-01 05:15:00+00:00,948.25,949.0999755859375,947.25,947.5499877929688,583680
2025-09-01 05:30:00+00:00,948.0,948.5999755859375,947.5499877929688,948.3499755859375,500387
2025-09-01 05:45:00+00:00,947.9000244140625,948.0999755859375,946.5,948.0,610248
2025-09-01 06:00:00+00:00,948.2999877929688,949.0499877929688,947.7000122070312,948.5,397773
2025-09-01 06:15:00+00:00,947.7999877929688,948.7000122070312,947.75,948.2999877929688,394502
2025-09-01 06:30:00+00:00,948.8499755859375,948.9000244140625,947.2000122070312,947.9000244140625,463189
2025-09-01 06:45:00+00:00,950.4000244140625,950.6500244140625,948.2999877929688,948.8499755859375,619525
2025-09-01 07:00:00+00:00,950.5499877929688,951.4000244140625,950.0,950.4000244140625,423416
2025-09-01 07:15:00+00:00,950.5999755859375,951.2000122070312,949.75,950.5499877929688,468664
2025-09-01 07:30:00+00:00,951.5999755859375,951.7999877929688,950.0,950.5999755859375,632190
2025-09-01 07:45:00+00:00,951.6500244140625,952.2000122070312,950.9500122070312,951.5,651382
2025-09-01 08:00:00+00:00,950.9500122070312,952.0,950.75,951.6500244140625,511843
2025-09-01 08:15:00+00:00,949.9000244140625,951.0499877929688,949.5999755859375,951.0499877929688,657537
2025-09-01 08:30:00+00:00,950.5,950.7999877929688,949.7000122070312,949.8499755859375,743118
2025-09-01 08:45:00+00:00,949.3499755859375,950.7000122070312,949.0999755859375,950.4500122070312,524622
2025-09-01 09:00:00+00:00,951.5,951.9500122070312,949.2999877929688,949.5499877929688,772533
2025-09-01 09:15:00+00:00,950.9500122070312,951.5,950.25,951.5,798850
2025-09-01 09:30:00+00:00,950.25,951.2000122070312,949.9500122070312,950.9500122070312,1650217
2025-09-01 09:45:00+00:00,950.5999755859375,951.5,950.2000122070312,950.25,1658733
2025-09-02 03:45:00+00:00,953.0499877929688,953.5,950.7000122070312,953.25,264956
2025-09-02 04:00:00+00:00,951.6500244140625,953.7999877929688,951.5,953.2999877929688,317900
2025-09-02 04:15:00+00:00,951.5999755859375,951.9000244140625,950.5999755859375,951.5,467856
2025-09-02 04:30:00+00:00,952.2000122070312,953.1500244140625,951.3499755859375,951.5,294649
2025-09-02 04:45:00+00:00,951.9000244140625,952.25,950.8499755859375,952.1500244140625,351362
2025-09-02 05:00:00+00:00,951.9500122070312,952.0,951.0,951.9000244140625,356448
2025-09-02 05:15:00+00:00,953.5,953.7999877929688,951.9000244140625,951.9500122070312,395461
2025-09-02 05:30:00+00:00,953.4000244140625,954.0,953.0,953.5,343076
2025-09-02 05:45:00+00:00,952.2999877929688,953.3499755859375,951.4000244140625,953.2000122070312,433700
2025-09-02 06:00:00+00:00,952.2000122070312,952.6500244140625,950.8499755859375,952.4500122070312,416756
2025-09-02 06:15:00+00:00,951.8499755859375,952.25,951.4500122070312,952.0499877929688,223881
2025-09-02 06:30:00+00:00,951.75,952.2999877929688,951.25,951.8499755859375,271772
2025-09-02 06:45:00+00:00,952.0,952.4500122070312,951.0,951.75,359845
2025-09-02 07:00:00+00:00,952.0999755859375,953.7000122070312,951.4500122070312,952.0,590390
2025-09-02 07:15:00+00:00,952.6500244140625,953.25,951.9500122070312,952.3499755859375,371659
2025-09-02 07:30:00+00:00,952.4500122070312,953.5999755859375,951.9000244140625,952.7999877929688,441405
2025-09-02 07:45:00+00:00,950.4500122070312,952.8499755859375,950.0,952.4000244140625,607382
2025-09-02 08:00:00+00:00,949.0,950.9000244140625,948.3499755859375,950.4500122070312,541339
2025-09-02 08:15:00+00:00,946.4500122070312,950.0,946.0999755859375,948.9500122070312,554894
2025-09-02 08:30:00+00:00,945.0999755859375,946.9500122070312,944.0999755859375,946.4500122070312,996223
2025-09-02 08:45:00+00:00,944.5999755859375,946.2000122070312,944.0499877929688,945.1500244140625,1248778
2025-09-02 09:00:00+00:00,946.0499877929688,946.4500122070312,944.25,944.5499877929688,726869
2025-09-02 09:15:00+00:00,945.5,947.1500244140625,944.25,946.0499877929688,741825
2025-09-02 09:30:00+00:00,944.4000244140625,945.75,944.2000122070312,945.4500122070312,1181384
2025-09-02 09:45:00+00:00,944.5,945.0,944.0,944.3499755859375,1126248
2025-09-03 03:45:00+00:00,942.7000122070312,945.0499877929688,940.2999877929688,943.9000244140625,480104
2025-09-03 04:00:00+00:00,940.5,943.0499877929688,940.0,942.7000122070312,505832
2025-09-03 04:15:00+00:00,942.1500244140625,943.1500244140625,940.2999877929688,940.5,473476
2025-09-03 04:30:00+00:00,945.1500244140625,945.2999877929688,941.5999755859375,942.1500244140625,725510
2025-09-03 04:45:00+00:00,945.0,945.4000244140625,944.0,945.0999755859375,273355
2025-09-03 05:00:00+00:00,941.5499877929688,945.0,941.0999755859375,945.0,385249
2025-09-03 05:15:00+00:00,941.7000122070312,942.0,940.5,941.5499877929688,506671
2025-09-03 05:30:00+00:00,941.7999877929688,942.4500122070312,940.25,941.7000122070312,732189
2025-09-03 05:45:00+00:00,941.75,942.75,940.5499877929688,941.75,444326
2025-09-03 06:00:00+00:00,942.25,942.5,941.0999755859375,941.7000122070312,175398
2025-09-03 06:15:00+00:00,942.4500122070312,942.4500122070312,941.2999877929688,942.25,211824
2025-09-03 06:30:00+00:00,943.5,943.5999755859375,942.2000122070312,942.5499877929688,242065
2025-09-03 06:45:00+00:00,943.7000122070312,944.4500122070312,943.3499755859375,943.5499877929688,213977
2025-09-03 07:00:00+00:00,943.7999877929688,944.5,943.5,943.75,162488
2025-09-03 07:15:00+00:00,942.0999755859375,944.1500244140625,941.5999755859375,943.5499877929688,336723
2025-09-03 07:30:00+00:00,942.6500244140625,943.25,942.0499877929688,942.1500244140625,243383
2025-09-03 07:45:00+00:00,943.5999755859375,944.0999755859375,942.7999877929688,942.8499755859375,215627
2025-09-03 08:00:00+00:00,944.9000244140625,945.0,943.0,943.5999755859375,392258
2025-09-03 08:15:00+00:00,946.5499877929688,946.9500122070312,944.5499877929688,944.7000122070312,588876
2025-09-03 08:30:00+00:00,949.2999877929688,950.25,946.0499877929688,946.5499877929688,872317
2025-09-03 08:45:00+00:00,949.4500122070312,949.7999877929688,948.5999755859375,949.2999877929688,585439
2025-09-03 09:00:00+00:00,950.6500244140625,951.0999755859375,949.4000244140625,949.4000244140625,730002
2025-09-03 09:15:00+00:00,953.0999755859375,953.0999755859375,950.5499877929688,950.6500244140625,824996
2025-09-03 09:30:00+00:00,955.4500122070312,956.2999877929688,952.5,953.0999755859375,2556433
2025-09-03 09:45:00+00:00,954.4500122070312,955.2999877929688,952.5,955.0999755859375,1638726
2025-09-04 03:45:00+00:00,960.5499877929688,961.6500244140625,956.3499755859375,961.6500244140625,577637
2025-09-04 04:00:00+00:00,961.2999877929688,961.8499755859375,960.0999755859375,960.5999755859375,628932
2025-09-04 04:15:00+00:00,961.75,963.0999755859375,960.9500122070312,961.4000244140625,490448
2025-09-04 04:30:00+00:00,958.75,962.7999877929688,958.75,961.75,442151
2025-09-04 04:45:00+00:00,958.5999755859375,960.4000244140625,958.0,958.7000122070312,602920
2025-09-04 05:00:00+00:00,959.2000122070312,959.5,956.2999877929688,958.5999755859375,623629
2025-09-04 05:15:00+00:00,959.5,960.0,958.0,959.1500244140625,313165
2025-09-04 05:30:00+00:00,959.5499877929688,960.75,959.5499877929688,959.7000122070312,228553
2025-09-04 05:45:00+00:00,962.2999877929688,962.4500122070312,959.5499877929688,959.6500244140625,317381
2025-09-04 06:00:00+00:00,962.8499755859375,964.0499877929688,961.0,962.4500122070312,877259
2025-09-04 06:15:00+00:00,961.5499877929688,963.4000244140625,960.3499755859375,962.9000244140625,896555
2025-09-04 06:30:00+00:00,962.0999755859375,963.4500122070312,960.7999877929688,961.75,848558
2025-09-04 06:45:00+00:00,962.4000244140625,962.5999755859375,960.4500122070312,962.0999755859375,498316
2025-09-04 07:00:00+00:00,964.8499755859375,964.8499755859375,962.0999755859375,962.4500122070312,657488
2025-09-04 07:15:00+00:00,964.2000122070312,965.6500244140625,963.0499877929688,964.8499755859375,497850
2025-09-04 07:30:00+00:00,962.9500122070312,964.9000244140625,962.5,964.1500244140625,515509
2025-09-04 07:45:00+00:00,963.6500244140625,964.3499755859375,962.6500244140625,963.0499877929688,392338
2025-09-04 08:00:00+00:00,962.9500122070312,964.5999755859375,962.4000244140625,963.6500244140625,556186
2025-09-04 08:15:00+00:00,962.4500122070312,963.3499755859375,960.9500122070312,963.0499877929688,872736
2025-09-04 08:30:00+00:00,962.4500122070312,964.0,962.25,962.4000244140625,457729
2025-09-04 08:45:00+00:00,959.5499877929688,962.8499755859375,958.0499877929688,962.5999755859375,635010
2025-09-04 09:00:00+00:00,962.2000122070312,962.7000122070312,959.4000244140625,959.8499755859375,860229
2025-09-04 09:15:00+00:00,960.4000244140625,962.7000122070312,959.8499755859375,962.2000122070312,1066243
2025-09-04 09:30:00+00:00,960.4000244140625,962.2000122070312,960.2000122070312,960.4000244140625,1235406
2025-09-04 09:45:00+00:00,961.25,962.3499755859375,960.0999755859375,960.4000244140625,1111749
2025-09-05 03:45:00+00:00,959.4000244140625,965.9500122070312,958.9000244140625,965.0999755859375,334145
2025-09-05 04:00:00+00:00,959.9000244140625,960.9500122070312,959.4500122070312,959.7000122070312,246876
2025-09-05 04:15:00+00:00,958.2999877929688,960.0,958.0,959.7999877929688,230652
2025-09-05 04:30:00+00:00,956.5999755859375,958.4500122070312,956.5,958.2999877929688,255021
2025-09-05 04:45:00+00:00,956.4500122070312,957.4000244140625,954.0499877929688,956.5499877929688,315720
2025-09-05 05:00:00+00:00,955.9500122070312,956.5999755859375,954.75,956.4500122070312,248803
2025-09-05 05:15:00+00:00,955.5999755859375,956.7000122070312,954.7000122070312,956.1500244140625,391052
2025-09-05 05:30:00+00:00,957.0999755859375,957.3499755859375,955.0499877929688,955.7999877929688,147164
2025-09-05 05:45:00+00:00,958.7999877929688,958.9000244140625,956.8499755859375,957.0999755859375,312966
2025-09-05 06:00:00+00:00,958.7999877929688,959.2999877929688,957.7000122070312,958.7999877929688,385568
2025-09-05 06:15:00+00:00,958.25,959.2999877929688,958.0,958.75,263152
2025-09-05 06:30:00+00:00,958.1500244140625,958.5,957.9500122070312,958.25,144622
2025-09-05 06:45:00+00:00,958.4500122070312,958.7000122070312,957.7999877929688,958.1500244140625,143174
2025-09-05 07:00:00+00:00,958.2000122070312,958.7000122070312,957.5499877929688,958.4000244140625,437696
2025-09-05 07:15:00+00:00,957.0499877929688,958.2000122070312,956.6500244140625,958.0499877929688,446507
2025-09-05 07:30:00+00:00,957.3499755859375,958.0499877929688,956.7999877929688,957.0999755859375,765342
2025-09-05 07:45:00+00:00,958.2000122070312,959.0,957.2000122070312,957.4500122070312,390980
2025-09-05 08:00:00+00:00,960.0499877929688,960.2999877929688,958.1500244140625,958.2000122070312,475437
2025-09-05 08:15:00+00:00,963.6500244140625,963.75,960.0,960.0999755859375,853536
2025-09-05 08:30:00+00:00,962.2000122070312,964.2999877929688,962.0499877929688,963.5499877929688,558369
2025-09-05 08:45:00+00:00,964.2000122070312,964.5999755859375,962.2000122070312,962.25,598712
2025-09-05 09:00:00+00:00,962.5499877929688,965.0,962.5,964.0999755859375,574979
2025-09-05 09:15:00+00:00,964.75,965.0,962.5,962.5499877929688,300037
2025-09-05 09:30:00+00:00,963.1500244140625,964.75,962.9000244140625,964.5499877929688,937672
2025-09-05 09:45:00+00:00,963.4000244140625,964.2000122070312,961.4500122070312,963.2000122070312,516869
2025-09-08 03:45:00+00:00,964.0999755859375,966.9000244140625,962.0,965.2000122070312,475337
2025-09-08 04:00:00+00:00,966.2999877929688,967.3499755859375,963.7000122070312,964.0,484401
2025-09-08 04:15:00+00:00,963.25,966.6500244140625,962.0999755859375,966.5999755859375,253237
2025-09-08 04:30:00+00:00,963.25,965.2000122070312,963.0,963.3499755859375,251531
2025-09-08 04:45:00+00:00,962.5499877929688,964.9500122070312,962.4500122070312,963.0,308172
2025-09-08 05:00:00+00:00,962.9500122070312,963.4000244140625,960.5,962.5,384019
2025-09-08 05:15:00+00:00,964.2999877929688,964.2999877929688,962.5999755859375,962.9500122070312,217630
2025-09-08 05:30:00+00:00,966.0499877929688,966.25,963.4000244140625,964.2999877929688,213374
2025-09-08 05:45:00+00:00,968.7000122070312,968.7999877929688,966.0499877929688,966.0999755859375,715314
2025-09-08 06:00:00+00:00,970.4500122070312,970.9000244140625,968.0999755859375,968.7000122070312,543590
2025-09-08 06:15:00+00:00,969.4000244140625,970.7999877929688,968.4000244140625,970.5,392026
2025-09-08 06:30:00+00:00,970.0,970.4000244140625,968.8499755859375,969.4000244140625,277709
2025-09-08 06:45:00+00:00,969.2999877929688,970.5499877929688,968.7000122070312,970.0,219815
2025-09-08 07:00:00+00:00,970.2999877929688,970.5499877929688,968.5,969.2999877929688,276651
2025-09-08 07:15:00+00:00,970.75,970.9000244140625,969.75,970.3499755859375,321302
2025-09-08 07:30:00+00:00,971.2000122070312,971.75,969.9000244140625,970.7999877929688,289905
2025-09-08 07:45:00+00:00,970.3499755859375,971.4500122070312,969.8499755859375,971.2000122070312,285876
2025-09-08 08:00:00+00:00,970.5499877929688,970.8499755859375,970.0,970.5499877929688,283362
2025-09-08 08:15:00+00:00,970.0999755859375,970.7999877929688,969.5,970.5999755859375,324405
2025-09-08 08:30:00+00:00,969.5999755859375,970.5,968.7000122070312,970.25,710616
2025-09-08 08:45:00+00:00,969.9500122070312,970.9500122070312,968.9500122070312,969.5999755859375,445637
2025-09-08 09:00:00+00:00,973.0499877929688,973.1500244140625,970.0,970.0,458166
2025-09-08 09:15:00+00:00,969.0499877929688,973.0999755859375,965.25,973.0999755859375,877566
2025-09-08 09:30:00+00:00,966.2999877929688,969.0999755859375,965.0,969.0999755859375,963220
2025-09-08 09:45:00+00:00,966.0,968.2999877929688,965.2999877929688,966.2999877929688,896286
2025-09-09 03:45:00+00:00,971.6500244140625,974.4000244140625,970.0499877929688,970.75,639054
2025-09-09 04:00:00+00:00,970.2999877929688,972.5999755859375,969.75,971.75,500421
2025-09-09 04:15:00+00:00,969.8499755859375,970.6500244140625,969.5,970.5499877929688,281532
2025-09-09 04:30:00+00:00,969.9000244140625,971.0,969.0,969.8499755859375,270584
2025-09-09 04:45:00+00:00,969.5499877929688,970.9000244140625,969.2000122070312,969.9000244140625,279573
2025-09-09 05:00:00+00:00,968.7000122070312,969.5999755859375,968.2999877929688,969.5,311297
2025-09-09 05:15:00+00:00,968.25,968.9000244140625,967.0499877929688,968.6500244140625,220880
2025-09-09 05:30:00+00:00,967.8499755859375,968.7999877929688,966.9500122070312,968.25,402298
2025-09-09 05:45:00+00:00,966.8499755859375,968.0,966.25,968.0,230155
2025-09-09 06:00:00+00:00,967.5,968.5499877929688,966.25,966.8499755859375,518142
2025-09-09 06:15:00+00:00,966.9000244140625,967.5,966.2000122070312,967.5,278981
2025-09-09 06:30:00+00:00,967.25,967.5999755859375,965.75,966.8499755859375,430377
2025-09-09 06:45:00+00:00,967.5,969.7000122070312,967.25,967.2999877929688,584528
2025-09-09 07:00:00+00:00,968.2999877929688,968.7999877929688,967.0,967.4500122070312,414197
2025-09-09 07:15:00+00:00,967.5499877929688,969.1500244140625,966.2999877929688,968.2000122070312,319117
2025-09-09 07:30:00+00:00,967.9500122070312,968.4000244140625,967.0,967.5,308878
2025-09-09 07:45:00+00:00,968.0499877929688,968.5999755859375,967.4000244140625,968.0,182161
2025-09-09 08:00:00+00:00,968.5,969.0,967.7999877929688,968.2000122070312,285684
2025-09-09 08:15:00+00:00,967.0,968.5499877929688,966.9000244140625,968.4000244140625,170289
2025-09-09 08:30:00+00:00,967.2999877929688,967.5999755859375,966.3499755859375,967.0,326756
2025-09-09 08:45:00+00:00,966.7999877929688,967.5,965.3499755859375,967.2000122070312,402092
2025-09-09 09:00:00+00:00,964.5499877929688,967.5999755859375,963.6500244140625,966.75,709199
2025-09-09 09:15:00+00:00,965.9000244140625,966.4500122070312,964.0999755859375,964.5,630456
2025-09-09 09:30:00+00:00,965.5,966.2999877929688,964.0999755859375,965.8499755859375,2054942
2025-09-09 09:45:00+00:00,966.4000244140625,966.4000244140625,963.9000244140625,965.5,1796533
2025-09-10 03:45:00+00:00,968.0499877929688,971.9500122070312,965.5,971.9500122070312,581797
2025-09-10 04:00:00+00:00,968.1500244140625,968.5499877929688,967.25,968.0499877929688,401723
2025-09-10 04:15:00+00:00,967.2000122070312,968.4500122070312,966.9000244140625,968.0999755859375,414622
2025-09-10 04:30:00+00:00,966.0499877929688,967.5999755859375,966.0,967.3499755859375,333646
2025-09-10 04:45:00+00:00,968.4000244140625,970.0,965.75,966.0499877929688,3185686
2025-09-10 05:00:00+00:00,966.8499755859375,969.7000122070312,966.5499877929688,968.5,659371
2025-09-10 05:15:00+00:00,967.75,968.75,966.1500244140625,966.8499755859375,316224
2025-09-10 05:30:00+00:00,967.2000122070312,968.5999755859375,967.0999755859375,967.75,335061
2025-09-10 05:45:00+00:00,965.4500122070312,967.5499877929688,965.0999755859375,967.3499755859375,338952
2025-09-10 06:00:00+00:00,965.8499755859375,966.4500122070312,965.3499755859375,965.4000244140625,199360
2025-09-10 06:15:00+00:00,964.5499877929688,965.7999877929688,964.3499755859375,965.7999877929688,310065
2025-09-10 06:30:00+00:00,965.9000244140625,966.7999877929688,964.4500122070312,964.5999755859375,405855
2025-09-10 06:45:00+00:00,965.9000244140625,966.5999755859375,965.2000122070312,965.9000244140625,302525
2025-09-10 07:00:00+00:00,966.0,966.1500244140625,965.2999877929688,965.8499755859375,331741
2025-09-10 07:15:00+00:00,964.0499877929688,966.25,963.5499877929688,966.1500244140625,454965
2025-09-10 07:30:00+00:00,962.8499755859375,964.2999877929688,962.7999877929688,964.0999755859375,315462
2025-09-10 07:45:00+00:00,962.5999755859375,963.0,961.9500122070312,962.8499755859375,640559
2025-09-10 08:00:00+00:00,962.5,962.7999877929688,961.7000122070312,962.5999755859375,432866
2025-09-10 08:15:00+00:00,963.1500244140625,963.9500122070312,962.4000244140625,962.5499877929688,425874
2025-09-10 08:30:00+00:00,963.5999755859375,964.9000244140625,963.0499877929688,963.4000244140625,511836
2025-09-10 08:45:00+00:00,964.6500244140625,964.9000244140625,963.5499877929688,963.7999877929688,478527
2025-09-10 09:00:00+00:00,963.5499877929688,966.0,963.3499755859375,964.4000244140625,745976
2025-09-10 09:15:00+00:00,963.8499755859375,965.8499755859375,963.5999755859375,963.8499755859375,726412
2025-09-10 09:30:00+00:00,966.8499755859375,966.9000244140625,963.9000244140625,963.9000244140625,1532808
2025-09-10 09:45:00+00:00,965.5,967.0,964.3499755859375,966.8499755859375,1830188
2025-09-11 03:45:00+00:00,964.0999755859375,965.5999755859375,960.0,960.0,1547759
2025-09-11 04:00:00+00:00,963.3499755859375,964.9000244140625,963.1500244140625,964.2000122070312,207206
2025-09-11 04:15:00+00:00,964.8499755859375,965.1500244140625,963.4500122070312,963.4500122070312,180194
2025-09-11 04:30:00+00:00,965.0,965.2999877929688,964.5499877929688,965.1500244140625,124020
2025-09-11 04:45:00+00:00,964.7999877929688,965.25,963.6500244140625,964.9000244140625,188632
2025-09-11 05:00:00+00:00,965.25,965.4500122070312,964.5499877929688,964.8499755859375,193620
2025-09-11 05:15:00+00:00,964.0,965.4500122070312,963.5,965.25,335924
2025-09-11 05:30:00+00:00,963.0,964.2999877929688,962.5,964.0,381897
2025-09-11 05:45:00+00:00,962.2000122070312,963.7000122070312,961.4000244140625,962.9500122070312,303895
2025-09-11 06:00:00+00:00,962.8499755859375,963.5499877929688,961.5,962.2000122070312,361983
2025-09-11 06:15:00+00:00,962.75,963.0999755859375,962.5,962.5,194864
2025-09-11 06:30:00+00:00,963.0499877929688,963.3499755859375,962.0,962.8499755859375,186986
2025-09-11 06:45:00+00:00,964.75,964.9500122070312,962.7999877929688,963.2000122070312,387869
2025-09-11 07:00:00+00:00,964.25,964.9500122070312,963.7999877929688,964.6500244140625,338243
2025-09-11 07:15:00+00:00,965.25,965.4000244140625,963.5999755859375,964.25,391409
2025-09-11 07:30:00+00:00,965.5,966.1500244140625,965.0999755859375,965.2999877929688,301054
2025-09-11 07:45:00+00:00,966.2000122070312,966.2000122070312,963.9000244140625,965.4000244140625,580174
2025-09-11 08:00:00+00:00,968.4000244140625,968.8499755859375,965.0999755859375,966.3499755859375,610862
2025-09-11 08:15:00+00:00,968.0,968.9000244140625,967.25,968.2999877929688,1204541
2025-09-11 08:30:00+00:00,968.0499877929688,968.7000122070312,967.4500122070312,968.0,268667
2025-09-11 08:45:00+00:00,967.0999755859375,968.5,966.6500244140625,968.0499877929688,637918
2025-09-11 09:00:00+00:00,968.1500244140625,968.1500244140625,965.0499877929688,967.0999755859375,1098359
2025-09-11 09:15:00+00:00,967.8499755859375,969.0999755859375,966.4500122070312,968.2999877929688,1582410
2025-09-11 09:30:00+00:00,967.4000244140625,969.2000122070312,966.9000244140625,967.8499755859375,2195638
2025-09-11 09:45:00+00:00,967.7999877929688,968.3499755859375,965.4000244140625,967.1500244140625,1309185
2025-09-12 03:45:00+00:00,963.5499877929688,968.0,962.9500122070312,966.5,478873
2025-09-12 04:00:00+00:00,962.6500244140625,963.9000244140625,962.2999877929688,963.5499877929688,626181
2025-09-12 04:15:00+00:00,963.9000244140625,963.9500122070312,962.4000244140625,962.9000244140625,554619
2025-09-12 04:30:00+00:00,963.5,964.0,963.0499877929688,963.9000244140625,291820
2025-09-12 04:45:00+00:00,964.2999877929688,964.5499877929688,963.0,963.4500122070312,437214
2025-09-12 05:00:00+00:00,964.2999877929688,964.5999755859375,964.0499877929688,964.2999877929688,276325
2025-09-12 05:15:00+00:00,964.4000244140625,964.9000244140625,964.0,964.3499755859375,287747
2025-09-12 05:30:00+00:00,965.0999755859375,965.5,963.8499755859375,964.4500122070312,516143
2025-09-12 05:45:00+00:00,967.8499755859375,967.8499755859375,965.0,965.1500244140625,596590
2025-09-12 06:00:00+00:00,968.5499877929688,968.8499755859375,967.2999877929688,967.8499755859375,778585
2025-09-12 06:15:00+00:00,968.8499755859375,969.5499877929688,967.9000244140625,968.5499877929688,384967
2025-09-12 06:30:00+00:00,969.9500122070312,970.2000122070312,968.5,968.8499755859375,583568
2025-09-12 06:45:00+00:00,970.0,970.0,968.75,969.9500122070312,367736
2025-09-12 07:00:00+00:00,969.75,970.0999755859375,969.0499877929688,969.9500122070312,395606
2025-09-12 07:15:00+00:00,967.9500122070312,969.75,967.6500244140625,969.75,458961
2025-09-12 07:30:00+00:00,968.1500244140625,968.9500122070312,967.5999755859375,967.9500122070312,490537
2025-09-12 07:45:00+00:00,966.25,968.2999877929688,966.1500244140625,968.0999755859375,394845
2025-09-12 08:00:00+00:00,966.4000244140625,967.0,966.0,966.25,410143
2025-09-12 08:15:00+00:00,966.7000122070312,967.25,966.0499877929688,966.3499755859375,421333
2025-09-12 08:30:00+00:00,966.3499755859375,967.0499877929688,965.7999877929688,966.6500244140625,383599
2025-09-12 08:45:00+00:00,966.1500244140625,966.5499877929688,965.75,966.4000244140625,322799
2025-09-12 09:00:00+00:00,966.6500244140625,967.0,965.7999877929688,966.1500244140625,495030
2025-09-12 09:15:00+00:00,966.75,966.8499755859375,965.9500122070312,966.8499755859375,913391
2025-09-12 09:30:00+00:00,967.8499755859375,968.0,966.6500244140625,966.6500244140625,1287274
2025-09-12 09:45:00+00:00,965.5999755859375,968.0,965.5999755859375,967.9000244140625,1067144
2025-09-15 03:45:00+00:00,966.75,969.2999877929688,965.0,968.4500122070312,418868
2025-09-15 04:00:00+00:00,966.5499877929688,967.2999877929688,966.2999877929688,966.7999877929688,324829
2025-09-15 04:15:00+00:00,967.2999877929688,968.0,966.5,966.7000122070312,257564
2025-09-15 04:30:00+00:00,967.7000122070312,968.0,966.9000244140625,967.2999877929688,282079
2025-09-15 04:45:00+00:00,968.8499755859375,969.0499877929688,966.75,967.7000122070312,504070
2025-09-15 05:00:00+00:00,968.5499877929688,969.25,968.2999877929688,968.9000244140625,293872
2025-09-15 05:15:00+00:00,967.9500122070312,968.9500122070312,967.7000122070312,968.6500244140625,322784
2025-09-15 05:30:00+00:00,967.9000244140625,968.0999755859375,967.1500244140625,967.8499755859375,257208
2025-09-15 05:45:00+00:00,970.0,970.0,967.0999755859375,967.8499755859375,538528
2025-09-15 06:00:00+00:00,969.75,970.6500244140625,969.0499877929688,970.0,729032
2025-09-15 06:15:00+00:00,971.4500122070312,971.9500122070312,969.7000122070312,969.75,710270
2025-09-15 06:30:00+00:00,970.6500244140625,972.3499755859375,969.6500244140625,971.1500244140625,853280
2025-09-15 06:45:00+00:00,971.2999877929688,971.2999877929688,970.0,970.75,351215
2025-09-15 07:00:00+00:00,969.0,971.2999877929688,968.6500244140625,971.2999877929688,373803
2025-09-15 07:15:00+00:00,969.25,969.9500122070312,968.6500244140625,969.0,417431
2025-09-15 07:30:00+00:00,969.5,969.9500122070312,968.0499877929688,969.4500122070312,360971
2025-09-15 07:45:00+00:00,969.4000244140625,969.8499755859375,968.4000244140625,969.5,474831
2025-09-15 08:00:00+00:00,968.1500244140625,969.6500244140625,966.9500122070312,969.4000244140625,716749
2025-09-15 08:15:00+00:00,968.9500122070312,969.2000122070312,967.6500244140625,968.0,522906
2025-09-15 08:30:00+00:00,968.9500122070312,969.0,967.5499877929688,968.9000244140625,394483
2025-09-15 08:45:00+00:00,968.7000122070312,969.2999877929688,968.2000122070312,968.9500122070312,566113
2025-09-15 09:00:00+00:00,969.0999755859375,969.9500122070312,968.2999877929688,968.7000122070312,662156
2025-09-15 09:15:00+00:00,969.1500244140625,969.8499755859375,968.5499877929688,969.2000122070312,494363
2025-09-15 09:30:00+00:00,966.8499755859375,969.0999755859375,966.6500244140625,969.0499877929688,1187114
2025-09-15 09:45:00+00:00,967.0499877929688,967.0499877929688,965.5999755859375,966.8499755859375,992754
2025-09-16 03:45:00+00:00,964.5,965.4000244140625,962.7000122070312,963.7000122070312,2204962
2025-09-16 04:00:00+00:00,966.1500244140625,966.1500244140625,963.7000122070312,964.5,1319119
2025-09-16 04:15:00+00:00,967.9500122070312,968.8499755859375,965.75,966.2000122070312,422137
2025-09-16 04:30:00+00:00,967.8499755859375,968.9500122070312,967.6500244140625,967.9000244140625,532500
2025-09-16 04:45:00+00:00,967.2999877929688,967.9500122070312,967.0,967.8499755859375,445334
2025-09-16 05:00:00+00:00,967.5,968.5499877929688,967.0,967.4500122070312,435659
2025-09-16 05:30:00+00:00,966.6500244140625,967.0499877929688,966.4000244140625,967.0,1698073
2025-09-16 05:45:00+00:00,966.8499755859375,967.1500244140625,966.0499877929688,966.5499877929688,514601
2025-09-16 06:00:00+00:00,965.5499877929688,966.7999877929688,965.4500122070312,966.7999877929688,278730
2025-09-16 06:15:00+00:00,965.6500244140625,966.4000244140625,965.3499755859375,965.5,415314
2025-09-16 06:30:00+00:00,965.5499877929688,966.2999877929688,965.4000244140625,965.5999755859375,264280
2025-09-16 08:45:00+00:00,967.5499877929688,968.0,965.6500244140625,965.8499755859375,3835951
2025-09-16 09:00:00+00:00,968.2000122070312,969.25,967.1500244140625,967.5499877929688,887218
2025-09-16 09:15:00+00:00,968.0499877929688,968.25,967.9500122070312,968.2000122070312,58439
2025-09-17 03:45:00+00:00,970.5,971.4500122070312,966.0,966.0,1932869
2025-09-17 04:00:00+00:00,973.0,973.7999877929688,970.4500122070312,970.4500122070312,772112
2025-09-17 04:15:00+00:00,972.0999755859375,974.4000244140625,972.0999755859375,973.0,567105
2025-09-17 04:30:00+00:00,971.4500122070312,972.5999755859375,971.0,972.0999755859375,419543
2025-09-17 04:45:00+00:00,969.2999877929688,971.5999755859375,969.2999877929688,971.5,514255
2025-09-17 05:00:00+00:00,968.4000244140625,970.1500244140625,968.0,969.5,530711
2025-09-17 05:15:00+00:00,969.1500244140625,970.0499877929688,968.25,968.4500122070312,495672
2025-09-17 05:30:00+00:00,970.0499877929688,970.5999755859375,968.5499877929688,969.1500244140625,513672
2025-09-17 05:45:00+00:00,969.0,970.0499877929688,968.9000244140625,970.0499877929688,426976
2025-09-17 06:00:00+00:00,968.7999877929688,969.2999877929688,968.5499877929688,969.0999755859375,332465
2025-09-17 06:15:00+00:00,969.4500122070312,969.5999755859375,968.6500244140625,968.7999877929688,341611
2025-09-17 06:30:00+00:00,970.1500244140625,970.1500244140625,968.7000122070312,969.4500122070312,377851
2025-09-17 06:45:00+00:00,970.4500122070312,971.0,969.8499755859375,970.1500244140625,711609
2025-09-17 07:00:00+00:00,969.2999877929688,970.9000244140625,969.2000122070312,970.4000244140625,899957
2025-09-17 07:15:00+00:00,968.7000122070312,969.1500244140625,968.0999755859375,969.1500244140625,684498
2025-09-17 07:30:00+00:00,968.2000122070312,969.2999877929688,967.7999877929688,968.75,617871
2025-09-17 07:45:00+00:00,967.6500244140625,969.0,967.5499877929688,968.1500244140625,466106
2025-09-17 08:00:00+00:00,967.0499877929688,967.9000244140625,967.0499877929688,967.5999755859375,335927
2025-09-17 08:15:00+00:00,966.2999877929688,967.75,966.0,967.0499877929688,425965
2025-09-17 08:30:00+00:00,966.5,967.2999877929688,965.6500244140625,966.3499755859375,677911
2025-09-17 08:45:00+00:00,965.9000244140625,966.5499877929688,965.1500244140625,966.5,694498
2025-09-17 09:00:00+00:00,965.25,965.9000244140625,964.3499755859375,965.9000244140625,765181
2025-09-17 09:15:00+00:00,966.2999877929688,966.4000244140625,964.7999877929688,965.2999877929688,488862
2025-09-17 09:30:00+00:00,966.5999755859375,967.4000244140625,966.1500244140625,966.25,1542646
2025-09-17 09:45:00+00:00,967.0,967.0,965.9000244140625,966.5999755859375,1823763
2025-09-18 03:45:00+00:00,976.4000244140625,979.5999755859375,971.0499877929688,973.2999877929688,1263940
2025-09-18 04:00:00+00:00,976.0499877929688,977.5,976.0,976.3499755859375,537503
2025-09-18 04:15:00+00:00,976.25,976.5,974.5499877929688,976.1500244140625,484632
2025-09-18 04:30:00+00:00,976.0499877929688,976.9500122070312,975.25,976.25,401138
2025-09-18 04:45:00+00:00,976.75,976.7999877929688,975.0,976.2000122070312,251306
2025-09-18 05:00:00+00:00,975.25,976.6500244140625,974.25,976.5,398524
2025-09-18 05:15:00+00:00,976.7999877929688,976.9000244140625,975.2999877929688,975.3499755859375,419562
2025-09-18 05:30:00+00:00,976.2999877929688,977.8499755859375,976.0,976.9000244140625,284195
2025-09-18 05:45:00+00:00,975.7999877929688,976.8499755859375,975.5499877929688,976.3499755859375,350678
2025-09-18 06:00:00+00:00,976.7000122070312,977.75,975.7000122070312,975.9500122070312,590191
2025-09-18 06:15:00+00:00,976.25,977.9500122070312,975.8499755859375,976.9000244140625,333861
2025-09-18 06:30:00+00:00,976.5,977.0,975.7999877929688,976.25,386539
2025-09-18 06:45:00+00:00,975.5999755859375,976.9000244140625,975.0,976.5,404867
2025-09-18 07:00:00+00:00,974.5499877929688,975.9500122070312,973.2000122070312,975.5,577492
2025-09-18 07:15:00+00:00,972.9500122070312,975.1500244140625,972.8499755859375,974.5499877929688,538526
2025-09-18 07:30:00+00:00,971.4500122070312,972.75,969.4000244140625,972.4000244140625,649291
2025-09-18 07:45:00+00:00,972.25,972.8499755859375,969.7000122070312,971.2999877929688,509250
2025-09-18 08:00:00+00:00,972.3499755859375,973.0999755859375,971.3499755859375,972.2000122070312,476830
2025-09-18 08:15:00+00:00,971.5999755859375,973.0999755859375,970.7999877929688,972.4000244140625,446407
2025-09-18 08:30:00+00:00,971.6500244140625,971.9000244140625,969.8499755859375,971.5999755859375,618590
2025-09-18 08:45:00+00:00,971.75,972.3499755859375,970.7000122070312,971.6500244140625,549033
2025-09-18 09:00:00+00:00,973.2999877929688,973.4000244140625,971.2999877929688,971.75,819694
2025-09-18 09:15:00+00:00,974.6500244140625,975.4500122070312,972.4000244140625,973.2999877929688,924116
2025-09-18 09:30:00+00:00,976.8499755859375,977.4000244140625,974.6500244140625,974.9000244140625,1822749
2025-09-18 09:45:00+00:00,976.0,977.9500122070312,976.0,976.8499755859375,1542854
2025-09-19 03:45:00+00:00,972.9500122070312,975.75,971.5,974.9000244140625,803708
2025-09-19 04:00:00+00:00,970.7000122070312,973.0999755859375,969.9000244140625,972.7999877929688,611678
2025-09-19 04:15:00+00:00,970.0999755859375,971.4500122070312,969.75,970.7000122070312,408937
2025-09-19 04:30:00+00:00,969.2000122070312,970.1500244140625,968.5,970.0999755859375,320756
2025-09-19 04:45:00+00:00,969.25,969.9000244140625,968.5,969.25,188572
2025-09-19 05:00:00+00:00,967.5999755859375,969.7000122070312,966.5499877929688,969.25,395230
2025-09-19 05:15:00+00:00,966.9500122070312,968.0,966.2999877929688,967.5999755859375,235657
2025-09-19 05:30:00+00:00,966.0,967.1500244140625,965.5,966.9500122070312,313608
2025-09-19 05:45:00+00:00,965.8499755859375,966.5499877929688,965.0,966.0,404829
2025-09-19 06:00:00+00:00,965.0,966.4000244140625,964.3499755859375,965.8499755859375,299321
2025-09-19 06:15:00+00:00,963.75,965.0499877929688,962.5499877929688,964.7999877929688,290626
2025-09-19 06:30:00+00:00,964.2999877929688,965.0,962.0999755859375,963.9000244140625,420704
2025-09-19 06:45:00+00:00,963.4000244140625,964.4000244140625,962.9500122070312,964.0999755859375,398612
2025-09-19 07:00:00+00:00,962.8499755859375,963.4000244140625,962.5,963.4000244140625,219153
2025-09-19 07:15:00+00:00,963.0499877929688,964.0,962.2000122070312,962.7999877929688,527146
2025-09-19 07:30:00+00:00,965.5999755859375,965.8499755859375,963.0999755859375,963.0999755859375,447429
2025-09-19 07:45:00+00:00,966.3499755859375,966.75,965.0499877929688,965.5,1074054
2025-09-19 08:00:00+00:00,966.7999877929688,967.7999877929688,965.8499755859375,966.6500244140625,571626
2025-09-19 08:15:00+00:00,966.2999877929688,967.0499877929688,965.7000122070312,966.7999877929688,439442
2025-09-19 08:30:00+00:00,967.1500244140625,967.5,966.0,966.0999755859375,473431
2025-09-19 08:45:00+00:00,965.9000244140625,967.6500244140625,964.5,967.1500244140625,684700
2025-09-19 09:00:00+00:00,965.0999755859375,966.8499755859375,965.0499877929688,966.0,525535
2025-09-19 09:15:00+00:00,965.7000122070312,966.25,964.5999755859375,965.0999755859375,443582
2025-09-19 09:30:00+00:00,967.9000244140625,968.1500244140625,964.8499755859375,965.7000122070312,10783582
2025-09-19 09:45:00+00:00,967.0,968.6500244140625,965.0999755859375,967.75,8556408
2025-09-22 03:45:00+00:00,970.1500244140625,970.1500244140625,965.5,966.2999877929688,408922
2025-09-22 04:00:00+00:00,969.2999877929688,970.7999877929688,968.9500122070312,970.0999755859375,320993
2025-09-22 04:15:00+00:00,969.2999877929688,969.7999877929688,967.8499755859375,969.2999877929688,230346
2025-09-22 04:30:00+00:00,970.25,970.9000244140625,969.0999755859375,969.25,281843
2025-09-22 04:45:00+00:00,969.3499755859375,970.7000122070312,968.25,970.0,155891
2025-09-22 05:00:00+00:00,969.5999755859375,970.0,969.0999755859375,969.4500122070312,199991
2025-09-22 05:15:00+00:00,968.9500122070312,969.9000244140625,968.3499755859375,969.8499755859375,246808
2025-09-22 05:30:00+00:00,967.7999877929688,969.0,967.25,968.9000244140625,268561
2025-09-22 05:45:00+00:00,966.9500122070312,967.8499755859375,966.2999877929688,967.8499755859375,142051
2025-09-22 06:00:00+00:00,966.9500122070312,967.0499877929688,966.0999755859375,966.9500122070312,129615
2025-09-22 06:15:00+00:00,967.2000122070312,967.9500122070312,966.3499755859375,967.0499877929688,393780
2025-09-22 06:30:00+00:00,967.5,967.8499755859375,966.25,967.2000122070312,440849
2025-09-22 06:45:00+00:00,968.75,969.7000122070312,967.2999877929688,967.5,657367
2025-09-22 07:00:00+00:00,969.2000122070312,969.8499755859375,968.4500122070312,968.9500122070312,278017
2025-09-22 07:15:00+00:00,968.7999877929688,969.7999877929688,967.8499755859375,969.2999877929688,220637
2025-09-22 07:30:00+00:00,966.7999877929688,969.5,966.7000122070312,968.5,346427
2025-09-22 07:45:00+00:00,966.2999877929688,967.2000122070312,966.0,966.7999877929688,374588
2025-09-22 08:00:00+00:00,966.5999755859375,966.75,965.5,966.1500244140625,311258
2025-09-22 08:15:00+00:00,965.9500122070312,966.75,965.1500244140625,966.5,192382
2025-09-22 08:30:00+00:00,966.2999877929688,966.2999877929688,964.6500244140625,965.9500122070312,642478
2025-09-22 08:45:00+00:00,965.0499877929688,966.6500244140625,965.0499877929688,966.2999877929688,221865
2025-09-22 09:00:00+00:00,963.7000122070312,965.9000244140625,963.2000122070312,965.2999877929688,380330
2025-09-22 09:15:00+00:00,964.0999755859375,964.5999755859375,962.2000122070312,963.5,805299
2025-09-22 09:30:00+00:00,963.2000122070312,965.2000122070312,962.5999755859375,964.0499877929688,1159786
2025-09-22 09:45:00+00:00,965.0,965.9500122070312,963.0999755859375,963.1500244140625,967950
2025-09-23 03:45:00+00:00,965.0,968.1500244140625,965.0,966.75,423954
2025-09-23 04:00:00+00:00,962.0,965.0499877929688,961.4500122070312,965.0499877929688,649747
2025-09-23 04:15:00+00:00,963.5,964.6500244140625,961.4000244140625,962.0,523622
2025-09-23 04:30:00+00:00,962.25,963.9000244140625,962.25,963.5999755859375,199023
2025-09-23 04:45:00+00:00,959.3499755859375,962.7999877929688,958.75,962.0999755859375,378348
2025-09-23 05:00:00+00:00,960.5,960.5499877929688,958.9500122070312,959.4500122070312,188409
2025-09-23 05:15:00+00:00,958.8499755859375,960.7999877929688,957.9500122070312,960.3499755859375,326470
2025-09-23 05:30:00+00:00,956.9000244140625,960.0,956.4500122070312,958.75,375050
2025-09-23 05:45:00+00:00,956.6500244140625,957.1500244140625,955.75,956.9000244140625,310331
2025-09-23 06:00:00+00:00,958.5999755859375,958.7000122070312,956.0,956.7000122070312,513501
2025-09-23 06:15:00+00:00,959.1500244140625,959.2000122070312,957.9000244140625,958.5999755859375,382237
2025-09-23 06:30:00+00:00,960.5,960.5,958.0999755859375,959.1500244140625,691286
2025-09-23 06:45:00+00:00,963.4000244140625,963.4000244140625,960.0,960.5,695372
2025-09-23 07:00:00+00:00,964.0499877929688,966.3499755859375,962.7999877929688,963.4000244140625,688813
2025-09-23 07:15:00+00:00,963.1500244140625,964.8499755859375,963.0,964.25,481394
2025-09-23 07:30:00+00:00,962.5999755859375,964.0499877929688,962.0499877929688,963.1500244140625,526945
2025-09-23 07:45:00+00:00,962.0499877929688,962.6500244140625,961.1500244140625,962.5999755859375,483761
2025-09-23 08:00:00+00:00,962.0,963.4500122070312,961.7000122070312,962.0499877929688,584436
2025-09-23 08:15:00+00:00,960.9000244140625,962.4500122070312,960.75,962.0,416813
2025-09-23 08:30:00+00:00,960.2999877929688,963.5499877929688,960.1500244140625,960.9000244140625,713805
2025-09-23 08:45:00+00:00,959.9000244140625,960.75,958.8499755859375,960.2999877929688,883874
2025-09-23 09:00:00+00:00,960.4000244140625,960.4000244140625,958.25,959.9500122070312,1203014
2025-09-23 09:15:00+00:00,957.8499755859375,960.7000122070312,957.4000244140625,960.5,1953086
2025-09-23 09:30:00+00:00,957.5999755859375,958.1500244140625,956.25,957.8499755859375,3483997
2025-09-23 09:45:00+00:00,957.2000122070312,958.5,956.7999877929688,957.5,2783262
2025-09-24 03:45:00+00:00,954.2000122070312,956.2999877929688,953.1500244140625,954.4500122070312,385912
2025-09-24 04:00:00+00:00,950.75,954.5,949.3499755859375,954.4000244140625,463239
2025-09-24 04:15:00+00:00,949.7000122070312,950.5999755859375,948.6500244140625,950.5,248540
2025-09-24 04:30:00+00:00,947.4000244140625,949.8499755859375,947.1500244140625,949.7000122070312,535368
2025-09-24 04:45:00+00:00,947.5499877929688,948.3499755859375,946.7999877929688,947.25,415604
2025-09-24 05:00:00+00:00,945.9500122070312,948.1500244140625,945.0499877929688,947.5499877929688,566572
2025-09-24 05:15:00+00:00,947.25,947.3499755859375,945.0,945.8499755859375,687520
2025-09-24 05:30:00+00:00,944.8499755859375,947.25,943.2999877929688,947.0999755859375,371824
2025-09-24 05:45:00+00:00,944.5999755859375,945.1500244140625,943.5,944.9000244140625,288159
2025-09-24 06:00:00+00:00,945.5999755859375,946.5,944.0,944.75,382611
2025-09-24 06:15:00+00:00,945.3499755859375,946.0,945.0499877929688,945.5999755859375,175187
2025-09-24 06:30:00+00:00,945.8499755859375,945.9500122070312,944.3499755859375,945.3499755859375,245414
2025-09-24 06:45:00+00:00,947.0499877929688,947.8499755859375,945.4000244140625,945.7999877929688,418064
2025-09-24 07:00:00+00:00,946.8499755859375,948.2000122070312,946.7999877929688,947.0499877929688,355719
2025-09-24 07:15:00+00:00,948.5,948.5,946.5,946.8499755859375,237425
2025-09-24 07:30:00+00:00,949.2999877929688,949.75,948.0999755859375,948.5,363203
2025-09-24 07:45:00+00:00,949.0,949.5999755859375,948.5499877929688,949.3499755859375,341242
2025-09-24 08:00:00+00:00,949.0999755859375,949.7999877929688,949.0,949.0999755859375,215408
2025-09-24 08:15:00+00:00,948.7000122070312,949.5499877929688,948.25,949.0499877929688,267915
2025-09-24 08:30:00+00:00,946.8499755859375,949.0,946.4000244140625,948.75,254628
2025-09-24 08:45:00+00:00,948.0499877929688,948.25,946.0499877929688,946.6500244140625,596592
2025-09-24 09:00:00+00:00,948.4000244140625,949.2000122070312,947.0999755859375,947.7999877929688,1037723
2025-09-24 09:15:00+00:00,948.9500122070312,949.5999755859375,948.2000122070312,948.2000122070312,726629
2025-09-24 09:30:00+00:00,952.5,952.5499877929688,948.7999877929688,948.9000244140625,2172692
2025-09-24 09:45:00+00:00,951.0499877929688,952.5499877929688,950.0,952.5499877929688,2182145
2025-09-25 03:45:00+00:00,952.0,952.5999755859375,947.5,950.7999877929688,512160
2025-09-25 04:00:00+00:00,952.2999877929688,954.3499755859375,951.5,952.0,588452
2025-09-25 04:15:00+00:00,953.0499877929688,953.6500244140625,951.5999755859375,952.0999755859375,440406
2025-09-25 04:30:00+00:00,951.5,952.9500122070312,951.0,952.9500122070312,338154
2025-09-25 04:45:00+00:00,952.2000122070312,952.9000244140625,951.0499877929688,951.4500122070312,435620
2025-09-25 05:00:00+00:00,951.6500244140625,953.0499877929688,950.2999877929688,952.4500122070312,716342
2025-09-25 05:15:00+00:00,952.0,953.75,951.5,951.6500244140625,993172
2025-09-25 05:30:00+00:00,952.2000122070312,952.5999755859375,950.7000122070312,952.1500244140625,344003
2025-09-25 05:45:00+00:00,953.7999877929688,954.5,952.0499877929688,952.1500244140625,524190
2025-09-25 06:00:00+00:00,953.2999877929688,955.5999755859375,952.9000244140625,953.7999877929688,646662
2025-09-25 06:15:00+00:00,951.6500244140625,954.2000122070312,951.4500122070312,953.2999877929688,794492
2025-09-25 06:30:00+00:00,952.0,952.4500122070312,951.2000122070312,951.4000244140625,740171
2025-09-25 06:45:00+00:00,953.2000122070312,953.5,951.5999755859375,952.0499877929688,754502
2025-09-25 07:00:00+00:00,953.0499877929688,955.0,952.8499755859375,953.2000122070312,1045259
2025-09-25 07:15:00+00:00,954.0,954.2999877929688,953.0499877929688,953.0499877929688,705411
2025-09-25 07:30:00+00:00,955.7999877929688,958.0,953.7999877929688,954.0,1138756
2025-09-25 07:45:00+00:00,954.8499755859375,957.25,954.1500244140625,955.7999877929688,1166846
2025-09-25 08:00:00+00:00,954.75,956.1500244140625,954.1500244140625,954.8499755859375,688450
2025-09-25 08:15:00+00:00,954.5999755859375,956.0499877929688,954.1500244140625,954.75,858591
2025-09-25 08:30:00+00:00,955.0999755859375,955.25,954.1500244140625,954.5999755859375,1075740
2025-09-25 08:45:00+00:00,953.75,955.1500244140625,953.6500244140625,954.8499755859375,1364838
2025-09-25 09:00:00+00:00,952.5499877929688,953.9500122070312,951.4000244140625,953.7000122070312,1137440
2025-09-25 09:15:00+00:00,952.0499877929688,952.9500122070312,951.2999877929688,952.7000122070312,1861612
2025-09-25 09:30:00+00:00,949.2999877929688,952.0499877929688,949.0,952.0499877929688,5672272
2025-09-25 09:45:00+00:00,951.2000122070312,951.6500244140625,948.7999877929688,949.2999877929688,5101024
2025-09-26 03:45:00+00:00,947.0499877929688,951.4000244140625,945.7000122070312,946.8499755859375,310491
2025-09-26 04:00:00+00:00,945.75,948.0,945.5499877929688,947.0999755859375,325017
2025-09-26 04:15:00+00:00,946.7000122070312,947.5499877929688,945.3499755859375,945.7000122070312,361801
2025-09-26 04:30:00+00:00,947.0499877929688,947.3499755859375,946.5,946.75,162696
2025-09-26 04:45:00+00:00,948.3499755859375,949.4000244140625,947.0499877929688,947.0499877929688,257659
2025-09-26 05:00:00+00:00,946.5,948.6500244140625,946.5,948.2999877929688,175388
2025-09-26 05:15:00+00:00,946.0999755859375,946.5999755859375,945.0,946.3499755859375,948178
2025-09-26 05:30:00+00:00,945.9000244140625,947.1500244140625,945.5,946.2000122070312,430789
2025-09-26 05:45:00+00:00,945.7000122070312,947.0,945.5,945.6500244140625,243323
2025-09-26 06:00:00+00:00,946.6500244140625,946.7000122070312,945.0,945.7000122070312,429928
2025-09-26 06:15:00+00:00,946.7999877929688,947.7000122070312,945.75,946.6500244140625,522972
2025-09-26 06:30:00+00:00,946.7999877929688,947.75,946.0,946.9000244140625,628343
2025-09-26 06:45:00+00:00,947.9000244140625,948.0999755859375,946.0,946.8499755859375,174425
2025-09-26 07:00:00+00:00,947.4500122070312,948.5,946.9000244140625,947.9500122070312,171177
2025-09-26 07:15:00+00:00,946.5999755859375,947.9000244140625,945.6500244140625,947.4500122070312,522657
2025-09-26 07:30:00+00:00,948.4500122070312,948.9500122070312,946.5,946.5999755859375,334281
2025-09-26 07:45:00+00:00,949.2000122070312,949.8499755859375,948.2000122070312,948.25,544629
2025-09-26 08:00:00+00:00,947.4000244140625,949.4500122070312,947.3499755859375,949.4500122070312,327924
2025-09-26 08:15:00+00:00,945.0999755859375,947.75,944.4000244140625,947.4000244140625,898670
2025-09-26 08:30:00+00:00,943.6500244140625,945.6500244140625,941.3499755859375,945.0999755859375,1014536
2025-09-26 08:45:00+00:00,944.7999877929688,945.0,942.8499755859375,943.6500244140625,599367
2025-09-26 09:00:00+00:00,945.0499877929688,945.4000244140625,943.5999755859375,945.0,408766
2025-09-26 09:15:00+00:00,944.5499877929688,945.3499755859375,943.2000122070312,944.75,720761
2025-09-26 09:30:00+00:00,945.3499755859375,946.4000244140625,944.0,944.5,1206178
2025-09-26 09:45:00+00:00,944.9000244140625,945.4500122070312,944.0999755859375,945.4500122070312,1394839
2025-09-29 03:45:00+00:00,946.75,947.25,939.25,945.4500122070312,696414
2025-09-29 04:00:00+00:00,950.7000122070312,950.8499755859375,946.5999755859375,946.7000122070312,688462
2025-09-29 04:15:00+00:00,950.2999877929688,952.2999877929688,949.2999877929688,950.7999877929688,2298940
2025-09-29 04:30:00+00:00,951.2000122070312,952.0,950.2000122070312,950.25,441078
2025-09-29 04:45:00+00:00,952.7000122070312,953.7000122070312,950.9000244140625,951.2000122070312,360642
2025-09-29 05:00:00+00:00,951.5,953.5,950.9000244140625,952.7000122070312,808229
2025-09-29 05:15:00+00:00,952.0499877929688,952.3499755859375,950.25,951.6500244140625,620850
2025-09-29 05:30:00+00:00,952.5999755859375,954.1500244140625,951.75,952.0499877929688,472460
2025-09-29 05:45:00+00:00,951.5999755859375,952.6500244140625,951.3499755859375,952.5,501743
2025-09-29 06:00:00+00:00,950.5999755859375,951.5999755859375,949.25,951.5999755859375,1738860
2025-09-29 06:15:00+00:00,950.7999877929688,951.4000244140625,949.5999755859375,950.7000122070312,352630
2025-09-29 06:30:00+00:00,948.5999755859375,951.5,948.4500122070312,950.8499755859375,895269
2025-09-29 06:45:00+00:00,947.7000122070312,949.9500122070312,947.2000122070312,948.5999755859375,565905
2025-09-29 07:00:00+00:00,946.4500122070312,948.0499877929688,946.0,947.5999755859375,418450
2025-09-29 07:15:00+00:00,947.5,947.9000244140625,946.0,946.4000244140625,538944
2025-09-29 07:30:00+00:00,949.4500122070312,949.5,946.4000244140625,947.5499877929688,1094240
2025-09-29 07:45:00+00:00,953.9500122070312,953.9500122070312,947.9000244140625,949.4500122070312,780533
2025-09-29 08:00:00+00:00,953.9500122070312,955.9500122070312,953.0499877929688,954.0,768036
2025-09-29 08:15:00+00:00,954.5999755859375,955.3499755859375,953.5999755859375,953.9500122070312,1176554
2025-09-29 08:30:00+00:00,955.1500244140625,956.7999877929688,954.4500122070312,954.4500122070312,560026
2025-09-29 08:45:00+00:00,955.5,956.4500122070312,954.0999755859375,955.0,1099310
2025-09-29 09:00:00+00:00,953.1500244140625,956.75,952.7999877929688,955.2000122070312,1252043
2025-09-29 09:15:00+00:00,951.7999877929688,953.3499755859375,951.4000244140625,953.1500244140625,809035
2025-09-29 09:30:00+00:00,950.0499877929688,951.6500244140625,948.2999877929688,951.6500244140625,5615184
2025-09-29 09:45:00+00:00,952.0499877929688,953.9500122070312,949.7999877929688,949.9500122070312,4854547
2025-09-30 03:45:00+00:00,953.5499877929688,958.5,953.3499755859375,958.5,600989
2025-09-30 04:00:00+00:00,953.25,954.7999877929688,952.5999755859375,953.6500244140625,680457
2025-09-30 04:15:00+00:00,951.0999755859375,953.6500244140625,950.7000122070312,953.25,529392
2025-09-30 04:30:00+00:00,949.75,952.4000244140625,949.1500244140625,951.1500244140625,416554
2025-09-30 04:45:00+00:00,949.7000122070312,951.4500122070312,949.5499877929688,949.75,311844
2025-09-30 05:00:00+00:00,950.9000244140625,951.2999877929688,949.0999755859375,949.6500244140625,551973
2025-09-30 05:15:00+00:00,952.4000244140625,953.1500244140625,950.5,950.9500122070312,382209
2025-09-30 05:30:00+00:00,953.3499755859375,954.2000122070312,952.3499755859375,952.4000244140625,439748
2025-09-30 05:45:00+00:00,951.7000122070312,953.7000122070312,950.75,953.3499755859375,315430
2025-09-30 06:00:00+00:00,953.0499877929688,954.0999755859375,951.4500122070312,951.7000122070312,406994
2025-09-30 06:15:00+00:00,952.0499877929688,953.5999755859375,951.7000122070312,953.0499877929688,313504
2025-09-30 06:30:00+00:00,953.4500122070312,953.9000244140625,951.75,952.2999877929688,744232
2025-09-30 06:45:00+00:00,954.0,955.0,953.2999877929688,953.4500122070312,646330
2025-09-30 07:00:00+00:00,952.9500122070312,954.9000244140625,952.2999877929688,953.9000244140625,957653
2025-09-30 07:15:00+00:00,952.5999755859375,953.0999755859375,951.3499755859375,953.0,727322
2025-09-30 07:30:00+00:00,953.5,953.7000122070312,952.2000122070312,952.5499877929688,691516
2025-09-30 07:45:00+00:00,951.5499877929688,954.0499877929688,951.0499877929688,953.5999755859375,905665
2025-09-30 08:00:00+00:00,950.7000122070312,952.4000244140625,950.25,951.5,1338981
2025-09-30 08:15:00+00:00,951.0999755859375,951.75,950.5499877929688,950.7999877929688,545242
2025-09-30 08:30:00+00:00,950.5499877929688,951.4000244140625,949.1500244140625,951.0999755859375,1536223
2025-09-30 08:45:00+00:00,948.7999877929688,950.7000122070312,947.9000244140625,950.5,1719299
2025-09-30 09:00:00+00:00,948.1500244140625,950.0499877929688,947.5999755859375,948.9000244140625,1599037
2025-09-30 09:15:00+00:00,949.3499755859375,949.5,946.4000244140625,948.1500244140625,2247221
2025-09-30 09:30:00+00:00,951.9000244140625,952.0,948.4000244140625,949.2999877929688,4661440
2025-09-30 09:45:00+00:00,951.7000122070312,953.0,950.0499877929688,951.6500244140625,3340110
2025-10-01 03:45:00+00:00,949.2999877929688,950.4000244140625,946.0999755859375,950.4000244140625,611328
2025-10-01 04:00:00+00:00,951.25,951.75,948.9000244140625,949.1500244140625,370415
2025-10-01 04:15:00+00:00,953.0999755859375,953.5,951.1500244140625,951.1500244140625,444136
2025-10-01 04:30:00+00:00,951.1500244140625,953.2999877929688,948.9000244140625,953.0999755859375,1553262
2025-10-01 04:45:00+00:00,956.4000244140625,957.3499755859375,950.8499755859375,951.1500244140625,868093
2025-10-01 05:00:00+00:00,959.0,961.4000244140625,956.0999755859375,956.4000244140625,1167175
2025-10-01 05:15:00+00:00,960.0999755859375,960.0999755859375,956.7999877929688,958.9000244140625,521408
2025-10-01 05:30:00+00:00,960.25,961.5,959.4500122070312,960.0,291750
2025-10-01 05:45:00+00:00,961.5499877929688,961.75,960.0,960.5499877929688,571530
2025-10-01 06:00:00+00:00,966.4500122070312,966.7000122070312,961.7000122070312,961.75,1074426
2025-10-01 06:15:00+00:00,969.0,969.5999755859375,966.0,966.6500244140625,1406578
2025-10-01 06:30:00+00:00,968.9500122070312,969.5,967.8499755859375,968.7000122070312,527639
2025-10-01 06:45:00+00:00,965.2999877929688,969.4000244140625,964.5499877929688,969.2000122070312,625114
2025-10-01 07:00:00+00:00,964.0999755859375,965.5,963.75,965.2999877929688,408293
2025-10-01 07:15:00+00:00,964.5499877929688,965.2000122070312,962.5,964.0499877929688,860191
2025-10-01 07:30:00+00:00,964.0499877929688,965.6500244140625,963.0499877929688,964.5499877929688,657710
2025-10-01 07:45:00+00:00,965.7999877929688,965.8499755859375,963.2999877929688,964.0499877929688,665026
2025-10-01 08:00:00+00:00,964.3499755859375,966.1500244140625,963.7999877929688,965.6500244140625,987662
2025-10-01 08:15:00+00:00,962.0999755859375,964.5999755859375,961.5,964.5999755859375,750045
2025-10-01 08:30:00+00:00,962.4500122070312,963.7999877929688,961.0999755859375,962.0999755859375,651290
2025-10-01 08:45:00+00:00,964.8499755859375,965.7999877929688,961.6500244140625,962.7999877929688,1401206
2025-10-01 09:00:00+00:00,964.9000244140625,965.5999755859375,963.75,964.8499755859375,1384872
2025-10-01 09:15:00+00:00,965.0499877929688,966.25,963.9500122070312,964.9000244140625,1889142
2025-10-01 09:30:00+00:00,964.9500122070312,966.5999755859375,964.5499877929688,965.0499877929688,2435423
2025-10-01 09:45:00+00:00,965.5,966.0,964.3499755859375,964.7999877929688,2003728
2025-10-03 03:45:00+00:00,957.5,959.7999877929688,953.1500244140625,956.0499877929688,992289
2025-10-03 04:00:00+00:00,957.8499755859375,958.5499877929688,955.9000244140625,957.5999755859375,920035
2025-10-03 04:15:00+00:00,959.4500122070312,959.4500122070312,956.7999877929688,957.8499755859375,717561
2025-10-03 04:30:00+00:00,957.75,959.9000244140625,956.6500244140625,959.6500244140625,582155
2025-10-03 04:45:00+00:00,959.4000244140625,959.5999755859375,956.5499877929688,957.6500244140625,675767
2025-10-03 05:00:00+00:00,957.0,960.0,956.3499755859375,959.4500122070312,760227
2025-10-03 05:15:00+00:00,957.4500122070312,958.9000244140625,956.2000122070312,956.9000244140625,529100
2025-10-03 05:30:00+00:00,962.9000244140625,962.9000244140625,957.1500244140625,957.4000244140625,787532
2025-10-03 05:45:00+00:00,962.7999877929688,964.5999755859375,962.3499755859375,962.9000244140625,545426
2025-10-03 06:00:00+00:00,962.5499877929688,963.2999877929688,961.4000244140625,962.6500244140625,496921
2025-10-03 06:15:00+00:00,963.0999755859375,963.75,962.2999877929688,962.5,329264
2025-10-03 06:30:00+00:00,962.1500244140625,963.4000244140625,961.2000122070312,963.0999755859375,586294
2025-10-03 06:45:00+00:00,962.5,963.2999877929688,961.0,962.2000122070312,809997
2025-10-03 07:00:00+00:00,961.6500244140625,962.4500122070312,959.2000122070312,962.4000244140625,704170
2025-10-03 07:15:00+00:00,960.3499755859375,961.5499877929688,959.8499755859375,961.5499877929688,797791
2025-10-03 07:30:00+00:00,964.0,964.2000122070312,960.0,960.4000244140625,913120
2025-10-03 07:45:00+00:00,963.7999877929688,964.1500244140625,963.0499877929688,964.0,480973
2025-10-03 08:00:00+00:00,963.5,964.0999755859375,962.5,963.8499755859375,688548
2025-10-03 08:15:00+00:00,964.1500244140625,965.0,962.9000244140625,963.4500122070312,811406
2025-10-03 08:30:00+00:00,963.7999877929688,965.4500122070312,963.5499877929688,964.0999755859375,1052871
2025-10-03 08:45:00+00:00,965.5499877929688,965.5999755859375,963.7000122070312,963.75,979831
2025-10-03 09:00:00+00:00,966.4000244140625,966.4500122070312,964.9500122070312,965.5999755859375,1121909
2025-10-03 09:15:00+00:00,965.75,966.7000122070312,965.0999755859375,966.4000244140625,1120976
2025-10-03 09:30:00+00:00,965.25,966.2999877929688,965.2000122070312,965.9000244140625,2245131
2025-10-03 09:45:00+00:00,964.0,965.2000122070312,963.0,965.2000122070312,2256299
2025-10-06 03:45:00+00:00,963.0499877929688,974.9000244140625,962.5,970.9000244140625,1023581
2025-10-06 04:00:00+00:00,970.2999877929688,970.4500122070312,962.0499877929688,962.7999877929688,883640
2025-10-06 04:15:00+00:00,970.75,972.7999877929688,968.5499877929688,970.3499755859375,659682
2025-10-06 04:30:00+00:00,971.2999877929688,972.5,970.25,970.9500122070312,441267
2025-10-06 04:45:00+00:00,971.0,973.2000122070312,970.7999877929688,971.4000244140625,831196
2025-10-06 05:00:00+00:00,972.2000122070312,972.4500122070312,970.4000244140625,971.0,431818
2025-10-06 05:15:00+00:00,975.9000244140625,976.75,972.2000122070312,972.2999877929688,1470203
2025-10-06 05:30:00+00:00,975.7000122070312,976.0999755859375,974.5,975.9000244140625,1119172
2025-10-06 05:45:00+00:00,976.9500122070312,976.9500122070312,974.3499755859375,976.1500244140625,508189
2025-10-06 06:00:00+00:00,975.2000122070312,977.25,974.75,976.9500122070312,580474
2025-10-06 06:15:00+00:00,973.7999877929688,975.2000122070312,973.2999877929688,975.1500244140625,202415
2025-10-06 06:30:00+00:00,975.7000122070312,975.9000244140625,973.0499877929688,973.8499755859375,343763
2025-10-06 06:45:00+00:00,975.25,976.8499755859375,974.9000244140625,975.75,280916
2025-10-06 07:00:00+00:00,976.0499877929688,976.2999877929688,974.75,975.1500244140625,323267
2025-10-06 07:15:00+00:00,976.6500244140625,976.7999877929688,975.25,976.25,395339
2025-10-06 07:30:00+00:00,976.6500244140625,976.9000244140625,976.0,976.6500244140625,381675
2025-10-06 07:45:00+00:00,975.9500122070312,977.2999877929688,975.2000122070312,976.7000122070312,268706
2025-10-06 08:00:00+00:00,976.7999877929688,976.9500122070312,975.7999877929688,975.9500122070312,339523
2025-10-06 08:15:00+00:00,975.2000122070312,976.75,973.1500244140625,976.75,845282
2025-10-06 08:30:00+00:00,974.9000244140625,976.7000122070312,973.3499755859375,975.0999755859375,697413
2025-10-06 08:45:00+00:00,972.7000122070312,975.0999755859375,972.5499877929688,974.7000122070312,578907
2025-10-06 09:00:00+00:00,974.2000122070312,974.6500244140625,972.2000122070312,972.7000122070312,581609
2025-10-06 09:15:00+00:00,974.5499877929688,975.9000244140625,973.0,974.2999877929688,852676
2025-10-06 09:30:00+00:00,973.2000122070312,974.5999755859375,973.0,974.5499877929688,1006855
2025-10-06 09:45:00+00:00,973.4000244140625,974.2999877929688,972.9000244140625,973.2000122070312,1195733
2025-10-07 03:45:00+00:00,973.5,976.5,971.0,973.4000244140625,1940810
2025-10-07 04:00:00+00:00,980.0499877929688,980.0499877929688,973.0,973.75,1130887
2025-10-07 04:15:00+00:00,982.2000122070312,983.2999877929688,979.4500122070312,980.0,1756789
2025-10-07 04:30:00+00:00,981.0,984.0999755859375,981.0,982.2000122070312,728037
2025-10-07 04:45:00+00:00,981.7999877929688,982.5,980.0999755859375,981.1500244140625,365652
2025-10-07 05:00:00+00:00,981.9500122070312,982.7999877929688,980.9000244140625,981.9000244140625,615751
2025-10-07 05:15:00+00:00,981.2000122070312,982.2999877929688,981.1500244140625,981.9500122070312,332075
2025-10-07 05:30:00+00:00,983.2999877929688,983.7000122070312,981.25,981.25,457346
2025-10-07 05:45:00+00:00,982.0,984.9000244140625,980.75,983.25,860596
2025-10-07 06:00:00+00:00,981.75,982.5499877929688,980.25,982.0999755859375,753442
2025-10-07 06:15:00+00:00,981.0999755859375,981.9500122070312,980.3499755859375,981.7000122070312,308444
2025-10-07 06:30:00+00:00,984.9000244140625,987.2000122070312,981.4000244140625,981.4000244140625,870883
2025-10-07 06:45:00+00:00,985.9000244140625,986.75,984.5,984.9500122070312,561914
2025-10-07 07:00:00+00:00,986.25,987.2000122070312,985.25,986.2999877929688,745254
2025-10-07 07:15:00+00:00,985.7000122070312,986.9500122070312,984.9500122070312,986.0,1043096
2025-10-07 07:30:00+00:00,986.6500244140625,987.25,985.2000122070312,985.5999755859375,757540
2025-10-07 07:45:00+00:00,989.0,989.2999877929688,986.7000122070312,986.75,1071101
2025-10-07 08:00:00+00:00,989.4000244140625,989.4500122070312,986.0499877929688,988.75,1546781
2025-10-07 08:15:00+00:00,988.6500244140625,989.8499755859375,987.5499877929688,989.4000244140625,975897
2025-10-07 08:30:00+00:00,988.9000244140625,989.5,987.8499755859375,988.6500244140625,725208
2025-10-07 08:45:00+00:00,987.25,989.5,987.0999755859375,989.0,1305783
2025-10-07 09:00:00+00:00,985.0499877929688,987.6500244140625,984.1500244140625,987.25,1441992
2025-10-07 09:15:00+00:00,984.25,986.75,983.5999755859375,985.0999755859375,1315154
2025-10-07 09:30:00+00:00,981.5,984.7999877929688,981.4000244140625,984.2999877929688,2281935
2025-10-07 09:45:00+00:00,982.5,982.7000122070312,980.6500244140625,981.5499877929688,1642734
2025-10-08 03:45:00+00:00,984.5499877929688,984.75,977.0,977.0,552909
2025-10-08 04:00:00+00:00,982.4500122070312,985.9000244140625,982.4500122070312,984.2999877929688,499260
2025-10-08 04:15:00+00:00,981.1500244140625,982.4500122070312,980.0,982.4000244140625,433890
2025-10-08 04:30:00+00:00,980.0,981.3499755859375,978.8499755859375,981.2999877929688,322597
2025-10-08 04:45:00+00:00,978.0,979.9000244140625,978.0,979.9000244140625,276041
2025-10-08 05:00:00+00:00,978.8499755859375,979.75,977.4500122070312,978.0,541188
2025-10-08 05:15:00+00:00,977.7000122070312,978.7000122070312,977.0999755859375,978.7000122070312,246294
2025-10-08 05:30:00+00:00,975.1500244140625,977.75,974.5999755859375,977.7000122070312,591233
2025-10-08 05:45:00+00:00,976.2000122070312,977.25,974.8499755859375,975.1500244140625,537326
2025-10-08 06:00:00+00:00,977.4000244140625,978.0499877929688,975.8499755859375,976.0499877929688,317286
2025-10-08 06:15:00+00:00,979.9000244140625,980.4500122070312,977.0999755859375,977.1500244140625,817892
2025-10-08 06:30:00+00:00,980.4500122070312,980.7000122070312,978.4500122070312,979.7000122070312,498678
2025-10-08 06:45:00+00:00,978.2000122070312,980.4500122070312,977.3499755859375,980.4500122070312,742094
2025-10-08 07:00:00+00:00,978.75,978.75,976.7999877929688,978.1500244140625,418855
2025-10-08 07:15:00+00:00,980.0,980.3499755859375,978.5999755859375,978.6500244140625,359369
2025-10-08 07:30:00+00:00,980.4000244140625,980.5,978.5999755859375,979.9500122070312,379813
2025-10-08 07:45:00+00:00,980.3499755859375,981.5,978.7999877929688,980.25,768180
2025-10-08 08:00:00+00:00,982.2999877929688,983.0,980.25,980.3499755859375,674705
2025-10-08 08:15:00+00:00,982.75,983.3499755859375,981.9500122070312,982.25,594462
2025-10-08 08:30:00+00:00,980.0499877929688,983.0499877929688,978.7999877929688,982.75,985116
2025-10-08 08:45:00+00:00,979.4500122070312,980.7000122070312,978.9000244140625,980.3499755859375,591746
2025-10-08 09:00:00+00:00,979.3499755859375,980.8499755859375,978.3499755859375,979.4000244140625,845767
2025-10-08 09:15:00+00:00,979.8499755859375,980.3499755859375,978.4500122070312,979.5999755859375,681919
2025-10-08 09:30:00+00:00,978.1500244140625,980.0,978.0999755859375,979.7999877929688,1020627
2025-10-08 09:45:00+00:00,978.0,979.0,977.2000122070312,978.2000122070312,1117118
2025-10-09 03:45:00+00:00,976.9500122070312,977.0,971.5,974.0,345304
2025-10-09 04:00:00+00:00,974.0,977.5,973.8499755859375,977.0,254010
2025-10-09 04:15:00+00:00,972.3499755859375,974.7999877929688,972.3499755859375,973.75,199583
2025-10-09 04:30:00+00:00,971.25,972.7000122070312,970.2000122070312,972.2000122070312,266804
2025-10-09 04:45:00+00:00,973.6500244140625,974.2999877929688,971.0499877929688,971.25,279792
2025-10-09 05:00:00+00:00,975.0,975.7999877929688,973.5499877929688,973.6500244140625,318556
2025-10-09 05:15:00+00:00,974.4000244140625,975.5999755859375,973.2000122070312,975.0,472119
2025-10-09 05:30:00+00:00,977.0,978.2999877929688,974.2000122070312,974.4000244140625,465428
2025-10-09 05:45:00+00:00,977.1500244140625,977.5499877929688,976.0,977.0,373833
2025-10-09 06:00:00+00:00,976.2000122070312,979.0,975.4000244140625,977.0999755859375,557926
2025-10-09 06:15:00+00:00,975.9000244140625,978.0499877929688,975.5999755859375,976.2000122070312,466671
2025-10-09 06:30:00+00:00,976.25,977.0,976.0,976.0,238266
2025-10-09 06:45:00+00:00,975.9000244140625,976.9000244140625,975.25,976.25,141719
2025-10-09 07:00:00+00:00,975.0499877929688,976.2000122070312,974.3499755859375,975.9000244140625,518230
2025-10-09 07:15:00+00:00,974.4000244140625,975.4000244140625,973.5499877929688,975.0499877929688,283436
2025-10-09 07:30:00+00:00,975.25,975.5499877929688,973.75,974.5,444782
2025-10-09 07:45:00+00:00,976.6500244140625,976.75,974.9000244140625,975.25,273620
2025-10-09 08:00:00+00:00,976.4000244140625,976.9000244140625,975.25,976.6500244140625,353494
2025-10-09 08:15:00+00:00,977.5,977.5,975.3499755859375,976.4500122070312,485692
2025-10-09 08:30:00+00:00,976.8499755859375,978.5499877929688,976.75,977.5999755859375,503767
2025-10-09 08:45:00+00:00,976.0,977.7999877929688,975.0,976.7999877929688,807767
2025-10-09 09:00:00+00:00,977.5,977.7999877929688,975.0999755859375,976.0,1033986
2025-10-09 09:15:00+00:00,977.0999755859375,977.7999877929688,975.4500122070312,977.5,1288359
2025-10-09 09:30:00+00:00,977.0499877929688,977.9500122070312,976.1500244140625,977.0999755859375,2138809
2025-10-09 09:45:00+00:00,975.0,977.75,975.0,977.0,1541689
2025-10-10 03:45:00+00:00,983.0499877929688,984.5,978.9500122070312,978.9500122070312,543327
2025-10-10 04:00:00+00:00,982.9500122070312,984.0,982.0,983.25,327053
2025-10-10 04:15:00+00:00,982.5999755859375,984.8499755859375,982.2000122070312,983.0,585668
2025-10-10 04:30:00+00:00,980.0,983.0,980.0,982.4000244140625,276883
2025-10-10 04:45:00+00:00,981.0,982.2000122070312,979.9000244140625,980.0,298557
2025-10-10 05:00:00+00:00,980.7999877929688,982.0999755859375,980.5999755859375,980.9000244140625,455151
2025-10-10 05:15:00+00:00,981.5999755859375,981.9000244140625,980.3499755859375,980.9000244140625,500859
2025-10-10 05:30:00+00:00,983.0,983.1500244140625,981.4500122070312,981.7000122070312,748045
2025-10-10 05:45:00+00:00,981.9500122070312,983.3499755859375,981.2999877929688,983.0,447394
2025-10-10 06:00:00+00:00,981.7000122070312,983.5,981.4500122070312,981.9000244140625,776356
2025-10-10 06:15:00+00:00,980.8499755859375,982.3499755859375,980.6500244140625,981.5999755859375,146531
2025-10-10 06:30:00+00:00,980.9500122070312,981.6500244140625,980.4000244140625,981.0,161016
2025-10-10 06:45:00+00:00,981.2999877929688,981.5,979.7000122070312,981.0,485699
2025-10-10 07:00:00+00:00,983.0,983.0,980.5499877929688,981.0499877929688,353042
2025-10-10 07:15:00+00:00,983.5,983.9000244140625,982.5999755859375,982.9500122070312,465725
2025-10-10 07:30:00+00:00,982.5,984.0,981.7000122070312,983.4000244140625,451776
2025-10-10 07:45:00+00:00,983.0,984.3499755859375,981.9000244140625,982.4500122070312,826838
2025-10-10 08:00:00+00:00,984.0999755859375,984.2000122070312,982.5,983.0499877929688,421484
2025-10-10 08:15:00+00:00,982.9500122070312,984.4500122070312,982.9500122070312,984.0,437745
2025-10-10 08:30:00+00:00,984.8499755859375,984.9000244140625,982.7000122070312,982.9000244140625,656671
2025-10-10 08:45:00+00:00,985.4500122070312,985.4500122070312,984.5,984.75,716844
2025-10-10 09:00:00+00:00,986.0499877929688,986.2000122070312,984.75,985.2000122070312,347538
2025-10-10 09:15:00+00:00,983.9000244140625,986.0999755859375,982.5999755859375,986.0499877929688,910981
2025-10-10 09:30:00+00:00,980.4000244140625,983.9000244140625,980.0,983.9000244140625,849316
2025-10-10 09:45:00+00:00,980.9000244140625,981.9000244140625,980.2999877929688,980.5,878675
2025-10-13 03:45:00+00:00,974.0,978.7000122070312,972.9000244140625,978.7000122070312,384745
2025-10-13 04:00:00+00:00,976.4500122070312,976.5,972.0,973.9500122070312,411359
2025-10-13 04:15:00+00:00,975.7999877929688,977.5999755859375,975.0499877929688,976.4000244140625,308104
2025-10-13 04:30:00+00:00,974.9000244140625,975.7999877929688,973.9000244140625,975.7999877929688,249365
2025-10-13 04:45:00+00:00,976.25,976.5,973.9000244140625,974.75,347114
2025-10-13 05:00:00+00:00,977.4000244140625,978.2000122070312,975.9000244140625,976.25,474844
2025-10-13 05:15:00+00:00,976.8499755859375,977.9500122070312,976.0,977.0499877929688,267413
2025-10-13 05:30:00+00:00,978.0,979.0,976.5999755859375,976.9000244140625,599000
2025-10-13 05:45:00+00:00,978.3499755859375,979.0,976.9500122070312,978.2000122070312,989722
2025-10-13 06:00:00+00:00,978.7000122070312,979.0,977.5999755859375,978.3499755859375,398659
2025-10-13 06:15:00+00:00,979.7999877929688,980.0,978.2000122070312,978.5,519051
2025-10-13 06:30:00+00:00,976.3499755859375,980.0,975.6500244140625,979.6500244140625,1175289
2025-10-13 06:45:00+00:00,975.7999877929688,976.75,975.25,976.0499877929688,365913
2025-10-13 07:00:00+00:00,976.8499755859375,977.0,975.2999877929688,975.8499755859375,781765
2025-10-13 07:15:00+00:00,978.0,978.2999877929688,975.2000122070312,976.9000244140625,949727
2025-10-13 07:30:00+00:00,978.0,978.4000244140625,976.0999755859375,978.2999877929688,973441
2025-10-13 07:45:00+00:00,976.2000122070312,978.5,974.9000244140625,977.9500122070312,1037369
2025-10-13 08:00:00+00:00,975.6500244140625,977.7000122070312,975.2999877929688,976.0999755859375,703559
2025-10-13 08:15:00+00:00,975.9000244140625,976.9500122070312,975.4000244140625,975.5999755859375,1032076
2025-10-13 08:30:00+00:00,978.2999877929688,979.2999877929688,975.8499755859375,975.9000244140625,568933
2025-10-13 08:45:00+00:00,979.9500122070312,980.5,977.3499755859375,978.5499877929688,1085449
2025-10-13 09:00:00+00:00,980.0,981.0,978.8499755859375,979.9500122070312,807768
2025-10-13 09:15:00+00:00,980.6500244140625,980.8499755859375,978.8499755859375,980.0499877929688,828452
2025-10-13 09:30:00+00:00,976.4000244140625,980.6500244140625,975.9000244140625,980.6500244140625,1503892
2025-10-13 09:45:00+00:00,977.0,978.25,976.4000244140625,976.4000244140625,1104709
2025-10-14 03:45:00+00:00,979.0,979.6500244140625,970.0,970.0,539812
2025-10-14 04:00:00+00:00,975.5,979.25,974.5499877929688,979.25,717288
2025-10-14 04:15:00+00:00,976.7000122070312,977.0499877929688,974.9000244140625,975.5,1028348
2025-10-14 04:30:00+00:00,977.9000244140625,978.2000122070312,975.5499877929688,976.7999877929688,481261
2025-10-14 04:45:00+00:00,978.9500122070312,979.0,977.3499755859375,977.8499755859375,358414
2025-10-14 05:00:00+00:00,979.4000244140625,980.4000244140625,977.75,978.7999877929688,1386217
2025-10-14 05:15:00+00:00,978.0999755859375,979.7000122070312,976.75,979.1500244140625,778128
2025-10-14 05:30:00+00:00,976.4500122070312,978.4500122070312,975.9000244140625,978.0999755859375,345887
2025-10-14 05:45:00+00:00,976.4000244140625,976.4500122070312,975.0,976.4500122070312,280699
2025-10-14 06:00:00+00:00,975.75,977.0,975.3499755859375,976.4500122070312,262265
2025-10-14 06:15:00+00:00,976.0,976.6500244140625,975.5,975.7999877929688,129255
2025-10-14 06:30:00+00:00,974.4500122070312,976.9500122070312,973.6500244140625,976.0,869130
2025-10-14 06:45:00+00:00,973.0999755859375,974.4500122070312,973.0499877929688,974.25,246944
2025-10-14 07:00:00+00:00,972.2999877929688,975.2999877929688,972.25,973.25,927944
2025-10-14 07:15:00+00:00,973.4000244140625,973.5499877929688,972.1500244140625,972.2999877929688,155506
2025-10-14 07:30:00+00:00,972.5499877929688,974.2000122070312,971.4500122070312,973.0999755859375,874277
2025-10-14 07:45:00+00:00,973.0,973.5999755859375,972.4000244140625,972.5999755859375,255584
2025-10-14 08:00:00+00:00,974.2999877929688,975.7999877929688,973.0999755859375,973.0999755859375,1749775
2025-10-14 08:15:00+00:00,974.9000244140625,975.4000244140625,972.8499755859375,974.5499877929688,877188
2025-10-14 08:30:00+00:00,974.5999755859375,975.0,973.0499877929688,974.7999877929688,1055894
2025-10-14 08:45:00+00:00,976.2000122070312,976.5499877929688,973.8499755859375,974.6500244140625,1059054
2025-10-14 09:00:00+00:00,977.4000244140625,978.0499877929688,975.4500122070312,976.25,1329561
2025-10-14 09:15:00+00:00,977.7999877929688,978.4500122070312,976.25,977.4000244140625,995655
2025-10-14 09:30:00+00:00,977.5499877929688,978.75,976.4500122070312,977.4000244140625,1385141
2025-10-14 09:45:00+00:00,975.1500244140625,977.6500244140625,975.0999755859375,977.6500244140625,1014161
2025-10-15 03:45:00+00:00,977.6500244140625,979.6500244140625,974.6500244140625,974.6500244140625,808881
2025-10-15 04:00:00+00:00,975.8499755859375,978.9000244140625,975.2999877929688,977.5999755859375,1437199
2025-10-15 04:15:00+00:00,974.8499755859375,976.5,973.4500122070312,975.9000244140625,861663
2025-10-15 04:30:00+00:00,978.7000122070312,978.7999877929688,974.4500122070312,974.7999877929688,518860
2025-10-15 04:45:00+00:00,981.3499755859375,981.5,978.3499755859375,978.5,456317
2025-10-15 05:00:00+00:00,982.6500244140625,984.0,981.4000244140625,981.4500122070312,1170989
2025-10-15 05:15:00+00:00,984.1500244140625,984.2999877929688,982.2000122070312,982.6500244140625,420556
2025-10-15 05:30:00+00:00,982.7000122070312,984.8499755859375,982.4000244140625,984.0999755859375,487943
2025-10-15 05:45:00+00:00,983.5499877929688,983.7000122070312,982.5499877929688,982.8499755859375,265116
2025-10-15 06:00:00+00:00,983.7000122070312,983.8499755859375,982.5,983.5499877929688,278616
2025-10-15 06:15:00+00:00,980.9500122070312,983.5999755859375,980.7999877929688,983.2999877929688,483649
2025-10-15 06:30:00+00:00,979.5,981.4500122070312,979.5,980.9500122070312,697389
2025-10-15 06:45:00+00:00,980.0999755859375,980.4500122070312,978.6500244140625,979.7000122070312,865722
2025-10-15 07:00:00+00:00,979.7999877929688,980.2999877929688,978.2000122070312,980.0499877929688,377186
2025-10-15 07:15:00+00:00,981.3499755859375,981.5,979.2000122070312,979.7999877929688,670047
2025-10-15 07:30:00+00:00,981.3499755859375,982.4000244140625,981.1500244140625,981.3499755859375,560309
2025-10-15 07:45:00+00:00,982.4500122070312,983.3499755859375,981.2999877929688,981.3499755859375,802238
2025-10-15 08:00:00+00:00,982.4000244140625,983.3499755859375,982.0499877929688,982.4500122070312,296302
2025-10-15 08:15:00+00:00,982.9000244140625,983.2000122070312,982.0999755859375,982.5,371774
2025-10-15 08:30:00+00:00,980.6500244140625,983.0,979.9500122070312,983.0,793816
2025-10-15 08:45:00+00:00,980.9000244140625,981.1500244140625,979.9000244140625,980.8499755859375,629804
2025-10-15 09:00:00+00:00,979.5499877929688,980.7999877929688,979.0999755859375,980.75,885860
2025-10-15 09:15:00+00:00,977.4000244140625,979.5999755859375,976.75,979.3499755859375,1354834
2025-10-15 09:30:00+00:00,979.0499877929688,979.2999877929688,976.25,977.4000244140625,2778039
2025-10-15 09:45:00+00:00,978.7999877929688,980.0,978.2000122070312,979.0499877929688,2665365
2025-10-16 03:45:00+00:00,983.5,986.6500244140625,981.6500244140625,983.0,487600
2025-10-16 04:00:00+00:00,983.9500122070312,984.25,981.9000244140625,983.5999755859375,530080
2025-10-16 04:15:00+00:00,982.5999755859375,984.3499755859375,982.5999755859375,984.0999755859375,357159
2025-10-16 04:30:00+00:00,982.0999755859375,982.9000244140625,981.9000244140625,982.4500122070312,204923
2025-10-16 04:45:00+00:00,984.0999755859375,985.3499755859375,982.0,982.0499877929688,953693
2025-10-16 05:00:00+00:00,983.4000244140625,984.5999755859375,983.25,984.0499877929688,451206
2025-10-16 05:15:00+00:00,985.0,985.2999877929688,983.3499755859375,983.4000244140625,464869
2025-10-16 05:30:00+00:00,985.0,985.4500122070312,984.0499877929688,985.0499877929688,470058
2025-10-16 05:45:00+00:00,984.0,985.0499877929688,983.7000122070312,985.0,210160
2025-10-16 06:00:00+00:00,983.0,984.3499755859375,982.8499755859375,984.0,402689
2025-10-16 06:15:00+00:00,983.1500244140625,983.2999877929688,982.4500122070312,983.0499877929688,459407
2025-10-16 06:30:00+00:00,984.4500122070312,985.0499877929688,983.0999755859375,983.1500244140625,466236
2025-10-16 06:45:00+00:00,985.4500122070312,985.4500122070312,984.2000122070312,984.5,485976
2025-10-16 07:00:00+00:00,988.75,989.0,985.5999755859375,985.7000122070312,720992
2025-10-16 07:15:00+00:00,986.8499755859375,988.75,986.4000244140625,988.75,864000
2025-10-16 07:30:00+00:00,986.7999877929688,987.7000122070312,986.0,986.9000244140625,621977
2025-10-16 07:45:00+00:00,987.7999877929688,988.0999755859375,985.7000122070312,986.7999877929688,913750
2025-10-16 08:00:00+00:00,990.5999755859375,990.5999755859375,987.5,987.9000244140625,1260620
2025-10-16 08:15:00+00:00,990.8499755859375,992.0,989.2999877929688,990.6500244140625,768176
2025-10-16 08:30:00+00:00,990.75,992.9000244140625,990.7000122070312,990.8499755859375,1369001
2025-10-16 08:45:00+00:00,994.4000244140625,994.5499877929688,990.5999755859375,990.7999877929688,1478463
2025-10-16 09:00:00+00:00,995.7000122070312,996.5499877929688,993.5,994.4000244140625,1499527
2025-10-16 09:15:00+00:00,995.2000122070312,996.5499877929688,993.8499755859375,995.8499755859375,1434909
2025-10-16 09:30:00+00:00,993.75,995.4000244140625,992.9500122070312,995.2000122070312,2465524
2025-10-16 09:45:00+00:00,993.5999755859375,995.2999877929688,993.5999755859375,993.75,1769553
2025-10-17 03:45:00+00:00,994.75,994.75,986.9500122070312,986.9500122070312,875181
2025-10-17 04:00:00+00:00,993.5499877929688,996.0,993.0999755859375,994.6500244140625,803129
2025-10-17 04:15:00+00:00,992.5999755859375,993.9500122070312,992.3499755859375,993.5,374490
2025-10-17 04:30:00+00:00,997.25,997.8499755859375,992.5,992.7000122070312,705154
2025-10-17 04:45:00+00:00,997.6500244140625,998.7000122070312,996.5499877929688,997.25,646036
2025-10-17 05:00:00+00:00,1000.3499755859375,1000.9000244140625,997.5,997.7000122070312,1391636
2025-10-17 05:15:00+00:00,1004.7999877929688,1004.9000244140625,999.5999755859375,1000.5,1145558
2025-10-17 05:30:00+00:00,1005.8499755859375,1008.75,1004.3499755859375,1004.9000244140625,1092238
2025-10-17 05:45:00+00:00,1006.0499877929688,1006.5499877929688,1003.8499755859375,1005.7999877929688,890164
2025-10-17 06:00:00+00:00,1004.6500244140625,1006.0999755859375,1003.4500122070312,1006.0499877929688,529324
2025-10-17 06:15:00+00:00,1004.8499755859375,1005.7000122070312,1001.8499755859375,1004.7999877929688,1168434
2025-10-17 06:30:00+00:00,1005.0999755859375,1005.9500122070312,1004.5,1004.9000244140625,660803
2025-10-17 06:45:00+00:00,1007.9000244140625,1008.0,1003.5499877929688,1005.1500244140625,1062272
2025-10-17 07:00:00+00:00,1007.0,1008.5,1006.25,1007.9000244140625,674869
2025-10-17 07:15:00+00:00,1005.0999755859375,1009.0,1004.5999755859375,1007.2000122070312,1002960
2025-10-17 07:30:00+00:00,1003.5999755859375,1006.25,1002.0,1005.3499755859375,794407
2025-10-17 07:45:00+00:00,1003.4000244140625,1006.5,1002.7999877929688,1003.4500122070312,775749
2025-10-17 08:00:00+00:00,1002.0999755859375,1004.0,1001.0,1003.2999877929688,1085986
2025-10-17 08:15:00+00:00,1002.0499877929688,1002.5,1000.0,1002.1500244140625,693715
2025-10-17 08:30:00+00:00,1003.8499755859375,1005.7999877929688,1001.3499755859375,1002.4500122070312,727528
2025-10-17 08:45:00+00:00,1002.0499877929688,1006.4000244140625,1001.9500122070312,1003.8499755859375,1193354
2025-10-17 09:00:00+00:00,1004.1500244140625,1006.2000122070312,1001.75,1002.0499877929688,871009
2025-10-17 09:15:00+00:00,1004.0499877929688,1006.3499755859375,1003.4500122070312,1004.25,991571
2025-10-17 09:30:00+00:00,1002.5,1004.25,1001.5,1004.25,1439694
2025-10-17 09:45:00+00:00,1002.5,1003.7999877929688,1000.5999755859375,1002.5,1838660
2025-10-20 03:45:00+00:00,1017.6500244140625,1019.9500122070312,1002.0999755859375,1002.0999755859375,1067616
2025-10-20 04:00:00+00:00,1008.8499755859375,1017.8499755859375,1008.2999877929688,1017.6500244140625,818416
2025-10-20 04:15:00+00:00,1007.7000122070312,1009.2999877929688,1005.0999755859375,1008.75,775907
2025-10-20 04:30:00+00:00,1008.4000244140625,1008.7999877929688,1005.7000122070312,1007.7000122070312,594349
2025-10-20 04:45:00+00:00,1006.7000122070312,1008.7000122070312,1006.0,1008.3499755859375,568868
2025-10-20 05:00:00+00:00,1005.4000244140625,1006.7000122070312,1004.75,1006.5499877929688,541229
2025-10-20 05:15:00+00:00,1004.7999877929688,1006.7000122070312,1004.2000122070312,1005.4000244140625,596538
2025-10-20 05:30:00+00:00,1004.9000244140625,1005.2000122070312,1003.6500244140625,1004.5499877929688,874672
2025-10-20 05:45:00+00:00,1004.1500244140625,1005.25,1003.4000244140625,1004.9000244140625,851039
2025-10-20 06:00:00+00:00,1004.5,1005.0,1002.4500122070312,1004.25,579109
2025-10-20 06:15:00+00:00,1004.0,1006.2000122070312,1004.0,1004.25,558109
2025-10-20 06:30:00+00:00,1003.7999877929688,1004.3499755859375,1002.5499877929688,1004.0499877929688,370258
2025-10-20 06:45:00+00:00,1001.25,1004.25,1000.2000122070312,1003.8499755859375,493129
2025-10-20 07:00:00+00:00,1000.5999755859375,1001.75,1000.0499877929688,1001.5,549751
2025-10-20 07:15:00+00:00,1003.2999877929688,1003.75,1000.25,1000.5499877929688,617735
2025-10-20 07:30:00+00:00,1006.0499877929688,1006.5,1003.3499755859375,1003.5,1039556
2025-10-20 07:45:00+00:00,1004.75,1006.1500244140625,1003.5999755859375,1006.0499877929688,757204
2025-10-20 08:00:00+00:00,1005.0,1005.7999877929688,1004.75,1004.9500122070312,351139
2025-10-20 08:15:00+00:00,1002.4000244140625,1005.4500122070312,1001.25,1005.1500244140625,684653
2025-10-20 08:30:00+00:00,1001.9500122070312,1003.2999877929688,1001.0,1002.3499755859375,425452
2025-10-20 08:45:00+00:00,1000.5,1004.25,999.4500122070312,1002.0,839393
2025-10-20 09:00:00+00:00,999.9000244140625,1002.2000122070312,999.0499877929688,1000.25,898534
2025-10-20 09:15:00+00:00,1000.3499755859375,1001.5,998.5999755859375,999.9000244140625,1371432
2025-10-20 09:30:00+00:00,1003.4000244140625,1004.0999755859375,999.8499755859375,1000.3499755859375,1831728
2025-10-20 09:45:00+00:00,1003.5499877929688,1004.7000122070312,1002.7999877929688,1003.4000244140625,1397621
2025-10-21 08:00:00+00:00,1006.0,1006.0,1006.0,1006.0,0
2025-10-21 08:15:00+00:00,1008.5499877929688,1010.0,1006.0,1006.0,1153245
2025-10-21 08:30:00+00:00,1009.1500244140625,1009.5,1007.3499755859375,1008.5499877929688,710386
2025-10-21 08:45:00+00:00,1006.9000244140625,1010.0,1006.6500244140625,1009.1500244140625,768561
2025-10-21 09:00:00+00:00,1005.0,1008.2000122070312,1004.0,1006.9000244140625,796486
2025-10-21 09:15:00+00:00,1007.7000122070312,1007.7000122070312,1004.0,1004.0,1179
2025-10-23 03:45:00+00:00,1011.0499877929688,1016.5499877929688,1009.0999755859375,1016.5499877929688,2466065
2025-10-23 04:00:00+00:00,1012.6500244140625,1015.0,1011.0999755859375,1011.0999755859375,3231271
2025-10-23 04:15:00+00:00,1010.4000244140625,1014.6500244140625,1010.0,1012.7000122070312,967346
2025-10-23 04:30:00+00:00,1012.75,1013.0,1010.4000244140625,1010.4000244140625,717178
2025-10-23 04:45:00+00:00,1012.1500244140625,1013.0,1011.0,1012.7000122070312,906803
2025-10-23 05:00:00+00:00,1009.9500122070312,1012.5,1009.0,1012.4000244140625,2423660
2025-10-23 05:15:00+00:00,1010.7000122070312,1011.2999877929688,1009.75,1009.9500122070312,714324
2025-10-23 05:30:00+00:00,1010.5,1011.8499755859375,1009.9500122070312,1010.7999877929688,693640
2025-10-23 05:45:00+00:00,1010.9000244140625,1012.5,1010.3499755859375,1010.5,1029697
2025-10-23 06:00:00+00:00,1011.6500244140625,1012.0499877929688,1010.25,1010.8499755859375,1381323
2025-10-23 06:15:00+00:00,1014.5999755859375,1014.9000244140625,1011.5999755859375,1011.6500244140625,1243397
2025-10-23 06:30:00+00:00,1015.4500122070312,1016.0,1013.5499877929688,1014.5499877929688,1241779
2025-10-23 06:45:00+00:00,1017.5999755859375,1018.7999877929688,1015.5499877929688,1015.75,1787870
2025-10-23 07:00:00+00:00,1017.0,1018.8499755859375,1016.7999877929688,1017.5999755859375,1502753
2025-10-23 07:15:00+00:00,1016.5999755859375,1018.5,1016.4500122070312,1016.9500122070312,1521119
2025-10-23 07:30:00+00:00,1018.5999755859375,1019.0,1016.0,1016.5,1580635
2025-10-23 07:45:00+00:00,1017.3499755859375,1020.4000244140625,1016.9500122070312,1018.5999755859375,1653181
2025-10-23 08:00:00+00:00,1016.8499755859375,1018.0999755859375,1015.1500244140625,1017.2000122070312,1245916
2025-10-23 08:15:00+00:00,1015.5499877929688,1018.7999877929688,1015.1500244140625,1016.9000244140625,1173931
2025-10-23 08:30:00+00:00,1012.7000122070312,1015.7000122070312,1012.0,1015.5,1612901
2025-10-23 08:45:00+00:00,1009.8499755859375,1013.0,1008.5499877929688,1012.5,2087510
2025-10-23 09:00:00+00:00,1011.7999877929688,1013.0,1009.0,1009.9000244140625,2070857
2025-10-23 09:15:00+00:00,1010.4000244140625,1012.3499755859375,1009.9500122070312,1011.7999877929688,1761623
2025-10-23 09:30:00+00:00,1007.75,1011.25,1007.5,1010.5999755859375,2895366
2025-10-23 09:45:00+00:00,1007.0,1009.7000122070312,1006.0,1007.5499877929688,2142186
2025-10-24 03:45:00+00:00,1008.75,1011.9000244140625,1008.5,1010.2000122070312,568471
2025-10-24 04:00:00+00:00,1008.4000244140625,1009.3499755859375,1006.7000122070312,1008.7999877929688,613605
2025-10-24 04:15:00+00:00,1005.4000244140625,1008.4000244140625,1004.0499877929688,1008.4000244140625,473649
2025-10-24 04:30:00+00:00,1005.0999755859375,1006.75,1004.75,1005.4500122070312,308639
2025-10-24 04:45:00+00:00,1003.6500244140625,1005.0999755859375,1002.5499877929688,1005.0499877929688,602112
2025-10-24 05:00:00+00:00,1001.7000122070312,1003.7999877929688,1001.7000122070312,1003.6500244140625,442015
2025-10-24 05:15:00+00:00,1000.75,1002.1500244140625,1000.0,1001.9500122070312,544834
2025-10-24 05:30:00+00:00,1002.0,1003.2000122070312,1000.5,1000.9000244140625,899334
2025-10-24 05:45:00+00:00,1001.5,1002.6500244140625,1001.0,1002.0499877929688,930162
2025-10-24 06:00:00+00:00,1001.0,1001.8499755859375,999.5499877929688,1001.4500122070312,813335
2025-10-24 06:15:00+00:00,999.9000244140625,1001.8499755859375,999.6500244140625,1001.0,452427
2025-10-24 06:30:00+00:00,1002.0499877929688,1002.0499877929688,999.5499877929688,999.9500122070312,844688
2025-10-24 06:45:00+00:00,999.8499755859375,1003.9500122070312,999.8499755859375,1002.1500244140625,1302403
2025-10-24 07:00:00+00:00,997.7999877929688,1000.5499877929688,997.2999877929688,1000.0,465847
2025-10-24 07:15:00+00:00,995.7000122070312,997.9500122070312,995.1500244140625,997.4500122070312,346231
2025-10-24 07:30:00+00:00,997.75,997.75,995.2000122070312,995.75,521450
2025-10-24 07:45:00+00:00,995.25,998.4000244140625,995.0,997.75,614227
2025-10-24 08:00:00+00:00,992.0,995.9500122070312,991.75,995.25,515504
2025-10-24 08:15:00+00:00,992.2999877929688,993.0499877929688,991.2999877929688,991.9000244140625,384998
2025-10-24 08:30:00+00:00,994.25,995.4500122070312,992.2999877929688,992.2999877929688,518974
2025-10-24 08:45:00+00:00,994.7000122070312,995.7999877929688,993.8499755859375,994.4000244140625,633975
2025-10-24 09:00:00+00:00,993.0,995.5499877929688,992.7999877929688,994.9500122070312,589550
2025-10-24 09:15:00+00:00,992.2000122070312,993.9000244140625,992.0,993.0,541070
2025-10-24 09:30:00+00:00,995.1500244140625,995.5499877929688,992.2000122070312,992.2000122070312,1751837
2025-10-24 09:45:00+00:00,994.75,995.9500122070312,994.0,995.1500244140625,1420391
2025-10-27 03:45:00+00:00,1001.7000122070312,1002.25,996.3499755859375,997.4500122070312,529619
2025-10-27 04:00:00+00:00,1005.0999755859375,1005.7999877929688,1001.2999877929688,1001.7000122070312,737465
2025-10-27 04:15:00+00:00,1005.0,1006.6500244140625,1004.8499755859375,1005.25,522827
2025-10-27 04:30:00+00:00,1007.0,1007.6500244140625,1003.9500122070312,1005.0,472750
2025-10-27 04:45:00+00:00,1008.75,1009.0,1006.9000244140625,1006.9500122070312,456414
2025-10-27 05:00:00+00:00,1006.75,1009.0,1006.7000122070312,1008.7000122070312,508052
2025-10-27 05:15:00+00:00,1005.5,1007.0,1004.7000122070312,1006.75,524215
2025-10-27 05:30:00+00:00,1005.25,1006.9000244140625,1004.4500122070312,1005.5,726325
2025-10-27 05:45:00+00:00,1006.0,1006.75,1004.0999755859375,1005.1500244140625,434447
2025-10-27 06:00:00+00:00,1003.7999877929688,1006.0999755859375,1003.4000244140625,1006.0,317876
2025-10-27 06:15:00+00:00,1007.4000244140625,1007.4500122070312,1003.0,1003.7999877929688,464362
2025-10-27 06:30:00+00:00,1007.2000122070312,1008.1500244140625,1006.5,1007.5,471483
2025-10-27 06:45:00+00:00,1005.0,1007.9000244140625,1004.7000122070312,1007.25,390258
2025-10-27 07:00:00+00:00,1005.5999755859375,1006.25,1004.5,1005.0,752907
2025-10-27 07:15:00+00:00,1005.2000122070312,1006.3499755859375,1004.5999755859375,1005.75,735396
2025-10-27 07:30:00+00:00,1004.3499755859375,1005.4000244140625,1003.7000122070312,1005.1500244140625,301007
2025-10-27 07:45:00+00:00,1002.6500244140625,1004.5999755859375,1001.2000122070312,1004.5,450224
2025-10-27 08:00:00+00:00,1001.4500122070312,1002.6500244140625,1000.6500244140625,1002.6500244140625,438450
2025-10-27 08:15:00+00:00,1002.0499877929688,1003.2999877929688,1000.7000122070312,1001.4500122070312,436427
2025-10-27 08:30:00+00:00,1001.1500244140625,1003.0,1000.75,1002.0499877929688,460672
2025-10-27 08:45:00+00:00,1004.4000244140625,1004.5,1001.3499755859375,1001.3499755859375,751477
2025-10-27 09:00:00+00:00,1002.9000244140625,1004.5,1002.4500122070312,1004.4500122070312,395992
2025-10-27 09:15:00+00:00,1002.8499755859375,1003.0,1000.9000244140625,1002.8499755859375,810023
2025-10-27 09:30:00+00:00,1003.25,1003.8499755859375,1001.6500244140625,1002.75,1377791
2025-10-27 09:45:00+00:00,1003.5,1004.0,1001.9000244140625,1003.2000122070312,1238286
2025-10-28 03:45:00+00:00,1003.2999877929688,1004.25,997.5499877929688,997.5499877929688,946236
2025-10-28 04:00:00+00:00,1007.2999877929688,1007.9500122070312,1002.2999877929688,1003.2000122070312,1204403
2025-10-28 04:15:00+00:00,1004.25,1007.7999877929688,1002.7000122070312,1007.25,777534
2025-10-28 04:30:00+00:00,1000.25,1004.25,999.2999877929688,1004.25,1172788
2025-10-28 04:45:00+00:00,998.9500122070312,1000.9500122070312,998.4000244140625,1000.25,493242
2025-10-28 05:00:00+00:00,998.75,999.0499877929688,997.0,999.0499877929688,417501
2025-10-28 05:15:00+00:00,996.6500244140625,998.9500122070312,996.5,998.7000122070312,490068
2025-10-28 05:30:00+00:00,997.5999755859375,998.1500244140625,996.0,996.5999755859375,676473
2025-10-28 05:45:00+00:00,1000.2999877929688,1000.75,996.8499755859375,997.5999755859375,1039726
2025-10-28 06:00:00+00:00,1000.25,1001.4000244140625,1000.0,1000.3499755859375,464638
2025-10-28 06:15:00+00:00,997.75,1001.0,997.5999755859375,1000.2000122070312,496092
2025-10-28 06:30:00+00:00,997.1500244140625,998.0499877929688,996.0,997.75,766832
2025-10-28 06:45:00+00:00,999.1500244140625,999.75,996.4500122070312,997.1500244140625,1094075
2025-10-28 07:00:00+00:00,1002.6500244140625,1002.8499755859375,998.7999877929688,999.0499877929688,761472
2025-10-28 07:15:00+00:00,1001.9000244140625,1003.7000122070312,1000.6500244140625,1002.6500244140625,1210472
2025-10-28 07:30:00+00:00,1002.0499877929688,1003.7000122070312,1000.0999755859375,1001.9500122070312,689576
2025-10-28 07:45:00+00:00,1003.7000122070312,1004.3499755859375,1000.7000122070312,1002.2000122070312,633001
2025-10-28 08:00:00+00:00,999.4500122070312,1004.5499877929688,999.4500122070312,1003.2999877929688,847978
2025-10-28 08:15:00+00:00,1000.5499877929688,1001.0,999.0,999.4000244140625,1064986
2025-10-28 08:30:00+00:00,1000.4000244140625,1002.2000122070312,998.4000244140625,1000.5499877929688,1721052
2025-10-28 08:45:00+00:00,998.6500244140625,1000.75,997.0,1000.3499755859375,1606944
2025-10-28 09:00:00+00:00,998.75,999.2999877929688,996.5,998.5,1618216
2025-10-28 09:15:00+00:00,1000.2000122070312,1001.3499755859375,998.5,998.5,2182584
2025-10-28 09:30:00+00:00,1004.25,1004.5499877929688,1000.25,1000.2999877929688,5091973
2025-10-28 09:45:00+00:00,1003.5499877929688,1005.7000122070312,1002.0999755859375,1004.4000244140625,3735067
2025-10-29 03:45:00+00:00,1003.8499755859375,1006.7999877929688,1002.5999755859375,1005.0,332718
2025-10-29 04:00:00+00:00,1000.5,1004.1500244140625,1000.2000122070312,1003.9500122070312,337109
2025-10-29 04:15:00+00:00,1001.5999755859375,1002.4000244140625,1000.0,1000.4500122070312,244458
2025-10-29 04:30:00+00:00,1002.5,1003.5,1001.2999877929688,1001.5999755859375,275322
2025-10-29 04:45:00+00:00,1004.0499877929688,1004.5,1000.6500244140625,1002.4500122070312,401518
2025-10-29 05:00:00+00:00,1005.0,1005.5499877929688,1003.8499755859375,1004.0499877929688,482392
2025-10-29 05:15:00+00:00,1005.7999877929688,1006.0,1004.75,1004.75,379646
2025-10-29 05:30:00+00:00,1005.0999755859375,1005.8499755859375,1004.0999755859375,1005.8499755859375,428453
2025-10-29 05:45:00+00:00,1008.0,1010.0,1005.0,1005.0499877929688,1417431
2025-10-29 06:00:00+00:00,1007.5,1008.25,1006.75,1008.0,318611
2025-10-29 06:15:00+00:00,1006.8499755859375,1007.5,1006.4000244140625,1007.5,704799
2025-10-29 06:30:00+00:00,1008.4500122070312,1009.7000122070312,1005.5499877929688,1006.8499755859375,548107
2025-10-29 06:45:00+00:00,1008.5,1008.9500122070312,1007.2999877929688,1008.25,354633
2025-10-29 07:00:00+00:00,1008.6500244140625,1009.6500244140625,1007.7999877929688,1008.5499877929688,659746
2025-10-29 07:15:00+00:00,1008.7000122070312,1009.25,1008.0,1008.6500244140625,460442
2025-10-29 07:30:00+00:00,1009.5,1009.9000244140625,1007.2999877929688,1008.7000122070312,892112
2025-10-29 07:45:00+00:00,1008.5,1009.75,1008.5,1009.5,487126
2025-10-29 08:00:00+00:00,1010.0,1012.5,1008.2000122070312,1008.5999755859375,984039
2025-10-29 08:15:00+00:00,1010.7999877929688,1011.9500122070312,1010.0,1010.0,536349
2025-10-29 08:30:00+00:00,1011.25,1011.4000244140625,1010.0,1010.7000122070312,918323
2025-10-29 08:45:00+00:00,1010.7000122070312,1012.2999877929688,1010.0,1011.2000122070312,1094303
2025-10-29 09:00:00+00:00,1010.7000122070312,1011.2999877929688,1010.0,1010.8499755859375,769076
2025-10-29 09:15:00+00:00,1008.8499755859375,1010.7999877929688,1007.0499877929688,1010.7999877929688,966670
2025-10-29 09:30:00+00:00,1007.5499877929688,1008.75,1006.9000244140625,1008.5499877929688,1683553
2025-10-29 09:45:00+00:00,1009.0,1009.0,1007.25,1007.5,1351630
2025-10-30 03:45:00+00:00,1004.2000122070312,1006.0999755859375,1002.9000244140625,1002.9000244140625,370974
2025-10-30 04:00:00+00:00,1003.7000122070312,1004.5,1002.6500244140625,1004.25,465630
2025-10-30 04:15:00+00:00,1004.4500122070312,1005.4500122070312,1003.0,1003.7000122070312,466410
2025-10-30 04:30:00+00:00,1008.5,1009.3499755859375,1004.4000244140625,1004.4500122070312,604645
2025-10-30 04:45:00+00:00,1006.5,1009.4500122070312,1006.0,1008.4500122070312,313924
2025-10-30 05:00:00+00:00,1003.9500122070312,1006.5,1003.5999755859375,1006.25,578736
2025-10-30 05:15:00+00:00,1003.9000244140625,1005.2999877929688,1003.75,1004.0,566734
2025-10-30 05:30:00+00:00,1004.75,1005.5499877929688,1003.75,1004.0499877929688,713675
2025-10-30 05:45:00+00:00,1003.9000244140625,1005.0,1003.5,1004.75,589529
2025-10-30 06:00:00+00:00,1002.8499755859375,1004.0,1002.2000122070312,1003.8499755859375,584600
2025-10-30 06:15:00+00:00,1002.5,1004.4000244140625,1002.25,1002.9000244140625,614063
2025-10-30 06:30:00+00:00,1002.5999755859375,1003.0499877929688,1001.9000244140625,1002.5,438749
2025-10-30 06:45:00+00:00,1002.2000122070312,1002.9000244140625,1001.4500122070312,1002.5999755859375,358622
2025-10-30 07:00:00+00:00,1001.0,1002.2000122070312,1000.3499755859375,1002.2000122070312,449734
2025-10-30 07:15:00+00:00,1001.1500244140625,1002.0,1000.8499755859375,1001.0,410274
2025-10-30 07:30:00+00:00,1003.1500244140625,1003.25,1000.7999877929688,1000.9500122070312,585685
2025-10-30 07:45:00+00:00,1002.9000244140625,1003.9500122070312,1002.4500122070312,1003.2000122070312,429216
2025-10-30 08:00:00+00:00,1002.6500244140625,1003.5,1001.4500122070312,1002.9000244140625,423092
2025-10-30 08:15:00+00:00,1001.7999877929688,1003.8499755859375,1000.7000122070312,1002.7000122070312,473234
2025-10-30 08:30:00+00:00,1002.5999755859375,1002.6500244140625,1000.5,1001.75,369267
2025-10-30 08:45:00+00:00,1002.4500122070312,1003.25,1000.25,1002.5,881153
2025-10-30 09:00:00+00:00,1001.2000122070312,1002.9500122070312,1000.2999877929688,1002.4500122070312,1133037
2025-10-30 09:15:00+00:00,998.5,1001.4500122070312,997.25,1001.25,1417427
2025-10-30 09:30:00+00:00,998.0,999.0499877929688,997.1500244140625,998.5,2986228
2025-10-30 09:45:00+00:00,998.1500244140625,999.9500122070312,997.6500244140625,997.9500122070312,2172163
2025-10-31 03:45:00+00:00,1002.4500122070312,1002.7999877929688,997.5,997.5,388755
2025-10-31 04:00:00+00:00,999.7999877929688,1004.2999877929688,999.2000122070312,1003.0,584583
2025-10-31 04:15:00+00:00,999.2000122070312,1001.7000122070312,999.1500244140625,999.7999877929688,462452
2025-10-31 04:30:00+00:00,995.0499877929688,999.4500122070312,994.1500244140625,999.4500122070312,362398
2025-10-31 04:45:00+00:00,991.6500244140625,994.7999877929688,990.5,994.7999877929688,456274
2025-10-31 05:00:00+00:00,989.1500244140625,991.6500244140625,988.5,991.5,315359
2025-10-31 05:15:00+00:00,987.2999877929688,990.0,986.6500244140625,989.0,1098198
2025-10-31 05:30:00+00:00,986.6500244140625,987.2999877929688,982.25,987.2999877929688,1341571
2025-10-31 05:45:00+00:00,986.0,988.5,985.6500244140625,986.5,787744
2025-10-31 06:00:00+00:00,987.0499877929688,987.4500122070312,984.3499755859375,986.0499877929688,404451
2025-10-31 06:15:00+00:00,989.25,989.2999877929688,985.8499755859375,987.0,310988
2025-10-31 06:30:00+00:00,989.5,991.2999877929688,988.5,989.0999755859375,526789
2025-10-31 06:45:00+00:00,989.9500122070312,990.4500122070312,989.0,989.5,307804
2025-10-31 07:00:00+00:00,990.0499877929688,991.75,989.2999877929688,989.9500122070312,828937
2025-10-31 07:15:00+00:00,987.3499755859375,990.3499755859375,987.2000122070312,990.1500244140625,714560
2025-10-31 07:30:00+00:00,989.2000122070312,990.25,987.1500244140625,987.7000122070312,876080
2025-10-31 07:45:00+00:00,987.5499877929688,990.0499877929688,987.4000244140625,989.0999755859375,376152
2025-10-31 08:00:00+00:00,986.5499877929688,988.9500122070312,986.25,987.4000244140625,768805
2025-10-31 08:15:00+00:00,987.9000244140625,989.0,985.5,986.75,504591
2025-10-31 08:30:00+00:00,987.4000244140625,989.5499877929688,986.5,987.8499755859375,638398
2025-10-31 08:45:00+00:00,990.2000122070312,990.5499877929688,986.3499755859375,987.25,533699
2025-10-31 09:00:00+00:00,988.4000244140625,990.0499877929688,987.2999877929688,990.0,590701
2025-10-31 09:15:00+00:00,988.0999755859375,988.75,986.25,988.25,675545
2025-10-31 09:30:00+00:00,987.0,988.1500244140625,986.3499755859375,988.1500244140625,4376951
2025-10-31 09:45:00+00:00,987.9500122070312,988.75,987.0,987.0,3391916
2025-11-03 03:45:00+00:00,985.2999877929688,988.1500244140625,983.2999877929688,985.0,388973
2025-11-03 04:00:00+00:00,988.5,988.5499877929688,984.0,984.7999877929688,510421
2025-11-03 04:15:00+00:00,991.2999877929688,991.5999755859375,988.4500122070312,988.5,468448
2025-11-03 04:30:00+00:00,988.9500122070312,991.2999877929688,987.0499877929688,991.2000122070312,458659
2025-11-03 04:45:00+00:00,988.4000244140625,989.8499755859375,987.4000244140625,989.0,379241
2025-11-03 05:00:00+00:00,992.2000122070312,992.2000122070312,987.5499877929688,988.0,290491
2025-11-03 05:15:00+00:00,991.3499755859375,992.25,989.75,992.2000122070312,376495
2025-11-03 05:30:00+00:00,991.5999755859375,991.9000244140625,991.0,991.3499755859375,457627
2025-11-03 05:45:00+00:00,992.6500244140625,992.9500122070312,991.3499755859375,991.5999755859375,395111
2025-11-03 06:00:00+00:00,991.0499877929688,993.0,990.8499755859375,992.6500244140625,533067
2025-11-03 06:15:00+00:00,993.0,994.5499877929688,991.0,991.0499877929688,952285
2025-11-03 06:30:00+00:00,991.1500244140625,993.1500244140625,991.0999755859375,993.0,252886
2025-11-03 06:45:00+00:00,989.2000122070312,992.0,988.75,991.4000244140625,918277
2025-11-03 07:00:00+00:00,990.5999755859375,991.3499755859375,988.0,989.25,514557
2025-11-03 07:15:00+00:00,991.9500122070312,992.0,990.5,990.7999877929688,297126
2025-11-03 07:30:00+00:00,992.6500244140625,992.9000244140625,991.5,991.9000244140625,242445
2025-11-03 07:45:00+00:00,992.7000122070312,993.8499755859375,991.5,992.6500244140625,1211126
2025-11-03 08:00:00+00:00,992.2999877929688,993.7999877929688,992.0999755859375,992.7000122070312,917374
2025-11-03 08:15:00+00:00,992.2000122070312,992.5,989.0499877929688,992.2999877929688,1220622
2025-11-03 08:30:00+00:00,993.4000244140625,993.5499877929688,991.75,992.2000122070312,619824
2025-11-03 08:45:00+00:00,992.5499877929688,994.4000244140625,992.5499877929688,993.4000244140625,1095069
2025-11-03 09:00:00+00:00,992.75,993.0,992.5,992.6500244140625,297249
2025-11-03 09:15:00+00:00,991.7999877929688,992.8499755859375,990.5,992.5999755859375,826066
2025-11-03 09:30:00+00:00,992.5,993.0999755859375,991.7999877929688,991.8499755859375,1123193
2025-11-03 09:45:00+00:00,992.6500244140625,993.5,992.0,992.5499877929688,1035792
2025-11-04 03:45:00+00:00,988.5,991.7000122070312,987.7000122070312,987.9000244140625,284850
2025-11-04 04:00:00+00:00,989.4500122070312,990.5499877929688,987.5999755859375,988.6500244140625,579293
2025-11-04 04:15:00+00:00,991.4500122070312,992.4000244140625,988.4000244140625,989.4000244140625,348808
2025-11-04 04:30:00+00:00,991.1500244140625,992.5499877929688,990.4500122070312,991.4000244140625,315397
2025-11-04 04:45:00+00:00,993.2999877929688,994.0,990.0,991.0999755859375,696706
2025-11-04 05:00:00+00:00,994.4000244140625,995.0999755859375,992.2000122070312,993.0999755859375,854308
2025-11-04 05:15:00+00:00,995.0999755859375,995.2000122070312,993.4500122070312,994.4000244140625,520252
2025-11-04 05:30:00+00:00,994.5499877929688,996.8499755859375,993.5999755859375,995.0999755859375,755315
2025-11-04 05:45:00+00:00,995.1500244140625,995.9500122070312,993.9500122070312,994.5499877929688,643766
2025-11-04 06:00:00+00:00,994.0499877929688,995.75,991.75,995.2000122070312,835449
2025-11-04 06:15:00+00:00,993.25,994.6500244140625,993.1500244140625,993.9500122070312,325298
2025-11-04 06:30:00+00:00,994.9500122070312,995.0999755859375,993.2999877929688,993.4500122070312,427632
2025-11-04 06:45:00+00:00,995.0999755859375,995.4000244140625,994.7000122070312,995.0,382139
2025-11-04 07:00:00+00:00,995.4500122070312,995.5,994.2999877929688,995.0999755859375,380005
2025-11-04 07:15:00+00:00,994.0499877929688,996.5,993.6500244140625,995.4000244140625,906974
2025-11-04 07:30:00+00:00,993.4500122070312,995.4000244140625,993.1500244140625,994.0999755859375,494338
2025-11-04 07:45:00+00:00,994.3499755859375,994.7999877929688,992.8499755859375,993.4500122070312,898738
2025-11-04 08:00:00+00:00,991.0,995.0,990.9500122070312,994.4500122070312,622012
2025-11-04 08:15:00+00:00,991.2000122070312,991.75,990.5499877929688,991.2000122070312,306772
2025-11-04 08:30:00+00:00,988.5999755859375,991.6500244140625,987.7999877929688,991.2000122070312,716246
2025-11-04 08:45:00+00:00,988.75,989.9500122070312,987.4500122070312,988.7000122070312,739774
2025-11-04 09:00:00+00:00,986.1500244140625,989.0999755859375,986.0999755859375,988.7999877929688,550945
2025-11-04 09:15:00+00:00,987.7000122070312,988.4000244140625,985.4000244140625,986.25,1060626
2025-11-04 09:30:00+00:00,984.0499877929688,989.0499877929688,983.9000244140625,987.7000122070312,3372163
2025-11-04 09:45:00+00:00,985.7000122070312,986.0,983.75,984.1500244140625,1835801
2025-11-06 03:45:00+00:00,977.1500244140625,982.7000122070312,977.1500244140625,982.0,556091
2025-11-06 04:00:00+00:00,976.5999755859375,977.2000122070312,974.2000122070312,977.2000122070312,876928
2025-11-06 04:15:00+00:00,981.25,981.9000244140625,976.0999755859375,976.7000122070312,458023
2025-11-06 04:30:00+00:00,979.75,981.9500122070312,979.1500244140625,981.75,318348
2025-11-06 04:45:00+00:00,980.4500122070312,981.5999755859375,979.0999755859375,979.8499755859375,228936
2025-11-06 05:00:00+00:00,981.25,981.9500122070312,980.2000122070312,980.2000122070312,294720
2025-11-06 05:15:00+00:00,981.2000122070312,981.75,980.2999877929688,981.2999877929688,273502
2025-11-06 05:30:00+00:00,981.75,982.0,979.9500122070312,981.2000122070312,687426
2025-11-06 05:45:00+00:00,982.9500122070312,983.75,981.4500122070312,981.9500122070312,447645
2025-11-06 06:00:00+00:00,984.5,985.2000122070312,982.7999877929688,982.9500122070312,605119
2025-11-06 06:15:00+00:00,986.3499755859375,986.9000244140625,984.4000244140625,984.5499877929688,353768
2025-11-06 06:30:00+00:00,987.5999755859375,987.9500122070312,985.8499755859375,986.8499755859375,469332
2025-11-06 06:45:00+00:00,987.5499877929688,988.4500122070312,985.9500122070312,987.2999877929688,558244
2025-11-06 07:00:00+00:00,988.2999877929688,990.4500122070312,987.4000244140625,987.7000122070312,899428
2025-11-06 07:15:00+00:00,987.7000122070312,990.0,987.5,988.1500244140625,941680
2025-11-06 07:30:00+00:00,989.0999755859375,989.9500122070312,986.7999877929688,987.6500244140625,707792
2025-11-06 07:45:00+00:00,988.5,990.2000122070312,988.3499755859375,989.0499877929688,546636
2025-11-06 08:00:00+00:00,988.75,991.0499877929688,987.9000244140625,988.5499877929688,719390
2025-11-06 08:15:00+00:00,987.4000244140625,989.4500122070312,985.7000122070312,988.75,670496
2025-11-06 08:30:00+00:00,987.5999755859375,987.9500122070312,986.0999755859375,987.4000244140625,965530
2025-11-06 08:45:00+00:00,985.8499755859375,988.4500122070312,985.4500122070312,987.5999755859375,582091
2025-11-06 09:00:00+00:00,985.3499755859375,987.4500122070312,984.7000122070312,985.8499755859375,907142
2025-11-06 09:15:00+00:00,986.5,987.0999755859375,985.0499877929688,985.2000122070312,1389366
2025-11-06 09:30:00+00:00,983.7999877929688,986.25,983.1500244140625,986.1500244140625,2624912
2025-11-06 09:45:00+00:00,984.6500244140625,988.0,983.3499755859375,983.8499755859375,2469697
2025-11-07 03:45:00+00:00,978.5999755859375,981.0,974.9500122070312,981.0,723443
2025-11-07 04:00:00+00:00,979.6500244140625,979.9500122070312,978.2000122070312,978.5999755859375,424341
2025-11-07 04:15:00+00:00,977.2000122070312,981.2000122070312,977.0,979.6500244140625,653846
2025-11-07 04:30:00+00:00,976.5499877929688,977.4500122070312,976.0999755859375,977.25,790391
2025-11-07 04:45:00+00:00,976.5,977.2999877929688,976.0,976.4000244140625,399881
2025-11-07 05:00:00+00:00,976.5999755859375,977.6500244140625,976.0,976.5,570955
2025-11-07 05:15:00+00:00,975.6500244140625,977.4000244140625,975.6500244140625,976.5999755859375,735975
2025-11-07 05:30:00+00:00,979.0,979.0499877929688,975.0999755859375,975.75,663809
2025-11-07 05:45:00+00:00,981.0,981.6500244140625,978.5999755859375,978.8499755859375,680675
2025-11-07 06:00:00+00:00,981.25,983.5,981.0,981.0,529071
2025-11-07 06:15:00+00:00,979.8499755859375,982.5499877929688,979.25,981.4500122070312,667788
2025-11-07 06:30:00+00:00,979.9500122070312,980.4000244140625,979.3499755859375,980.0,500934
2025-11-07 06:45:00+00:00,979.7999877929688,980.5999755859375,979.5,980.0,374522
2025-11-07 07:00:00+00:00,980.5499877929688,980.7999877929688,979.7999877929688,979.8499755859375,322648
2025-11-07 07:15:00+00:00,982.5,982.5999755859375,979.7999877929688,980.5499877929688,399187
2025-11-07 07:30:00+00:00,981.2999877929688,983.5,980.2000122070312,982.7000122070312,441845
2025-11-07 07:45:00+00:00,983.6500244140625,984.9000244140625,980.4000244140625,981.3499755859375,414597
2025-11-07 08:00:00+00:00,983.7000122070312,984.4000244140625,983.0,984.4000244140625,275361
2025-11-07 08:15:00+00:00,981.6500244140625,984.4500122070312,981.5999755859375,983.7999877929688,308347
2025-11-07 08:30:00+00:00,980.6500244140625,982.2999877929688,979.9500122070312,981.7000122070312,438123
2025-11-07 08:45:00+00:00,983.3499755859375,983.7999877929688,980.2000122070312,980.6500244140625,379100
2025-11-07 09:00:00+00:00,981.1500244140625,983.7000122070312,980.25,983.3499755859375,366505
2025-11-07 09:15:00+00:00,981.4500122070312,981.5,980.2999877929688,981.1500244140625,443338
2025-11-07 09:30:00+00:00,982.4000244140625,982.4500122070312,980.2000122070312,981.4500122070312,1479030
2025-11-07 09:45:00+00:00,984.25,984.7999877929688,982.4000244140625,982.4000244140625,1262108
2025-11-10 03:45:00+00:00,982.25,985.5499877929688,980.5999755859375,984.2000122070312,1277950
2025-11-10 04:00:00+00:00,984.4500122070312,984.5,981.7999877929688,982.25,1020881
2025-11-10 04:15:00+00:00,985.0999755859375,987.9000244140625,983.5499877929688,984.5999755859375,460577
2025-11-10 04:30:00+00:00,986.3499755859375,986.3499755859375,983.5999755859375,985.0999755859375,266122
2025-11-10 04:45:00+00:00,990.0499877929688,990.9500122070312,986.25,986.3499755859375,658245
2025-11-10 05:00:00+00:00,989.1500244140625,990.5999755859375,988.5999755859375,990.0499877929688,196683
2025-11-10 05:15:00+00:00,988.0999755859375,989.1500244140625,986.9000244140625,989.1500244140625,400807
2025-11-10 05:30:00+00:00,990.0,990.2999877929688,988.0499877929688,988.0999755859375,689236
2025-11-10 05:45:00+00:00,989.5999755859375,990.4000244140625,989.25,990.0,192490
2025-11-10 06:00:00+00:00,989.2000122070312,989.7999877929688,988.8499755859375,989.6500244140625,260751
2025-11-10 06:15:00+00:00,988.9500122070312,989.7000122070312,988.6500244140625,989.2000122070312,314140
2025-11-10 06:30:00+00:00,989.9500122070312,990.2000122070312,988.9000244140625,988.9000244140625,356699
2025-11-10 06:45:00+00:00,990.2000122070312,990.5999755859375,989.0499877929688,989.9500122070312,592480
2025-11-10 07:00:00+00:00,990.0499877929688,990.6500244140625,989.7000122070312,990.2999877929688,290173
2025-11-10 07:15:00+00:00,990.0,990.9500122070312,989.7999877929688,990.0,304709
2025-11-10 07:30:00+00:00,987.5,990.0499877929688,987.2999877929688,990.0499877929688,438751
2025-11-10 07:45:00+00:00,988.25,988.5999755859375,986.7999877929688,987.5499877929688,308511
2025-11-10 08:00:00+00:00,986.5,988.75,986.2999877929688,988.25,319247
2025-11-10 08:15:00+00:00,986.7000122070312,987.0999755859375,984.5999755859375,986.4000244140625,735752
2025-11-10 08:30:00+00:00,986.1500244140625,987.5499877929688,986.0999755859375,986.7000122070312,584445
2025-11-10 08:45:00+00:00,987.7000122070312,988.2000122070312,986.0499877929688,986.2000122070312,547429
2025-11-10 09:00:00+00:00,985.75,987.9500122070312,985.5999755859375,987.7000122070312,738472
2025-11-10 09:15:00+00:00,986.0999755859375,987.2000122070312,985.6500244140625,985.7000122070312,592079
2025-11-10 09:30:00+00:00,984.0999755859375,986.0999755859375,984.0,986.0499877929688,1844303
2025-11-10 09:45:00+00:00,984.5,985.3499755859375,983.6500244140625,984.0999755859375,1576005
2025-11-11 03:45:00+00:00,982.3499755859375,989.7000122070312,981.5999755859375,983.5,238140
2025-11-11 04:00:00+00:00,981.1500244140625,982.3499755859375,979.0999755859375,982.3499755859375,318496
2025-11-11 04:15:00+00:00,980.9500122070312,981.5999755859375,979.0,981.2000122070312,240059
2025-11-11 04:30:00+00:00,981.0499877929688,983.5,980.7999877929688,980.9500122070312,216384
2025-11-11 04:45:00+00:00,980.0499877929688,981.5999755859375,980.0,981.0499877929688,277157
2025-11-11 05:00:00+00:00,978.5499877929688,980.7000122070312,978.1500244140625,980.0,242787
2025-11-11 05:15:00+00:00,980.3499755859375,980.5,978.0,978.5999755859375,135808
2025-11-11 05:30:00+00:00,979.9500122070312,980.9500122070312,979.5999755859375,980.5,73406
2025-11-11 05:45:00+00:00,980.2000122070312,980.2000122070312,979.0,979.9000244140625,78901
2025-11-11 06:00:00+00:00,981.7000122070312,982.0,980.0,980.2000122070312,126870
2025-11-11 06:15:00+00:00,983.0,983.5,981.0999755859375,981.7000122070312,268112
2025-11-11 06:30:00+00:00,984.0999755859375,984.5499877929688,983.0,983.0,171607
2025-11-11 06:45:00+00:00,986.2999877929688,986.4000244140625,983.9000244140625,984.0499877929688,312964
2025-11-11 07:00:00+00:00,985.6500244140625,987.2000122070312,984.7000122070312,986.4000244140625,449235
2025-11-11 07:15:00+00:00,985.9000244140625,986.2999877929688,985.0,985.7999877929688,161695
2025-11-11 07:30:00+00:00,986.8499755859375,987.1500244140625,985.2999877929688,985.9000244140625,155581
2025-11-11 07:45:00+00:00,987.7000122070312,989.2999877929688,987.0999755859375,987.0999755859375,238995
2025-11-11 08:00:00+00:00,987.7999877929688,989.75,987.7000122070312,987.9500122070312,373922
2025-11-11 08:15:00+00:00,987.5499877929688,990.5,986.9000244140625,988.0,686350
2025-11-11 08:30:00+00:00,988.1500244140625,989.5,987.3499755859375,987.4500122070312,233412
2025-11-11 08:45:00+00:00,990.9500122070312,992.0,988.0499877929688,988.2000122070312,822015
2025-11-11 09:00:00+00:00,988.9000244140625,991.7999877929688,988.4500122070312,991.0999755859375,465831
2025-11-11 09:15:00+00:00,989.8499755859375,991.0,988.6500244140625,988.9000244140625,303826
2025-11-11 09:30:00+00:00,991.4500122070312,992.5499877929688,989.8499755859375,989.8499755859375,1440649
2025-11-11 09:45:00+00:00,992.0,993.5,990.0,991.7000122070312,1145850
2025-11-12 03:45:00+00:00,994.3499755859375,998.0999755859375,992.5,998.0,358093
2025-11-12 04:00:00+00:00,994.8499755859375,995.5,992.5499877929688,994.2000122070312,330127
2025-11-12 04:15:00+00:00,995.25,995.9000244140625,994.8499755859375,994.9000244140625,208636
2025-11-12 04:30:00+00:00,993.5499877929688,995.75,993.0999755859375,995.2999877929688,177695
2025-11-12 04:45:00+00:00,992.7999877929688,994.0499877929688,991.7000122070312,993.5499877929688,275461
2025-11-12 05:00:00+00:00,994.9000244140625,995.1500244140625,992.0,992.7999877929688,228950
2025-11-12 05:15:00+00:00,994.75,995.0,994.4000244140625,994.7999877929688,145770
2025-11-12 05:30:00+00:00,995.9500122070312,995.9500122070312,994.0999755859375,994.7999877929688,167066
2025-11-12 05:45:00+00:00,994.5999755859375,995.9500122070312,994.3499755859375,995.75,142676
2025-11-12 06:00:00+00:00,994.7000122070312,994.7999877929688,993.5999755859375,994.5499877929688,196129
2025-11-12 06:15:00+00:00,994.75,995.4000244140625,993.7999877929688,994.5999755859375,186042
2025-11-12 06:30:00+00:00,993.8499755859375,995.2000122070312,993.4500122070312,994.5999755859375,172092
2025-11-12 06:45:00+00:00,994.6500244140625,994.7999877929688,993.6500244140625,993.7000122070312,148799
2025-11-12 07:00:00+00:00,995.0,996.0,994.5499877929688,994.5499877929688,274480
2025-11-12 07:15:00+00:00,994.5999755859375,995.2999877929688,994.0499877929688,994.9500122070312,139265
2025-11-12 07:30:00+00:00,993.7999877929688,995.0,993.5,994.5999755859375,370363
2025-11-12 07:45:00+00:00,993.5499877929688,994.9000244140625,993.25,993.7999877929688,347037
2025-11-12 08:00:00+00:00,993.2000122070312,994.0499877929688,992.5999755859375,993.4000244140625,669869
2025-11-12 08:15:00+00:00,993.3499755859375,993.7999877929688,992.8499755859375,993.1500244140625,363998
2025-11-12 08:30:00+00:00,991.9000244140625,993.3499755859375,990.3499755859375,993.3499755859375,694106
2025-11-12 08:45:00+00:00,991.3499755859375,992.5499877929688,990.4500122070312,991.9000244140625,793003
2025-11-12 09:00:00+00:00,991.7000122070312,992.3499755859375,990.7999877929688,991.3499755859375,849030
2025-11-12 09:15:00+00:00,990.8499755859375,992.2000122070312,990.8499755859375,991.75,551124
2025-11-12 09:30:00+00:00,989.3499755859375,991.0499877929688,989.0,990.9000244140625,1962290
2025-11-12 09:45:00+00:00,989.5,990.9500122070312,987.8499755859375,989.2999877929688,2496070
2025-11-13 03:45:00+00:00,985.5999755859375,987.4000244140625,982.8499755859375,984.5999755859375,642125
2025-11-13 04:00:00+00:00,984.0999755859375,986.25,982.7000122070312,985.5,590060
2025-11-13 04:15:00+00:00,984.5999755859375,985.0,983.75,984.1500244140625,415360
2025-11-13 04:30:00+00:00,985.4000244140625,985.5,983.75,984.4500122070312,400407
2025-11-13 04:45:00+00:00,985.0,986.0499877929688,984.4000244140625,985.4000244140625,505743
2025-11-13 05:00:00+00:00,986.4000244140625,986.9000244140625,984.7999877929688,985.0499877929688,687469
2025-11-13 05:15:00+00:00,986.8499755859375,987.2000122070312,986.0,986.4000244140625,298725
2025-11-13 05:30:00+00:00,989.0999755859375,989.5,986.5999755859375,986.8499755859375,481941
2025-11-13 05:45:00+00:00,989.0,989.5499877929688,987.7000122070312,989.0499877929688,357748
2025-11-13 06:00:00+00:00,988.6500244140625,989.3499755859375,988.1500244140625,989.0,202925
2025-11-13 06:15:00+00:00,988.5499877929688,989.0499877929688,988.2000122070312,988.5999755859375,196024
2025-11-13 06:30:00+00:00,988.25,988.8499755859375,987.3499755859375,988.5499877929688,268933
2025-11-13 06:45:00+00:00,987.2999877929688,988.5499877929688,987.0999755859375,988.25,360615
2025-11-13 07:00:00+00:00,988.0,988.0499877929688,986.25,987.25,343447
2025-11-13 07:15:00+00:00,989.2999877929688,989.3499755859375,987.3499755859375,987.9500122070312,424737
2025-11-13 07:30:00+00:00,989.6500244140625,990.0,989.0999755859375,989.5,287611
2025-11-13 07:45:00+00:00,989.2000122070312,990.0999755859375,988.9000244140625,989.75,340628
2025-11-13 08:00:00+00:00,989.0,989.9000244140625,988.75,989.2000122070312,280117
2025-11-13 08:15:00+00:00,986.2999877929688,989.3499755859375,986.25,989.0499877929688,320767
2025-11-13 08:30:00+00:00,985.0,986.75,984.0999755859375,986.25,558159
2025-11-13 08:45:00+00:00,985.8499755859375,986.25,984.1500244140625,984.9500122070312,542440
2025-11-13 09:00:00+00:00,986.8499755859375,987.7000122070312,985.5499877929688,985.9000244140625,973167
2025-11-13 09:15:00+00:00,986.0999755859375,987.4500122070312,985.25,986.8499755859375,551621
2025-11-13 09:30:00+00:00,986.9000244140625,987.0999755859375,985.5499877929688,986.0999755859375,1228414
2025-11-13 09:45:00+00:00,985.75,988.6500244140625,984.9000244140625,986.9000244140625,1019266
2025-11-14 03:45:00+00:00,982.5499877929688,986.5499877929688,977.7999877929688,977.7999877929688,633631
2025-11-14 04:00:00+00:00,983.5999755859375,984.7999877929688,982.0,982.0999755859375,416503
2025-11-14 04:15:00+00:00,981.0,984.0999755859375,980.6500244140625,983.7000122070312,447198
2025-11-14 04:30:00+00:00,980.0499877929688,981.25,978.9500122070312,980.9000244140625,514236
2025-11-14 04:45:00+00:00,980.0999755859375,981.0,979.75,979.9500122070312,495652
2025-11-14 05:00:00+00:00,979.8499755859375,981.0999755859375,979.0,980.0999755859375,487285
2025-11-14 05:15:00+00:00,982.5,983.9000244140625,979.5,979.9500122070312,666507
2025-11-14 05:30:00+00:00,981.75,984.1500244140625,980.9000244140625,982.5,624373
2025-11-14 05:45:00+00:00,980.0,982.4000244140625,979.75,981.5999755859375,830922
2025-11-14 06:00:00+00:00,981.5499877929688,981.9500122070312,979.9500122070312,980.0,311703
2025-11-14 06:15:00+00:00,982.9500122070312,983.2999877929688,981.4500122070312,981.4500122070312,453930
2025-11-14 06:30:00+00:00,984.9000244140625,985.7999877929688,982.5999755859375,982.5999755859375,423190
2025-11-14 06:45:00+00:00,985.0,986.4000244140625,984.5499877929688,984.7999877929688,444698
2025-11-14 07:00:00+00:00,985.0999755859375,985.5,983.7999877929688,985.3499755859375,393650
2025-11-14 07:15:00+00:00,984.5,985.1500244140625,983.9500122070312,985.0499877929688,386387
2025-11-14 07:30:00+00:00,985.8499755859375,986.3499755859375,984.0999755859375,984.7999877929688,373915
2025-11-14 07:45:00+00:00,985.7999877929688,986.4500122070312,985.5499877929688,985.7999877929688,390486
2025-11-14 08:00:00+00:00,982.25,985.8499755859375,982.25,985.7999877929688,517934
2025-11-14 08:15:00+00:00,982.6500244140625,983.0499877929688,981.6500244140625,982.4500122070312,385740
2025-11-14 08:30:00+00:00,983.3499755859375,983.9000244140625,982.5,982.6500244140625,405108
2025-11-14 08:45:00+00:00,984.2000122070312,984.75,982.5,983.0999755859375,760471
2025-11-14 09:00:00+00:00,984.0499877929688,984.5499877929688,982.7000122070312,984.2000122070312,534727
2025-11-14 09:15:00+00:00,983.2000122070312,984.5,982.2999877929688,983.7000122070312,890201
2025-11-14 09:30:00+00:00,990.5,991.5999755859375,983.2000122070312,983.2000122070312,4082581
2025-11-14 09:45:00+00:00,989.0,991.0,987.5499877929688,990.5,3580002
