Price,Close,High,Low,Open,Volume
Ticker,HINDUNILVR.NS,HINDUNILVR.NS,HINDUNILVR.NS,HINDUNILVR.NS,HINDUNILVR.NS
Datetime,,,,,
2025-11-06 03:45:00+00:00,2460.39990234375,2460.39990234375,2457.800048828125,2460.0,0
2025-11-06 03:46:00+00:00,2460.0,2460.0,2456.5,2458.5,10723
2025-11-06 03:47:00+00:00,2453.199951171875,2459.60009765625,2453.199951171875,2459.60009765625,3025
2025-11-06 03:48:00+00:00,2452.60009765625,2454.199951171875,2451.89990234375,2454.199951171875,2851
2025-11-06 03:49:00+00:00,2453.199951171875,2453.89990234375,2451.199951171875,2453.39990234375,2342
2025-11-06 03:50:00+00:00,2455.300048828125,2455.300048828125,2453.0,2453.0,1360
2025-11-06 03:51:00+00:00,2459.89990234375,2459.89990234375,2456.10009765625,2456.10009765625,3305
2025-11-06 03:52:00+00:00,2455.60009765625,2459.89990234375,2455.60009765625,2459.89990234375,5523
2025-11-06 03:53:00+00:00,2456.300048828125,2456.699951171875,2454.199951171875,2456.300048828125,3210
2025-11-06 03:54:00+00:00,2455.89990234375,2456.800048828125,2455.39990234375,2455.89990234375,1266
2025-11-06 03:55:00+00:00,2453.800048828125,2455.89990234375,2453.800048828125,2455.89990234375,1304
2025-11-06 03:56:00+00:00,2453.10009765625,2453.10009765625,2452.300048828125,2453.10009765625,754
2025-11-06 03:57:00+00:00,2451.5,2452.39990234375,2451.5,2452.39990234375,1561
2025-11-06 03:58:00+00:00,2450.60009765625,2451.5,2450.60009765625,2451.5,2421
2025-11-06 03:59:00+00:00,2453.699951171875,2453.800048828125,2450.60009765625,2450.60009765625,992
2025-11-06 04:00:00+00:00,2453.300048828125,2454.800048828125,2453.300048828125,2454.800048828125,1877
2025-11-06 04:01:00+00:00,2454.0,2455.0,2454.0,2454.89990234375,765
2025-11-06 04:02:00+00:00,2451.800048828125,2454.89990234375,2451.5,2454.89990234375,3754
2025-11-06 04:03:00+00:00,2451.60009765625,2452.39990234375,2451.5,2452.199951171875,351
2025-11-06 04:04:00+00:00,2452.39990234375,2452.39990234375,2451.60009765625,2451.60009765625,563
2025-11-06 04:05:00+00:00,2453.5,2453.5,2452.199951171875,2452.699951171875,495
2025-11-06 04:06:00+00:00,2453.39990234375,2454.0,2453.300048828125,2453.699951171875,1357
2025-11-06 04:07:00+00:00,2453.5,2454.300048828125,2453.300048828125,2453.5,681
2025-11-06 04:08:00+00:00,2454.199951171875,2454.199951171875,2453.5,2453.5,264
2025-11-06 04:09:00+00:00,2453.89990234375,2454.0,2453.39990234375,2453.39990234375,432
2025-11-06 04:10:00+00:00,2452.60009765625,2453.89990234375,2452.0,2453.89990234375,1617
2025-11-06 04:11:00+00:00,2449.199951171875,2451.199951171875,2448.699951171875,2451.199951171875,1572
2025-11-06 04:12:00+00:00,2450.5,2450.5,2449.10009765625,2449.199951171875,593
2025-11-06 04:13:00+00:00,2451.800048828125,2451.800048828125,2450.300048828125,2450.300048828125,500
2025-11-06 04:14:00+00:00,2452.699951171875,2452.699951171875,2451.0,2451.800048828125,683
2025-11-06 04:15:00+00:00,2451.699951171875,2452.699951171875,2450.60009765625,2452.699951171875,834
2025-11-06 04:16:00+00:00,2450.5,2451.60009765625,2450.0,2451.39990234375,1896
2025-11-06 04:17:00+00:00,2450.199951171875,2450.60009765625,2450.10009765625,2450.5,395
2025-11-06 04:18:00+00:00,2451.5,2451.60009765625,2450.60009765625,2450.89990234375,141
2025-11-06 04:19:00+00:00,2451.199951171875,2451.199951171875,2450.39990234375,2451.0,792
2025-11-06 04:20:00+00:00,2453.800048828125,2453.89990234375,2450.5,2450.60009765625,2343
2025-11-06 04:21:00+00:00,2454.0,2454.800048828125,2453.800048828125,2454.0,2171
2025-11-06 04:22:00+00:00,2454.5,2455.10009765625,2454.0,2454.699951171875,496
2025-11-06 04:23:00+00:00,2456.800048828125,2457.10009765625,2454.89990234375,2454.89990234375,1572
2025-11-06 04:24:00+00:00,2456.89990234375,2457.60009765625,2456.10009765625,2456.800048828125,1056
2025-11-06 04:25:00+00:00,2456.800048828125,2457.89990234375,2455.199951171875,2457.10009765625,2575
2025-11-06 04:26:00+00:00,2455.800048828125,2456.60009765625,2455.800048828125,2456.60009765625,135
2025-11-06 04:27:00+00:00,2456.199951171875,2456.199951171875,2455.800048828125,2456.0,553
2025-11-06 04:28:00+00:00,2457.5,2457.89990234375,2456.5,2456.699951171875,1252
2025-11-06 04:29:00+00:00,2458.0,2458.0,2457.5,2457.5,955
2025-11-06 04:30:00+00:00,2458.39990234375,2458.89990234375,2458.0,2458.0,376
2025-11-06 04:31:00+00:00,2457.5,2458.5,2457.5,2458.300048828125,3514
2025-11-06 04:32:00+00:00,2457.0,2458.199951171875,2457.0,2457.800048828125,328
2025-11-06 04:33:00+00:00,2457.10009765625,2457.10009765625,2456.699951171875,2457.0,346
2025-11-06 04:34:00+00:00,2456.60009765625,2457.300048828125,2456.60009765625,2457.199951171875,623
2025-11-06 04:35:00+00:00,2454.699951171875,2456.89990234375,2454.699951171875,2456.5,727
2025-11-06 04:36:00+00:00,2455.0,2455.199951171875,2454.5,2455.10009765625,748
2025-11-06 04:37:00+00:00,2453.699951171875,2455.0,2453.5,2455.0,676
2025-11-06 04:38:00+00:00,2454.0,2454.0,2453.0,2453.699951171875,571
2025-11-06 04:39:00+00:00,2452.199951171875,2454.0,2452.199951171875,2453.0,707
2025-11-06 04:40:00+00:00,2451.300048828125,2452.10009765625,2451.10009765625,2452.10009765625,612
2025-11-06 04:41:00+00:00,2452.300048828125,2452.5,2451.60009765625,2451.60009765625,275
2025-11-06 04:42:00+00:00,2451.699951171875,2453.60009765625,2451.0,2452.5,2674
2025-11-06 04:43:00+00:00,2452.10009765625,2453.0,2451.60009765625,2451.800048828125,1123
2025-11-06 04:44:00+00:00,2451.60009765625,2452.800048828125,2451.60009765625,2452.199951171875,355
2025-11-06 04:45:00+00:00,2452.10009765625,2452.5,2451.5,2451.800048828125,771
2025-11-06 04:46:00+00:00,2452.300048828125,2452.699951171875,2452.0,2452.5,690
2025-11-06 04:47:00+00:00,2451.39990234375,2452.300048828125,2451.39990234375,2452.300048828125,501
2025-11-06 04:48:00+00:00,2451.5,2451.60009765625,2450.5,2451.60009765625,498
2025-11-06 04:49:00+00:00,2450.39990234375,2450.699951171875,2449.5,2450.699951171875,4700
2025-11-06 04:50:00+00:00,2450.0,2450.39990234375,2449.60009765625,2450.39990234375,780
2025-11-06 04:51:00+00:00,2450.800048828125,2451.0,2450.0,2450.5,800
2025-11-06 04:52:00+00:00,2451.699951171875,2451.699951171875,2451.5,2451.5,610
2025-11-06 04:53:00+00:00,2450.0,2450.89990234375,2450.0,2450.89990234375,1381
2025-11-06 04:54:00+00:00,2451.10009765625,2451.699951171875,2450.0,2450.0,837
2025-11-06 04:55:00+00:00,2452.39990234375,2452.39990234375,2451.60009765625,2451.699951171875,493
2025-11-06 04:56:00+00:00,2453.800048828125,2454.0,2452.89990234375,2452.89990234375,988
2025-11-06 04:57:00+00:00,2454.0,2454.10009765625,2453.199951171875,2454.0,662
2025-11-06 04:58:00+00:00,2453.39990234375,2454.10009765625,2453.39990234375,2454.10009765625,1372
2025-11-06 04:59:00+00:00,2452.10009765625,2452.39990234375,2451.0,2452.10009765625,771
2025-11-06 05:00:00+00:00,2452.0,2452.60009765625,2451.699951171875,2452.60009765625,628
2025-11-06 05:01:00+00:00,2454.0,2454.0,2453.10009765625,2453.10009765625,686
2025-11-06 05:02:00+00:00,2454.699951171875,2455.10009765625,2454.0,2454.0,1916
2025-11-06 05:03:00+00:00,2454.0,2454.699951171875,2454.0,2454.699951171875,1000
2025-11-06 05:04:00+00:00,2454.10009765625,2454.699951171875,2454.0,2454.39990234375,574
2025-11-06 05:05:00+00:00,2454.5,2454.60009765625,2454.0,2454.5,598
2025-11-06 05:06:00+00:00,2453.0,2454.699951171875,2453.0,2454.699951171875,513
2025-11-06 05:07:00+00:00,2452.0,2453.10009765625,2451.800048828125,2453.0,1842
2025-11-06 05:08:00+00:00,2450.60009765625,2452.0,2450.60009765625,2452.0,2056
2025-11-06 05:09:00+00:00,2451.0,2451.60009765625,2450.800048828125,2451.5,520
2025-11-06 05:10:00+00:00,2451.800048828125,2451.800048828125,2451.0,2451.0,496
2025-11-06 05:11:00+00:00,2451.60009765625,2452.5,2451.60009765625,2452.0,887
2025-11-06 05:12:00+00:00,2452.60009765625,2453.5,2451.0,2451.0,3757
2025-11-06 05:13:00+00:00,2450.800048828125,2453.0,2450.800048828125,2452.60009765625,1394
2025-11-06 05:14:00+00:00,2451.39990234375,2451.699951171875,2450.699951171875,2450.89990234375,964
2025-11-06 05:15:00+00:00,2452.300048828125,2452.300048828125,2451.699951171875,2451.699951171875,247
2025-11-06 05:16:00+00:00,2452.199951171875,2452.60009765625,2452.199951171875,2452.300048828125,779
2025-11-06 05:17:00+00:00,2451.89990234375,2452.39990234375,2451.0,2452.39990234375,1482
2025-11-06 05:18:00+00:00,2452.10009765625,2452.39990234375,2451.89990234375,2451.89990234375,425
2025-11-06 05:19:00+00:00,2453.10009765625,2453.5,2452.10009765625,2452.5,884
2025-11-06 05:20:00+00:00,2453.89990234375,2454.10009765625,2453.199951171875,2453.60009765625,639
2025-11-06 05:21:00+00:00,2454.60009765625,2454.89990234375,2453.89990234375,2453.89990234375,1449
2025-11-06 05:22:00+00:00,2454.10009765625,2454.89990234375,2454.10009765625,2454.60009765625,886
2025-11-06 05:23:00+00:00,2453.300048828125,2454.300048828125,2453.10009765625,2453.10009765625,378
2025-11-06 05:24:00+00:00,2453.89990234375,2454.10009765625,2453.300048828125,2453.300048828125,445
2025-11-06 05:25:00+00:00,2453.300048828125,2454.0,2453.300048828125,2454.0,476
2025-11-06 05:26:00+00:00,2453.699951171875,2454.0,2453.300048828125,2453.89990234375,462
2025-11-06 05:27:00+00:00,2453.199951171875,2454.0,2453.10009765625,2453.300048828125,800
2025-11-06 05:28:00+00:00,2452.300048828125,2453.699951171875,2452.199951171875,2453.60009765625,1480
2025-11-06 05:29:00+00:00,2453.300048828125,2453.300048828125,2452.5,2453.0,377
2025-11-06 05:30:00+00:00,2453.800048828125,2453.800048828125,2452.5,2453.39990234375,401
2025-11-06 05:31:00+00:00,2453.5,2453.89990234375,2453.5,2453.699951171875,723
2025-11-06 05:32:00+00:00,2452.89990234375,2453.89990234375,2452.300048828125,2453.60009765625,958
2025-11-06 05:33:00+00:00,2452.699951171875,2453.0,2452.5,2452.89990234375,598
2025-11-06 05:34:00+00:00,2454.0,2454.89990234375,2452.800048828125,2452.800048828125,2903
2025-11-06 05:35:00+00:00,2455.10009765625,2455.10009765625,2454.699951171875,2455.0,679
2025-11-06 05:36:00+00:00,2458.39990234375,2458.800048828125,2454.300048828125,2454.699951171875,10661
2025-11-06 05:37:00+00:00,2458.0,2459.10009765625,2457.60009765625,2458.199951171875,3875
2025-11-06 05:38:00+00:00,2456.89990234375,2458.0,2456.800048828125,2458.0,462
2025-11-06 05:39:00+00:00,2456.800048828125,2457.5,2456.699951171875,2457.5,775
2025-11-06 05:40:00+00:00,2455.10009765625,2457.10009765625,2455.10009765625,2457.10009765625,1011
2025-11-06 05:41:00+00:00,2454.89990234375,2455.0,2453.60009765625,2454.89990234375,939
2025-11-06 05:42:00+00:00,2454.89990234375,2455.10009765625,2454.300048828125,2454.300048828125,331
2025-11-06 05:43:00+00:00,2455.89990234375,2455.89990234375,2454.89990234375,2454.89990234375,590
2025-11-06 05:44:00+00:00,2455.0,2456.0,2454.39990234375,2455.699951171875,2573
2025-11-06 05:45:00+00:00,2453.199951171875,2455.0,2453.199951171875,2455.0,706
2025-11-06 05:46:00+00:00,2454.0,2454.300048828125,2452.300048828125,2453.39990234375,970
2025-11-06 05:47:00+00:00,2453.89990234375,2454.699951171875,2453.89990234375,2454.0,467
2025-11-06 05:48:00+00:00,2454.5,2454.89990234375,2453.89990234375,2453.89990234375,872
2025-11-06 05:49:00+00:00,2454.800048828125,2454.89990234375,2454.5,2454.89990234375,385
2025-11-06 05:50:00+00:00,2455.800048828125,2455.800048828125,2454.800048828125,2454.89990234375,929
2025-11-06 05:51:00+00:00,2456.0,2456.0,2455.800048828125,2455.800048828125,1215
2025-11-06 05:52:00+00:00,2455.89990234375,2456.0,2455.89990234375,2456.0,359
2025-11-06 05:53:00+00:00,2456.0,2456.0,2455.89990234375,2456.0,546
2025-11-06 05:54:00+00:00,2456.0,2456.0,2455.89990234375,2456.0,586
2025-11-06 05:55:00+00:00,2455.89990234375,2456.0,2455.89990234375,2455.89990234375,724
2025-11-06 05:56:00+00:00,2455.89990234375,2456.0,2455.89990234375,2456.0,269
2025-11-06 05:57:00+00:00,2455.800048828125,2456.0,2455.800048828125,2455.89990234375,1605
2025-11-06 05:58:00+00:00,2455.199951171875,2455.89990234375,2454.5,2455.89990234375,1237
2025-11-06 05:59:00+00:00,2455.699951171875,2455.699951171875,2455.0,2455.0,466
2025-11-06 06:00:00+00:00,2455.60009765625,2455.699951171875,2455.300048828125,2455.699951171875,488
2025-11-06 06:01:00+00:00,2456.0,2456.300048828125,2455.300048828125,2455.60009765625,4170
2025-11-06 06:02:00+00:00,2455.800048828125,2456.0,2455.800048828125,2456.0,663
2025-11-06 06:03:00+00:00,2456.300048828125,2456.300048828125,2455.10009765625,2455.60009765625,5321
2025-11-06 06:04:00+00:00,2456.89990234375,2457.199951171875,2456.5,2456.5,779
2025-11-06 06:05:00+00:00,2456.699951171875,2457.0,2456.699951171875,2456.89990234375,1172
2025-11-06 06:06:00+00:00,2456.5,2456.89990234375,2456.5,2456.800048828125,644
2025-11-06 06:07:00+00:00,2456.60009765625,2457.0,2456.5,2457.0,494
2025-11-06 06:08:00+00:00,2456.199951171875,2457.0,2456.0,2457.0,1094
2025-11-06 06:09:00+00:00,2456.0,2456.10009765625,2456.0,2456.10009765625,2320
2025-11-06 06:10:00+00:00,2456.0,2456.10009765625,2456.0,2456.0,2460
2025-11-06 06:11:00+00:00,2455.699951171875,2456.199951171875,2455.699951171875,2456.0,3260
2025-11-06 06:12:00+00:00,2456.199951171875,2456.199951171875,2456.0,2456.0,2060
2025-11-06 06:13:00+00:00,2456.0,2456.300048828125,2456.0,2456.0,2584
2025-11-06 06:14:00+00:00,2455.800048828125,2456.39990234375,2455.800048828125,2456.0,3882
2025-11-06 06:15:00+00:00,2456.0,2456.300048828125,2455.5,2456.300048828125,3122
2025-11-06 06:16:00+00:00,2456.10009765625,2456.199951171875,2456.0,2456.199951171875,4184
2025-11-06 06:17:00+00:00,2456.39990234375,2456.60009765625,2456.199951171875,2456.5,721
2025-11-06 06:18:00+00:00,2456.39990234375,2457.0,2456.39990234375,2456.800048828125,1962
2025-11-06 06:19:00+00:00,2456.0,2457.0,2456.0,2457.0,522
2025-11-06 06:20:00+00:00,2456.0,2456.300048828125,2456.0,2456.300048828125,1452
2025-11-06 06:21:00+00:00,2456.300048828125,2456.699951171875,2456.300048828125,2456.5,901
2025-11-06 06:22:00+00:00,2454.300048828125,2456.300048828125,2454.0,2456.300048828125,17391
2025-11-06 06:23:00+00:00,2453.0,2453.89990234375,2453.0,2453.89990234375,1164
2025-11-06 06:24:00+00:00,2452.10009765625,2453.699951171875,2452.0,2453.699951171875,4427
2025-11-06 06:25:00+00:00,2453.5,2453.5,2452.0,2452.300048828125,9195
2025-11-06 06:26:00+00:00,2453.699951171875,2453.699951171875,2453.39990234375,2453.5,1520
2025-11-06 06:27:00+00:00,2453.5,2454.0,2453.5,2453.60009765625,780
2025-11-06 06:28:00+00:00,2453.5,2454.199951171875,2453.5,2454.0,1728
2025-11-06 06:29:00+00:00,2453.699951171875,2454.0,2453.5,2454.0,789
2025-11-06 06:30:00+00:00,2454.89990234375,2454.89990234375,2453.800048828125,2454.0,1419
2025-11-06 06:31:00+00:00,2454.5,2455.0,2454.5,2454.89990234375,640
2025-11-06 06:32:00+00:00,2453.60009765625,2455.10009765625,2453.60009765625,2455.0,1637
2025-11-06 06:33:00+00:00,2454.199951171875,2454.199951171875,2453.60009765625,2454.0,721
2025-11-06 06:34:00+00:00,2454.0,2454.699951171875,2453.699951171875,2454.39990234375,1624
2025-11-06 06:35:00+00:00,2453.800048828125,2454.0,2453.5,2454.0,794
2025-11-06 06:36:00+00:00,2453.800048828125,2454.0,2453.800048828125,2454.0,538
2025-11-06 06:37:00+00:00,2453.10009765625,2454.10009765625,2452.60009765625,2454.10009765625,2120
2025-11-06 06:38:00+00:00,2453.60009765625,2453.60009765625,2452.89990234375,2453.10009765625,483
2025-11-06 06:39:00+00:00,2455.0,2455.0,2453.10009765625,2453.10009765625,997
2025-11-06 06:40:00+00:00,2453.39990234375,2454.60009765625,2453.39990234375,2453.60009765625,1162
2025-11-06 06:41:00+00:00,2453.10009765625,2453.699951171875,2453.0,2453.5,814
2025-11-06 06:42:00+00:00,2453.0,2453.699951171875,2453.0,2453.699951171875,1657
2025-11-06 06:43:00+00:00,2453.0,2453.300048828125,2452.0,2453.199951171875,11104
2025-11-06 06:44:00+00:00,2453.0,2453.39990234375,2453.0,2453.300048828125,1886
2025-11-06 06:45:00+00:00,2453.699951171875,2453.699951171875,2453.0,2453.199951171875,625
2025-11-06 06:46:00+00:00,2451.39990234375,2453.0,2451.10009765625,2453.0,1710
2025-11-06 06:47:00+00:00,2451.5,2451.89990234375,2450.0,2451.89990234375,3311
2025-11-06 06:48:00+00:00,2450.199951171875,2452.0,2450.199951171875,2451.5,2519
2025-11-06 06:49:00+00:00,2450.10009765625,2450.39990234375,2449.60009765625,2450.39990234375,2839
2025-11-06 06:50:00+00:00,2450.0,2450.5,2450.0,2450.0,1660
2025-11-06 06:51:00+00:00,2450.89990234375,2450.89990234375,2449.0,2450.5,4390
2025-11-06 06:52:00+00:00,2450.699951171875,2451.0,2450.5,2451.0,760
2025-11-06 06:53:00+00:00,2451.699951171875,2451.699951171875,2450.0,2451.0,2881
2025-11-06 06:54:00+00:00,2451.800048828125,2452.0,2451.60009765625,2451.89990234375,979
2025-11-06 06:55:00+00:00,2451.699951171875,2452.0,2450.39990234375,2451.699951171875,4928
2025-11-06 06:56:00+00:00,2450.800048828125,2451.89990234375,2450.800048828125,2451.0,736
2025-11-06 06:57:00+00:00,2451.0,2451.0,2449.800048828125,2450.800048828125,1742
2025-11-06 06:58:00+00:00,2450.10009765625,2451.0,2450.10009765625,2451.0,1315
2025-11-06 06:59:00+00:00,2450.0,2450.5,2449.699951171875,2450.5,973
2025-11-06 07:00:00+00:00,2450.0,2450.39990234375,2449.89990234375,2450.39990234375,2387
2025-11-06 07:01:00+00:00,2450.0,2450.0,2449.5,2449.5,1952
2025-11-06 07:02:00+00:00,2450.39990234375,2450.39990234375,2449.89990234375,2450.0,2160
2025-11-06 07:03:00+00:00,2450.39990234375,2450.800048828125,2450.10009765625,2450.10009765625,806
2025-11-06 07:04:00+00:00,2449.89990234375,2450.39990234375,2449.0,2450.39990234375,4254
2025-11-06 07:05:00+00:00,2449.5,2450.199951171875,2449.0,2450.199951171875,1160
2025-11-06 07:06:00+00:00,2449.10009765625,2449.699951171875,2449.0,2449.60009765625,1792
2025-11-06 07:07:00+00:00,2449.89990234375,2449.89990234375,2449.199951171875,2449.199951171875,1338
2025-11-06 07:08:00+00:00,2449.10009765625,2450.0,2449.10009765625,2449.89990234375,2922
2025-11-06 07:09:00+00:00,2449.0,2449.699951171875,2449.0,2449.10009765625,1526
2025-11-06 07:10:00+00:00,2446.5,2449.800048828125,2446.5,2449.39990234375,4378
2025-11-06 07:11:00+00:00,2446.10009765625,2446.699951171875,2445.699951171875,2446.199951171875,2255
2025-11-06 07:12:00+00:00,2445.699951171875,2446.39990234375,2445.0,2446.10009765625,2178
2025-11-06 07:13:00+00:00,2445.60009765625,2445.60009765625,2445.0,2445.0,1590
2025-11-06 07:14:00+00:00,2445.5,2445.800048828125,2445.10009765625,2445.699951171875,2513
2025-11-06 07:15:00+00:00,2444.60009765625,2445.5,2444.199951171875,2445.5,1183
2025-11-06 07:16:00+00:00,2444.89990234375,2445.0,2444.60009765625,2444.699951171875,1093
2025-11-06 07:17:00+00:00,2445.300048828125,2445.39990234375,2444.89990234375,2444.89990234375,1641
2025-11-06 07:18:00+00:00,2446.800048828125,2446.800048828125,2445.39990234375,2445.39990234375,4784
2025-11-06 07:19:00+00:00,2448.10009765625,2449.5,2447.300048828125,2447.300048828125,2492
2025-11-06 07:20:00+00:00,2449.5,2449.5,2448.10009765625,2448.10009765625,2045
2025-11-06 07:21:00+00:00,2449.300048828125,2449.699951171875,2449.0,2449.0,873
2025-11-06 07:22:00+00:00,2447.60009765625,2449.5,2447.60009765625,2449.5,4086
2025-11-06 07:23:00+00:00,2448.0,2448.0,2447.5,2447.5,928
2025-11-06 07:24:00+00:00,2449.10009765625,2449.10009765625,2448.0,2448.10009765625,1656
2025-11-06 07:25:00+00:00,2449.39990234375,2450.0,2448.800048828125,2448.800048828125,1158
2025-11-06 07:26:00+00:00,2448.39990234375,2449.60009765625,2448.39990234375,2449.60009765625,1040
2025-11-06 07:27:00+00:00,2448.39990234375,2449.199951171875,2448.39990234375,2449.0,946
2025-11-06 07:28:00+00:00,2448.199951171875,2449.0,2448.0,2448.300048828125,1399
2025-11-06 07:29:00+00:00,2450.0,2450.39990234375,2447.699951171875,2447.699951171875,4010
2025-11-06 07:30:00+00:00,2449.199951171875,2450.0,2448.699951171875,2449.800048828125,1647
2025-11-06 07:31:00+00:00,2449.5,2450.10009765625,2449.199951171875,2449.60009765625,1627
2025-11-06 07:32:00+00:00,2449.0,2450.199951171875,2448.5,2449.5,1084
2025-11-06 07:33:00+00:00,2449.699951171875,2449.699951171875,2449.0,2449.0,1249
2025-11-06 07:34:00+00:00,2449.800048828125,2450.0,2449.699951171875,2449.699951171875,1307
2025-11-06 07:35:00+00:00,2449.39990234375,2449.800048828125,2448.60009765625,2449.800048828125,1686
2025-11-06 07:36:00+00:00,2449.300048828125,2449.89990234375,2448.699951171875,2449.300048828125,1984
2025-11-06 07:37:00+00:00,2449.5,2449.89990234375,2449.10009765625,2449.699951171875,998
2025-11-06 07:38:00+00:00,2449.0,2449.800048828125,2448.800048828125,2449.800048828125,1093
2025-11-06 07:39:00+00:00,2449.60009765625,2449.800048828125,2448.800048828125,2449.199951171875,2244
2025-11-06 07:40:00+00:00,2448.199951171875,2449.800048828125,2448.199951171875,2449.60009765625,1419
2025-11-06 07:41:00+00:00,2449.0,2449.699951171875,2448.0,2448.60009765625,2227
2025-11-06 07:42:00+00:00,2447.60009765625,2449.60009765625,2447.39990234375,2449.60009765625,1135
2025-11-06 07:43:00+00:00,2447.0,2448.699951171875,2447.0,2447.800048828125,1360
2025-11-06 07:44:00+00:00,2447.89990234375,2448.10009765625,2447.0,2447.10009765625,1312
2025-11-06 07:45:00+00:00,2447.199951171875,2448.0,2447.10009765625,2447.10009765625,1008
2025-11-06 07:46:00+00:00,2447.10009765625,2447.300048828125,2447.10009765625,2447.300048828125,1194
2025-11-06 07:47:00+00:00,2447.699951171875,2447.699951171875,2447.0,2447.199951171875,2246
2025-11-06 07:48:00+00:00,2447.5,2448.60009765625,2447.5,2447.699951171875,1430
2025-11-06 07:49:00+00:00,2449.0,2449.60009765625,2448.10009765625,2448.199951171875,1956
2025-11-06 07:50:00+00:00,2450.0,2450.0,2449.0,2449.300048828125,900
2025-11-06 07:51:00+00:00,2449.5,2450.199951171875,2449.300048828125,2450.10009765625,969
2025-11-06 07:52:00+00:00,2449.5,2450.300048828125,2449.5,2450.0,1238
2025-11-06 07:53:00+00:00,2450.199951171875,2450.39990234375,2449.0,2449.5,1065
2025-11-06 07:54:00+00:00,2450.5,2451.10009765625,2449.300048828125,2450.10009765625,1402
2025-11-06 07:55:00+00:00,2450.39990234375,2450.699951171875,2449.60009765625,2450.10009765625,796
2025-11-06 07:56:00+00:00,2449.300048828125,2450.60009765625,2449.0,2449.89990234375,1070
2025-11-06 07:57:00+00:00,2449.60009765625,2450.300048828125,2449.0,2449.699951171875,1032
2025-11-06 07:58:00+00:00,2450.0,2450.39990234375,2449.10009765625,2450.300048828125,1466
2025-11-06 07:59:00+00:00,2449.199951171875,2450.10009765625,2449.10009765625,2449.10009765625,1194
2025-11-06 08:00:00+00:00,2450.0,2451.199951171875,2449.0,2449.10009765625,2494
2025-11-06 08:01:00+00:00,2450.699951171875,2451.39990234375,2449.0,2449.10009765625,1605
2025-11-06 08:02:00+00:00,2450.800048828125,2451.89990234375,2449.89990234375,2450.0,1348
2025-11-06 08:03:00+00:00,2450.0,2451.199951171875,2450.0,2450.0,990
2025-11-06 08:04:00+00:00,2450.10009765625,2450.89990234375,2450.10009765625,2450.10009765625,1293
2025-11-06 08:05:00+00:00,2450.0,2450.89990234375,2449.89990234375,2450.699951171875,1580
2025-11-06 08:06:00+00:00,2450.699951171875,2450.800048828125,2450.0,2450.0,1681
2025-11-06 08:07:00+00:00,2448.300048828125,2450.89990234375,2447.199951171875,2450.89990234375,3773
2025-11-06 08:08:00+00:00,2447.5,2448.300048828125,2447.0,2448.300048828125,2348
2025-11-06 08:09:00+00:00,2446.699951171875,2447.800048828125,2446.300048828125,2447.5,2293
2025-11-06 08:10:00+00:00,2445.699951171875,2446.800048828125,2445.5,2446.800048828125,1450
2025-11-06 08:11:00+00:00,2445.5,2447.0,2445.0,2445.699951171875,6176
2025-11-06 08:12:00+00:00,2445.300048828125,2446.199951171875,2445.0,2445.89990234375,1891
2025-11-06 08:13:00+00:00,2442.10009765625,2446.10009765625,2441.5,2446.10009765625,2857
2025-11-06 08:14:00+00:00,2441.39990234375,2442.199951171875,2440.0,2441.699951171875,3434
2025-11-06 08:15:00+00:00,2442.199951171875,2443.699951171875,2441.5,2442.10009765625,1923
2025-11-06 08:16:00+00:00,2442.60009765625,2443.199951171875,2440.39990234375,2442.300048828125,5969
2025-11-06 08:17:00+00:00,2441.60009765625,2443.0,2440.800048828125,2443.0,1517
2025-11-06 08:18:00+00:00,2440.10009765625,2441.89990234375,2440.0,2441.300048828125,1759
2025-11-06 08:19:00+00:00,2440.60009765625,2440.699951171875,2440.0,2440.10009765625,1003
2025-11-06 08:20:00+00:00,2442.300048828125,2442.800048828125,2440.10009765625,2440.300048828125,4703
2025-11-06 08:21:00+00:00,2442.800048828125,2442.89990234375,2442.39990234375,2442.800048828125,1576
2025-11-06 08:22:00+00:00,2442.89990234375,2442.89990234375,2442.39990234375,2442.800048828125,1270
2025-11-06 08:23:00+00:00,2440.0,2442.800048828125,2440.0,2442.699951171875,53382
2025-11-06 08:24:00+00:00,2437.5,2438.0,2436.300048828125,2437.300048828125,18056
2025-11-06 08:25:00+00:00,2437.300048828125,2437.89990234375,2436.39990234375,2437.5,5177
2025-11-06 08:26:00+00:00,2436.5,2437.5,2436.300048828125,2437.39990234375,1920
2025-11-06 08:27:00+00:00,2436.800048828125,2436.89990234375,2436.199951171875,2436.5,1098
2025-11-06 08:28:00+00:00,2435.800048828125,2436.89990234375,2435.10009765625,2436.800048828125,3562
2025-11-06 08:29:00+00:00,2435.699951171875,2435.800048828125,2435.0,2435.699951171875,2177
2025-11-06 08:30:00+00:00,2435.89990234375,2435.89990234375,2435.5,2435.800048828125,1277
2025-11-06 08:31:00+00:00,2435.5,2435.60009765625,2435.0,2435.39990234375,1405
2025-11-06 08:32:00+00:00,2435.300048828125,2435.699951171875,2434.800048828125,2435.5,1598
2025-11-06 08:33:00+00:00,2434.39990234375,2435.60009765625,2434.39990234375,2434.699951171875,2226
2025-11-06 08:34:00+00:00,2434.5,2434.800048828125,2433.89990234375,2434.60009765625,1918
2025-11-06 08:35:00+00:00,2435.10009765625,2435.10009765625,2433.800048828125,2434.5,1591
2025-11-06 08:36:00+00:00,2433.89990234375,2435.5,2433.199951171875,2434.89990234375,3045
2025-11-06 08:37:00+00:00,2434.10009765625,2434.300048828125,2433.10009765625,2433.89990234375,2081
2025-11-06 08:38:00+00:00,2434.300048828125,2434.5,2433.60009765625,2434.300048828125,1342
2025-11-06 08:39:00+00:00,2434.60009765625,2434.60009765625,2433.60009765625,2434.39990234375,3704
2025-11-06 08:40:00+00:00,2435.5,2436.300048828125,2434.60009765625,2434.60009765625,4723
2025-11-06 08:41:00+00:00,2435.699951171875,2437.5,2435.5,2435.60009765625,2983
2025-11-06 08:42:00+00:00,2435.39990234375,2436.699951171875,2435.199951171875,2436.60009765625,1649
2025-11-06 08:43:00+00:00,2436.0,2436.300048828125,2435.300048828125,2435.5,1134
2025-11-06 08:44:00+00:00,2438.5,2438.5,2436.0,2436.10009765625,7554
2025-11-06 08:45:00+00:00,2436.699951171875,2438.300048828125,2436.60009765625,2437.60009765625,7530
2025-11-06 08:46:00+00:00,2436.199951171875,2437.0,2435.5,2436.699951171875,1560
2025-11-06 08:47:00+00:00,2434.89990234375,2436.199951171875,2434.89990234375,2435.5,1510
2025-11-06 08:48:00+00:00,2434.699951171875,2435.5,2434.10009765625,2435.0,1706
2025-11-06 08:49:00+00:00,2434.800048828125,2435.199951171875,2434.0,2435.0,1654
2025-11-06 08:50:00+00:00,2435.0,2435.199951171875,2434.0,2435.199951171875,1496
2025-11-06 08:51:00+00:00,2434.60009765625,2435.199951171875,2434.300048828125,2435.199951171875,1334
2025-11-06 08:52:00+00:00,2436.5,2437.300048828125,2434.800048828125,2435.300048828125,1736
2025-11-06 08:53:00+00:00,2436.10009765625,2437.10009765625,2435.5,2436.5,1080
2025-11-06 08:54:00+00:00,2436.10009765625,2436.300048828125,2435.5,2436.10009765625,849
2025-11-06 08:55:00+00:00,2436.10009765625,2436.800048828125,2435.699951171875,2436.10009765625,1042
2025-11-06 08:56:00+00:00,2436.89990234375,2437.10009765625,2436.10009765625,2436.10009765625,1310
2025-11-06 08:57:00+00:00,2436.0,2437.199951171875,2436.0,2437.10009765625,1348
2025-11-06 08:58:00+00:00,2435.0,2436.0,2434.300048828125,2436.0,6983
2025-11-06 08:59:00+00:00,2435.800048828125,2436.89990234375,2435.10009765625,2435.39990234375,1195
2025-11-06 09:00:00+00:00,2435.60009765625,2436.699951171875,2435.5,2436.699951171875,1021
2025-11-06 09:01:00+00:00,2436.60009765625,2436.60009765625,2435.0,2436.300048828125,1408
2025-11-06 09:02:00+00:00,2436.0,2437.10009765625,2435.10009765625,2436.800048828125,1436
2025-11-06 09:03:00+00:00,2435.800048828125,2436.5,2435.39990234375,2436.0,1264
2025-11-06 09:04:00+00:00,2436.60009765625,2437.0,2435.699951171875,2435.800048828125,2022
2025-11-06 09:05:00+00:00,2436.60009765625,2437.60009765625,2436.5,2436.60009765625,1698
2025-11-06 09:06:00+00:00,2436.60009765625,2437.0,2435.800048828125,2436.800048828125,1595
2025-11-06 09:07:00+00:00,2436.39990234375,2436.800048828125,2435.800048828125,2436.699951171875,1290
2025-11-06 09:08:00+00:00,2437.300048828125,2437.300048828125,2435.5,2436.39990234375,1980
2025-11-06 09:09:00+00:00,2437.300048828125,2437.89990234375,2436.60009765625,2437.300048828125,1582
2025-11-06 09:10:00+00:00,2437.300048828125,2438.800048828125,2435.89990234375,2436.800048828125,6376
2025-11-06 09:11:00+00:00,2438.60009765625,2439.39990234375,2436.39990234375,2436.699951171875,9275
2025-11-06 09:12:00+00:00,2438.39990234375,2439.199951171875,2438.0,2438.300048828125,2194
2025-11-06 09:13:00+00:00,2439.0,2439.800048828125,2438.300048828125,2438.39990234375,1317
2025-11-06 09:14:00+00:00,2439.0,2439.10009765625,2438.5,2439.0,1207
2025-11-06 09:15:00+00:00,2439.10009765625,2439.800048828125,2438.800048828125,2439.0,2328
2025-11-06 09:16:00+00:00,2439.0,2439.10009765625,2438.89990234375,2438.89990234375,1049
2025-11-06 09:17:00+00:00,2437.5,2439.0,2436.89990234375,2439.0,2141
2025-11-06 09:18:00+00:00,2436.199951171875,2438.0,2436.10009765625,2438.0,2084
2025-11-06 09:19:00+00:00,2436.89990234375,2437.699951171875,2435.300048828125,2436.60009765625,10958
2025-11-06 09:20:00+00:00,2437.0,2437.5,2436.10009765625,2437.300048828125,8907
2025-11-06 09:21:00+00:00,2438.0,2438.10009765625,2436.699951171875,2436.699951171875,2310
2025-11-06 09:22:00+00:00,2438.300048828125,2439.0,2437.699951171875,2437.699951171875,1325
2025-11-06 09:23:00+00:00,2438.10009765625,2438.89990234375,2438.10009765625,2438.39990234375,1418
2025-11-06 09:24:00+00:00,2438.10009765625,2438.5,2438.10009765625,2438.199951171875,1088
2025-11-06 09:25:00+00:00,2437.5,2438.39990234375,2437.0,2438.10009765625,2224
2025-11-06 09:26:00+00:00,2439.0,2439.10009765625,2437.300048828125,2437.60009765625,2757
2025-11-06 09:27:00+00:00,2439.5,2440.0,2438.60009765625,2439.0,7280
2025-11-06 09:28:00+00:00,2440.89990234375,2441.39990234375,2438.800048828125,2439.39990234375,8440
2025-11-06 09:29:00+00:00,2440.39990234375,2442.39990234375,2439.39990234375,2441.199951171875,7720
2025-11-06 09:30:00+00:00,2435.0,2440.300048828125,2435.0,2440.300048828125,18114
2025-11-06 09:31:00+00:00,2436.699951171875,2437.0,2433.60009765625,2435.0,17478
2025-11-06 09:32:00+00:00,2435.699951171875,2436.800048828125,2434.300048828125,2436.60009765625,21580
2025-11-06 09:33:00+00:00,2434.39990234375,2437.5,2434.39990234375,2436.10009765625,18404
2025-11-06 09:34:00+00:00,2433.5,2435.10009765625,2433.39990234375,2434.39990234375,7580
2025-11-06 09:35:00+00:00,2434.89990234375,2435.60009765625,2433.199951171875,2433.5,26880
2025-11-06 09:36:00+00:00,2433.199951171875,2435.199951171875,2433.0,2435.199951171875,14796
2025-11-06 09:37:00+00:00,2434.60009765625,2434.60009765625,2433.0,2433.0,23954
2025-11-06 09:38:00+00:00,2435.39990234375,2437.5,2434.699951171875,2435.0,33529
2025-11-06 09:39:00+00:00,2435.199951171875,2436.0,2433.60009765625,2435.199951171875,14238
2025-11-06 09:40:00+00:00,2433.60009765625,2435.0,2433.300048828125,2435.0,20429
2025-11-06 09:41:00+00:00,2434.0,2435.0,2433.10009765625,2433.300048828125,15403
2025-11-06 09:42:00+00:00,2433.800048828125,2435.0,2433.39990234375,2435.0,16261
2025-11-06 09:43:00+00:00,2435.5,2435.5,2433.199951171875,2433.5,21012
2025-11-06 09:44:00+00:00,2441.699951171875,2442.39990234375,2435.10009765625,2435.699951171875,29065
2025-11-06 09:45:00+00:00,2438.699951171875,2444.60009765625,2437.89990234375,2442.10009765625,26102
2025-11-06 09:46:00+00:00,2435.60009765625,2439.300048828125,2434.0,2438.89990234375,32212
2025-11-06 09:47:00+00:00,2435.60009765625,2436.5,2434.699951171875,2435.10009765625,19056
2025-11-06 09:48:00+00:00,2434.60009765625,2436.60009765625,2433.800048828125,2435.89990234375,30021
2025-11-06 09:49:00+00:00,2439.300048828125,2439.60009765625,2433.699951171875,2433.699951171875,31192
2025-11-06 09:50:00+00:00,2436.89990234375,2438.89990234375,2435.10009765625,2438.5,13836
2025-11-06 09:51:00+00:00,2435.60009765625,2438.0,2435.5,2437.0,27556
2025-11-06 09:52:00+00:00,2438.800048828125,2439.699951171875,2434.39990234375,2436.199951171875,32665
2025-11-06 09:53:00+00:00,2435.60009765625,2438.60009765625,2435.5,2437.699951171875,6724
2025-11-06 09:54:00+00:00,2436.199951171875,2437.699951171875,2435.60009765625,2435.60009765625,15230
2025-11-06 09:55:00+00:00,2436.0,2437.5,2435.60009765625,2435.60009765625,11233
2025-11-06 09:56:00+00:00,2437.300048828125,2437.300048828125,2434.800048828125,2436.0,14756
2025-11-06 09:57:00+00:00,2439.300048828125,2440.0,2437.199951171875,2437.199951171875,11766
2025-11-06 09:58:00+00:00,2440.0,2440.0,2438.0,2439.300048828125,5099
2025-11-06 09:59:00+00:00,2439.0,2441.699951171875,2437.0,2441.0,4615
2025-11-07 03:45:00+00:00,2407.800048828125,2421.10009765625,2406.10009765625,2421.10009765625,0
2025-11-07 03:46:00+00:00,2402.89990234375,2408.300048828125,2401.89990234375,2407.5,7673
2025-11-07 03:47:00+00:00,2402.199951171875,2404.5,2401.10009765625,2403.10009765625,5993
2025-11-07 03:48:00+00:00,2405.10009765625,2405.89990234375,2401.89990234375,2403.10009765625,3058
2025-11-07 03:49:00+00:00,2405.60009765625,2407.699951171875,2404.0,2405.0,2194
2025-11-07 03:50:00+00:00,2407.10009765625,2407.699951171875,2404.60009765625,2406.10009765625,2627
2025-11-07 03:51:00+00:00,2404.39990234375,2408.39990234375,2404.0,2407.0,9495
2025-11-07 03:52:00+00:00,2404.60009765625,2406.300048828125,2404.199951171875,2405.300048828125,1778
2025-11-07 03:53:00+00:00,2402.89990234375,2404.800048828125,2401.89990234375,2404.0,4652
2025-11-07 03:54:00+00:00,2402.0,2402.89990234375,2401.300048828125,2402.60009765625,2020
2025-11-07 03:55:00+00:00,2404.60009765625,2404.800048828125,2400.699951171875,2401.300048828125,2901
2025-11-07 03:56:00+00:00,2404.10009765625,2405.39990234375,2403.300048828125,2403.300048828125,1259
2025-11-07 03:57:00+00:00,2406.10009765625,2407.0,2403.300048828125,2405.0,3198
2025-11-07 03:58:00+00:00,2407.800048828125,2407.800048828125,2405.300048828125,2406.199951171875,1146
2025-11-07 03:59:00+00:00,2411.0,2411.39990234375,2407.300048828125,2407.89990234375,3551
2025-11-07 04:00:00+00:00,2411.800048828125,2412.0,2410.800048828125,2411.0,2142
2025-11-07 04:01:00+00:00,2413.0,2413.5,2412.5,2412.5,4168
2025-11-07 04:02:00+00:00,2413.5,2415.10009765625,2413.10009765625,2413.800048828125,3420
2025-11-07 04:03:00+00:00,2415.0,2415.199951171875,2412.60009765625,2413.5,1630
2025-11-07 04:04:00+00:00,2414.5,2415.39990234375,2414.0,2415.0,3034
2025-11-07 04:05:00+00:00,2414.39990234375,2414.699951171875,2413.60009765625,2414.699951171875,834
2025-11-07 04:06:00+00:00,2412.0,2413.39990234375,2412.0,2413.39990234375,2412
2025-11-07 04:07:00+00:00,2412.699951171875,2412.699951171875,2411.10009765625,2412.300048828125,2307
2025-11-07 04:08:00+00:00,2413.300048828125,2413.300048828125,2412.300048828125,2412.60009765625,400
2025-11-07 04:09:00+00:00,2413.10009765625,2413.300048828125,2413.10009765625,2413.300048828125,349
2025-11-07 04:10:00+00:00,2412.10009765625,2412.60009765625,2412.0,2412.60009765625,878
2025-11-07 04:11:00+00:00,2411.60009765625,2412.300048828125,2411.10009765625,2412.300048828125,1208
2025-11-07 04:12:00+00:00,2412.89990234375,2412.89990234375,2410.800048828125,2411.5,574
2025-11-07 04:13:00+00:00,2413.699951171875,2413.699951171875,2412.10009765625,2412.10009765625,759
2025-11-07 04:14:00+00:00,2414.10009765625,2414.800048828125,2412.60009765625,2412.60009765625,611
2025-11-07 04:15:00+00:00,2413.699951171875,2414.60009765625,2413.60009765625,2414.199951171875,763
2025-11-07 04:16:00+00:00,2415.0,2415.0,2413.89990234375,2414.199951171875,683
2025-11-07 04:17:00+00:00,2418.800048828125,2418.800048828125,2414.60009765625,2414.89990234375,6357
2025-11-07 04:18:00+00:00,2416.89990234375,2418.89990234375,2416.199951171875,2418.800048828125,2044
2025-11-07 04:19:00+00:00,2418.0,2418.39990234375,2416.199951171875,2417.0,1048
2025-11-07 04:20:00+00:00,2417.0,2417.699951171875,2416.699951171875,2417.0,2653
2025-11-07 04:21:00+00:00,2415.10009765625,2417.60009765625,2415.10009765625,2417.39990234375,1132
2025-11-07 04:22:00+00:00,2415.699951171875,2416.60009765625,2415.39990234375,2416.0,1233
2025-11-07 04:23:00+00:00,2415.60009765625,2416.10009765625,2415.0,2415.0,620
2025-11-07 04:24:00+00:00,2414.699951171875,2416.0,2414.699951171875,2416.0,1153
2025-11-07 04:25:00+00:00,2416.199951171875,2416.60009765625,2414.60009765625,2415.199951171875,1076
2025-11-07 04:26:00+00:00,2416.699951171875,2416.800048828125,2416.39990234375,2416.5,3287
2025-11-07 04:27:00+00:00,2416.0,2417.39990234375,2416.0,2416.199951171875,1262
2025-11-07 04:28:00+00:00,2416.0,2417.5,2416.0,2416.39990234375,1077
2025-11-07 04:29:00+00:00,2416.300048828125,2416.300048828125,2415.300048828125,2416.300048828125,4949
2025-11-07 04:30:00+00:00,2422.199951171875,2422.199951171875,2418.10009765625,2418.10009765625,4829
2025-11-07 04:31:00+00:00,2422.39990234375,2423.699951171875,2421.5,2423.60009765625,2430
2025-11-07 04:32:00+00:00,2422.300048828125,2422.5,2421.39990234375,2421.699951171875,442
2025-11-07 04:33:00+00:00,2422.199951171875,2422.5,2421.5,2422.0,430
2025-11-07 04:34:00+00:00,2421.89990234375,2422.10009765625,2421.5,2421.699951171875,784
2025-11-07 04:35:00+00:00,2421.0,2422.10009765625,2420.10009765625,2422.10009765625,661
2025-11-07 04:36:00+00:00,2421.699951171875,2421.89990234375,2420.10009765625,2420.699951171875,774
2025-11-07 04:37:00+00:00,2421.699951171875,2421.800048828125,2421.0,2421.800048828125,438
2025-11-07 04:38:00+00:00,2421.39990234375,2421.699951171875,2420.89990234375,2421.699951171875,865
2025-11-07 04:39:00+00:00,2418.10009765625,2420.800048828125,2418.0,2420.800048828125,850
2025-11-07 04:40:00+00:00,2419.699951171875,2420.199951171875,2418.10009765625,2418.10009765625,1033
2025-11-07 04:41:00+00:00,2420.699951171875,2420.89990234375,2419.0,2419.39990234375,460
2025-11-07 04:42:00+00:00,2420.0,2422.10009765625,2419.199951171875,2420.89990234375,2149
2025-11-07 04:43:00+00:00,2418.0,2419.699951171875,2418.0,2419.39990234375,1102
2025-11-07 04:44:00+00:00,2419.0,2419.199951171875,2418.0,2418.300048828125,681
2025-11-07 04:45:00+00:00,2420.89990234375,2420.89990234375,2417.800048828125,2419.0,671
2025-11-07 04:46:00+00:00,2420.10009765625,2420.5,2419.800048828125,2420.5,199
2025-11-07 04:47:00+00:00,2419.699951171875,2420.39990234375,2419.5,2420.10009765625,152
2025-11-07 04:48:00+00:00,2419.199951171875,2420.300048828125,2419.199951171875,2419.300048828125,612
2025-11-07 04:49:00+00:00,2418.60009765625,2419.60009765625,2418.60009765625,2419.60009765625,652
2025-11-07 04:50:00+00:00,2418.800048828125,2419.300048828125,2418.39990234375,2419.300048828125,464
2025-11-07 04:51:00+00:00,2418.5,2418.89990234375,2418.0,2418.199951171875,466
2025-11-07 04:52:00+00:00,2418.800048828125,2418.89990234375,2418.0,2418.10009765625,679
2025-11-07 04:53:00+00:00,2418.5,2418.89990234375,2417.89990234375,2417.89990234375,400
2025-11-07 04:54:00+00:00,2419.10009765625,2419.10009765625,2418.10009765625,2418.10009765625,1047
2025-11-07 04:55:00+00:00,2418.800048828125,2419.10009765625,2417.800048828125,2419.10009765625,2041
2025-11-07 04:56:00+00:00,2417.5,2419.300048828125,2417.5,2418.10009765625,733
2025-11-07 04:57:00+00:00,2418.10009765625,2418.800048828125,2417.300048828125,2417.89990234375,329
2025-11-07 04:58:00+00:00,2420.300048828125,2420.300048828125,2417.800048828125,2418.199951171875,1490
2025-11-07 04:59:00+00:00,2419.39990234375,2420.5,2418.89990234375,2420.0,2615
2025-11-07 05:00:00+00:00,2419.10009765625,2420.0,2419.10009765625,2419.5,308
2025-11-07 05:01:00+00:00,2419.0,2419.800048828125,2417.699951171875,2418.60009765625,1456
2025-11-07 05:02:00+00:00,2418.89990234375,2419.300048828125,2417.699951171875,2417.699951171875,378
2025-11-07 05:03:00+00:00,2418.300048828125,2418.89990234375,2417.699951171875,2418.5,1043
2025-11-07 05:04:00+00:00,2420.0,2420.0,2417.300048828125,2417.699951171875,896
2025-11-07 05:05:00+00:00,2418.5,2420.0,2417.89990234375,2419.199951171875,986
2025-11-07 05:06:00+00:00,2418.699951171875,2419.10009765625,2418.0,2418.0,276
2025-11-07 05:07:00+00:00,2419.10009765625,2420.0,2418.0,2418.5,334
2025-11-07 05:08:00+00:00,2417.60009765625,2419.89990234375,2417.60009765625,2419.89990234375,551
2025-11-07 05:09:00+00:00,2416.199951171875,2418.0,2416.199951171875,2417.10009765625,530
2025-11-07 05:10:00+00:00,2415.300048828125,2416.5,2415.0,2416.5,1161
2025-11-07 05:11:00+00:00,2416.199951171875,2416.199951171875,2415.10009765625,2415.199951171875,1420
2025-11-07 05:12:00+00:00,2416.0,2416.800048828125,2415.0,2415.699951171875,1057
2025-11-07 05:13:00+00:00,2416.800048828125,2417.5,2415.699951171875,2415.800048828125,1281
2025-11-07 05:14:00+00:00,2418.0,2418.0,2416.0,2416.0,1041
2025-11-07 05:15:00+00:00,2418.10009765625,2418.699951171875,2417.60009765625,2417.60009765625,858
2025-11-07 05:16:00+00:00,2416.60009765625,2418.39990234375,2416.60009765625,2418.39990234375,943
2025-11-07 05:17:00+00:00,2416.5,2417.699951171875,2416.5,2417.60009765625,1093
2025-11-07 05:18:00+00:00,2415.60009765625,2415.89990234375,2414.39990234375,2415.0,1956
2025-11-07 05:19:00+00:00,2414.0,2415.5,2414.0,2415.5,1329
2025-11-07 05:20:00+00:00,2413.39990234375,2414.60009765625,2413.39990234375,2413.800048828125,777
2025-11-07 05:21:00+00:00,2414.39990234375,2414.60009765625,2412.800048828125,2413.10009765625,906
2025-11-07 05:22:00+00:00,2415.300048828125,2415.89990234375,2413.800048828125,2414.199951171875,892
2025-11-07 05:23:00+00:00,2414.699951171875,2415.199951171875,2413.10009765625,2415.0,1086
2025-11-07 05:24:00+00:00,2415.199951171875,2415.5,2414.800048828125,2415.0,701
2025-11-07 05:25:00+00:00,2415.300048828125,2415.39990234375,2414.699951171875,2414.699951171875,673
2025-11-07 05:26:00+00:00,2414.0,2415.300048828125,2413.5,2415.300048828125,1090
2025-11-07 05:27:00+00:00,2413.89990234375,2414.39990234375,2413.0,2414.10009765625,692
2025-11-07 05:28:00+00:00,2413.0,2414.199951171875,2413.0,2413.10009765625,537
2025-11-07 05:29:00+00:00,2414.39990234375,2414.699951171875,2413.0,2413.0,560
2025-11-07 05:30:00+00:00,2415.60009765625,2415.89990234375,2414.199951171875,2414.199951171875,683
2025-11-07 05:31:00+00:00,2415.800048828125,2415.800048828125,2414.5,2415.0,2018
2025-11-07 05:32:00+00:00,2415.60009765625,2415.800048828125,2415.39990234375,2415.5,720
2025-11-07 05:33:00+00:00,2414.39990234375,2415.5,2414.199951171875,2415.5,723
2025-11-07 05:34:00+00:00,2413.800048828125,2414.39990234375,2413.60009765625,2414.39990234375,651
2025-11-07 05:35:00+00:00,2413.39990234375,2413.699951171875,2412.60009765625,2413.5,413
2025-11-07 05:36:00+00:00,2414.0,2414.5,2413.39990234375,2413.39990234375,552
2025-11-07 05:37:00+00:00,2413.300048828125,2414.199951171875,2413.300048828125,2413.89990234375,748
2025-11-07 05:38:00+00:00,2413.5,2413.89990234375,2413.0,2413.0,1033
2025-11-07 05:39:00+00:00,2415.5,2415.800048828125,2413.800048828125,2413.800048828125,706
2025-11-07 05:40:00+00:00,2416.0,2416.5,2414.699951171875,2415.10009765625,922
2025-11-07 05:41:00+00:00,2416.39990234375,2416.5,2415.699951171875,2416.5,886
2025-11-07 05:42:00+00:00,2417.5,2417.5,2415.39990234375,2416.300048828125,785
2025-11-07 05:43:00+00:00,2416.699951171875,2417.300048828125,2416.5,2417.300048828125,961
2025-11-07 05:44:00+00:00,2416.199951171875,2416.800048828125,2415.39990234375,2416.39990234375,751
2025-11-07 05:45:00+00:00,2416.800048828125,2416.89990234375,2416.39990234375,2416.699951171875,1555
2025-11-07 05:46:00+00:00,2416.89990234375,2417.0,2416.60009765625,2416.60009765625,1382
2025-11-07 05:47:00+00:00,2416.5,2416.60009765625,2416.199951171875,2416.39990234375,708
2025-11-07 05:48:00+00:00,2415.10009765625,2416.699951171875,2415.10009765625,2416.5,1079
2025-11-07 05:49:00+00:00,2417.10009765625,2417.10009765625,2415.60009765625,2415.60009765625,2066
2025-11-07 05:50:00+00:00,2417.10009765625,2417.300048828125,2416.199951171875,2416.800048828125,540
2025-11-07 05:51:00+00:00,2417.5,2417.800048828125,2417.10009765625,2417.10009765625,737
2025-11-07 05:52:00+00:00,2419.10009765625,2420.0,2418.0,2418.0,1105
2025-11-07 05:53:00+00:00,2419.89990234375,2420.0,2419.5,2419.5,2069
2025-11-07 05:54:00+00:00,2419.800048828125,2420.0,2419.800048828125,2420.0,853
2025-11-07 05:55:00+00:00,2419.800048828125,2420.60009765625,2419.0,2419.800048828125,2789
2025-11-07 05:56:00+00:00,2419.300048828125,2419.800048828125,2418.89990234375,2419.800048828125,669
2025-11-07 05:57:00+00:00,2419.199951171875,2419.5,2418.89990234375,2418.89990234375,662
2025-11-07 05:58:00+00:00,2418.800048828125,2419.199951171875,2417.5,2419.0,645
2025-11-07 05:59:00+00:00,2419.199951171875,2419.199951171875,2417.800048828125,2418.699951171875,1185
2025-11-07 06:00:00+00:00,2420.0,2420.0,2418.89990234375,2419.60009765625,863
2025-11-07 06:01:00+00:00,2419.10009765625,2420.10009765625,2419.0,2419.89990234375,737
2025-11-07 06:02:00+00:00,2420.0,2420.10009765625,2419.39990234375,2420.0,593
2025-11-07 06:03:00+00:00,2422.5,2422.5,2420.0,2420.0,2757
2025-11-07 06:04:00+00:00,2422.0,2423.0,2422.0,2422.39990234375,5347
2025-11-07 06:05:00+00:00,2422.800048828125,2423.10009765625,2422.0,2422.0,1370
2025-11-07 06:06:00+00:00,2423.39990234375,2423.699951171875,2422.699951171875,2423.0,2358
2025-11-07 06:07:00+00:00,2423.10009765625,2423.699951171875,2423.10009765625,2423.5,531
2025-11-07 06:08:00+00:00,2424.0,2424.0,2423.10009765625,2423.199951171875,1617
2025-11-07 06:09:00+00:00,2424.699951171875,2424.699951171875,2424.0,2424.0,467
2025-11-07 06:10:00+00:00,2424.0,2424.699951171875,2424.0,2424.699951171875,1531
2025-11-07 06:11:00+00:00,2423.89990234375,2424.800048828125,2423.89990234375,2424.60009765625,3045
2025-11-07 06:12:00+00:00,2423.300048828125,2424.5,2422.699951171875,2423.89990234375,2595
2025-11-07 06:13:00+00:00,2423.800048828125,2423.800048828125,2423.0,2423.39990234375,912
2025-11-07 06:14:00+00:00,2423.699951171875,2423.699951171875,2422.60009765625,2423.699951171875,941
2025-11-07 06:15:00+00:00,2423.39990234375,2424.0,2422.39990234375,2423.800048828125,570
2025-11-07 06:16:00+00:00,2422.5,2423.699951171875,2422.5,2422.5,1061
2025-11-07 06:17:00+00:00,2423.0,2423.0,2422.0,2423.0,1106
2025-11-07 06:18:00+00:00,2422.0,2423.0,2422.0,2423.0,1207
2025-11-07 06:19:00+00:00,2422.699951171875,2422.699951171875,2422.0,2422.0,481
2025-11-07 06:20:00+00:00,2422.39990234375,2422.699951171875,2422.0,2422.699951171875,4922
2025-11-07 06:21:00+00:00,2422.699951171875,2422.699951171875,2422.0,2422.0,907
2025-11-07 06:22:00+00:00,2422.5,2422.699951171875,2422.0,2422.699951171875,1424
2025-11-07 06:23:00+00:00,2422.5,2422.5,2422.0,2422.5,392
2025-11-07 06:24:00+00:00,2422.0,2423.0,2422.0,2422.10009765625,689
2025-11-07 06:25:00+00:00,2423.0,2423.0,2422.10009765625,2422.699951171875,590
2025-11-07 06:26:00+00:00,2423.10009765625,2423.89990234375,2422.699951171875,2423.10009765625,322
2025-11-07 06:27:00+00:00,2422.0,2423.800048828125,2422.0,2423.199951171875,651
2025-11-07 06:28:00+00:00,2423.10009765625,2423.199951171875,2422.0,2423.0,1038
2025-11-07 06:29:00+00:00,2422.89990234375,2422.89990234375,2422.0,2422.800048828125,1192
2025-11-07 06:30:00+00:00,2422.60009765625,2423.60009765625,2422.60009765625,2422.800048828125,1086
2025-11-07 06:31:00+00:00,2422.60009765625,2423.0,2422.5,2422.60009765625,487
2025-11-07 06:32:00+00:00,2423.60009765625,2423.60009765625,2422.699951171875,2422.800048828125,461
2025-11-07 06:33:00+00:00,2423.300048828125,2423.300048828125,2423.10009765625,2423.300048828125,1296
2025-11-07 06:34:00+00:00,2424.0,2424.0,2423.199951171875,2423.89990234375,549
2025-11-07 06:35:00+00:00,2424.0,2424.0,2423.300048828125,2423.89990234375,652
2025-11-07 06:36:00+00:00,2423.60009765625,2424.0,2423.199951171875,2423.60009765625,728
2025-11-07 06:37:00+00:00,2423.199951171875,2423.89990234375,2423.0,2423.89990234375,1833
2025-11-07 06:38:00+00:00,2423.60009765625,2423.699951171875,2422.699951171875,2423.0,832
2025-11-07 06:39:00+00:00,2424.0,2424.0,2423.199951171875,2423.699951171875,704
2025-11-07 06:40:00+00:00,2423.60009765625,2423.800048828125,2423.300048828125,2423.800048828125,1228
2025-11-07 06:41:00+00:00,2422.5,2423.89990234375,2422.5,2422.699951171875,2083
2025-11-07 06:42:00+00:00,2422.800048828125,2423.39990234375,2422.5,2422.60009765625,317
2025-11-07 06:43:00+00:00,2423.39990234375,2423.39990234375,2422.60009765625,2423.199951171875,843
2025-11-07 06:44:00+00:00,2423.300048828125,2423.5,2422.5,2423.5,817
2025-11-07 06:45:00+00:00,2423.60009765625,2423.60009765625,2423.0,2423.10009765625,398
2025-11-07 06:46:00+00:00,2422.60009765625,2423.60009765625,2422.5,2423.60009765625,1430
2025-11-07 06:47:00+00:00,2419.300048828125,2422.60009765625,2419.300048828125,2422.60009765625,19420
2025-11-07 06:48:00+00:00,2419.5,2420.800048828125,2418.39990234375,2419.0,1058
2025-11-07 06:49:00+00:00,2418.39990234375,2419.699951171875,2417.199951171875,2419.699951171875,1133
2025-11-07 06:50:00+00:00,2421.0,2421.699951171875,2418.39990234375,2418.39990234375,1792
2025-11-07 06:51:00+00:00,2420.199951171875,2421.5,2419.699951171875,2421.0,788
2025-11-07 06:52:00+00:00,2418.89990234375,2419.89990234375,2418.60009765625,2419.60009765625,633
2025-11-07 06:53:00+00:00,2417.5,2419.699951171875,2417.0,2419.699951171875,879
2025-11-07 06:54:00+00:00,2416.0,2417.800048828125,2416.0,2417.0,1849
2025-11-07 06:55:00+00:00,2418.300048828125,2418.300048828125,2415.89990234375,2416.0,916
2025-11-07 06:56:00+00:00,2419.5,2420.5,2418.39990234375,2418.39990234375,1668
2025-11-07 06:57:00+00:00,2418.89990234375,2420.300048828125,2418.60009765625,2419.39990234375,513
2025-11-07 06:58:00+00:00,2417.699951171875,2419.0,2416.699951171875,2419.0,778
2025-11-07 06:59:00+00:00,2417.5,2418.300048828125,2416.60009765625,2417.39990234375,544
2025-11-07 07:00:00+00:00,2418.0,2418.60009765625,2417.5,2417.89990234375,1721
2025-11-07 07:01:00+00:00,2417.5,2418.0,2417.5,2418.0,867
2025-11-07 07:02:00+00:00,2418.5,2418.5,2417.5,2418.300048828125,1203
2025-11-07 07:03:00+00:00,2420.10009765625,2420.60009765625,2419.10009765625,2419.10009765625,2544
2025-11-07 07:04:00+00:00,2419.800048828125,2420.39990234375,2419.800048828125,2420.199951171875,7324
2025-11-07 07:05:00+00:00,2420.300048828125,2420.60009765625,2419.60009765625,2419.60009765625,5096
2025-11-07 07:06:00+00:00,2420.0,2420.800048828125,2419.39990234375,2419.60009765625,2710
2025-11-07 07:07:00+00:00,2421.10009765625,2421.60009765625,2420.0,2420.0,2138
2025-11-07 07:08:00+00:00,2421.699951171875,2421.699951171875,2419.60009765625,2420.300048828125,9004
2025-11-07 07:09:00+00:00,2420.0,2421.89990234375,2420.0,2421.89990234375,1280
2025-11-07 07:10:00+00:00,2420.60009765625,2421.39990234375,2420.0,2420.0,864
2025-11-07 07:11:00+00:00,2421.0,2421.0,2420.0,2420.5,2134
2025-11-07 07:12:00+00:00,2420.10009765625,2421.89990234375,2420.0,2420.0,2188
2025-11-07 07:13:00+00:00,2422.39990234375,2422.60009765625,2420.0,2420.0,1056
2025-11-07 07:14:00+00:00,2421.60009765625,2423.199951171875,2420.89990234375,2422.300048828125,2096
2025-11-07 07:15:00+00:00,2422.0,2422.60009765625,2420.89990234375,2422.5,945
2025-11-07 07:16:00+00:00,2422.89990234375,2423.60009765625,2421.800048828125,2422.699951171875,3299
2025-11-07 07:17:00+00:00,2420.800048828125,2422.199951171875,2420.800048828125,2421.199951171875,798
2025-11-07 07:18:00+00:00,2421.10009765625,2421.699951171875,2420.199951171875,2420.89990234375,528
2025-11-07 07:19:00+00:00,2421.5,2421.800048828125,2420.300048828125,2421.800048828125,523
2025-11-07 07:20:00+00:00,2421.699951171875,2421.699951171875,2420.5,2421.5,368
2025-11-07 07:21:00+00:00,2421.39990234375,2421.699951171875,2421.199951171875,2421.699951171875,688
2025-11-07 07:22:00+00:00,2421.39990234375,2421.39990234375,2420.199951171875,2421.300048828125,1737
2025-11-07 07:23:00+00:00,2420.0,2421.39990234375,2420.0,2421.39990234375,1986
2025-11-07 07:24:00+00:00,2419.5,2420.300048828125,2419.5,2420.10009765625,10598
2025-11-07 07:25:00+00:00,2417.5,2420.199951171875,2417.5,2420.0,5542
2025-11-07 07:26:00+00:00,2415.60009765625,2418.0,2415.5,2417.5,3727
2025-11-07 07:27:00+00:00,2416.10009765625,2417.89990234375,2415.5,2416.39990234375,9167
2025-11-07 07:28:00+00:00,2414.89990234375,2417.39990234375,2414.89990234375,2416.5,5862
2025-11-07 07:29:00+00:00,2413.300048828125,2415.699951171875,2413.199951171875,2415.699951171875,2267
2025-11-07 07:30:00+00:00,2412.300048828125,2414.39990234375,2411.800048828125,2413.300048828125,2769
2025-11-07 07:31:00+00:00,2413.0,2413.0,2412.0,2412.300048828125,1213
2025-11-07 07:32:00+00:00,2413.300048828125,2413.300048828125,2412.10009765625,2413.0,1991
2025-11-07 07:33:00+00:00,2417.0,2417.10009765625,2413.0,2413.0,16101
2025-11-07 07:34:00+00:00,2417.10009765625,2417.10009765625,2417.0,2417.0,8010
2025-11-07 07:35:00+00:00,2412.699951171875,2417.0,2412.699951171875,2417.0,1905
2025-11-07 07:36:00+00:00,2412.39990234375,2415.0,2411.5,2413.89990234375,10095
2025-11-07 07:37:00+00:00,2412.5,2413.800048828125,2411.39990234375,2413.10009765625,8688
2025-11-07 07:38:00+00:00,2411.199951171875,2412.5,2410.60009765625,2412.5,2053
2025-11-07 07:39:00+00:00,2411.0,2411.199951171875,2411.0,2411.10009765625,1866
2025-11-07 07:40:00+00:00,2411.60009765625,2411.60009765625,2410.300048828125,2411.0,1138
2025-11-07 07:41:00+00:00,2411.89990234375,2412.0,2411.39990234375,2411.699951171875,769
2025-11-07 07:42:00+00:00,2411.800048828125,2412.5,2411.60009765625,2411.60009765625,1246
2025-11-07 07:43:00+00:00,2410.800048828125,2411.800048828125,2410.800048828125,2411.39990234375,737
2025-11-07 07:44:00+00:00,2412.0,2412.300048828125,2411.0,2411.60009765625,1092
2025-11-07 07:45:00+00:00,2411.199951171875,2412.10009765625,2410.89990234375,2412.10009765625,799
2025-11-07 07:46:00+00:00,2411.39990234375,2412.0,2411.0,2411.5,774
2025-11-07 07:47:00+00:00,2413.0,2413.199951171875,2411.699951171875,2412.0,1853
2025-11-07 07:48:00+00:00,2412.800048828125,2412.800048828125,2412.0,2412.199951171875,896
2025-11-07 07:49:00+00:00,2411.800048828125,2412.5,2411.699951171875,2412.39990234375,990
2025-11-07 07:50:00+00:00,2411.39990234375,2412.10009765625,2410.5,2411.300048828125,1149
2025-11-07 07:51:00+00:00,2412.0,2412.39990234375,2410.300048828125,2411.300048828125,3090
2025-11-07 07:52:00+00:00,2412.199951171875,2412.60009765625,2411.300048828125,2412.0,896
2025-11-07 07:53:00+00:00,2411.699951171875,2412.300048828125,2411.300048828125,2412.300048828125,698
2025-11-07 07:54:00+00:00,2411.60009765625,2412.5,2411.39990234375,2411.60009765625,2026
2025-11-07 07:55:00+00:00,2411.5,2412.5,2411.39990234375,2412.10009765625,637
2025-11-07 07:56:00+00:00,2414.0,2414.0,2411.60009765625,2411.60009765625,955
2025-11-07 07:57:00+00:00,2415.0,2415.60009765625,2413.699951171875,2414.5,1299
2025-11-07 07:58:00+00:00,2415.10009765625,2415.10009765625,2413.89990234375,2414.89990234375,1144
2025-11-07 07:59:00+00:00,2414.5,2415.5,2414.5,2415.10009765625,834
2025-11-07 08:00:00+00:00,2414.60009765625,2415.0,2414.300048828125,2414.5,464
2025-11-07 08:01:00+00:00,2415.10009765625,2415.39990234375,2414.0,2414.0,522
2025-11-07 08:02:00+00:00,2415.800048828125,2415.800048828125,2414.5,2415.39990234375,1145
2025-11-07 08:03:00+00:00,2416.300048828125,2416.300048828125,2415.0,2415.10009765625,679
2025-11-07 08:04:00+00:00,2416.39990234375,2416.800048828125,2416.0,2416.0,483
2025-11-07 08:05:00+00:00,2414.89990234375,2417.0,2414.89990234375,2417.0,4836
2025-11-07 08:06:00+00:00,2415.5,2415.800048828125,2414.800048828125,2415.5,1258
2025-11-07 08:07:00+00:00,2414.199951171875,2415.300048828125,2414.10009765625,2415.300048828125,637
2025-11-07 08:08:00+00:00,2415.39990234375,2415.5,2414.0,2414.0,734
2025-11-07 08:09:00+00:00,2414.89990234375,2415.5,2414.5,2414.5,1748
2025-11-07 08:10:00+00:00,2415.10009765625,2416.0,2415.0,2415.0,814
2025-11-07 08:11:00+00:00,2417.0,2417.0,2415.5,2415.5,664
2025-11-07 08:12:00+00:00,2416.0,2417.0,2416.0,2416.10009765625,1475
2025-11-07 08:13:00+00:00,2416.300048828125,2416.60009765625,2416.0,2416.10009765625,512
2025-11-07 08:14:00+00:00,2415.800048828125,2416.39990234375,2415.60009765625,2416.300048828125,791
2025-11-07 08:15:00+00:00,2416.39990234375,2417.0,2415.699951171875,2415.699951171875,742
2025-11-07 08:16:00+00:00,2416.60009765625,2416.60009765625,2415.300048828125,2416.0,4348
2025-11-07 08:17:00+00:00,2416.0,2416.699951171875,2416.0,2416.60009765625,1041
2025-11-07 08:18:00+00:00,2416.10009765625,2416.5,2416.0,2416.0,777
2025-11-07 08:19:00+00:00,2416.60009765625,2416.699951171875,2416.0,2416.0,568
2025-11-07 08:20:00+00:00,2416.89990234375,2417.0,2416.5,2416.60009765625,715
2025-11-07 08:21:00+00:00,2416.89990234375,2417.0,2416.5,2416.5,846
2025-11-07 08:22:00+00:00,2415.800048828125,2417.0,2415.800048828125,2416.5,5195
2025-11-07 08:23:00+00:00,2414.300048828125,2415.800048828125,2414.199951171875,2415.0,1154
2025-11-07 08:24:00+00:00,2414.5,2415.0,2414.300048828125,2415.0,833
2025-11-07 08:25:00+00:00,2413.0,2414.5,2413.0,2414.39990234375,1429
2025-11-07 08:26:00+00:00,2413.0,2414.10009765625,2412.699951171875,2412.699951171875,1120
2025-11-07 08:27:00+00:00,2413.0,2413.699951171875,2412.0,2412.699951171875,681
2025-11-07 08:28:00+00:00,2412.199951171875,2413.0,2412.199951171875,2413.0,719
2025-11-07 08:29:00+00:00,2413.0,2413.0,2411.89990234375,2411.89990234375,560
2025-11-07 08:30:00+00:00,2412.89990234375,2413.39990234375,2412.199951171875,2413.39990234375,1629
2025-11-07 08:31:00+00:00,2411.89990234375,2413.5,2411.0,2412.89990234375,5847
2025-11-07 08:32:00+00:00,2412.0,2412.39990234375,2411.5,2411.5,805
2025-11-07 08:33:00+00:00,2411.60009765625,2412.199951171875,2411.39990234375,2412.0,571
2025-11-07 08:34:00+00:00,2411.60009765625,2412.0,2411.5,2412.0,639
2025-11-07 08:35:00+00:00,2411.0,2411.699951171875,2411.0,2411.5,1521
2025-11-07 08:36:00+00:00,2411.0,2412.0,2410.39990234375,2410.5,1214
2025-11-07 08:37:00+00:00,2412.39990234375,2412.5,2411.0,2411.0,1014
2025-11-07 08:38:00+00:00,2412.5,2412.60009765625,2412.0,2412.300048828125,932
2025-11-07 08:39:00+00:00,2413.300048828125,2413.60009765625,2412.699951171875,2412.699951171875,591
2025-11-07 08:40:00+00:00,2412.800048828125,2413.800048828125,2412.199951171875,2413.300048828125,847
2025-11-07 08:41:00+00:00,2410.699951171875,2413.199951171875,2410.699951171875,2411.89990234375,906
2025-11-07 08:42:00+00:00,2411.0,2412.60009765625,2411.0,2411.199951171875,1008
2025-11-07 08:43:00+00:00,2411.0,2411.89990234375,2411.0,2411.39990234375,677
2025-11-07 08:44:00+00:00,2411.60009765625,2411.800048828125,2410.800048828125,2410.800048828125,488
2025-11-07 08:45:00+00:00,2411.199951171875,2411.800048828125,2410.89990234375,2411.800048828125,828
2025-11-07 08:46:00+00:00,2411.199951171875,2412.0,2411.10009765625,2411.199951171875,657
2025-11-07 08:47:00+00:00,2411.0,2411.60009765625,2410.60009765625,2411.199951171875,1975
2025-11-07 08:48:00+00:00,2411.39990234375,2411.60009765625,2410.89990234375,2410.89990234375,856
2025-11-07 08:49:00+00:00,2411.60009765625,2412.199951171875,2411.39990234375,2411.39990234375,1107
2025-11-07 08:50:00+00:00,2411.89990234375,2412.199951171875,2411.60009765625,2412.199951171875,747
2025-11-07 08:51:00+00:00,2412.5,2412.89990234375,2411.39990234375,2411.39990234375,758
2025-11-07 08:52:00+00:00,2412.800048828125,2413.0,2411.89990234375,2412.89990234375,1099
2025-11-07 08:53:00+00:00,2414.0,2414.300048828125,2412.89990234375,2412.89990234375,1065
2025-11-07 08:54:00+00:00,2414.5,2414.5,2413.39990234375,2413.89990234375,941
2025-11-07 08:55:00+00:00,2414.39990234375,2414.5,2413.699951171875,2414.199951171875,684
2025-11-07 08:56:00+00:00,2414.39990234375,2414.5,2413.699951171875,2414.39990234375,1135
2025-11-07 08:57:00+00:00,2414.199951171875,2414.5,2414.0,2414.5,1076
2025-11-07 08:58:00+00:00,2414.39990234375,2414.5,2414.199951171875,2414.199951171875,636
2025-11-07 08:59:00+00:00,2415.0,2415.0,2414.10009765625,2414.199951171875,1291
2025-11-07 09:00:00+00:00,2414.5,2415.10009765625,2414.39990234375,2414.800048828125,1329
2025-11-07 09:01:00+00:00,2414.699951171875,2415.10009765625,2414.10009765625,2414.800048828125,728
2025-11-07 09:02:00+00:00,2414.10009765625,2414.89990234375,2414.0,2414.800048828125,702
2025-11-07 09:03:00+00:00,2414.10009765625,2415.10009765625,2414.10009765625,2414.10009765625,685
2025-11-07 09:04:00+00:00,2414.10009765625,2415.10009765625,2414.10009765625,2414.699951171875,1054
2025-11-07 09:05:00+00:00,2414.699951171875,2414.699951171875,2414.0,2414.10009765625,879
2025-11-07 09:06:00+00:00,2414.699951171875,2415.0,2414.10009765625,2414.10009765625,911
2025-11-07 09:07:00+00:00,2414.10009765625,2415.10009765625,2414.0,2414.199951171875,970
2025-11-07 09:08:00+00:00,2414.10009765625,2415.0,2414.0,2415.0,1222
2025-11-07 09:09:00+00:00,2414.300048828125,2415.10009765625,2414.10009765625,2414.10009765625,629
2025-11-07 09:10:00+00:00,2414.5,2415.10009765625,2414.300048828125,2414.800048828125,855
2025-11-07 09:11:00+00:00,2413.5,2414.699951171875,2413.10009765625,2414.699951171875,1507
2025-11-07 09:12:00+00:00,2413.60009765625,2414.5,2413.199951171875,2413.199951171875,800
2025-11-07 09:13:00+00:00,2414.800048828125,2414.800048828125,2413.10009765625,2413.699951171875,1434
2025-11-07 09:14:00+00:00,2415.199951171875,2415.60009765625,2415.0,2415.39990234375,1945
2025-11-07 09:15:00+00:00,2415.89990234375,2416.0,2415.10009765625,2415.699951171875,969
2025-11-07 09:16:00+00:00,2416.199951171875,2416.800048828125,2416.199951171875,2416.800048828125,841
2025-11-07 09:17:00+00:00,2416.5,2416.89990234375,2415.89990234375,2415.89990234375,1443
2025-11-07 09:18:00+00:00,2416.699951171875,2416.800048828125,2416.5,2416.800048828125,627
2025-11-07 09:19:00+00:00,2417.10009765625,2417.39990234375,2416.800048828125,2416.800048828125,3240
2025-11-07 09:20:00+00:00,2417.10009765625,2417.199951171875,2417.0,2417.0,921
2025-11-07 09:21:00+00:00,2417.39990234375,2417.39990234375,2417.0,2417.0,1829
2025-11-07 09:22:00+00:00,2417.199951171875,2417.5,2417.0,2417.10009765625,12612
2025-11-07 09:23:00+00:00,2417.0,2417.300048828125,2416.800048828125,2417.300048828125,4013
2025-11-07 09:24:00+00:00,2416.699951171875,2416.89990234375,2415.60009765625,2416.89990234375,2455
2025-11-07 09:25:00+00:00,2415.699951171875,2416.60009765625,2415.39990234375,2416.60009765625,1354
2025-11-07 09:26:00+00:00,2415.60009765625,2416.60009765625,2415.5,2416.39990234375,1725
2025-11-07 09:27:00+00:00,2415.60009765625,2416.699951171875,2415.60009765625,2416.39990234375,1750
2025-11-07 09:28:00+00:00,2416.60009765625,2416.60009765625,2415.60009765625,2415.60009765625,1932
2025-11-07 09:29:00+00:00,2416.60009765625,2416.800048828125,2415.199951171875,2415.5,2992
2025-11-07 09:30:00+00:00,2414.800048828125,2416.60009765625,2414.800048828125,2416.5,5104
2025-11-07 09:31:00+00:00,2412.10009765625,2414.60009765625,2412.10009765625,2414.60009765625,5278
2025-11-07 09:32:00+00:00,2412.0,2412.10009765625,2411.800048828125,2412.10009765625,11921
2025-11-07 09:33:00+00:00,2411.699951171875,2412.10009765625,2411.699951171875,2412.10009765625,3946
2025-11-07 09:34:00+00:00,2413.60009765625,2413.699951171875,2411.5,2411.800048828125,12269
2025-11-07 09:35:00+00:00,2413.300048828125,2413.60009765625,2413.300048828125,2413.60009765625,4723
2025-11-07 09:36:00+00:00,2413.0,2413.300048828125,2412.800048828125,2413.300048828125,3824
2025-11-07 09:37:00+00:00,2412.0,2412.800048828125,2411.800048828125,2412.800048828125,6590
2025-11-07 09:38:00+00:00,2413.0,2413.699951171875,2412.10009765625,2413.699951171875,17434
2025-11-07 09:39:00+00:00,2411.60009765625,2412.199951171875,2411.5,2412.199951171875,4507
2025-11-07 09:40:00+00:00,2413.10009765625,2413.800048828125,2411.800048828125,2411.800048828125,10556
2025-11-07 09:41:00+00:00,2412.300048828125,2413.10009765625,2412.300048828125,2413.10009765625,2742
2025-11-07 09:42:00+00:00,2412.300048828125,2412.39990234375,2412.199951171875,2412.39990234375,6028
2025-11-07 09:43:00+00:00,2412.0,2412.199951171875,2411.89990234375,2412.199951171875,4199
2025-11-07 09:44:00+00:00,2415.0,2415.0,2411.800048828125,2412.0,15684
2025-11-07 09:45:00+00:00,2416.60009765625,2416.60009765625,2415.10009765625,2415.10009765625,7520
2025-11-07 09:46:00+00:00,2416.60009765625,2417.10009765625,2415.800048828125,2416.60009765625,18913
2025-11-07 09:47:00+00:00,2415.89990234375,2416.699951171875,2415.699951171875,2416.699951171875,4029
2025-11-07 09:48:00+00:00,2415.300048828125,2415.800048828125,2415.300048828125,2415.800048828125,3763
2025-11-07 09:49:00+00:00,2414.800048828125,2415.300048828125,2414.800048828125,2415.10009765625,4384
2025-11-07 09:50:00+00:00,2414.0,2414.39990234375,2414.0,2414.39990234375,4737
2025-11-07 09:51:00+00:00,2414.300048828125,2415.89990234375,2413.89990234375,2414.300048828125,20380
2025-11-07 09:52:00+00:00,2415.60009765625,2416.60009765625,2414.699951171875,2415.60009765625,11704
2025-11-07 09:53:00+00:00,2415.5,2415.60009765625,2414.699951171875,2415.199951171875,2277
2025-11-07 09:54:00+00:00,2416.199951171875,2416.199951171875,2415.60009765625,2415.60009765625,4209
2025-11-07 09:55:00+00:00,2416.0,2416.5,2416.0,2416.5,4084
2025-11-07 09:56:00+00:00,2415.300048828125,2415.89990234375,2415.0,2415.89990234375,4441
2025-11-07 09:57:00+00:00,2414.300048828125,2415.199951171875,2414.300048828125,2415.199951171875,6325
2025-11-07 09:58:00+00:00,2415.0,2415.300048828125,2413.800048828125,2414.199951171875,6506
2025-11-07 09:59:00+00:00,2416.800048828125,2416.800048828125,2415.0,2415.0,2085
2025-11-10 03:45:00+00:00,2421.699951171875,2425.300048828125,2406.10009765625,2406.10009765625,0
2025-11-10 03:46:00+00:00,2419.0,2422.5,2417.699951171875,2420.60009765625,4321
2025-11-10 03:47:00+00:00,2423.300048828125,2423.300048828125,2416.0,2416.199951171875,2343
2025-11-10 03:48:00+00:00,2422.39990234375,2422.800048828125,2418.5,2421.10009765625,3357
2025-11-10 03:49:00+00:00,2420.0,2421.800048828125,2419.10009765625,2421.800048828125,2246
2025-11-10 03:50:00+00:00,2422.5,2424.300048828125,2419.5,2419.699951171875,3591
2025-11-10 03:51:00+00:00,2422.39990234375,2423.699951171875,2420.199951171875,2422.5,2778
2025-11-10 03:52:00+00:00,2419.199951171875,2421.199951171875,2419.199951171875,2421.0,1174
2025-11-10 03:53:00+00:00,2419.300048828125,2420.0,2418.39990234375,2419.10009765625,1401
2025-11-10 03:54:00+00:00,2418.699951171875,2419.89990234375,2418.699951171875,2419.89990234375,868
2025-11-10 03:55:00+00:00,2420.10009765625,2420.60009765625,2419.0,2419.60009765625,1122
2025-11-10 03:56:00+00:00,2420.39990234375,2421.199951171875,2419.5,2419.5,2022
2025-11-10 03:57:00+00:00,2422.800048828125,2422.800048828125,2420.39990234375,2420.39990234375,630
2025-11-10 03:58:00+00:00,2423.300048828125,2425.39990234375,2422.89990234375,2423.0,3460
2025-11-10 03:59:00+00:00,2425.89990234375,2425.89990234375,2423.199951171875,2423.39990234375,783
2025-11-10 04:00:00+00:00,2424.300048828125,2426.0,2424.300048828125,2424.60009765625,1579
2025-11-10 04:01:00+00:00,2425.0,2425.5,2424.39990234375,2424.39990234375,515
2025-11-10 04:02:00+00:00,2423.0,2426.0,2423.0,2426.0,1400
2025-11-10 04:03:00+00:00,2421.300048828125,2423.0,2421.300048828125,2423.0,590
2025-11-10 04:04:00+00:00,2425.10009765625,2425.39990234375,2421.800048828125,2421.800048828125,1789
2025-11-10 04:05:00+00:00,2424.60009765625,2425.60009765625,2424.5,2425.39990234375,1667
2025-11-10 04:06:00+00:00,2424.300048828125,2426.10009765625,2424.10009765625,2425.0,1831
2025-11-10 04:07:00+00:00,2423.39990234375,2425.10009765625,2423.39990234375,2425.0,745
2025-11-10 04:08:00+00:00,2424.0,2424.699951171875,2422.5,2424.699951171875,335
2025-11-10 04:09:00+00:00,2422.0,2424.0,2422.0,2423.5,289
2025-11-10 04:10:00+00:00,2421.0,2423.39990234375,2420.89990234375,2423.39990234375,816
2025-11-10 04:11:00+00:00,2420.39990234375,2421.60009765625,2420.39990234375,2420.5,396
2025-11-10 04:12:00+00:00,2420.800048828125,2420.800048828125,2420.39990234375,2420.800048828125,79
2025-11-10 04:13:00+00:00,2418.800048828125,2421.199951171875,2418.699951171875,2421.199951171875,2944
2025-11-10 04:14:00+00:00,2418.10009765625,2419.60009765625,2418.0,2418.800048828125,435
2025-11-10 04:15:00+00:00,2420.800048828125,2420.800048828125,2419.0,2419.199951171875,437
2025-11-10 04:16:00+00:00,2423.300048828125,2423.699951171875,2421.0,2421.0,417
2025-11-10 04:17:00+00:00,2424.699951171875,2424.699951171875,2423.699951171875,2423.699951171875,414
2025-11-10 04:18:00+00:00,2425.10009765625,2425.10009765625,2423.800048828125,2424.10009765625,916
2025-11-10 04:19:00+00:00,2423.39990234375,2424.10009765625,2423.39990234375,2424.10009765625,407
2025-11-10 04:20:00+00:00,2423.89990234375,2424.0,2422.89990234375,2422.89990234375,745
2025-11-10 04:21:00+00:00,2424.699951171875,2424.699951171875,2423.39990234375,2423.800048828125,610
2025-11-10 04:22:00+00:00,2424.699951171875,2424.699951171875,2423.60009765625,2424.0,472
2025-11-10 04:23:00+00:00,2426.0,2426.199951171875,2424.5,2424.699951171875,898
2025-11-10 04:24:00+00:00,2425.0,2426.0,2425.0,2426.0,1178
2025-11-10 04:25:00+00:00,2424.5,2425.10009765625,2424.5,2424.60009765625,356
2025-11-10 04:26:00+00:00,2424.5,2424.699951171875,2424.5,2424.699951171875,218
2025-11-10 04:27:00+00:00,2425.699951171875,2425.699951171875,2424.199951171875,2424.60009765625,2003
2025-11-10 04:28:00+00:00,2425.800048828125,2426.10009765625,2424.699951171875,2425.699951171875,1374
2025-11-10 04:29:00+00:00,2424.0,2425.0,2424.0,2424.800048828125,1526
2025-11-10 04:30:00+00:00,2425.39990234375,2426.10009765625,2424.60009765625,2424.60009765625,252
2025-11-10 04:31:00+00:00,2424.89990234375,2426.0,2424.89990234375,2426.0,477
2025-11-10 04:32:00+00:00,2424.5,2425.300048828125,2424.0,2425.0,641
2025-11-10 04:33:00+00:00,2425.10009765625,2425.10009765625,2424.0,2424.199951171875,629
2025-11-10 04:34:00+00:00,2423.5,2425.10009765625,2423.5,2425.10009765625,732
2025-11-10 04:35:00+00:00,2424.39990234375,2424.800048828125,2423.60009765625,2423.60009765625,310
2025-11-10 04:36:00+00:00,2423.60009765625,2424.10009765625,2423.5,2424.10009765625,162
2025-11-10 04:37:00+00:00,2424.199951171875,2424.39990234375,2423.10009765625,2423.10009765625,250
2025-11-10 04:38:00+00:00,2425.300048828125,2425.699951171875,2424.199951171875,2424.199951171875,1476
2025-11-10 04:39:00+00:00,2424.60009765625,2426.0,2424.199951171875,2425.800048828125,282
2025-11-10 04:40:00+00:00,2425.0,2425.5,2424.10009765625,2424.10009765625,363
2025-11-10 04:41:00+00:00,2424.5,2424.5,2423.199951171875,2424.5,218
2025-11-10 04:42:00+00:00,2424.300048828125,2424.5,2423.199951171875,2423.5,144
2025-11-10 04:43:00+00:00,2423.0,2424.800048828125,2423.0,2424.800048828125,421
2025-11-10 04:44:00+00:00,2422.60009765625,2423.10009765625,2421.89990234375,2422.300048828125,807
2025-11-10 04:45:00+00:00,2423.89990234375,2423.89990234375,2422.60009765625,2422.60009765625,239
2025-11-10 04:46:00+00:00,2424.800048828125,2424.89990234375,2423.5,2423.89990234375,422
2025-11-10 04:47:00+00:00,2426.0,2426.0,2424.5,2425.0,2384
2025-11-10 04:48:00+00:00,2428.800048828125,2428.800048828125,2425.10009765625,2425.10009765625,1583
2025-11-10 04:49:00+00:00,2426.60009765625,2429.300048828125,2425.699951171875,2428.800048828125,2368
2025-11-10 04:50:00+00:00,2425.699951171875,2426.89990234375,2425.199951171875,2426.89990234375,395
2025-11-10 04:51:00+00:00,2425.39990234375,2426.39990234375,2425.0,2425.699951171875,1103
2025-11-10 04:52:00+00:00,2425.199951171875,2426.300048828125,2425.0,2425.0,733
2025-11-10 04:53:00+00:00,2424.39990234375,2426.199951171875,2424.199951171875,2426.199951171875,454
2025-11-10 04:54:00+00:00,2425.10009765625,2425.5,2425.0,2425.0,283
2025-11-10 04:55:00+00:00,2423.89990234375,2425.10009765625,2423.300048828125,2425.10009765625,913
2025-11-10 04:56:00+00:00,2423.199951171875,2424.5,2423.10009765625,2423.199951171875,465
2025-11-10 04:57:00+00:00,2424.800048828125,2424.89990234375,2423.300048828125,2423.300048828125,508
2025-11-10 04:58:00+00:00,2424.89990234375,2425.39990234375,2423.800048828125,2424.800048828125,234
2025-11-10 04:59:00+00:00,2424.0,2425.0,2423.699951171875,2424.800048828125,377
2025-11-10 05:00:00+00:00,2423.199951171875,2424.199951171875,2423.199951171875,2424.199951171875,410
2025-11-10 05:01:00+00:00,2423.699951171875,2424.0,2423.199951171875,2424.0,222
2025-11-10 05:02:00+00:00,2425.60009765625,2425.60009765625,2423.5,2424.300048828125,314
2025-11-10 05:03:00+00:00,2425.10009765625,2426.199951171875,2424.89990234375,2426.0,332
2025-11-10 05:04:00+00:00,2425.89990234375,2426.60009765625,2425.300048828125,2425.800048828125,969
2025-11-10 05:05:00+00:00,2424.300048828125,2425.699951171875,2424.300048828125,2425.0,447
2025-11-10 05:06:00+00:00,2424.699951171875,2425.300048828125,2424.0,2425.0,426
2025-11-10 05:07:00+00:00,2424.699951171875,2425.0,2424.5,2424.699951171875,375
2025-11-10 05:08:00+00:00,2424.699951171875,2425.39990234375,2424.300048828125,2424.699951171875,191
2025-11-10 05:09:00+00:00,2424.0,2425.0,2424.0,2424.5,360
2025-11-10 05:10:00+00:00,2424.0,2424.300048828125,2424.0,2424.300048828125,239
2025-11-10 05:11:00+00:00,2424.0,2424.89990234375,2424.0,2424.60009765625,261
2025-11-10 05:12:00+00:00,2424.0,2424.89990234375,2423.699951171875,2424.89990234375,178
2025-11-10 05:13:00+00:00,2423.10009765625,2424.0,2422.199951171875,2424.0,1008
2025-11-10 05:14:00+00:00,2422.199951171875,2423.300048828125,2422.199951171875,2423.199951171875,254
2025-11-10 05:15:00+00:00,2421.89990234375,2422.800048828125,2420.5,2422.800048828125,677
2025-11-10 05:16:00+00:00,2422.300048828125,2422.300048828125,2420.5,2422.300048828125,515
2025-11-10 05:17:00+00:00,2422.89990234375,2422.89990234375,2421.199951171875,2422.300048828125,551
2025-11-10 05:18:00+00:00,2422.199951171875,2422.699951171875,2421.800048828125,2422.699951171875,606
2025-11-10 05:19:00+00:00,2422.300048828125,2423.300048828125,2422.300048828125,2422.5,259
2025-11-10 05:20:00+00:00,2422.10009765625,2423.0,2421.0,2423.0,849
2025-11-10 05:21:00+00:00,2420.699951171875,2421.300048828125,2420.699951171875,2420.699951171875,394
2025-11-10 05:22:00+00:00,2421.800048828125,2421.800048828125,2420.699951171875,2421.60009765625,306
2025-11-10 05:23:00+00:00,2421.199951171875,2421.800048828125,2421.199951171875,2421.699951171875,380
2025-11-10 05:24:00+00:00,2421.199951171875,2421.699951171875,2420.699951171875,2420.699951171875,836
2025-11-10 05:25:00+00:00,2422.699951171875,2422.699951171875,2421.300048828125,2421.300048828125,401
2025-11-10 05:26:00+00:00,2422.699951171875,2423.10009765625,2421.89990234375,2421.89990234375,360
2025-11-10 05:27:00+00:00,2422.300048828125,2422.699951171875,2422.300048828125,2422.300048828125,261
2025-11-10 05:28:00+00:00,2421.699951171875,2422.0,2421.10009765625,2422.0,2125
2025-11-10 05:29:00+00:00,2421.199951171875,2421.699951171875,2421.199951171875,2421.39990234375,232
2025-11-10 05:30:00+00:00,2421.699951171875,2422.300048828125,2421.199951171875,2421.199951171875,679
2025-11-10 05:31:00+00:00,2420.699951171875,2421.300048828125,2420.39990234375,2420.39990234375,450
2025-11-10 05:32:00+00:00,2420.0,2421.10009765625,2420.0,2420.699951171875,471
2025-11-10 05:33:00+00:00,2419.800048828125,2420.5,2419.800048828125,2420.0,894
2025-11-10 05:34:00+00:00,2419.199951171875,2419.39990234375,2418.60009765625,2418.699951171875,1067
2025-11-10 05:35:00+00:00,2418.0,2419.39990234375,2417.199951171875,2419.199951171875,1430
2025-11-10 05:36:00+00:00,2417.300048828125,2418.60009765625,2417.199951171875,2418.60009765625,629
2025-11-10 05:37:00+00:00,2419.0,2419.0,2417.10009765625,2417.10009765625,471
2025-11-10 05:38:00+00:00,2419.89990234375,2419.89990234375,2419.0,2419.0,6179
2025-11-10 05:39:00+00:00,2421.0,2421.5,2420.39990234375,2420.89990234375,393
2025-11-10 05:40:00+00:00,2420.60009765625,2421.0,2420.5,2420.800048828125,875
2025-11-10 05:41:00+00:00,2421.300048828125,2421.60009765625,2420.5,2420.5,290
2025-11-10 05:42:00+00:00,2420.5,2421.300048828125,2419.800048828125,2421.300048828125,756
2025-11-10 05:43:00+00:00,2420.60009765625,2421.0,2420.0,2420.0,297
2025-11-10 05:44:00+00:00,2420.10009765625,2420.89990234375,2420.10009765625,2420.60009765625,273
2025-11-10 05:45:00+00:00,2419.39990234375,2420.60009765625,2419.39990234375,2420.60009765625,698
2025-11-10 05:46:00+00:00,2419.10009765625,2420.199951171875,2418.10009765625,2419.39990234375,1033
2025-11-10 05:47:00+00:00,2419.300048828125,2419.699951171875,2418.60009765625,2419.10009765625,489
2025-11-10 05:48:00+00:00,2419.10009765625,2419.5,2418.60009765625,2419.300048828125,326
2025-11-10 05:49:00+00:00,2420.5,2420.89990234375,2419.800048828125,2420.199951171875,887
2025-11-10 05:50:00+00:00,2421.0,2421.0,2420.0,2420.0,696
2025-11-10 05:51:00+00:00,2421.60009765625,2422.800048828125,2420.10009765625,2420.10009765625,696
2025-11-10 05:52:00+00:00,2420.300048828125,2422.300048828125,2419.10009765625,2422.300048828125,502
2025-11-10 05:53:00+00:00,2420.5,2420.89990234375,2419.10009765625,2419.5,489
2025-11-10 05:54:00+00:00,2421.0,2421.10009765625,2419.5,2419.5,456
2025-11-10 05:55:00+00:00,2420.199951171875,2421.10009765625,2420.0,2420.10009765625,403
2025-11-10 05:56:00+00:00,2420.39990234375,2421.10009765625,2420.300048828125,2421.0,357
2025-11-10 05:57:00+00:00,2419.89990234375,2420.800048828125,2419.60009765625,2420.39990234375,367
2025-11-10 05:58:00+00:00,2420.0,2420.60009765625,2419.5,2419.89990234375,184
2025-11-10 05:59:00+00:00,2419.5,2420.0,2419.5,2420.0,379
2025-11-10 06:00:00+00:00,2418.60009765625,2420.0,2418.60009765625,2420.0,433
2025-11-10 06:01:00+00:00,2418.0,2418.89990234375,2418.0,2418.5,492
2025-11-10 06:02:00+00:00,2417.199951171875,2418.0,2417.199951171875,2418.0,573
2025-11-10 06:03:00+00:00,2417.0,2418.199951171875,2416.89990234375,2417.0,1094
2025-11-10 06:04:00+00:00,2417.199951171875,2418.300048828125,2416.300048828125,2416.800048828125,953
2025-11-10 06:05:00+00:00,2417.0,2417.60009765625,2416.5,2417.60009765625,871
2025-11-10 06:06:00+00:00,2417.10009765625,2417.800048828125,2417.0,2417.0,1121
2025-11-10 06:07:00+00:00,2417.0,2418.0,2416.60009765625,2417.199951171875,796
2025-11-10 06:08:00+00:00,2416.5,2417.0,2416.5,2417.0,659
2025-11-10 06:09:00+00:00,2417.699951171875,2418.199951171875,2416.60009765625,2416.60009765625,2259
2025-11-10 06:10:00+00:00,2418.0,2418.10009765625,2417.0,2417.10009765625,694
2025-11-10 06:11:00+00:00,2417.800048828125,2418.0,2417.5,2417.5,318
2025-11-10 06:12:00+00:00,2418.0,2418.10009765625,2418.0,2418.0,460
2025-11-10 06:13:00+00:00,2417.10009765625,2418.89990234375,2417.10009765625,2418.0,1248
2025-11-10 06:14:00+00:00,2417.800048828125,2417.800048828125,2417.0,2417.5,689
2025-11-10 06:15:00+00:00,2418.0,2418.800048828125,2417.300048828125,2417.39990234375,1121
2025-11-10 06:16:00+00:00,2418.0,2418.800048828125,2417.39990234375,2417.89990234375,768
2025-11-10 06:17:00+00:00,2417.300048828125,2418.10009765625,2417.300048828125,2417.60009765625,326
2025-11-10 06:18:00+00:00,2417.800048828125,2417.89990234375,2417.300048828125,2417.300048828125,586
2025-11-10 06:19:00+00:00,2417.300048828125,2418.0,2417.300048828125,2418.0,744
2025-11-10 06:20:00+00:00,2419.5,2419.5,2417.699951171875,2417.699951171875,1037
2025-11-10 06:21:00+00:00,2418.60009765625,2420.10009765625,2418.60009765625,2419.89990234375,1826
2025-11-10 06:22:00+00:00,2418.10009765625,2419.10009765625,2418.10009765625,2418.60009765625,552
2025-11-10 06:23:00+00:00,2417.60009765625,2418.0,2417.300048828125,2418.0,1163
2025-11-10 06:24:00+00:00,2417.0,2417.800048828125,2417.0,2417.10009765625,377
2025-11-10 06:25:00+00:00,2417.60009765625,2417.699951171875,2417.0,2417.0,464
2025-11-10 06:26:00+00:00,2417.0,2417.800048828125,2417.0,2417.60009765625,363
2025-11-10 06:27:00+00:00,2416.89990234375,2417.199951171875,2416.699951171875,2417.0,520
2025-11-10 06:28:00+00:00,2417.39990234375,2417.60009765625,2416.89990234375,2416.89990234375,654
2025-11-10 06:29:00+00:00,2416.699951171875,2417.89990234375,2416.60009765625,2417.300048828125,363
2025-11-10 06:30:00+00:00,2417.5,2418.0,2416.699951171875,2416.699951171875,803
2025-11-10 06:31:00+00:00,2416.89990234375,2419.39990234375,2416.89990234375,2417.300048828125,1352
2025-11-10 06:32:00+00:00,2417.10009765625,2418.0,2416.89990234375,2417.0,652
2025-11-10 06:33:00+00:00,2417.10009765625,2418.60009765625,2416.800048828125,2417.10009765625,600
2025-11-10 06:34:00+00:00,2418.699951171875,2418.699951171875,2417.0,2417.0,1408
2025-11-10 06:35:00+00:00,2416.699951171875,2418.800048828125,2416.0,2417.699951171875,12675
2025-11-10 06:36:00+00:00,2416.800048828125,2417.5,2416.10009765625,2416.300048828125,720
2025-11-10 06:37:00+00:00,2415.300048828125,2416.60009765625,2415.0,2416.199951171875,973
2025-11-10 06:38:00+00:00,2415.89990234375,2416.0,2415.0,2415.300048828125,1107
2025-11-10 06:39:00+00:00,2415.0,2415.89990234375,2414.39990234375,2415.10009765625,868
2025-11-10 06:40:00+00:00,2415.800048828125,2417.199951171875,2415.800048828125,2415.800048828125,617
2025-11-10 06:41:00+00:00,2416.39990234375,2417.0,2415.60009765625,2415.800048828125,419
2025-11-10 06:42:00+00:00,2415.800048828125,2416.89990234375,2415.800048828125,2416.5,1608
2025-11-10 06:43:00+00:00,2416.10009765625,2416.699951171875,2415.60009765625,2415.60009765625,602
2025-11-10 06:44:00+00:00,2415.300048828125,2415.89990234375,2415.300048828125,2415.300048828125,788
2025-11-10 06:45:00+00:00,2416.199951171875,2416.199951171875,2415.300048828125,2415.5,787
2025-11-10 06:46:00+00:00,2415.0,2416.10009765625,2415.0,2416.10009765625,568
2025-11-10 06:47:00+00:00,2414.300048828125,2415.300048828125,2414.300048828125,2415.199951171875,683
2025-11-10 06:48:00+00:00,2414.300048828125,2414.800048828125,2414.0,2414.300048828125,4201
2025-11-10 06:49:00+00:00,2415.0,2415.0,2414.199951171875,2414.300048828125,674
2025-11-10 06:50:00+00:00,2414.39990234375,2415.39990234375,2414.199951171875,2415.0,678
2025-11-10 06:51:00+00:00,2414.39990234375,2415.5,2414.39990234375,2415.5,663
2025-11-10 06:52:00+00:00,2414.5,2415.0,2414.39990234375,2414.39990234375,588
2025-11-10 06:53:00+00:00,2414.5,2414.89990234375,2414.39990234375,2414.5,422
2025-11-10 06:54:00+00:00,2414.60009765625,2415.300048828125,2414.39990234375,2414.39990234375,826
2025-11-10 06:55:00+00:00,2414.39990234375,2415.800048828125,2414.39990234375,2414.60009765625,899
2025-11-10 06:56:00+00:00,2415.10009765625,2415.60009765625,2414.39990234375,2414.5,923
2025-11-10 06:57:00+00:00,2415.0,2416.0,2415.0,2415.89990234375,842
2025-11-10 06:58:00+00:00,2415.0,2415.800048828125,2415.0,2415.10009765625,448
2025-11-10 06:59:00+00:00,2415.0,2415.199951171875,2415.0,2415.0,454
2025-11-10 07:00:00+00:00,2415.300048828125,2416.0,2415.10009765625,2415.199951171875,746
2025-11-10 07:01:00+00:00,2416.5,2417.800048828125,2415.39990234375,2415.39990234375,2786
2025-11-10 07:02:00+00:00,2417.199951171875,2417.39990234375,2416.0,2416.0,468
2025-11-10 07:03:00+00:00,2416.39990234375,2417.39990234375,2416.39990234375,2417.39990234375,388
2025-11-10 07:04:00+00:00,2415.699951171875,2416.89990234375,2415.699951171875,2416.39990234375,427
2025-11-10 07:05:00+00:00,2415.60009765625,2416.5,2415.60009765625,2415.89990234375,502
2025-11-10 07:06:00+00:00,2415.5,2416.699951171875,2415.5,2416.699951171875,524
2025-11-10 07:07:00+00:00,2416.0,2416.5,2415.89990234375,2416.5,804
2025-11-10 07:08:00+00:00,2416.5,2417.300048828125,2415.60009765625,2415.800048828125,931
2025-11-10 07:09:00+00:00,2417.199951171875,2417.5,2416.199951171875,2417.199951171875,535
2025-11-10 07:10:00+00:00,2416.39990234375,2417.39990234375,2416.39990234375,2416.800048828125,643
2025-11-10 07:11:00+00:00,2416.699951171875,2417.5,2416.39990234375,2417.5,1032
2025-11-10 07:12:00+00:00,2416.699951171875,2418.0,2416.699951171875,2416.800048828125,483
2025-11-10 07:13:00+00:00,2417.0,2417.300048828125,2416.5,2416.699951171875,434
2025-11-10 07:14:00+00:00,2416.800048828125,2417.39990234375,2416.5,2416.89990234375,612
2025-11-10 07:15:00+00:00,2416.89990234375,2417.39990234375,2416.5,2416.699951171875,407
2025-11-10 07:16:00+00:00,2416.89990234375,2417.39990234375,2416.5,2416.699951171875,504
2025-11-10 07:17:00+00:00,2418.39990234375,2418.39990234375,2416.89990234375,2417.10009765625,824
2025-11-10 07:18:00+00:00,2417.5,2418.39990234375,2417.5,2418.39990234375,387
2025-11-10 07:19:00+00:00,2417.699951171875,2418.39990234375,2417.5,2418.39990234375,1121
2025-11-10 07:20:00+00:00,2417.39990234375,2417.800048828125,2417.0,2417.800048828125,2158
2025-11-10 07:21:00+00:00,2416.5,2417.800048828125,2416.5,2417.800048828125,3899
2025-11-10 07:22:00+00:00,2415.5,2416.800048828125,2415.5,2416.699951171875,890
2025-11-10 07:23:00+00:00,2415.699951171875,2416.699951171875,2415.699951171875,2416.5,666
2025-11-10 07:24:00+00:00,2415.10009765625,2416.60009765625,2415.0,2416.60009765625,756
2025-11-10 07:25:00+00:00,2414.89990234375,2415.800048828125,2414.699951171875,2415.0,739
2025-11-10 07:26:00+00:00,2414.5,2415.39990234375,2414.39990234375,2414.89990234375,725
2025-11-10 07:27:00+00:00,2414.300048828125,2415.300048828125,2414.300048828125,2415.300048828125,685
2025-11-10 07:28:00+00:00,2415.39990234375,2415.39990234375,2414.39990234375,2415.10009765625,831
2025-11-10 07:29:00+00:00,2412.800048828125,2415.199951171875,2412.800048828125,2415.199951171875,4381
2025-11-10 07:30:00+00:00,2414.699951171875,2414.699951171875,2413.0,2413.199951171875,1107
2025-11-10 07:31:00+00:00,2414.39990234375,2415.10009765625,2413.800048828125,2414.89990234375,747
2025-11-10 07:32:00+00:00,2414.89990234375,2414.89990234375,2413.800048828125,2414.10009765625,788
2025-11-10 07:33:00+00:00,2413.89990234375,2414.699951171875,2413.60009765625,2413.800048828125,854
2025-11-10 07:34:00+00:00,2413.10009765625,2414.199951171875,2413.0,2413.89990234375,678
2025-11-10 07:35:00+00:00,2413.699951171875,2414.39990234375,2413.10009765625,2413.10009765625,827
2025-11-10 07:36:00+00:00,2413.39990234375,2414.60009765625,2413.300048828125,2414.300048828125,1097
2025-11-10 07:37:00+00:00,2414.39990234375,2414.39990234375,2413.300048828125,2413.300048828125,1262
2025-11-10 07:38:00+00:00,2414.300048828125,2415.199951171875,2414.0,2415.199951171875,1095
2025-11-10 07:39:00+00:00,2414.199951171875,2414.39990234375,2414.0,2414.10009765625,558
2025-11-10 07:40:00+00:00,2414.5,2415.39990234375,2414.10009765625,2414.10009765625,857
2025-11-10 07:41:00+00:00,2414.199951171875,2415.10009765625,2414.10009765625,2415.10009765625,579
2025-11-10 07:42:00+00:00,2414.800048828125,2415.10009765625,2414.0,2415.10009765625,853
2025-11-10 07:43:00+00:00,2414.39990234375,2415.300048828125,2414.0,2414.800048828125,989
2025-11-10 07:44:00+00:00,2414.39990234375,2414.800048828125,2414.0,2414.39990234375,570
2025-11-10 07:45:00+00:00,2415.199951171875,2415.300048828125,2414.10009765625,2414.10009765625,1075
2025-11-10 07:46:00+00:00,2415.89990234375,2417.10009765625,2415.0,2415.0,1916
2025-11-10 07:47:00+00:00,2416.10009765625,2417.0,2415.800048828125,2415.800048828125,830
2025-11-10 07:48:00+00:00,2416.39990234375,2416.800048828125,2416.0,2416.0,650
2025-11-10 07:49:00+00:00,2416.89990234375,2417.0,2416.0,2416.800048828125,657
2025-11-10 07:50:00+00:00,2416.800048828125,2417.0,2416.0,2416.800048828125,714
2025-11-10 07:51:00+00:00,2415.5,2417.0,2415.0,2416.800048828125,4729
2025-11-10 07:52:00+00:00,2415.89990234375,2416.60009765625,2414.89990234375,2415.5,1771
2025-11-10 07:53:00+00:00,2416.699951171875,2416.800048828125,2415.39990234375,2415.39990234375,957
2025-11-10 07:54:00+00:00,2415.5,2417.10009765625,2415.5,2416.699951171875,999
2025-11-10 07:55:00+00:00,2416.39990234375,2416.89990234375,2415.60009765625,2416.800048828125,1001
2025-11-10 07:56:00+00:00,2416.199951171875,2417.800048828125,2415.89990234375,2416.39990234375,1252
2025-11-10 07:57:00+00:00,2416.800048828125,2417.199951171875,2416.10009765625,2416.300048828125,732
2025-11-10 07:58:00+00:00,2416.699951171875,2417.0,2416.0,2416.300048828125,1174
2025-11-10 07:59:00+00:00,2415.60009765625,2416.699951171875,2415.5,2416.60009765625,1199
2025-11-10 08:00:00+00:00,2416.39990234375,2416.5,2415.300048828125,2416.39990234375,864
2025-11-10 08:01:00+00:00,2415.800048828125,2416.5,2415.300048828125,2416.0,609
2025-11-10 08:02:00+00:00,2415.60009765625,2416.300048828125,2415.5,2415.800048828125,892
2025-11-10 08:03:00+00:00,2415.60009765625,2416.800048828125,2415.5,2416.300048828125,983
2025-11-10 08:04:00+00:00,2415.0,2416.10009765625,2415.0,2415.60009765625,1110
2025-11-10 08:05:00+00:00,2415.10009765625,2415.89990234375,2415.0,2415.39990234375,919
2025-11-10 08:06:00+00:00,2415.0,2415.800048828125,2415.0,2415.0,857
2025-11-10 08:07:00+00:00,2415.0,2415.800048828125,2415.0,2415.10009765625,726
2025-11-10 08:08:00+00:00,2415.10009765625,2415.800048828125,2415.10009765625,2415.10009765625,732
2025-11-10 08:09:00+00:00,2415.199951171875,2416.39990234375,2415.0,2415.0,939
2025-11-10 08:10:00+00:00,2415.5,2416.199951171875,2415.0,2415.199951171875,671
2025-11-10 08:11:00+00:00,2412.5,2415.10009765625,2412.5,2415.10009765625,6337
2025-11-10 08:12:00+00:00,2411.10009765625,2412.89990234375,2410.800048828125,2412.10009765625,6663
2025-11-10 08:13:00+00:00,2410.10009765625,2411.10009765625,2410.0,2411.0,6143
2025-11-10 08:14:00+00:00,2410.10009765625,2410.800048828125,2410.0,2410.10009765625,1632
2025-11-10 08:15:00+00:00,2409.60009765625,2410.5,2409.39990234375,2410.39990234375,6273
2025-11-10 08:16:00+00:00,2410.39990234375,2411.0,2409.0,2410.39990234375,12250
2025-11-10 08:17:00+00:00,2406.0,2410.0,2405.89990234375,2408.89990234375,10353
2025-11-10 08:18:00+00:00,2408.300048828125,2409.5,2406.10009765625,2407.0,9306
2025-11-10 08:19:00+00:00,2409.0,2409.60009765625,2408.10009765625,2408.300048828125,1264
2025-11-10 08:20:00+00:00,2408.39990234375,2408.89990234375,2408.39990234375,2408.89990234375,1465
2025-11-10 08:21:00+00:00,2408.5,2409.10009765625,2408.39990234375,2409.10009765625,1480
2025-11-10 08:22:00+00:00,2408.39990234375,2408.800048828125,2408.39990234375,2408.39990234375,1915
2025-11-10 08:23:00+00:00,2408.89990234375,2409.0,2408.39990234375,2408.39990234375,1762
2025-11-10 08:24:00+00:00,2408.300048828125,2409.39990234375,2408.300048828125,2409.10009765625,1223
2025-11-10 08:25:00+00:00,2408.5,2409.5,2408.5,2408.699951171875,1281
2025-11-10 08:26:00+00:00,2408.0,2408.60009765625,2408.0,2408.60009765625,1434
2025-11-10 08:27:00+00:00,2408.5,2408.60009765625,2407.699951171875,2407.89990234375,1897
2025-11-10 08:28:00+00:00,2407.800048828125,2408.89990234375,2407.300048828125,2408.89990234375,1703
2025-11-10 08:29:00+00:00,2407.0,2407.800048828125,2406.39990234375,2407.800048828125,4150
2025-11-10 08:30:00+00:00,2407.39990234375,2407.89990234375,2407.0,2407.0,2110
2025-11-10 08:31:00+00:00,2407.199951171875,2407.89990234375,2407.0,2407.39990234375,1860
2025-11-10 08:32:00+00:00,2407.800048828125,2408.199951171875,2407.199951171875,2407.199951171875,2420
2025-11-10 08:33:00+00:00,2409.300048828125,2409.800048828125,2407.10009765625,2407.800048828125,3647
2025-11-10 08:34:00+00:00,2409.300048828125,2410.0,2409.0,2409.10009765625,6073
2025-11-10 08:35:00+00:00,2410.300048828125,2410.39990234375,2409.199951171875,2409.300048828125,5703
2025-11-10 08:36:00+00:00,2409.60009765625,2410.60009765625,2409.0,2410.300048828125,4800
2025-11-10 08:37:00+00:00,2409.10009765625,2410.199951171875,2409.10009765625,2409.60009765625,2058
2025-11-10 08:38:00+00:00,2409.39990234375,2409.89990234375,2409.0,2409.10009765625,1817
2025-11-10 08:39:00+00:00,2409.5,2410.0,2409.0,2409.39990234375,1667
2025-11-10 08:40:00+00:00,2410.10009765625,2410.10009765625,2409.0,2409.5,3083
2025-11-10 08:41:00+00:00,2409.199951171875,2410.199951171875,2409.0,2410.199951171875,3925
2025-11-10 08:42:00+00:00,2409.0,2409.699951171875,2408.89990234375,2409.10009765625,1607
2025-11-10 08:43:00+00:00,2409.0,2410.0,2409.0,2409.10009765625,1603
2025-11-10 08:44:00+00:00,2409.300048828125,2410.199951171875,2409.300048828125,2409.39990234375,1507
2025-11-10 08:45:00+00:00,2410.199951171875,2410.699951171875,2409.10009765625,2410.199951171875,1671
2025-11-10 08:46:00+00:00,2409.89990234375,2410.800048828125,2409.89990234375,2410.10009765625,2610
2025-11-10 08:47:00+00:00,2410.800048828125,2410.800048828125,2409.5,2410.0,1652
2025-11-10 08:48:00+00:00,2409.89990234375,2410.800048828125,2409.800048828125,2410.800048828125,1625
2025-11-10 08:49:00+00:00,2410.5,2411.0,2409.60009765625,2409.800048828125,1727
2025-11-10 08:50:00+00:00,2410.0,2410.800048828125,2409.89990234375,2410.5,7161
2025-11-10 08:51:00+00:00,2409.39990234375,2410.0,2409.39990234375,2410.0,1656
2025-11-10 08:52:00+00:00,2412.10009765625,2412.10009765625,2409.199951171875,2409.5,3889
2025-11-10 08:53:00+00:00,2411.89990234375,2412.800048828125,2411.5,2412.0,5779
2025-11-10 08:54:00+00:00,2410.10009765625,2412.0,2410.0,2411.89990234375,13200
2025-11-10 08:55:00+00:00,2410.0,2412.39990234375,2409.800048828125,2410.199951171875,4271
2025-11-10 08:56:00+00:00,2409.699951171875,2410.199951171875,2409.5,2410.199951171875,1574
2025-11-10 08:57:00+00:00,2409.5,2409.699951171875,2409.5,2409.699951171875,1662
2025-11-10 08:58:00+00:00,2410.0,2410.0,2409.5,2409.5,1506
2025-11-10 08:59:00+00:00,2409.699951171875,2410.0,2409.5,2410.0,1263
2025-11-10 09:00:00+00:00,2409.60009765625,2410.60009765625,2409.5,2409.699951171875,1929
2025-11-10 09:01:00+00:00,2409.10009765625,2409.60009765625,2409.10009765625,2409.60009765625,1324
2025-11-10 09:02:00+00:00,2409.0,2409.60009765625,2409.0,2409.39990234375,1596
2025-11-10 09:03:00+00:00,2410.300048828125,2410.60009765625,2409.10009765625,2409.10009765625,3256
2025-11-10 09:04:00+00:00,2410.0,2410.300048828125,2409.5,2410.300048828125,2129
2025-11-10 09:05:00+00:00,2409.60009765625,2410.699951171875,2409.5,2410.699951171875,1956
2025-11-10 09:06:00+00:00,2409.800048828125,2410.5,2409.5,2409.60009765625,1309
2025-11-10 09:07:00+00:00,2409.60009765625,2410.0,2409.5,2409.800048828125,1769
2025-11-10 09:08:00+00:00,2409.39990234375,2410.39990234375,2409.39990234375,2409.699951171875,2406
2025-11-10 09:09:00+00:00,2409.300048828125,2410.300048828125,2409.300048828125,2409.39990234375,2081
2025-11-10 09:10:00+00:00,2409.39990234375,2410.300048828125,2409.0,2409.199951171875,1586
2025-11-10 09:11:00+00:00,2409.699951171875,2410.10009765625,2409.10009765625,2409.39990234375,1466
2025-11-10 09:12:00+00:00,2408.800048828125,2409.60009765625,2408.699951171875,2409.5,6887
2025-11-10 09:13:00+00:00,2407.89990234375,2410.0,2407.800048828125,2408.800048828125,14444
2025-11-10 09:14:00+00:00,2407.199951171875,2408.39990234375,2406.800048828125,2408.10009765625,9962
2025-11-10 09:15:00+00:00,2406.89990234375,2407.5,2406.0,2407.199951171875,8889
2025-11-10 09:16:00+00:00,2406.5,2407.39990234375,2406.300048828125,2406.89990234375,2570
2025-11-10 09:17:00+00:00,2406.39990234375,2407.199951171875,2406.39990234375,2406.39990234375,2999
2025-11-10 09:18:00+00:00,2406.0,2406.60009765625,2406.0,2406.5,2400
2025-11-10 09:19:00+00:00,2405.89990234375,2406.199951171875,2405.800048828125,2406.199951171875,1856
2025-11-10 09:20:00+00:00,2406.10009765625,2406.199951171875,2405.800048828125,2406.0,3468
2025-11-10 09:21:00+00:00,2406.60009765625,2406.60009765625,2406.0,2406.300048828125,2817
2025-11-10 09:22:00+00:00,2406.89990234375,2407.0,2406.199951171875,2406.60009765625,2192
2025-11-10 09:23:00+00:00,2407.10009765625,2408.39990234375,2406.300048828125,2406.60009765625,3246
2025-11-10 09:24:00+00:00,2407.199951171875,2407.89990234375,2406.89990234375,2407.199951171875,2226
2025-11-10 09:25:00+00:00,2407.300048828125,2408.39990234375,2406.89990234375,2407.39990234375,2772
2025-11-10 09:26:00+00:00,2406.60009765625,2407.699951171875,2406.60009765625,2407.39990234375,2695
2025-11-10 09:27:00+00:00,2408.699951171875,2408.699951171875,2406.800048828125,2406.800048828125,1769
2025-11-10 09:28:00+00:00,2407.60009765625,2408.60009765625,2406.0,2408.60009765625,7421
2025-11-10 09:29:00+00:00,2408.39990234375,2409.0,2406.5,2408.5,4683
2025-11-10 09:30:00+00:00,2406.0,2408.39990234375,2406.0,2408.39990234375,8400
2025-11-10 09:31:00+00:00,2407.10009765625,2407.10009765625,2406.0,2406.10009765625,14406
2025-11-10 09:32:00+00:00,2406.60009765625,2408.0,2406.39990234375,2406.39990234375,6363
2025-11-10 09:33:00+00:00,2406.699951171875,2407.60009765625,2406.60009765625,2406.60009765625,7036
2025-11-10 09:34:00+00:00,2406.800048828125,2406.89990234375,2406.699951171875,2406.89990234375,6138
2025-11-10 09:35:00+00:00,2407.300048828125,2408.89990234375,2406.699951171875,2406.699951171875,21107
2025-11-10 09:36:00+00:00,2408.39990234375,2408.5,2407.300048828125,2407.300048828125,6380
2025-11-10 09:37:00+00:00,2407.89990234375,2409.39990234375,2407.89990234375,2408.199951171875,10349
2025-11-10 09:38:00+00:00,2407.800048828125,2408.0,2406.39990234375,2407.699951171875,11432
2025-11-10 09:39:00+00:00,2407.699951171875,2407.89990234375,2407.0,2407.60009765625,8276
2025-11-10 09:40:00+00:00,2407.0,2407.699951171875,2406.800048828125,2407.300048828125,3387
2025-11-10 09:41:00+00:00,2408.5,2408.89990234375,2407.300048828125,2407.300048828125,7977
2025-11-10 09:42:00+00:00,2408.39990234375,2408.5,2408.10009765625,2408.199951171875,4191
2025-11-10 09:43:00+00:00,2408.0,2408.199951171875,2408.0,2408.10009765625,2799
2025-11-10 09:44:00+00:00,2408.0,2408.199951171875,2408.0,2408.10009765625,9155
2025-11-10 09:45:00+00:00,2408.39990234375,2408.5,2408.300048828125,2408.300048828125,9914
2025-11-10 09:46:00+00:00,2408.39990234375,2408.699951171875,2408.39990234375,2408.5,7522
2025-11-10 09:47:00+00:00,2409.800048828125,2410.300048828125,2408.699951171875,2408.699951171875,18713
2025-11-10 09:48:00+00:00,2409.199951171875,2410.0,2409.10009765625,2410.0,5018
2025-11-10 09:49:00+00:00,2410.800048828125,2411.0,2409.699951171875,2409.89990234375,7816
2025-11-10 09:50:00+00:00,2412.5,2412.5,2411.0,2411.0,9594
2025-11-10 09:51:00+00:00,2412.699951171875,2412.699951171875,2412.199951171875,2412.5,3316
2025-11-10 09:52:00+00:00,2413.0,2413.0,2412.5,2412.5,4484
2025-11-10 09:53:00+00:00,2413.0,2413.10009765625,2413.0,2413.0,5699
2025-11-10 09:54:00+00:00,2413.10009765625,2413.10009765625,2413.0,2413.10009765625,5478
2025-11-10 09:55:00+00:00,2411.199951171875,2413.0,2410.699951171875,2413.0,9049
2025-11-10 09:56:00+00:00,2412.300048828125,2412.300048828125,2411.0,2411.0,3853
2025-11-10 09:57:00+00:00,2411.10009765625,2412.10009765625,2411.10009765625,2412.10009765625,3838
2025-11-10 09:58:00+00:00,2411.0,2412.300048828125,2411.0,2411.10009765625,1641
2025-11-10 09:59:00+00:00,2413.0,2413.0,2410.5,2411.199951171875,2198
2025-11-11 03:45:00+00:00,2414.39990234375,2421.60009765625,2411.0,2418.60009765625,0
2025-11-11 03:46:00+00:00,2416.199951171875,2419.10009765625,2413.60009765625,2414.39990234375,4028
2025-11-11 03:47:00+00:00,2416.800048828125,2419.199951171875,2414.10009765625,2415.800048828125,2212
2025-11-11 03:48:00+00:00,2411.800048828125,2417.89990234375,2406.39990234375,2416.5,14437
2025-11-11 03:49:00+00:00,2408.199951171875,2411.300048828125,2408.199951171875,2410.39990234375,14101
2025-11-11 03:50:00+00:00,2410.0,2412.300048828125,2407.89990234375,2407.89990234375,1543
2025-11-11 03:51:00+00:00,2410.39990234375,2411.0,2407.10009765625,2410.0,2816
2025-11-11 03:52:00+00:00,2409.800048828125,2411.10009765625,2407.60009765625,2410.39990234375,1432
2025-11-11 03:53:00+00:00,2407.199951171875,2409.300048828125,2406.10009765625,2408.10009765625,2353
2025-11-11 03:54:00+00:00,2407.300048828125,2407.5,2406.39990234375,2406.60009765625,3125
2025-11-11 03:55:00+00:00,2404.39990234375,2406.89990234375,2404.0,2406.89990234375,3776
2025-11-11 03:56:00+00:00,2404.800048828125,2404.800048828125,2403.5,2403.5,6234
2025-11-11 03:57:00+00:00,2408.39990234375,2408.39990234375,2405.199951171875,2405.800048828125,3596
2025-11-11 03:58:00+00:00,2406.39990234375,2407.699951171875,2405.5,2407.699951171875,1344
2025-11-11 03:59:00+00:00,2405.60009765625,2406.699951171875,2404.5,2404.5,2231
2025-11-11 04:00:00+00:00,2405.39990234375,2406.699951171875,2405.0,2405.0,2576
2025-11-11 04:01:00+00:00,2408.199951171875,2409.10009765625,2407.800048828125,2407.89990234375,3493
2025-11-11 04:02:00+00:00,2408.89990234375,2410.199951171875,2408.10009765625,2408.300048828125,2158
2025-11-11 04:03:00+00:00,2409.89990234375,2410.5,2408.89990234375,2409.0,4952
2025-11-11 04:04:00+00:00,2411.89990234375,2412.0,2409.300048828125,2410.699951171875,2766
2025-11-11 04:05:00+00:00,2415.0,2415.0,2411.89990234375,2411.89990234375,4674
2025-11-11 04:06:00+00:00,2412.0,2414.0,2412.0,2414.0,3175
2025-11-11 04:07:00+00:00,2414.0,2414.10009765625,2412.10009765625,2412.10009765625,1813
2025-11-11 04:08:00+00:00,2415.39990234375,2416.0,2414.199951171875,2414.199951171875,3771
2025-11-11 04:09:00+00:00,2415.10009765625,2416.60009765625,2414.5,2415.39990234375,1534
2025-11-11 04:10:00+00:00,2415.60009765625,2415.800048828125,2415.0,2415.800048828125,808
2025-11-11 04:11:00+00:00,2416.300048828125,2417.0,2416.0,2416.0,2021
2025-11-11 04:12:00+00:00,2416.699951171875,2416.89990234375,2416.10009765625,2416.10009765625,758
2025-11-11 04:13:00+00:00,2417.0,2418.39990234375,2416.10009765625,2416.699951171875,1786
2025-11-11 04:14:00+00:00,2419.0,2419.0,2416.5,2416.5,1148
2025-11-11 04:15:00+00:00,2420.39990234375,2421.300048828125,2418.60009765625,2418.60009765625,4819
2025-11-11 04:16:00+00:00,2420.699951171875,2421.60009765625,2419.89990234375,2420.300048828125,2702
2025-11-11 04:17:00+00:00,2419.5,2420.5,2419.5,2420.5,983
2025-11-11 04:18:00+00:00,2419.300048828125,2419.89990234375,2419.0,2419.5,1052
2025-11-11 04:19:00+00:00,2416.300048828125,2419.0,2416.300048828125,2419.0,1965
2025-11-11 04:20:00+00:00,2412.0,2416.300048828125,2411.5,2416.300048828125,3669
2025-11-11 04:21:00+00:00,2412.300048828125,2413.0,2412.199951171875,2412.300048828125,3936
2025-11-11 04:22:00+00:00,2413.60009765625,2413.800048828125,2412.199951171875,2413.0,1006
2025-11-11 04:23:00+00:00,2412.60009765625,2413.199951171875,2409.10009765625,2413.10009765625,7969
2025-11-11 04:24:00+00:00,2413.199951171875,2414.10009765625,2412.0,2412.199951171875,1830
2025-11-11 04:25:00+00:00,2413.5,2414.39990234375,2413.0,2414.39990234375,953
2025-11-11 04:26:00+00:00,2413.5,2414.199951171875,2412.800048828125,2413.300048828125,504
2025-11-11 04:27:00+00:00,2413.60009765625,2413.800048828125,2412.89990234375,2413.800048828125,695
2025-11-11 04:28:00+00:00,2414.699951171875,2414.89990234375,2412.199951171875,2414.5,2741
2025-11-11 04:29:00+00:00,2413.800048828125,2415.199951171875,2413.800048828125,2414.89990234375,1652
2025-11-11 04:30:00+00:00,2413.0,2414.5,2412.60009765625,2414.300048828125,2001
2025-11-11 04:31:00+00:00,2413.10009765625,2413.60009765625,2413.0,2413.0,178
2025-11-11 04:32:00+00:00,2412.5,2413.199951171875,2412.199951171875,2413.199951171875,663
2025-11-11 04:33:00+00:00,2414.199951171875,2414.199951171875,2411.60009765625,2412.10009765625,2392
2025-11-11 04:34:00+00:00,2412.0,2413.800048828125,2412.0,2413.199951171875,136
2025-11-11 04:35:00+00:00,2410.800048828125,2412.5,2410.10009765625,2412.5,3058
2025-11-11 04:36:00+00:00,2410.300048828125,2411.5,2410.300048828125,2410.89990234375,377
2025-11-11 04:37:00+00:00,2411.10009765625,2411.89990234375,2410.699951171875,2411.10009765625,595
2025-11-11 04:38:00+00:00,2411.699951171875,2411.89990234375,2411.10009765625,2411.10009765625,1054
2025-11-11 04:39:00+00:00,2416.60009765625,2416.60009765625,2411.89990234375,2411.89990234375,2576
2025-11-11 04:40:00+00:00,2414.199951171875,2417.199951171875,2414.199951171875,2416.300048828125,892
2025-11-11 04:41:00+00:00,2415.0,2415.10009765625,2414.199951171875,2414.199951171875,300
2025-11-11 04:42:00+00:00,2414.199951171875,2415.199951171875,2414.199951171875,2415.199951171875,1112
2025-11-11 04:43:00+00:00,2413.5,2414.800048828125,2413.5,2414.800048828125,436
2025-11-11 04:44:00+00:00,2411.199951171875,2414.10009765625,2411.199951171875,2413.5,758
2025-11-11 04:45:00+00:00,2411.300048828125,2411.800048828125,2411.10009765625,2411.800048828125,204
2025-11-11 04:46:00+00:00,2409.10009765625,2411.800048828125,2409.0,2411.300048828125,1185
2025-11-11 04:47:00+00:00,2410.0,2410.5,2409.699951171875,2409.699951171875,580
2025-11-11 04:48:00+00:00,2410.0,2410.300048828125,2409.89990234375,2409.89990234375,435
2025-11-11 04:49:00+00:00,2409.60009765625,2410.39990234375,2409.0,2410.0,1385
2025-11-11 04:50:00+00:00,2410.800048828125,2410.800048828125,2409.10009765625,2409.10009765625,1223
2025-11-11 04:51:00+00:00,2410.199951171875,2410.5,2409.300048828125,2409.5,656
2025-11-11 04:52:00+00:00,2410.0,2410.39990234375,2409.5,2409.89990234375,273
2025-11-11 04:53:00+00:00,2409.0,2410.0,2408.10009765625,2410.0,2198
2025-11-11 04:54:00+00:00,2409.0,2409.699951171875,2409.0,2409.10009765625,291
2025-11-11 04:55:00+00:00,2408.699951171875,2409.0,2408.699951171875,2409.0,992
2025-11-11 04:56:00+00:00,2408.10009765625,2409.0,2408.10009765625,2409.0,1841
2025-11-11 04:57:00+00:00,2408.300048828125,2408.89990234375,2408.10009765625,2408.10009765625,495
2025-11-11 04:58:00+00:00,2407.699951171875,2408.699951171875,2407.699951171875,2408.300048828125,1781
2025-11-11 04:59:00+00:00,2407.0,2408.0,2407.0,2407.39990234375,1815
2025-11-11 05:00:00+00:00,2407.39990234375,2408.10009765625,2406.699951171875,2407.800048828125,949
2025-11-11 05:01:00+00:00,2407.199951171875,2407.5,2406.699951171875,2406.699951171875,1254
2025-11-11 05:02:00+00:00,2406.800048828125,2408.0,2406.800048828125,2407.199951171875,673
2025-11-11 05:03:00+00:00,2405.10009765625,2406.199951171875,2405.0,2406.199951171875,1229
2025-11-11 05:04:00+00:00,2405.10009765625,2405.89990234375,2405.0,2405.0,469
2025-11-11 05:05:00+00:00,2405.800048828125,2405.89990234375,2405.0,2405.10009765625,219
2025-11-11 05:06:00+00:00,2405.0,2406.10009765625,2405.0,2405.89990234375,2089
2025-11-11 05:07:00+00:00,2405.5,2406.10009765625,2405.0,2406.10009765625,513
2025-11-11 05:08:00+00:00,2405.60009765625,2406.0,2405.300048828125,2405.5,355
2025-11-11 05:09:00+00:00,2406.0,2406.699951171875,2405.60009765625,2406.0,594
2025-11-11 05:10:00+00:00,2406.39990234375,2407.10009765625,2406.0,2406.800048828125,206
2025-11-11 05:11:00+00:00,2406.5,2407.0,2406.300048828125,2406.39990234375,307
2025-11-11 05:12:00+00:00,2406.5,2407.0,2406.199951171875,2406.89990234375,512
2025-11-11 05:13:00+00:00,2406.5,2407.5,2406.199951171875,2406.39990234375,812
2025-11-11 05:14:00+00:00,2406.5,2407.39990234375,2406.5,2406.5,292
2025-11-11 05:15:00+00:00,2406.39990234375,2407.300048828125,2406.39990234375,2407.300048828125,141
2025-11-11 05:16:00+00:00,2406.89990234375,2407.0,2406.199951171875,2407.0,1245
2025-11-11 05:17:00+00:00,2407.300048828125,2407.699951171875,2406.699951171875,2406.800048828125,565
2025-11-11 05:18:00+00:00,2406.5,2408.0,2406.5,2408.0,922
2025-11-11 05:19:00+00:00,2407.10009765625,2407.10009765625,2406.5,2407.0,200
2025-11-11 05:20:00+00:00,2406.699951171875,2406.699951171875,2406.5,2406.5,271
2025-11-11 05:21:00+00:00,2406.199951171875,2406.60009765625,2405.89990234375,2406.60009765625,869
2025-11-11 05:22:00+00:00,2406.0,2406.300048828125,2405.39990234375,2406.199951171875,607
2025-11-11 05:23:00+00:00,2405.60009765625,2406.0,2405.39990234375,2405.39990234375,183
2025-11-11 05:24:00+00:00,2406.199951171875,2406.199951171875,2405.39990234375,2405.39990234375,882
2025-11-11 05:25:00+00:00,2405.699951171875,2406.60009765625,2405.60009765625,2405.60009765625,431
2025-11-11 05:26:00+00:00,2406.5,2406.5,2405.699951171875,2405.699951171875,349
2025-11-11 05:27:00+00:00,2405.300048828125,2407.199951171875,2405.300048828125,2407.199951171875,7142
2025-11-11 05:28:00+00:00,2407.199951171875,2409.0,2405.300048828125,2405.300048828125,5508
2025-11-11 05:29:00+00:00,2407.800048828125,2408.300048828125,2407.0,2407.10009765625,293
2025-11-11 05:30:00+00:00,2409.199951171875,2409.199951171875,2407.39990234375,2407.800048828125,2850
2025-11-11 05:31:00+00:00,2409.699951171875,2410.300048828125,2409.0,2409.0,1296
2025-11-11 05:32:00+00:00,2410.0,2410.300048828125,2409.699951171875,2410.199951171875,642
2025-11-11 05:33:00+00:00,2411.0,2411.0,2410.0,2410.300048828125,1587
2025-11-11 05:34:00+00:00,2410.39990234375,2410.89990234375,2410.300048828125,2410.300048828125,714
2025-11-11 05:35:00+00:00,2410.39990234375,2411.0,2410.39990234375,2410.39990234375,1072
2025-11-11 05:36:00+00:00,2410.800048828125,2411.0,2410.39990234375,2411.0,838
2025-11-11 05:37:00+00:00,2410.0,2411.199951171875,2410.0,2410.39990234375,12537
2025-11-11 05:38:00+00:00,2410.5,2412.60009765625,2409.89990234375,2410.39990234375,8906
2025-11-11 05:39:00+00:00,2411.0,2411.60009765625,2410.39990234375,2411.199951171875,575
2025-11-11 05:40:00+00:00,2411.10009765625,2411.39990234375,2411.0,2411.0,276
2025-11-11 05:41:00+00:00,2414.0,2414.199951171875,2412.0,2412.0,24623
2025-11-11 05:42:00+00:00,2414.0,2414.800048828125,2414.0,2414.0,296
2025-11-11 05:43:00+00:00,2412.199951171875,2414.5,2411.89990234375,2414.0,4141
2025-11-11 05:44:00+00:00,2412.199951171875,2413.0,2412.0,2412.10009765625,191
2025-11-11 05:45:00+00:00,2412.60009765625,2412.800048828125,2411.60009765625,2412.800048828125,887
2025-11-11 05:46:00+00:00,2412.10009765625,2412.89990234375,2412.10009765625,2412.800048828125,307
2025-11-11 05:47:00+00:00,2413.5,2413.5,2412.10009765625,2412.699951171875,828
2025-11-11 05:48:00+00:00,2414.89990234375,2414.89990234375,2413.5,2413.5,938
2025-11-11 05:49:00+00:00,2415.10009765625,2415.300048828125,2415.0,2415.0,741
2025-11-11 05:50:00+00:00,2415.0,2415.39990234375,2414.10009765625,2415.10009765625,13714
2025-11-11 05:51:00+00:00,2414.5,2415.800048828125,2414.0,2415.0,4535
2025-11-11 05:52:00+00:00,2413.5,2415.699951171875,2413.39990234375,2414.89990234375,5510
2025-11-11 05:53:00+00:00,2413.0,2414.0,2412.60009765625,2413.5,621
2025-11-11 05:54:00+00:00,2412.10009765625,2413.39990234375,2412.10009765625,2413.199951171875,535
2025-11-11 05:55:00+00:00,2412.10009765625,2412.800048828125,2411.699951171875,2412.800048828125,1075
2025-11-11 05:56:00+00:00,2412.39990234375,2413.10009765625,2412.300048828125,2412.300048828125,350
2025-11-11 05:57:00+00:00,2412.0,2412.89990234375,2412.0,2412.39990234375,318
2025-11-11 05:58:00+00:00,2413.800048828125,2414.89990234375,2412.0,2412.0,1288
2025-11-11 05:59:00+00:00,2413.39990234375,2414.800048828125,2413.39990234375,2413.5,164
2025-11-11 06:00:00+00:00,2413.300048828125,2414.0,2413.0,2413.39990234375,331
2025-11-11 06:01:00+00:00,2413.0,2413.60009765625,2413.0,2413.60009765625,190
2025-11-11 06:02:00+00:00,2412.800048828125,2413.39990234375,2412.800048828125,2413.0,439
2025-11-11 06:03:00+00:00,2411.89990234375,2413.0,2411.39990234375,2412.0,504
2025-11-11 06:04:00+00:00,2411.10009765625,2411.89990234375,2411.10009765625,2411.199951171875,254
2025-11-11 06:05:00+00:00,2409.10009765625,2411.10009765625,2408.5,2411.10009765625,2216
2025-11-11 06:06:00+00:00,2409.39990234375,2410.300048828125,2409.199951171875,2409.199951171875,404
2025-11-11 06:07:00+00:00,2409.300048828125,2409.800048828125,2409.300048828125,2409.39990234375,215
2025-11-11 06:08:00+00:00,2410.0,2410.0,2409.300048828125,2409.300048828125,806
2025-11-11 06:09:00+00:00,2409.300048828125,2410.89990234375,2409.300048828125,2410.0,1371
2025-11-11 06:10:00+00:00,2407.699951171875,2409.800048828125,2407.5,2409.300048828125,843
2025-11-11 06:11:00+00:00,2407.699951171875,2407.89990234375,2407.39990234375,2407.800048828125,602
2025-11-11 06:12:00+00:00,2407.60009765625,2407.89990234375,2407.39990234375,2407.89990234375,885
2025-11-11 06:13:00+00:00,2408.199951171875,2409.60009765625,2408.199951171875,2408.800048828125,271
2025-11-11 06:14:00+00:00,2409.0,2409.10009765625,2408.0,2408.10009765625,558
2025-11-11 06:15:00+00:00,2409.300048828125,2409.300048828125,2408.10009765625,2408.10009765625,907
2025-11-11 06:16:00+00:00,2408.60009765625,2409.300048828125,2408.60009765625,2409.10009765625,234
2025-11-11 06:17:00+00:00,2408.60009765625,2409.199951171875,2408.60009765625,2409.199951171875,205
2025-11-11 06:18:00+00:00,2409.5,2409.800048828125,2408.699951171875,2409.199951171875,309
2025-11-11 06:19:00+00:00,2410.0,2410.800048828125,2409.39990234375,2409.5,1173
2025-11-11 06:20:00+00:00,2410.0,2410.39990234375,2410.0,2410.0,527
2025-11-11 06:21:00+00:00,2411.0,2411.39990234375,2410.39990234375,2410.39990234375,1738
2025-11-11 06:22:00+00:00,2410.800048828125,2411.0,2410.5,2410.5,2836
2025-11-11 06:23:00+00:00,2411.5,2411.5,2410.89990234375,2411.10009765625,2452
2025-11-11 06:24:00+00:00,2411.5,2412.0,2410.800048828125,2411.10009765625,414
2025-11-11 06:25:00+00:00,2411.60009765625,2412.0,2411.300048828125,2412.0,568
2025-11-11 06:26:00+00:00,2412.10009765625,2413.0,2411.699951171875,2411.699951171875,331
2025-11-11 06:27:00+00:00,2413.0,2413.0,2412.0,2412.0,998
2025-11-11 06:28:00+00:00,2413.5,2414.0,2413.0,2413.0,650
2025-11-11 06:29:00+00:00,2413.199951171875,2413.800048828125,2413.0,2413.800048828125,2409
2025-11-11 06:30:00+00:00,2414.0,2414.300048828125,2413.0,2413.199951171875,673
2025-11-11 06:31:00+00:00,2413.300048828125,2414.0,2413.0,2413.300048828125,594
2025-11-11 06:32:00+00:00,2414.0,2414.5,2413.199951171875,2413.199951171875,1285
2025-11-11 06:33:00+00:00,2414.10009765625,2414.60009765625,2413.89990234375,2414.39990234375,547
2025-11-11 06:34:00+00:00,2416.699951171875,2416.699951171875,2413.89990234375,2414.10009765625,2665
2025-11-11 06:35:00+00:00,2418.699951171875,2419.10009765625,2417.89990234375,2417.89990234375,2824
2025-11-11 06:36:00+00:00,2416.800048828125,2419.10009765625,2416.800048828125,2419.0,4415
2025-11-11 06:37:00+00:00,2417.5,2418.0,2416.60009765625,2417.699951171875,531
2025-11-11 06:38:00+00:00,2416.60009765625,2417.699951171875,2416.60009765625,2417.60009765625,244
2025-11-11 06:39:00+00:00,2416.60009765625,2417.199951171875,2416.39990234375,2416.60009765625,495
2025-11-11 06:40:00+00:00,2415.5,2417.10009765625,2415.39990234375,2417.10009765625,1011
2025-11-11 06:41:00+00:00,2416.0,2416.5,2416.0,2416.0,410
2025-11-11 06:42:00+00:00,2416.39990234375,2416.39990234375,2416.0,2416.0,603
2025-11-11 06:43:00+00:00,2417.5,2417.5,2416.0,2416.0,814
2025-11-11 06:44:00+00:00,2417.0,2417.0,2416.800048828125,2416.89990234375,979
2025-11-11 06:45:00+00:00,2417.0,2418.0,2416.89990234375,2417.10009765625,947
2025-11-11 06:46:00+00:00,2417.5,2418.10009765625,2417.5,2418.10009765625,252
2025-11-11 06:47:00+00:00,2417.60009765625,2417.89990234375,2417.5,2417.89990234375,286
2025-11-11 06:48:00+00:00,2417.5,2417.89990234375,2417.10009765625,2417.89990234375,3693
2025-11-11 06:49:00+00:00,2417.39990234375,2418.39990234375,2417.300048828125,2418.39990234375,171
2025-11-11 06:50:00+00:00,2417.199951171875,2419.39990234375,2417.0,2417.300048828125,16400
2025-11-11 06:51:00+00:00,2418.199951171875,2418.5,2417.199951171875,2417.800048828125,1059
2025-11-11 06:52:00+00:00,2417.699951171875,2418.199951171875,2416.10009765625,2418.199951171875,11422
2025-11-11 06:53:00+00:00,2417.699951171875,2417.699951171875,2417.199951171875,2417.699951171875,137
2025-11-11 06:54:00+00:00,2415.5,2417.0,2415.0,2417.0,2022
2025-11-11 06:55:00+00:00,2414.300048828125,2415.0,2413.39990234375,2415.0,11426
2025-11-11 06:56:00+00:00,2413.300048828125,2417.0,2413.10009765625,2414.39990234375,9767
2025-11-11 06:57:00+00:00,2412.300048828125,2415.199951171875,2411.10009765625,2413.300048828125,22752
2025-11-11 06:58:00+00:00,2415.0,2415.0,2412.0,2412.39990234375,5797
2025-11-11 06:59:00+00:00,2415.199951171875,2416.300048828125,2415.0,2415.0,415
2025-11-11 07:00:00+00:00,2415.699951171875,2416.0,2415.199951171875,2415.199951171875,353
2025-11-11 07:01:00+00:00,2415.10009765625,2415.800048828125,2415.10009765625,2415.699951171875,405
2025-11-11 07:02:00+00:00,2415.800048828125,2415.89990234375,2415.0,2415.5,442
2025-11-11 07:03:00+00:00,2416.10009765625,2416.10009765625,2415.39990234375,2415.800048828125,403
2025-11-11 07:04:00+00:00,2415.10009765625,2416.199951171875,2414.0,2416.199951171875,897
2025-11-11 07:05:00+00:00,2414.5,2415.10009765625,2414.0,2415.10009765625,761
2025-11-11 07:06:00+00:00,2414.89990234375,2415.300048828125,2414.5,2415.0,761
2025-11-11 07:07:00+00:00,2415.39990234375,2415.39990234375,2414.5,2415.300048828125,598
2025-11-11 07:08:00+00:00,2415.39990234375,2415.39990234375,2414.5,2414.60009765625,839
2025-11-11 07:09:00+00:00,2415.0,2415.39990234375,2414.5,2415.39990234375,341
2025-11-11 07:10:00+00:00,2415.0,2415.0,2414.300048828125,2414.5,201
2025-11-11 07:11:00+00:00,2415.199951171875,2415.199951171875,2414.39990234375,2415.0,139
2025-11-11 07:12:00+00:00,2413.199951171875,2415.89990234375,2413.199951171875,2415.300048828125,10556
2025-11-11 07:13:00+00:00,2413.199951171875,2413.60009765625,2412.5,2412.5,539
2025-11-11 07:14:00+00:00,2412.5,2413.699951171875,2412.5,2413.199951171875,525
2025-11-11 07:15:00+00:00,2412.5,2413.199951171875,2412.5,2413.199951171875,1459
2025-11-11 07:16:00+00:00,2413.0,2413.0,2412.5,2412.89990234375,129
2025-11-11 07:17:00+00:00,2412.89990234375,2413.0,2412.5,2413.0,270
2025-11-11 07:18:00+00:00,2412.5,2412.89990234375,2412.5,2412.89990234375,345
2025-11-11 07:19:00+00:00,2413.199951171875,2413.199951171875,2412.5,2412.699951171875,636
2025-11-11 07:20:00+00:00,2413.60009765625,2413.60009765625,2413.0,2413.300048828125,481
2025-11-11 07:21:00+00:00,2413.699951171875,2413.699951171875,2413.5,2413.60009765625,248
2025-11-11 07:22:00+00:00,2413.699951171875,2414.39990234375,2413.5,2413.699951171875,407
2025-11-11 07:23:00+00:00,2414.800048828125,2414.800048828125,2414.199951171875,2414.199951171875,320
2025-11-11 07:24:00+00:00,2413.89990234375,2414.89990234375,2413.699951171875,2414.89990234375,602
2025-11-11 07:25:00+00:00,2412.60009765625,2414.10009765625,2412.5,2413.800048828125,759
2025-11-11 07:26:00+00:00,2412.89990234375,2413.0,2410.89990234375,2412.60009765625,5396
2025-11-11 07:27:00+00:00,2412.60009765625,2413.0,2412.5,2412.800048828125,420
2025-11-11 07:28:00+00:00,2413.10009765625,2413.199951171875,2412.5,2412.699951171875,178
2025-11-11 07:29:00+00:00,2413.300048828125,2413.89990234375,2412.5,2413.0,639
2025-11-11 07:30:00+00:00,2413.699951171875,2413.89990234375,2412.5,2413.300048828125,572
2025-11-11 07:31:00+00:00,2413.0,2413.60009765625,2413.0,2413.60009765625,176
2025-11-11 07:32:00+00:00,2413.800048828125,2413.800048828125,2413.0,2413.300048828125,490
2025-11-11 07:33:00+00:00,2413.800048828125,2413.800048828125,2413.5,2413.800048828125,307
2025-11-11 07:34:00+00:00,2413.89990234375,2414.0,2413.5,2413.89990234375,336
2025-11-11 07:35:00+00:00,2413.800048828125,2414.0,2413.300048828125,2413.800048828125,1114
2025-11-11 07:36:00+00:00,2414.10009765625,2415.699951171875,2413.39990234375,2415.60009765625,11514
2025-11-11 07:37:00+00:00,2413.699951171875,2414.10009765625,2413.60009765625,2414.10009765625,306
2025-11-11 07:38:00+00:00,2413.0,2413.699951171875,2413.0,2413.60009765625,758
2025-11-11 07:39:00+00:00,2412.199951171875,2412.89990234375,2412.0,2412.89990234375,671
2025-11-11 07:40:00+00:00,2412.0,2412.199951171875,2411.5,2412.199951171875,463
2025-11-11 07:41:00+00:00,2412.39990234375,2412.89990234375,2411.39990234375,2411.800048828125,895
2025-11-11 07:42:00+00:00,2412.699951171875,2412.800048828125,2411.89990234375,2412.39990234375,334
2025-11-11 07:43:00+00:00,2412.5,2412.699951171875,2411.800048828125,2412.60009765625,474
2025-11-11 07:44:00+00:00,2411.199951171875,2412.5,2411.199951171875,2412.5,818
2025-11-11 07:45:00+00:00,2413.300048828125,2413.5,2411.0,2411.89990234375,4455
2025-11-11 07:46:00+00:00,2413.800048828125,2414.10009765625,2413.300048828125,2413.300048828125,993
2025-11-11 07:47:00+00:00,2413.800048828125,2413.89990234375,2413.5,2413.800048828125,439
2025-11-11 07:48:00+00:00,2414.39990234375,2414.60009765625,2414.39990234375,2414.5,1088
2025-11-11 07:49:00+00:00,2414.39990234375,2414.800048828125,2414.39990234375,2414.699951171875,940
2025-11-11 07:50:00+00:00,2414.10009765625,2414.800048828125,2413.0,2414.800048828125,1057
2025-11-11 07:51:00+00:00,2414.60009765625,2414.89990234375,2413.39990234375,2414.10009765625,809
2025-11-11 07:52:00+00:00,2413.5,2414.800048828125,2413.5,2414.5,1266
2025-11-11 07:53:00+00:00,2414.5,2414.60009765625,2413.39990234375,2413.5,1821
2025-11-11 07:54:00+00:00,2414.60009765625,2414.60009765625,2414.300048828125,2414.60009765625,538
2025-11-11 07:55:00+00:00,2413.800048828125,2414.60009765625,2413.39990234375,2414.60009765625,539
2025-11-11 07:56:00+00:00,2413.300048828125,2413.800048828125,2413.300048828125,2413.300048828125,293
2025-11-11 07:57:00+00:00,2414.0,2414.10009765625,2413.300048828125,2413.60009765625,1249
2025-11-11 07:58:00+00:00,2414.89990234375,2415.0,2413.0,2414.89990234375,6091
2025-11-11 07:59:00+00:00,2412.89990234375,2414.89990234375,2412.10009765625,2414.39990234375,4854
2025-11-11 08:00:00+00:00,2413.699951171875,2414.300048828125,2412.699951171875,2412.699951171875,1513
2025-11-11 08:01:00+00:00,2414.10009765625,2414.199951171875,2413.699951171875,2414.199951171875,161
2025-11-11 08:02:00+00:00,2414.39990234375,2414.39990234375,2412.5,2414.10009765625,1984
2025-11-11 08:03:00+00:00,2414.39990234375,2414.5,2413.60009765625,2414.39990234375,431
2025-11-11 08:04:00+00:00,2414.39990234375,2414.39990234375,2413.60009765625,2414.300048828125,351
2025-11-11 08:05:00+00:00,2415.60009765625,2415.60009765625,2414.199951171875,2414.699951171875,1275
2025-11-11 08:06:00+00:00,2416.89990234375,2417.0,2415.60009765625,2415.60009765625,1083
2025-11-11 08:07:00+00:00,2419.199951171875,2419.199951171875,2416.699951171875,2416.800048828125,6119
2025-11-11 08:08:00+00:00,2421.39990234375,2421.699951171875,2418.5,2419.5,18007
2025-11-11 08:09:00+00:00,2421.89990234375,2422.300048828125,2421.0,2421.39990234375,7340
2025-11-11 08:10:00+00:00,2419.60009765625,2422.800048828125,2419.60009765625,2420.89990234375,6985
2025-11-11 08:11:00+00:00,2420.89990234375,2421.300048828125,2420.0,2420.300048828125,1356
2025-11-11 08:12:00+00:00,2422.300048828125,2422.300048828125,2419.699951171875,2420.89990234375,4386
2025-11-11 08:13:00+00:00,2421.5,2422.800048828125,2420.0,2422.300048828125,4198
2025-11-11 08:14:00+00:00,2421.0,2421.800048828125,2421.0,2421.699951171875,969
2025-11-11 08:15:00+00:00,2421.10009765625,2421.300048828125,2420.89990234375,2421.300048828125,556
2025-11-11 08:16:00+00:00,2419.0,2421.199951171875,2419.0,2421.10009765625,40758
2025-11-11 08:17:00+00:00,2421.800048828125,2422.0,2418.60009765625,2418.89990234375,89390
2025-11-11 08:18:00+00:00,2424.800048828125,2424.800048828125,2422.300048828125,2422.300048828125,4596
2025-11-11 08:19:00+00:00,2424.699951171875,2425.10009765625,2423.39990234375,2424.800048828125,9900
2025-11-11 08:20:00+00:00,2426.0,2426.0,2424.699951171875,2425.199951171875,1590
2025-11-11 08:21:00+00:00,2426.199951171875,2426.89990234375,2425.699951171875,2426.0,2826
2025-11-11 08:22:00+00:00,2425.39990234375,2426.5,2425.39990234375,2426.5,1639
2025-11-11 08:23:00+00:00,2427.699951171875,2427.89990234375,2425.800048828125,2425.800048828125,2679
2025-11-11 08:24:00+00:00,2429.39990234375,2429.39990234375,2427.0,2427.699951171875,3947
2025-11-11 08:25:00+00:00,2428.89990234375,2429.89990234375,2428.5,2429.39990234375,5909
2025-11-11 08:26:00+00:00,2426.800048828125,2429.0,2426.800048828125,2428.800048828125,2927
2025-11-11 08:27:00+00:00,2425.800048828125,2427.5,2425.5,2426.89990234375,9620
2025-11-11 08:28:00+00:00,2426.199951171875,2427.0,2425.60009765625,2426.10009765625,6047
2025-11-11 08:29:00+00:00,2427.0,2427.0,2425.0,2426.10009765625,6385
2025-11-11 08:30:00+00:00,2427.0,2429.0,2426.199951171875,2427.0,5651
2025-11-11 08:31:00+00:00,2426.10009765625,2428.0,2425.0,2427.0,3209
2025-11-11 08:32:00+00:00,2425.89990234375,2426.5,2425.0,2426.300048828125,2554
2025-11-11 08:33:00+00:00,2425.10009765625,2426.89990234375,2425.0,2425.89990234375,3251
2025-11-11 08:34:00+00:00,2425.0,2425.10009765625,2424.10009765625,2425.10009765625,3502
2025-11-11 08:35:00+00:00,2425.10009765625,2425.800048828125,2424.699951171875,2424.89990234375,2603
2025-11-11 08:36:00+00:00,2425.10009765625,2425.699951171875,2425.0,2425.10009765625,3355
2025-11-11 08:37:00+00:00,2425.800048828125,2426.5,2425.0,2425.699951171875,1759
2025-11-11 08:38:00+00:00,2426.300048828125,2426.89990234375,2425.39990234375,2425.60009765625,1731
2025-11-11 08:39:00+00:00,2426.0,2426.800048828125,2425.800048828125,2426.39990234375,1600
2025-11-11 08:40:00+00:00,2424.0,2425.10009765625,2422.89990234375,2423.300048828125,5627
2025-11-11 08:41:00+00:00,2422.89990234375,2423.89990234375,2422.39990234375,2423.699951171875,1068
2025-11-11 08:42:00+00:00,2423.199951171875,2423.199951171875,2421.60009765625,2422.89990234375,2081
2025-11-11 08:43:00+00:00,2421.60009765625,2423.300048828125,2421.39990234375,2423.10009765625,1505
2025-11-11 08:44:00+00:00,2422.5,2423.199951171875,2421.39990234375,2421.5,929
2025-11-11 08:45:00+00:00,2422.10009765625,2422.5,2421.60009765625,2422.5,774
2025-11-11 08:46:00+00:00,2425.0,2425.0,2421.89990234375,2421.89990234375,4735
2025-11-11 08:47:00+00:00,2423.199951171875,2424.39990234375,2421.39990234375,2424.39990234375,4107
2025-11-11 08:48:00+00:00,2423.89990234375,2423.89990234375,2422.699951171875,2423.199951171875,558
2025-11-11 08:49:00+00:00,2425.89990234375,2425.89990234375,2423.39990234375,2423.89990234375,4847
2025-11-11 08:50:00+00:00,2425.89990234375,2426.10009765625,2424.800048828125,2425.60009765625,7112
2025-11-11 08:51:00+00:00,2425.60009765625,2426.89990234375,2424.800048828125,2425.89990234375,14656
2025-11-11 08:52:00+00:00,2424.699951171875,2426.699951171875,2422.0,2426.199951171875,11640
2025-11-11 08:53:00+00:00,2424.89990234375,2426.39990234375,2424.699951171875,2425.89990234375,4863
2025-11-11 08:54:00+00:00,2425.5,2425.699951171875,2424.699951171875,2424.89990234375,1096
2025-11-11 08:55:00+00:00,2426.0,2426.5,2425.60009765625,2425.699951171875,1181
2025-11-11 08:56:00+00:00,2425.89990234375,2426.0,2425.5,2425.60009765625,962
2025-11-11 08:57:00+00:00,2425.699951171875,2426.0,2425.60009765625,2425.89990234375,765
2025-11-11 08:58:00+00:00,2426.0,2426.5,2424.699951171875,2425.60009765625,4820
2025-11-11 08:59:00+00:00,2425.699951171875,2426.300048828125,2424.60009765625,2426.300048828125,4311
2025-11-11 09:00:00+00:00,2426.300048828125,2427.5,2425.300048828125,2425.699951171875,2883
2025-11-11 09:01:00+00:00,2428.39990234375,2428.39990234375,2425.10009765625,2426.300048828125,1693
2025-11-11 09:02:00+00:00,2430.0,2430.0,2428.0,2428.39990234375,3750
2025-11-11 09:03:00+00:00,2427.699951171875,2430.0,2427.699951171875,2430.0,2956
2025-11-11 09:04:00+00:00,2427.39990234375,2427.800048828125,2426.5,2427.60009765625,974
2025-11-11 09:05:00+00:00,2427.199951171875,2427.800048828125,2426.60009765625,2427.39990234375,1414
2025-11-11 09:06:00+00:00,2425.89990234375,2427.199951171875,2425.199951171875,2427.0,1632
2025-11-11 09:07:00+00:00,2425.10009765625,2426.300048828125,2424.300048828125,2426.300048828125,5364
2025-11-11 09:08:00+00:00,2424.800048828125,2426.199951171875,2424.300048828125,2425.199951171875,8882
2025-11-11 09:09:00+00:00,2422.699951171875,2425.0,2422.5,2424.800048828125,8665
2025-11-11 09:10:00+00:00,2424.5,2425.0,2422.0,2423.10009765625,9286
2025-11-11 09:11:00+00:00,2422.0,2424.89990234375,2422.0,2424.39990234375,6857
2025-11-11 09:12:00+00:00,2421.800048828125,2422.89990234375,2421.300048828125,2422.0,2191
2025-11-11 09:13:00+00:00,2422.0,2422.89990234375,2421.10009765625,2422.60009765625,1837
2025-11-11 09:14:00+00:00,2422.39990234375,2422.39990234375,2421.0,2422.0,1606
2025-11-11 09:15:00+00:00,2426.5,2427.199951171875,2422.199951171875,2422.39990234375,21633
2025-11-11 09:16:00+00:00,2425.39990234375,2426.5,2425.300048828125,2426.5,1049
2025-11-11 09:17:00+00:00,2425.60009765625,2425.89990234375,2425.10009765625,2425.39990234375,1072
2025-11-11 09:18:00+00:00,2425.10009765625,2426.10009765625,2425.0,2425.60009765625,3564
2025-11-11 09:19:00+00:00,2425.5,2426.0,2425.0,2425.60009765625,1222
2025-11-11 09:20:00+00:00,2426.5,2427.0,2425.199951171875,2425.5,1384
2025-11-11 09:21:00+00:00,2426.800048828125,2427.39990234375,2426.300048828125,2426.300048828125,1518
2025-11-11 09:22:00+00:00,2426.800048828125,2427.699951171875,2426.5,2426.5,7060
2025-11-11 09:23:00+00:00,2426.60009765625,2427.0,2426.0,2426.800048828125,1415
2025-11-11 09:24:00+00:00,2425.300048828125,2426.89990234375,2425.10009765625,2426.89990234375,1207
2025-11-11 09:25:00+00:00,2421.5,2425.300048828125,2420.800048828125,2425.300048828125,10963
2025-11-11 09:26:00+00:00,2423.89990234375,2426.300048828125,2421.5,2421.5,13514
2025-11-11 09:27:00+00:00,2423.5,2426.300048828125,2422.699951171875,2424.10009765625,9318
2025-11-11 09:28:00+00:00,2422.60009765625,2423.60009765625,2421.60009765625,2421.60009765625,5991
2025-11-11 09:29:00+00:00,2422.800048828125,2423.699951171875,2422.60009765625,2423.0,1280
2025-11-11 09:30:00+00:00,2425.60009765625,2426.0,2423.199951171875,2423.199951171875,4263
2025-11-11 09:31:00+00:00,2425.89990234375,2425.89990234375,2425.60009765625,2425.699951171875,4334
2025-11-11 09:32:00+00:00,2426.0,2426.0,2425.699951171875,2425.699951171875,3567
2025-11-11 09:33:00+00:00,2427.800048828125,2427.800048828125,2423.89990234375,2425.89990234375,21484
2025-11-11 09:34:00+00:00,2424.5,2427.800048828125,2424.10009765625,2427.300048828125,14764
2025-11-11 09:35:00+00:00,2425.199951171875,2425.89990234375,2422.89990234375,2425.10009765625,17972
2025-11-11 09:36:00+00:00,2427.39990234375,2428.800048828125,2425.39990234375,2425.699951171875,38080
2025-11-11 09:37:00+00:00,2428.5,2429.0,2427.10009765625,2428.300048828125,7210
2025-11-11 09:38:00+00:00,2426.199951171875,2428.699951171875,2425.10009765625,2428.699951171875,15750
2025-11-11 09:39:00+00:00,2424.5,2426.300048828125,2424.0,2426.300048828125,10458
2025-11-11 09:40:00+00:00,2424.39990234375,2426.199951171875,2424.10009765625,2425.300048828125,20152
2025-11-11 09:41:00+00:00,2428.0,2428.800048828125,2424.10009765625,2424.699951171875,21506
2025-11-11 09:42:00+00:00,2425.10009765625,2429.0,2424.60009765625,2428.5,29749
2025-11-11 09:43:00+00:00,2426.10009765625,2426.300048828125,2423.199951171875,2425.5,22544
2025-11-11 09:44:00+00:00,2429.10009765625,2430.0,2426.0,2426.10009765625,34585
2025-11-11 09:45:00+00:00,2428.800048828125,2431.5,2428.800048828125,2429.199951171875,10190
2025-11-11 09:46:00+00:00,2429.5,2430.10009765625,2428.800048828125,2428.800048828125,4857
2025-11-11 09:47:00+00:00,2428.60009765625,2429.60009765625,2428.5,2429.60009765625,4935
2025-11-11 09:48:00+00:00,2427.800048828125,2428.60009765625,2426.199951171875,2428.5,18169
2025-11-11 09:49:00+00:00,2429.5,2429.5,2425.39990234375,2427.89990234375,18248
2025-11-11 09:50:00+00:00,2431.800048828125,2431.800048828125,2428.10009765625,2429.10009765625,21966
2025-11-11 09:51:00+00:00,2431.5,2433.0,2430.699951171875,2431.800048828125,11105
2025-11-11 09:52:00+00:00,2431.199951171875,2432.60009765625,2431.10009765625,2431.300048828125,9832
2025-11-11 09:53:00+00:00,2430.5,2432.39990234375,2430.39990234375,2432.0,6482
2025-11-11 09:54:00+00:00,2429.699951171875,2431.39990234375,2428.300048828125,2431.39990234375,22736
2025-11-11 09:55:00+00:00,2430.300048828125,2430.800048828125,2429.800048828125,2429.800048828125,3041
2025-11-11 09:56:00+00:00,2431.0,2431.0,2429.89990234375,2430.39990234375,4285
2025-11-11 09:57:00+00:00,2430.5,2431.199951171875,2429.699951171875,2431.199951171875,6814
2025-11-11 09:58:00+00:00,2431.10009765625,2432.0,2430.199951171875,2430.300048828125,2396
2025-11-11 09:59:00+00:00,2431.10009765625,2431.39990234375,2430.0,2431.199951171875,2894
2025-11-12 03:45:00+00:00,2428.0,2430.60009765625,2425.39990234375,2430.60009765625,0
2025-11-12 03:46:00+00:00,2422.60009765625,2430.10009765625,2422.60009765625,2430.10009765625,5054
2025-11-12 03:47:00+00:00,2424.5,2425.60009765625,2423.10009765625,2423.699951171875,3977
2025-11-12 03:48:00+00:00,2428.300048828125,2431.800048828125,2427.10009765625,2427.10009765625,5794
2025-11-12 03:49:00+00:00,2427.0,2427.89990234375,2425.10009765625,2427.5,1956
2025-11-12 03:50:00+00:00,2425.0,2426.89990234375,2424.10009765625,2426.89990234375,2513
2025-11-12 03:51:00+00:00,2425.89990234375,2425.89990234375,2425.10009765625,2425.10009765625,464
2025-11-12 03:52:00+00:00,2425.89990234375,2426.0,2424.10009765625,2425.89990234375,1965
2025-11-12 03:53:00+00:00,2425.60009765625,2426.0,2425.60009765625,2426.0,1056
2025-11-12 03:54:00+00:00,2425.10009765625,2425.60009765625,2423.699951171875,2424.699951171875,2633
2025-11-12 03:55:00+00:00,2423.5,2425.10009765625,2423.300048828125,2424.60009765625,2364
2025-11-12 03:56:00+00:00,2426.0,2426.0,2423.300048828125,2423.300048828125,2099
2025-11-12 03:57:00+00:00,2425.10009765625,2426.0,2425.10009765625,2426.0,882
2025-11-12 03:58:00+00:00,2419.60009765625,2424.5,2419.60009765625,2424.10009765625,30090
2025-11-12 03:59:00+00:00,2417.89990234375,2419.89990234375,2417.60009765625,2418.699951171875,4058
2025-11-12 04:00:00+00:00,2419.300048828125,2420.0,2417.89990234375,2417.89990234375,9432
2025-11-12 04:01:00+00:00,2420.0,2420.0,2419.5,2420.0,11219
2025-11-12 04:02:00+00:00,2418.39990234375,2420.0,2416.300048828125,2419.89990234375,2429
2025-11-12 04:03:00+00:00,2418.60009765625,2419.199951171875,2417.699951171875,2418.39990234375,2809
2025-11-12 04:04:00+00:00,2418.5,2419.60009765625,2418.5,2418.800048828125,3586
2025-11-12 04:05:00+00:00,2422.10009765625,2422.10009765625,2418.5,2418.5,17703
2025-11-12 04:06:00+00:00,2422.5,2422.800048828125,2421.60009765625,2421.60009765625,577
2025-11-12 04:07:00+00:00,2422.300048828125,2422.5,2422.300048828125,2422.5,147
2025-11-12 04:08:00+00:00,2422.300048828125,2423.0,2422.300048828125,2422.300048828125,1480
2025-11-12 04:09:00+00:00,2421.300048828125,2422.5,2420.699951171875,2422.5,1874
2025-11-12 04:10:00+00:00,2421.60009765625,2422.39990234375,2421.0,2421.199951171875,759
2025-11-12 04:11:00+00:00,2421.89990234375,2422.60009765625,2421.199951171875,2421.60009765625,614
2025-11-12 04:12:00+00:00,2420.60009765625,2421.699951171875,2420.10009765625,2421.699951171875,2496
2025-11-12 04:13:00+00:00,2421.199951171875,2422.10009765625,2420.60009765625,2421.60009765625,2427
2025-11-12 04:14:00+00:00,2422.699951171875,2422.699951171875,2420.60009765625,2421.10009765625,3195
2025-11-12 04:15:00+00:00,2425.0,2425.0,2421.199951171875,2421.199951171875,6353
2025-11-12 04:16:00+00:00,2422.800048828125,2424.60009765625,2421.800048828125,2423.89990234375,2300
2025-11-12 04:17:00+00:00,2423.199951171875,2423.39990234375,2421.199951171875,2422.0,2086
2025-11-12 04:18:00+00:00,2421.5,2423.199951171875,2421.5,2423.199951171875,1771
2025-11-12 04:19:00+00:00,2422.60009765625,2423.199951171875,2421.5,2421.5,2204
2025-11-12 04:20:00+00:00,2420.800048828125,2422.60009765625,2420.0,2422.300048828125,11414
2025-11-12 04:21:00+00:00,2422.10009765625,2422.10009765625,2420.699951171875,2421.89990234375,2324
2025-11-12 04:22:00+00:00,2422.39990234375,2422.60009765625,2421.300048828125,2422.10009765625,1012
2025-11-12 04:23:00+00:00,2421.0,2422.60009765625,2421.0,2422.60009765625,4445
2025-11-12 04:24:00+00:00,2420.5,2421.199951171875,2420.39990234375,2421.0,1482
2025-11-12 04:25:00+00:00,2420.800048828125,2420.800048828125,2420.0,2420.5,2088
2025-11-12 04:26:00+00:00,2420.0,2420.39990234375,2419.800048828125,2420.39990234375,1348
2025-11-12 04:27:00+00:00,2419.800048828125,2420.0,2418.0,2420.0,4848
2025-11-12 04:28:00+00:00,2419.5,2419.800048828125,2418.699951171875,2418.699951171875,1117
2025-11-12 04:29:00+00:00,2419.5,2419.5,2419.0,2419.39990234375,610
2025-11-12 04:30:00+00:00,2419.89990234375,2420.0,2419.39990234375,2419.5,1243
2025-11-12 04:31:00+00:00,2419.300048828125,2419.60009765625,2419.300048828125,2419.60009765625,1259
2025-11-12 04:32:00+00:00,2420.0,2420.0,2419.300048828125,2419.300048828125,1016
2025-11-12 04:33:00+00:00,2419.39990234375,2420.0,2419.39990234375,2420.0,309
2025-11-12 04:34:00+00:00,2419.300048828125,2419.5,2419.199951171875,2419.5,570
2025-11-12 04:35:00+00:00,2418.300048828125,2419.300048828125,2418.300048828125,2419.199951171875,2353
2025-11-12 04:36:00+00:00,2419.10009765625,2419.199951171875,2418.10009765625,2418.199951171875,1568
2025-11-12 04:37:00+00:00,2419.39990234375,2419.5,2419.10009765625,2419.10009765625,731
2025-11-12 04:38:00+00:00,2419.5,2420.0,2419.300048828125,2419.300048828125,641
2025-11-12 04:39:00+00:00,2419.39990234375,2419.39990234375,2419.300048828125,2419.300048828125,685
2025-11-12 04:40:00+00:00,2419.10009765625,2419.699951171875,2419.10009765625,2419.5,811
2025-11-12 04:41:00+00:00,2418.60009765625,2419.699951171875,2418.60009765625,2419.39990234375,2446
2025-11-12 04:42:00+00:00,2419.10009765625,2419.800048828125,2419.0,2419.0,1497
2025-11-12 04:43:00+00:00,2418.10009765625,2419.300048828125,2417.699951171875,2419.199951171875,2923
2025-11-12 04:44:00+00:00,2417.0,2417.60009765625,2416.39990234375,2417.60009765625,3193
2025-11-12 04:45:00+00:00,2417.300048828125,2417.5,2416.699951171875,2417.5,1604
2025-11-12 04:46:00+00:00,2417.699951171875,2417.800048828125,2416.89990234375,2416.89990234375,7731
2025-11-12 04:47:00+00:00,2417.5,2417.699951171875,2417.39990234375,2417.699951171875,230
2025-11-12 04:48:00+00:00,2418.10009765625,2418.10009765625,2417.5,2417.5,859
2025-11-12 04:49:00+00:00,2418.0,2418.699951171875,2417.699951171875,2418.699951171875,2224
2025-11-12 04:50:00+00:00,2418.699951171875,2419.199951171875,2418.0,2418.5,5128
2025-11-12 04:51:00+00:00,2419.0,2420.0,2418.300048828125,2418.5,1038
2025-11-12 04:52:00+00:00,2418.5,2419.300048828125,2418.300048828125,2418.300048828125,695
2025-11-12 04:53:00+00:00,2418.60009765625,2419.10009765625,2418.5,2418.5,607
2025-11-12 04:54:00+00:00,2418.699951171875,2419.300048828125,2418.39990234375,2418.5,995
2025-11-12 04:55:00+00:00,2419.800048828125,2420.10009765625,2418.800048828125,2418.89990234375,976
2025-11-12 04:56:00+00:00,2419.800048828125,2420.300048828125,2419.800048828125,2420.10009765625,1320
2025-11-12 04:57:00+00:00,2420.0,2420.0,2419.300048828125,2419.60009765625,874
2025-11-12 04:58:00+00:00,2420.0,2420.5,2419.800048828125,2419.800048828125,3712
2025-11-12 04:59:00+00:00,2420.0,2420.0,2419.89990234375,2420.0,194
2025-11-12 05:00:00+00:00,2419.89990234375,2420.0,2419.800048828125,2419.89990234375,879
2025-11-12 05:01:00+00:00,2419.800048828125,2419.89990234375,2419.60009765625,2419.89990234375,782
2025-11-12 05:02:00+00:00,2422.199951171875,2422.89990234375,2419.800048828125,2419.800048828125,5453
2025-11-12 05:03:00+00:00,2422.10009765625,2422.5,2422.0,2422.39990234375,1332
2025-11-12 05:04:00+00:00,2421.60009765625,2422.10009765625,2421.199951171875,2422.10009765625,1535
2025-11-12 05:05:00+00:00,2421.10009765625,2421.60009765625,2420.89990234375,2421.60009765625,1131
2025-11-12 05:06:00+00:00,2421.199951171875,2422.0,2420.800048828125,2421.10009765625,1190
2025-11-12 05:07:00+00:00,2421.199951171875,2421.60009765625,2421.10009765625,2421.10009765625,1146
2025-11-12 05:08:00+00:00,2421.60009765625,2421.89990234375,2421.199951171875,2421.199951171875,1595
2025-11-12 05:09:00+00:00,2422.800048828125,2423.0,2421.39990234375,2421.60009765625,1213
2025-11-12 05:10:00+00:00,2423.0,2423.0,2422.300048828125,2423.0,2393
2025-11-12 05:11:00+00:00,2422.699951171875,2423.0,2422.39990234375,2423.0,2377
2025-11-12 05:12:00+00:00,2422.60009765625,2423.0,2422.60009765625,2423.0,2203
2025-11-12 05:13:00+00:00,2421.89990234375,2422.60009765625,2421.89990234375,2422.5,2744
2025-11-12 05:14:00+00:00,2422.0,2423.0,2421.39990234375,2421.5,3345
2025-11-12 05:15:00+00:00,2423.300048828125,2423.300048828125,2421.300048828125,2421.800048828125,43506
2025-11-12 05:16:00+00:00,2425.699951171875,2425.699951171875,2421.5,2422.800048828125,37962
2025-11-12 05:17:00+00:00,2424.89990234375,2426.0,2423.800048828125,2425.699951171875,11193
2025-11-12 05:18:00+00:00,2422.800048828125,2426.5,2422.5,2426.10009765625,5312
2025-11-12 05:19:00+00:00,2424.300048828125,2425.300048828125,2422.699951171875,2422.699951171875,8942
2025-11-12 05:20:00+00:00,2425.60009765625,2425.60009765625,2423.39990234375,2424.300048828125,6684
2025-11-12 05:21:00+00:00,2426.300048828125,2427.0,2425.199951171875,2425.699951171875,6276
2025-11-12 05:22:00+00:00,2425.699951171875,2427.0,2425.300048828125,2426.5,4798
2025-11-12 05:23:00+00:00,2425.300048828125,2425.60009765625,2424.89990234375,2425.300048828125,3350
2025-11-12 05:24:00+00:00,2425.89990234375,2426.0,2424.89990234375,2425.300048828125,3495
2025-11-12 05:25:00+00:00,2425.89990234375,2426.699951171875,2425.10009765625,2425.800048828125,4842
2025-11-12 05:26:00+00:00,2426.89990234375,2426.89990234375,2425.800048828125,2425.89990234375,3213
2025-11-12 05:27:00+00:00,2426.800048828125,2428.199951171875,2426.0,2426.89990234375,13998
2025-11-12 05:28:00+00:00,2426.39990234375,2427.0,2425.699951171875,2426.10009765625,2606
2025-11-12 05:29:00+00:00,2427.0,2427.699951171875,2426.39990234375,2426.39990234375,1247
2025-11-12 05:30:00+00:00,2426.0,2426.89990234375,2425.300048828125,2426.89990234375,5626
2025-11-12 05:31:00+00:00,2426.5,2427.39990234375,2425.300048828125,2426.0,3165
2025-11-12 05:32:00+00:00,2426.300048828125,2427.39990234375,2426.300048828125,2426.5,1638
2025-11-12 05:33:00+00:00,2425.10009765625,2426.89990234375,2425.10009765625,2426.300048828125,7088
2025-11-12 05:34:00+00:00,2425.0,2425.89990234375,2425.0,2425.0,2584
2025-11-12 05:35:00+00:00,2424.60009765625,2425.60009765625,2424.5,2425.0,4330
2025-11-12 05:36:00+00:00,2425.10009765625,2425.60009765625,2424.300048828125,2424.60009765625,1950
2025-11-12 05:37:00+00:00,2424.89990234375,2425.89990234375,2424.5,2424.89990234375,7325
2025-11-12 05:38:00+00:00,2425.800048828125,2427.0,2424.300048828125,2424.89990234375,4528
2025-11-12 05:39:00+00:00,2427.10009765625,2427.10009765625,2425.60009765625,2425.60009765625,1724
2025-11-12 05:40:00+00:00,2426.10009765625,2427.10009765625,2426.10009765625,2427.0,2299
2025-11-12 05:41:00+00:00,2426.10009765625,2426.300048828125,2426.0,2426.0,1814
2025-11-12 05:42:00+00:00,2426.0,2426.10009765625,2426.0,2426.0,1261
2025-11-12 05:43:00+00:00,2426.0,2426.10009765625,2425.89990234375,2426.0,3307
2025-11-12 05:44:00+00:00,2427.5,2428.5,2426.0,2426.0,4090
2025-11-12 05:45:00+00:00,2429.10009765625,2429.60009765625,2427.10009765625,2427.699951171875,8195
2025-11-12 05:46:00+00:00,2428.60009765625,2430.0,2428.60009765625,2429.10009765625,3442
2025-11-12 05:47:00+00:00,2427.199951171875,2428.60009765625,2427.0,2428.60009765625,2123
2025-11-12 05:48:00+00:00,2428.0,2428.300048828125,2426.5,2427.10009765625,3725
2025-11-12 05:49:00+00:00,2426.10009765625,2428.10009765625,2425.199951171875,2427.89990234375,5180
2025-11-12 05:50:00+00:00,2426.199951171875,2427.0,2425.199951171875,2426.0,12937
2025-11-12 05:51:00+00:00,2426.39990234375,2426.5,2425.39990234375,2426.0,3504
2025-11-12 05:52:00+00:00,2424.10009765625,2426.39990234375,2424.10009765625,2426.39990234375,38204
2025-11-12 05:53:00+00:00,2424.10009765625,2426.0,2424.0,2424.10009765625,47102
2025-11-12 05:54:00+00:00,2424.0,2425.5,2423.699951171875,2424.199951171875,43019
2025-11-12 05:55:00+00:00,2424.199951171875,2424.60009765625,2423.5,2424.0,2592
2025-11-12 05:56:00+00:00,2423.800048828125,2424.199951171875,2423.5,2424.199951171875,3379
2025-11-12 05:57:00+00:00,2423.300048828125,2423.5,2422.5,2423.39990234375,3961
2025-11-12 05:58:00+00:00,2422.699951171875,2423.60009765625,2422.39990234375,2423.0,6703
2025-11-12 05:59:00+00:00,2422.89990234375,2423.199951171875,2421.0,2422.0,5214
2025-11-12 06:00:00+00:00,2422.800048828125,2422.89990234375,2422.10009765625,2422.800048828125,2197
2025-11-12 06:01:00+00:00,2422.699951171875,2423.60009765625,2421.89990234375,2422.800048828125,2403
2025-11-12 06:02:00+00:00,2422.0,2422.60009765625,2421.39990234375,2422.60009765625,2628
2025-11-12 06:03:00+00:00,2423.0,2423.0,2421.39990234375,2421.89990234375,3125
2025-11-12 06:04:00+00:00,2423.0,2423.60009765625,2422.699951171875,2422.699951171875,4397
2025-11-12 06:05:00+00:00,2423.60009765625,2423.800048828125,2422.39990234375,2422.89990234375,3248
2025-11-12 06:06:00+00:00,2422.699951171875,2423.5,2422.39990234375,2423.5,7362
2025-11-12 06:07:00+00:00,2422.5,2422.5,2422.0,2422.300048828125,1331
2025-11-12 06:08:00+00:00,2421.5,2422.39990234375,2421.300048828125,2422.39990234375,2800
2025-11-12 06:09:00+00:00,2421.89990234375,2421.89990234375,2421.199951171875,2421.300048828125,1161
2025-11-12 06:10:00+00:00,2422.5,2423.0,2421.5,2421.60009765625,2916
2025-11-12 06:11:00+00:00,2421.5,2423.10009765625,2421.5,2423.10009765625,2577
2025-11-12 06:12:00+00:00,2422.0,2422.39990234375,2421.5,2422.39990234375,1166
2025-11-12 06:13:00+00:00,2421.89990234375,2422.0,2421.699951171875,2421.89990234375,1720
2025-11-12 06:14:00+00:00,2422.39990234375,2422.60009765625,2421.60009765625,2421.699951171875,1493
2025-11-12 06:15:00+00:00,2422.199951171875,2422.60009765625,2421.5,2422.60009765625,1372
2025-11-12 06:16:00+00:00,2422.699951171875,2422.699951171875,2421.5,2422.60009765625,2129
2025-11-12 06:17:00+00:00,2423.0,2423.0,2422.5,2422.5,4344
2025-11-12 06:18:00+00:00,2423.300048828125,2423.89990234375,2422.89990234375,2423.0,3232
2025-11-12 06:19:00+00:00,2423.0,2423.300048828125,2422.5,2423.300048828125,2873
2025-11-12 06:20:00+00:00,2422.5,2423.39990234375,2422.5,2423.300048828125,3286
2025-11-12 06:21:00+00:00,2422.10009765625,2422.89990234375,2421.5,2422.89990234375,4930
2025-11-12 06:22:00+00:00,2422.699951171875,2422.89990234375,2421.89990234375,2422.10009765625,2017
2025-11-12 06:23:00+00:00,2421.89990234375,2422.699951171875,2421.89990234375,2422.10009765625,2091
2025-11-12 06:24:00+00:00,2421.699951171875,2421.89990234375,2421.5,2421.800048828125,2134
2025-11-12 06:25:00+00:00,2422.0,2422.0,2421.699951171875,2421.89990234375,836
2025-11-12 06:26:00+00:00,2422.10009765625,2422.199951171875,2421.60009765625,2421.89990234375,2102
2025-11-12 06:27:00+00:00,2422.300048828125,2422.300048828125,2421.5,2422.10009765625,1684
2025-11-12 06:28:00+00:00,2422.199951171875,2422.60009765625,2421.5,2422.300048828125,2542
2025-11-12 06:29:00+00:00,2421.300048828125,2422.60009765625,2421.300048828125,2422.39990234375,6472
2025-11-12 06:30:00+00:00,2421.0,2421.699951171875,2420.699951171875,2421.199951171875,5816
2025-11-12 06:31:00+00:00,2421.699951171875,2422.199951171875,2420.699951171875,2421.0,2783
2025-11-12 06:32:00+00:00,2421.699951171875,2422.5,2421.199951171875,2422.199951171875,1835
2025-11-12 06:33:00+00:00,2421.39990234375,2422.300048828125,2421.0,2422.300048828125,2012
2025-11-12 06:34:00+00:00,2422.0,2422.39990234375,2421.300048828125,2421.60009765625,2263
2025-11-12 06:35:00+00:00,2422.5,2422.60009765625,2421.5,2421.5,2310
2025-11-12 06:36:00+00:00,2421.800048828125,2422.60009765625,2421.800048828125,2422.39990234375,2241
2025-11-12 06:37:00+00:00,2421.60009765625,2421.800048828125,2421.0,2421.199951171875,2342
2025-11-12 06:38:00+00:00,2422.199951171875,2422.199951171875,2421.60009765625,2421.60009765625,2676
2025-11-12 06:39:00+00:00,2421.699951171875,2422.800048828125,2421.699951171875,2422.300048828125,1752
2025-11-12 06:40:00+00:00,2421.699951171875,2422.800048828125,2421.5,2422.5,2377
2025-11-12 06:41:00+00:00,2422.5,2423.0,2422.0,2422.699951171875,2171
2025-11-12 06:42:00+00:00,2422.10009765625,2422.89990234375,2421.5,2422.39990234375,2593
2025-11-12 06:43:00+00:00,2422.5,2422.60009765625,2421.60009765625,2422.199951171875,1896
2025-11-12 06:44:00+00:00,2422.300048828125,2423.0,2421.800048828125,2422.5,2270
2025-11-12 06:45:00+00:00,2422.39990234375,2423.0,2421.60009765625,2422.89990234375,2098
2025-11-12 06:46:00+00:00,2422.0,2423.10009765625,2422.0,2422.60009765625,3784
2025-11-12 06:47:00+00:00,2422.60009765625,2422.89990234375,2422.0,2422.0,1821
2025-11-12 06:48:00+00:00,2422.0,2422.60009765625,2422.0,2422.60009765625,1407
2025-11-12 06:49:00+00:00,2422.0,2422.0,2422.0,2422.0,1723
2025-11-12 06:50:00+00:00,2421.800048828125,2422.0,2421.5,2422.0,4695
2025-11-12 06:51:00+00:00,2421.89990234375,2422.800048828125,2421.5,2421.89990234375,1855
2025-11-12 06:52:00+00:00,2422.10009765625,2422.89990234375,2421.5,2422.699951171875,2066
2025-11-12 06:53:00+00:00,2422.10009765625,2422.699951171875,2421.800048828125,2422.199951171875,2531
2025-11-12 06:54:00+00:00,2421.800048828125,2422.5,2421.699951171875,2422.10009765625,2455
2025-11-12 06:55:00+00:00,2421.5,2422.800048828125,2421.5,2422.10009765625,2422
2025-11-12 06:56:00+00:00,2421.60009765625,2421.699951171875,2421.5,2421.5,2498
2025-11-12 06:57:00+00:00,2421.39990234375,2421.800048828125,2421.39990234375,2421.5,3026
2025-11-12 06:58:00+00:00,2420.0,2421.60009765625,2419.89990234375,2421.39990234375,5876
2025-11-12 06:59:00+00:00,2420.0,2421.10009765625,2419.699951171875,2420.0,3491
2025-11-12 07:00:00+00:00,2421.199951171875,2421.5,2419.199951171875,2420.0,6225
2025-11-12 07:01:00+00:00,2422.800048828125,2422.800048828125,2421.10009765625,2421.10009765625,6881
2025-11-12 07:02:00+00:00,2420.699951171875,2422.5,2420.699951171875,2421.800048828125,2709
2025-11-12 07:03:00+00:00,2420.199951171875,2421.800048828125,2420.199951171875,2420.800048828125,3130
2025-11-12 07:04:00+00:00,2420.39990234375,2421.199951171875,2420.0,2420.0,1635
2025-11-12 07:05:00+00:00,2420.800048828125,2421.5,2420.60009765625,2420.699951171875,2639
2025-11-12 07:06:00+00:00,2422.199951171875,2422.5,2421.10009765625,2421.10009765625,3169
2025-11-12 07:07:00+00:00,2421.800048828125,2422.699951171875,2421.60009765625,2421.60009765625,1961
2025-11-12 07:08:00+00:00,2421.199951171875,2422.699951171875,2421.0,2422.0,5131
2025-11-12 07:09:00+00:00,2421.60009765625,2422.300048828125,2421.0,2422.300048828125,7267
2025-11-12 07:10:00+00:00,2422.10009765625,2422.800048828125,2421.5,2421.699951171875,5044
2025-11-12 07:11:00+00:00,2421.699951171875,2423.0,2421.5,2422.10009765625,2188
2025-11-12 07:12:00+00:00,2421.89990234375,2422.300048828125,2421.5,2421.699951171875,2556
2025-11-12 07:13:00+00:00,2421.60009765625,2422.89990234375,2421.60009765625,2421.89990234375,2733
2025-11-12 07:14:00+00:00,2421.5,2422.699951171875,2421.5,2422.699951171875,2516
2025-11-12 07:15:00+00:00,2421.5,2421.800048828125,2421.5,2421.800048828125,2861
2025-11-12 07:16:00+00:00,2420.0,2421.5,2419.800048828125,2421.5,3566
2025-11-12 07:17:00+00:00,2419.89990234375,2421.0,2419.89990234375,2420.0,1674
2025-11-12 07:18:00+00:00,2419.800048828125,2420.10009765625,2419.5,2419.800048828125,3033
2025-11-12 07:19:00+00:00,2420.800048828125,2421.0,2419.800048828125,2420.199951171875,3520
2025-11-12 07:20:00+00:00,2420.60009765625,2421.10009765625,2420.300048828125,2421.0,2137
2025-11-12 07:21:00+00:00,2420.0,2421.199951171875,2420.0,2421.199951171875,2844
2025-11-12 07:22:00+00:00,2420.0,2420.10009765625,2419.5,2420.10009765625,10080
2025-11-12 07:23:00+00:00,2419.39990234375,2420.0,2419.0,2420.0,1707
2025-11-12 07:24:00+00:00,2420.0,2420.0,2419.199951171875,2419.800048828125,5033
2025-11-12 07:25:00+00:00,2419.199951171875,2420.0,2419.199951171875,2419.39990234375,3169
2025-11-12 07:26:00+00:00,2419.10009765625,2420.0,2419.0,2419.89990234375,3268
2025-11-12 07:27:00+00:00,2419.300048828125,2420.0,2419.0,2419.10009765625,3370
2025-11-12 07:28:00+00:00,2421.0,2422.39990234375,2419.699951171875,2419.699951171875,7018
2025-11-12 07:29:00+00:00,2421.5,2422.0,2420.199951171875,2420.199951171875,900
2025-11-12 07:30:00+00:00,2420.800048828125,2422.0,2420.60009765625,2421.199951171875,1463
2025-11-12 07:31:00+00:00,2421.60009765625,2422.0,2420.699951171875,2420.699951171875,905
2025-11-12 07:32:00+00:00,2421.60009765625,2421.800048828125,2421.5,2421.800048828125,1502
2025-11-12 07:33:00+00:00,2422.699951171875,2423.0,2421.800048828125,2422.300048828125,653
2025-11-12 07:34:00+00:00,2422.699951171875,2422.89990234375,2422.699951171875,2422.699951171875,762
2025-11-12 07:35:00+00:00,2422.800048828125,2422.800048828125,2422.699951171875,2422.800048828125,5820
2025-11-12 07:36:00+00:00,2422.5,2423.0,2422.39990234375,2422.89990234375,2609
2025-11-12 07:37:00+00:00,2422.0,2422.800048828125,2422.0,2422.699951171875,1215
2025-11-12 07:38:00+00:00,2422.5,2423.199951171875,2422.39990234375,2423.0,9069
2025-11-12 07:39:00+00:00,2423.0,2423.89990234375,2422.60009765625,2422.60009765625,1752
2025-11-12 07:40:00+00:00,2423.10009765625,2424.199951171875,2422.800048828125,2422.89990234375,1700
2025-11-12 07:41:00+00:00,2423.0,2424.199951171875,2422.89990234375,2423.0,1588
2025-11-12 07:42:00+00:00,2423.800048828125,2423.800048828125,2422.699951171875,2423.0,1178
2025-11-12 07:43:00+00:00,2423.5,2424.199951171875,2422.800048828125,2424.199951171875,1407
2025-11-12 07:44:00+00:00,2423.0,2424.39990234375,2422.89990234375,2423.699951171875,5125
2025-11-12 07:45:00+00:00,2423.0,2424.0,2422.800048828125,2423.0,2578
2025-11-12 07:46:00+00:00,2423.0,2424.5,2422.5,2423.0,4895
2025-11-12 07:47:00+00:00,2422.60009765625,2423.39990234375,2422.60009765625,2423.0,866
2025-11-12 07:48:00+00:00,2422.699951171875,2423.199951171875,2422.60009765625,2423.199951171875,389
2025-11-12 07:49:00+00:00,2422.699951171875,2423.0,2422.60009765625,2422.699951171875,780
2025-11-12 07:50:00+00:00,2422.699951171875,2422.699951171875,2422.0,2422.699951171875,839
2025-11-12 07:51:00+00:00,2422.10009765625,2423.199951171875,2422.0,2422.0,1626
2025-11-12 07:52:00+00:00,2422.60009765625,2423.0,2422.300048828125,2422.699951171875,1264
2025-11-12 07:53:00+00:00,2422.800048828125,2422.800048828125,2422.60009765625,2422.699951171875,642
2025-11-12 07:54:00+00:00,2422.39990234375,2423.5,2422.0,2422.699951171875,2037
2025-11-12 07:55:00+00:00,2421.60009765625,2422.300048828125,2420.699951171875,2422.199951171875,8767
2025-11-12 07:56:00+00:00,2421.0,2421.89990234375,2420.199951171875,2421.60009765625,4108
2025-11-12 07:57:00+00:00,2422.10009765625,2422.89990234375,2420.800048828125,2421.10009765625,1597
2025-11-12 07:58:00+00:00,2421.89990234375,2422.699951171875,2421.199951171875,2421.800048828125,1095
2025-11-12 07:59:00+00:00,2421.0,2421.89990234375,2421.0,2421.800048828125,169
2025-11-12 08:00:00+00:00,2420.5,2421.5,2420.5,2421.5,1844
2025-11-12 08:01:00+00:00,2420.800048828125,2421.800048828125,2420.60009765625,2420.60009765625,1711
2025-11-12 08:02:00+00:00,2421.10009765625,2421.5,2420.89990234375,2420.89990234375,1308
2025-11-12 08:03:00+00:00,2422.0,2422.10009765625,2420.800048828125,2421.10009765625,816
2025-11-12 08:04:00+00:00,2425.0,2425.39990234375,2422.39990234375,2423.60009765625,6117
2025-11-12 08:05:00+00:00,2424.5,2425.10009765625,2424.199951171875,2425.10009765625,620
2025-11-12 08:06:00+00:00,2424.199951171875,2425.0,2424.199951171875,2424.5,3009
2025-11-12 08:07:00+00:00,2425.199951171875,2425.199951171875,2423.89990234375,2424.300048828125,6992
2025-11-12 08:08:00+00:00,2426.89990234375,2427.0,2424.39990234375,2425.10009765625,5542
2025-11-12 08:09:00+00:00,2427.39990234375,2427.800048828125,2426.10009765625,2426.89990234375,8268
2025-11-12 08:10:00+00:00,2428.199951171875,2428.300048828125,2426.800048828125,2427.39990234375,15969
2025-11-12 08:11:00+00:00,2425.800048828125,2428.699951171875,2425.699951171875,2428.300048828125,3865
2025-11-12 08:12:00+00:00,2425.60009765625,2426.39990234375,2425.0,2425.699951171875,1379
2025-11-12 08:13:00+00:00,2425.5,2426.5,2425.0,2425.5,1796
2025-11-12 08:14:00+00:00,2425.89990234375,2426.0,2425.300048828125,2425.5,1118
2025-11-12 08:15:00+00:00,2426.0,2426.300048828125,2425.60009765625,2425.699951171875,1463
2025-11-12 08:16:00+00:00,2425.89990234375,2426.800048828125,2425.89990234375,2426.300048828125,1460
2025-11-12 08:17:00+00:00,2426.5,2427.39990234375,2426.0,2426.0,2486
2025-11-12 08:18:00+00:00,2426.60009765625,2427.199951171875,2426.0,2426.300048828125,1800
2025-11-12 08:19:00+00:00,2426.0,2426.5,2425.60009765625,2426.199951171875,1809
2025-11-12 08:20:00+00:00,2425.89990234375,2426.300048828125,2425.199951171875,2426.0,1944
2025-11-12 08:21:00+00:00,2425.800048828125,2426.0,2425.699951171875,2425.89990234375,1298
2025-11-12 08:22:00+00:00,2426.0,2426.300048828125,2425.699951171875,2425.89990234375,1301
2025-11-12 08:23:00+00:00,2425.699951171875,2426.300048828125,2425.60009765625,2425.89990234375,1342
2025-11-12 08:24:00+00:00,2425.199951171875,2426.39990234375,2425.199951171875,2425.800048828125,1818
2025-11-12 08:25:00+00:00,2426.0,2426.0,2425.10009765625,2425.199951171875,1835
2025-11-12 08:26:00+00:00,2426.60009765625,2426.60009765625,2425.10009765625,2425.89990234375,1017
2025-11-12 08:27:00+00:00,2426.5,2426.89990234375,2425.89990234375,2425.89990234375,655
2025-11-12 08:28:00+00:00,2425.89990234375,2426.199951171875,2425.89990234375,2426.199951171875,1668
2025-11-12 08:29:00+00:00,2426.0,2426.699951171875,2425.5,2425.60009765625,1564
2025-11-12 08:30:00+00:00,2426.0,2426.5,2425.60009765625,2426.0,1128
2025-11-12 08:31:00+00:00,2425.699951171875,2426.0,2425.10009765625,2426.0,1009
2025-11-12 08:32:00+00:00,2426.39990234375,2426.39990234375,2425.60009765625,2425.800048828125,1881
2025-11-12 08:33:00+00:00,2426.60009765625,2426.89990234375,2426.39990234375,2426.89990234375,1005
2025-11-12 08:34:00+00:00,2426.89990234375,2427.60009765625,2426.60009765625,2426.60009765625,1577
2025-11-12 08:35:00+00:00,2426.800048828125,2427.39990234375,2426.699951171875,2427.0,1517
2025-11-12 08:36:00+00:00,2426.10009765625,2426.800048828125,2425.699951171875,2426.699951171875,3287
2025-11-12 08:37:00+00:00,2426.5,2426.89990234375,2425.5,2425.60009765625,2833
2025-11-12 08:38:00+00:00,2425.10009765625,2426.60009765625,2425.0,2425.300048828125,11950
2025-11-12 08:39:00+00:00,2424.800048828125,2426.199951171875,2424.39990234375,2425.0,7991
2025-11-12 08:40:00+00:00,2425.300048828125,2426.199951171875,2424.0,2424.699951171875,7330
2025-11-12 08:41:00+00:00,2426.0,2426.0,2425.10009765625,2425.5,1242
2025-11-12 08:42:00+00:00,2425.699951171875,2426.0,2425.0,2426.0,1039
2025-11-12 08:43:00+00:00,2425.0,2425.699951171875,2425.0,2425.699951171875,911
2025-11-12 08:44:00+00:00,2425.699951171875,2426.39990234375,2425.0,2425.300048828125,1233
2025-11-12 08:45:00+00:00,2424.89990234375,2425.699951171875,2424.800048828125,2425.699951171875,734
2025-11-12 08:46:00+00:00,2425.199951171875,2425.199951171875,2424.39990234375,2424.89990234375,1930
2025-11-12 08:47:00+00:00,2425.300048828125,2425.39990234375,2425.199951171875,2425.39990234375,821
2025-11-12 08:48:00+00:00,2424.800048828125,2425.300048828125,2424.800048828125,2425.199951171875,939
2025-11-12 08:49:00+00:00,2426.0,2426.0,2424.699951171875,2424.800048828125,3071
2025-11-12 08:50:00+00:00,2425.10009765625,2425.89990234375,2424.800048828125,2425.89990234375,562
2025-11-12 08:51:00+00:00,2425.199951171875,2425.89990234375,2424.39990234375,2425.0,2273
2025-11-12 08:52:00+00:00,2425.0,2425.699951171875,2424.5,2425.300048828125,1159
2025-11-12 08:53:00+00:00,2425.10009765625,2425.699951171875,2424.39990234375,2424.89990234375,1090
2025-11-12 08:54:00+00:00,2425.0,2425.800048828125,2425.0,2425.0,650
2025-11-12 08:55:00+00:00,2426.800048828125,2427.0,2425.199951171875,2425.199951171875,3372
2025-11-12 08:56:00+00:00,2426.89990234375,2427.39990234375,2426.5,2426.800048828125,6067
2025-11-12 08:57:00+00:00,2426.39990234375,2427.39990234375,2425.89990234375,2426.89990234375,6553
2025-11-12 08:58:00+00:00,2426.5,2427.39990234375,2425.89990234375,2426.39990234375,5413
2025-11-12 08:59:00+00:00,2426.0,2426.60009765625,2425.39990234375,2426.39990234375,1157
2025-11-12 09:00:00+00:00,2426.699951171875,2427.699951171875,2426.199951171875,2426.800048828125,1486
2025-11-12 09:01:00+00:00,2426.60009765625,2427.699951171875,2426.60009765625,2427.0,1347
2025-11-12 09:02:00+00:00,2426.60009765625,2426.699951171875,2426.60009765625,2426.60009765625,401
2025-11-12 09:03:00+00:00,2426.5,2426.699951171875,2426.5,2426.60009765625,582
2025-11-12 09:04:00+00:00,2426.10009765625,2426.60009765625,2426.0,2426.60009765625,404
2025-11-12 09:05:00+00:00,2426.10009765625,2426.199951171875,2425.300048828125,2426.0,4389
2025-11-12 09:06:00+00:00,2426.5,2427.0,2426.0,2426.10009765625,5788
2025-11-12 09:07:00+00:00,2426.39990234375,2426.89990234375,2426.10009765625,2426.5,493
2025-11-12 09:08:00+00:00,2425.5,2427.300048828125,2425.0,2426.5,17819
2025-11-12 09:09:00+00:00,2425.699951171875,2426.0,2425.10009765625,2425.10009765625,3211
2025-11-12 09:10:00+00:00,2425.60009765625,2425.800048828125,2425.60009765625,2425.60009765625,1177
2025-11-12 09:11:00+00:00,2424.60009765625,2425.699951171875,2424.5,2425.60009765625,4710
2025-11-12 09:12:00+00:00,2423.800048828125,2424.300048828125,2423.10009765625,2424.0,13310
2025-11-12 09:13:00+00:00,2422.89990234375,2424.300048828125,2422.800048828125,2423.5,9168
2025-11-12 09:14:00+00:00,2423.89990234375,2424.5,2422.699951171875,2424.5,6513
2025-11-12 09:15:00+00:00,2424.0,2424.0,2423.800048828125,2423.800048828125,1270
2025-11-12 09:16:00+00:00,2423.800048828125,2424.0,2423.699951171875,2424.0,657
2025-11-12 09:17:00+00:00,2424.10009765625,2424.5,2424.0,2424.0,5594
2025-11-12 09:18:00+00:00,2423.10009765625,2424.10009765625,2423.10009765625,2424.10009765625,3647
2025-11-12 09:19:00+00:00,2423.199951171875,2423.199951171875,2422.89990234375,2423.10009765625,2200
2025-11-12 09:20:00+00:00,2423.10009765625,2423.300048828125,2422.800048828125,2423.199951171875,4008
2025-11-12 09:21:00+00:00,2423.39990234375,2423.800048828125,2422.89990234375,2423.60009765625,2567
2025-11-12 09:22:00+00:00,2424.0,2424.0,2423.0,2423.39990234375,4349
2025-11-12 09:23:00+00:00,2424.199951171875,2425.10009765625,2423.5,2424.199951171875,3663
2025-11-12 09:24:00+00:00,2423.5,2424.199951171875,2423.39990234375,2424.0,2480
2025-11-12 09:25:00+00:00,2423.5,2423.699951171875,2423.39990234375,2423.699951171875,2216
2025-11-12 09:26:00+00:00,2424.0,2424.0,2423.5,2423.5,3505
2025-11-12 09:27:00+00:00,2423.800048828125,2424.199951171875,2422.89990234375,2423.10009765625,9725
2025-11-12 09:28:00+00:00,2423.699951171875,2424.39990234375,2423.0,2424.0,4767
2025-11-12 09:29:00+00:00,2423.800048828125,2424.39990234375,2423.199951171875,2423.60009765625,4124
2025-11-12 09:30:00+00:00,2424.10009765625,2425.0,2422.5,2423.89990234375,22451
2025-11-12 09:31:00+00:00,2423.800048828125,2424.800048828125,2423.699951171875,2424.60009765625,9302
2025-11-12 09:32:00+00:00,2424.0,2424.10009765625,2423.800048828125,2423.800048828125,8888
2025-11-12 09:33:00+00:00,2424.0,2424.5,2423.800048828125,2424.0,12776
2025-11-12 09:34:00+00:00,2424.0,2424.199951171875,2423.800048828125,2424.0,8263
2025-11-12 09:35:00+00:00,2425.300048828125,2425.699951171875,2424.0,2424.0,14136
2025-11-12 09:36:00+00:00,2425.39990234375,2425.39990234375,2425.199951171875,2425.300048828125,10244
2025-11-12 09:37:00+00:00,2425.300048828125,2425.39990234375,2425.300048828125,2425.39990234375,4153
2025-11-12 09:38:00+00:00,2425.89990234375,2426.0,2425.300048828125,2425.300048828125,18968
2025-11-12 09:39:00+00:00,2426.0,2426.10009765625,2426.0,2426.0,6391
2025-11-12 09:40:00+00:00,2426.199951171875,2426.199951171875,2426.10009765625,2426.10009765625,11987
2025-11-12 09:41:00+00:00,2425.5,2426.300048828125,2425.5,2426.300048828125,16906
2025-11-12 09:42:00+00:00,2425.39990234375,2426.0,2425.39990234375,2425.60009765625,12424
2025-11-12 09:43:00+00:00,2424.800048828125,2425.699951171875,2424.800048828125,2425.5,17036
2025-11-12 09:44:00+00:00,2424.300048828125,2425.300048828125,2423.89990234375,2425.199951171875,15778
2025-11-12 09:45:00+00:00,2425.10009765625,2426.10009765625,2424.89990234375,2425.199951171875,15549
2025-11-12 09:46:00+00:00,2425.800048828125,2425.89990234375,2425.0,2425.300048828125,18482
2025-11-12 09:47:00+00:00,2425.89990234375,2426.0,2425.5,2425.800048828125,11729
2025-11-12 09:48:00+00:00,2425.300048828125,2425.89990234375,2424.699951171875,2425.89990234375,11239
2025-11-12 09:49:00+00:00,2425.89990234375,2426.39990234375,2425.800048828125,2426.199951171875,15892
2025-11-12 09:50:00+00:00,2424.199951171875,2426.10009765625,2424.199951171875,2426.10009765625,12947
2025-11-12 09:51:00+00:00,2424.800048828125,2424.800048828125,2423.800048828125,2423.89990234375,22679
2025-11-12 09:52:00+00:00,2423.5,2424.39990234375,2423.39990234375,2424.39990234375,3636
2025-11-12 09:53:00+00:00,2423.0,2423.800048828125,2423.0,2423.39990234375,21550
2025-11-12 09:54:00+00:00,2422.0,2424.5,2421.699951171875,2423.60009765625,22988
2025-11-12 09:55:00+00:00,2422.89990234375,2423.89990234375,2421.89990234375,2422.0,16740
2025-11-12 09:56:00+00:00,2421.300048828125,2423.10009765625,2421.300048828125,2422.699951171875,10705
2025-11-12 09:57:00+00:00,2424.0,2424.0,2421.300048828125,2421.5,13680
2025-11-12 09:58:00+00:00,2425.0,2425.0,2423.10009765625,2423.39990234375,3335
2025-11-12 09:59:00+00:00,2426.0,2426.0,2423.0,2423.699951171875,2367
2025-11-13 03:45:00+00:00,2422.0,2425.60009765625,2422.0,2425.60009765625,0
2025-11-13 03:46:00+00:00,2423.39990234375,2423.39990234375,2422.300048828125,2422.5,5390
2025-11-13 03:47:00+00:00,2429.0,2429.0,2425.0,2425.0,3496
2025-11-13 03:48:00+00:00,2425.0,2429.10009765625,2425.0,2429.10009765625,2650
2025-11-13 03:49:00+00:00,2424.0,2424.89990234375,2422.60009765625,2424.300048828125,1839
2025-11-13 03:50:00+00:00,2422.89990234375,2426.300048828125,2422.89990234375,2425.0,1170
2025-11-13 03:51:00+00:00,2421.5,2422.60009765625,2420.5,2422.60009765625,2411
2025-11-13 03:52:00+00:00,2422.300048828125,2422.39990234375,2420.800048828125,2422.300048828125,1023
2025-11-13 03:53:00+00:00,2421.60009765625,2422.39990234375,2420.89990234375,2422.0,584
2025-11-13 03:54:00+00:00,2422.60009765625,2422.89990234375,2421.60009765625,2421.60009765625,240
2025-11-13 03:55:00+00:00,2422.89990234375,2423.39990234375,2422.39990234375,2422.89990234375,669
2025-11-13 03:56:00+00:00,2425.0,2425.0,2422.89990234375,2422.89990234375,1239
2025-11-13 03:57:00+00:00,2427.0,2427.0,2424.39990234375,2424.39990234375,2416
2025-11-13 03:58:00+00:00,2426.89990234375,2427.0,2425.199951171875,2426.0,927
2025-11-13 03:59:00+00:00,2427.0,2427.0,2426.800048828125,2426.89990234375,3003
2025-11-13 04:00:00+00:00,2425.89990234375,2427.0,2425.0,2427.0,2508
2025-11-13 04:01:00+00:00,2426.0,2426.60009765625,2424.300048828125,2424.300048828125,894
2025-11-13 04:02:00+00:00,2424.39990234375,2426.800048828125,2424.39990234375,2426.800048828125,1465
2025-11-13 04:03:00+00:00,2424.39990234375,2424.39990234375,2423.0,2423.89990234375,1616
2025-11-13 04:04:00+00:00,2423.0,2424.300048828125,2422.0,2424.300048828125,1441
2025-11-13 04:05:00+00:00,2423.5,2424.39990234375,2422.800048828125,2423.5,727
2025-11-13 04:06:00+00:00,2421.39990234375,2424.0,2421.39990234375,2422.39990234375,2720
2025-11-13 04:07:00+00:00,2423.800048828125,2423.800048828125,2422.0,2422.5,707
2025-11-13 04:08:00+00:00,2423.89990234375,2424.199951171875,2422.300048828125,2423.800048828125,637
2025-11-13 04:09:00+00:00,2423.89990234375,2424.199951171875,2423.300048828125,2424.199951171875,986
2025-11-13 04:10:00+00:00,2423.699951171875,2424.300048828125,2423.699951171875,2424.300048828125,452
2025-11-13 04:11:00+00:00,2422.699951171875,2424.300048828125,2422.699951171875,2423.800048828125,1780
2025-11-13 04:12:00+00:00,2423.39990234375,2423.60009765625,2422.800048828125,2422.800048828125,364
2025-11-13 04:13:00+00:00,2423.10009765625,2424.10009765625,2423.10009765625,2423.39990234375,236
2025-11-13 04:14:00+00:00,2424.10009765625,2424.10009765625,2422.39990234375,2423.89990234375,4345
2025-11-13 04:15:00+00:00,2424.89990234375,2424.89990234375,2422.800048828125,2424.300048828125,456
2025-11-13 04:16:00+00:00,2426.5,2427.0,2425.10009765625,2425.10009765625,4939
2025-11-13 04:17:00+00:00,2423.89990234375,2425.0,2423.0,2425.0,4644
2025-11-13 04:18:00+00:00,2422.300048828125,2422.300048828125,2420.89990234375,2422.0,1787
2025-11-13 04:19:00+00:00,2422.10009765625,2423.699951171875,2422.10009765625,2422.89990234375,836
2025-11-13 04:20:00+00:00,2422.89990234375,2422.89990234375,2422.0,2422.0,154
2025-11-13 04:21:00+00:00,2422.0,2422.89990234375,2421.60009765625,2422.5,1481
2025-11-13 04:22:00+00:00,2420.800048828125,2422.39990234375,2420.800048828125,2422.0,2269
2025-11-13 04:23:00+00:00,2420.800048828125,2422.0,2420.5,2422.0,834
2025-11-13 04:24:00+00:00,2420.0,2421.199951171875,2420.0,2421.0,5226
2025-11-13 04:25:00+00:00,2420.0,2420.0,2419.10009765625,2419.699951171875,497
2025-11-13 04:26:00+00:00,2420.0,2420.800048828125,2419.699951171875,2420.0,1288
2025-11-13 04:27:00+00:00,2420.0,2420.800048828125,2419.800048828125,2419.800048828125,228
2025-11-13 04:28:00+00:00,2420.0,2420.60009765625,2420.0,2420.0,937
2025-11-13 04:29:00+00:00,2420.39990234375,2420.800048828125,2419.5,2420.0,1289
2025-11-13 04:30:00+00:00,2420.0,2421.699951171875,2420.0,2420.300048828125,592
2025-11-13 04:31:00+00:00,2421.0,2421.89990234375,2420.300048828125,2420.300048828125,289
2025-11-13 04:32:00+00:00,2421.39990234375,2422.60009765625,2421.39990234375,2422.60009765625,843
2025-11-13 04:33:00+00:00,2421.39990234375,2422.5,2421.39990234375,2422.5,207
2025-11-13 04:34:00+00:00,2420.0,2420.0,2419.800048828125,2420.0,4478
2025-11-13 04:35:00+00:00,2420.0,2420.0,2419.800048828125,2419.89990234375,907
2025-11-13 04:36:00+00:00,2419.60009765625,2420.0,2419.60009765625,2420.0,770
2025-11-13 04:37:00+00:00,2419.89990234375,2420.0,2419.60009765625,2420.0,462
2025-11-13 04:38:00+00:00,2420.0,2420.0,2420.0,2420.0,4590
2025-11-13 04:39:00+00:00,2419.89990234375,2420.0,2419.89990234375,2419.89990234375,990
2025-11-13 04:40:00+00:00,2420.0,2420.0,2419.10009765625,2419.60009765625,5707
2025-11-13 04:41:00+00:00,2420.0,2420.0,2419.39990234375,2420.0,3035
2025-11-13 04:42:00+00:00,2419.800048828125,2420.0,2419.800048828125,2420.0,984
2025-11-13 04:43:00+00:00,2419.89990234375,2420.0,2419.89990234375,2419.89990234375,6354
2025-11-13 04:44:00+00:00,2420.0,2420.800048828125,2419.800048828125,2420.0,3340
2025-11-13 04:45:00+00:00,2421.199951171875,2422.39990234375,2420.0,2420.0,2086
2025-11-13 04:46:00+00:00,2419.89990234375,2422.39990234375,2419.89990234375,2421.300048828125,31443
2025-11-13 04:47:00+00:00,2420.0,2420.5,2419.800048828125,2420.0,1537
2025-11-13 04:48:00+00:00,2420.0,2420.199951171875,2420.0,2420.0,953
2025-11-13 04:49:00+00:00,2421.5,2421.5,2419.800048828125,2419.800048828125,1708
2025-11-13 04:50:00+00:00,2419.39990234375,2422.199951171875,2419.39990234375,2421.0,2261
2025-11-13 04:51:00+00:00,2420.0,2420.0,2419.10009765625,2419.199951171875,2967
2025-11-13 04:52:00+00:00,2419.89990234375,2420.0,2419.39990234375,2420.0,1698
2025-11-13 04:53:00+00:00,2419.300048828125,2419.89990234375,2419.0,2419.39990234375,1876
2025-11-13 04:54:00+00:00,2419.300048828125,2419.699951171875,2419.0,2419.199951171875,1973
2025-11-13 04:55:00+00:00,2419.300048828125,2420.0,2419.10009765625,2419.300048828125,747
2025-11-13 04:56:00+00:00,2419.300048828125,2420.0,2419.199951171875,2419.300048828125,453
2025-11-13 04:57:00+00:00,2419.60009765625,2420.0,2419.39990234375,2419.699951171875,922
2025-11-13 04:58:00+00:00,2419.60009765625,2420.0,2419.300048828125,2419.699951171875,2066
2025-11-13 04:59:00+00:00,2419.5,2420.0,2419.5,2420.0,2397
2025-11-13 05:00:00+00:00,2419.89990234375,2420.0,2419.300048828125,2419.699951171875,3388
2025-11-13 05:01:00+00:00,2419.39990234375,2420.0,2419.300048828125,2419.89990234375,1078
2025-11-13 05:02:00+00:00,2419.60009765625,2420.0,2419.300048828125,2419.300048828125,1078
2025-11-13 05:03:00+00:00,2419.699951171875,2419.800048828125,2419.5,2419.60009765625,624
2025-11-13 05:04:00+00:00,2419.5,2420.0,2419.5,2419.60009765625,339
2025-11-13 05:05:00+00:00,2419.800048828125,2420.0,2419.800048828125,2419.800048828125,2329
2025-11-13 05:06:00+00:00,2419.39990234375,2420.60009765625,2419.300048828125,2419.800048828125,22066
2025-11-13 05:07:00+00:00,2419.5,2419.5,2418.39990234375,2419.300048828125,8924
2025-11-13 05:08:00+00:00,2418.39990234375,2419.0,2418.300048828125,2419.0,2035
2025-11-13 05:09:00+00:00,2419.0,2419.0,2418.199951171875,2418.39990234375,2012
2025-11-13 05:10:00+00:00,2419.10009765625,2419.10009765625,2418.10009765625,2419.0,694
2025-11-13 05:11:00+00:00,2418.89990234375,2419.0,2418.60009765625,2418.60009765625,2235
2025-11-13 05:12:00+00:00,2418.699951171875,2419.0,2418.300048828125,2419.0,5121
2025-11-13 05:13:00+00:00,2418.5,2418.89990234375,2418.300048828125,2418.5,661
2025-11-13 05:14:00+00:00,2418.800048828125,2418.800048828125,2418.60009765625,2418.60009765625,947
2025-11-13 05:15:00+00:00,2418.800048828125,2418.89990234375,2418.699951171875,2418.699951171875,690
2025-11-13 05:16:00+00:00,2419.0,2419.0,2418.699951171875,2418.89990234375,1039
2025-11-13 05:17:00+00:00,2418.800048828125,2419.0,2418.800048828125,2419.0,1534
2025-11-13 05:18:00+00:00,2418.60009765625,2419.0,2418.5,2418.89990234375,1686
2025-11-13 05:19:00+00:00,2419.0,2419.5,2418.699951171875,2418.89990234375,726
2025-11-13 05:20:00+00:00,2419.39990234375,2419.5,2419.10009765625,2419.10009765625,4913
2025-11-13 05:21:00+00:00,2420.60009765625,2421.0,2419.199951171875,2419.199951171875,5018
2025-11-13 05:22:00+00:00,2420.5,2421.300048828125,2420.0,2420.5,1512
2025-11-13 05:23:00+00:00,2421.300048828125,2421.300048828125,2420.39990234375,2420.5,1237
2025-11-13 05:24:00+00:00,2420.60009765625,2421.5,2420.5,2420.89990234375,955
2025-11-13 05:25:00+00:00,2421.5,2421.5,2420.60009765625,2421.300048828125,1700
2025-11-13 05:26:00+00:00,2422.10009765625,2422.60009765625,2421.0,2421.199951171875,4771
2025-11-13 05:27:00+00:00,2422.199951171875,2422.89990234375,2421.800048828125,2422.10009765625,966
2025-11-13 05:28:00+00:00,2423.39990234375,2423.39990234375,2421.89990234375,2422.199951171875,949
2025-11-13 05:29:00+00:00,2422.10009765625,2423.39990234375,2422.10009765625,2423.300048828125,706
2025-11-13 05:30:00+00:00,2422.39990234375,2423.300048828125,2422.10009765625,2423.300048828125,1092
2025-11-13 05:31:00+00:00,2424.0,2425.0,2423.10009765625,2423.10009765625,3238
2025-11-13 05:32:00+00:00,2423.39990234375,2423.60009765625,2422.5,2423.39990234375,404
2025-11-13 05:33:00+00:00,2423.0,2423.300048828125,2423.0,2423.10009765625,668
2025-11-13 05:34:00+00:00,2424.0,2424.0,2422.699951171875,2423.10009765625,1011
2025-11-13 05:35:00+00:00,2426.5,2426.5,2423.89990234375,2424.0,6118
2025-11-13 05:36:00+00:00,2426.5,2427.0,2426.0,2426.5,4160
2025-11-13 05:37:00+00:00,2426.0,2427.0,2426.0,2426.5,1576
2025-11-13 05:38:00+00:00,2426.10009765625,2426.60009765625,2426.0,2426.39990234375,722
2025-11-13 05:39:00+00:00,2426.699951171875,2427.0,2426.10009765625,2426.199951171875,1024
2025-11-13 05:40:00+00:00,2426.199951171875,2427.0,2426.199951171875,2426.800048828125,1241
2025-11-13 05:41:00+00:00,2425.0,2426.5,2425.0,2426.199951171875,1607
2025-11-13 05:42:00+00:00,2426.0,2426.0,2424.39990234375,2425.10009765625,795
2025-11-13 05:43:00+00:00,2425.699951171875,2426.0,2425.699951171875,2425.800048828125,1417
2025-11-13 05:44:00+00:00,2425.800048828125,2426.0,2425.39990234375,2425.5,1368
2025-11-13 05:45:00+00:00,2425.699951171875,2426.0,2425.10009765625,2425.800048828125,1073
2025-11-13 05:46:00+00:00,2425.39990234375,2425.800048828125,2425.10009765625,2425.5,622
2025-11-13 05:47:00+00:00,2425.39990234375,2425.800048828125,2425.0,2425.5,670
2025-11-13 05:48:00+00:00,2424.199951171875,2425.800048828125,2424.0,2425.800048828125,1433
2025-11-13 05:49:00+00:00,2424.0,2425.199951171875,2423.800048828125,2424.60009765625,2896
2025-11-13 05:50:00+00:00,2424.800048828125,2425.300048828125,2424.0,2424.89990234375,609
2025-11-13 05:51:00+00:00,2425.0,2425.199951171875,2424.0,2424.89990234375,1287
2025-11-13 05:52:00+00:00,2424.199951171875,2425.300048828125,2424.10009765625,2425.199951171875,1721
2025-11-13 05:53:00+00:00,2424.0,2424.800048828125,2424.0,2424.10009765625,411
2025-11-13 05:54:00+00:00,2424.800048828125,2424.800048828125,2424.10009765625,2424.300048828125,369
2025-11-13 05:55:00+00:00,2424.5,2425.0,2424.5,2425.0,812
2025-11-13 05:56:00+00:00,2425.0,2425.39990234375,2424.5,2424.5,792
2025-11-13 05:57:00+00:00,2425.199951171875,2425.5,2424.699951171875,2424.89990234375,444
2025-11-13 05:58:00+00:00,2423.199951171875,2424.699951171875,2423.199951171875,2424.699951171875,1383
2025-11-13 05:59:00+00:00,2422.5,2423.800048828125,2422.5,2423.800048828125,900
2025-11-13 06:00:00+00:00,2422.300048828125,2423.0,2422.10009765625,2422.60009765625,1078
2025-11-13 06:01:00+00:00,2422.39990234375,2423.10009765625,2422.10009765625,2422.10009765625,421
2025-11-13 06:02:00+00:00,2422.699951171875,2423.0,2422.300048828125,2422.5,622
2025-11-13 06:03:00+00:00,2422.300048828125,2422.699951171875,2422.10009765625,2422.39990234375,638
2025-11-13 06:04:00+00:00,2421.300048828125,2422.800048828125,2421.199951171875,2422.300048828125,854
2025-11-13 06:05:00+00:00,2421.89990234375,2422.89990234375,2420.89990234375,2421.300048828125,2544
2025-11-13 06:06:00+00:00,2421.800048828125,2422.89990234375,2421.199951171875,2421.89990234375,592
2025-11-13 06:07:00+00:00,2422.5,2422.5,2421.10009765625,2421.699951171875,347
2025-11-13 06:08:00+00:00,2422.89990234375,2423.0,2421.89990234375,2422.0,606
2025-11-13 06:09:00+00:00,2423.89990234375,2424.199951171875,2423.0,2423.39990234375,432
2025-11-13 06:10:00+00:00,2423.39990234375,2424.199951171875,2423.300048828125,2424.199951171875,593
2025-11-13 06:11:00+00:00,2421.60009765625,2424.0,2421.60009765625,2423.39990234375,6503
2025-11-13 06:12:00+00:00,2423.5,2423.800048828125,2421.39990234375,2421.699951171875,1428
2025-11-13 06:13:00+00:00,2423.10009765625,2424.199951171875,2422.89990234375,2423.60009765625,394
2025-11-13 06:14:00+00:00,2423.10009765625,2423.800048828125,2423.0,2423.0,364
2025-11-13 06:15:00+00:00,2424.10009765625,2424.199951171875,2423.10009765625,2423.5,624
2025-11-13 06:16:00+00:00,2423.5,2424.199951171875,2422.800048828125,2424.0,7586
2025-11-13 06:17:00+00:00,2422.800048828125,2424.300048828125,2421.800048828125,2423.800048828125,13931
2025-11-13 06:18:00+00:00,2424.39990234375,2424.800048828125,2423.10009765625,2423.10009765625,1180
2025-11-13 06:19:00+00:00,2424.5,2424.699951171875,2424.0,2424.60009765625,1547
2025-11-13 06:20:00+00:00,2425.0,2425.10009765625,2424.5,2424.60009765625,2184
2025-11-13 06:21:00+00:00,2425.39990234375,2426.0,2425.0,2425.0,1936
2025-11-13 06:22:00+00:00,2425.5,2426.0,2425.300048828125,2425.60009765625,2117
2025-11-13 06:23:00+00:00,2426.0,2426.10009765625,2425.5,2426.0,1701
2025-11-13 06:24:00+00:00,2426.39990234375,2426.5,2425.0,2426.0,3525
2025-11-13 06:25:00+00:00,2426.0,2426.10009765625,2426.0,2426.0,671
2025-11-13 06:26:00+00:00,2426.0,2426.199951171875,2426.0,2426.10009765625,2000
2025-11-13 06:27:00+00:00,2425.10009765625,2426.89990234375,2425.10009765625,2426.0,3668
2025-11-13 06:28:00+00:00,2426.0,2426.10009765625,2425.199951171875,2425.199951171875,233
2025-11-13 06:29:00+00:00,2427.0,2427.5,2426.0,2426.0,3841
2025-11-13 06:30:00+00:00,2426.0,2427.89990234375,2426.0,2427.199951171875,1616
2025-11-13 06:31:00+00:00,2426.199951171875,2426.89990234375,2426.0,2426.10009765625,514
2025-11-13 06:32:00+00:00,2426.10009765625,2426.800048828125,2426.0,2426.10009765625,2699
2025-11-13 06:33:00+00:00,2426.0,2426.10009765625,2426.0,2426.0,401
2025-11-13 06:34:00+00:00,2426.0,2426.10009765625,2425.60009765625,2426.0,5624
2025-11-13 06:35:00+00:00,2426.5,2426.60009765625,2426.0,2426.0,872
2025-11-13 06:36:00+00:00,2426.39990234375,2426.60009765625,2426.0,2426.5,436
2025-11-13 06:37:00+00:00,2426.5,2426.60009765625,2426.199951171875,2426.39990234375,812
2025-11-13 06:38:00+00:00,2427.199951171875,2427.300048828125,2426.5,2426.60009765625,2684
2025-11-13 06:39:00+00:00,2426.5,2427.10009765625,2426.5,2427.10009765625,998
2025-11-13 06:40:00+00:00,2426.5,2426.800048828125,2426.5,2426.60009765625,548
2025-11-13 06:41:00+00:00,2426.699951171875,2426.89990234375,2426.5,2426.5,669
2025-11-13 06:42:00+00:00,2426.60009765625,2426.89990234375,2426.5,2426.800048828125,395
2025-11-13 06:43:00+00:00,2426.699951171875,2426.800048828125,2426.5,2426.699951171875,422
2025-11-13 06:44:00+00:00,2426.800048828125,2426.89990234375,2426.5,2426.60009765625,318
2025-11-13 06:45:00+00:00,2426.699951171875,2426.89990234375,2426.5,2426.60009765625,404
2025-11-13 06:46:00+00:00,2426.60009765625,2426.800048828125,2426.5,2426.60009765625,545
2025-11-13 06:47:00+00:00,2426.60009765625,2426.89990234375,2426.5,2426.699951171875,900
2025-11-13 06:48:00+00:00,2426.699951171875,2426.89990234375,2426.5,2426.60009765625,3059
2025-11-13 06:49:00+00:00,2426.39990234375,2426.5,2426.0,2426.5,6827
2025-11-13 06:50:00+00:00,2426.5,2426.89990234375,2426.10009765625,2426.10009765625,524
2025-11-13 06:51:00+00:00,2426.300048828125,2426.60009765625,2426.0,2426.39990234375,377
2025-11-13 06:52:00+00:00,2426.300048828125,2426.300048828125,2426.0,2426.0,3730
2025-11-13 06:53:00+00:00,2426.39990234375,2426.89990234375,2426.39990234375,2426.5,531
2025-11-13 06:54:00+00:00,2426.89990234375,2426.89990234375,2426.39990234375,2426.800048828125,479
2025-11-13 06:55:00+00:00,2426.699951171875,2426.89990234375,2426.39990234375,2426.89990234375,385
2025-11-13 06:56:00+00:00,2425.5,2426.800048828125,2425.0,2426.5,6764
2025-11-13 06:57:00+00:00,2424.10009765625,2426.199951171875,2424.0,2425.0,6739
2025-11-13 06:58:00+00:00,2423.300048828125,2424.10009765625,2423.300048828125,2424.0,965
2025-11-13 06:59:00+00:00,2422.699951171875,2424.199951171875,2422.199951171875,2423.300048828125,3130
2025-11-13 07:00:00+00:00,2423.5,2425.0,2422.10009765625,2422.60009765625,2756
2025-11-13 07:01:00+00:00,2424.0,2425.0,2423.0,2424.199951171875,11155
2025-11-13 07:02:00+00:00,2423.5,2425.10009765625,2423.300048828125,2424.39990234375,5908
2025-11-13 07:03:00+00:00,2425.10009765625,2425.39990234375,2423.300048828125,2424.0,6223
2025-11-13 07:04:00+00:00,2422.699951171875,2426.0,2422.199951171875,2425.0,13454
2025-11-13 07:05:00+00:00,2422.0,2423.5,2421.300048828125,2422.699951171875,8714
2025-11-13 07:06:00+00:00,2421.300048828125,2423.60009765625,2421.10009765625,2422.0,11550
2025-11-13 07:07:00+00:00,2420.39990234375,2421.199951171875,2420.300048828125,2421.199951171875,2583
2025-11-13 07:08:00+00:00,2420.5,2420.89990234375,2420.0,2420.5,1649
2025-11-13 07:09:00+00:00,2420.0,2420.699951171875,2420.0,2420.199951171875,1085
2025-11-13 07:10:00+00:00,2420.300048828125,2420.89990234375,2419.89990234375,2420.0,3752
2025-11-13 07:11:00+00:00,2420.5,2421.800048828125,2420.0,2420.300048828125,1588
2025-11-13 07:12:00+00:00,2420.5,2421.0,2420.199951171875,2420.60009765625,663
2025-11-13 07:13:00+00:00,2422.300048828125,2422.300048828125,2420.39990234375,2420.5,869
2025-11-13 07:14:00+00:00,2422.199951171875,2423.60009765625,2421.300048828125,2422.699951171875,1463
2025-11-13 07:15:00+00:00,2422.39990234375,2422.89990234375,2422.0,2422.10009765625,1335
2025-11-13 07:16:00+00:00,2421.60009765625,2422.5,2421.60009765625,2422.5,1719
2025-11-13 07:17:00+00:00,2421.60009765625,2421.60009765625,2420.89990234375,2421.60009765625,1521
2025-11-13 07:18:00+00:00,2421.39990234375,2423.0,2421.199951171875,2421.60009765625,1367
2025-11-13 07:19:00+00:00,2420.89990234375,2422.699951171875,2420.89990234375,2421.300048828125,2040
2025-11-13 07:20:00+00:00,2420.5,2421.800048828125,2420.39990234375,2420.89990234375,1746
2025-11-13 07:21:00+00:00,2420.60009765625,2422.0,2420.5,2420.89990234375,1676
2025-11-13 07:22:00+00:00,2420.5,2421.800048828125,2420.5,2420.60009765625,1248
2025-11-13 07:23:00+00:00,2421.60009765625,2421.60009765625,2420.199951171875,2420.5,1177
2025-11-13 07:24:00+00:00,2420.199951171875,2420.800048828125,2420.199951171875,2420.199951171875,714
2025-11-13 07:25:00+00:00,2420.60009765625,2420.800048828125,2420.199951171875,2420.300048828125,774
2025-11-13 07:26:00+00:00,2420.800048828125,2420.89990234375,2420.39990234375,2420.89990234375,1617
2025-11-13 07:27:00+00:00,2420.300048828125,2421.60009765625,2420.0,2420.699951171875,1712
2025-11-13 07:28:00+00:00,2421.0,2421.800048828125,2420.300048828125,2420.300048828125,2735
2025-11-13 07:29:00+00:00,2420.39990234375,2421.60009765625,2420.300048828125,2421.199951171875,2251
2025-11-13 07:30:00+00:00,2421.10009765625,2421.699951171875,2420.39990234375,2420.39990234375,1382
2025-11-13 07:31:00+00:00,2420.89990234375,2422.0,2420.5,2421.800048828125,2025
2025-11-13 07:32:00+00:00,2420.800048828125,2422.0,2420.0,2421.300048828125,16331
2025-11-13 07:33:00+00:00,2421.199951171875,2421.199951171875,2420.0,2420.800048828125,1806
2025-11-13 07:34:00+00:00,2420.10009765625,2421.0,2420.0,2420.300048828125,1858
2025-11-13 07:35:00+00:00,2420.5,2421.300048828125,2420.10009765625,2420.10009765625,1172
2025-11-13 07:36:00+00:00,2419.5,2420.699951171875,2419.5,2420.39990234375,4743
2025-11-13 07:37:00+00:00,2418.199951171875,2419.89990234375,2417.800048828125,2419.39990234375,18475
2025-11-13 07:38:00+00:00,2418.0,2418.5,2417.699951171875,2418.199951171875,12423
2025-11-13 07:39:00+00:00,2418.0,2418.5,2417.699951171875,2417.89990234375,5424
2025-11-13 07:40:00+00:00,2418.0,2418.0,2416.5,2417.800048828125,6398
2025-11-13 07:41:00+00:00,2417.89990234375,2419.10009765625,2416.5,2417.699951171875,15006
2025-11-13 07:42:00+00:00,2417.5,2419.199951171875,2417.5,2417.699951171875,1849
2025-11-13 07:43:00+00:00,2417.5,2418.89990234375,2417.5,2417.89990234375,5636
2025-11-13 07:44:00+00:00,2416.60009765625,2418.199951171875,2416.0,2417.800048828125,32858
2025-11-13 07:45:00+00:00,2417.800048828125,2417.89990234375,2416.0,2416.60009765625,3125
2025-11-13 07:46:00+00:00,2416.699951171875,2417.39990234375,2414.199951171875,2417.10009765625,31455
2025-11-13 07:47:00+00:00,2416.199951171875,2416.60009765625,2416.0,2416.39990234375,1822
2025-11-13 07:48:00+00:00,2415.300048828125,2416.699951171875,2414.699951171875,2416.199951171875,34434
2025-11-13 07:49:00+00:00,2416.39990234375,2416.39990234375,2415.0,2416.199951171875,2615
2025-11-13 07:50:00+00:00,2416.10009765625,2416.800048828125,2415.39990234375,2416.199951171875,3320
2025-11-13 07:51:00+00:00,2416.199951171875,2416.800048828125,2416.0,2416.699951171875,1733
2025-11-13 07:52:00+00:00,2417.300048828125,2417.5,2416.0,2416.800048828125,2693
2025-11-13 07:53:00+00:00,2417.300048828125,2417.60009765625,2416.39990234375,2417.10009765625,2261
2025-11-13 07:54:00+00:00,2417.10009765625,2417.699951171875,2416.60009765625,2417.699951171875,1821
2025-11-13 07:55:00+00:00,2417.10009765625,2417.10009765625,2416.89990234375,2417.10009765625,1419
2025-11-13 07:56:00+00:00,2417.0,2417.60009765625,2416.89990234375,2417.10009765625,1450
2025-11-13 07:57:00+00:00,2416.199951171875,2417.0,2416.199951171875,2416.89990234375,3367
2025-11-13 07:58:00+00:00,2416.60009765625,2417.39990234375,2416.0,2416.800048828125,2164
2025-11-13 07:59:00+00:00,2417.39990234375,2417.699951171875,2416.699951171875,2417.0,2510
2025-11-13 08:00:00+00:00,2417.89990234375,2417.89990234375,2416.89990234375,2417.800048828125,1559
2025-11-13 08:01:00+00:00,2417.199951171875,2417.60009765625,2416.89990234375,2416.89990234375,1755
2025-11-13 08:02:00+00:00,2417.300048828125,2417.5,2417.0,2417.300048828125,1576
2025-11-13 08:03:00+00:00,2417.10009765625,2417.39990234375,2417.0,2417.39990234375,1650
2025-11-13 08:04:00+00:00,2416.800048828125,2417.39990234375,2416.60009765625,2417.10009765625,3218
2025-11-13 08:05:00+00:00,2417.199951171875,2418.0,2416.60009765625,2416.699951171875,2929
2025-11-13 08:06:00+00:00,2417.699951171875,2418.39990234375,2417.10009765625,2417.10009765625,2383
2025-11-13 08:07:00+00:00,2417.699951171875,2417.800048828125,2417.300048828125,2417.60009765625,1724
2025-11-13 08:08:00+00:00,2417.60009765625,2418.5,2417.300048828125,2417.699951171875,685
2025-11-13 08:09:00+00:00,2418.199951171875,2418.89990234375,2417.699951171875,2417.699951171875,2894
2025-11-13 08:10:00+00:00,2417.89990234375,2418.699951171875,2417.60009765625,2418.199951171875,1579
2025-11-13 08:11:00+00:00,2418.699951171875,2419.199951171875,2417.60009765625,2417.699951171875,2728
2025-11-13 08:12:00+00:00,2418.10009765625,2419.10009765625,2418.0,2418.60009765625,2261
2025-11-13 08:13:00+00:00,2418.0,2418.5,2418.0,2418.0,1577
2025-11-13 08:14:00+00:00,2417.699951171875,2418.39990234375,2417.5,2418.0,1650
2025-11-13 08:15:00+00:00,2418.10009765625,2418.5,2417.300048828125,2417.89990234375,1021
2025-11-13 08:16:00+00:00,2417.60009765625,2418.199951171875,2417.5,2418.10009765625,1140
2025-11-13 08:17:00+00:00,2417.60009765625,2418.39990234375,2417.5,2417.60009765625,1199
2025-11-13 08:18:00+00:00,2417.300048828125,2418.10009765625,2417.300048828125,2417.5,2152
2025-11-13 08:19:00+00:00,2417.10009765625,2417.800048828125,2417.0,2417.199951171875,1679
2025-11-13 08:20:00+00:00,2417.199951171875,2417.800048828125,2417.0,2417.0,1087
2025-11-13 08:21:00+00:00,2418.39990234375,2418.39990234375,2417.5,2417.89990234375,2485
2025-11-13 08:22:00+00:00,2417.60009765625,2418.699951171875,2417.5,2418.5,1713
2025-11-13 08:23:00+00:00,2418.0,2418.0,2417.0,2417.60009765625,2613
2025-11-13 08:24:00+00:00,2418.10009765625,2418.699951171875,2417.5,2417.60009765625,2423
2025-11-13 08:25:00+00:00,2418.60009765625,2418.60009765625,2417.199951171875,2417.699951171875,4567
2025-11-13 08:26:00+00:00,2417.5,2418.39990234375,2417.300048828125,2418.0,890
2025-11-13 08:27:00+00:00,2418.0,2418.0,2417.199951171875,2417.5,1224
2025-11-13 08:28:00+00:00,2418.0,2418.300048828125,2417.300048828125,2418.0,1311
2025-11-13 08:29:00+00:00,2417.0,2417.39990234375,2417.0,2417.39990234375,3647
2025-11-13 08:30:00+00:00,2413.800048828125,2417.89990234375,2413.800048828125,2417.5,8235
2025-11-13 08:31:00+00:00,2413.89990234375,2415.60009765625,2413.39990234375,2413.800048828125,7846
2025-11-13 08:32:00+00:00,2415.39990234375,2416.60009765625,2413.800048828125,2414.199951171875,3993
2025-11-13 08:33:00+00:00,2414.89990234375,2415.89990234375,2414.199951171875,2415.39990234375,1930
2025-11-13 08:34:00+00:00,2414.60009765625,2415.39990234375,2414.0,2414.60009765625,1854
2025-11-13 08:35:00+00:00,2414.60009765625,2415.0,2414.0,2414.60009765625,1151
2025-11-13 08:36:00+00:00,2414.10009765625,2415.0,2414.0,2414.699951171875,1268
2025-11-13 08:37:00+00:00,2413.89990234375,2414.60009765625,2413.699951171875,2414.5,1159
2025-11-13 08:38:00+00:00,2412.800048828125,2413.800048828125,2412.800048828125,2413.800048828125,3030
2025-11-13 08:39:00+00:00,2412.0,2413.199951171875,2412.0,2412.800048828125,3327
2025-11-13 08:40:00+00:00,2412.60009765625,2412.60009765625,2412.0,2412.300048828125,1834
2025-11-13 08:41:00+00:00,2411.89990234375,2412.60009765625,2411.89990234375,2412.199951171875,1624
2025-11-13 08:42:00+00:00,2410.699951171875,2413.5,2410.699951171875,2412.199951171875,4079
2025-11-13 08:43:00+00:00,2411.0,2411.0,2410.0,2410.89990234375,1929
2025-11-13 08:44:00+00:00,2411.699951171875,2412.39990234375,2410.300048828125,2410.39990234375,1399
2025-11-13 08:45:00+00:00,2412.89990234375,2412.89990234375,2411.0,2411.699951171875,1682
2025-11-13 08:46:00+00:00,2412.199951171875,2413.699951171875,2411.89990234375,2412.10009765625,5741
2025-11-13 08:47:00+00:00,2413.300048828125,2413.800048828125,2412.199951171875,2412.199951171875,1794
2025-11-13 08:48:00+00:00,2413.0,2413.199951171875,2412.699951171875,2413.0,1035
2025-11-13 08:49:00+00:00,2413.39990234375,2413.39990234375,2412.60009765625,2412.699951171875,1379
2025-11-13 08:50:00+00:00,2411.699951171875,2412.60009765625,2411.60009765625,2412.60009765625,1127
2025-11-13 08:51:00+00:00,2412.300048828125,2412.300048828125,2411.10009765625,2411.5,7001
2025-11-13 08:52:00+00:00,2413.39990234375,2413.39990234375,2411.10009765625,2412.300048828125,10861
2025-11-13 08:53:00+00:00,2412.10009765625,2412.39990234375,2411.10009765625,2412.39990234375,8235
2025-11-13 08:54:00+00:00,2412.5,2412.60009765625,2410.699951171875,2412.0,3855
2025-11-13 08:55:00+00:00,2412.800048828125,2413.699951171875,2412.0,2412.5,1220
2025-11-13 08:56:00+00:00,2413.10009765625,2413.699951171875,2413.0,2413.0,942
2025-11-13 08:57:00+00:00,2413.60009765625,2413.699951171875,2413.10009765625,2413.199951171875,1948
2025-11-13 08:58:00+00:00,2413.5,2413.699951171875,2413.199951171875,2413.300048828125,2809
2025-11-13 08:59:00+00:00,2412.89990234375,2414.300048828125,2412.800048828125,2413.5,4687
2025-11-13 09:00:00+00:00,2413.0,2413.699951171875,2412.39990234375,2413.10009765625,1424
2025-11-13 09:01:00+00:00,2413.199951171875,2413.800048828125,2412.89990234375,2412.89990234375,8572
2025-11-13 09:02:00+00:00,2413.10009765625,2414.10009765625,2413.10009765625,2413.10009765625,6745
2025-11-13 09:03:00+00:00,2414.0,2414.10009765625,2413.10009765625,2413.199951171875,7682
2025-11-13 09:04:00+00:00,2412.10009765625,2414.10009765625,2412.10009765625,2413.89990234375,2632
2025-11-13 09:05:00+00:00,2412.300048828125,2412.300048828125,2411.300048828125,2412.10009765625,1840
2025-11-13 09:06:00+00:00,2412.89990234375,2412.89990234375,2411.5,2411.89990234375,1467
2025-11-13 09:07:00+00:00,2411.800048828125,2413.10009765625,2411.800048828125,2412.5,1115
2025-11-13 09:08:00+00:00,2412.199951171875,2412.300048828125,2411.5,2411.89990234375,1181
2025-11-13 09:09:00+00:00,2412.39990234375,2412.39990234375,2412.0,2412.199951171875,1229
2025-11-13 09:10:00+00:00,2411.300048828125,2412.39990234375,2411.300048828125,2412.10009765625,1305
2025-11-13 09:11:00+00:00,2413.5,2413.5,2411.300048828125,2411.39990234375,4502
2025-11-13 09:12:00+00:00,2412.5,2413.699951171875,2412.0,2413.5,6961
2025-11-13 09:13:00+00:00,2415.199951171875,2415.39990234375,2412.0,2412.5,10286
2025-11-13 09:14:00+00:00,2412.60009765625,2415.300048828125,2412.5,2415.300048828125,2778
2025-11-13 09:15:00+00:00,2412.39990234375,2413.0,2412.0,2412.60009765625,1362
2025-11-13 09:16:00+00:00,2413.10009765625,2413.10009765625,2412.199951171875,2412.300048828125,1132
2025-11-13 09:17:00+00:00,2412.699951171875,2413.300048828125,2412.10009765625,2413.0,1135
2025-11-13 09:18:00+00:00,2409.89990234375,2413.10009765625,2409.89990234375,2412.199951171875,16533
2025-11-13 09:19:00+00:00,2409.39990234375,2410.0,2409.0,2410.0,13761
2025-11-13 09:20:00+00:00,2410.5,2411.89990234375,2409.300048828125,2410.0,15199
2025-11-13 09:21:00+00:00,2408.60009765625,2410.39990234375,2408.60009765625,2410.39990234375,5601
2025-11-13 09:22:00+00:00,2408.89990234375,2408.89990234375,2408.10009765625,2408.60009765625,9437
2025-11-13 09:23:00+00:00,2407.699951171875,2408.89990234375,2407.0,2408.199951171875,6937
2025-11-13 09:24:00+00:00,2408.0,2408.0,2406.39990234375,2407.10009765625,2715
2025-11-13 09:25:00+00:00,2407.10009765625,2408.39990234375,2406.60009765625,2408.0,3020
2025-11-13 09:26:00+00:00,2407.300048828125,2408.0,2406.89990234375,2407.0,1620
2025-11-13 09:27:00+00:00,2408.0,2408.0,2407.0,2407.199951171875,1618
2025-11-13 09:28:00+00:00,2407.199951171875,2407.89990234375,2407.0,2407.800048828125,1270
2025-11-13 09:29:00+00:00,2406.300048828125,2407.5,2406.300048828125,2407.39990234375,2104
2025-11-13 09:30:00+00:00,2406.10009765625,2407.300048828125,2406.0,2406.60009765625,5135
2025-11-13 09:31:00+00:00,2405.60009765625,2406.10009765625,2405.0,2406.10009765625,6797
2025-11-13 09:32:00+00:00,2405.5,2406.699951171875,2405.10009765625,2405.60009765625,5289
2025-11-13 09:33:00+00:00,2407.60009765625,2407.800048828125,2405.300048828125,2406.199951171875,5553
2025-11-13 09:34:00+00:00,2408.39990234375,2408.39990234375,2406.89990234375,2407.5,5883
2025-11-13 09:35:00+00:00,2406.0,2408.800048828125,2405.39990234375,2408.39990234375,13185
2025-11-13 09:36:00+00:00,2406.0,2406.699951171875,2405.10009765625,2406.0,10217
2025-11-13 09:37:00+00:00,2406.39990234375,2406.800048828125,2406.0,2406.0,3063
2025-11-13 09:38:00+00:00,2405.199951171875,2406.699951171875,2405.199951171875,2406.199951171875,6830
2025-11-13 09:39:00+00:00,2407.699951171875,2408.0,2405.199951171875,2405.300048828125,4421
2025-11-13 09:40:00+00:00,2405.199951171875,2407.60009765625,2405.199951171875,2407.10009765625,8865
2025-11-13 09:41:00+00:00,2406.800048828125,2408.0,2405.39990234375,2405.800048828125,7866
2025-11-13 09:42:00+00:00,2405.60009765625,2408.800048828125,2405.60009765625,2406.800048828125,9175
2025-11-13 09:43:00+00:00,2405.199951171875,2406.699951171875,2405.199951171875,2405.60009765625,7365
2025-11-13 09:44:00+00:00,2405.89990234375,2406.199951171875,2405.0,2405.10009765625,7023
2025-11-13 09:45:00+00:00,2410.0,2410.300048828125,2405.89990234375,2405.89990234375,15216
2025-11-13 09:46:00+00:00,2411.0,2411.0,2409.39990234375,2410.0,17394
2025-11-13 09:47:00+00:00,2406.5,2410.89990234375,2406.10009765625,2410.89990234375,17801
2025-11-13 09:48:00+00:00,2408.199951171875,2408.800048828125,2406.10009765625,2407.699951171875,4515
2025-11-13 09:49:00+00:00,2407.89990234375,2408.800048828125,2407.10009765625,2408.300048828125,3579
2025-11-13 09:50:00+00:00,2409.89990234375,2410.0,2407.60009765625,2407.60009765625,9974
2025-11-13 09:51:00+00:00,2407.89990234375,2409.89990234375,2407.300048828125,2409.89990234375,8702
2025-11-13 09:52:00+00:00,2407.89990234375,2408.800048828125,2406.10009765625,2407.89990234375,6002
2025-11-13 09:53:00+00:00,2407.0,2408.39990234375,2406.60009765625,2407.5,8205
2025-11-13 09:54:00+00:00,2408.0,2408.10009765625,2406.10009765625,2407.60009765625,4522
2025-11-13 09:55:00+00:00,2408.699951171875,2409.39990234375,2407.60009765625,2407.699951171875,5587
2025-11-13 09:56:00+00:00,2409.699951171875,2409.89990234375,2408.300048828125,2408.60009765625,3423
2025-11-13 09:57:00+00:00,2408.10009765625,2410.699951171875,2408.0,2409.60009765625,8218
2025-11-13 09:58:00+00:00,2408.10009765625,2408.5,2408.0,2408.0,2350
2025-11-13 09:59:00+00:00,2409.0,2409.0,2408.10009765625,2408.10009765625,1623
2025-11-14 03:45:00+00:00,2399.5,2405.10009765625,2398.10009765625,2405.10009765625,0
2025-11-14 03:46:00+00:00,2396.199951171875,2399.0,2395.5,2398.0,7540
2025-11-14 03:47:00+00:00,2395.89990234375,2396.699951171875,2392.60009765625,2396.0,5751
2025-11-14 03:48:00+00:00,2398.199951171875,2399.5,2395.89990234375,2396.89990234375,1580
2025-11-14 03:49:00+00:00,2397.10009765625,2398.800048828125,2395.89990234375,2397.10009765625,2744
2025-11-14 03:50:00+00:00,2398.0,2398.699951171875,2396.89990234375,2397.699951171875,371
2025-11-14 03:51:00+00:00,2399.699951171875,2399.699951171875,2397.0,2398.0,2965
2025-11-14 03:52:00+00:00,2400.5,2400.89990234375,2398.300048828125,2399.699951171875,2591
2025-11-14 03:53:00+00:00,2399.699951171875,2400.5,2399.0,2400.5,649
2025-11-14 03:54:00+00:00,2399.300048828125,2400.0,2399.300048828125,2399.5,1352
2025-11-14 03:55:00+00:00,2401.0,2401.0,2399.800048828125,2399.800048828125,980
2025-11-14 03:56:00+00:00,2400.0,2402.60009765625,2399.5,2401.10009765625,1698
2025-11-14 03:57:00+00:00,2404.300048828125,2404.300048828125,2399.60009765625,2400.5,2852
2025-11-14 03:58:00+00:00,2402.60009765625,2404.0,2401.5,2403.10009765625,741
2025-11-14 03:59:00+00:00,2406.0,2406.0,2401.800048828125,2402.800048828125,1923
2025-11-14 04:00:00+00:00,2407.0,2408.39990234375,2406.89990234375,2407.60009765625,3157
2025-11-14 04:01:00+00:00,2407.0,2407.0,2405.5,2406.60009765625,709
2025-11-14 04:02:00+00:00,2409.0,2409.39990234375,2407.0,2407.0,1308
2025-11-14 04:03:00+00:00,2409.800048828125,2409.800048828125,2408.800048828125,2408.800048828125,755
2025-11-14 04:04:00+00:00,2410.0,2410.0,2409.39990234375,2409.5,837
2025-11-14 04:05:00+00:00,2410.10009765625,2410.89990234375,2408.800048828125,2410.0,2218
2025-11-14 04:06:00+00:00,2409.60009765625,2410.300048828125,2409.0,2410.10009765625,1437
2025-11-14 04:07:00+00:00,2409.0,2409.800048828125,2409.0,2409.60009765625,579
2025-11-14 04:08:00+00:00,2410.0,2410.0,2408.0,2408.0,1028
2025-11-14 04:09:00+00:00,2409.39990234375,2410.0,2409.39990234375,2410.0,231
2025-11-14 04:10:00+00:00,2408.60009765625,2409.39990234375,2408.199951171875,2409.39990234375,3568
2025-11-14 04:11:00+00:00,2412.0,2412.60009765625,2408.10009765625,2409.0,2108
2025-11-14 04:12:00+00:00,2412.5,2413.39990234375,2411.60009765625,2412.199951171875,876
2025-11-14 04:13:00+00:00,2412.0,2412.800048828125,2412.0,2412.0,378
2025-11-14 04:14:00+00:00,2412.0,2412.0,2411.699951171875,2411.699951171875,397
2025-11-14 04:15:00+00:00,2413.800048828125,2414.60009765625,2412.89990234375,2412.89990234375,1571
2025-11-14 04:16:00+00:00,2413.5,2414.39990234375,2412.39990234375,2413.89990234375,917
2025-11-14 04:17:00+00:00,2413.10009765625,2414.39990234375,2413.10009765625,2414.0,703
2025-11-14 04:18:00+00:00,2413.800048828125,2414.0,2412.60009765625,2414.0,769
2025-11-14 04:19:00+00:00,2412.800048828125,2414.0,2412.800048828125,2413.800048828125,696
2025-11-14 04:20:00+00:00,2413.10009765625,2413.39990234375,2412.60009765625,2413.10009765625,648
2025-11-14 04:21:00+00:00,2411.800048828125,2412.89990234375,2411.0,2412.60009765625,1075
2025-11-14 04:22:00+00:00,2411.5,2412.800048828125,2410.5,2412.0,471
2025-11-14 04:23:00+00:00,2407.5,2411.300048828125,2407.5,2411.300048828125,1428
2025-11-14 04:24:00+00:00,2406.800048828125,2408.39990234375,2406.0,2408.39990234375,1853
2025-11-14 04:25:00+00:00,2408.89990234375,2409.0,2406.0,2406.0,536
2025-11-14 04:26:00+00:00,2408.300048828125,2409.0,2408.199951171875,2408.89990234375,907
2025-11-14 04:27:00+00:00,2408.5,2409.0,2408.0,2408.5,461
2025-11-14 04:28:00+00:00,2408.89990234375,2409.0,2408.60009765625,2408.60009765625,474
2025-11-14 04:29:00+00:00,2409.0,2409.0,2408.39990234375,2408.39990234375,619
2025-11-14 04:30:00+00:00,2409.199951171875,2410.0,2409.199951171875,2409.89990234375,82
2025-11-14 04:31:00+00:00,2408.800048828125,2409.89990234375,2408.39990234375,2408.60009765625,630
2025-11-14 04:32:00+00:00,2408.10009765625,2408.39990234375,2408.0,2408.300048828125,486
2025-11-14 04:33:00+00:00,2405.0,2407.699951171875,2405.0,2407.300048828125,880
2025-11-14 04:34:00+00:00,2406.199951171875,2406.39990234375,2405.0,2405.199951171875,453
2025-11-14 04:35:00+00:00,2410.800048828125,2411.0,2406.60009765625,2406.60009765625,2180
2025-11-14 04:36:00+00:00,2410.89990234375,2411.10009765625,2409.800048828125,2410.800048828125,975
2025-11-14 04:37:00+00:00,2409.699951171875,2411.60009765625,2409.699951171875,2411.60009765625,1213
2025-11-14 04:38:00+00:00,2409.5,2410.300048828125,2409.0,2410.300048828125,340
2025-11-14 04:39:00+00:00,2407.39990234375,2409.5,2407.300048828125,2408.60009765625,865
2025-11-14 04:40:00+00:00,2408.39990234375,2408.89990234375,2408.39990234375,2408.60009765625,504
2025-11-14 04:41:00+00:00,2408.199951171875,2408.39990234375,2407.89990234375,2408.39990234375,977
2025-11-14 04:42:00+00:00,2408.0,2408.800048828125,2408.0,2408.5,661
2025-11-14 04:43:00+00:00,2407.10009765625,2408.199951171875,2406.800048828125,2408.0,497
2025-11-14 04:44:00+00:00,2407.89990234375,2408.39990234375,2407.199951171875,2407.39990234375,466
2025-11-14 04:45:00+00:00,2408.89990234375,2408.89990234375,2408.0,2408.0,264
2025-11-14 04:46:00+00:00,2409.699951171875,2410.300048828125,2409.199951171875,2409.39990234375,1094
2025-11-14 04:47:00+00:00,2409.5,2409.699951171875,2408.89990234375,2409.699951171875,434
2025-11-14 04:48:00+00:00,2409.89990234375,2410.300048828125,2409.0,2409.60009765625,587
2025-11-14 04:49:00+00:00,2409.89990234375,2409.89990234375,2409.10009765625,2409.699951171875,372
2025-11-14 04:50:00+00:00,2409.800048828125,2410.0,2409.0,2410.0,334
2025-11-14 04:51:00+00:00,2410.800048828125,2411.0,2409.800048828125,2409.89990234375,670
2025-11-14 04:52:00+00:00,2411.0,2411.0,2409.89990234375,2409.89990234375,386
2025-11-14 04:53:00+00:00,2410.199951171875,2410.39990234375,2409.10009765625,2409.60009765625,594
2025-11-14 04:54:00+00:00,2409.800048828125,2409.800048828125,2408.60009765625,2409.699951171875,1550
2025-11-14 04:55:00+00:00,2410.0,2410.39990234375,2409.300048828125,2409.89990234375,437
2025-11-14 04:56:00+00:00,2409.60009765625,2409.800048828125,2408.60009765625,2409.800048828125,346
2025-11-14 04:57:00+00:00,2409.199951171875,2409.89990234375,2408.60009765625,2409.89990234375,997
2025-11-14 04:58:00+00:00,2409.5,2409.5,2409.199951171875,2409.39990234375,466
2025-11-14 04:59:00+00:00,2408.39990234375,2409.39990234375,2408.0,2409.0,1153
2025-11-14 05:00:00+00:00,2408.89990234375,2409.39990234375,2408.5,2409.39990234375,283
2025-11-14 05:01:00+00:00,2410.0,2410.0,2408.60009765625,2408.89990234375,840
2025-11-14 05:02:00+00:00,2411.39990234375,2411.89990234375,2410.5,2410.89990234375,1116
2025-11-14 05:03:00+00:00,2410.5,2411.800048828125,2410.39990234375,2411.800048828125,559
2025-11-14 05:04:00+00:00,2410.699951171875,2410.800048828125,2409.89990234375,2410.39990234375,369
2025-11-14 05:05:00+00:00,2410.89990234375,2411.10009765625,2409.89990234375,2410.10009765625,325
2025-11-14 05:06:00+00:00,2411.39990234375,2411.39990234375,2410.199951171875,2410.300048828125,363
2025-11-14 05:07:00+00:00,2411.800048828125,2411.89990234375,2411.199951171875,2411.39990234375,305
2025-11-14 05:08:00+00:00,2411.800048828125,2411.89990234375,2410.89990234375,2411.89990234375,523
2025-11-14 05:09:00+00:00,2411.5,2411.89990234375,2411.39990234375,2411.699951171875,277
2025-11-14 05:10:00+00:00,2413.39990234375,2413.699951171875,2411.89990234375,2411.89990234375,1622
2025-11-14 05:11:00+00:00,2412.60009765625,2414.300048828125,2412.60009765625,2413.60009765625,753
2025-11-14 05:12:00+00:00,2412.699951171875,2412.800048828125,2411.199951171875,2412.699951171875,474
2025-11-14 05:13:00+00:00,2413.10009765625,2413.699951171875,2412.0,2412.800048828125,431
2025-11-14 05:14:00+00:00,2414.300048828125,2414.300048828125,2413.300048828125,2413.89990234375,612
2025-11-14 05:15:00+00:00,2414.0,2414.699951171875,2413.699951171875,2414.300048828125,3014
2025-11-14 05:16:00+00:00,2413.800048828125,2414.39990234375,2413.0,2414.0,1174
2025-11-14 05:17:00+00:00,2413.60009765625,2413.89990234375,2412.5,2413.800048828125,1412
2025-11-14 05:18:00+00:00,2413.300048828125,2413.60009765625,2412.199951171875,2413.60009765625,489
2025-11-14 05:19:00+00:00,2416.300048828125,2416.60009765625,2414.60009765625,2414.60009765625,3668
2025-11-14 05:20:00+00:00,2416.199951171875,2416.300048828125,2415.0,2416.300048828125,819
2025-11-14 05:21:00+00:00,2416.199951171875,2416.199951171875,2415.300048828125,2415.300048828125,1562
2025-11-14 05:22:00+00:00,2416.60009765625,2416.89990234375,2416.39990234375,2416.89990234375,434
2025-11-14 05:23:00+00:00,2416.89990234375,2417.0,2416.0,2416.5,922
2025-11-14 05:24:00+00:00,2417.10009765625,2417.89990234375,2416.300048828125,2416.89990234375,3172
2025-11-14 05:25:00+00:00,2416.5,2417.89990234375,2415.0,2417.800048828125,1831
2025-11-14 05:26:00+00:00,2416.5,2417.60009765625,2416.199951171875,2416.60009765625,441
2025-11-14 05:27:00+00:00,2418.5,2418.5,2416.5,2417.10009765625,1992
2025-11-14 05:28:00+00:00,2418.0,2418.60009765625,2417.39990234375,2418.60009765625,967
2025-11-14 05:29:00+00:00,2417.5,2418.60009765625,2417.5,2417.800048828125,2618
2025-11-14 05:30:00+00:00,2418.5,2418.60009765625,2417.39990234375,2418.60009765625,545
2025-11-14 05:31:00+00:00,2416.5,2418.5,2416.199951171875,2418.5,1111
2025-11-14 05:32:00+00:00,2418.5,2418.5,2416.800048828125,2417.5,2201
2025-11-14 05:33:00+00:00,2417.10009765625,2418.800048828125,2416.0,2418.800048828125,1513
2025-11-14 05:34:00+00:00,2416.800048828125,2417.60009765625,2415.699951171875,2417.10009765625,998
2025-11-14 05:35:00+00:00,2416.60009765625,2417.89990234375,2416.199951171875,2417.5,993
2025-11-14 05:36:00+00:00,2416.60009765625,2416.800048828125,2415.300048828125,2416.5,426
2025-11-14 05:37:00+00:00,2416.800048828125,2417.39990234375,2416.0,2416.300048828125,746
2025-11-14 05:38:00+00:00,2416.0,2417.10009765625,2416.0,2417.10009765625,834
2025-11-14 05:39:00+00:00,2416.5,2417.89990234375,2416.5,2416.89990234375,538
2025-11-14 05:40:00+00:00,2416.0,2417.39990234375,2416.0,2417.199951171875,676
2025-11-14 05:41:00+00:00,2416.89990234375,2417.300048828125,2415.89990234375,2417.10009765625,759
2025-11-14 05:42:00+00:00,2418.300048828125,2418.5,2416.300048828125,2417.39990234375,1140
2025-11-14 05:43:00+00:00,2418.5,2419.0,2417.39990234375,2418.0,575
2025-11-14 05:44:00+00:00,2418.89990234375,2419.10009765625,2417.5,2418.39990234375,745
2025-11-14 05:45:00+00:00,2418.300048828125,2419.199951171875,2418.0,2418.0,692
2025-11-14 05:46:00+00:00,2418.800048828125,2418.89990234375,2418.0,2418.89990234375,1422
2025-11-14 05:47:00+00:00,2418.0,2418.89990234375,2417.699951171875,2418.800048828125,583
2025-11-14 05:48:00+00:00,2416.699951171875,2418.10009765625,2416.0,2418.10009765625,482
2025-11-14 05:49:00+00:00,2416.800048828125,2416.800048828125,2415.10009765625,2416.199951171875,812
2025-11-14 05:50:00+00:00,2418.0,2418.0,2416.0,2417.300048828125,948
2025-11-14 05:51:00+00:00,2417.5,2417.800048828125,2417.0,2417.0,462
2025-11-14 05:52:00+00:00,2417.0,2417.0,2415.800048828125,2417.0,321
2025-11-14 05:53:00+00:00,2417.5,2418.0,2416.800048828125,2417.89990234375,413
2025-11-14 05:54:00+00:00,2417.89990234375,2418.0,2417.0,2418.0,624
2025-11-14 05:55:00+00:00,2417.89990234375,2418.0,2416.699951171875,2417.800048828125,488
2025-11-14 05:56:00+00:00,2416.800048828125,2417.89990234375,2416.800048828125,2417.5,401
2025-11-14 05:57:00+00:00,2416.800048828125,2417.300048828125,2416.10009765625,2416.800048828125,538
2025-11-14 05:58:00+00:00,2416.89990234375,2416.89990234375,2416.0,2416.699951171875,542
2025-11-14 05:59:00+00:00,2413.199951171875,2416.89990234375,2413.10009765625,2416.89990234375,3133
2025-11-14 06:00:00+00:00,2414.39990234375,2414.39990234375,2412.0,2413.10009765625,1826
2025-11-14 06:01:00+00:00,2413.800048828125,2415.300048828125,2413.10009765625,2414.300048828125,442
2025-11-14 06:02:00+00:00,2414.300048828125,2415.300048828125,2413.300048828125,2413.800048828125,693
2025-11-14 06:03:00+00:00,2412.5,2415.699951171875,2412.5,2415.699951171875,933
2025-11-14 06:04:00+00:00,2414.800048828125,2414.800048828125,2412.39990234375,2412.39990234375,426
2025-11-14 06:05:00+00:00,2415.10009765625,2415.5,2414.5,2414.60009765625,417
2025-11-14 06:06:00+00:00,2415.10009765625,2415.10009765625,2414.10009765625,2415.10009765625,272
2025-11-14 06:07:00+00:00,2415.89990234375,2415.89990234375,2414.5,2414.89990234375,1550
2025-11-14 06:08:00+00:00,2414.5,2415.89990234375,2414.199951171875,2415.89990234375,949
2025-11-14 06:09:00+00:00,2413.5,2414.0,2412.199951171875,2414.0,2463
2025-11-14 06:10:00+00:00,2414.5,2415.699951171875,2414.10009765625,2415.300048828125,2670
2025-11-14 06:11:00+00:00,2415.0,2415.699951171875,2414.39990234375,2414.39990234375,423
2025-11-14 06:12:00+00:00,2412.60009765625,2415.0,2412.10009765625,2414.89990234375,3900
2025-11-14 06:13:00+00:00,2411.800048828125,2412.800048828125,2411.300048828125,2411.89990234375,1518
2025-11-14 06:14:00+00:00,2412.199951171875,2412.800048828125,2411.10009765625,2411.89990234375,391
2025-11-14 06:15:00+00:00,2413.89990234375,2414.800048828125,2412.0,2412.800048828125,929
2025-11-14 06:16:00+00:00,2414.39990234375,2414.39990234375,2413.199951171875,2413.800048828125,381
2025-11-14 06:17:00+00:00,2413.39990234375,2415.5,2412.89990234375,2413.800048828125,9065
2025-11-14 06:18:00+00:00,2413.199951171875,2414.5,2413.0,2413.300048828125,468
2025-11-14 06:19:00+00:00,2413.800048828125,2414.0,2413.10009765625,2414.0,395
2025-11-14 06:20:00+00:00,2416.0,2416.89990234375,2413.800048828125,2413.800048828125,5258
2025-11-14 06:21:00+00:00,2414.699951171875,2416.89990234375,2414.60009765625,2416.5,1575
2025-11-14 06:22:00+00:00,2414.89990234375,2415.0,2413.60009765625,2414.89990234375,733
2025-11-14 06:23:00+00:00,2413.39990234375,2415.0,2413.0,2415.0,4169
2025-11-14 06:24:00+00:00,2413.89990234375,2414.5,2412.699951171875,2413.10009765625,352
2025-11-14 06:25:00+00:00,2412.89990234375,2414.300048828125,2412.0,2414.300048828125,427
2025-11-14 06:26:00+00:00,2412.0,2413.199951171875,2412.0,2412.89990234375,531
2025-11-14 06:27:00+00:00,2411.699951171875,2413.39990234375,2411.39990234375,2412.0,13777
2025-11-14 06:28:00+00:00,2413.800048828125,2413.89990234375,2411.60009765625,2411.60009765625,2689
2025-11-14 06:29:00+00:00,2413.39990234375,2414.0,2413.0,2413.89990234375,520
2025-11-14 06:30:00+00:00,2414.699951171875,2415.10009765625,2413.5,2413.5,2035
2025-11-14 06:31:00+00:00,2415.0,2415.5,2414.199951171875,2414.699951171875,556
2025-11-14 06:32:00+00:00,2414.699951171875,2415.0,2414.0,2415.0,1417
2025-11-14 06:33:00+00:00,2414.60009765625,2414.800048828125,2414.0,2414.699951171875,872
2025-11-14 06:34:00+00:00,2414.89990234375,2414.89990234375,2414.0,2414.0,447
2025-11-14 06:35:00+00:00,2414.89990234375,2414.89990234375,2414.0,2414.10009765625,337
2025-11-14 06:36:00+00:00,2414.800048828125,2415.199951171875,2413.5,2414.5,976
2025-11-14 06:37:00+00:00,2415.300048828125,2415.300048828125,2414.39990234375,2415.10009765625,377
2025-11-14 06:38:00+00:00,2415.800048828125,2416.0,2415.0,2415.0,350
2025-11-14 06:39:00+00:00,2415.89990234375,2416.0,2415.0,2416.0,332
2025-11-14 06:40:00+00:00,2416.0,2416.0,2415.0,2415.39990234375,439
2025-11-14 06:41:00+00:00,2416.10009765625,2417.699951171875,2415.39990234375,2415.5,1766
2025-11-14 06:42:00+00:00,2419.5,2419.800048828125,2416.800048828125,2417.0,3045
2025-11-14 06:43:00+00:00,2419.199951171875,2419.89990234375,2418.89990234375,2419.699951171875,1514
2025-11-14 06:44:00+00:00,2418.60009765625,2419.800048828125,2418.5,2419.800048828125,863
2025-11-14 06:45:00+00:00,2418.699951171875,2419.199951171875,2418.699951171875,2419.199951171875,502
2025-11-14 06:46:00+00:00,2419.0,2419.39990234375,2418.199951171875,2419.0,621
2025-11-14 06:47:00+00:00,2419.0,2419.39990234375,2417.60009765625,2419.39990234375,941
2025-11-14 06:48:00+00:00,2418.89990234375,2419.39990234375,2417.60009765625,2419.39990234375,864
2025-11-14 06:49:00+00:00,2419.199951171875,2419.39990234375,2417.89990234375,2417.89990234375,957
2025-11-14 06:50:00+00:00,2419.199951171875,2419.300048828125,2418.699951171875,2419.199951171875,497
2025-11-14 06:51:00+00:00,2419.39990234375,2419.5,2419.0,2419.0,578
2025-11-14 06:52:00+00:00,2419.39990234375,2419.39990234375,2417.60009765625,2419.300048828125,464
2025-11-14 06:53:00+00:00,2419.5,2419.5,2418.300048828125,2419.10009765625,588
2025-11-14 06:54:00+00:00,2419.0,2419.5,2418.60009765625,2419.300048828125,936
2025-11-14 06:55:00+00:00,2419.199951171875,2419.5,2418.699951171875,2418.699951171875,587
2025-11-14 06:56:00+00:00,2419.5,2419.5,2418.800048828125,2419.0,618
2025-11-14 06:57:00+00:00,2419.89990234375,2419.89990234375,2419.300048828125,2419.300048828125,2743
2025-11-14 06:58:00+00:00,2419.89990234375,2419.89990234375,2419.300048828125,2419.699951171875,587
2025-11-14 06:59:00+00:00,2419.89990234375,2420.0,2418.800048828125,2419.89990234375,1847
2025-11-14 07:00:00+00:00,2416.39990234375,2419.89990234375,2416.39990234375,2419.699951171875,766
2025-11-14 07:01:00+00:00,2416.199951171875,2416.89990234375,2415.89990234375,2416.39990234375,392
2025-11-14 07:02:00+00:00,2416.0,2416.5,2415.699951171875,2415.89990234375,664
2025-11-14 07:03:00+00:00,2415.60009765625,2416.300048828125,2414.39990234375,2416.300048828125,776
2025-11-14 07:04:00+00:00,2414.800048828125,2415.10009765625,2413.5,2415.10009765625,287
2025-11-14 07:05:00+00:00,2415.0,2416.0,2415.0,2416.0,510
2025-11-14 07:06:00+00:00,2415.0,2415.0,2414.199951171875,2414.60009765625,472
2025-11-14 07:07:00+00:00,2415.0,2415.0,2414.10009765625,2415.0,549
2025-11-14 07:08:00+00:00,2414.39990234375,2415.0,2414.0,2415.0,512
2025-11-14 07:09:00+00:00,2414.0,2414.5,2413.199951171875,2414.5,289
2025-11-14 07:10:00+00:00,2414.199951171875,2414.199951171875,2413.10009765625,2414.0,280
2025-11-14 07:11:00+00:00,2414.0,2414.60009765625,2413.10009765625,2414.10009765625,294
2025-11-14 07:12:00+00:00,2414.10009765625,2414.300048828125,2413.10009765625,2413.10009765625,1200
2025-11-14 07:13:00+00:00,2413.60009765625,2414.699951171875,2413.60009765625,2414.199951171875,798
2025-11-14 07:14:00+00:00,2412.699951171875,2414.60009765625,2411.60009765625,2414.60009765625,1219
2025-11-14 07:15:00+00:00,2410.300048828125,2412.699951171875,2409.0,2412.699951171875,1587
2025-11-14 07:16:00+00:00,2409.10009765625,2410.699951171875,2409.0,2410.10009765625,1614
2025-11-14 07:17:00+00:00,2410.10009765625,2411.199951171875,2409.10009765625,2409.10009765625,897
2025-11-14 07:18:00+00:00,2413.0,2413.199951171875,2409.300048828125,2411.0,10861
2025-11-14 07:19:00+00:00,2413.199951171875,2413.39990234375,2413.0,2413.199951171875,3985
2025-11-14 07:20:00+00:00,2414.60009765625,2414.60009765625,2412.60009765625,2413.0,3279
2025-11-14 07:21:00+00:00,2413.39990234375,2414.10009765625,2413.0,2414.10009765625,1003
2025-11-14 07:22:00+00:00,2412.800048828125,2414.199951171875,2412.800048828125,2413.39990234375,1652
2025-11-14 07:23:00+00:00,2413.10009765625,2414.10009765625,2412.800048828125,2412.800048828125,1375
2025-11-14 07:24:00+00:00,2413.199951171875,2413.60009765625,2413.0,2413.10009765625,934
2025-11-14 07:25:00+00:00,2413.39990234375,2413.5,2413.0,2413.5,3925
2025-11-14 07:26:00+00:00,2410.699951171875,2413.89990234375,2410.699951171875,2413.39990234375,1314
2025-11-14 07:27:00+00:00,2411.699951171875,2412.0,2410.800048828125,2410.800048828125,1109
2025-11-14 07:28:00+00:00,2412.199951171875,2413.10009765625,2411.89990234375,2413.10009765625,812
2025-11-14 07:29:00+00:00,2413.5,2413.5,2412.0,2412.10009765625,1208
2025-11-14 07:30:00+00:00,2413.10009765625,2414.0,2413.0,2413.5,1150
2025-11-14 07:31:00+00:00,2413.699951171875,2413.89990234375,2413.0,2413.0,992
2025-11-14 07:32:00+00:00,2413.699951171875,2414.39990234375,2413.0,2413.699951171875,1740
2025-11-14 07:33:00+00:00,2413.699951171875,2414.60009765625,2413.5,2414.39990234375,827
2025-11-14 07:34:00+00:00,2413.5,2414.800048828125,2413.5,2413.699951171875,935
2025-11-14 07:35:00+00:00,2414.800048828125,2414.800048828125,2413.300048828125,2413.300048828125,929
2025-11-14 07:36:00+00:00,2414.39990234375,2415.0,2414.10009765625,2414.39990234375,979
2025-11-14 07:37:00+00:00,2414.300048828125,2415.0,2413.60009765625,2414.39990234375,1160
2025-11-14 07:38:00+00:00,2414.199951171875,2415.199951171875,2414.0,2414.300048828125,1378
2025-11-14 07:39:00+00:00,2414.89990234375,2415.60009765625,2414.10009765625,2415.0,1184
2025-11-14 07:40:00+00:00,2414.0,2415.60009765625,2414.0,2414.39990234375,1086
2025-11-14 07:41:00+00:00,2414.39990234375,2415.39990234375,2414.0,2414.199951171875,860
2025-11-14 07:42:00+00:00,2415.0,2416.0,2414.300048828125,2414.39990234375,1146
2025-11-14 07:43:00+00:00,2415.89990234375,2416.0,2414.39990234375,2415.0,1728
2025-11-14 07:44:00+00:00,2416.10009765625,2417.0,2415.5,2415.89990234375,1114
2025-11-14 07:45:00+00:00,2416.0,2417.0,2415.60009765625,2416.10009765625,2135
2025-11-14 07:46:00+00:00,2416.60009765625,2417.699951171875,2416.300048828125,2417.39990234375,1300
2025-11-14 07:47:00+00:00,2416.800048828125,2418.800048828125,2416.300048828125,2416.60009765625,2540
2025-11-14 07:48:00+00:00,2417.60009765625,2418.199951171875,2416.5,2416.800048828125,989
2025-11-14 07:49:00+00:00,2416.10009765625,2417.5,2416.0,2417.5,871
2025-11-14 07:50:00+00:00,2416.5,2416.699951171875,2415.10009765625,2416.10009765625,802
2025-11-14 07:51:00+00:00,2416.60009765625,2417.5,2415.60009765625,2416.5,1474
2025-11-14 07:52:00+00:00,2415.699951171875,2416.89990234375,2415.39990234375,2415.800048828125,2804
2025-11-14 07:53:00+00:00,2415.60009765625,2416.89990234375,2415.300048828125,2416.800048828125,1039
2025-11-14 07:54:00+00:00,2416.199951171875,2416.89990234375,2415.60009765625,2416.39990234375,1784
2025-11-14 07:55:00+00:00,2416.300048828125,2417.300048828125,2415.60009765625,2415.89990234375,1144
2025-11-14 07:56:00+00:00,2415.800048828125,2417.39990234375,2415.800048828125,2416.300048828125,912
2025-11-14 07:57:00+00:00,2417.39990234375,2417.699951171875,2416.0,2416.89990234375,1135
2025-11-14 07:58:00+00:00,2418.0,2418.0,2417.199951171875,2417.300048828125,822
2025-11-14 07:59:00+00:00,2417.199951171875,2418.0,2417.0,2417.300048828125,1008
2025-11-14 08:00:00+00:00,2417.300048828125,2418.0,2416.5,2418.0,937
2025-11-14 08:01:00+00:00,2417.5,2417.60009765625,2416.10009765625,2416.5,1365
2025-11-14 08:02:00+00:00,2417.199951171875,2417.60009765625,2416.10009765625,2416.60009765625,827
2025-11-14 08:03:00+00:00,2416.199951171875,2417.199951171875,2415.10009765625,2417.199951171875,1102
2025-11-14 08:04:00+00:00,2415.39990234375,2416.300048828125,2415.0,2416.199951171875,803
2025-11-14 08:05:00+00:00,2414.800048828125,2416.199951171875,2414.800048828125,2415.39990234375,917
2025-11-14 08:06:00+00:00,2415.10009765625,2416.10009765625,2414.39990234375,2416.10009765625,793
2025-11-14 08:07:00+00:00,2414.39990234375,2415.699951171875,2414.39990234375,2415.10009765625,914
2025-11-14 08:08:00+00:00,2414.0,2415.5,2414.0,2414.39990234375,931
2025-11-14 08:09:00+00:00,2413.699951171875,2414.89990234375,2413.0,2414.800048828125,1508
2025-11-14 08:10:00+00:00,2414.199951171875,2414.699951171875,2413.199951171875,2414.0,2008
2025-11-14 08:11:00+00:00,2415.800048828125,2415.800048828125,2413.199951171875,2414.199951171875,1253
2025-11-14 08:12:00+00:00,2416.800048828125,2417.0,2414.39990234375,2415.699951171875,1615
2025-11-14 08:13:00+00:00,2417.10009765625,2417.5,2416.10009765625,2416.800048828125,889
2025-11-14 08:14:00+00:00,2415.0,2417.39990234375,2415.0,2417.199951171875,1650
2025-11-14 08:15:00+00:00,2415.199951171875,2415.800048828125,2413.699951171875,2415.800048828125,1107
2025-11-14 08:16:00+00:00,2413.800048828125,2415.300048828125,2413.60009765625,2414.39990234375,2542
2025-11-14 08:17:00+00:00,2414.5,2415.5,2413.699951171875,2413.699951171875,1324
2025-11-14 08:18:00+00:00,2414.0,2415.5,2414.0,2415.39990234375,1268
2025-11-14 08:19:00+00:00,2415.10009765625,2416.300048828125,2414.10009765625,2414.89990234375,793
2025-11-14 08:20:00+00:00,2414.0,2416.10009765625,2414.0,2415.10009765625,837
2025-11-14 08:21:00+00:00,2414.699951171875,2415.10009765625,2413.5,2415.10009765625,991
2025-11-14 08:22:00+00:00,2413.0,2413.89990234375,2413.0,2413.89990234375,1213
2025-11-14 08:23:00+00:00,2412.5,2413.89990234375,2412.5,2413.699951171875,877
2025-11-14 08:24:00+00:00,2411.5,2413.0,2411.5,2412.5,1202
2025-11-14 08:25:00+00:00,2412.39990234375,2413.699951171875,2411.699951171875,2411.699951171875,1067
2025-11-14 08:26:00+00:00,2412.0,2413.5,2412.0,2412.39990234375,801
2025-11-14 08:27:00+00:00,2412.89990234375,2413.39990234375,2411.699951171875,2412.699951171875,997
2025-11-14 08:28:00+00:00,2412.199951171875,2413.199951171875,2412.10009765625,2413.199951171875,765
2025-11-14 08:29:00+00:00,2412.199951171875,2413.300048828125,2411.300048828125,2412.0,1709
2025-11-14 08:30:00+00:00,2412.5,2413.699951171875,2412.5,2413.10009765625,838
2025-11-14 08:31:00+00:00,2413.300048828125,2413.39990234375,2411.699951171875,2412.10009765625,856
2025-11-14 08:32:00+00:00,2412.10009765625,2413.60009765625,2412.10009765625,2413.300048828125,926
2025-11-14 08:33:00+00:00,2412.89990234375,2413.39990234375,2412.10009765625,2412.300048828125,1200
2025-11-14 08:34:00+00:00,2412.300048828125,2413.699951171875,2412.199951171875,2412.89990234375,890
2025-11-14 08:35:00+00:00,2414.0,2414.0,2412.300048828125,2412.300048828125,1583
2025-11-14 08:36:00+00:00,2413.5,2414.60009765625,2413.10009765625,2414.0,1053
2025-11-14 08:37:00+00:00,2413.89990234375,2414.699951171875,2413.10009765625,2414.699951171875,881
2025-11-14 08:38:00+00:00,2413.800048828125,2414.10009765625,2413.0,2413.89990234375,758
2025-11-14 08:39:00+00:00,2412.89990234375,2414.10009765625,2412.89990234375,2413.0,1122
2025-11-14 08:40:00+00:00,2413.89990234375,2414.0,2412.89990234375,2413.60009765625,1200
2025-11-14 08:41:00+00:00,2413.10009765625,2413.89990234375,2412.60009765625,2413.0,941
2025-11-14 08:42:00+00:00,2413.800048828125,2414.39990234375,2413.199951171875,2414.0,804
2025-11-14 08:43:00+00:00,2413.800048828125,2414.699951171875,2413.60009765625,2413.800048828125,1042
2025-11-14 08:44:00+00:00,2415.5,2415.5,2413.800048828125,2413.800048828125,952
2025-11-14 08:45:00+00:00,2414.300048828125,2415.300048828125,2414.199951171875,2414.60009765625,1511
2025-11-14 08:46:00+00:00,2414.60009765625,2415.199951171875,2414.0,2414.300048828125,1227
2025-11-14 08:47:00+00:00,2414.10009765625,2414.39990234375,2413.0,2413.699951171875,1484
2025-11-14 08:48:00+00:00,2415.0,2415.5,2413.60009765625,2414.0,1935
2025-11-14 08:49:00+00:00,2416.5,2416.699951171875,2414.39990234375,2415.0,2324
2025-11-14 08:50:00+00:00,2414.699951171875,2416.60009765625,2414.699951171875,2416.5,847
2025-11-14 08:51:00+00:00,2416.39990234375,2416.5,2414.699951171875,2415.800048828125,967
2025-11-14 08:52:00+00:00,2415.5,2417.0,2415.10009765625,2416.60009765625,1336
2025-11-14 08:53:00+00:00,2416.0,2416.10009765625,2414.699951171875,2415.5,1263
2025-11-14 08:54:00+00:00,2416.5,2418.0,2416.0,2416.0,3598
2025-11-14 08:55:00+00:00,2416.800048828125,2417.300048828125,2416.10009765625,2416.5,707
2025-11-14 08:56:00+00:00,2416.300048828125,2417.10009765625,2416.300048828125,2416.5,973
2025-11-14 08:57:00+00:00,2417.10009765625,2417.300048828125,2415.699951171875,2417.300048828125,782
2025-11-14 08:58:00+00:00,2418.0,2419.0,2416.10009765625,2417.10009765625,3886
2025-11-14 08:59:00+00:00,2419.199951171875,2419.800048828125,2418.10009765625,2419.0,2978
2025-11-14 09:00:00+00:00,2418.60009765625,2419.39990234375,2417.0,2419.199951171875,2444
2025-11-14 09:01:00+00:00,2416.199951171875,2418.89990234375,2416.10009765625,2418.89990234375,1057
2025-11-14 09:02:00+00:00,2418.5,2419.0,2417.39990234375,2418.0,2323
2025-11-14 09:03:00+00:00,2418.10009765625,2419.0,2417.300048828125,2418.5,2003
2025-11-14 09:04:00+00:00,2416.0,2418.10009765625,2416.0,2418.10009765625,1259
2025-11-14 09:05:00+00:00,2417.0,2417.89990234375,2415.800048828125,2416.10009765625,1166
2025-11-14 09:06:00+00:00,2418.0,2418.0,2416.60009765625,2417.10009765625,936
2025-11-14 09:07:00+00:00,2417.10009765625,2418.0,2416.60009765625,2417.199951171875,1164
2025-11-14 09:08:00+00:00,2418.89990234375,2419.0,2416.89990234375,2417.10009765625,1006
2025-11-14 09:09:00+00:00,2418.300048828125,2418.89990234375,2417.39990234375,2418.60009765625,995
2025-11-14 09:10:00+00:00,2417.0,2418.89990234375,2416.800048828125,2418.300048828125,1111
2025-11-14 09:11:00+00:00,2419.10009765625,2419.10009765625,2416.800048828125,2417.0,1360
2025-11-14 09:12:00+00:00,2419.0,2419.0,2417.800048828125,2419.0,1237
2025-11-14 09:13:00+00:00,2417.39990234375,2419.0,2417.39990234375,2419.0,1100
2025-11-14 09:14:00+00:00,2418.800048828125,2418.800048828125,2417.300048828125,2418.5,868
2025-11-14 09:15:00+00:00,2418.800048828125,2419.60009765625,2417.5,2418.5,2841
2025-11-14 09:16:00+00:00,2420.0,2420.0,2419.199951171875,2419.199951171875,2554
2025-11-14 09:17:00+00:00,2418.60009765625,2420.0,2418.60009765625,2419.800048828125,2088
2025-11-14 09:18:00+00:00,2419.5,2420.0,2419.0,2419.5,1341
2025-11-14 09:19:00+00:00,2419.5,2419.699951171875,2418.60009765625,2418.89990234375,1193
2025-11-14 09:20:00+00:00,2419.0,2419.89990234375,2418.699951171875,2418.89990234375,1759
2025-11-14 09:21:00+00:00,2417.0,2419.89990234375,2417.0,2419.0,2165
2025-11-14 09:22:00+00:00,2416.5,2417.199951171875,2415.800048828125,2417.199951171875,5134
2025-11-14 09:23:00+00:00,2415.0,2416.39990234375,2415.0,2416.199951171875,6840
2025-11-14 09:24:00+00:00,2414.699951171875,2415.800048828125,2414.300048828125,2415.199951171875,7245
2025-11-14 09:25:00+00:00,2415.5,2416.699951171875,2414.699951171875,2414.699951171875,2175
2025-11-14 09:26:00+00:00,2415.199951171875,2416.199951171875,2414.699951171875,2415.5,1743
2025-11-14 09:27:00+00:00,2415.699951171875,2416.800048828125,2415.10009765625,2415.699951171875,1342
2025-11-14 09:28:00+00:00,2416.699951171875,2416.800048828125,2415.300048828125,2415.699951171875,1409
2025-11-14 09:29:00+00:00,2416.800048828125,2417.0,2415.0,2416.699951171875,1771
2025-11-14 09:30:00+00:00,2423.5,2423.800048828125,2418.300048828125,2418.300048828125,24939
2025-11-14 09:31:00+00:00,2425.39990234375,2426.0,2423.60009765625,2423.60009765625,20614
2025-11-14 09:32:00+00:00,2425.60009765625,2426.199951171875,2424.199951171875,2425.800048828125,15796
2025-11-14 09:33:00+00:00,2427.199951171875,2427.5,2425.89990234375,2426.0,16090
2025-11-14 09:34:00+00:00,2426.800048828125,2428.10009765625,2424.10009765625,2427.300048828125,22012
2025-11-14 09:35:00+00:00,2428.0,2428.10009765625,2427.0,2427.199951171875,16738
2025-11-14 09:36:00+00:00,2427.800048828125,2429.300048828125,2427.39990234375,2428.39990234375,17936
2025-11-14 09:37:00+00:00,2429.0,2429.10009765625,2427.39990234375,2428.300048828125,16763
2025-11-14 09:38:00+00:00,2429.39990234375,2429.5,2428.0,2429.300048828125,16653
2025-11-14 09:39:00+00:00,2429.5,2429.89990234375,2428.5,2429.300048828125,16948
2025-11-14 09:40:00+00:00,2429.39990234375,2429.800048828125,2429.199951171875,2429.800048828125,16678
2025-11-14 09:41:00+00:00,2428.60009765625,2430.0,2427.699951171875,2429.5,18326
2025-11-14 09:42:00+00:00,2428.699951171875,2429.60009765625,2428.0,2429.199951171875,17194
2025-11-14 09:43:00+00:00,2429.60009765625,2429.699951171875,2428.300048828125,2428.699951171875,17680
2025-11-14 09:44:00+00:00,2428.800048828125,2430.0,2428.699951171875,2429.89990234375,16223
2025-11-14 09:45:00+00:00,2428.89990234375,2430.0,2428.800048828125,2429.699951171875,17373
2025-11-14 09:46:00+00:00,2426.10009765625,2429.39990234375,2426.10009765625,2429.39990234375,16741
2025-11-14 09:47:00+00:00,2426.800048828125,2427.199951171875,2426.199951171875,2426.300048828125,16502
2025-11-14 09:48:00+00:00,2425.5,2427.0,2425.5,2427.0,18510
2025-11-14 09:49:00+00:00,2426.199951171875,2426.89990234375,2424.89990234375,2425.5,23800
2025-11-14 09:50:00+00:00,2427.10009765625,2427.10009765625,2425.0,2426.5,17872
2025-11-14 09:51:00+00:00,2428.0,2429.0,2427.10009765625,2427.10009765625,17059
2025-11-14 09:52:00+00:00,2428.39990234375,2428.60009765625,2427.5,2428.60009765625,16457
2025-11-14 09:53:00+00:00,2429.10009765625,2429.5,2428.39990234375,2428.39990234375,15862
2025-11-14 09:54:00+00:00,2429.800048828125,2429.89990234375,2428.89990234375,2429.300048828125,16415
2025-11-14 09:55:00+00:00,2429.699951171875,2429.89990234375,2428.300048828125,2429.800048828125,16851
2025-11-14 09:56:00+00:00,2429.89990234375,2429.89990234375,2428.800048828125,2429.89990234375,16578
2025-11-14 09:57:00+00:00,2429.699951171875,2429.89990234375,2429.199951171875,2429.89990234375,17763
2025-11-14 09:58:00+00:00,2428.800048828125,2429.199951171875,2426.300048828125,2429.199951171875,5872
2025-11-14 09:59:00+00:00,2427.699951171875,2429.0,2425.10009765625,2428.800048828125,4192
