Price,Close,High,Low,Open,Volume
Ticker,HINDUNILVR.NS,HINDUNILVR.NS,HINDUNILVR.NS,HINDUNILVR.NS,HINDUNILVR.NS
Datetime,,,,,
2025-08-20 03:45:00+00:00,2609.800048828125,2613.800048828125,2588.800048828125,2595.0,57215
2025-08-20 04:00:00+00:00,2629.60009765625,2636.10009765625,2607.0,2608.300048828125,126772
2025-08-20 04:15:00+00:00,2638.10009765625,2639.60009765625,2627.39990234375,2629.5,76178
2025-08-20 04:30:00+00:00,2633.60009765625,2644.89990234375,2633.60009765625,2639.10009765625,120212
2025-08-20 04:45:00+00:00,2643.5,2644.800048828125,2633.60009765625,2633.800048828125,232892
2025-08-20 05:00:00+00:00,2648.5,2657.5,2641.5,2643.39990234375,183007
2025-08-20 05:15:00+00:00,2649.60009765625,2652.0,2644.300048828125,2648.699951171875,68990
2025-08-20 05:30:00+00:00,2650.0,2650.800048828125,2647.89990234375,2650.0,34944
2025-08-20 05:45:00+00:00,2651.39990234375,2653.10009765625,2649.10009765625,2650.0,36959
2025-08-20 06:00:00+00:00,2656.0,2658.0,2651.5,2651.5,53304
2025-08-20 06:15:00+00:00,2661.0,2661.60009765625,2655.199951171875,2655.300048828125,60825
2025-08-20 06:30:00+00:00,2661.60009765625,2664.0,2659.0,2660.60009765625,57187
2025-08-20 06:45:00+00:00,2670.5,2671.199951171875,2659.0,2661.39990234375,111997
2025-08-20 07:00:00+00:00,2674.60009765625,2674.89990234375,2669.10009765625,2670.5,40362
2025-08-20 07:15:00+00:00,2673.800048828125,2676.89990234375,2671.10009765625,2674.39990234375,70735
2025-08-20 07:30:00+00:00,2671.10009765625,2674.0,2670.0,2673.5,74764
2025-08-20 07:45:00+00:00,2666.800048828125,2671.0,2664.10009765625,2670.89990234375,139802
2025-08-20 08:00:00+00:00,2674.89990234375,2676.89990234375,2667.0,2667.0,52314
2025-08-20 08:15:00+00:00,2674.800048828125,2679.0,2672.60009765625,2675.39990234375,60546
2025-08-20 08:30:00+00:00,2672.0,2674.89990234375,2670.5,2674.89990234375,56504
2025-08-20 08:45:00+00:00,2672.89990234375,2674.300048828125,2670.0,2672.0,46458
2025-08-20 09:00:00+00:00,2671.89990234375,2673.0,2669.10009765625,2672.300048828125,63557
2025-08-20 09:15:00+00:00,2669.89990234375,2674.10009765625,2669.89990234375,2672.0,113037
2025-08-20 09:30:00+00:00,2668.5,2671.699951171875,2666.300048828125,2670.0,399018
2025-08-20 09:45:00+00:00,2671.60009765625,2677.89990234375,2662.0,2668.5,765983
2025-08-21 03:45:00+00:00,2641.0,2662.89990234375,2635.199951171875,2660.0,240691
2025-08-21 04:00:00+00:00,2634.89990234375,2645.10009765625,2634.0,2643.0,116380
2025-08-21 04:15:00+00:00,2635.60009765625,2637.5,2627.5,2635.300048828125,68917
2025-08-21 04:30:00+00:00,2640.300048828125,2645.5,2633.89990234375,2634.699951171875,92816
2025-08-21 04:45:00+00:00,2644.0,2645.0,2640.300048828125,2640.39990234375,19705
2025-08-21 05:00:00+00:00,2642.800048828125,2647.199951171875,2640.39990234375,2644.800048828125,31556
2025-08-21 05:15:00+00:00,2639.699951171875,2641.699951171875,2638.10009765625,2640.60009765625,44458
2025-08-21 05:30:00+00:00,2643.39990234375,2643.60009765625,2638.39990234375,2639.800048828125,69409
2025-08-21 05:45:00+00:00,2643.0,2647.0,2642.39990234375,2643.39990234375,46759
2025-08-21 06:00:00+00:00,2641.89990234375,2643.89990234375,2640.89990234375,2643.0,102435
2025-08-21 06:15:00+00:00,2644.699951171875,2645.699951171875,2641.89990234375,2642.0,34379
2025-08-21 06:30:00+00:00,2645.0,2646.300048828125,2642.800048828125,2645.0,30089
2025-08-21 06:45:00+00:00,2643.300048828125,2645.60009765625,2642.699951171875,2645.39990234375,22030
2025-08-21 07:00:00+00:00,2651.699951171875,2652.0,2642.39990234375,2643.300048828125,133132
2025-08-21 07:15:00+00:00,2651.199951171875,2654.39990234375,2649.800048828125,2652.5,137941
2025-08-21 07:30:00+00:00,2659.60009765625,2660.0,2650.699951171875,2650.800048828125,134908
2025-08-21 07:45:00+00:00,2659.89990234375,2662.10009765625,2658.199951171875,2659.60009765625,76507
2025-08-21 08:00:00+00:00,2658.39990234375,2662.5,2655.300048828125,2659.89990234375,48614
2025-08-21 08:15:00+00:00,2655.5,2660.0,2654.800048828125,2657.300048828125,46739
2025-08-21 08:30:00+00:00,2650.699951171875,2657.10009765625,2649.699951171875,2655.39990234375,48166
2025-08-21 08:45:00+00:00,2649.699951171875,2653.699951171875,2649.0,2650.0,78325
2025-08-21 09:00:00+00:00,2647.0,2649.60009765625,2643.0,2649.199951171875,91566
2025-08-21 09:15:00+00:00,2646.699951171875,2648.0,2645.10009765625,2647.0,33469
2025-08-21 09:30:00+00:00,2648.0,2654.0,2642.89990234375,2646.10009765625,184071
2025-08-21 09:45:00+00:00,2648.0,2654.199951171875,2638.39990234375,2648.0,302348
2025-08-22 03:45:00+00:00,2635.300048828125,2657.300048828125,2633.300048828125,2644.0,38799
2025-08-22 04:00:00+00:00,2642.0,2642.800048828125,2633.10009765625,2636.5,27093
2025-08-22 04:15:00+00:00,2632.0,2642.5,2631.699951171875,2642.5,26998
2025-08-22 04:30:00+00:00,2631.5,2632.60009765625,2628.5,2631.699951171875,25814
2025-08-22 04:45:00+00:00,2632.199951171875,2633.199951171875,2628.0,2631.800048828125,54300
2025-08-22 05:00:00+00:00,2628.0,2632.89990234375,2626.60009765625,2632.60009765625,14726
2025-08-22 05:15:00+00:00,2626.60009765625,2629.0,2625.0,2627.199951171875,13783
2025-08-22 05:30:00+00:00,2629.800048828125,2631.800048828125,2626.0,2626.60009765625,16392
2025-08-22 05:45:00+00:00,2630.5,2633.0,2629.699951171875,2629.800048828125,62470
2025-08-22 06:00:00+00:00,2635.0,2636.60009765625,2628.199951171875,2630.5,17692
2025-08-22 06:15:00+00:00,2633.39990234375,2637.89990234375,2632.300048828125,2635.10009765625,97059
2025-08-22 06:30:00+00:00,2628.60009765625,2635.699951171875,2627.60009765625,2634.199951171875,66212
2025-08-22 06:45:00+00:00,2625.300048828125,2628.89990234375,2620.699951171875,2628.60009765625,27023
2025-08-22 07:00:00+00:00,2620.89990234375,2625.300048828125,2620.0,2624.5,35625
2025-08-22 07:15:00+00:00,2621.5,2622.5,2619.199951171875,2620.800048828125,25762
2025-08-22 07:30:00+00:00,2628.60009765625,2630.0,2620.60009765625,2621.60009765625,33556
2025-08-22 07:45:00+00:00,2628.89990234375,2630.10009765625,2626.10009765625,2628.60009765625,26264
2025-08-22 08:00:00+00:00,2629.300048828125,2631.199951171875,2626.199951171875,2628.89990234375,45979
2025-08-22 08:15:00+00:00,2630.60009765625,2631.300048828125,2628.10009765625,2629.300048828125,37100
2025-08-22 08:30:00+00:00,2625.5,2630.699951171875,2625.5,2630.699951171875,26557
2025-08-22 08:45:00+00:00,2625.0,2627.60009765625,2624.800048828125,2625.5,28656
2025-08-22 09:00:00+00:00,2626.699951171875,2628.89990234375,2619.39990234375,2625.0,40515
2025-08-22 09:15:00+00:00,2630.0,2632.0,2627.0,2627.0,49439
2025-08-22 09:30:00+00:00,2630.699951171875,2631.699951171875,2628.199951171875,2629.5,157944
2025-08-22 09:45:00+00:00,2630.0,2631.89990234375,2625.199951171875,2630.0,164332
2025-08-25 03:45:00+00:00,2621.0,2640.199951171875,2618.199951171875,2639.60009765625,18779
2025-08-25 04:00:00+00:00,2619.89990234375,2625.89990234375,2618.5,2621.300048828125,48900
2025-08-25 04:15:00+00:00,2618.199951171875,2620.0,2616.10009765625,2620.0,21679
2025-08-25 04:30:00+00:00,2621.0,2621.0,2617.10009765625,2618.199951171875,12784
2025-08-25 04:45:00+00:00,2616.699951171875,2624.0,2615.699951171875,2620.800048828125,19492
2025-08-25 05:00:00+00:00,2624.800048828125,2625.89990234375,2618.699951171875,2618.699951171875,25836
2025-08-25 05:15:00+00:00,2629.10009765625,2630.0,2623.89990234375,2625.0,13449
2025-08-25 05:30:00+00:00,2627.0,2629.89990234375,2626.699951171875,2629.89990234375,19755
2025-08-25 05:45:00+00:00,2625.0,2627.699951171875,2623.0,2627.199951171875,25277
2025-08-25 06:00:00+00:00,2628.0,2628.89990234375,2624.800048828125,2625.199951171875,7879
2025-08-25 06:15:00+00:00,2632.0,2632.0,2628.89990234375,2628.89990234375,11879
2025-08-25 06:30:00+00:00,2632.0,2633.0,2627.89990234375,2632.0,14660
2025-08-25 06:45:00+00:00,2633.39990234375,2635.0,2630.800048828125,2632.0,25489
2025-08-25 07:00:00+00:00,2635.0,2635.89990234375,2632.800048828125,2633.60009765625,20738
2025-08-25 07:15:00+00:00,2636.10009765625,2637.10009765625,2635.0,2635.89990234375,13595
2025-08-25 07:30:00+00:00,2635.800048828125,2638.699951171875,2635.0,2636.10009765625,22363
2025-08-25 07:45:00+00:00,2635.5,2636.300048828125,2634.199951171875,2635.60009765625,29241
2025-08-25 08:00:00+00:00,2637.5,2637.800048828125,2632.60009765625,2635.800048828125,38316
2025-08-25 08:15:00+00:00,2634.699951171875,2638.0,2634.699951171875,2637.5,16381
2025-08-25 08:30:00+00:00,2634.39990234375,2636.0,2634.10009765625,2634.699951171875,12224
2025-08-25 08:45:00+00:00,2631.199951171875,2636.39990234375,2630.0,2634.39990234375,59096
2025-08-25 09:00:00+00:00,2635.10009765625,2636.0,2631.199951171875,2631.199951171875,22901
2025-08-25 09:15:00+00:00,2635.0,2635.60009765625,2632.5,2635.10009765625,21468
2025-08-25 09:30:00+00:00,2630.0,2635.39990234375,2629.199951171875,2635.39990234375,59623
2025-08-25 09:45:00+00:00,2628.0,2631.39990234375,2626.199951171875,2630.0,47037
2025-08-26 03:45:00+00:00,2645.300048828125,2649.0,2626.800048828125,2629.800048828125,110858
2025-08-26 04:00:00+00:00,2648.0,2648.0,2641.300048828125,2645.800048828125,103430
2025-08-26 04:15:00+00:00,2651.0,2655.5,2645.89990234375,2647.800048828125,100915
2025-08-26 04:30:00+00:00,2651.300048828125,2659.699951171875,2651.0,2651.5,92780
2025-08-26 04:45:00+00:00,2652.39990234375,2656.199951171875,2648.39990234375,2651.39990234375,86571
2025-08-26 05:00:00+00:00,2656.800048828125,2656.800048828125,2650.60009765625,2652.10009765625,72197
2025-08-26 05:15:00+00:00,2667.89990234375,2667.89990234375,2654.89990234375,2655.300048828125,103269
2025-08-26 05:30:00+00:00,2663.0,2668.800048828125,2659.10009765625,2667.300048828125,105941
2025-08-26 05:45:00+00:00,2667.199951171875,2668.199951171875,2662.800048828125,2663.199951171875,56781
2025-08-26 06:00:00+00:00,2670.199951171875,2671.0,2664.0,2667.199951171875,98932
2025-08-26 06:15:00+00:00,2685.0,2685.0,2669.5,2670.199951171875,163056
2025-08-26 06:30:00+00:00,2690.199951171875,2691.800048828125,2685.0,2685.0,185307
2025-08-26 06:45:00+00:00,2695.39990234375,2697.800048828125,2689.199951171875,2690.10009765625,132446
2025-08-26 07:00:00+00:00,2690.0,2699.39990234375,2686.0,2696.199951171875,232688
2025-08-26 07:15:00+00:00,2694.89990234375,2695.0,2688.300048828125,2690.0,156695
2025-08-26 07:30:00+00:00,2690.5,2697.0,2689.300048828125,2694.800048828125,152845
2025-08-26 07:45:00+00:00,2693.300048828125,2693.60009765625,2687.800048828125,2690.39990234375,142648
2025-08-26 08:00:00+00:00,2694.0,2695.0,2691.0,2693.39990234375,86406
2025-08-26 08:15:00+00:00,2702.0,2704.699951171875,2690.10009765625,2693.60009765625,230077
2025-08-26 08:30:00+00:00,2696.0,2703.60009765625,2695.199951171875,2702.0,177552
2025-08-26 08:45:00+00:00,2690.89990234375,2697.0,2689.699951171875,2695.5,184668
2025-08-26 09:00:00+00:00,2697.0,2698.10009765625,2685.199951171875,2691.0,156326
2025-08-26 09:15:00+00:00,2697.10009765625,2700.60009765625,2692.5,2697.5,258653
2025-08-26 09:30:00+00:00,2691.89990234375,2697.0,2688.10009765625,2696.39990234375,647627
2025-08-26 09:45:00+00:00,2693.0,2694.800048828125,2688.199951171875,2691.89990234375,509858
2025-08-28 03:45:00+00:00,2695.0,2725.0,2693.0,2724.60009765625,264753
2025-08-28 04:00:00+00:00,2687.39990234375,2695.800048828125,2686.199951171875,2695.800048828125,136604
2025-08-28 04:15:00+00:00,2674.199951171875,2689.0,2669.89990234375,2688.10009765625,337845
2025-08-28 04:30:00+00:00,2670.39990234375,2674.800048828125,2665.0,2674.800048828125,76122
2025-08-28 04:45:00+00:00,2677.199951171875,2679.300048828125,2669.10009765625,2670.699951171875,70335
2025-08-28 05:00:00+00:00,2673.800048828125,2677.699951171875,2670.39990234375,2677.300048828125,90048
2025-08-28 05:15:00+00:00,2675.39990234375,2677.60009765625,2673.0,2673.800048828125,79621
2025-08-28 05:30:00+00:00,2673.89990234375,2675.39990234375,2669.800048828125,2675.39990234375,48505
2025-08-28 05:45:00+00:00,2672.0,2674.800048828125,2671.39990234375,2673.699951171875,60243
2025-08-28 06:00:00+00:00,2681.300048828125,2682.699951171875,2671.800048828125,2671.800048828125,58170
2025-08-28 06:15:00+00:00,2679.89990234375,2683.0,2678.39990234375,2681.199951171875,28517
2025-08-28 06:30:00+00:00,2678.199951171875,2681.5,2678.0,2680.199951171875,26943
2025-08-28 06:45:00+00:00,2677.199951171875,2680.60009765625,2670.10009765625,2679.10009765625,48843
2025-08-28 07:00:00+00:00,2678.89990234375,2680.0,2675.800048828125,2677.199951171875,37756
2025-08-28 07:15:00+00:00,2674.10009765625,2679.5,2671.10009765625,2678.89990234375,51079
2025-08-28 07:30:00+00:00,2670.0,2676.39990234375,2667.800048828125,2673.800048828125,49972
2025-08-28 07:45:00+00:00,2659.800048828125,2670.10009765625,2658.5,2670.10009765625,54685
2025-08-28 08:00:00+00:00,2663.0,2664.60009765625,2652.89990234375,2659.89990234375,50256
2025-08-28 08:15:00+00:00,2661.89990234375,2665.800048828125,2661.5,2663.0,47868
2025-08-28 08:30:00+00:00,2660.60009765625,2663.0,2657.39990234375,2663.0,61267
2025-08-28 08:45:00+00:00,2659.39990234375,2662.699951171875,2654.0,2660.10009765625,114870
2025-08-28 09:00:00+00:00,2659.10009765625,2660.5,2654.60009765625,2657.60009765625,91933
2025-08-28 09:15:00+00:00,2660.699951171875,2663.0,2655.300048828125,2659.10009765625,171881
2025-08-28 09:30:00+00:00,2654.5,2662.300048828125,2648.10009765625,2659.39990234375,454439
2025-08-28 09:45:00+00:00,2654.39990234375,2655.0,2647.199951171875,2654.10009765625,219229
2025-08-29 03:45:00+00:00,2706.60009765625,2723.0,2666.199951171875,2667.300048828125,145868
2025-08-29 04:00:00+00:00,2665.800048828125,2709.39990234375,2661.39990234375,2707.10009765625,161681
2025-08-29 04:15:00+00:00,2649.0,2668.39990234375,2646.300048828125,2665.5,104705
2025-08-29 04:30:00+00:00,2644.39990234375,2650.300048828125,2641.39990234375,2649.39990234375,56234
2025-08-29 04:45:00+00:00,2650.10009765625,2651.89990234375,2643.300048828125,2644.10009765625,67783
2025-08-29 05:00:00+00:00,2654.0,2654.300048828125,2648.10009765625,2650.0,80384
2025-08-29 05:15:00+00:00,2651.699951171875,2654.89990234375,2650.0,2652.60009765625,40959
2025-08-29 05:30:00+00:00,2660.300048828125,2662.5,2651.699951171875,2651.699951171875,131370
2025-08-29 05:45:00+00:00,2665.89990234375,2668.300048828125,2658.0,2659.5,38389
2025-08-29 06:00:00+00:00,2665.0,2666.300048828125,2661.5,2665.800048828125,32920
2025-08-29 06:15:00+00:00,2669.0,2671.0,2663.39990234375,2665.0,23220
2025-08-29 06:30:00+00:00,2677.800048828125,2678.0,2668.39990234375,2668.39990234375,28606
2025-08-29 06:45:00+00:00,2673.199951171875,2680.60009765625,2671.0,2677.60009765625,86428
2025-08-29 07:00:00+00:00,2677.39990234375,2679.199951171875,2669.10009765625,2672.39990234375,30315
2025-08-29 07:15:00+00:00,2672.800048828125,2678.300048828125,2670.699951171875,2677.39990234375,26447
2025-08-29 07:30:00+00:00,2667.699951171875,2676.39990234375,2667.199951171875,2674.699951171875,53389
2025-08-29 07:45:00+00:00,2663.10009765625,2670.0,2660.10009765625,2667.699951171875,40244
2025-08-29 08:00:00+00:00,2654.5,2663.5,2653.199951171875,2663.5,75775
2025-08-29 08:15:00+00:00,2653.10009765625,2656.0,2651.10009765625,2655.300048828125,64985
2025-08-29 08:30:00+00:00,2659.199951171875,2660.0,2651.199951171875,2652.199951171875,43329
2025-08-29 08:45:00+00:00,2661.0,2663.10009765625,2659.10009765625,2659.199951171875,61477
2025-08-29 09:00:00+00:00,2662.5,2664.0,2660.0,2660.0,48347
2025-08-29 09:15:00+00:00,2665.800048828125,2667.0,2660.0,2662.5,75450
2025-08-29 09:30:00+00:00,2656.300048828125,2665.60009765625,2655.699951171875,2665.5,171375
2025-08-29 09:45:00+00:00,2656.10009765625,2661.39990234375,2655.5,2656.39990234375,227111
2025-09-01 03:45:00+00:00,2645.800048828125,2660.39990234375,2639.89990234375,2659.0,31216
2025-09-01 04:00:00+00:00,2645.300048828125,2649.699951171875,2640.199951171875,2645.5,33684
2025-09-01 04:15:00+00:00,2645.0,2648.39990234375,2644.199951171875,2645.300048828125,39262
2025-09-01 04:30:00+00:00,2640.0,2647.0,2640.0,2644.300048828125,16870
2025-09-01 04:45:00+00:00,2650.0,2650.199951171875,2640.0,2640.199951171875,53973
2025-09-01 05:00:00+00:00,2655.0,2658.800048828125,2646.0,2650.0,80011
2025-09-01 05:15:00+00:00,2656.699951171875,2657.699951171875,2651.300048828125,2655.0,91830
2025-09-01 05:30:00+00:00,2665.0,2672.89990234375,2656.60009765625,2656.60009765625,100282
2025-09-01 05:45:00+00:00,2659.10009765625,2665.0,2659.10009765625,2665.0,18775
2025-09-01 06:00:00+00:00,2658.89990234375,2660.0,2657.699951171875,2659.10009765625,20183
2025-09-01 06:15:00+00:00,2655.60009765625,2659.10009765625,2652.0,2658.89990234375,20427
2025-09-01 06:30:00+00:00,2655.89990234375,2660.0,2655.699951171875,2655.800048828125,16758
2025-09-01 06:45:00+00:00,2656.800048828125,2659.10009765625,2653.199951171875,2655.89990234375,17868
2025-09-01 07:00:00+00:00,2653.0,2661.5,2652.5,2656.10009765625,28112
2025-09-01 07:15:00+00:00,2652.5,2653.800048828125,2651.0,2653.0,19453
2025-09-01 07:30:00+00:00,2653.60009765625,2654.0,2649.800048828125,2652.0,19740
2025-09-01 07:45:00+00:00,2655.300048828125,2658.300048828125,2652.60009765625,2653.60009765625,17554
2025-09-01 08:00:00+00:00,2658.10009765625,2658.5,2654.300048828125,2655.0,16677
2025-09-01 08:15:00+00:00,2659.699951171875,2660.0,2658.0,2658.300048828125,10896
2025-09-01 08:30:00+00:00,2659.60009765625,2660.39990234375,2656.199951171875,2659.89990234375,21279
2025-09-01 08:45:00+00:00,2655.199951171875,2659.699951171875,2655.199951171875,2659.5,16900
2025-09-01 09:00:00+00:00,2655.89990234375,2658.60009765625,2653.300048828125,2655.800048828125,25753
2025-09-01 09:15:00+00:00,2651.39990234375,2657.89990234375,2648.300048828125,2656.0,208272
2025-09-01 09:30:00+00:00,2651.199951171875,2653.5,2647.199951171875,2651.10009765625,68402
2025-09-01 09:45:00+00:00,2649.5,2651.10009765625,2645.0,2651.10009765625,73919
2025-09-02 03:45:00+00:00,2663.60009765625,2664.199951171875,2652.699951171875,2654.10009765625,39888
2025-09-02 04:00:00+00:00,2679.89990234375,2680.60009765625,2663.10009765625,2663.60009765625,68286
2025-09-02 04:15:00+00:00,2684.699951171875,2684.699951171875,2675.0,2679.89990234375,36888
2025-09-02 04:30:00+00:00,2681.10009765625,2687.300048828125,2679.5,2683.60009765625,53563
2025-09-02 04:45:00+00:00,2682.199951171875,2683.699951171875,2679.5,2681.0,27112
2025-09-02 05:00:00+00:00,2682.800048828125,2685.0,2680.89990234375,2682.0,30786
2025-09-02 05:15:00+00:00,2680.699951171875,2683.5,2678.10009765625,2682.800048828125,34703
2025-09-02 05:30:00+00:00,2680.60009765625,2687.0,2678.800048828125,2680.39990234375,35112
2025-09-02 05:45:00+00:00,2681.800048828125,2685.699951171875,2679.300048828125,2680.699951171875,38609
2025-09-02 06:00:00+00:00,2683.39990234375,2683.89990234375,2676.199951171875,2681.800048828125,78485
2025-09-02 06:15:00+00:00,2686.89990234375,2687.800048828125,2681.60009765625,2683.800048828125,52550
2025-09-02 06:30:00+00:00,2683.39990234375,2689.699951171875,2683.0,2686.60009765625,52673
2025-09-02 06:45:00+00:00,2687.0,2687.199951171875,2683.0,2684.0,181491
2025-09-02 07:00:00+00:00,2685.800048828125,2688.0,2683.60009765625,2687.10009765625,32253
2025-09-02 07:15:00+00:00,2692.0,2692.39990234375,2685.5,2686.0,41282
2025-09-02 07:30:00+00:00,2687.60009765625,2692.0,2685.0,2691.800048828125,27179
2025-09-02 07:45:00+00:00,2686.0,2687.699951171875,2683.60009765625,2687.10009765625,20721
2025-09-02 08:00:00+00:00,2684.699951171875,2691.0,2683.800048828125,2685.89990234375,33994
2025-09-02 08:15:00+00:00,2683.10009765625,2686.300048828125,2682.0,2684.60009765625,35953
2025-09-02 08:30:00+00:00,2678.89990234375,2683.10009765625,2676.300048828125,2683.10009765625,52147
2025-09-02 08:45:00+00:00,2675.0,2681.60009765625,2675.0,2678.5,71231
2025-09-02 09:00:00+00:00,2682.0,2684.199951171875,2672.5,2675.300048828125,148261
2025-09-02 09:15:00+00:00,2682.0,2686.699951171875,2679.0,2682.0,45436
2025-09-02 09:30:00+00:00,2677.89990234375,2682.39990234375,2676.5,2681.89990234375,69836
2025-09-02 09:45:00+00:00,2678.10009765625,2684.60009765625,2673.0,2677.89990234375,181840
2025-09-03 03:45:00+00:00,2664.699951171875,2678.300048828125,2658.39990234375,2678.300048828125,31821
2025-09-03 04:00:00+00:00,2665.10009765625,2668.800048828125,2661.800048828125,2665.0,44078
2025-09-03 04:15:00+00:00,2666.89990234375,2669.39990234375,2663.0,2666.10009765625,39996
2025-09-03 04:30:00+00:00,2669.10009765625,2672.0,2665.800048828125,2666.89990234375,45926
2025-09-03 04:45:00+00:00,2669.0,2670.39990234375,2667.39990234375,2669.699951171875,29157
2025-09-03 05:00:00+00:00,2671.39990234375,2672.0,2668.199951171875,2669.0,23851
2025-09-03 05:15:00+00:00,2672.89990234375,2674.800048828125,2669.800048828125,2671.60009765625,27360
2025-09-03 05:30:00+00:00,2670.800048828125,2676.0,2670.0,2672.89990234375,43851
2025-09-03 05:45:00+00:00,2666.39990234375,2672.199951171875,2664.800048828125,2671.0,46056
2025-09-03 06:00:00+00:00,2671.5,2674.0,2665.60009765625,2666.300048828125,23437
2025-09-03 06:15:00+00:00,2675.0,2675.89990234375,2670.5,2671.5,16446
2025-09-03 06:30:00+00:00,2676.5,2678.800048828125,2674.89990234375,2675.699951171875,21986
2025-09-03 06:45:00+00:00,2671.89990234375,2676.800048828125,2669.699951171875,2676.800048828125,24506
2025-09-03 07:00:00+00:00,2669.89990234375,2674.10009765625,2669.89990234375,2672.0,24961
2025-09-03 07:15:00+00:00,2671.300048828125,2673.800048828125,2669.0,2669.800048828125,24909
2025-09-03 07:30:00+00:00,2674.10009765625,2675.0,2669.699951171875,2671.300048828125,17954
2025-09-03 07:45:00+00:00,2673.800048828125,2676.5,2672.39990234375,2674.5,21283
2025-09-03 08:00:00+00:00,2672.60009765625,2674.10009765625,2670.0,2673.800048828125,18785
2025-09-03 08:15:00+00:00,2670.0,2672.60009765625,2669.800048828125,2672.60009765625,25372
2025-09-03 08:30:00+00:00,2667.300048828125,2670.5,2666.5,2670.0,21507
2025-09-03 08:45:00+00:00,2666.699951171875,2667.60009765625,2665.699951171875,2667.300048828125,17560
2025-09-03 09:00:00+00:00,2661.39990234375,2667.699951171875,2661.0,2666.60009765625,28121
2025-09-03 09:15:00+00:00,2660.0,2663.0,2658.300048828125,2662.89990234375,52071
2025-09-03 09:30:00+00:00,2662.5,2665.0,2660.10009765625,2660.199951171875,99111
2025-09-03 09:45:00+00:00,2660.5,2670.0,2659.699951171875,2662.5,186852
2025-09-04 03:45:00+00:00,2727.0,2737.300048828125,2702.699951171875,2737.300048828125,615647
2025-09-04 04:00:00+00:00,2703.300048828125,2728.0,2700.0,2727.0,187020
2025-09-04 04:15:00+00:00,2706.5,2710.0,2691.800048828125,2704.5,141694
2025-09-04 04:30:00+00:00,2701.5,2720.0,2699.199951171875,2706.39990234375,140182
2025-09-04 04:45:00+00:00,2697.0,2707.0,2696.0,2700.39990234375,48262
2025-09-04 05:00:00+00:00,2690.89990234375,2697.0,2686.89990234375,2696.5,63330
2025-09-04 05:15:00+00:00,2676.39990234375,2694.0,2676.199951171875,2690.89990234375,57657
2025-09-04 05:30:00+00:00,2670.699951171875,2677.800048828125,2665.0,2676.5,88395
2025-09-04 05:45:00+00:00,2678.5,2681.0,2670.699951171875,2671.0,40062
2025-09-04 06:00:00+00:00,2673.0,2681.0,2673.0,2678.199951171875,29149
2025-09-04 06:15:00+00:00,2677.5,2678.89990234375,2671.60009765625,2673.199951171875,32342
2025-09-04 06:30:00+00:00,2677.199951171875,2685.0,2674.800048828125,2677.5,27437
2025-09-04 06:45:00+00:00,2673.5,2677.699951171875,2673.39990234375,2677.0,12091
2025-09-04 07:00:00+00:00,2681.0,2683.89990234375,2671.5,2673.800048828125,56125
2025-09-04 07:15:00+00:00,2687.10009765625,2689.300048828125,2679.699951171875,2682.199951171875,28529
2025-09-04 07:30:00+00:00,2687.0,2688.800048828125,2684.39990234375,2687.0,27250
2025-09-04 07:45:00+00:00,2688.0,2689.60009765625,2682.5,2686.699951171875,28092
2025-09-04 08:00:00+00:00,2683.39990234375,2688.0,2681.60009765625,2687.800048828125,27569
2025-09-04 08:15:00+00:00,2684.39990234375,2685.800048828125,2679.0,2683.39990234375,44435
2025-09-04 08:30:00+00:00,2684.89990234375,2685.0,2682.10009765625,2684.39990234375,22625
2025-09-04 08:45:00+00:00,2675.0,2685.199951171875,2672.0,2685.0,105019
2025-09-04 09:00:00+00:00,2682.39990234375,2683.89990234375,2674.60009765625,2675.0,90416
2025-09-04 09:15:00+00:00,2674.60009765625,2682.39990234375,2673.89990234375,2682.300048828125,72644
2025-09-04 09:30:00+00:00,2666.699951171875,2676.300048828125,2661.0,2674.60009765625,297249
2025-09-04 09:45:00+00:00,2666.60009765625,2669.89990234375,2656.199951171875,2666.699951171875,211208
2025-09-05 03:45:00+00:00,2649.0,2672.199951171875,2648.0,2670.5,33053
2025-09-05 04:00:00+00:00,2652.0,2655.800048828125,2645.800048828125,2648.0,47206
2025-09-05 04:15:00+00:00,2664.5,2666.300048828125,2652.0,2652.0,35494
2025-09-05 04:30:00+00:00,2655.0,2669.800048828125,2653.0,2664.5,32442
2025-09-05 04:45:00+00:00,2657.89990234375,2661.39990234375,2653.0,2654.699951171875,36285
2025-09-05 05:00:00+00:00,2651.39990234375,2658.60009765625,2648.10009765625,2658.60009765625,46667
2025-09-05 05:15:00+00:00,2647.300048828125,2653.39990234375,2641.10009765625,2651.39990234375,37987
2025-09-05 05:30:00+00:00,2644.300048828125,2650.300048828125,2642.10009765625,2646.5,20971
2025-09-05 05:45:00+00:00,2642.800048828125,2645.199951171875,2640.0,2644.300048828125,23778
2025-09-05 06:00:00+00:00,2640.300048828125,2644.699951171875,2639.5,2643.0,13047
2025-09-05 06:15:00+00:00,2637.5,2640.300048828125,2635.0,2640.300048828125,29434
2025-09-05 06:30:00+00:00,2633.5,2637.5,2633.300048828125,2637.5,21585
2025-09-05 06:45:00+00:00,2633.0,2635.0,2631.60009765625,2633.60009765625,12133
2025-09-05 07:00:00+00:00,2629.60009765625,2633.699951171875,2629.39990234375,2633.0,16985
2025-09-05 07:15:00+00:00,2631.699951171875,2631.699951171875,2624.89990234375,2629.60009765625,36111
2025-09-05 07:30:00+00:00,2639.699951171875,2639.699951171875,2630.199951171875,2632.39990234375,21397
2025-09-05 07:45:00+00:00,2638.39990234375,2640.300048828125,2635.39990234375,2640.0,21891
2025-09-05 08:00:00+00:00,2637.300048828125,2640.699951171875,2635.89990234375,2638.39990234375,21702
2025-09-05 08:15:00+00:00,2643.89990234375,2646.0,2637.199951171875,2637.199951171875,58285
2025-09-05 08:30:00+00:00,2640.5,2645.800048828125,2639.5,2644.199951171875,24055
2025-09-05 08:45:00+00:00,2640.699951171875,2645.0,2640.0,2640.10009765625,27702
2025-09-05 09:00:00+00:00,2639.699951171875,2642.89990234375,2636.800048828125,2642.800048828125,36327
2025-09-05 09:15:00+00:00,2634.199951171875,2640.0,2633.10009765625,2638.89990234375,26051
2025-09-05 09:30:00+00:00,2635.5,2637.0,2633.0,2633.39990234375,110505
2025-09-05 09:45:00+00:00,2628.0,2636.5,2626.10009765625,2635.5,117621
2025-09-08 03:45:00+00:00,2627.10009765625,2640.0,2626.10009765625,2639.699951171875,15670
2025-09-08 04:00:00+00:00,2637.0,2638.199951171875,2627.0,2627.39990234375,141071
2025-09-08 04:15:00+00:00,2639.89990234375,2644.199951171875,2634.800048828125,2637.0,29527
2025-09-08 04:30:00+00:00,2637.199951171875,2644.300048828125,2633.0,2640.199951171875,24364
2025-09-08 04:45:00+00:00,2629.199951171875,2637.199951171875,2627.5,2635.60009765625,15701
2025-09-08 05:00:00+00:00,2628.0,2631.0,2626.10009765625,2629.199951171875,30723
2025-09-08 05:15:00+00:00,2628.0,2630.0,2626.39990234375,2628.0,12689
2025-09-08 05:30:00+00:00,2629.0,2630.0,2626.10009765625,2627.89990234375,10554
2025-09-08 05:45:00+00:00,2630.0,2630.0,2626.89990234375,2629.0,8717
2025-09-08 06:00:00+00:00,2634.699951171875,2634.699951171875,2628.0,2629.699951171875,22531
2025-09-08 06:15:00+00:00,2633.0,2633.89990234375,2629.300048828125,2633.60009765625,26969
2025-09-08 06:30:00+00:00,2631.300048828125,2633.800048828125,2630.300048828125,2632.60009765625,12755
2025-09-08 06:45:00+00:00,2630.0,2636.300048828125,2627.0,2631.39990234375,33017
2025-09-08 07:00:00+00:00,2628.89990234375,2631.89990234375,2627.800048828125,2630.10009765625,25101
2025-09-08 07:15:00+00:00,2627.10009765625,2630.0,2625.199951171875,2628.10009765625,33683
2025-09-08 07:30:00+00:00,2625.0,2628.39990234375,2623.699951171875,2628.39990234375,20787
2025-09-08 07:45:00+00:00,2625.300048828125,2626.60009765625,2623.39990234375,2625.0,22528
2025-09-08 08:00:00+00:00,2626.800048828125,2628.89990234375,2623.89990234375,2625.39990234375,22072
2025-09-08 08:15:00+00:00,2629.10009765625,2630.0,2625.39990234375,2627.10009765625,15523
2025-09-08 08:30:00+00:00,2629.89990234375,2630.5,2627.39990234375,2630.0,22943
2025-09-08 08:45:00+00:00,2629.699951171875,2630.699951171875,2629.10009765625,2630.39990234375,28132
2025-09-08 09:00:00+00:00,2626.5,2635.0,2626.5,2630.0,29670
2025-09-08 09:15:00+00:00,2619.89990234375,2626.699951171875,2619.5,2626.5,68952
2025-09-08 09:30:00+00:00,2623.10009765625,2624.89990234375,2618.800048828125,2620.0,86463
2025-09-08 09:45:00+00:00,2629.0,2629.800048828125,2622.10009765625,2623.39990234375,116774
2025-09-09 03:45:00+00:00,2623.89990234375,2635.60009765625,2611.300048828125,2635.60009765625,55466
2025-09-09 04:00:00+00:00,2626.60009765625,2633.699951171875,2621.699951171875,2626.5,38891
2025-09-09 04:15:00+00:00,2627.5,2629.39990234375,2622.300048828125,2627.5,33364
2025-09-09 04:30:00+00:00,2627.5,2629.5,2625.699951171875,2627.89990234375,14782
2025-09-09 04:45:00+00:00,2627.199951171875,2627.89990234375,2622.800048828125,2627.300048828125,15790
2025-09-09 05:00:00+00:00,2622.300048828125,2628.0,2619.300048828125,2627.300048828125,18767
2025-09-09 05:15:00+00:00,2626.5,2626.5,2621.199951171875,2622.39990234375,23681
2025-09-09 05:30:00+00:00,2632.0,2632.5,2625.0,2626.5,10743
2025-09-09 05:45:00+00:00,2628.800048828125,2634.199951171875,2627.0,2632.5,31417
2025-09-09 06:00:00+00:00,2626.89990234375,2628.39990234375,2625.0,2628.10009765625,20749
2025-09-09 06:15:00+00:00,2627.89990234375,2628.0,2625.0,2627.199951171875,11287
2025-09-09 06:30:00+00:00,2628.39990234375,2629.5,2626.0,2627.89990234375,13912
2025-09-09 06:45:00+00:00,2626.300048828125,2629.60009765625,2625.0,2628.60009765625,21897
2025-09-09 07:00:00+00:00,2626.699951171875,2627.60009765625,2625.0,2626.300048828125,21669
2025-09-09 07:15:00+00:00,2624.60009765625,2629.89990234375,2621.800048828125,2627.199951171875,33173
2025-09-09 07:30:00+00:00,2626.699951171875,2627.0,2621.800048828125,2623.89990234375,24869
2025-09-09 07:45:00+00:00,2626.199951171875,2628.10009765625,2626.10009765625,2626.699951171875,20463
2025-09-09 08:00:00+00:00,2626.39990234375,2630.10009765625,2625.60009765625,2626.199951171875,110272
2025-09-09 08:15:00+00:00,2630.89990234375,2630.89990234375,2626.199951171875,2627.300048828125,85771
2025-09-09 08:30:00+00:00,2635.699951171875,2637.0,2627.5,2631.0,156915
2025-09-09 08:45:00+00:00,2637.0,2637.10009765625,2632.60009765625,2635.0,56286
2025-09-09 09:00:00+00:00,2635.699951171875,2643.89990234375,2634.800048828125,2637.0,171196
2025-09-09 09:15:00+00:00,2638.199951171875,2641.10009765625,2635.0,2635.39990234375,74928
2025-09-09 09:30:00+00:00,2644.39990234375,2644.39990234375,2635.89990234375,2638.60009765625,302420
2025-09-09 09:45:00+00:00,2642.0,2646.10009765625,2638.5,2644.39990234375,242246
2025-09-10 03:45:00+00:00,2651.0,2652.0,2641.300048828125,2646.0,49481
2025-09-10 04:00:00+00:00,2648.89990234375,2652.0,2647.0,2651.699951171875,28904
2025-09-10 04:15:00+00:00,2638.0,2651.800048828125,2636.89990234375,2648.89990234375,59078
2025-09-10 04:30:00+00:00,2633.10009765625,2638.39990234375,2631.199951171875,2638.0,23801
2025-09-10 04:45:00+00:00,2630.300048828125,2633.300048828125,2628.10009765625,2633.10009765625,17498
2025-09-10 05:00:00+00:00,2623.699951171875,2631.199951171875,2623.5,2630.300048828125,27070
2025-09-10 05:15:00+00:00,2623.5,2624.89990234375,2620.0,2623.5,19400
2025-09-10 05:30:00+00:00,2624.0,2625.300048828125,2621.699951171875,2623.300048828125,14528
2025-09-10 05:45:00+00:00,2632.0,2632.300048828125,2622.0,2623.89990234375,36817
2025-09-10 06:00:00+00:00,2630.800048828125,2633.39990234375,2630.10009765625,2631.800048828125,26953
2025-09-10 06:15:00+00:00,2631.89990234375,2632.89990234375,2629.5,2630.699951171875,30839
2025-09-10 06:30:00+00:00,2631.199951171875,2632.89990234375,2629.0,2632.0,37436
2025-09-10 06:45:00+00:00,2633.10009765625,2634.800048828125,2629.800048828125,2631.199951171875,34419
2025-09-10 07:00:00+00:00,2633.800048828125,2637.39990234375,2632.5,2634.0,24281
2025-09-10 07:15:00+00:00,2634.0,2635.0,2631.199951171875,2634.0,24745
2025-09-10 07:30:00+00:00,2634.0,2635.0,2632.39990234375,2634.0,18356
2025-09-10 07:45:00+00:00,2636.39990234375,2637.89990234375,2631.300048828125,2633.89990234375,21600
2025-09-10 08:00:00+00:00,2638.0,2638.0,2635.89990234375,2636.199951171875,21781
2025-09-10 08:15:00+00:00,2637.800048828125,2638.0,2636.300048828125,2637.89990234375,17030
2025-09-10 08:30:00+00:00,2637.89990234375,2641.0,2637.800048828125,2637.800048828125,33875
2025-09-10 08:45:00+00:00,2635.0,2638.699951171875,2633.10009765625,2638.0,73306
2025-09-10 09:00:00+00:00,2635.0,2638.60009765625,2635.0,2635.0,45452
2025-09-10 09:15:00+00:00,2637.89990234375,2639.10009765625,2634.300048828125,2634.89990234375,45020
2025-09-10 09:30:00+00:00,2643.0,2644.300048828125,2638.300048828125,2638.300048828125,117801
2025-09-10 09:45:00+00:00,2643.5,2647.199951171875,2641.60009765625,2643.0,131695
2025-09-11 03:45:00+00:00,2638.800048828125,2657.60009765625,2637.800048828125,2643.89990234375,29195
2025-09-11 04:00:00+00:00,2636.0,2640.0,2633.0,2638.10009765625,13356
2025-09-11 04:15:00+00:00,2635.199951171875,2636.300048828125,2633.0,2636.300048828125,14057
2025-09-11 04:30:00+00:00,2635.5,2637.300048828125,2634.199951171875,2635.5,8439
2025-09-11 04:45:00+00:00,2640.800048828125,2645.0,2635.5,2635.60009765625,34534
2025-09-11 05:00:00+00:00,2642.39990234375,2646.0,2641.39990234375,2641.5,14016
2025-09-11 05:15:00+00:00,2638.5,2642.300048828125,2633.10009765625,2642.300048828125,30812
2025-09-11 05:30:00+00:00,2634.800048828125,2640.199951171875,2634.5,2638.5,20387
2025-09-11 05:45:00+00:00,2635.699951171875,2637.300048828125,2630.89990234375,2634.800048828125,38596
2025-09-11 06:00:00+00:00,2634.5,2636.89990234375,2632.5,2635.699951171875,14677
2025-09-11 06:15:00+00:00,2638.699951171875,2639.0,2634.0,2634.60009765625,13149
2025-09-11 06:30:00+00:00,2637.39990234375,2643.0,2636.5,2638.5,13511
2025-09-11 06:45:00+00:00,2636.5,2639.10009765625,2634.0,2638.10009765625,19967
2025-09-11 07:00:00+00:00,2639.89990234375,2641.300048828125,2635.39990234375,2636.5,13910
2025-09-11 07:15:00+00:00,2635.199951171875,2640.0,2633.39990234375,2639.800048828125,30582
2025-09-11 07:30:00+00:00,2632.89990234375,2636.10009765625,2632.0,2635.0,45092
2025-09-11 07:45:00+00:00,2634.0,2634.199951171875,2631.199951171875,2632.89990234375,15734
2025-09-11 08:00:00+00:00,2636.89990234375,2637.300048828125,2633.800048828125,2634.0,14487
2025-09-11 08:15:00+00:00,2640.0,2640.199951171875,2633.199951171875,2636.89990234375,50274
2025-09-11 08:30:00+00:00,2640.89990234375,2641.0,2637.800048828125,2640.0,21484
2025-09-11 08:45:00+00:00,2636.39990234375,2641.89990234375,2635.0,2640.89990234375,28605
2025-09-11 09:00:00+00:00,2633.199951171875,2636.60009765625,2631.89990234375,2636.39990234375,64618
2025-09-11 09:15:00+00:00,2625.89990234375,2635.300048828125,2621.300048828125,2633.60009765625,106355
2025-09-11 09:30:00+00:00,2622.89990234375,2628.60009765625,2614.199951171875,2626.0,311747
2025-09-11 09:45:00+00:00,2626.800048828125,2628.10009765625,2619.0,2622.89990234375,174126
2025-09-12 03:45:00+00:00,2592.800048828125,2625.0,2592.0,2625.0,60651
2025-09-12 04:00:00+00:00,2597.699951171875,2599.10009765625,2592.800048828125,2592.800048828125,29425
2025-09-12 04:15:00+00:00,2588.60009765625,2597.39990234375,2587.60009765625,2597.39990234375,38391
2025-09-12 04:30:00+00:00,2597.60009765625,2599.0,2585.199951171875,2588.89990234375,34494
2025-09-12 04:45:00+00:00,2590.0,2596.89990234375,2589.199951171875,2596.89990234375,60330
2025-09-12 05:00:00+00:00,2589.60009765625,2592.39990234375,2587.39990234375,2590.0,27983
2025-09-12 05:15:00+00:00,2590.5,2591.60009765625,2586.0,2589.60009765625,35050
2025-09-12 05:30:00+00:00,2586.0,2591.5,2584.0,2590.0,45884
2025-09-12 05:45:00+00:00,2585.0,2588.0,2584.89990234375,2585.39990234375,30260
2025-09-12 06:00:00+00:00,2581.10009765625,2585.39990234375,2580.5,2585.0,43867
2025-09-12 06:15:00+00:00,2582.699951171875,2584.0,2580.89990234375,2581.10009765625,44942
2025-09-12 06:30:00+00:00,2581.0,2583.39990234375,2580.0,2581.800048828125,32920
2025-09-12 06:45:00+00:00,2577.0,2582.5,2575.10009765625,2581.0,47493
2025-09-12 07:00:00+00:00,2573.0,2577.5,2570.39990234375,2576.699951171875,142508
2025-09-12 07:15:00+00:00,2581.10009765625,2584.0,2569.0,2572.39990234375,114540
2025-09-12 07:30:00+00:00,2578.0,2582.0,2577.699951171875,2581.800048828125,25513
2025-09-12 07:45:00+00:00,2582.60009765625,2584.800048828125,2576.60009765625,2578.0,51582
2025-09-12 08:00:00+00:00,2583.39990234375,2585.5,2581.5,2583.800048828125,45288
2025-09-12 08:15:00+00:00,2584.39990234375,2585.300048828125,2583.0,2583.199951171875,37632
2025-09-12 08:30:00+00:00,2583.89990234375,2585.10009765625,2583.0,2583.699951171875,37585
2025-09-12 08:45:00+00:00,2582.10009765625,2585.0,2581.89990234375,2583.800048828125,36292
2025-09-12 09:00:00+00:00,2582.199951171875,2583.5,2580.0,2582.10009765625,48821
2025-09-12 09:15:00+00:00,2577.39990234375,2584.0,2575.89990234375,2583.39990234375,104030
2025-09-12 09:30:00+00:00,2579.89990234375,2582.0,2576.60009765625,2577.300048828125,66238
2025-09-12 09:45:00+00:00,2580.5,2583.800048828125,2578.89990234375,2578.89990234375,87364
2025-09-15 03:45:00+00:00,2584.0,2589.0,2581.0,2585.0,22376
2025-09-15 04:00:00+00:00,2581.0,2585.699951171875,2579.39990234375,2584.0,25702
2025-09-15 04:15:00+00:00,2575.199951171875,2585.89990234375,2575.199951171875,2581.0,23893
2025-09-15 04:30:00+00:00,2576.89990234375,2577.800048828125,2568.39990234375,2575.89990234375,20346
2025-09-15 04:45:00+00:00,2577.300048828125,2577.89990234375,2574.800048828125,2576.89990234375,8295
2025-09-15 05:00:00+00:00,2574.10009765625,2579.39990234375,2574.0,2577.5,7527
2025-09-15 05:15:00+00:00,2572.89990234375,2574.10009765625,2570.0,2574.10009765625,12752
2025-09-15 05:30:00+00:00,2571.0,2574.800048828125,2570.800048828125,2573.0,4194
2025-09-15 05:45:00+00:00,2572.89990234375,2574.0,2570.60009765625,2571.60009765625,4279
2025-09-15 06:00:00+00:00,2575.5,2576.0,2570.300048828125,2572.89990234375,18019
2025-09-15 06:15:00+00:00,2579.10009765625,2581.60009765625,2576.0,2576.0,18117
2025-09-15 06:30:00+00:00,2582.89990234375,2583.0,2579.300048828125,2579.800048828125,20571
2025-09-15 06:45:00+00:00,2584.199951171875,2586.89990234375,2581.0,2582.89990234375,57878
2025-09-15 07:00:00+00:00,2582.60009765625,2586.89990234375,2580.5,2585.0,23746
2025-09-15 07:15:00+00:00,2581.199951171875,2584.300048828125,2577.60009765625,2583.0,55910
2025-09-15 07:30:00+00:00,2580.5,2583.0,2580.0,2582.0,6492
2025-09-15 07:45:00+00:00,2585.0,2585.0,2578.199951171875,2581.699951171875,10737
2025-09-15 08:00:00+00:00,2582.0,2586.10009765625,2579.199951171875,2584.5,28036
2025-09-15 08:15:00+00:00,2588.699951171875,2589.0,2581.10009765625,2582.0,23986
2025-09-15 08:30:00+00:00,2584.0,2589.0,2583.800048828125,2588.800048828125,18114
2025-09-15 08:45:00+00:00,2586.60009765625,2587.800048828125,2584.0,2584.199951171875,23470
2025-09-15 09:00:00+00:00,2589.39990234375,2593.39990234375,2586.60009765625,2587.0,93734
2025-09-15 09:15:00+00:00,2585.10009765625,2590.10009765625,2583.800048828125,2590.10009765625,46662
2025-09-15 09:30:00+00:00,2580.800048828125,2585.199951171875,2579.10009765625,2585.10009765625,76241
2025-09-15 09:45:00+00:00,2582.89990234375,2582.89990234375,2578.0,2581.0,78497
2025-09-16 03:45:00+00:00,2577.39990234375,2590.0,2574.0,2583.5,54286
2025-09-16 04:00:00+00:00,2581.60009765625,2583.89990234375,2576.0,2577.0,13345
2025-09-16 04:15:00+00:00,2583.0,2583.0,2579.0,2581.89990234375,10040
2025-09-16 04:30:00+00:00,2583.0,2585.199951171875,2579.39990234375,2583.0,20230
2025-09-16 04:45:00+00:00,2584.0,2585.0,2582.800048828125,2583.5,7766
2025-09-16 05:00:00+00:00,2581.5,2584.300048828125,2581.5,2584.10009765625,6756
2025-09-16 05:30:00+00:00,2582.5,2583.60009765625,2581.5,2582.5,10431
2025-09-16 05:45:00+00:00,2582.0,2583.89990234375,2580.5,2582.5,2809
2025-09-16 06:00:00+00:00,2578.5,2582.89990234375,2578.0,2581.60009765625,5609
2025-09-16 06:15:00+00:00,2579.800048828125,2580.60009765625,2578.199951171875,2579.5,4561
2025-09-16 06:30:00+00:00,2580.300048828125,2583.0,2580.0,2580.5,2950
2025-09-16 09:45:00+00:00,2580.89990234375,2589.60009765625,2580.0,2584.89990234375,870383
2025-09-17 03:45:00+00:00,2578.300048828125,2590.5,2576.39990234375,2585.39990234375,43311
2025-09-17 04:00:00+00:00,2576.300048828125,2582.0,2576.300048828125,2578.39990234375,18238
2025-09-17 04:15:00+00:00,2576.0,2577.199951171875,2571.39990234375,2577.199951171875,36503
2025-09-17 04:30:00+00:00,2576.89990234375,2578.800048828125,2574.800048828125,2576.60009765625,13246
2025-09-17 04:45:00+00:00,2575.0,2577.800048828125,2574.39990234375,2576.89990234375,13145
2025-09-17 05:00:00+00:00,2575.60009765625,2577.10009765625,2574.10009765625,2575.0,16246
2025-09-17 05:15:00+00:00,2582.5,2582.5,2575.0,2575.5,26929
2025-09-17 05:30:00+00:00,2583.0,2584.5,2580.89990234375,2582.5,24264
2025-09-17 05:45:00+00:00,2580.0,2584.5,2579.699951171875,2583.0,14933
2025-09-17 06:00:00+00:00,2578.199951171875,2583.0,2576.5,2580.699951171875,22653
2025-09-17 06:15:00+00:00,2577.60009765625,2580.199951171875,2577.199951171875,2578.10009765625,11525
2025-09-17 06:30:00+00:00,2576.5,2577.89990234375,2575.10009765625,2577.60009765625,19246
2025-09-17 06:45:00+00:00,2576.800048828125,2576.800048828125,2575.0,2575.5,32824
2025-09-17 07:00:00+00:00,2580.199951171875,2582.0,2577.300048828125,2578.0,28544
2025-09-17 07:15:00+00:00,2578.300048828125,2581.0,2577.60009765625,2580.10009765625,27068
2025-09-17 07:30:00+00:00,2576.10009765625,2578.5,2575.60009765625,2578.199951171875,48151
2025-09-17 07:45:00+00:00,2576.0,2579.10009765625,2575.199951171875,2575.199951171875,43252
2025-09-17 08:00:00+00:00,2575.199951171875,2576.89990234375,2574.5,2576.0,55199
2025-09-17 08:15:00+00:00,2573.199951171875,2577.60009765625,2573.0,2575.5,53976
2025-09-17 08:30:00+00:00,2573.0,2575.5,2571.10009765625,2573.199951171875,49506
2025-09-17 08:45:00+00:00,2570.800048828125,2574.10009765625,2568.39990234375,2572.800048828125,60477
2025-09-17 09:00:00+00:00,2569.89990234375,2571.300048828125,2568.0,2570.800048828125,39091
2025-09-17 09:15:00+00:00,2568.300048828125,2570.39990234375,2568.0,2570.0,59522
2025-09-17 09:30:00+00:00,2568.199951171875,2569.89990234375,2567.0,2568.0,117609
2025-09-17 09:45:00+00:00,2574.89990234375,2574.89990234375,2568.10009765625,2568.199951171875,94698
2025-09-18 03:45:00+00:00,2585.199951171875,2587.0,2570.89990234375,2570.89990234375,57478
2025-09-18 04:00:00+00:00,2593.699951171875,2595.0,2584.10009765625,2584.39990234375,41806
2025-09-18 04:15:00+00:00,2594.699951171875,2594.699951171875,2589.0,2594.0,45972
2025-09-18 04:30:00+00:00,2600.300048828125,2601.0,2594.60009765625,2594.699951171875,57747
2025-09-18 04:45:00+00:00,2604.300048828125,2609.89990234375,2600.39990234375,2600.39990234375,63439
2025-09-18 05:00:00+00:00,2603.60009765625,2606.0,2601.60009765625,2604.5,29177
2025-09-18 05:15:00+00:00,2604.5,2605.5,2602.39990234375,2604.800048828125,17977
2025-09-18 05:30:00+00:00,2599.0,2606.0,2598.10009765625,2604.89990234375,24934
2025-09-18 05:45:00+00:00,2596.39990234375,2597.39990234375,2592.0,2596.800048828125,61422
2025-09-18 06:00:00+00:00,2593.5,2598.699951171875,2590.5,2596.39990234375,44716
2025-09-18 06:15:00+00:00,2596.10009765625,2596.89990234375,2592.5,2594.0,23933
2025-09-18 06:30:00+00:00,2589.10009765625,2596.10009765625,2589.0,2596.10009765625,40419
2025-09-18 06:45:00+00:00,2588.60009765625,2590.10009765625,2586.10009765625,2590.0,42529
2025-09-18 07:00:00+00:00,2589.5,2594.5,2586.89990234375,2588.5,49546
2025-09-18 07:15:00+00:00,2587.800048828125,2592.199951171875,2587.5,2590.0,25323
2025-09-18 07:30:00+00:00,2586.5,2589.10009765625,2581.60009765625,2588.10009765625,59637
2025-09-18 07:45:00+00:00,2585.800048828125,2587.10009765625,2583.300048828125,2586.5,31953
2025-09-18 08:00:00+00:00,2582.699951171875,2586.39990234375,2580.39990234375,2585.800048828125,35153
2025-09-18 08:15:00+00:00,2579.89990234375,2587.10009765625,2578.199951171875,2583.699951171875,54173
2025-09-18 08:30:00+00:00,2580.0,2583.0,2579.10009765625,2579.89990234375,61681
2025-09-18 08:45:00+00:00,2579.10009765625,2580.89990234375,2577.0,2580.0,42797
2025-09-18 09:00:00+00:00,2579.60009765625,2582.199951171875,2577.199951171875,2579.89990234375,82695
2025-09-18 09:15:00+00:00,2584.89990234375,2587.0,2577.0,2579.60009765625,67508
2025-09-18 09:30:00+00:00,2587.60009765625,2590.89990234375,2582.800048828125,2585.0,262640
2025-09-18 09:45:00+00:00,2584.10009765625,2589.699951171875,2580.0,2587.800048828125,210985
2025-09-19 03:45:00+00:00,2582.5,2604.699951171875,2576.800048828125,2595.0,79776
2025-09-19 04:00:00+00:00,2578.10009765625,2583.0,2577.0,2581.800048828125,41292
2025-09-19 04:15:00+00:00,2572.800048828125,2581.300048828125,2571.5,2577.60009765625,25128
2025-09-19 04:30:00+00:00,2577.5,2577.60009765625,2570.0,2571.800048828125,20622
2025-09-19 04:45:00+00:00,2579.39990234375,2579.89990234375,2575.89990234375,2577.10009765625,16377
2025-09-19 05:00:00+00:00,2577.0,2579.89990234375,2575.89990234375,2579.5,14915
2025-09-19 05:15:00+00:00,2576.699951171875,2577.89990234375,2574.0,2576.5,13122
2025-09-19 05:30:00+00:00,2576.89990234375,2578.300048828125,2575.0,2576.699951171875,10492
2025-09-19 05:45:00+00:00,2577.699951171875,2579.0,2576.699951171875,2577.0,9004
2025-09-19 06:00:00+00:00,2574.199951171875,2578.60009765625,2574.199951171875,2578.0,15757
2025-09-19 06:15:00+00:00,2569.5,2575.699951171875,2569.199951171875,2574.199951171875,41302
2025-09-19 06:30:00+00:00,2566.0,2569.60009765625,2564.10009765625,2569.5,39317
2025-09-19 06:45:00+00:00,2570.0,2570.0,2564.300048828125,2564.60009765625,40348
2025-09-19 07:00:00+00:00,2570.0,2570.0,2568.60009765625,2569.5,19998
2025-09-19 07:15:00+00:00,2568.800048828125,2570.0,2565.0,2570.0,20165
2025-09-19 07:30:00+00:00,2568.0,2570.5,2567.39990234375,2568.60009765625,49752
2025-09-19 07:45:00+00:00,2567.5,2568.5,2566.800048828125,2568.199951171875,24059
2025-09-19 08:00:00+00:00,2565.0,2567.5,2564.10009765625,2567.5,37338
2025-09-19 08:15:00+00:00,2567.10009765625,2568.800048828125,2564.60009765625,2565.300048828125,52141
2025-09-19 08:30:00+00:00,2567.39990234375,2569.199951171875,2565.89990234375,2567.10009765625,60501
2025-09-19 08:45:00+00:00,2564.800048828125,2568.699951171875,2564.0,2567.39990234375,43813
2025-09-19 09:00:00+00:00,2564.199951171875,2565.39990234375,2562.800048828125,2565.0,67474
2025-09-19 09:15:00+00:00,2566.89990234375,2567.60009765625,2563.0,2564.10009765625,65764
2025-09-19 09:30:00+00:00,2556.60009765625,2569.199951171875,2555.5,2569.199951171875,633725
2025-09-19 09:45:00+00:00,2559.60009765625,2567.0,2555.699951171875,2556.300048828125,586323
2025-09-22 03:45:00+00:00,2567.199951171875,2573.89990234375,2564.199951171875,2568.5,43986
2025-09-22 04:00:00+00:00,2569.0,2571.0,2564.699951171875,2567.699951171875,24329
2025-09-22 04:15:00+00:00,2568.800048828125,2570.0,2560.199951171875,2568.39990234375,29888
2025-09-22 04:30:00+00:00,2573.800048828125,2574.89990234375,2568.39990234375,2568.800048828125,25240
2025-09-22 04:45:00+00:00,2572.39990234375,2574.699951171875,2570.89990234375,2573.199951171875,22410
2025-09-22 05:00:00+00:00,2575.5,2575.5,2570.0,2572.5,14209
2025-09-22 05:15:00+00:00,2573.60009765625,2575.89990234375,2572.0,2575.39990234375,18652
2025-09-22 05:30:00+00:00,2574.0,2574.60009765625,2572.10009765625,2573.60009765625,14820
2025-09-22 05:45:00+00:00,2575.0,2575.0,2571.800048828125,2574.60009765625,12815
2025-09-22 06:00:00+00:00,2578.5,2579.89990234375,2574.199951171875,2574.89990234375,18999
2025-09-22 06:15:00+00:00,2577.60009765625,2579.800048828125,2577.199951171875,2577.800048828125,43013
2025-09-22 06:30:00+00:00,2577.10009765625,2578.800048828125,2573.89990234375,2577.60009765625,23575
2025-09-22 06:45:00+00:00,2582.60009765625,2583.60009765625,2576.39990234375,2577.10009765625,63936
2025-09-22 07:00:00+00:00,2584.60009765625,2587.199951171875,2581.699951171875,2582.39990234375,44270
2025-09-22 07:15:00+00:00,2585.60009765625,2586.5,2583.699951171875,2585.39990234375,32692
2025-09-22 07:30:00+00:00,2583.0,2586.10009765625,2582.800048828125,2585.39990234375,33739
2025-09-22 07:45:00+00:00,2579.199951171875,2584.39990234375,2575.800048828125,2584.39990234375,89679
2025-09-22 08:00:00+00:00,2574.0,2580.199951171875,2574.0,2579.199951171875,55657
2025-09-22 08:15:00+00:00,2571.800048828125,2576.0,2571.0,2573.89990234375,40630
2025-09-22 08:30:00+00:00,2573.800048828125,2573.800048828125,2567.60009765625,2571.800048828125,55435
2025-09-22 08:45:00+00:00,2572.5,2577.300048828125,2571.199951171875,2572.800048828125,54252
2025-09-22 09:00:00+00:00,2573.89990234375,2577.0,2570.89990234375,2572.5,65674
2025-09-22 09:15:00+00:00,2571.300048828125,2573.89990234375,2568.39990234375,2573.60009765625,83253
2025-09-22 09:30:00+00:00,2571.199951171875,2574.89990234375,2570.199951171875,2571.39990234375,101608
2025-09-22 09:45:00+00:00,2572.199951171875,2573.89990234375,2568.5,2571.0,104245
2025-09-23 03:45:00+00:00,2564.0,2575.10009765625,2563.89990234375,2570.89990234375,16566
2025-09-23 04:00:00+00:00,2556.5,2565.5,2556.10009765625,2563.5,30798
2025-09-23 04:15:00+00:00,2561.10009765625,2561.800048828125,2554.10009765625,2556.800048828125,22893
2025-09-23 04:30:00+00:00,2556.300048828125,2562.5,2556.0,2561.60009765625,12211
2025-09-23 04:45:00+00:00,2548.699951171875,2556.300048828125,2544.5,2556.300048828125,29089
2025-09-23 05:00:00+00:00,2544.199951171875,2550.5,2544.199951171875,2548.699951171875,20269
2025-09-23 05:15:00+00:00,2539.60009765625,2544.0,2538.0,2544.0,33515
2025-09-23 05:30:00+00:00,2535.60009765625,2539.89990234375,2533.300048828125,2539.699951171875,52016
2025-09-23 05:45:00+00:00,2532.800048828125,2537.699951171875,2532.199951171875,2535.800048828125,40076
2025-09-23 06:00:00+00:00,2539.0,2540.699951171875,2531.800048828125,2533.0,34409
2025-09-23 06:15:00+00:00,2538.5,2543.199951171875,2537.10009765625,2539.0,37911
2025-09-23 06:30:00+00:00,2543.699951171875,2544.0,2535.199951171875,2539.0,24875
2025-09-23 06:45:00+00:00,2539.0,2545.0,2537.199951171875,2543.699951171875,33885
2025-09-23 07:00:00+00:00,2540.0,2547.199951171875,2539.300048828125,2540.0,59232
2025-09-23 07:15:00+00:00,2536.699951171875,2544.800048828125,2536.10009765625,2541.39990234375,60070
2025-09-23 07:30:00+00:00,2535.5,2539.800048828125,2534.199951171875,2535.699951171875,51773
2025-09-23 07:45:00+00:00,2537.5,2538.89990234375,2532.89990234375,2535.10009765625,65219
2025-09-23 08:00:00+00:00,2529.699951171875,2539.199951171875,2528.5,2536.89990234375,57007
2025-09-23 08:15:00+00:00,2530.0,2533.0,2528.60009765625,2530.0,53581
2025-09-23 08:30:00+00:00,2526.0,2531.10009765625,2525.300048828125,2530.0,72605
2025-09-23 08:45:00+00:00,2525.0,2527.699951171875,2523.5,2526.0,61051
2025-09-23 09:00:00+00:00,2523.39990234375,2525.0,2522.39990234375,2525.0,46367
2025-09-23 09:15:00+00:00,2525.0,2527.699951171875,2520.300048828125,2524.5,146223
2025-09-23 09:30:00+00:00,2521.89990234375,2525.60009765625,2521.0,2524.89990234375,174442
2025-09-23 09:45:00+00:00,2522.199951171875,2524.89990234375,2518.199951171875,2522.0,169880
2025-09-24 03:45:00+00:00,2518.60009765625,2526.39990234375,2511.39990234375,2524.89990234375,20202
2025-09-24 04:00:00+00:00,2526.199951171875,2529.800048828125,2515.5,2518.10009765625,28641
2025-09-24 04:15:00+00:00,2529.699951171875,2535.5,2525.800048828125,2525.800048828125,32783
2025-09-24 04:30:00+00:00,2530.60009765625,2532.5,2525.10009765625,2529.60009765625,38166
2025-09-24 04:45:00+00:00,2539.199951171875,2549.39990234375,2531.0,2531.0,172522
2025-09-24 05:00:00+00:00,2539.5,2542.39990234375,2535.89990234375,2539.10009765625,29820
2025-09-24 05:15:00+00:00,2539.300048828125,2542.60009765625,2537.39990234375,2540.0,28217
2025-09-24 05:30:00+00:00,2537.89990234375,2541.699951171875,2533.5,2539.60009765625,37262
2025-09-24 05:45:00+00:00,2542.199951171875,2545.0,2537.89990234375,2537.89990234375,33737
2025-09-24 06:00:00+00:00,2545.0,2545.89990234375,2539.699951171875,2542.39990234375,27535
2025-09-24 06:15:00+00:00,2553.10009765625,2555.0,2545.0,2545.0,58180
2025-09-24 06:30:00+00:00,2566.0,2569.60009765625,2553.199951171875,2553.199951171875,193118
2025-09-24 06:45:00+00:00,2570.0,2575.0,2566.0,2566.0,93449
2025-09-24 07:00:00+00:00,2568.89990234375,2570.0,2565.39990234375,2570.0,51776
2025-09-24 07:15:00+00:00,2574.10009765625,2575.89990234375,2568.0,2568.800048828125,75901
2025-09-24 07:30:00+00:00,2572.39990234375,2575.699951171875,2568.5,2574.39990234375,43041
2025-09-24 07:45:00+00:00,2571.89990234375,2574.39990234375,2570.5,2572.39990234375,52266
2025-09-24 08:00:00+00:00,2574.300048828125,2575.89990234375,2571.800048828125,2571.800048828125,55007
2025-09-24 08:15:00+00:00,2570.0,2575.5,2566.699951171875,2574.300048828125,60895
2025-09-24 08:30:00+00:00,2566.89990234375,2571.0,2566.0,2570.0,57417
2025-09-24 08:45:00+00:00,2560.699951171875,2567.10009765625,2560.300048828125,2566.60009765625,97070
2025-09-24 09:00:00+00:00,2556.89990234375,2562.0,2552.10009765625,2561.0,72929
2025-09-24 09:15:00+00:00,2550.800048828125,2556.89990234375,2549.60009765625,2556.89990234375,104332
2025-09-24 09:30:00+00:00,2548.39990234375,2553.199951171875,2545.10009765625,2551.10009765625,245198
2025-09-24 09:45:00+00:00,2549.5,2556.89990234375,2548.800048828125,2548.800048828125,139069
2025-09-25 03:45:00+00:00,2550.39990234375,2567.5,2546.300048828125,2546.300048828125,29074
2025-09-25 04:00:00+00:00,2558.800048828125,2560.5,2550.800048828125,2551.699951171875,33434
2025-09-25 04:15:00+00:00,2555.60009765625,2559.5,2553.60009765625,2557.60009765625,29288
2025-09-25 04:30:00+00:00,2554.60009765625,2557.39990234375,2548.60009765625,2554.699951171875,98081
2025-09-25 04:45:00+00:00,2556.300048828125,2558.10009765625,2553.10009765625,2554.0,29059
2025-09-25 05:00:00+00:00,2554.300048828125,2559.800048828125,2553.0,2556.300048828125,42330
2025-09-25 05:15:00+00:00,2552.60009765625,2554.5,2549.5,2554.300048828125,35982
2025-09-25 05:30:00+00:00,2552.300048828125,2555.5,2549.0,2553.0,51536
2025-09-25 05:45:00+00:00,2553.800048828125,2554.39990234375,2549.300048828125,2552.39990234375,27158
2025-09-25 06:00:00+00:00,2550.199951171875,2553.60009765625,2549.60009765625,2553.60009765625,22695
2025-09-25 06:15:00+00:00,2550.0,2552.60009765625,2549.39990234375,2550.5,31599
2025-09-25 06:30:00+00:00,2547.0,2551.199951171875,2545.199951171875,2550.5,75123
2025-09-25 06:45:00+00:00,2548.5,2548.60009765625,2545.39990234375,2546.199951171875,23340
2025-09-25 07:00:00+00:00,2544.300048828125,2548.39990234375,2543.39990234375,2547.89990234375,50761
2025-09-25 07:15:00+00:00,2551.5,2552.0,2544.0,2544.300048828125,41144
2025-09-25 07:30:00+00:00,2548.0,2554.5,2548.0,2551.5,62250
2025-09-25 07:45:00+00:00,2541.60009765625,2549.699951171875,2541.60009765625,2548.199951171875,30059
2025-09-25 08:00:00+00:00,2544.199951171875,2545.199951171875,2540.5,2541.60009765625,29457
2025-09-25 08:15:00+00:00,2549.39990234375,2549.60009765625,2542.5,2544.199951171875,40845
2025-09-25 08:30:00+00:00,2548.10009765625,2553.0,2546.699951171875,2549.60009765625,97860
2025-09-25 08:45:00+00:00,2545.800048828125,2552.39990234375,2545.800048828125,2548.0,71547
2025-09-25 09:00:00+00:00,2539.5,2546.300048828125,2537.300048828125,2546.199951171875,54932
2025-09-25 09:15:00+00:00,2537.10009765625,2544.199951171875,2536.89990234375,2539.89990234375,67619
2025-09-25 09:30:00+00:00,2539.60009765625,2540.0,2532.39990234375,2537.300048828125,240765
2025-09-25 09:45:00+00:00,2538.300048828125,2543.89990234375,2537.199951171875,2539.60009765625,263628
2025-09-26 03:45:00+00:00,2534.60009765625,2543.39990234375,2525.800048828125,2543.39990234375,21167
2025-09-26 04:00:00+00:00,2521.0,2535.199951171875,2520.0,2535.199951171875,25549
2025-09-26 04:15:00+00:00,2516.800048828125,2523.10009765625,2516.5,2522.89990234375,14018
2025-09-26 04:30:00+00:00,2514.5,2517.39990234375,2511.699951171875,2516.800048828125,14721
2025-09-26 04:45:00+00:00,2516.39990234375,2519.5,2514.0,2514.5,14407
2025-09-26 05:00:00+00:00,2512.0,2517.0,2509.0,2516.39990234375,12620
2025-09-26 05:15:00+00:00,2515.10009765625,2517.60009765625,2512.800048828125,2512.800048828125,84359
2025-09-26 05:30:00+00:00,2509.699951171875,2515.699951171875,2509.699951171875,2514.60009765625,12615
2025-09-26 05:45:00+00:00,2508.89990234375,2509.699951171875,2506.5,2509.699951171875,37465
2025-09-26 06:00:00+00:00,2513.199951171875,2515.0,2505.5,2509.5,42966
2025-09-26 06:15:00+00:00,2514.39990234375,2516.300048828125,2512.60009765625,2513.699951171875,20997
2025-09-26 06:30:00+00:00,2505.199951171875,2514.699951171875,2505.199951171875,2514.5,45836
2025-09-26 06:45:00+00:00,2502.60009765625,2505.800048828125,2501.0,2505.199951171875,38897
2025-09-26 07:00:00+00:00,2505.0,2505.89990234375,2499.800048828125,2502.60009765625,79798
2025-09-26 07:15:00+00:00,2508.5,2512.5,2504.699951171875,2504.800048828125,42443
2025-09-26 07:30:00+00:00,2508.699951171875,2511.5,2507.60009765625,2508.5,19329
2025-09-26 07:45:00+00:00,2514.0,2514.89990234375,2507.5,2508.699951171875,22809
2025-09-26 08:00:00+00:00,2513.60009765625,2514.800048828125,2511.10009765625,2514.0,13826
2025-09-26 08:15:00+00:00,2506.5,2513.89990234375,2504.5,2513.60009765625,21383
2025-09-26 08:30:00+00:00,2508.89990234375,2512.199951171875,2505.39990234375,2507.199951171875,25405
2025-09-26 08:45:00+00:00,2507.89990234375,2511.10009765625,2506.10009765625,2508.89990234375,20400
2025-09-26 09:00:00+00:00,2507.39990234375,2508.89990234375,2504.60009765625,2508.39990234375,40268
2025-09-26 09:15:00+00:00,2509.199951171875,2509.60009765625,2506.10009765625,2507.39990234375,48082
2025-09-26 09:30:00+00:00,2510.39990234375,2512.199951171875,2507.10009765625,2508.10009765625,79150
2025-09-26 09:45:00+00:00,2511.800048828125,2516.39990234375,2510.0,2510.0,70191
2025-09-29 03:45:00+00:00,2453.0,2498.800048828125,2443.89990234375,2498.800048828125,118595
2025-09-29 04:00:00+00:00,2474.39990234375,2478.5,2449.10009765625,2453.0,142287
2025-09-29 04:15:00+00:00,2490.199951171875,2491.300048828125,2467.300048828125,2474.39990234375,64209
2025-09-29 04:30:00+00:00,2494.60009765625,2494.60009765625,2483.60009765625,2490.10009765625,47127
2025-09-29 04:45:00+00:00,2491.300048828125,2497.5,2488.300048828125,2494.5,40681
2025-09-29 05:00:00+00:00,2488.10009765625,2491.89990234375,2484.0,2491.0,42579
2025-09-29 05:15:00+00:00,2499.0,2500.800048828125,2485.89990234375,2488.0,45974
2025-09-29 05:30:00+00:00,2506.60009765625,2506.800048828125,2499.199951171875,2499.199951171875,56298
2025-09-29 05:45:00+00:00,2515.199951171875,2515.199951171875,2506.5,2506.5,39497
2025-09-29 06:00:00+00:00,2506.5,2515.199951171875,2499.39990234375,2515.10009765625,49479
2025-09-29 06:15:00+00:00,2503.0,2507.300048828125,2498.300048828125,2506.800048828125,27728
2025-09-29 06:30:00+00:00,2499.699951171875,2505.89990234375,2496.0,2503.0,28558
2025-09-29 06:45:00+00:00,2503.800048828125,2504.0,2499.5,2500.0,37276
2025-09-29 07:00:00+00:00,2510.0,2510.0,2498.60009765625,2504.89990234375,64004
2025-09-29 07:15:00+00:00,2511.89990234375,2514.699951171875,2508.699951171875,2510.0,41801
2025-09-29 07:30:00+00:00,2510.89990234375,2517.39990234375,2506.10009765625,2511.300048828125,64082
2025-09-29 07:45:00+00:00,2508.39990234375,2511.39990234375,2505.10009765625,2510.699951171875,33463
2025-09-29 08:00:00+00:00,2506.39990234375,2509.0,2503.5,2508.39990234375,30569
2025-09-29 08:15:00+00:00,2507.5,2507.89990234375,2502.10009765625,2506.699951171875,50589
2025-09-29 08:30:00+00:00,2512.89990234375,2515.39990234375,2506.5,2507.300048828125,34457
2025-09-29 08:45:00+00:00,2511.800048828125,2516.0,2510.60009765625,2513.0,44978
2025-09-29 09:00:00+00:00,2508.300048828125,2514.39990234375,2506.5,2511.699951171875,38194
2025-09-29 09:15:00+00:00,2509.39990234375,2512.5,2507.800048828125,2508.39990234375,34303
2025-09-29 09:30:00+00:00,2499.0,2507.39990234375,2495.0,2507.39990234375,523264
2025-09-29 09:45:00+00:00,2497.89990234375,2513.0,2494.0,2497.699951171875,496647
2025-09-30 03:45:00+00:00,2505.5,2519.60009765625,2498.5,2500.0,32186
2025-09-30 04:00:00+00:00,2498.0,2511.199951171875,2498.0,2505.10009765625,23573
2025-09-30 04:15:00+00:00,2504.5,2506.39990234375,2497.199951171875,2497.89990234375,161102
2025-09-30 04:30:00+00:00,2504.39990234375,2508.699951171875,2503.89990234375,2504.10009765625,15888
2025-09-30 04:45:00+00:00,2505.199951171875,2510.0,2502.5,2504.699951171875,19151
2025-09-30 05:00:00+00:00,2504.10009765625,2505.60009765625,2500.0,2505.60009765625,23216
2025-09-30 05:15:00+00:00,2508.800048828125,2509.800048828125,2502.800048828125,2504.10009765625,65560
2025-09-30 05:30:00+00:00,2513.800048828125,2514.89990234375,2508.5,2508.699951171875,31028
2025-09-30 05:45:00+00:00,2517.5,2521.800048828125,2512.39990234375,2512.699951171875,27305
2025-09-30 06:00:00+00:00,2518.0,2521.5,2517.0,2517.5,29387
2025-09-30 06:15:00+00:00,2519.5,2519.5,2516.300048828125,2518.300048828125,12206
2025-09-30 06:30:00+00:00,2523.39990234375,2524.60009765625,2518.800048828125,2518.800048828125,35453
2025-09-30 06:45:00+00:00,2523.199951171875,2526.0,2522.10009765625,2523.199951171875,30560
2025-09-30 07:00:00+00:00,2522.300048828125,2524.5,2521.60009765625,2523.199951171875,28162
2025-09-30 07:15:00+00:00,2520.800048828125,2524.0,2519.10009765625,2522.60009765625,35582
2025-09-30 07:30:00+00:00,2520.39990234375,2523.0,2517.5,2520.60009765625,37503
2025-09-30 07:45:00+00:00,2512.300048828125,2522.300048828125,2511.5,2520.0,38061
2025-09-30 08:00:00+00:00,2511.5,2515.39990234375,2509.199951171875,2513.10009765625,38430
2025-09-30 08:15:00+00:00,2512.800048828125,2513.699951171875,2509.60009765625,2511.5,24998
2025-09-30 08:30:00+00:00,2514.199951171875,2515.89990234375,2509.699951171875,2512.800048828125,57934
2025-09-30 08:45:00+00:00,2508.10009765625,2513.60009765625,2504.300048828125,2513.60009765625,73069
2025-09-30 09:00:00+00:00,2509.60009765625,2510.699951171875,2505.89990234375,2508.0,70428
2025-09-30 09:15:00+00:00,2510.199951171875,2513.800048828125,2507.10009765625,2509.60009765625,82940
2025-09-30 09:30:00+00:00,2517.10009765625,2517.800048828125,2510.300048828125,2510.300048828125,333402
2025-09-30 09:45:00+00:00,2514.39990234375,2522.0,2511.0,2516.89990234375,309100
2025-10-01 03:45:00+00:00,2523.0,2525.199951171875,2517.60009765625,2521.39990234375,17870
2025-10-01 04:00:00+00:00,2518.39990234375,2523.5,2513.300048828125,2520.89990234375,18742
2025-10-01 04:15:00+00:00,2529.800048828125,2533.300048828125,2515.10009765625,2518.699951171875,38238
2025-10-01 04:30:00+00:00,2515.0,2531.39990234375,2511.10009765625,2530.800048828125,30711
2025-10-01 04:45:00+00:00,2511.0,2516.10009765625,2510.10009765625,2515.0,24259
2025-10-01 05:00:00+00:00,2503.89990234375,2514.5,2501.0,2510.699951171875,28193
2025-10-01 05:15:00+00:00,2504.699951171875,2505.800048828125,2498.300048828125,2503.39990234375,19496
2025-10-01 05:30:00+00:00,2505.0,2510.0,2504.0,2504.699951171875,14350
2025-10-01 05:45:00+00:00,2504.5,2506.699951171875,2500.5,2505.5,29266
2025-10-01 06:00:00+00:00,2518.89990234375,2519.800048828125,2503.60009765625,2505.10009765625,28063
2025-10-01 06:15:00+00:00,2517.199951171875,2523.0,2516.0,2520.0,60749
2025-10-01 06:30:00+00:00,2521.89990234375,2522.60009765625,2516.0,2518.0,27298
2025-10-01 06:45:00+00:00,2523.0,2525.0,2519.0,2522.89990234375,43696
2025-10-01 07:00:00+00:00,2521.5,2522.89990234375,2512.800048828125,2522.89990234375,128351
2025-10-01 07:15:00+00:00,2523.5,2525.5,2520.10009765625,2521.39990234375,65900
2025-10-01 07:30:00+00:00,2525.10009765625,2525.10009765625,2519.39990234375,2523.5,75631
2025-10-01 07:45:00+00:00,2526.199951171875,2527.800048828125,2523.89990234375,2524.0,30728
2025-10-01 08:00:00+00:00,2525.300048828125,2527.0,2521.699951171875,2526.300048828125,42354
2025-10-01 08:15:00+00:00,2528.89990234375,2528.89990234375,2524.0,2524.89990234375,37748
2025-10-01 08:30:00+00:00,2529.699951171875,2532.699951171875,2528.199951171875,2528.89990234375,47338
2025-10-01 08:45:00+00:00,2530.800048828125,2531.800048828125,2526.39990234375,2528.89990234375,62385
2025-10-01 09:00:00+00:00,2533.89990234375,2534.800048828125,2528.89990234375,2530.300048828125,60041
2025-10-01 09:15:00+00:00,2537.699951171875,2539.0,2533.10009765625,2534.0,78441
2025-10-01 09:30:00+00:00,2533.300048828125,2539.39990234375,2532.0,2537.60009765625,255929
2025-10-01 09:45:00+00:00,2530.10009765625,2537.199951171875,2530.0,2533.300048828125,199936
2025-10-03 03:45:00+00:00,2513.60009765625,2529.10009765625,2509.199951171875,2529.10009765625,34380
2025-10-03 04:00:00+00:00,2519.60009765625,2524.800048828125,2513.5,2513.5,53453
2025-10-03 04:15:00+00:00,2525.0,2525.60009765625,2518.199951171875,2519.60009765625,34576
2025-10-03 04:30:00+00:00,2528.800048828125,2531.89990234375,2523.800048828125,2525.10009765625,24539
2025-10-03 04:45:00+00:00,2532.39990234375,2532.39990234375,2524.60009765625,2528.699951171875,29336
2025-10-03 05:00:00+00:00,2531.800048828125,2533.0,2528.89990234375,2532.39990234375,25369
2025-10-03 05:15:00+00:00,2529.300048828125,2534.5,2529.300048828125,2531.800048828125,22976
2025-10-03 05:30:00+00:00,2527.10009765625,2529.300048828125,2523.699951171875,2529.300048828125,22211
2025-10-03 05:45:00+00:00,2530.800048828125,2531.0,2526.0,2527.199951171875,30935
2025-10-03 06:00:00+00:00,2530.199951171875,2533.10009765625,2529.0,2530.800048828125,21906
2025-10-03 06:15:00+00:00,2534.699951171875,2535.300048828125,2529.699951171875,2530.199951171875,24187
2025-10-03 06:30:00+00:00,2533.89990234375,2537.39990234375,2532.300048828125,2534.699951171875,24832
2025-10-03 06:45:00+00:00,2528.199951171875,2533.800048828125,2527.5,2533.699951171875,27073
2025-10-03 07:00:00+00:00,2532.89990234375,2532.89990234375,2527.0,2527.800048828125,30080
2025-10-03 07:15:00+00:00,2528.699951171875,2532.89990234375,2527.800048828125,2532.800048828125,27726
2025-10-03 07:30:00+00:00,2528.699951171875,2529.89990234375,2524.199951171875,2528.699951171875,27353
2025-10-03 07:45:00+00:00,2530.10009765625,2531.39990234375,2525.300048828125,2528.60009765625,26459
2025-10-03 08:00:00+00:00,2529.39990234375,2530.5,2526.10009765625,2530.10009765625,42592
2025-10-03 08:15:00+00:00,2534.60009765625,2536.5,2529.39990234375,2529.39990234375,60676
2025-10-03 08:30:00+00:00,2536.39990234375,2537.199951171875,2535.10009765625,2535.300048828125,69418
2025-10-03 08:45:00+00:00,2539.699951171875,2541.199951171875,2532.199951171875,2536.300048828125,74337
2025-10-03 09:00:00+00:00,2546.199951171875,2548.39990234375,2538.800048828125,2539.699951171875,72408
2025-10-03 09:15:00+00:00,2545.89990234375,2547.60009765625,2545.800048828125,2546.199951171875,36480
2025-10-03 09:30:00+00:00,2543.300048828125,2547.699951171875,2543.300048828125,2546.60009765625,177283
2025-10-03 09:45:00+00:00,2544.89990234375,2547.199951171875,2538.300048828125,2543.300048828125,174904
2025-10-06 03:45:00+00:00,2521.5,2541.60009765625,2521.300048828125,2541.60009765625,19888
2025-10-06 04:00:00+00:00,2532.89990234375,2535.60009765625,2520.300048828125,2521.300048828125,17564
2025-10-06 04:15:00+00:00,2527.5,2534.300048828125,2526.5,2532.89990234375,12807
2025-10-06 04:30:00+00:00,2526.10009765625,2528.5,2523.0,2527.39990234375,15083
2025-10-06 04:45:00+00:00,2529.60009765625,2530.5,2524.800048828125,2526.199951171875,6259
2025-10-06 05:00:00+00:00,2532.0,2533.5,2529.60009765625,2529.60009765625,7296
2025-10-06 05:15:00+00:00,2529.699951171875,2533.0,2527.0,2532.0,12263
2025-10-06 05:30:00+00:00,2534.800048828125,2534.89990234375,2526.800048828125,2528.699951171875,50667
2025-10-06 05:45:00+00:00,2534.39990234375,2536.300048828125,2533.0,2534.89990234375,21369
2025-10-06 06:00:00+00:00,2536.89990234375,2540.10009765625,2533.89990234375,2534.39990234375,70192
2025-10-06 06:15:00+00:00,2535.800048828125,2540.5,2534.10009765625,2536.300048828125,74332
2025-10-06 06:30:00+00:00,2535.0,2536.199951171875,2533.0,2535.800048828125,18772
2025-10-06 06:45:00+00:00,2533.89990234375,2535.699951171875,2533.0,2535.60009765625,6594
2025-10-06 07:00:00+00:00,2535.699951171875,2535.800048828125,2533.0,2533.39990234375,9384
2025-10-06 07:15:00+00:00,2535.0,2536.0,2534.0,2535.89990234375,9371
2025-10-06 07:30:00+00:00,2536.0,2536.5,2533.39990234375,2535.10009765625,9551
2025-10-06 07:45:00+00:00,2540.300048828125,2540.89990234375,2535.300048828125,2536.800048828125,14167
2025-10-06 08:00:00+00:00,2543.89990234375,2544.199951171875,2539.699951171875,2540.699951171875,16028
2025-10-06 08:15:00+00:00,2549.199951171875,2549.300048828125,2540.300048828125,2543.300048828125,38868
2025-10-06 08:30:00+00:00,2542.300048828125,2549.300048828125,2539.39990234375,2548.89990234375,34556
2025-10-06 08:45:00+00:00,2541.0,2545.0,2541.0,2542.0,56213
2025-10-06 09:00:00+00:00,2542.89990234375,2545.0,2539.800048828125,2540.89990234375,67541
2025-10-06 09:15:00+00:00,2543.10009765625,2549.199951171875,2540.300048828125,2542.800048828125,61821
2025-10-06 09:30:00+00:00,2539.39990234375,2544.800048828125,2539.10009765625,2544.5,60831
2025-10-06 09:45:00+00:00,2541.800048828125,2548.0,2537.39990234375,2539.800048828125,58955
2025-10-07 03:45:00+00:00,2547.0,2554.300048828125,2541.800048828125,2546.0,41493
2025-10-07 04:00:00+00:00,2548.0,2548.89990234375,2545.0,2548.0,6059
2025-10-07 04:15:00+00:00,2557.10009765625,2558.89990234375,2547.0,2548.0,15817
2025-10-07 04:30:00+00:00,2546.0,2557.60009765625,2545.300048828125,2557.5,26855
2025-10-07 04:45:00+00:00,2544.0,2547.800048828125,2542.89990234375,2546.10009765625,12555
2025-10-07 05:00:00+00:00,2545.0,2547.39990234375,2542.5,2543.60009765625,8784
2025-10-07 05:15:00+00:00,2534.39990234375,2545.0,2534.10009765625,2544.89990234375,16429
2025-10-07 05:30:00+00:00,2523.60009765625,2535.699951171875,2523.5,2534.5,18001
2025-10-07 05:45:00+00:00,2521.699951171875,2524.60009765625,2516.5,2524.199951171875,24393
2025-10-07 06:00:00+00:00,2512.89990234375,2522.89990234375,2511.5,2522.39990234375,55541
2025-10-07 06:15:00+00:00,2513.89990234375,2515.5,2512.10009765625,2512.5,14816
2025-10-07 06:30:00+00:00,2511.89990234375,2517.89990234375,2510.699951171875,2513.89990234375,45039
2025-10-07 06:45:00+00:00,2518.800048828125,2520.0,2511.60009765625,2511.89990234375,31091
2025-10-07 07:00:00+00:00,2529.39990234375,2531.0,2518.699951171875,2518.699951171875,70854
2025-10-07 07:15:00+00:00,2529.60009765625,2530.89990234375,2527.300048828125,2530.199951171875,29569
2025-10-07 07:30:00+00:00,2533.10009765625,2535.199951171875,2528.89990234375,2530.0,28945
2025-10-07 07:45:00+00:00,2525.5,2535.0,2525.10009765625,2533.0,31829
2025-10-07 08:00:00+00:00,2527.5,2528.199951171875,2525.0,2525.5,40574
2025-10-07 08:15:00+00:00,2526.199951171875,2529.89990234375,2525.10009765625,2529.0,37563
2025-10-07 08:30:00+00:00,2518.800048828125,2526.199951171875,2515.10009765625,2526.199951171875,101699
2025-10-07 08:45:00+00:00,2512.39990234375,2521.10009765625,2512.0,2518.89990234375,53411
2025-10-07 09:00:00+00:00,2511.0,2514.89990234375,2508.5,2512.5,82054
2025-10-07 09:15:00+00:00,2512.60009765625,2514.699951171875,2509.199951171875,2511.0,70598
2025-10-07 09:30:00+00:00,2513.89990234375,2520.89990234375,2511.60009765625,2513.5,238602
2025-10-07 09:45:00+00:00,2530.0,2530.39990234375,2513.699951171875,2513.699951171875,189441
2025-10-08 03:45:00+00:00,2507.699951171875,2516.800048828125,2505.0,2516.0,47724
2025-10-08 04:00:00+00:00,2502.10009765625,2507.199951171875,2501.89990234375,2506.699951171875,26600
2025-10-08 04:15:00+00:00,2501.5,2502.39990234375,2497.699951171875,2502.0,34745
2025-10-08 04:30:00+00:00,2495.199951171875,2500.5,2493.89990234375,2500.300048828125,39246
2025-10-08 04:45:00+00:00,2491.60009765625,2494.800048828125,2486.199951171875,2494.800048828125,33963
2025-10-08 05:00:00+00:00,2497.199951171875,2498.0,2488.699951171875,2491.39990234375,24131
2025-10-08 05:15:00+00:00,2505.0,2507.0,2494.10009765625,2496.800048828125,74842
2025-10-08 05:30:00+00:00,2503.39990234375,2510.5,2501.800048828125,2504.89990234375,115972
2025-10-08 05:45:00+00:00,2501.0,2505.0,2501.0,2503.0,17088
2025-10-08 06:00:00+00:00,2505.800048828125,2507.800048828125,2501.699951171875,2501.699951171875,18240
2025-10-08 06:15:00+00:00,2511.0,2514.0,2505.800048828125,2506.199951171875,32439
2025-10-08 06:30:00+00:00,2508.60009765625,2512.10009765625,2505.5,2511.0,40543
2025-10-08 06:45:00+00:00,2504.800048828125,2509.39990234375,2503.199951171875,2507.60009765625,52193
2025-10-08 07:00:00+00:00,2505.0,2505.5,2502.89990234375,2504.699951171875,25244
2025-10-08 07:15:00+00:00,2509.199951171875,2510.0,2505.0,2505.199951171875,18837
2025-10-08 07:30:00+00:00,2509.10009765625,2510.300048828125,2507.39990234375,2508.800048828125,33375
2025-10-08 07:45:00+00:00,2509.800048828125,2509.89990234375,2506.89990234375,2509.199951171875,38357
2025-10-08 08:00:00+00:00,2511.5,2513.10009765625,2509.0,2509.699951171875,30842
2025-10-08 08:15:00+00:00,2516.800048828125,2517.5,2511.5,2511.5,47538
2025-10-08 08:30:00+00:00,2511.60009765625,2516.800048828125,2509.10009765625,2516.800048828125,67858
2025-10-08 08:45:00+00:00,2506.60009765625,2511.89990234375,2506.0,2511.60009765625,40192
2025-10-08 09:00:00+00:00,2506.60009765625,2507.699951171875,2505.89990234375,2506.10009765625,31455
2025-10-08 09:15:00+00:00,2502.0,2509.300048828125,2501.699951171875,2506.39990234375,48877
2025-10-08 09:30:00+00:00,2498.5,2504.199951171875,2497.300048828125,2502.699951171875,107614
2025-10-08 09:45:00+00:00,2497.0,2502.800048828125,2495.39990234375,2498.5,105611
2025-10-09 03:45:00+00:00,2505.300048828125,2510.60009765625,2499.10009765625,2503.39990234375,15017
2025-10-09 04:00:00+00:00,2508.0,2509.0,2502.800048828125,2505.300048828125,12854
2025-10-09 04:15:00+00:00,2510.300048828125,2511.0,2506.699951171875,2508.60009765625,15008
2025-10-09 04:30:00+00:00,2510.0,2511.5,2506.89990234375,2510.10009765625,13622
2025-10-09 04:45:00+00:00,2513.699951171875,2516.39990234375,2510.0,2510.800048828125,14225
2025-10-09 05:00:00+00:00,2515.300048828125,2516.800048828125,2512.89990234375,2513.199951171875,14068
2025-10-09 05:15:00+00:00,2513.60009765625,2515.5,2510.199951171875,2515.300048828125,21054
2025-10-09 05:30:00+00:00,2515.5,2517.10009765625,2514.0,2514.0,17543
2025-10-09 05:45:00+00:00,2518.0,2518.5,2514.39990234375,2515.5,6806
2025-10-09 06:00:00+00:00,2518.39990234375,2519.800048828125,2516.300048828125,2517.800048828125,30247
2025-10-09 06:15:00+00:00,2517.0,2520.0,2512.0,2518.60009765625,29107
2025-10-09 06:30:00+00:00,2513.199951171875,2518.60009765625,2510.5,2516.89990234375,16979
2025-10-09 06:45:00+00:00,2515.60009765625,2517.199951171875,2513.10009765625,2514.10009765625,9436
2025-10-09 07:00:00+00:00,2517.0,2517.60009765625,2514.699951171875,2515.60009765625,13898
2025-10-09 07:15:00+00:00,2513.89990234375,2520.89990234375,2513.39990234375,2517.0,24517
2025-10-09 07:30:00+00:00,2514.10009765625,2516.5,2513.300048828125,2513.89990234375,85558
2025-10-09 07:45:00+00:00,2513.5,2514.10009765625,2510.89990234375,2514.10009765625,14331
2025-10-09 08:00:00+00:00,2509.89990234375,2515.300048828125,2508.39990234375,2513.5,124673
2025-10-09 08:15:00+00:00,2513.699951171875,2516.199951171875,2508.800048828125,2509.5,17027
2025-10-09 08:30:00+00:00,2512.39990234375,2515.89990234375,2511.699951171875,2514.39990234375,24764
2025-10-09 08:45:00+00:00,2513.10009765625,2515.0,2510.60009765625,2512.10009765625,48978
2025-10-09 09:00:00+00:00,2508.39990234375,2514.699951171875,2507.0,2513.699951171875,207158
2025-10-09 09:15:00+00:00,2514.800048828125,2515.199951171875,2507.39990234375,2508.39990234375,71752
2025-10-09 09:30:00+00:00,2517.0,2521.0,2514.10009765625,2514.199951171875,229438
2025-10-09 09:45:00+00:00,2522.39990234375,2523.0,2512.5,2517.699951171875,166434
2025-10-10 03:45:00+00:00,2517.89990234375,2523.199951171875,2511.5,2513.60009765625,13178
2025-10-10 04:00:00+00:00,2523.10009765625,2524.10009765625,2518.300048828125,2518.300048828125,16027
2025-10-10 04:15:00+00:00,2522.60009765625,2527.89990234375,2520.800048828125,2523.0,21865
2025-10-10 04:30:00+00:00,2521.0,2524.800048828125,2519.60009765625,2522.0,9270
2025-10-10 04:45:00+00:00,2517.60009765625,2525.199951171875,2516.300048828125,2521.0,9435
2025-10-10 05:00:00+00:00,2512.800048828125,2519.10009765625,2512.800048828125,2516.800048828125,13832
2025-10-10 05:15:00+00:00,2521.0,2522.10009765625,2513.0,2514.699951171875,23692
2025-10-10 05:30:00+00:00,2522.10009765625,2522.5,2520.0,2521.10009765625,145085
2025-10-10 05:45:00+00:00,2511.60009765625,2523.10009765625,2510.39990234375,2522.199951171875,57479
2025-10-10 06:00:00+00:00,2517.0,2517.5,2510.0,2511.0,30774
2025-10-10 06:15:00+00:00,2515.39990234375,2520.0,2515.0,2517.10009765625,42662
2025-10-10 06:30:00+00:00,2520.10009765625,2520.39990234375,2515.10009765625,2517.39990234375,37952
2025-10-10 06:45:00+00:00,2526.0,2527.199951171875,2520.0,2520.0,39370
2025-10-10 07:00:00+00:00,2526.89990234375,2527.199951171875,2524.5,2526.0,25778
2025-10-10 07:15:00+00:00,2525.199951171875,2527.699951171875,2521.0,2527.5,69667
2025-10-10 07:30:00+00:00,2523.199951171875,2525.199951171875,2520.0,2525.199951171875,38711
2025-10-10 07:45:00+00:00,2522.89990234375,2526.800048828125,2522.0,2523.199951171875,42870
2025-10-10 08:00:00+00:00,2522.699951171875,2525.89990234375,2522.10009765625,2522.89990234375,17861
2025-10-10 08:15:00+00:00,2522.60009765625,2524.89990234375,2522.0,2522.699951171875,16345
2025-10-10 08:30:00+00:00,2525.199951171875,2526.800048828125,2522.0,2522.5,25559
2025-10-10 08:45:00+00:00,2532.199951171875,2534.39990234375,2524.300048828125,2525.199951171875,55319
2025-10-10 09:00:00+00:00,2532.39990234375,2534.0,2530.800048828125,2532.5,40393
2025-10-10 09:15:00+00:00,2533.5,2534.89990234375,2530.199951171875,2532.39990234375,51847
2025-10-10 09:30:00+00:00,2526.0,2533.5,2526.0,2533.5,81808
2025-10-10 09:45:00+00:00,2528.89990234375,2531.0,2525.10009765625,2526.0,69958
2025-10-13 03:45:00+00:00,2524.0,2530.0,2516.699951171875,2524.699951171875,21051
2025-10-13 04:00:00+00:00,2520.699951171875,2523.300048828125,2515.10009765625,2523.300048828125,12498
2025-10-13 04:15:00+00:00,2513.10009765625,2520.10009765625,2513.10009765625,2519.300048828125,5750
2025-10-13 04:30:00+00:00,2511.0,2513.5,2508.0,2513.5,16145
2025-10-13 04:45:00+00:00,2508.10009765625,2511.60009765625,2499.60009765625,2511.0,32091
2025-10-13 05:00:00+00:00,2504.0,2509.800048828125,2503.39990234375,2507.300048828125,27398
2025-10-13 05:15:00+00:00,2499.699951171875,2504.5,2496.10009765625,2504.5,21679
2025-10-13 05:30:00+00:00,2498.199951171875,2499.89990234375,2496.699951171875,2499.0,16816
2025-10-13 05:45:00+00:00,2498.39990234375,2500.0,2495.0,2498.199951171875,82291
2025-10-13 06:00:00+00:00,2498.89990234375,2500.699951171875,2494.10009765625,2499.10009765625,120647
2025-10-13 06:15:00+00:00,2502.5,2503.5,2496.699951171875,2498.0,25713
2025-10-13 06:30:00+00:00,2502.5,2503.5,2497.39990234375,2502.5,79863
2025-10-13 06:45:00+00:00,2496.300048828125,2502.5,2491.5,2502.5,55830
2025-10-13 07:00:00+00:00,2493.60009765625,2497.10009765625,2492.199951171875,2496.199951171875,28309
2025-10-13 07:15:00+00:00,2493.0,2494.199951171875,2488.0,2493.60009765625,34387
2025-10-13 07:30:00+00:00,2493.199951171875,2493.39990234375,2486.800048828125,2493.39990234375,33825
2025-10-13 07:45:00+00:00,2494.39990234375,2496.699951171875,2491.699951171875,2493.199951171875,36055
2025-10-13 08:00:00+00:00,2490.800048828125,2494.5,2490.800048828125,2494.39990234375,18184
2025-10-13 08:15:00+00:00,2487.39990234375,2494.199951171875,2485.39990234375,2491.39990234375,36922
2025-10-13 08:30:00+00:00,2492.0,2493.0,2487.199951171875,2487.39990234375,23847
2025-10-13 08:45:00+00:00,2493.39990234375,2495.5,2488.5,2492.10009765625,52876
2025-10-13 09:00:00+00:00,2492.5,2493.60009765625,2489.89990234375,2493.39990234375,16898
2025-10-13 09:15:00+00:00,2493.5,2493.5,2490.0,2492.699951171875,28373
2025-10-13 09:30:00+00:00,2492.10009765625,2494.0,2488.39990234375,2493.89990234375,128617
2025-10-13 09:45:00+00:00,2496.0,2497.5,2492.300048828125,2492.300048828125,132067
2025-10-14 03:45:00+00:00,2495.60009765625,2500.60009765625,2491.0,2496.60009765625,30865
2025-10-14 04:00:00+00:00,2487.5,2497.5,2486.0,2495.60009765625,23309
2025-10-14 04:15:00+00:00,2493.199951171875,2493.199951171875,2482.60009765625,2487.5,27463
2025-10-14 04:30:00+00:00,2491.39990234375,2494.0,2487.199951171875,2489.60009765625,23350
2025-10-14 04:45:00+00:00,2491.10009765625,2492.300048828125,2486.39990234375,2490.89990234375,16153
2025-10-14 05:00:00+00:00,2494.0,2495.0,2491.10009765625,2491.5,18720
2025-10-14 05:15:00+00:00,2492.0,2495.5,2490.0,2494.0,12551
2025-10-14 05:30:00+00:00,2496.60009765625,2496.60009765625,2490.0,2492.699951171875,22302
2025-10-14 05:45:00+00:00,2494.60009765625,2497.0,2492.39990234375,2495.89990234375,8598
2025-10-14 06:00:00+00:00,2495.699951171875,2496.5,2492.800048828125,2494.300048828125,16135
2025-10-14 06:15:00+00:00,2501.800048828125,2501.800048828125,2493.199951171875,2495.89990234375,93028
2025-10-14 06:30:00+00:00,2503.0,2508.39990234375,2500.300048828125,2502.800048828125,100447
2025-10-14 06:45:00+00:00,2498.89990234375,2506.0,2495.89990234375,2503.199951171875,44908
2025-10-14 07:00:00+00:00,2496.5,2502.0,2495.60009765625,2498.5,57834
2025-10-14 07:15:00+00:00,2500.39990234375,2503.199951171875,2496.5,2497.39990234375,13243
2025-10-14 07:30:00+00:00,2500.5,2502.199951171875,2498.0,2500.5,55141
2025-10-14 07:45:00+00:00,2504.800048828125,2506.699951171875,2499.89990234375,2500.5,28311
2025-10-14 08:00:00+00:00,2503.10009765625,2506.0,2501.0,2504.800048828125,45594
2025-10-14 08:15:00+00:00,2501.0,2504.699951171875,2500.60009765625,2503.10009765625,35353
2025-10-14 08:30:00+00:00,2500.699951171875,2504.39990234375,2499.5,2501.60009765625,48715
2025-10-14 08:45:00+00:00,2503.699951171875,2503.699951171875,2495.0,2500.800048828125,86038
2025-10-14 09:00:00+00:00,2504.60009765625,2509.0,2503.0,2504.39990234375,78730
2025-10-14 09:15:00+00:00,2506.39990234375,2507.0,2500.60009765625,2504.60009765625,82873
2025-10-14 09:30:00+00:00,2501.89990234375,2506.89990234375,2500.10009765625,2506.5,202765
2025-10-14 09:45:00+00:00,2502.0,2503.39990234375,2498.699951171875,2502.300048828125,262744
2025-10-15 03:45:00+00:00,2517.89990234375,2519.0,2509.199951171875,2509.199951171875,33044
2025-10-15 04:00:00+00:00,2516.699951171875,2522.0,2514.199951171875,2517.39990234375,27891
2025-10-15 04:15:00+00:00,2520.0,2523.0,2516.199951171875,2516.60009765625,22988
2025-10-15 04:30:00+00:00,2523.39990234375,2523.89990234375,2517.300048828125,2520.0,13961
2025-10-15 04:45:00+00:00,2523.5,2525.5,2521.300048828125,2523.199951171875,25030
2025-10-15 05:00:00+00:00,2525.39990234375,2526.10009765625,2522.89990234375,2523.699951171875,11983
2025-10-15 05:15:00+00:00,2529.60009765625,2530.0,2523.300048828125,2525.39990234375,22806
2025-10-15 05:30:00+00:00,2525.10009765625,2531.800048828125,2524.300048828125,2529.39990234375,39454
2025-10-15 05:45:00+00:00,2526.89990234375,2528.699951171875,2523.699951171875,2525.0,19227
2025-10-15 06:00:00+00:00,2522.199951171875,2527.89990234375,2521.0,2527.60009765625,13832
2025-10-15 06:15:00+00:00,2518.5,2524.199951171875,2518.5,2521.5,19923
2025-10-15 06:30:00+00:00,2514.89990234375,2520.5,2514.699951171875,2518.60009765625,28169
2025-10-15 06:45:00+00:00,2515.39990234375,2518.0,2513.199951171875,2514.699951171875,30500
2025-10-15 07:00:00+00:00,2518.60009765625,2519.60009765625,2515.60009765625,2515.60009765625,12901
2025-10-15 07:15:00+00:00,2519.800048828125,2520.0,2516.0,2518.699951171875,18024
2025-10-15 07:30:00+00:00,2514.199951171875,2519.800048828125,2513.89990234375,2519.800048828125,19429
2025-10-15 07:45:00+00:00,2518.39990234375,2518.5,2514.0,2514.199951171875,31154
2025-10-15 08:00:00+00:00,2519.800048828125,2520.0,2516.699951171875,2517.89990234375,16917
2025-10-15 08:15:00+00:00,2518.199951171875,2520.300048828125,2517.10009765625,2520.0,16868
2025-10-15 08:30:00+00:00,2523.89990234375,2525.699951171875,2518.5,2518.699951171875,23259
2025-10-15 08:45:00+00:00,2522.0,2524.10009765625,2521.0,2524.10009765625,23907
2025-10-15 09:00:00+00:00,2524.10009765625,2526.0,2521.39990234375,2522.0,39373
2025-10-15 09:15:00+00:00,2520.800048828125,2525.199951171875,2518.60009765625,2524.10009765625,75847
2025-10-15 09:30:00+00:00,2519.0,2521.199951171875,2516.300048828125,2521.199951171875,136729
2025-10-15 09:45:00+00:00,2519.0,2524.0,2515.0,2519.10009765625,128429
2025-10-16 03:45:00+00:00,2527.300048828125,2529.800048828125,2517.89990234375,2517.89990234375,24104
2025-10-16 04:00:00+00:00,2521.39990234375,2528.39990234375,2520.10009765625,2527.300048828125,23112
2025-10-16 04:15:00+00:00,2520.5,2522.39990234375,2518.89990234375,2522.0,24259
2025-10-16 04:30:00+00:00,2522.0,2526.0,2520.0,2520.800048828125,15044
2025-10-16 04:45:00+00:00,2524.60009765625,2525.0,2522.0,2522.699951171875,11913
2025-10-16 05:00:00+00:00,2518.89990234375,2524.699951171875,2517.89990234375,2524.60009765625,36206
2025-10-16 05:15:00+00:00,2518.699951171875,2519.5,2515.199951171875,2518.89990234375,22916
2025-10-16 05:30:00+00:00,2514.699951171875,2518.89990234375,2514.10009765625,2518.300048828125,17023
2025-10-16 05:45:00+00:00,2513.0,2515.10009765625,2512.0,2514.89990234375,32712
2025-10-16 06:00:00+00:00,2508.5,2514.0,2507.10009765625,2514.0,39819
2025-10-16 06:15:00+00:00,2514.60009765625,2524.10009765625,2508.300048828125,2508.5,143890
2025-10-16 06:30:00+00:00,2525.39990234375,2525.5,2512.0,2514.199951171875,67854
2025-10-16 06:45:00+00:00,2538.89990234375,2540.0,2521.60009765625,2524.699951171875,66480
2025-10-16 07:00:00+00:00,2540.39990234375,2544.89990234375,2533.800048828125,2538.89990234375,51048
2025-10-16 07:15:00+00:00,2538.39990234375,2541.0,2535.800048828125,2540.39990234375,31559
2025-10-16 07:30:00+00:00,2544.60009765625,2545.0,2537.300048828125,2538.300048828125,33026
2025-10-16 07:45:00+00:00,2544.39990234375,2545.0,2538.0,2544.39990234375,45893
2025-10-16 08:00:00+00:00,2554.5,2555.800048828125,2543.60009765625,2544.0,71028
2025-10-16 08:15:00+00:00,2547.199951171875,2554.89990234375,2545.60009765625,2554.5,75392
2025-10-16 08:30:00+00:00,2552.699951171875,2556.699951171875,2546.89990234375,2547.199951171875,52463
2025-10-16 08:45:00+00:00,2555.800048828125,2559.39990234375,2551.89990234375,2552.60009765625,45523
2025-10-16 09:00:00+00:00,2556.10009765625,2560.39990234375,2555.199951171875,2555.800048828125,60855
2025-10-16 09:15:00+00:00,2557.800048828125,2558.89990234375,2555.0,2556.699951171875,62557
2025-10-16 09:30:00+00:00,2562.300048828125,2567.89990234375,2556.300048828125,2556.5,223709
2025-10-16 09:45:00+00:00,2560.0,2564.800048828125,2560.0,2561.800048828125,154401
2025-10-17 03:45:00+00:00,2572.199951171875,2579.60009765625,2564.39990234375,2565.0,33906
2025-10-17 04:00:00+00:00,2579.39990234375,2579.5,2573.300048828125,2574.60009765625,35599
2025-10-17 04:15:00+00:00,2580.0,2582.199951171875,2576.0,2580.0,84641
2025-10-17 04:30:00+00:00,2595.0,2598.89990234375,2580.0,2580.39990234375,120131
2025-10-17 04:45:00+00:00,2596.39990234375,2600.699951171875,2593.0,2595.39990234375,93918
2025-10-17 05:00:00+00:00,2595.39990234375,2596.89990234375,2590.5,2596.10009765625,49930
2025-10-17 05:15:00+00:00,2601.800048828125,2604.0,2592.60009765625,2595.39990234375,134223
2025-10-17 05:30:00+00:00,2600.5,2604.0,2598.800048828125,2601.39990234375,28256
2025-10-17 05:45:00+00:00,2607.0,2609.5,2598.10009765625,2600.5,58032
2025-10-17 06:00:00+00:00,2605.10009765625,2609.0,2604.0,2606.699951171875,47622
2025-10-17 06:15:00+00:00,2610.39990234375,2612.0,2601.0,2605.10009765625,153410
2025-10-17 06:30:00+00:00,2605.0,2611.0,2604.39990234375,2610.5,48497
2025-10-17 06:45:00+00:00,2608.800048828125,2611.0,2604.5,2606.0,61461
2025-10-17 07:00:00+00:00,2610.39990234375,2611.199951171875,2608.199951171875,2609.10009765625,37345
2025-10-17 07:15:00+00:00,2605.5,2615.0,2599.0,2609.800048828125,176949
2025-10-17 07:30:00+00:00,2607.699951171875,2610.300048828125,2604.800048828125,2605.5,118377
2025-10-17 07:45:00+00:00,2610.0,2614.89990234375,2607.300048828125,2607.300048828125,65086
2025-10-17 08:00:00+00:00,2601.10009765625,2610.0,2598.0,2610.0,89055
2025-10-17 08:15:00+00:00,2604.0,2604.60009765625,2599.60009765625,2601.10009765625,76800
2025-10-17 08:30:00+00:00,2602.800048828125,2605.0,2599.5,2604.39990234375,35599
2025-10-17 08:45:00+00:00,2601.5,2605.0,2600.0,2602.800048828125,47376
2025-10-17 09:00:00+00:00,2603.89990234375,2605.0,2599.5,2601.5,60740
2025-10-17 09:15:00+00:00,2601.199951171875,2605.199951171875,2600.0,2603.39990234375,66155
2025-10-17 09:30:00+00:00,2602.199951171875,2606.0,2601.300048828125,2601.300048828125,133690
2025-10-17 09:45:00+00:00,2603.39990234375,2607.0,2600.0,2600.800048828125,134513
2025-10-20 03:45:00+00:00,2611.199951171875,2624.0,2606.699951171875,2610.0,43957
2025-10-20 04:00:00+00:00,2601.89990234375,2612.60009765625,2601.60009765625,2612.0,23298
2025-10-20 04:15:00+00:00,2595.0,2603.199951171875,2594.0,2602.699951171875,42366
2025-10-20 04:30:00+00:00,2600.0,2601.199951171875,2593.800048828125,2595.0,22842
2025-10-20 04:45:00+00:00,2599.800048828125,2603.89990234375,2597.39990234375,2600.800048828125,24368
2025-10-20 05:00:00+00:00,2602.199951171875,2604.699951171875,2598.0,2599.800048828125,20096
2025-10-20 05:15:00+00:00,2612.800048828125,2613.800048828125,2602.60009765625,2603.300048828125,68690
2025-10-20 05:30:00+00:00,2613.699951171875,2615.0,2609.60009765625,2612.89990234375,21179
2025-10-20 05:45:00+00:00,2606.5,2614.0,2603.60009765625,2614.0,18925
2025-10-20 06:00:00+00:00,2602.699951171875,2606.5,2599.60009765625,2605.39990234375,18423
2025-10-20 06:15:00+00:00,2606.800048828125,2607.800048828125,2600.39990234375,2602.699951171875,14059
2025-10-20 06:30:00+00:00,2605.699951171875,2610.89990234375,2603.39990234375,2606.89990234375,12827
2025-10-20 06:45:00+00:00,2603.800048828125,2606.0,2601.300048828125,2605.800048828125,10175
2025-10-20 07:00:00+00:00,2608.0,2609.199951171875,2603.10009765625,2604.5,10216
2025-10-20 07:15:00+00:00,2609.10009765625,2611.0,2607.0,2608.0,14735
2025-10-20 07:30:00+00:00,2609.300048828125,2612.300048828125,2608.300048828125,2609.89990234375,24461
2025-10-20 07:45:00+00:00,2606.699951171875,2609.300048828125,2601.60009765625,2609.300048828125,16279
2025-10-20 08:00:00+00:00,2606.0,2609.0,2603.699951171875,2606.699951171875,21089
2025-10-20 08:15:00+00:00,2601.300048828125,2606.699951171875,2600.0,2606.0,28085
2025-10-20 08:30:00+00:00,2603.199951171875,2605.0,2601.0,2601.300048828125,26721
2025-10-20 08:45:00+00:00,2597.300048828125,2604.800048828125,2596.10009765625,2604.39990234375,40465
2025-10-20 09:00:00+00:00,2596.0,2599.0,2594.5,2597.5,59376
2025-10-20 09:15:00+00:00,2592.39990234375,2596.39990234375,2591.0,2595.699951171875,53774
2025-10-20 09:30:00+00:00,2597.300048828125,2598.800048828125,2585.60009765625,2592.300048828125,183200
2025-10-20 09:45:00+00:00,2594.39990234375,2603.0,2593.199951171875,2597.5,131090
2025-10-21 08:00:00+00:00,2594.0,2594.0,2594.0,2594.0,0
2025-10-21 08:15:00+00:00,2596.300048828125,2606.39990234375,2594.0,2599.10009765625,23489
2025-10-21 08:30:00+00:00,2594.300048828125,2597.300048828125,2591.0,2596.199951171875,18488
2025-10-21 08:45:00+00:00,2591.300048828125,2598.300048828125,2590.300048828125,2594.300048828125,15664
2025-10-21 09:00:00+00:00,2587.89990234375,2594.0,2586.0,2591.199951171875,22302
2025-10-21 09:15:00+00:00,2591.699951171875,2591.699951171875,2588.0,2588.0,296
2025-10-23 03:45:00+00:00,2627.199951171875,2637.0,2600.39990234375,2600.60009765625,135512
2025-10-23 04:00:00+00:00,2623.800048828125,2635.0,2622.5,2627.300048828125,60998
2025-10-23 04:15:00+00:00,2613.0,2625.89990234375,2610.5,2623.800048828125,42766
2025-10-23 04:30:00+00:00,2616.5,2617.60009765625,2610.300048828125,2612.5,24240
2025-10-23 04:45:00+00:00,2618.10009765625,2621.0,2615.300048828125,2617.60009765625,24822
2025-10-23 05:00:00+00:00,2640.39990234375,2640.89990234375,2616.699951171875,2618.800048828125,49490
2025-10-23 05:15:00+00:00,2633.199951171875,2640.60009765625,2630.5,2640.60009765625,45216
2025-10-23 05:30:00+00:00,2632.699951171875,2666.89990234375,2615.60009765625,2633.5,677407
2025-10-23 05:45:00+00:00,2633.60009765625,2652.699951171875,2613.10009765625,2634.39990234375,345333
2025-10-23 06:00:00+00:00,2626.699951171875,2638.0,2622.300048828125,2633.60009765625,92699
2025-10-23 06:15:00+00:00,2641.800048828125,2644.199951171875,2625.5,2626.0,75364
2025-10-23 06:30:00+00:00,2630.0,2643.5,2625.800048828125,2641.0,80026
2025-10-23 06:45:00+00:00,2644.39990234375,2657.800048828125,2627.5,2630.0,121191
2025-10-23 07:00:00+00:00,2615.5,2654.0,2597.800048828125,2644.0,282975
2025-10-23 07:15:00+00:00,2618.5,2628.699951171875,2611.5,2616.0,90746
2025-10-23 07:30:00+00:00,2614.800048828125,2619.89990234375,2611.39990234375,2618.39990234375,65689
2025-10-23 07:45:00+00:00,2611.39990234375,2619.300048828125,2610.10009765625,2613.300048828125,52319
2025-10-23 08:00:00+00:00,2612.300048828125,2617.300048828125,2608.300048828125,2611.39990234375,50094
2025-10-23 08:15:00+00:00,2611.0,2614.800048828125,2608.800048828125,2612.300048828125,31765
2025-10-23 08:30:00+00:00,2601.60009765625,2613.699951171875,2596.10009765625,2611.10009765625,227229
2025-10-23 08:45:00+00:00,2604.0,2606.199951171875,2598.199951171875,2601.699951171875,94574
2025-10-23 09:00:00+00:00,2605.800048828125,2608.39990234375,2598.89990234375,2604.800048828125,82387
2025-10-23 09:15:00+00:00,2603.0,2607.5,2601.10009765625,2605.800048828125,83195
2025-10-23 09:30:00+00:00,2598.199951171875,2603.39990234375,2597.199951171875,2603.199951171875,236825
2025-10-23 09:45:00+00:00,2602.5,2608.0,2598.10009765625,2598.10009765625,234075
2025-10-24 03:45:00+00:00,2507.89990234375,2561.0,2475.199951171875,2561.0,264062
2025-10-24 04:00:00+00:00,2506.10009765625,2512.199951171875,2501.60009765625,2507.89990234375,218743
2025-10-24 04:15:00+00:00,2503.10009765625,2507.39990234375,2501.10009765625,2506.300048828125,106227
2025-10-24 04:30:00+00:00,2509.5,2514.699951171875,2501.0,2503.10009765625,198568
2025-10-24 04:45:00+00:00,2505.5,2511.5,2503.0,2510.0,116827
2025-10-24 05:00:00+00:00,2517.5,2519.89990234375,2505.0,2505.60009765625,183159
2025-10-24 05:15:00+00:00,2516.0,2524.5,2513.60009765625,2517.5,172714
2025-10-24 05:30:00+00:00,2515.10009765625,2522.300048828125,2512.199951171875,2515.60009765625,151333
2025-10-24 05:45:00+00:00,2510.10009765625,2516.10009765625,2509.5,2514.699951171875,107273
2025-10-24 06:00:00+00:00,2511.10009765625,2514.800048828125,2506.39990234375,2509.5,52989
2025-10-24 06:15:00+00:00,2511.300048828125,2514.10009765625,2509.39990234375,2510.89990234375,111188
2025-10-24 06:30:00+00:00,2511.39990234375,2515.10009765625,2510.0,2510.5,86749
2025-10-24 06:45:00+00:00,2511.0,2512.89990234375,2510.39990234375,2511.5,123960
2025-10-24 07:00:00+00:00,2511.699951171875,2512.0,2510.89990234375,2511.5,123971
2025-10-24 07:15:00+00:00,2511.60009765625,2512.10009765625,2510.89990234375,2511.699951171875,32569
2025-10-24 07:30:00+00:00,2513.5,2514.0,2511.300048828125,2511.60009765625,21025
2025-10-24 07:45:00+00:00,2510.10009765625,2513.5,2509.10009765625,2513.5,46781
2025-10-24 08:00:00+00:00,2505.800048828125,2512.0,2505.10009765625,2510.10009765625,69512
2025-10-24 08:15:00+00:00,2511.5,2511.699951171875,2505.300048828125,2505.800048828125,44545
2025-10-24 08:30:00+00:00,2511.89990234375,2512.800048828125,2508.0,2511.5,32609
2025-10-24 08:45:00+00:00,2514.60009765625,2514.60009765625,2511.10009765625,2512.39990234375,42918
2025-10-24 09:00:00+00:00,2513.5,2514.89990234375,2512.0,2514.5,47994
2025-10-24 09:15:00+00:00,2512.60009765625,2514.0,2507.89990234375,2513.5,59760
2025-10-24 09:30:00+00:00,2516.39990234375,2519.0,2513.10009765625,2513.199951171875,198006
2025-10-24 09:45:00+00:00,2516.39990234375,2518.0,2512.0,2516.10009765625,161607
2025-10-27 03:45:00+00:00,2517.800048828125,2521.89990234375,2513.39990234375,2515.39990234375,22040
2025-10-27 04:00:00+00:00,2517.89990234375,2519.0,2512.60009765625,2517.699951171875,30360
2025-10-27 04:15:00+00:00,2520.0,2521.699951171875,2515.10009765625,2517.89990234375,25569
2025-10-27 04:30:00+00:00,2521.5,2525.0,2519.699951171875,2520.300048828125,62187
2025-10-27 04:45:00+00:00,2516.60009765625,2522.0,2515.0,2521.5,70885
2025-10-27 05:00:00+00:00,2520.10009765625,2520.699951171875,2515.5,2516.60009765625,74059
2025-10-27 05:15:00+00:00,2520.10009765625,2520.89990234375,2517.10009765625,2520.10009765625,117834
2025-10-27 05:30:00+00:00,2517.0,2520.89990234375,2515.0,2520.10009765625,298601
2025-10-27 05:45:00+00:00,2517.0,2519.199951171875,2515.0,2516.699951171875,113896
2025-10-27 06:00:00+00:00,2517.0,2518.699951171875,2516.10009765625,2517.0,83902
2025-10-27 06:15:00+00:00,2515.5,2517.699951171875,2508.699951171875,2517.0,22302
2025-10-27 06:30:00+00:00,2517.10009765625,2518.60009765625,2515.5,2515.800048828125,41245
2025-10-27 06:45:00+00:00,2517.60009765625,2519.699951171875,2516.5,2517.0,32229
2025-10-27 07:00:00+00:00,2517.5,2518.699951171875,2516.699951171875,2517.5,62644
2025-10-27 07:15:00+00:00,2518.0,2518.89990234375,2516.800048828125,2517.60009765625,63644
2025-10-27 07:30:00+00:00,2518.60009765625,2519.60009765625,2517.0,2518.0,62517
2025-10-27 07:45:00+00:00,2511.5,2518.5,2510.0,2518.10009765625,36014
2025-10-27 08:00:00+00:00,2511.10009765625,2511.39990234375,2510.10009765625,2511.39990234375,108538
2025-10-27 08:15:00+00:00,2511.10009765625,2511.199951171875,2510.199951171875,2511.0,84492
2025-10-27 08:30:00+00:00,2507.10009765625,2511.10009765625,2506.0,2511.0,79352
2025-10-27 08:45:00+00:00,2509.5,2510.800048828125,2507.0,2507.0,117323
2025-10-27 09:00:00+00:00,2509.60009765625,2511.39990234375,2509.5,2509.5,52048
2025-10-27 09:15:00+00:00,2511.10009765625,2511.800048828125,2509.199951171875,2509.60009765625,87167
2025-10-27 09:30:00+00:00,2511.10009765625,2512.300048828125,2510.300048828125,2511.0,173235
2025-10-27 09:45:00+00:00,2516.10009765625,2518.89990234375,2510.89990234375,2511.0,162528
2025-10-28 03:45:00+00:00,2519.89990234375,2524.800048828125,2517.10009765625,2524.800048828125,37956
2025-10-28 04:00:00+00:00,2521.0,2525.0,2516.0,2520.89990234375,71281
2025-10-28 04:15:00+00:00,2511.10009765625,2523.699951171875,2510.60009765625,2521.0,63559
2025-10-28 04:30:00+00:00,2507.5,2513.699951171875,2505.300048828125,2511.800048828125,40663
2025-10-28 04:45:00+00:00,2504.0,2508.39990234375,2504.0,2507.699951171875,26309
2025-10-28 05:00:00+00:00,2505.0,2505.89990234375,2502.0,2504.39990234375,27728
2025-10-28 05:15:00+00:00,2500.800048828125,2505.800048828125,2500.0,2505.0,52408
2025-10-28 05:30:00+00:00,2500.0,2501.39990234375,2498.10009765625,2501.0,41507
2025-10-28 05:45:00+00:00,2498.800048828125,2501.0,2498.10009765625,2500.199951171875,25258
2025-10-28 06:00:00+00:00,2495.0,2500.5,2493.5,2499.10009765625,77672
2025-10-28 06:15:00+00:00,2486.800048828125,2496.0,2486.199951171875,2495.0,65951
2025-10-28 06:30:00+00:00,2486.89990234375,2489.699951171875,2485.0,2486.10009765625,95301
2025-10-28 06:45:00+00:00,2488.0,2493.699951171875,2485.300048828125,2487.89990234375,97096
2025-10-28 07:00:00+00:00,2494.39990234375,2495.0,2486.60009765625,2487.800048828125,100867
2025-10-28 07:15:00+00:00,2499.300048828125,2500.0,2492.39990234375,2494.39990234375,50955
2025-10-28 07:30:00+00:00,2494.5,2500.0,2494.0,2498.199951171875,46144
2025-10-28 07:45:00+00:00,2495.0,2497.5,2491.300048828125,2494.0,37950
2025-10-28 08:00:00+00:00,2490.10009765625,2498.89990234375,2490.10009765625,2495.0,31265
2025-10-28 08:15:00+00:00,2489.699951171875,2492.699951171875,2488.5,2490.0,56788
2025-10-28 08:30:00+00:00,2492.699951171875,2493.0,2488.300048828125,2489.300048828125,88695
2025-10-28 08:45:00+00:00,2490.5,2493.199951171875,2488.199951171875,2492.60009765625,81702
2025-10-28 09:00:00+00:00,2484.199951171875,2491.199951171875,2484.0,2489.199951171875,69222
2025-10-28 09:15:00+00:00,2485.0,2488.39990234375,2482.199951171875,2484.10009765625,121602
2025-10-28 09:30:00+00:00,2497.10009765625,2500.0,2485.39990234375,2485.39990234375,539306
2025-10-28 09:45:00+00:00,2497.10009765625,2505.0,2492.699951171875,2497.10009765625,293143
2025-10-29 03:45:00+00:00,2501.0,2508.89990234375,2500.199951171875,2508.39990234375,26609
2025-10-29 04:00:00+00:00,2499.60009765625,2503.89990234375,2495.0,2500.300048828125,31224
2025-10-29 04:15:00+00:00,2496.800048828125,2499.800048828125,2496.10009765625,2499.300048828125,9614
2025-10-29 04:30:00+00:00,2491.39990234375,2497.10009765625,2490.800048828125,2496.5,36586
2025-10-29 04:45:00+00:00,2494.800048828125,2497.5,2491.10009765625,2491.800048828125,56062
2025-10-29 05:00:00+00:00,2493.0,2495.60009765625,2492.10009765625,2494.800048828125,63338
2025-10-29 05:15:00+00:00,2488.89990234375,2493.699951171875,2486.60009765625,2492.800048828125,65590
2025-10-29 05:30:00+00:00,2490.0,2490.10009765625,2487.10009765625,2488.699951171875,160917
2025-10-29 05:45:00+00:00,2491.89990234375,2493.0,2489.10009765625,2490.0,77331
2025-10-29 06:00:00+00:00,2497.5,2498.0,2491.0,2491.800048828125,90255
2025-10-29 06:15:00+00:00,2498.89990234375,2499.89990234375,2495.0,2497.5,134729
2025-10-29 06:30:00+00:00,2497.60009765625,2505.0,2497.5,2498.39990234375,79573
2025-10-29 06:45:00+00:00,2498.699951171875,2499.60009765625,2497.10009765625,2497.60009765625,58843
2025-10-29 07:00:00+00:00,2496.10009765625,2500.10009765625,2495.0,2498.5,45552
2025-10-29 07:15:00+00:00,2496.39990234375,2499.199951171875,2495.89990234375,2496.10009765625,55277
2025-10-29 07:30:00+00:00,2496.5,2498.0,2496.0,2497.0,51621
2025-10-29 07:45:00+00:00,2497.10009765625,2497.89990234375,2495.89990234375,2496.199951171875,63288
2025-10-29 08:00:00+00:00,2496.10009765625,2497.89990234375,2495.89990234375,2496.60009765625,55802
2025-10-29 08:15:00+00:00,2491.0,2497.0,2490.89990234375,2496.10009765625,52093
2025-10-29 08:30:00+00:00,2487.199951171875,2491.10009765625,2486.10009765625,2491.0,95340
2025-10-29 08:45:00+00:00,2487.199951171875,2490.199951171875,2485.39990234375,2487.300048828125,84299
2025-10-29 09:00:00+00:00,2485.699951171875,2487.60009765625,2485.0,2487.300048828125,82462
2025-10-29 09:15:00+00:00,2488.5,2490.0,2484.199951171875,2486.300048828125,108670
2025-10-29 09:30:00+00:00,2487.39990234375,2488.699951171875,2485.89990234375,2488.60009765625,124415
2025-10-29 09:45:00+00:00,2488.10009765625,2490.0,2486.800048828125,2487.39990234375,134460
2025-10-30 03:45:00+00:00,2483.89990234375,2494.89990234375,2478.5,2494.89990234375,19686
2025-10-30 04:00:00+00:00,2477.89990234375,2483.800048828125,2475.300048828125,2483.800048828125,41328
2025-10-30 04:15:00+00:00,2472.199951171875,2481.0,2471.39990234375,2477.39990234375,120695
2025-10-30 04:30:00+00:00,2478.60009765625,2478.60009765625,2471.0,2472.300048828125,23051
2025-10-30 04:45:00+00:00,2479.60009765625,2481.10009765625,2476.300048828125,2478.10009765625,12320
2025-10-30 05:00:00+00:00,2481.0,2483.800048828125,2478.0,2479.60009765625,7549
2025-10-30 05:15:00+00:00,2475.10009765625,2481.10009765625,2475.10009765625,2481.0,6753
2025-10-30 05:30:00+00:00,2473.60009765625,2476.89990234375,2471.10009765625,2476.0,35544
2025-10-30 05:45:00+00:00,2471.0,2475.0,2471.0,2473.60009765625,37664
2025-10-30 06:00:00+00:00,2464.0,2471.39990234375,2463.39990234375,2471.0,43899
2025-10-30 06:15:00+00:00,2461.699951171875,2465.39990234375,2461.0,2463.60009765625,69751
2025-10-30 06:30:00+00:00,2461.199951171875,2464.300048828125,2459.0,2462.0,35167
2025-10-30 06:45:00+00:00,2464.800048828125,2465.0,2455.300048828125,2461.0,63087
2025-10-30 07:00:00+00:00,2465.0,2466.0,2464.0,2464.800048828125,20369
2025-10-30 07:15:00+00:00,2465.0,2465.5,2464.0,2465.0,40314
2025-10-30 07:30:00+00:00,2473.5,2474.89990234375,2464.60009765625,2465.0,65979
2025-10-30 07:45:00+00:00,2472.699951171875,2474.60009765625,2471.800048828125,2472.60009765625,9751
2025-10-30 08:00:00+00:00,2470.10009765625,2472.800048828125,2468.699951171875,2472.800048828125,18882
2025-10-30 08:15:00+00:00,2472.699951171875,2473.800048828125,2469.0,2470.199951171875,9708
2025-10-30 08:30:00+00:00,2470.0,2473.5,2469.199951171875,2473.199951171875,12536
2025-10-30 08:45:00+00:00,2471.0,2473.10009765625,2469.10009765625,2470.0,32286
2025-10-30 09:00:00+00:00,2473.199951171875,2473.5,2469.199951171875,2471.199951171875,46063
2025-10-30 09:15:00+00:00,2469.0,2473.300048828125,2466.5,2473.10009765625,48952
2025-10-30 09:30:00+00:00,2470.300048828125,2471.39990234375,2467.10009765625,2468.5,155706
2025-10-30 09:45:00+00:00,2470.0,2472.0,2467.39990234375,2470.199951171875,189260
2025-10-31 03:45:00+00:00,2472.699951171875,2473.89990234375,2460.0,2469.60009765625,27809
2025-10-31 04:00:00+00:00,2475.800048828125,2478.800048828125,2471.699951171875,2472.699951171875,48309
2025-10-31 04:15:00+00:00,2474.5,2478.199951171875,2474.0,2476.300048828125,26480
2025-10-31 04:30:00+00:00,2473.89990234375,2475.0,2469.199951171875,2473.60009765625,25894
2025-10-31 04:45:00+00:00,2467.300048828125,2474.5,2467.199951171875,2473.800048828125,23560
2025-10-31 05:00:00+00:00,2467.699951171875,2467.800048828125,2465.0,2467.800048828125,20496
2025-10-31 05:15:00+00:00,2466.300048828125,2468.89990234375,2464.60009765625,2466.800048828125,21571
2025-10-31 05:30:00+00:00,2466.39990234375,2467.199951171875,2463.5,2466.199951171875,22979
2025-10-31 05:45:00+00:00,2466.300048828125,2466.89990234375,2464.0,2466.300048828125,22953
2025-10-31 06:00:00+00:00,2467.0,2470.0,2465.300048828125,2466.199951171875,27250
2025-10-31 06:15:00+00:00,2468.39990234375,2468.39990234375,2465.300048828125,2466.60009765625,22172
2025-10-31 06:30:00+00:00,2466.699951171875,2469.60009765625,2466.699951171875,2468.699951171875,15853
2025-10-31 06:45:00+00:00,2465.0,2468.199951171875,2464.300048828125,2466.39990234375,20187
2025-10-31 07:00:00+00:00,2462.199951171875,2466.60009765625,2461.60009765625,2465.0,23086
2025-10-31 07:15:00+00:00,2460.60009765625,2463.199951171875,2460.10009765625,2462.199951171875,27491
2025-10-31 07:30:00+00:00,2459.5,2465.60009765625,2459.0,2460.300048828125,35762
2025-10-31 07:45:00+00:00,2455.5,2460.10009765625,2455.300048828125,2460.0,76627
2025-10-31 08:00:00+00:00,2454.5,2456.5,2453.5,2455.300048828125,180005
2025-10-31 08:15:00+00:00,2464.300048828125,2465.0,2454.89990234375,2454.89990234375,64448
2025-10-31 08:30:00+00:00,2464.39990234375,2467.39990234375,2464.0,2464.300048828125,29167
2025-10-31 08:45:00+00:00,2466.39990234375,2467.699951171875,2462.60009765625,2464.300048828125,60875
2025-10-31 09:00:00+00:00,2469.199951171875,2470.60009765625,2465.300048828125,2465.300048828125,25571
2025-10-31 09:15:00+00:00,2464.199951171875,2469.5,2464.199951171875,2469.199951171875,53278
2025-10-31 09:30:00+00:00,2464.10009765625,2467.800048828125,2463.199951171875,2464.199951171875,244325
2025-10-31 09:45:00+00:00,2465.5,2467.0,2460.800048828125,2464.10009765625,224738
2025-11-03 03:45:00+00:00,2464.39990234375,2464.39990234375,2453.10009765625,2460.0,17223
2025-11-03 04:00:00+00:00,2461.0,2468.39990234375,2460.699951171875,2463.699951171875,22240
2025-11-03 04:15:00+00:00,2473.0,2474.89990234375,2461.0,2461.0,21628
2025-11-03 04:30:00+00:00,2463.89990234375,2473.0,2463.5,2473.0,14764
2025-11-03 04:45:00+00:00,2458.60009765625,2464.199951171875,2456.60009765625,2464.199951171875,24195
2025-11-03 05:00:00+00:00,2456.0,2458.60009765625,2452.300048828125,2458.0,156737
2025-11-03 05:15:00+00:00,2454.10009765625,2456.0,2452.300048828125,2456.0,77547
2025-11-03 05:30:00+00:00,2454.5,2457.0,2453.300048828125,2454.0,44831
2025-11-03 05:45:00+00:00,2451.10009765625,2454.300048828125,2450.300048828125,2454.300048828125,18435
2025-11-03 06:00:00+00:00,2450.39990234375,2452.199951171875,2448.800048828125,2450.800048828125,23459
2025-11-03 06:15:00+00:00,2445.60009765625,2450.5,2444.10009765625,2450.5,22161
2025-11-03 06:30:00+00:00,2441.5,2446.5,2440.300048828125,2445.800048828125,21966
2025-11-03 06:45:00+00:00,2445.60009765625,2446.199951171875,2440.5,2441.0,20195
2025-11-03 07:00:00+00:00,2449.800048828125,2450.39990234375,2445.199951171875,2445.800048828125,30620
2025-11-03 07:15:00+00:00,2457.699951171875,2457.800048828125,2449.800048828125,2449.89990234375,27086
2025-11-03 07:30:00+00:00,2452.89990234375,2458.800048828125,2452.300048828125,2457.800048828125,27273
2025-11-03 07:45:00+00:00,2454.800048828125,2456.10009765625,2452.699951171875,2453.300048828125,16573
2025-11-03 08:00:00+00:00,2454.699951171875,2455.300048828125,2453.0,2454.800048828125,7939
2025-11-03 08:15:00+00:00,2457.0,2457.0,2453.800048828125,2454.199951171875,19286
2025-11-03 08:30:00+00:00,2456.10009765625,2458.699951171875,2456.0,2456.0,40598
2025-11-03 08:45:00+00:00,2459.0,2466.89990234375,2456.199951171875,2456.199951171875,105464
2025-11-03 09:00:00+00:00,2458.60009765625,2459.800048828125,2456.199951171875,2458.60009765625,13513
2025-11-03 09:15:00+00:00,2459.300048828125,2461.800048828125,2457.89990234375,2458.89990234375,52563
2025-11-03 09:30:00+00:00,2459.60009765625,2462.0,2458.199951171875,2459.60009765625,78453
2025-11-03 09:45:00+00:00,2460.0,2461.0,2459.0,2459.800048828125,98157
2025-11-04 03:45:00+00:00,2452.39990234375,2460.60009765625,2446.10009765625,2460.5,20830
2025-11-04 04:00:00+00:00,2448.5,2452.199951171875,2446.800048828125,2452.199951171875,41381
2025-11-04 04:15:00+00:00,2448.0,2449.5,2442.39990234375,2448.0,31299
2025-11-04 04:30:00+00:00,2449.89990234375,2451.89990234375,2447.39990234375,2448.5,14631
2025-11-04 04:45:00+00:00,2448.5,2451.300048828125,2446.800048828125,2449.89990234375,33147
2025-11-04 05:00:00+00:00,2446.60009765625,2450.89990234375,2446.60009765625,2448.0,14906
2025-11-04 05:15:00+00:00,2449.300048828125,2450.0,2446.60009765625,2446.60009765625,20116
2025-11-04 05:30:00+00:00,2448.10009765625,2450.0,2446.0,2449.89990234375,19509
2025-11-04 05:45:00+00:00,2446.39990234375,2448.699951171875,2444.60009765625,2448.199951171875,22466
2025-11-04 06:00:00+00:00,2447.199951171875,2448.0,2444.800048828125,2446.5,13772
2025-11-04 06:15:00+00:00,2450.60009765625,2453.89990234375,2447.199951171875,2447.199951171875,37369
2025-11-04 06:30:00+00:00,2453.89990234375,2454.89990234375,2451.0,2451.0,33926
2025-11-04 06:45:00+00:00,2454.199951171875,2455.300048828125,2454.0,2454.0,21048
2025-11-04 07:00:00+00:00,2457.60009765625,2458.800048828125,2454.0,2454.199951171875,36764
2025-11-04 07:15:00+00:00,2459.5,2463.0,2456.699951171875,2457.60009765625,31229
2025-11-04 07:30:00+00:00,2457.5,2461.800048828125,2457.5,2460.0,14849
2025-11-04 07:45:00+00:00,2458.0,2459.800048828125,2456.699951171875,2457.5,18073
2025-11-04 08:00:00+00:00,2456.199951171875,2459.0,2456.10009765625,2457.10009765625,14150
2025-11-04 08:15:00+00:00,2451.10009765625,2456.199951171875,2450.800048828125,2456.199951171875,21837
2025-11-04 08:30:00+00:00,2447.39990234375,2452.0,2447.10009765625,2451.10009765625,44134
2025-11-04 08:45:00+00:00,2446.800048828125,2448.89990234375,2445.60009765625,2447.39990234375,52475
2025-11-04 09:00:00+00:00,2450.300048828125,2451.199951171875,2446.10009765625,2446.10009765625,29459
2025-11-04 09:15:00+00:00,2448.800048828125,2452.199951171875,2448.699951171875,2450.0,47535
2025-11-04 09:30:00+00:00,2447.0,2450.300048828125,2441.60009765625,2449.39990234375,395332
2025-11-04 09:45:00+00:00,2443.89990234375,2448.0,2441.300048828125,2448.0,184861
2025-11-06 03:45:00+00:00,2453.699951171875,2460.39990234375,2450.60009765625,2460.0,21696
2025-11-06 04:00:00+00:00,2452.699951171875,2455.0,2448.699951171875,2454.800048828125,15504
2025-11-06 04:15:00+00:00,2458.0,2458.0,2450.0,2452.699951171875,17166
2025-11-06 04:30:00+00:00,2451.60009765625,2458.89990234375,2451.0,2458.0,13655
2025-11-06 04:45:00+00:00,2452.10009765625,2454.10009765625,2449.5,2451.800048828125,15854
2025-11-06 05:00:00+00:00,2451.39990234375,2455.10009765625,2450.60009765625,2452.60009765625,17831
2025-11-06 05:15:00+00:00,2453.300048828125,2454.89990234375,2451.0,2451.699951171875,11209
2025-11-06 05:30:00+00:00,2455.0,2459.10009765625,2452.300048828125,2453.39990234375,27479
2025-11-06 05:45:00+00:00,2455.699951171875,2456.0,2452.300048828125,2455.0,11336
2025-11-06 06:00:00+00:00,2455.800048828125,2457.199951171875,2455.10009765625,2455.699951171875,31391
2025-11-06 06:15:00+00:00,2453.699951171875,2457.0,2452.0,2456.300048828125,49858
2025-11-06 06:30:00+00:00,2453.0,2455.10009765625,2452.0,2454.0,27596
2025-11-06 06:45:00+00:00,2450.0,2453.699951171875,2449.0,2453.199951171875,31368
2025-11-06 07:00:00+00:00,2445.5,2450.800048828125,2445.0,2450.39990234375,33211
2025-11-06 07:15:00+00:00,2450.0,2450.39990234375,2444.199951171875,2445.5,29334
2025-11-06 07:30:00+00:00,2447.89990234375,2450.199951171875,2447.0,2449.800048828125,22372
2025-11-06 07:45:00+00:00,2449.199951171875,2451.10009765625,2447.0,2447.10009765625,18966
2025-11-06 08:00:00+00:00,2441.39990234375,2451.89990234375,2440.0,2449.10009765625,35213
2025-11-06 08:15:00+00:00,2435.699951171875,2443.699951171875,2435.0,2442.10009765625,105092
2025-11-06 08:30:00+00:00,2438.5,2438.5,2433.10009765625,2435.800048828125,38230
2025-11-06 08:45:00+00:00,2435.800048828125,2438.300048828125,2434.0,2437.60009765625,32333
2025-11-06 09:00:00+00:00,2439.0,2439.800048828125,2435.0,2436.699951171875,35665
2025-11-06 09:15:00+00:00,2440.39990234375,2442.39990234375,2435.300048828125,2439.0,62029
2025-11-06 09:30:00+00:00,2441.699951171875,2442.39990234375,2433.0,2440.300048828125,298723
2025-11-06 09:45:00+00:00,2439.0,2444.60009765625,2433.699951171875,2442.10009765625,282063
2025-11-07 03:45:00+00:00,2411.0,2421.10009765625,2400.699951171875,2421.10009765625,32627
2025-11-07 04:00:00+00:00,2414.10009765625,2415.39990234375,2410.800048828125,2411.0,24726
2025-11-07 04:15:00+00:00,2416.300048828125,2418.89990234375,2413.60009765625,2414.199951171875,29337
2025-11-07 04:30:00+00:00,2419.0,2423.699951171875,2418.0,2418.10009765625,17928
2025-11-07 04:45:00+00:00,2419.39990234375,2420.89990234375,2417.300048828125,2419.0,12550
2025-11-07 05:00:00+00:00,2418.0,2420.0,2415.0,2419.5,12718
2025-11-07 05:15:00+00:00,2414.39990234375,2418.699951171875,2412.800048828125,2417.60009765625,14093
2025-11-07 05:30:00+00:00,2416.199951171875,2417.5,2412.60009765625,2414.199951171875,12552
2025-11-07 05:45:00+00:00,2419.199951171875,2420.60009765625,2415.10009765625,2416.699951171875,18044
2025-11-07 06:00:00+00:00,2423.699951171875,2424.800048828125,2418.89990234375,2419.60009765625,25664
2025-11-07 06:15:00+00:00,2422.89990234375,2424.0,2422.0,2423.800048828125,16552
2025-11-07 06:30:00+00:00,2423.300048828125,2424.0,2422.5,2422.800048828125,13916
2025-11-07 06:45:00+00:00,2417.5,2423.60009765625,2415.89990234375,2423.10009765625,33799
2025-11-07 07:00:00+00:00,2421.60009765625,2423.199951171875,2417.5,2417.89990234375,42225
2025-11-07 07:15:00+00:00,2413.300048828125,2423.60009765625,2413.199951171875,2422.5,48035
2025-11-07 07:30:00+00:00,2412.0,2417.10009765625,2410.300048828125,2413.300048828125,59673
2025-11-07 07:45:00+00:00,2414.5,2415.60009765625,2410.300048828125,2412.10009765625,18040
2025-11-07 08:00:00+00:00,2415.800048828125,2417.0,2414.0,2414.5,16762
2025-11-07 08:15:00+00:00,2413.0,2417.0,2411.89990234375,2415.699951171875,20728
2025-11-07 08:30:00+00:00,2411.60009765625,2413.800048828125,2410.39990234375,2413.39990234375,18689
2025-11-07 08:45:00+00:00,2415.0,2415.0,2410.60009765625,2411.800048828125,14855
2025-11-07 09:00:00+00:00,2415.199951171875,2415.60009765625,2413.10009765625,2414.800048828125,15650
2025-11-07 09:15:00+00:00,2416.60009765625,2417.5,2415.10009765625,2415.699951171875,38703
2025-11-07 09:30:00+00:00,2415.0,2416.60009765625,2411.5,2416.5,114805
2025-11-07 09:45:00+00:00,2416.800048828125,2417.10009765625,2413.800048828125,2415.10009765625,105357
2025-11-10 03:45:00+00:00,2425.89990234375,2425.89990234375,2406.10009765625,2406.10009765625,17829
2025-11-10 04:00:00+00:00,2418.10009765625,2426.10009765625,2418.0,2424.60009765625,15410
2025-11-10 04:15:00+00:00,2424.0,2426.199951171875,2419.0,2419.199951171875,11971
2025-11-10 04:30:00+00:00,2422.60009765625,2426.10009765625,2421.89990234375,2424.60009765625,7164
2025-11-10 04:45:00+00:00,2424.0,2429.300048828125,2422.60009765625,2422.60009765625,12461
2025-11-10 05:00:00+00:00,2422.199951171875,2426.60009765625,2422.199951171875,2424.199951171875,5986
2025-11-10 05:15:00+00:00,2421.199951171875,2423.300048828125,2420.5,2422.800048828125,8752
2025-11-10 05:30:00+00:00,2420.10009765625,2422.300048828125,2417.10009765625,2421.199951171875,15154
2025-11-10 05:45:00+00:00,2419.5,2422.800048828125,2418.10009765625,2420.60009765625,7962
2025-11-10 06:00:00+00:00,2417.800048828125,2420.0,2416.300048828125,2420.0,12660
2025-11-10 06:15:00+00:00,2416.699951171875,2420.10009765625,2416.60009765625,2417.39990234375,10864
2025-11-10 06:30:00+00:00,2415.300048828125,2419.39990234375,2414.39990234375,2416.699951171875,25192
2025-11-10 06:45:00+00:00,2415.0,2416.199951171875,2414.0,2415.5,13656
2025-11-10 07:00:00+00:00,2416.800048828125,2418.0,2415.10009765625,2415.199951171875,11315
2025-11-10 07:15:00+00:00,2412.800048828125,2418.39990234375,2412.800048828125,2416.699951171875,18973
2025-11-10 07:30:00+00:00,2414.39990234375,2415.39990234375,2413.0,2413.199951171875,12861
2025-11-10 07:45:00+00:00,2415.60009765625,2417.800048828125,2414.10009765625,2414.10009765625,19656
2025-11-10 08:00:00+00:00,2410.10009765625,2416.800048828125,2410.0,2416.39990234375,30077
2025-11-10 08:15:00+00:00,2407.0,2411.0,2405.89990234375,2410.39990234375,57756
2025-11-10 08:30:00+00:00,2409.300048828125,2410.60009765625,2407.0,2407.0,43880
2025-11-10 08:45:00+00:00,2409.699951171875,2412.800048828125,2409.10009765625,2410.199951171875,51246
2025-11-10 09:00:00+00:00,2407.199951171875,2410.699951171875,2406.800048828125,2409.699951171875,54100
2025-11-10 09:15:00+00:00,2408.39990234375,2409.0,2405.800048828125,2407.199951171875,52003
2025-11-10 09:30:00+00:00,2408.0,2409.39990234375,2406.0,2408.39990234375,127396
2025-11-10 09:45:00+00:00,2413.0,2413.10009765625,2408.300048828125,2408.300048828125,98133
2025-11-11 03:45:00+00:00,2405.60009765625,2421.60009765625,2403.5,2418.60009765625,28450
2025-11-11 04:00:00+00:00,2419.0,2419.0,2405.0,2405.0,37433
2025-11-11 04:15:00+00:00,2413.800048828125,2421.60009765625,2409.10009765625,2418.60009765625,36476
2025-11-11 04:30:00+00:00,2411.199951171875,2417.199951171875,2410.10009765625,2414.300048828125,16528
2025-11-11 04:45:00+00:00,2407.0,2411.800048828125,2407.0,2411.800048828125,15354
2025-11-11 05:00:00+00:00,2406.5,2408.10009765625,2405.0,2407.800048828125,10473
2025-11-11 05:15:00+00:00,2407.800048828125,2409.0,2405.300048828125,2407.300048828125,19608
2025-11-11 05:30:00+00:00,2412.199951171875,2414.800048828125,2407.39990234375,2407.800048828125,60544
2025-11-11 05:45:00+00:00,2413.39990234375,2415.800048828125,2411.60009765625,2412.800048828125,31811
2025-11-11 06:00:00+00:00,2409.0,2414.0,2407.39990234375,2413.39990234375,9889
2025-11-11 06:15:00+00:00,2413.199951171875,2414.0,2408.10009765625,2408.10009765625,15751
2025-11-11 06:30:00+00:00,2417.0,2419.10009765625,2413.0,2413.199951171875,18090
2025-11-11 06:45:00+00:00,2415.199951171875,2419.39990234375,2411.10009765625,2417.10009765625,86546
2025-11-11 07:00:00+00:00,2412.5,2416.199951171875,2412.5,2415.199951171875,17760
2025-11-11 07:15:00+00:00,2413.300048828125,2414.89990234375,2410.89990234375,2413.199951171875,12289
2025-11-11 07:30:00+00:00,2411.199951171875,2415.699951171875,2411.199951171875,2413.300048828125,19228
2025-11-11 07:45:00+00:00,2412.89990234375,2415.0,2411.0,2411.89990234375,26432
2025-11-11 08:00:00+00:00,2421.0,2422.800048828125,2412.5,2412.699951171875,56158
2025-11-11 08:15:00+00:00,2427.0,2429.89990234375,2418.60009765625,2421.300048828125,188769
2025-11-11 08:30:00+00:00,2422.5,2429.0,2421.39990234375,2427.0,40425
2025-11-11 08:45:00+00:00,2425.699951171875,2426.89990234375,2421.39990234375,2422.5,66427
2025-11-11 09:00:00+00:00,2422.39990234375,2430.0,2421.0,2425.699951171875,59990
2025-11-11 09:15:00+00:00,2422.800048828125,2427.699951171875,2420.800048828125,2422.39990234375,82190
2025-11-11 09:30:00+00:00,2429.10009765625,2430.0,2422.89990234375,2423.199951171875,266418
2025-11-11 09:45:00+00:00,2431.10009765625,2433.0,2425.39990234375,2429.199951171875,147950
2025-11-12 03:45:00+00:00,2417.89990234375,2431.800048828125,2417.60009765625,2430.60009765625,48124
2025-11-12 04:00:00+00:00,2422.699951171875,2423.0,2416.300048828125,2417.89990234375,60747
2025-11-12 04:15:00+00:00,2419.5,2425.0,2418.0,2421.199951171875,45402
2025-11-12 04:30:00+00:00,2417.0,2420.0,2416.39990234375,2419.5,21245
2025-11-12 04:45:00+00:00,2420.0,2420.5,2416.699951171875,2417.5,28187
2025-11-12 05:00:00+00:00,2422.0,2423.0,2419.60009765625,2419.89990234375,29318
2025-11-12 05:15:00+00:00,2427.0,2428.199951171875,2421.300048828125,2421.800048828125,157424
2025-11-12 05:30:00+00:00,2427.5,2428.5,2424.300048828125,2426.89990234375,52729
2025-11-12 05:45:00+00:00,2422.89990234375,2430.0,2421.0,2427.699951171875,189280
2025-11-12 06:00:00+00:00,2422.39990234375,2423.800048828125,2421.199951171875,2422.800048828125,40524
2025-11-12 06:15:00+00:00,2421.300048828125,2423.89990234375,2421.300048828125,2422.60009765625,42044
2025-11-12 06:30:00+00:00,2422.300048828125,2423.0,2420.699951171875,2421.199951171875,37337
2025-11-12 06:45:00+00:00,2420.0,2423.10009765625,2419.699951171875,2422.89990234375,41748
2025-11-12 07:00:00+00:00,2421.5,2423.0,2419.199951171875,2420.0,55784
2025-11-12 07:15:00+00:00,2421.5,2422.39990234375,2419.0,2421.800048828125,54180
2025-11-12 07:30:00+00:00,2423.0,2424.39990234375,2420.60009765625,2421.199951171875,36748
2025-11-12 07:45:00+00:00,2421.0,2424.5,2420.199951171875,2423.0,31652
2025-11-12 08:00:00+00:00,2425.89990234375,2428.699951171875,2420.5,2421.5,60354
2025-11-12 08:15:00+00:00,2426.0,2427.39990234375,2425.10009765625,2425.699951171875,23460
2025-11-12 08:30:00+00:00,2425.699951171875,2427.60009765625,2424.0,2426.0,45933
2025-11-12 08:45:00+00:00,2426.0,2427.39990234375,2424.39990234375,2425.699951171875,35791
2025-11-12 09:00:00+00:00,2423.89990234375,2427.699951171875,2422.699951171875,2426.800048828125,70798
2025-11-12 09:15:00+00:00,2423.800048828125,2425.10009765625,2422.800048828125,2423.800048828125,54772
2025-11-12 09:30:00+00:00,2424.300048828125,2426.300048828125,2422.5,2423.89990234375,189703
2025-11-12 09:45:00+00:00,2426.0,2426.39990234375,2421.300048828125,2425.199951171875,203518
2025-11-13 03:45:00+00:00,2427.0,2429.10009765625,2420.5,2425.60009765625,13682
2025-11-13 04:00:00+00:00,2424.10009765625,2427.0,2421.39990234375,2427.0,20878
2025-11-13 04:15:00+00:00,2420.39990234375,2427.0,2419.10009765625,2424.300048828125,26865
2025-11-13 04:30:00+00:00,2420.0,2422.60009765625,2419.10009765625,2420.300048828125,33548
2025-11-13 04:45:00+00:00,2419.5,2422.39990234375,2419.0,2420.0,55087
2025-11-13 05:00:00+00:00,2418.800048828125,2420.60009765625,2418.10009765625,2419.699951171875,53531
2025-11-13 05:15:00+00:00,2422.10009765625,2423.39990234375,2418.5,2418.699951171875,28402
2025-11-13 05:30:00+00:00,2425.800048828125,2427.0,2422.10009765625,2423.300048828125,26441
2025-11-13 05:45:00+00:00,2422.5,2426.0,2422.5,2425.800048828125,15422
2025-11-13 06:00:00+00:00,2423.10009765625,2424.199951171875,2420.89990234375,2422.60009765625,17416
2025-11-13 06:15:00+00:00,2427.0,2427.5,2421.800048828125,2423.5,46744
2025-11-13 06:30:00+00:00,2426.800048828125,2427.89990234375,2425.60009765625,2427.199951171875,19008
2025-11-13 06:45:00+00:00,2422.699951171875,2426.89990234375,2422.199951171875,2426.60009765625,35359
2025-11-13 07:00:00+00:00,2422.199951171875,2426.0,2419.89990234375,2422.60009765625,73412
2025-11-13 07:15:00+00:00,2420.39990234375,2423.0,2420.0,2422.10009765625,23632
2025-11-13 07:30:00+00:00,2416.60009765625,2422.0,2416.0,2420.39990234375,127386
2025-11-13 07:45:00+00:00,2417.39990234375,2417.89990234375,2414.199951171875,2416.60009765625,96189
2025-11-13 08:00:00+00:00,2417.699951171875,2419.199951171875,2416.60009765625,2417.800048828125,30168
2025-11-13 08:15:00+00:00,2417.0,2418.699951171875,2417.0,2417.89990234375,29151
2025-11-13 08:30:00+00:00,2411.699951171875,2417.89990234375,2410.0,2417.5,44658
2025-11-13 08:45:00+00:00,2412.89990234375,2414.300048828125,2410.699951171875,2411.699951171875,54316
2025-11-13 09:00:00+00:00,2412.60009765625,2415.39990234375,2411.300048828125,2413.10009765625,59719
2025-11-13 09:15:00+00:00,2406.300048828125,2413.300048828125,2406.300048828125,2412.60009765625,83444
2025-11-13 09:30:00+00:00,2405.89990234375,2408.800048828125,2405.0,2406.60009765625,106667
2025-11-13 09:45:00+00:00,2409.0,2411.0,2405.89990234375,2405.89990234375,117111
2025-11-14 03:45:00+00:00,2406.0,2406.0,2392.60009765625,2405.10009765625,16122
2025-11-14 04:00:00+00:00,2412.0,2413.39990234375,2405.5,2407.60009765625,19586
2025-11-14 04:15:00+00:00,2409.0,2414.60009765625,2406.0,2412.89990234375,13128
2025-11-14 04:30:00+00:00,2407.89990234375,2411.60009765625,2405.0,2409.89990234375,11209
2025-11-14 04:45:00+00:00,2408.39990234375,2411.0,2408.0,2408.0,9684
2025-11-14 05:00:00+00:00,2414.300048828125,2414.300048828125,2408.5,2409.39990234375,8852
2025-11-14 05:15:00+00:00,2417.5,2418.60009765625,2412.199951171875,2414.300048828125,24515
2025-11-14 05:30:00+00:00,2418.89990234375,2419.10009765625,2415.300048828125,2418.60009765625,13800
2025-11-14 05:45:00+00:00,2413.199951171875,2419.199951171875,2413.10009765625,2418.0,11861
2025-11-14 06:00:00+00:00,2412.199951171875,2415.89990234375,2411.10009765625,2413.10009765625,18873
2025-11-14 06:15:00+00:00,2413.39990234375,2416.89990234375,2411.39990234375,2412.800048828125,41269
2025-11-14 06:30:00+00:00,2418.60009765625,2419.89990234375,2413.5,2413.5,15326
2025-11-14 06:45:00+00:00,2419.89990234375,2420.0,2417.60009765625,2419.199951171875,13330
2025-11-14 07:00:00+00:00,2412.699951171875,2419.89990234375,2411.60009765625,2419.699951171875,9008
2025-11-14 07:15:00+00:00,2413.5,2414.60009765625,2409.0,2412.699951171875,35555
2025-11-14 07:30:00+00:00,2416.10009765625,2417.0,2413.0,2413.5,17208
2025-11-14 07:45:00+00:00,2417.199951171875,2418.800048828125,2415.10009765625,2416.10009765625,20759
2025-11-14 08:00:00+00:00,2415.0,2418.0,2413.0,2418.0,17512
2025-11-14 08:15:00+00:00,2412.199951171875,2416.300048828125,2411.300048828125,2415.800048828125,17493
2025-11-14 08:30:00+00:00,2415.5,2415.5,2411.699951171875,2413.10009765625,15046
2025-11-14 08:45:00+00:00,2419.199951171875,2419.800048828125,2413.0,2414.60009765625,25818
2025-11-14 09:00:00+00:00,2418.800048828125,2419.39990234375,2415.800048828125,2419.199951171875,20029
2025-11-14 09:15:00+00:00,2416.800048828125,2420.0,2414.300048828125,2418.5,41600
2025-11-14 09:30:00+00:00,2428.800048828125,2430.0,2418.300048828125,2418.300048828125,270590
2025-11-14 09:45:00+00:00,2427.699951171875,2430.0,2424.89990234375,2429.699951171875,237847
