Price,Close,High,Low,Open,Volume
Ticker,HINDUNILVR.NS,HINDUNILVR.NS,HINDUNILVR.NS,HINDUNILVR.NS,HINDUNILVR.NS
Datetime,,,,,
2025-08-20 03:45:00+00:00,2597.39990234375,2604.800048828125,2588.800048828125,2595.0,0
2025-08-20 03:50:00+00:00,2610.39990234375,2613.800048828125,2595.800048828125,2597.39990234375,36738
2025-08-20 03:55:00+00:00,2609.800048828125,2613.0,2609.10009765625,2610.39990234375,20477
2025-08-20 04:00:00+00:00,2622.0,2624.699951171875,2607.0,2608.300048828125,28134
2025-08-20 04:05:00+00:00,2631.5,2632.0,2622.39990234375,2622.39990234375,51226
2025-08-20 04:10:00+00:00,2629.60009765625,2636.10009765625,2628.0,2631.60009765625,47412
2025-08-20 04:15:00+00:00,2629.89990234375,2631.60009765625,2627.39990234375,2629.5,19106
2025-08-20 04:20:00+00:00,2636.0,2636.10009765625,2629.0,2629.89990234375,28562
2025-08-20 04:25:00+00:00,2638.10009765625,2639.60009765625,2635.0,2635.800048828125,28510
2025-08-20 04:30:00+00:00,2644.199951171875,2644.89990234375,2638.10009765625,2639.10009765625,43568
2025-08-20 04:35:00+00:00,2641.89990234375,2644.89990234375,2640.199951171875,2644.89990234375,55593
2025-08-20 04:40:00+00:00,2633.60009765625,2641.300048828125,2633.60009765625,2641.0,21051
2025-08-20 04:45:00+00:00,2636.0,2638.0,2633.60009765625,2633.800048828125,17625
2025-08-20 04:50:00+00:00,2639.10009765625,2639.10009765625,2634.89990234375,2635.0,12599
2025-08-20 04:55:00+00:00,2643.5,2644.800048828125,2634.60009765625,2639.5,202668
2025-08-20 05:00:00+00:00,2652.800048828125,2654.800048828125,2641.5,2643.39990234375,60562
2025-08-20 05:05:00+00:00,2653.10009765625,2655.89990234375,2650.0,2653.0,35161
2025-08-20 05:10:00+00:00,2648.5,2657.5,2647.0,2653.0,87284
2025-08-20 05:15:00+00:00,2648.199951171875,2648.89990234375,2644.300048828125,2648.699951171875,21181
2025-08-20 05:20:00+00:00,2650.0,2652.0,2647.10009765625,2648.800048828125,24654
2025-08-20 05:25:00+00:00,2649.60009765625,2651.800048828125,2648.5,2650.300048828125,23155
2025-08-20 05:30:00+00:00,2648.60009765625,2650.800048828125,2648.39990234375,2650.0,10547
2025-08-20 05:35:00+00:00,2648.800048828125,2650.60009765625,2648.60009765625,2648.60009765625,14086
2025-08-20 05:40:00+00:00,2650.0,2650.0,2647.89990234375,2648.800048828125,10311
2025-08-20 05:45:00+00:00,2650.699951171875,2650.699951171875,2649.5,2650.0,12150
2025-08-20 05:50:00+00:00,2651.800048828125,2652.60009765625,2649.10009765625,2650.199951171875,13903
2025-08-20 05:55:00+00:00,2651.39990234375,2653.10009765625,2651.39990234375,2651.800048828125,10906
2025-08-20 06:00:00+00:00,2654.10009765625,2656.0,2651.5,2651.5,18054
2025-08-20 06:05:00+00:00,2656.0,2657.800048828125,2654.10009765625,2654.10009765625,14356
2025-08-20 06:10:00+00:00,2656.0,2658.0,2655.300048828125,2657.199951171875,20894
2025-08-20 06:15:00+00:00,2659.0,2659.89990234375,2655.199951171875,2655.300048828125,19557
2025-08-20 06:20:00+00:00,2659.5,2661.10009765625,2659.0,2659.800048828125,31154
2025-08-20 06:25:00+00:00,2661.0,2661.60009765625,2659.300048828125,2659.800048828125,10114
2025-08-20 06:30:00+00:00,2659.0,2661.89990234375,2659.0,2660.60009765625,21675
2025-08-20 06:35:00+00:00,2662.0,2662.199951171875,2659.0,2659.0,18021
2025-08-20 06:40:00+00:00,2661.60009765625,2664.0,2661.60009765625,2661.89990234375,17491
2025-08-20 06:45:00+00:00,2662.5,2662.5,2659.0,2661.39990234375,31697
2025-08-20 06:50:00+00:00,2668.60009765625,2669.39990234375,2662.5,2662.699951171875,42865
2025-08-20 06:55:00+00:00,2670.5,2671.199951171875,2668.0,2668.699951171875,37435
2025-08-20 07:00:00+00:00,2671.89990234375,2673.800048828125,2669.10009765625,2670.5,15677
2025-08-20 07:05:00+00:00,2673.39990234375,2674.5,2670.5,2671.89990234375,14321
2025-08-20 07:10:00+00:00,2674.60009765625,2674.89990234375,2672.10009765625,2673.39990234375,10364
2025-08-20 07:15:00+00:00,2672.89990234375,2675.0,2671.10009765625,2674.39990234375,23815
2025-08-20 07:20:00+00:00,2674.39990234375,2674.699951171875,2671.699951171875,2672.89990234375,16720
2025-08-20 07:25:00+00:00,2673.800048828125,2676.89990234375,2673.300048828125,2674.5,30200
2025-08-20 07:30:00+00:00,2670.89990234375,2674.0,2670.10009765625,2673.5,21835
2025-08-20 07:35:00+00:00,2671.199951171875,2673.10009765625,2670.0,2671.199951171875,29818
2025-08-20 07:40:00+00:00,2671.10009765625,2673.0,2670.10009765625,2671.199951171875,23111
2025-08-20 07:45:00+00:00,2667.60009765625,2671.0,2666.0,2670.89990234375,83422
2025-08-20 07:50:00+00:00,2667.39990234375,2668.39990234375,2664.10009765625,2667.60009765625,41056
2025-08-20 07:55:00+00:00,2666.800048828125,2668.0,2665.5,2667.699951171875,15324
2025-08-20 08:00:00+00:00,2670.0,2670.800048828125,2667.0,2667.0,15446
2025-08-20 08:05:00+00:00,2673.5,2673.5,2669.800048828125,2669.800048828125,16830
2025-08-20 08:10:00+00:00,2674.89990234375,2676.89990234375,2672.800048828125,2673.39990234375,20038
2025-08-20 08:15:00+00:00,2678.699951171875,2678.89990234375,2674.60009765625,2675.39990234375,17282
2025-08-20 08:20:00+00:00,2677.199951171875,2679.0,2675.89990234375,2678.699951171875,17104
2025-08-20 08:25:00+00:00,2674.800048828125,2678.300048828125,2672.60009765625,2677.199951171875,26160
2025-08-20 08:30:00+00:00,2673.199951171875,2674.89990234375,2672.300048828125,2674.89990234375,14107
2025-08-20 08:35:00+00:00,2671.5,2673.699951171875,2670.60009765625,2673.199951171875,17769
2025-08-20 08:40:00+00:00,2672.0,2672.800048828125,2670.5,2671.800048828125,24628
2025-08-20 08:45:00+00:00,2670.300048828125,2672.5,2670.10009765625,2672.0,18224
2025-08-20 08:50:00+00:00,2672.10009765625,2672.199951171875,2670.0,2670.300048828125,16588
2025-08-20 08:55:00+00:00,2672.89990234375,2674.300048828125,2671.5,2672.10009765625,11646
2025-08-20 09:00:00+00:00,2670.800048828125,2673.0,2669.10009765625,2672.300048828125,25867
2025-08-20 09:05:00+00:00,2671.199951171875,2672.0,2670.199951171875,2671.0,17320
2025-08-20 09:10:00+00:00,2671.89990234375,2672.0,2671.0,2671.199951171875,20370
2025-08-20 09:15:00+00:00,2671.199951171875,2672.300048828125,2670.39990234375,2672.0,41091
2025-08-20 09:20:00+00:00,2673.10009765625,2674.10009765625,2670.89990234375,2671.39990234375,19968
2025-08-20 09:25:00+00:00,2669.89990234375,2673.39990234375,2669.89990234375,2672.699951171875,51978
2025-08-20 09:30:00+00:00,2668.199951171875,2671.699951171875,2667.800048828125,2670.0,160246
2025-08-20 09:35:00+00:00,2669.0,2671.39990234375,2666.300048828125,2669.39990234375,161751
2025-08-20 09:40:00+00:00,2668.5,2669.699951171875,2667.699951171875,2668.800048828125,77021
2025-08-20 09:45:00+00:00,2664.699951171875,2669.0,2664.10009765625,2668.5,101420
2025-08-20 09:50:00+00:00,2664.800048828125,2665.800048828125,2664.0,2665.0,77119
2025-08-20 09:55:00+00:00,2671.60009765625,2677.89990234375,2662.0,2664.60009765625,587444
2025-08-21 03:45:00+00:00,2648.60009765625,2662.89990234375,2635.199951171875,2660.0,132118
2025-08-21 03:50:00+00:00,2649.0,2653.0,2644.5,2649.39990234375,57805
2025-08-21 03:55:00+00:00,2641.0,2649.0,2640.5,2649.0,50768
2025-08-21 04:00:00+00:00,2640.0,2645.10009765625,2638.0,2643.0,36379
2025-08-21 04:05:00+00:00,2635.800048828125,2640.300048828125,2634.0,2638.39990234375,50001
2025-08-21 04:10:00+00:00,2634.89990234375,2636.800048828125,2634.5,2635.800048828125,30000
2025-08-21 04:15:00+00:00,2631.699951171875,2636.0,2631.0,2635.300048828125,32777
2025-08-21 04:20:00+00:00,2635.5,2635.5,2627.5,2632.800048828125,19852
2025-08-21 04:25:00+00:00,2635.60009765625,2637.5,2635.0,2636.0,16288
2025-08-21 04:30:00+00:00,2640.0,2640.0,2633.89990234375,2634.699951171875,26855
2025-08-21 04:35:00+00:00,2641.60009765625,2645.5,2639.60009765625,2640.0,55948
2025-08-21 04:40:00+00:00,2640.300048828125,2641.699951171875,2640.0,2641.0,10013
2025-08-21 04:45:00+00:00,2642.89990234375,2645.0,2640.300048828125,2640.39990234375,10534
2025-08-21 04:50:00+00:00,2642.60009765625,2643.60009765625,2642.0,2642.89990234375,2824
2025-08-21 04:55:00+00:00,2644.0,2644.699951171875,2642.10009765625,2642.10009765625,6347
2025-08-21 05:00:00+00:00,2642.699951171875,2647.199951171875,2642.199951171875,2644.800048828125,22417
2025-08-21 05:05:00+00:00,2641.39990234375,2642.699951171875,2641.300048828125,2642.60009765625,3089
2025-08-21 05:10:00+00:00,2642.800048828125,2642.800048828125,2640.39990234375,2641.39990234375,6050
2025-08-21 05:15:00+00:00,2638.60009765625,2641.699951171875,2638.10009765625,2640.60009765625,31822
2025-08-21 05:20:00+00:00,2639.39990234375,2640.0,2638.199951171875,2638.60009765625,8423
2025-08-21 05:25:00+00:00,2639.699951171875,2640.0,2639.0,2639.39990234375,4213
2025-08-21 05:30:00+00:00,2639.10009765625,2642.300048828125,2638.39990234375,2639.800048828125,44661
2025-08-21 05:35:00+00:00,2641.199951171875,2643.199951171875,2638.699951171875,2639.10009765625,10057
2025-08-21 05:40:00+00:00,2643.39990234375,2643.60009765625,2640.89990234375,2641.199951171875,14691
2025-08-21 05:45:00+00:00,2644.39990234375,2645.0,2642.39990234375,2643.39990234375,8230
2025-08-21 05:50:00+00:00,2644.0,2647.0,2643.39990234375,2644.89990234375,20895
2025-08-21 05:55:00+00:00,2643.0,2644.0,2642.60009765625,2644.0,17634
2025-08-21 06:00:00+00:00,2643.0,2643.0,2640.89990234375,2643.0,11637
2025-08-21 06:05:00+00:00,2642.199951171875,2643.0,2642.0,2643.0,6824
2025-08-21 06:10:00+00:00,2641.89990234375,2643.89990234375,2641.89990234375,2642.5,83974
2025-08-21 06:15:00+00:00,2641.89990234375,2642.89990234375,2641.89990234375,2642.0,15449
2025-08-21 06:20:00+00:00,2643.300048828125,2645.699951171875,2641.89990234375,2642.0,14744
2025-08-21 06:25:00+00:00,2644.699951171875,2645.0,2643.300048828125,2643.699951171875,4186
2025-08-21 06:30:00+00:00,2645.0,2645.60009765625,2644.10009765625,2645.0,8184
2025-08-21 06:35:00+00:00,2643.10009765625,2646.300048828125,2642.800048828125,2646.0,12943
2025-08-21 06:40:00+00:00,2645.0,2646.0,2643.10009765625,2643.10009765625,8962
2025-08-21 06:45:00+00:00,2643.39990234375,2645.60009765625,2643.0,2645.39990234375,8824
2025-08-21 06:50:00+00:00,2643.699951171875,2645.10009765625,2642.699951171875,2643.39990234375,7981
2025-08-21 06:55:00+00:00,2643.300048828125,2645.300048828125,2643.199951171875,2644.199951171875,5225
2025-08-21 07:00:00+00:00,2644.89990234375,2645.800048828125,2642.39990234375,2643.300048828125,90627
2025-08-21 07:05:00+00:00,2649.89990234375,2650.0,2645.199951171875,2645.800048828125,28990
2025-08-21 07:10:00+00:00,2651.699951171875,2652.0,2649.0,2649.800048828125,13515
2025-08-21 07:15:00+00:00,2653.10009765625,2654.39990234375,2650.300048828125,2652.5,12491
2025-08-21 07:20:00+00:00,2650.39990234375,2654.199951171875,2649.800048828125,2654.0,40282
2025-08-21 07:25:00+00:00,2651.199951171875,2653.10009765625,2649.800048828125,2651.10009765625,85168
2025-08-21 07:30:00+00:00,2658.39990234375,2660.0,2650.699951171875,2650.800048828125,103563
2025-08-21 07:35:00+00:00,2656.699951171875,2659.800048828125,2656.39990234375,2659.39990234375,13911
2025-08-21 07:40:00+00:00,2659.60009765625,2660.0,2656.39990234375,2657.800048828125,17434
2025-08-21 07:45:00+00:00,2660.10009765625,2661.5,2658.60009765625,2659.60009765625,13164
2025-08-21 07:50:00+00:00,2661.199951171875,2661.699951171875,2658.199951171875,2660.199951171875,35021
2025-08-21 07:55:00+00:00,2659.89990234375,2662.10009765625,2659.5,2660.300048828125,28322
2025-08-21 08:00:00+00:00,2659.39990234375,2662.5,2659.0,2659.89990234375,23239
2025-08-21 08:05:00+00:00,2656.300048828125,2659.60009765625,2655.300048828125,2659.199951171875,15480
2025-08-21 08:10:00+00:00,2658.39990234375,2658.699951171875,2655.5,2656.300048828125,9895
2025-08-21 08:15:00+00:00,2658.699951171875,2659.39990234375,2657.199951171875,2657.300048828125,7146
2025-08-21 08:20:00+00:00,2658.300048828125,2659.60009765625,2657.699951171875,2658.699951171875,11759
2025-08-21 08:25:00+00:00,2655.5,2660.0,2654.800048828125,2658.300048828125,27834
2025-08-21 08:30:00+00:00,2652.0,2657.10009765625,2651.10009765625,2655.39990234375,15104
2025-08-21 08:35:00+00:00,2652.5,2653.5,2651.199951171875,2652.699951171875,11000
2025-08-21 08:40:00+00:00,2650.699951171875,2652.89990234375,2649.699951171875,2652.39990234375,22062
2025-08-21 08:45:00+00:00,2649.699951171875,2653.699951171875,2649.5,2650.0,45987
2025-08-21 08:50:00+00:00,2650.0,2651.199951171875,2649.5,2649.699951171875,24656
2025-08-21 08:55:00+00:00,2649.699951171875,2650.0,2649.0,2650.0,7682
2025-08-21 09:00:00+00:00,2647.5,2649.60009765625,2647.5,2649.199951171875,6198
2025-08-21 09:05:00+00:00,2647.0,2647.0,2643.0,2647.0,72671
2025-08-21 09:10:00+00:00,2647.0,2647.0,2646.39990234375,2647.0,12697
2025-08-21 09:15:00+00:00,2647.0,2648.0,2646.10009765625,2647.0,15974
2025-08-21 09:20:00+00:00,2647.0,2647.0,2646.0,2647.0,8436
2025-08-21 09:25:00+00:00,2646.699951171875,2647.0,2645.10009765625,2646.60009765625,9059
2025-08-21 09:30:00+00:00,2650.0,2654.0,2642.89990234375,2646.10009765625,108706
2025-08-21 09:35:00+00:00,2647.39990234375,2650.10009765625,2647.0,2650.0,31201
2025-08-21 09:40:00+00:00,2648.0,2648.10009765625,2645.800048828125,2647.300048828125,44164
2025-08-21 09:45:00+00:00,2648.300048828125,2653.39990234375,2645.0,2648.0,87100
2025-08-21 09:50:00+00:00,2650.0,2654.199951171875,2647.39990234375,2648.10009765625,167825
2025-08-21 09:55:00+00:00,2648.0,2650.199951171875,2638.39990234375,2650.0,47423
2025-08-22 03:45:00+00:00,2649.0,2657.300048828125,2644.0,2644.0,0
2025-08-22 03:50:00+00:00,2633.300048828125,2650.800048828125,2633.300048828125,2650.800048828125,29004
2025-08-22 03:55:00+00:00,2635.300048828125,2638.89990234375,2633.5,2634.0,9795
2025-08-22 04:00:00+00:00,2637.0,2637.199951171875,2633.10009765625,2636.5,5823
2025-08-22 04:05:00+00:00,2638.89990234375,2639.699951171875,2636.0,2636.89990234375,10921
2025-08-22 04:10:00+00:00,2642.0,2642.800048828125,2638.0,2638.89990234375,10349
2025-08-22 04:15:00+00:00,2636.0,2642.5,2635.10009765625,2642.5,9163
2025-08-22 04:20:00+00:00,2637.0,2637.0,2633.89990234375,2636.300048828125,6385
2025-08-22 04:25:00+00:00,2632.0,2637.0,2631.699951171875,2637.0,11450
2025-08-22 04:30:00+00:00,2631.0,2632.39990234375,2628.5,2631.699951171875,7821
2025-08-22 04:35:00+00:00,2631.0,2631.89990234375,2629.5,2631.0,13130
2025-08-22 04:40:00+00:00,2631.5,2632.60009765625,2630.0,2630.89990234375,4863
2025-08-22 04:45:00+00:00,2630.60009765625,2633.0,2630.0,2631.800048828125,6432
2025-08-22 04:50:00+00:00,2628.39990234375,2632.10009765625,2628.0,2630.60009765625,12937
2025-08-22 04:55:00+00:00,2632.199951171875,2633.199951171875,2628.0,2629.10009765625,34931
2025-08-22 05:00:00+00:00,2631.60009765625,2632.89990234375,2631.39990234375,2632.60009765625,3655
2025-08-22 05:05:00+00:00,2629.300048828125,2631.89990234375,2628.60009765625,2631.5,5328
2025-08-22 05:10:00+00:00,2628.0,2629.60009765625,2626.60009765625,2629.300048828125,5743
2025-08-22 05:15:00+00:00,2627.199951171875,2629.0,2627.10009765625,2627.199951171875,2067
2025-08-22 05:20:00+00:00,2626.300048828125,2628.699951171875,2625.0,2627.199951171875,7939
2025-08-22 05:25:00+00:00,2626.60009765625,2627.800048828125,2625.300048828125,2625.5,3777
2025-08-22 05:30:00+00:00,2629.5,2629.800048828125,2626.0,2626.60009765625,7963
2025-08-22 05:35:00+00:00,2631.0,2631.199951171875,2628.60009765625,2629.300048828125,3482
2025-08-22 05:40:00+00:00,2629.800048828125,2631.800048828125,2629.39990234375,2629.89990234375,4947
2025-08-22 05:45:00+00:00,2630.0,2632.0,2629.699951171875,2629.800048828125,35782
2025-08-22 05:50:00+00:00,2630.0,2633.0,2629.800048828125,2630.0,23054
2025-08-22 05:55:00+00:00,2630.5,2631.0,2629.699951171875,2631.0,3634
2025-08-22 06:00:00+00:00,2629.60009765625,2630.60009765625,2629.0,2630.5,2675
2025-08-22 06:05:00+00:00,2629.199951171875,2630.60009765625,2628.199951171875,2629.60009765625,3457
2025-08-22 06:10:00+00:00,2635.0,2636.60009765625,2629.0,2629.300048828125,11560
2025-08-22 06:15:00+00:00,2634.0,2637.89990234375,2633.10009765625,2635.10009765625,84227
2025-08-22 06:20:00+00:00,2635.699951171875,2636.199951171875,2632.800048828125,2634.0,4262
2025-08-22 06:25:00+00:00,2633.39990234375,2635.800048828125,2632.300048828125,2635.800048828125,8570
2025-08-22 06:30:00+00:00,2633.0,2635.699951171875,2632.5,2634.199951171875,47791
2025-08-22 06:35:00+00:00,2632.199951171875,2634.39990234375,2630.699951171875,2633.699951171875,12146
2025-08-22 06:40:00+00:00,2628.60009765625,2633.5,2627.60009765625,2632.89990234375,6275
2025-08-22 06:45:00+00:00,2621.0,2628.89990234375,2620.800048828125,2628.60009765625,12221
2025-08-22 06:50:00+00:00,2624.60009765625,2624.60009765625,2620.699951171875,2620.699951171875,8383
2025-08-22 06:55:00+00:00,2625.300048828125,2626.800048828125,2623.699951171875,2624.0,6419
2025-08-22 07:00:00+00:00,2622.39990234375,2625.300048828125,2622.39990234375,2624.5,17932
2025-08-22 07:05:00+00:00,2621.5,2623.60009765625,2620.300048828125,2622.39990234375,9219
2025-08-22 07:10:00+00:00,2620.89990234375,2622.300048828125,2620.0,2620.5,8474
2025-08-22 07:15:00+00:00,2622.10009765625,2622.10009765625,2620.0,2620.800048828125,8354
2025-08-22 07:20:00+00:00,2620.10009765625,2622.5,2619.199951171875,2621.199951171875,10908
2025-08-22 07:25:00+00:00,2621.5,2621.699951171875,2619.89990234375,2620.0,6500
2025-08-22 07:30:00+00:00,2628.0,2629.199951171875,2620.60009765625,2621.60009765625,12417
2025-08-22 07:35:00+00:00,2628.800048828125,2630.0,2626.10009765625,2627.699951171875,14646
2025-08-22 07:40:00+00:00,2628.60009765625,2629.800048828125,2628.39990234375,2628.800048828125,6493
2025-08-22 07:45:00+00:00,2627.60009765625,2629.89990234375,2626.800048828125,2628.60009765625,12200
2025-08-22 07:50:00+00:00,2630.0,2630.0,2626.10009765625,2627.300048828125,8187
2025-08-22 07:55:00+00:00,2628.89990234375,2630.10009765625,2628.89990234375,2629.300048828125,5877
2025-08-22 08:00:00+00:00,2630.699951171875,2631.199951171875,2628.89990234375,2628.89990234375,18776
2025-08-22 08:05:00+00:00,2630.0,2631.0,2629.39990234375,2630.699951171875,8113
2025-08-22 08:10:00+00:00,2629.300048828125,2630.10009765625,2626.199951171875,2629.60009765625,19090
2025-08-22 08:15:00+00:00,2630.60009765625,2631.300048828125,2629.300048828125,2629.300048828125,13586
2025-08-22 08:20:00+00:00,2630.199951171875,2630.89990234375,2628.10009765625,2629.800048828125,16201
2025-08-22 08:25:00+00:00,2630.60009765625,2631.0,2629.0,2629.39990234375,7313
2025-08-22 08:30:00+00:00,2626.300048828125,2630.699951171875,2626.300048828125,2630.699951171875,12331
2025-08-22 08:35:00+00:00,2627.800048828125,2628.60009765625,2626.0,2626.10009765625,6736
2025-08-22 08:40:00+00:00,2625.5,2628.199951171875,2625.5,2627.800048828125,7490
2025-08-22 08:45:00+00:00,2626.0,2627.5,2624.89990234375,2625.5,10564
2025-08-22 08:50:00+00:00,2625.800048828125,2627.60009765625,2624.89990234375,2625.300048828125,9361
2025-08-22 08:55:00+00:00,2625.0,2625.800048828125,2624.800048828125,2625.300048828125,8731
2025-08-22 09:00:00+00:00,2620.800048828125,2626.0,2619.39990234375,2625.0,19255
2025-08-22 09:05:00+00:00,2626.699951171875,2628.89990234375,2619.39990234375,2620.199951171875,11968
2025-08-22 09:10:00+00:00,2626.699951171875,2628.5,2625.699951171875,2626.300048828125,9292
2025-08-22 09:15:00+00:00,2628.699951171875,2629.10009765625,2627.0,2627.0,11197
2025-08-22 09:20:00+00:00,2630.0,2632.0,2627.0,2628.0,22078
2025-08-22 09:25:00+00:00,2630.0,2630.89990234375,2628.699951171875,2629.39990234375,16164
2025-08-22 09:30:00+00:00,2628.699951171875,2629.699951171875,2628.39990234375,2629.5,41410
2025-08-22 09:35:00+00:00,2628.89990234375,2630.10009765625,2628.199951171875,2628.60009765625,37914
2025-08-22 09:40:00+00:00,2630.699951171875,2631.699951171875,2629.10009765625,2629.199951171875,78620
2025-08-22 09:45:00+00:00,2630.39990234375,2631.39990234375,2629.800048828125,2630.0,75210
2025-08-22 09:50:00+00:00,2629.199951171875,2631.89990234375,2629.199951171875,2630.199951171875,60539
2025-08-22 09:55:00+00:00,2630.0,2630.699951171875,2625.199951171875,2630.699951171875,28583
2025-08-25 03:45:00+00:00,2622.89990234375,2640.199951171875,2622.10009765625,2639.60009765625,0
2025-08-25 03:50:00+00:00,2621.39990234375,2623.60009765625,2618.699951171875,2622.199951171875,11651
2025-08-25 03:55:00+00:00,2621.0,2623.199951171875,2618.199951171875,2620.60009765625,7128
2025-08-25 04:00:00+00:00,2623.60009765625,2623.60009765625,2618.5,2621.300048828125,23046
2025-08-25 04:05:00+00:00,2625.199951171875,2625.89990234375,2623.10009765625,2624.0,7438
2025-08-25 04:10:00+00:00,2619.89990234375,2625.800048828125,2619.89990234375,2625.10009765625,18416
2025-08-25 04:15:00+00:00,2618.89990234375,2620.0,2617.39990234375,2620.0,6313
2025-08-25 04:20:00+00:00,2618.39990234375,2619.0,2616.10009765625,2618.89990234375,8085
2025-08-25 04:25:00+00:00,2618.199951171875,2618.800048828125,2617.199951171875,2618.39990234375,7281
2025-08-25 04:30:00+00:00,2620.89990234375,2620.89990234375,2618.199951171875,2618.199951171875,6117
2025-08-25 04:35:00+00:00,2617.5,2620.5,2617.10009765625,2620.5,3528
2025-08-25 04:40:00+00:00,2621.0,2621.0,2617.199951171875,2617.5,3139
2025-08-25 04:45:00+00:00,2622.800048828125,2624.0,2619.39990234375,2620.800048828125,6024
2025-08-25 04:50:00+00:00,2622.10009765625,2622.800048828125,2620.300048828125,2622.5,2584
2025-08-25 04:55:00+00:00,2616.699951171875,2622.199951171875,2615.699951171875,2621.5,10884
2025-08-25 05:00:00+00:00,2623.699951171875,2624.60009765625,2618.699951171875,2618.699951171875,16821
2025-08-25 05:05:00+00:00,2625.60009765625,2625.60009765625,2623.0,2623.5,6733
2025-08-25 05:10:00+00:00,2624.800048828125,2625.89990234375,2623.800048828125,2625.60009765625,2282
2025-08-25 05:15:00+00:00,2625.300048828125,2627.10009765625,2623.89990234375,2625.0,5013
2025-08-25 05:20:00+00:00,2628.5,2629.0,2625.60009765625,2626.60009765625,4099
2025-08-25 05:25:00+00:00,2629.10009765625,2630.0,2627.300048828125,2628.199951171875,4337
2025-08-25 05:30:00+00:00,2626.89990234375,2629.89990234375,2626.699951171875,2629.89990234375,5665
2025-08-25 05:35:00+00:00,2629.0,2629.60009765625,2626.699951171875,2626.89990234375,3817
2025-08-25 05:40:00+00:00,2627.0,2629.699951171875,2627.0,2628.89990234375,10273
2025-08-25 05:45:00+00:00,2624.10009765625,2627.699951171875,2623.0,2627.199951171875,12629
2025-08-25 05:50:00+00:00,2624.89990234375,2624.89990234375,2623.39990234375,2624.10009765625,6416
2025-08-25 05:55:00+00:00,2625.0,2626.800048828125,2624.0,2624.0,6232
2025-08-25 06:00:00+00:00,2626.60009765625,2626.800048828125,2624.800048828125,2625.199951171875,1931
2025-08-25 06:05:00+00:00,2625.699951171875,2627.699951171875,2625.39990234375,2626.0,1659
2025-08-25 06:10:00+00:00,2628.0,2628.89990234375,2625.300048828125,2625.39990234375,4289
2025-08-25 06:15:00+00:00,2629.800048828125,2630.699951171875,2628.89990234375,2628.89990234375,4936
2025-08-25 06:20:00+00:00,2630.300048828125,2630.89990234375,2629.60009765625,2630.10009765625,2445
2025-08-25 06:25:00+00:00,2632.0,2632.0,2630.0,2630.10009765625,4498
2025-08-25 06:30:00+00:00,2629.300048828125,2633.0,2628.5,2632.0,8292
2025-08-25 06:35:00+00:00,2631.300048828125,2631.800048828125,2627.89990234375,2628.5,3952
2025-08-25 06:40:00+00:00,2632.0,2632.0,2630.39990234375,2631.300048828125,2416
2025-08-25 06:45:00+00:00,2632.0,2632.0,2630.800048828125,2632.0,3133
2025-08-25 06:50:00+00:00,2631.800048828125,2632.39990234375,2631.699951171875,2631.800048828125,4989
2025-08-25 06:55:00+00:00,2633.39990234375,2635.0,2631.5,2631.89990234375,17367
2025-08-25 07:00:00+00:00,2634.0,2634.10009765625,2632.800048828125,2633.60009765625,5631
2025-08-25 07:05:00+00:00,2635.0,2635.0,2633.800048828125,2634.0,5882
2025-08-25 07:10:00+00:00,2635.0,2635.89990234375,2634.39990234375,2635.0,9225
2025-08-25 07:15:00+00:00,2635.60009765625,2636.0,2635.0,2635.89990234375,2627
2025-08-25 07:20:00+00:00,2635.89990234375,2635.89990234375,2635.199951171875,2635.60009765625,1374
2025-08-25 07:25:00+00:00,2636.10009765625,2637.10009765625,2635.10009765625,2635.89990234375,9594
2025-08-25 07:30:00+00:00,2638.0,2638.0,2635.0,2636.10009765625,5252
2025-08-25 07:35:00+00:00,2636.5,2638.699951171875,2636.5,2637.300048828125,10355
2025-08-25 07:40:00+00:00,2635.800048828125,2637.0,2635.5,2636.60009765625,6756
2025-08-25 07:45:00+00:00,2635.39990234375,2636.300048828125,2634.199951171875,2635.60009765625,7744
2025-08-25 07:50:00+00:00,2635.10009765625,2635.89990234375,2634.60009765625,2635.5,16288
2025-08-25 07:55:00+00:00,2635.5,2636.0,2635.0,2635.800048828125,5209
2025-08-25 08:00:00+00:00,2632.800048828125,2635.800048828125,2632.699951171875,2635.800048828125,26300
2025-08-25 08:05:00+00:00,2635.199951171875,2635.89990234375,2632.60009765625,2632.800048828125,2883
2025-08-25 08:10:00+00:00,2637.5,2637.800048828125,2635.0,2635.199951171875,9133
2025-08-25 08:15:00+00:00,2637.89990234375,2638.0,2637.199951171875,2637.5,3360
2025-08-25 08:20:00+00:00,2636.39990234375,2638.0,2635.89990234375,2637.89990234375,6776
2025-08-25 08:25:00+00:00,2634.699951171875,2637.10009765625,2634.699951171875,2637.10009765625,6245
2025-08-25 08:30:00+00:00,2635.10009765625,2636.0,2634.5,2634.699951171875,5002
2025-08-25 08:35:00+00:00,2634.800048828125,2635.60009765625,2634.60009765625,2635.10009765625,3092
2025-08-25 08:40:00+00:00,2634.39990234375,2635.300048828125,2634.10009765625,2634.699951171875,4130
2025-08-25 08:45:00+00:00,2634.0,2636.39990234375,2633.39990234375,2634.39990234375,31141
2025-08-25 08:50:00+00:00,2631.5,2634.0,2630.0,2634.0,15486
2025-08-25 08:55:00+00:00,2631.199951171875,2632.300048828125,2630.800048828125,2631.10009765625,12469
2025-08-25 09:00:00+00:00,2633.5,2633.800048828125,2631.199951171875,2631.199951171875,5583
2025-08-25 09:05:00+00:00,2635.300048828125,2636.0,2633.0,2633.300048828125,14968
2025-08-25 09:10:00+00:00,2635.10009765625,2635.89990234375,2635.0,2635.89990234375,2350
2025-08-25 09:15:00+00:00,2635.10009765625,2635.10009765625,2633.800048828125,2635.10009765625,4303
2025-08-25 09:20:00+00:00,2634.199951171875,2635.10009765625,2634.0,2635.10009765625,3573
2025-08-25 09:25:00+00:00,2635.0,2635.60009765625,2632.5,2634.199951171875,13592
2025-08-25 09:30:00+00:00,2631.5,2635.39990234375,2631.39990234375,2635.39990234375,36443
2025-08-25 09:35:00+00:00,2630.89990234375,2631.5,2630.800048828125,2631.5,10136
2025-08-25 09:40:00+00:00,2630.0,2630.89990234375,2629.199951171875,2630.89990234375,13044
2025-08-25 09:45:00+00:00,2630.800048828125,2631.39990234375,2630.0,2630.0,7988
2025-08-25 09:50:00+00:00,2630.5,2631.0,2630.10009765625,2630.800048828125,16293
2025-08-25 09:55:00+00:00,2628.0,2630.89990234375,2626.199951171875,2630.800048828125,22756
2025-08-26 03:45:00+00:00,2640.300048828125,2642.0,2626.800048828125,2629.800048828125,45211
2025-08-26 03:50:00+00:00,2638.199951171875,2641.300048828125,2633.5,2640.89990234375,25971
2025-08-26 03:55:00+00:00,2645.300048828125,2649.0,2635.89990234375,2638.300048828125,39676
2025-08-26 04:00:00+00:00,2645.10009765625,2648.0,2641.300048828125,2645.800048828125,33778
2025-08-26 04:05:00+00:00,2643.800048828125,2646.10009765625,2642.0,2645.39990234375,45381
2025-08-26 04:10:00+00:00,2648.0,2648.0,2642.0,2644.60009765625,24271
2025-08-26 04:15:00+00:00,2651.800048828125,2655.5,2645.89990234375,2647.800048828125,58172
2025-08-26 04:20:00+00:00,2652.699951171875,2652.699951171875,2647.300048828125,2649.60009765625,25785
2025-08-26 04:25:00+00:00,2651.0,2652.699951171875,2649.60009765625,2652.699951171875,16958
2025-08-26 04:30:00+00:00,2656.0,2657.699951171875,2651.0,2651.5,22417
2025-08-26 04:35:00+00:00,2657.800048828125,2659.699951171875,2654.300048828125,2656.800048828125,36794
2025-08-26 04:40:00+00:00,2651.300048828125,2657.800048828125,2651.10009765625,2657.300048828125,33569
2025-08-26 04:45:00+00:00,2652.89990234375,2654.39990234375,2651.39990234375,2651.39990234375,14578
2025-08-26 04:50:00+00:00,2654.300048828125,2656.199951171875,2652.699951171875,2653.300048828125,15183
2025-08-26 04:55:00+00:00,2652.39990234375,2654.800048828125,2648.39990234375,2654.60009765625,56810
2025-08-26 05:00:00+00:00,2652.699951171875,2654.10009765625,2650.60009765625,2652.10009765625,29575
2025-08-26 05:05:00+00:00,2655.0,2655.300048828125,2651.699951171875,2652.60009765625,12860
2025-08-26 05:10:00+00:00,2656.800048828125,2656.800048828125,2651.60009765625,2655.300048828125,29762
2025-08-26 05:15:00+00:00,2659.800048828125,2660.0,2654.89990234375,2655.300048828125,23683
2025-08-26 05:20:00+00:00,2661.800048828125,2661.89990234375,2656.300048828125,2659.60009765625,30651
2025-08-26 05:25:00+00:00,2667.89990234375,2667.89990234375,2661.800048828125,2661.800048828125,48935
2025-08-26 05:30:00+00:00,2665.10009765625,2668.800048828125,2665.10009765625,2667.300048828125,35290
2025-08-26 05:35:00+00:00,2663.199951171875,2666.5,2661.10009765625,2665.60009765625,47184
2025-08-26 05:40:00+00:00,2663.0,2665.0,2659.10009765625,2663.0,23467
2025-08-26 05:45:00+00:00,2666.89990234375,2667.5,2662.800048828125,2663.199951171875,16773
2025-08-26 05:50:00+00:00,2667.0,2668.0,2664.39990234375,2666.89990234375,21395
2025-08-26 05:55:00+00:00,2667.199951171875,2668.199951171875,2665.60009765625,2667.5,18613
2025-08-26 06:00:00+00:00,2668.0,2670.0,2666.0,2667.199951171875,27673
2025-08-26 06:05:00+00:00,2668.0,2670.699951171875,2664.0,2667.5,56835
2025-08-26 06:10:00+00:00,2670.199951171875,2671.0,2667.10009765625,2667.89990234375,14424
2025-08-26 06:15:00+00:00,2675.60009765625,2676.89990234375,2669.5,2670.199951171875,58099
2025-08-26 06:20:00+00:00,2675.10009765625,2677.0,2674.699951171875,2675.60009765625,30073
2025-08-26 06:25:00+00:00,2685.0,2685.0,2673.199951171875,2675.60009765625,74884
2025-08-26 06:30:00+00:00,2691.5,2691.800048828125,2685.0,2685.0,94653
2025-08-26 06:35:00+00:00,2689.89990234375,2691.5,2687.10009765625,2691.5,51417
2025-08-26 06:40:00+00:00,2690.199951171875,2691.10009765625,2686.60009765625,2689.39990234375,39237
2025-08-26 06:45:00+00:00,2690.800048828125,2693.800048828125,2689.199951171875,2690.10009765625,35526
2025-08-26 06:50:00+00:00,2696.199951171875,2696.199951171875,2690.300048828125,2691.0,41069
2025-08-26 06:55:00+00:00,2695.39990234375,2697.800048828125,2694.10009765625,2697.0,55851
2025-08-26 07:00:00+00:00,2698.300048828125,2698.5,2694.10009765625,2696.199951171875,49235
2025-08-26 07:05:00+00:00,2696.60009765625,2699.39990234375,2695.0,2698.5,81694
2025-08-26 07:10:00+00:00,2690.0,2698.0,2686.0,2696.39990234375,101759
2025-08-26 07:15:00+00:00,2689.39990234375,2692.199951171875,2688.300048828125,2690.0,53550
2025-08-26 07:20:00+00:00,2690.89990234375,2692.0,2688.5,2690.10009765625,59031
2025-08-26 07:25:00+00:00,2694.89990234375,2695.0,2690.10009765625,2690.10009765625,44114
2025-08-26 07:30:00+00:00,2694.699951171875,2697.0,2693.800048828125,2694.800048828125,39998
2025-08-26 07:35:00+00:00,2691.89990234375,2695.60009765625,2690.800048828125,2695.0,56552
2025-08-26 07:40:00+00:00,2690.5,2692.199951171875,2689.300048828125,2691.39990234375,56295
2025-08-26 07:45:00+00:00,2689.800048828125,2690.89990234375,2687.800048828125,2690.39990234375,73437
2025-08-26 07:50:00+00:00,2690.0,2690.699951171875,2688.39990234375,2688.699951171875,27279
2025-08-26 07:55:00+00:00,2693.300048828125,2693.60009765625,2689.199951171875,2690.0,41932
2025-08-26 08:00:00+00:00,2694.10009765625,2695.0,2692.300048828125,2693.39990234375,24113
2025-08-26 08:05:00+00:00,2691.89990234375,2694.800048828125,2691.0,2694.10009765625,29322
2025-08-26 08:10:00+00:00,2694.0,2694.60009765625,2691.199951171875,2691.699951171875,32971
2025-08-26 08:15:00+00:00,2694.10009765625,2695.60009765625,2690.10009765625,2693.60009765625,50414
2025-08-26 08:20:00+00:00,2697.800048828125,2699.199951171875,2694.199951171875,2694.199951171875,60445
2025-08-26 08:25:00+00:00,2702.0,2704.699951171875,2697.199951171875,2697.800048828125,119218
2025-08-26 08:30:00+00:00,2701.699951171875,2702.300048828125,2698.800048828125,2702.0,65795
2025-08-26 08:35:00+00:00,2703.0,2703.60009765625,2699.89990234375,2701.89990234375,43524
2025-08-26 08:40:00+00:00,2696.0,2703.199951171875,2695.199951171875,2703.0,68233
2025-08-26 08:45:00+00:00,2693.800048828125,2696.89990234375,2692.699951171875,2695.5,46870
2025-08-26 08:50:00+00:00,2693.0,2697.0,2692.39990234375,2693.300048828125,48186
2025-08-26 08:55:00+00:00,2690.89990234375,2693.0,2689.699951171875,2692.300048828125,89612
2025-08-26 09:00:00+00:00,2686.5,2692.5,2685.60009765625,2691.0,41802
2025-08-26 09:05:00+00:00,2690.39990234375,2691.5,2685.199951171875,2687.10009765625,40765
2025-08-26 09:10:00+00:00,2697.0,2698.10009765625,2690.300048828125,2690.699951171875,73759
2025-08-26 09:15:00+00:00,2695.89990234375,2697.89990234375,2692.5,2697.5,91462
2025-08-26 09:20:00+00:00,2695.199951171875,2700.60009765625,2694.0,2695.60009765625,78423
2025-08-26 09:25:00+00:00,2697.10009765625,2698.5,2694.300048828125,2695.89990234375,88768
2025-08-26 09:30:00+00:00,2692.300048828125,2697.0,2690.0,2696.39990234375,236435
2025-08-26 09:35:00+00:00,2690.300048828125,2694.199951171875,2688.10009765625,2692.39990234375,213127
2025-08-26 09:40:00+00:00,2691.89990234375,2693.10009765625,2689.39990234375,2690.5,198065
2025-08-26 09:45:00+00:00,2693.800048828125,2694.300048828125,2690.699951171875,2691.89990234375,211940
2025-08-26 09:50:00+00:00,2693.800048828125,2694.300048828125,2691.800048828125,2693.699951171875,186797
2025-08-26 09:55:00+00:00,2693.0,2694.800048828125,2688.199951171875,2693.10009765625,111121
2025-08-28 03:45:00+00:00,2711.300048828125,2725.0,2702.0,2724.60009765625,0
2025-08-28 03:50:00+00:00,2698.5,2716.60009765625,2698.10009765625,2711.800048828125,182916
2025-08-28 03:55:00+00:00,2695.0,2702.0,2693.0,2700.89990234375,81837
2025-08-28 04:00:00+00:00,2689.60009765625,2695.800048828125,2687.199951171875,2695.800048828125,51789
2025-08-28 04:05:00+00:00,2693.0,2694.199951171875,2686.199951171875,2690.5,51967
2025-08-28 04:10:00+00:00,2687.39990234375,2695.800048828125,2687.10009765625,2693.300048828125,32848
2025-08-28 04:15:00+00:00,2684.39990234375,2689.0,2682.39990234375,2688.10009765625,35268
2025-08-28 04:20:00+00:00,2683.89990234375,2687.800048828125,2677.0,2683.60009765625,255589
2025-08-28 04:25:00+00:00,2674.199951171875,2683.0,2669.89990234375,2683.0,46988
2025-08-28 04:30:00+00:00,2671.199951171875,2674.800048828125,2668.199951171875,2674.800048828125,23038
2025-08-28 04:35:00+00:00,2668.10009765625,2673.39990234375,2665.39990234375,2671.60009765625,21293
2025-08-28 04:40:00+00:00,2670.39990234375,2670.39990234375,2665.0,2667.800048828125,31791
2025-08-28 04:45:00+00:00,2675.39990234375,2675.39990234375,2669.10009765625,2670.699951171875,27089
2025-08-28 04:50:00+00:00,2671.300048828125,2679.300048828125,2671.300048828125,2675.699951171875,21223
2025-08-28 04:55:00+00:00,2677.199951171875,2679.0,2671.5,2671.5,22023
2025-08-28 05:00:00+00:00,2675.0,2677.699951171875,2674.199951171875,2677.300048828125,22404
2025-08-28 05:05:00+00:00,2676.699951171875,2677.0,2670.39990234375,2675.0,20539
2025-08-28 05:10:00+00:00,2673.800048828125,2677.10009765625,2670.39990234375,2676.699951171875,47105
2025-08-28 05:15:00+00:00,2677.0,2677.60009765625,2673.0,2673.800048828125,40474
2025-08-28 05:20:00+00:00,2675.89990234375,2677.0,2673.0,2677.0,25727
2025-08-28 05:25:00+00:00,2675.39990234375,2677.39990234375,2674.300048828125,2675.89990234375,13420
2025-08-28 05:30:00+00:00,2671.699951171875,2675.39990234375,2669.800048828125,2675.39990234375,26775
2025-08-28 05:35:00+00:00,2674.39990234375,2674.39990234375,2671.60009765625,2671.699951171875,10875
2025-08-28 05:40:00+00:00,2673.89990234375,2674.800048828125,2673.0,2674.800048828125,10855
2025-08-28 05:45:00+00:00,2674.5,2674.60009765625,2672.699951171875,2673.699951171875,10982
2025-08-28 05:50:00+00:00,2673.800048828125,2674.800048828125,2673.0,2674.39990234375,8453
2025-08-28 05:55:00+00:00,2672.0,2674.0,2671.39990234375,2673.89990234375,40808
2025-08-28 06:00:00+00:00,2675.0,2675.89990234375,2671.800048828125,2671.800048828125,32638
2025-08-28 06:05:00+00:00,2676.199951171875,2679.0,2674.800048828125,2675.300048828125,16732
2025-08-28 06:10:00+00:00,2681.300048828125,2682.699951171875,2675.60009765625,2676.39990234375,8800
2025-08-28 06:15:00+00:00,2680.5,2683.0,2680.0,2681.199951171875,9539
2025-08-28 06:20:00+00:00,2680.199951171875,2680.89990234375,2678.39990234375,2680.5,11338
2025-08-28 06:25:00+00:00,2679.89990234375,2680.5,2679.39990234375,2680.199951171875,7640
2025-08-28 06:30:00+00:00,2680.5,2681.5,2678.699951171875,2680.199951171875,12082
2025-08-28 06:35:00+00:00,2680.300048828125,2681.10009765625,2679.39990234375,2680.89990234375,8096
2025-08-28 06:40:00+00:00,2678.199951171875,2680.89990234375,2678.0,2679.699951171875,6765
2025-08-28 06:45:00+00:00,2676.5,2680.60009765625,2675.0,2679.10009765625,16730
2025-08-28 06:50:00+00:00,2673.0,2677.10009765625,2670.10009765625,2675.89990234375,17480
2025-08-28 06:55:00+00:00,2677.199951171875,2677.5,2671.89990234375,2673.10009765625,14633
2025-08-28 07:00:00+00:00,2676.5,2678.300048828125,2675.800048828125,2677.199951171875,12784
2025-08-28 07:05:00+00:00,2677.39990234375,2678.699951171875,2675.89990234375,2676.199951171875,12673
2025-08-28 07:10:00+00:00,2678.89990234375,2680.0,2677.10009765625,2677.5,12299
2025-08-28 07:15:00+00:00,2676.10009765625,2679.5,2674.0,2678.89990234375,21327
2025-08-28 07:20:00+00:00,2674.60009765625,2676.89990234375,2673.5,2676.10009765625,14864
2025-08-28 07:25:00+00:00,2674.10009765625,2674.5,2671.10009765625,2674.5,14888
2025-08-28 07:30:00+00:00,2670.0,2676.39990234375,2667.800048828125,2673.800048828125,23565
2025-08-28 07:35:00+00:00,2670.0,2671.300048828125,2669.39990234375,2670.300048828125,11460
2025-08-28 07:40:00+00:00,2670.0,2671.0,2668.800048828125,2670.39990234375,14947
2025-08-28 07:45:00+00:00,2667.199951171875,2670.10009765625,2666.699951171875,2670.10009765625,14766
2025-08-28 07:50:00+00:00,2662.800048828125,2666.39990234375,2662.0,2666.39990234375,20693
2025-08-28 07:55:00+00:00,2659.800048828125,2663.60009765625,2658.5,2662.800048828125,19226
2025-08-28 08:00:00+00:00,2658.60009765625,2660.10009765625,2658.0,2659.89990234375,14204
2025-08-28 08:05:00+00:00,2661.39990234375,2661.39990234375,2652.89990234375,2658.60009765625,18545
2025-08-28 08:10:00+00:00,2663.0,2664.60009765625,2660.300048828125,2661.5,17507
2025-08-28 08:15:00+00:00,2664.60009765625,2665.800048828125,2663.0,2663.0,21676
2025-08-28 08:20:00+00:00,2663.800048828125,2665.0,2662.5,2663.5,13286
2025-08-28 08:25:00+00:00,2661.89990234375,2663.89990234375,2661.5,2663.800048828125,12906
2025-08-28 08:30:00+00:00,2658.5,2663.0,2657.800048828125,2663.0,12652
2025-08-28 08:35:00+00:00,2659.39990234375,2659.39990234375,2657.800048828125,2658.5,17774
2025-08-28 08:40:00+00:00,2660.60009765625,2661.60009765625,2657.39990234375,2659.39990234375,30841
2025-08-28 08:45:00+00:00,2661.60009765625,2661.60009765625,2657.300048828125,2660.10009765625,44113
2025-08-28 08:50:00+00:00,2658.699951171875,2662.699951171875,2658.199951171875,2660.39990234375,17499
2025-08-28 08:55:00+00:00,2659.39990234375,2659.89990234375,2654.0,2658.89990234375,53258
2025-08-28 09:00:00+00:00,2655.300048828125,2659.0,2655.10009765625,2657.60009765625,32497
2025-08-28 09:05:00+00:00,2659.0,2659.89990234375,2654.60009765625,2655.800048828125,35974
2025-08-28 09:10:00+00:00,2659.10009765625,2660.5,2656.5,2660.0,23462
2025-08-28 09:15:00+00:00,2657.699951171875,2660.10009765625,2655.300048828125,2659.10009765625,53485
2025-08-28 09:20:00+00:00,2660.89990234375,2663.0,2657.39990234375,2657.800048828125,78918
2025-08-28 09:25:00+00:00,2660.699951171875,2661.89990234375,2658.10009765625,2661.699951171875,39478
2025-08-28 09:30:00+00:00,2654.300048828125,2662.300048828125,2653.300048828125,2659.39990234375,174903
2025-08-28 09:35:00+00:00,2653.5,2658.300048828125,2653.300048828125,2654.199951171875,134163
2025-08-28 09:40:00+00:00,2654.5,2654.60009765625,2648.10009765625,2653.5,145373
2025-08-28 09:45:00+00:00,2651.39990234375,2655.0,2650.300048828125,2654.10009765625,80832
2025-08-28 09:50:00+00:00,2651.60009765625,2654.699951171875,2648.199951171875,2651.10009765625,95930
2025-08-28 09:55:00+00:00,2654.39990234375,2654.39990234375,2647.199951171875,2652.0,42467
2025-08-29 03:45:00+00:00,2691.0,2694.0,2666.199951171875,2667.300048828125,0
2025-08-29 03:50:00+00:00,2710.0,2723.0,2689.0,2690.5,89093
2025-08-29 03:55:00+00:00,2706.60009765625,2714.10009765625,2706.300048828125,2709.10009765625,56775
2025-08-29 04:00:00+00:00,2688.0,2709.39990234375,2686.199951171875,2707.10009765625,65509
2025-08-29 04:05:00+00:00,2678.10009765625,2688.60009765625,2677.0,2688.0,32948
2025-08-29 04:10:00+00:00,2665.800048828125,2679.89990234375,2661.39990234375,2678.10009765625,63224
2025-08-29 04:15:00+00:00,2661.800048828125,2668.39990234375,2660.0,2665.5,21799
2025-08-29 04:20:00+00:00,2652.300048828125,2663.0,2648.699951171875,2661.800048828125,46181
2025-08-29 04:25:00+00:00,2649.0,2654.39990234375,2646.300048828125,2652.60009765625,36725
2025-08-29 04:30:00+00:00,2644.699951171875,2650.0,2642.5,2649.39990234375,23345
2025-08-29 04:35:00+00:00,2642.800048828125,2650.300048828125,2641.39990234375,2644.699951171875,16486
2025-08-29 04:40:00+00:00,2644.39990234375,2646.699951171875,2642.39990234375,2642.5,16403
2025-08-29 04:45:00+00:00,2647.10009765625,2648.699951171875,2643.300048828125,2644.10009765625,10090
2025-08-29 04:50:00+00:00,2649.300048828125,2649.699951171875,2646.10009765625,2646.800048828125,15843
2025-08-29 04:55:00+00:00,2650.10009765625,2651.89990234375,2648.800048828125,2650.5,41850
2025-08-29 05:00:00+00:00,2650.0,2651.0,2648.10009765625,2650.0,29397
2025-08-29 05:05:00+00:00,2650.0,2651.0,2650.0,2650.0,25197
2025-08-29 05:10:00+00:00,2654.0,2654.300048828125,2650.0,2650.0,25790
2025-08-29 05:15:00+00:00,2651.300048828125,2654.0,2651.300048828125,2652.60009765625,7739
2025-08-29 05:20:00+00:00,2652.39990234375,2653.10009765625,2650.800048828125,2651.89990234375,13244
2025-08-29 05:25:00+00:00,2651.699951171875,2654.89990234375,2650.0,2651.89990234375,19976
2025-08-29 05:30:00+00:00,2659.800048828125,2660.0,2651.699951171875,2651.699951171875,15038
2025-08-29 05:35:00+00:00,2659.39990234375,2660.5,2655.699951171875,2659.39990234375,6178
2025-08-29 05:40:00+00:00,2660.300048828125,2662.5,2658.199951171875,2658.5,110154
2025-08-29 05:45:00+00:00,2660.89990234375,2661.300048828125,2658.0,2659.5,13389
2025-08-29 05:50:00+00:00,2667.0,2668.300048828125,2659.39990234375,2660.89990234375,12941
2025-08-29 05:55:00+00:00,2665.89990234375,2667.0,2663.39990234375,2666.89990234375,12059
2025-08-29 06:00:00+00:00,2665.60009765625,2666.300048828125,2664.89990234375,2665.800048828125,4863
2025-08-29 06:05:00+00:00,2664.800048828125,2666.300048828125,2661.5,2664.89990234375,23700
2025-08-29 06:10:00+00:00,2665.0,2665.5,2663.0,2663.5,4357
2025-08-29 06:15:00+00:00,2664.300048828125,2665.800048828125,2664.300048828125,2665.0,2931
2025-08-29 06:20:00+00:00,2667.0,2667.0,2663.39990234375,2665.0,9455
2025-08-29 06:25:00+00:00,2669.0,2671.0,2666.0,2667.0,10834
2025-08-29 06:30:00+00:00,2674.300048828125,2675.0,2668.39990234375,2668.39990234375,11979
2025-08-29 06:35:00+00:00,2675.0,2675.800048828125,2672.10009765625,2674.60009765625,7888
2025-08-29 06:40:00+00:00,2677.800048828125,2678.0,2674.39990234375,2675.0,8739
2025-08-29 06:45:00+00:00,2680.0,2680.60009765625,2677.0,2677.60009765625,50101
2025-08-29 06:50:00+00:00,2678.0,2679.699951171875,2676.300048828125,2678.89990234375,14354
2025-08-29 06:55:00+00:00,2673.199951171875,2678.0,2671.0,2677.0,21973
2025-08-29 07:00:00+00:00,2673.300048828125,2673.800048828125,2669.10009765625,2672.39990234375,12137
2025-08-29 07:05:00+00:00,2675.5,2678.0,2672.10009765625,2672.10009765625,11611
2025-08-29 07:10:00+00:00,2677.39990234375,2679.199951171875,2674.89990234375,2675.5,6567
2025-08-29 07:15:00+00:00,2676.800048828125,2678.300048828125,2675.39990234375,2677.39990234375,6143
2025-08-29 07:20:00+00:00,2671.800048828125,2677.300048828125,2670.699951171875,2677.0,8435
2025-08-29 07:25:00+00:00,2672.800048828125,2674.800048828125,2671.60009765625,2671.60009765625,11869
2025-08-29 07:30:00+00:00,2675.0,2676.39990234375,2673.89990234375,2674.699951171875,43067
2025-08-29 07:35:00+00:00,2675.0,2676.0,2673.800048828125,2675.5,4440
2025-08-29 07:40:00+00:00,2667.699951171875,2675.0,2667.199951171875,2675.0,5882
2025-08-29 07:45:00+00:00,2669.89990234375,2669.89990234375,2666.699951171875,2667.699951171875,6723
2025-08-29 07:50:00+00:00,2667.0,2670.0,2663.0,2670.0,13917
2025-08-29 07:55:00+00:00,2663.10009765625,2667.199951171875,2660.10009765625,2665.89990234375,19604
2025-08-29 08:00:00+00:00,2657.10009765625,2663.5,2657.10009765625,2663.5,18949
2025-08-29 08:05:00+00:00,2655.60009765625,2659.10009765625,2655.10009765625,2656.60009765625,38928
2025-08-29 08:10:00+00:00,2654.5,2656.199951171875,2653.199951171875,2655.5,17898
2025-08-29 08:15:00+00:00,2654.10009765625,2655.699951171875,2653.0,2655.300048828125,9704
2025-08-29 08:20:00+00:00,2655.5,2656.0,2653.199951171875,2654.10009765625,11381
2025-08-29 08:25:00+00:00,2653.10009765625,2656.0,2651.10009765625,2655.5,43900
2025-08-29 08:30:00+00:00,2657.60009765625,2659.60009765625,2651.199951171875,2652.199951171875,12651
2025-08-29 08:35:00+00:00,2657.10009765625,2658.800048828125,2654.89990234375,2656.89990234375,19225
2025-08-29 08:40:00+00:00,2659.199951171875,2660.0,2656.699951171875,2657.10009765625,11453
2025-08-29 08:45:00+00:00,2662.39990234375,2663.10009765625,2659.10009765625,2659.199951171875,14089
2025-08-29 08:50:00+00:00,2661.699951171875,2662.800048828125,2659.10009765625,2662.300048828125,35686
2025-08-29 08:55:00+00:00,2661.0,2662.0,2660.0,2661.60009765625,11702
2025-08-29 09:00:00+00:00,2661.0,2662.0,2660.0,2660.0,18697
2025-08-29 09:05:00+00:00,2663.0,2664.0,2661.0,2661.39990234375,14858
2025-08-29 09:10:00+00:00,2662.5,2663.699951171875,2660.300048828125,2662.10009765625,14792
2025-08-29 09:15:00+00:00,2664.699951171875,2664.89990234375,2660.0,2662.5,20802
2025-08-29 09:20:00+00:00,2665.0,2666.5,2663.199951171875,2664.60009765625,21721
2025-08-29 09:25:00+00:00,2665.800048828125,2667.0,2663.800048828125,2664.89990234375,32927
2025-08-29 09:30:00+00:00,2660.300048828125,2665.60009765625,2660.0,2665.5,60873
2025-08-29 09:35:00+00:00,2662.60009765625,2664.89990234375,2660.10009765625,2660.300048828125,56433
2025-08-29 09:40:00+00:00,2656.300048828125,2662.60009765625,2655.699951171875,2662.60009765625,54069
2025-08-29 09:45:00+00:00,2658.699951171875,2660.300048828125,2656.300048828125,2656.39990234375,87892
2025-08-29 09:50:00+00:00,2659.10009765625,2659.89990234375,2655.5,2658.699951171875,95082
2025-08-29 09:55:00+00:00,2656.10009765625,2661.39990234375,2655.60009765625,2660.10009765625,44137
2025-09-01 03:45:00+00:00,2647.39990234375,2660.39990234375,2645.5,2659.0,0
2025-09-01 03:50:00+00:00,2651.300048828125,2651.60009765625,2643.300048828125,2648.300048828125,14442
2025-09-01 03:55:00+00:00,2645.800048828125,2650.699951171875,2639.89990234375,2650.10009765625,16774
2025-09-01 04:00:00+00:00,2647.0,2649.699951171875,2645.5,2645.5,16330
2025-09-01 04:05:00+00:00,2644.60009765625,2646.5,2640.199951171875,2646.10009765625,10230
2025-09-01 04:10:00+00:00,2645.300048828125,2646.300048828125,2643.10009765625,2644.60009765625,7124
2025-09-01 04:15:00+00:00,2645.300048828125,2647.699951171875,2644.300048828125,2645.300048828125,6809
2025-09-01 04:20:00+00:00,2647.0,2648.39990234375,2644.199951171875,2647.199951171875,26662
2025-09-01 04:25:00+00:00,2645.0,2647.199951171875,2645.0,2647.0,5791
2025-09-01 04:30:00+00:00,2645.39990234375,2647.0,2643.0,2644.300048828125,6949
2025-09-01 04:35:00+00:00,2644.0,2645.800048828125,2643.0,2645.0,3942
2025-09-01 04:40:00+00:00,2640.0,2645.199951171875,2640.0,2644.39990234375,5979
2025-09-01 04:45:00+00:00,2644.699951171875,2644.699951171875,2640.0,2640.199951171875,7095
2025-09-01 04:50:00+00:00,2643.60009765625,2644.5,2641.60009765625,2644.5,3354
2025-09-01 04:55:00+00:00,2650.0,2650.199951171875,2642.10009765625,2643.5,43524
2025-09-01 05:00:00+00:00,2646.10009765625,2651.60009765625,2646.0,2650.0,37328
2025-09-01 05:05:00+00:00,2657.39990234375,2657.39990234375,2646.0,2646.0,30478
2025-09-01 05:10:00+00:00,2655.0,2658.800048828125,2652.5,2657.0,12205
2025-09-01 05:15:00+00:00,2657.199951171875,2657.699951171875,2655.0,2655.0,57118
2025-09-01 05:20:00+00:00,2654.10009765625,2657.60009765625,2653.0,2657.199951171875,29803
2025-09-01 05:25:00+00:00,2656.699951171875,2656.699951171875,2651.300048828125,2654.300048828125,4909
2025-09-01 05:30:00+00:00,2659.0,2659.89990234375,2656.60009765625,2656.60009765625,7084
2025-09-01 05:35:00+00:00,2660.5,2662.199951171875,2660.0,2661.0,8594
2025-09-01 05:40:00+00:00,2665.0,2672.89990234375,2659.5,2660.199951171875,84604
2025-09-01 05:45:00+00:00,2661.39990234375,2665.0,2661.10009765625,2665.0,7767
2025-09-01 05:50:00+00:00,2661.0,2662.300048828125,2659.39990234375,2661.39990234375,5783
2025-09-01 05:55:00+00:00,2659.10009765625,2661.800048828125,2659.10009765625,2661.0,5225
2025-09-01 06:00:00+00:00,2659.0,2659.800048828125,2658.60009765625,2659.10009765625,4974
2025-09-01 06:05:00+00:00,2659.0,2659.300048828125,2658.60009765625,2659.0,4059
2025-09-01 06:10:00+00:00,2658.89990234375,2660.0,2657.699951171875,2659.0,11150
2025-09-01 06:15:00+00:00,2652.0,2659.10009765625,2652.0,2658.89990234375,9388
2025-09-01 06:20:00+00:00,2654.0,2654.89990234375,2652.0,2652.10009765625,5083
2025-09-01 06:25:00+00:00,2655.60009765625,2656.60009765625,2654.300048828125,2654.39990234375,5956
2025-09-01 06:30:00+00:00,2659.0,2660.0,2655.699951171875,2655.800048828125,6819
2025-09-01 06:35:00+00:00,2656.89990234375,2658.60009765625,2656.699951171875,2658.39990234375,4979
2025-09-01 06:40:00+00:00,2655.89990234375,2657.5,2655.699951171875,2656.699951171875,4960
2025-09-01 06:45:00+00:00,2654.60009765625,2656.0,2653.199951171875,2655.89990234375,5340
2025-09-01 06:50:00+00:00,2656.199951171875,2657.800048828125,2654.60009765625,2654.60009765625,5675
2025-09-01 06:55:00+00:00,2656.800048828125,2659.10009765625,2656.0,2656.5,6853
2025-09-01 07:00:00+00:00,2655.60009765625,2657.5,2654.300048828125,2656.10009765625,4774
2025-09-01 07:05:00+00:00,2654.0,2655.800048828125,2653.0,2655.5,4288
2025-09-01 07:10:00+00:00,2653.0,2661.5,2652.5,2652.89990234375,19050
2025-09-01 07:15:00+00:00,2652.699951171875,2653.39990234375,2652.199951171875,2653.0,9667
2025-09-01 07:20:00+00:00,2651.89990234375,2653.800048828125,2651.199951171875,2652.60009765625,4314
2025-09-01 07:25:00+00:00,2652.5,2652.5,2651.0,2651.699951171875,5472
2025-09-01 07:30:00+00:00,2651.199951171875,2652.5,2650.0,2652.0,6643
2025-09-01 07:35:00+00:00,2652.10009765625,2652.5,2649.800048828125,2650.800048828125,8250
2025-09-01 07:40:00+00:00,2653.60009765625,2654.0,2652.0,2652.199951171875,4847
2025-09-01 07:45:00+00:00,2654.300048828125,2654.60009765625,2652.60009765625,2653.60009765625,5164
2025-09-01 07:50:00+00:00,2656.89990234375,2658.300048828125,2653.800048828125,2653.800048828125,7090
2025-09-01 07:55:00+00:00,2655.300048828125,2657.300048828125,2654.60009765625,2656.89990234375,5300
2025-09-01 08:00:00+00:00,2655.60009765625,2657.199951171875,2654.300048828125,2655.0,4758
2025-09-01 08:05:00+00:00,2657.89990234375,2658.0,2655.199951171875,2655.800048828125,5913
2025-09-01 08:10:00+00:00,2658.10009765625,2658.5,2656.5,2657.89990234375,6006
2025-09-01 08:15:00+00:00,2659.60009765625,2659.800048828125,2658.0,2658.300048828125,4127
2025-09-01 08:20:00+00:00,2659.699951171875,2660.0,2658.5,2659.10009765625,3853
2025-09-01 08:25:00+00:00,2659.699951171875,2660.0,2659.0,2659.800048828125,2916
2025-09-01 08:30:00+00:00,2659.10009765625,2660.10009765625,2658.800048828125,2659.89990234375,3817
2025-09-01 08:35:00+00:00,2659.10009765625,2659.5,2658.89990234375,2659.0,4408
2025-09-01 08:40:00+00:00,2659.60009765625,2660.39990234375,2656.199951171875,2659.0,13054
2025-09-01 08:45:00+00:00,2658.39990234375,2659.60009765625,2656.60009765625,2659.5,7342
2025-09-01 08:50:00+00:00,2658.5,2659.699951171875,2657.199951171875,2657.800048828125,4116
2025-09-01 08:55:00+00:00,2655.199951171875,2658.300048828125,2655.199951171875,2658.10009765625,5442
2025-09-01 09:00:00+00:00,2657.0,2658.60009765625,2654.89990234375,2655.800048828125,7713
2025-09-01 09:05:00+00:00,2655.5,2657.199951171875,2655.10009765625,2656.89990234375,4470
2025-09-01 09:10:00+00:00,2655.89990234375,2656.0,2653.300048828125,2655.0,13570
2025-09-01 09:15:00+00:00,2655.89990234375,2656.699951171875,2652.89990234375,2656.0,11187
2025-09-01 09:20:00+00:00,2649.800048828125,2657.89990234375,2649.39990234375,2655.5,181097
2025-09-01 09:25:00+00:00,2651.39990234375,2653.300048828125,2648.300048828125,2649.60009765625,15988
2025-09-01 09:30:00+00:00,2649.800048828125,2651.699951171875,2647.199951171875,2651.10009765625,17829
2025-09-01 09:35:00+00:00,2651.39990234375,2651.800048828125,2648.300048828125,2649.699951171875,15850
2025-09-01 09:40:00+00:00,2651.199951171875,2653.5,2649.199951171875,2651.60009765625,34723
2025-09-01 09:45:00+00:00,2650.39990234375,2651.10009765625,2648.199951171875,2651.10009765625,18536
2025-09-01 09:50:00+00:00,2648.199951171875,2650.800048828125,2646.39990234375,2650.800048828125,24815
2025-09-01 09:55:00+00:00,2649.5,2649.5,2645.0,2648.199951171875,30568
2025-09-02 03:45:00+00:00,2659.0,2663.89990234375,2654.10009765625,2654.10009765625,0
2025-09-02 03:50:00+00:00,2658.10009765625,2660.699951171875,2652.699951171875,2659.0,13406
2025-09-02 03:55:00+00:00,2663.60009765625,2664.199951171875,2658.10009765625,2658.10009765625,26482
2025-09-02 04:00:00+00:00,2671.5,2671.5,2663.10009765625,2663.60009765625,17577
2025-09-02 04:05:00+00:00,2673.60009765625,2680.39990234375,2670.800048828125,2673.5,30382
2025-09-02 04:10:00+00:00,2679.89990234375,2680.60009765625,2670.89990234375,2673.5,20327
2025-09-02 04:15:00+00:00,2678.10009765625,2681.0,2677.800048828125,2679.89990234375,13004
2025-09-02 04:20:00+00:00,2680.199951171875,2682.0,2675.0,2677.60009765625,12408
2025-09-02 04:25:00+00:00,2684.699951171875,2684.699951171875,2679.5,2681.300048828125,11476
2025-09-02 04:30:00+00:00,2683.89990234375,2687.300048828125,2681.199951171875,2683.60009765625,26511
2025-09-02 04:35:00+00:00,2685.0,2685.89990234375,2681.39990234375,2683.800048828125,10901
2025-09-02 04:40:00+00:00,2681.10009765625,2687.0,2679.5,2686.60009765625,16151
2025-09-02 04:45:00+00:00,2681.39990234375,2682.699951171875,2679.5,2681.0,8152
2025-09-02 04:50:00+00:00,2681.10009765625,2683.0,2679.89990234375,2680.699951171875,8642
2025-09-02 04:55:00+00:00,2682.199951171875,2683.699951171875,2680.89990234375,2681.10009765625,10318
2025-09-02 05:00:00+00:00,2683.89990234375,2685.0,2681.0,2682.0,14402
2025-09-02 05:05:00+00:00,2681.199951171875,2683.89990234375,2680.89990234375,2683.0,9035
2025-09-02 05:10:00+00:00,2682.800048828125,2683.800048828125,2681.89990234375,2682.0,7349
2025-09-02 05:15:00+00:00,2680.199951171875,2683.5,2679.5,2682.800048828125,8242
2025-09-02 05:20:00+00:00,2678.60009765625,2681.699951171875,2678.199951171875,2680.0,8641
2025-09-02 05:25:00+00:00,2680.699951171875,2681.89990234375,2678.10009765625,2678.699951171875,17820
2025-09-02 05:30:00+00:00,2680.60009765625,2683.0,2680.0,2680.39990234375,7958
2025-09-02 05:35:00+00:00,2687.0,2687.0,2680.0,2680.0,15838
2025-09-02 05:40:00+00:00,2680.60009765625,2687.0,2678.800048828125,2687.0,11316
2025-09-02 05:45:00+00:00,2682.89990234375,2683.0,2679.300048828125,2680.699951171875,8723
2025-09-02 05:50:00+00:00,2684.0,2684.89990234375,2682.5,2682.89990234375,8704
2025-09-02 05:55:00+00:00,2681.800048828125,2685.699951171875,2680.10009765625,2685.699951171875,21182
2025-09-02 06:00:00+00:00,2680.699951171875,2682.5,2680.0,2681.800048828125,10800
2025-09-02 06:05:00+00:00,2682.0,2683.0,2676.199951171875,2681.39990234375,59039
2025-09-02 06:10:00+00:00,2683.39990234375,2683.89990234375,2681.60009765625,2681.800048828125,8646
2025-09-02 06:15:00+00:00,2683.0,2683.89990234375,2681.60009765625,2683.800048828125,13619
2025-09-02 06:20:00+00:00,2684.39990234375,2684.39990234375,2682.10009765625,2683.0,26447
2025-09-02 06:25:00+00:00,2686.89990234375,2687.800048828125,2684.300048828125,2684.39990234375,12484
2025-09-02 06:30:00+00:00,2688.0,2689.699951171875,2685.10009765625,2686.60009765625,37154
2025-09-02 06:35:00+00:00,2686.5,2688.10009765625,2685.0,2687.0,7481
2025-09-02 06:40:00+00:00,2683.39990234375,2686.5,2683.0,2686.5,8038
2025-09-02 06:45:00+00:00,2683.0,2684.0,2683.0,2684.0,163705
2025-09-02 06:50:00+00:00,2684.5,2685.699951171875,2683.0,2683.199951171875,6046
2025-09-02 06:55:00+00:00,2687.0,2687.199951171875,2684.5,2684.5,11740
2025-09-02 07:00:00+00:00,2685.5,2688.0,2684.5,2687.10009765625,9245
2025-09-02 07:05:00+00:00,2685.300048828125,2686.699951171875,2683.60009765625,2685.5,15993
2025-09-02 07:10:00+00:00,2685.800048828125,2686.0,2683.60009765625,2685.300048828125,7015
2025-09-02 07:15:00+00:00,2688.60009765625,2689.0,2685.5,2686.0,12010
2025-09-02 07:20:00+00:00,2691.0,2691.5,2686.800048828125,2688.60009765625,20785
2025-09-02 07:25:00+00:00,2692.0,2692.39990234375,2690.5,2691.0,8487
2025-09-02 07:30:00+00:00,2689.10009765625,2692.0,2688.0,2691.800048828125,6231
2025-09-02 07:35:00+00:00,2687.10009765625,2689.199951171875,2687.10009765625,2689.10009765625,7102
2025-09-02 07:40:00+00:00,2687.60009765625,2687.699951171875,2685.0,2687.39990234375,13846
2025-09-02 07:45:00+00:00,2686.39990234375,2687.699951171875,2685.0,2687.10009765625,7042
2025-09-02 07:50:00+00:00,2684.800048828125,2687.0,2683.60009765625,2687.0,6755
2025-09-02 07:55:00+00:00,2686.0,2686.0,2683.699951171875,2684.800048828125,6924
2025-09-02 08:00:00+00:00,2690.0,2691.0,2685.60009765625,2685.89990234375,10400
2025-09-02 08:05:00+00:00,2690.5,2691.0,2690.0,2690.89990234375,6442
2025-09-02 08:10:00+00:00,2684.699951171875,2690.5,2683.800048828125,2690.5,17152
2025-09-02 08:15:00+00:00,2685.60009765625,2685.60009765625,2682.800048828125,2684.60009765625,6497
2025-09-02 08:20:00+00:00,2684.300048828125,2686.300048828125,2683.10009765625,2686.300048828125,6560
2025-09-02 08:25:00+00:00,2683.10009765625,2684.800048828125,2682.0,2684.0,22896
2025-09-02 08:30:00+00:00,2678.5,2683.10009765625,2677.60009765625,2683.10009765625,17164
2025-09-02 08:35:00+00:00,2679.5,2680.0,2676.300048828125,2678.60009765625,23576
2025-09-02 08:40:00+00:00,2678.89990234375,2681.89990234375,2678.199951171875,2679.699951171875,11407
2025-09-02 08:45:00+00:00,2679.699951171875,2680.199951171875,2677.300048828125,2678.5,12426
2025-09-02 08:50:00+00:00,2677.89990234375,2681.60009765625,2677.0,2679.699951171875,26419
2025-09-02 08:55:00+00:00,2675.0,2678.60009765625,2675.0,2677.0,32386
2025-09-02 09:00:00+00:00,2676.39990234375,2677.0,2672.5,2675.300048828125,114881
2025-09-02 09:05:00+00:00,2679.699951171875,2684.199951171875,2675.800048828125,2676.39990234375,24222
2025-09-02 09:10:00+00:00,2682.0,2682.0,2679.199951171875,2679.699951171875,9158
2025-09-02 09:15:00+00:00,2685.300048828125,2686.699951171875,2680.89990234375,2682.0,10010
2025-09-02 09:20:00+00:00,2679.199951171875,2685.300048828125,2679.0,2685.300048828125,23869
2025-09-02 09:25:00+00:00,2682.0,2683.300048828125,2679.89990234375,2679.89990234375,11557
2025-09-02 09:30:00+00:00,2680.39990234375,2682.0,2679.89990234375,2681.89990234375,19081
2025-09-02 09:35:00+00:00,2682.10009765625,2682.39990234375,2679.0,2680.199951171875,23874
2025-09-02 09:40:00+00:00,2677.89990234375,2682.0,2676.5,2682.0,26881
2025-09-02 09:45:00+00:00,2675.39990234375,2678.39990234375,2674.89990234375,2677.89990234375,32975
2025-09-02 09:50:00+00:00,2676.0,2678.300048828125,2674.39990234375,2675.199951171875,57647
2025-09-02 09:55:00+00:00,2678.10009765625,2684.60009765625,2673.0,2676.300048828125,91218
2025-09-03 03:45:00+00:00,2662.5,2678.300048828125,2662.0,2678.300048828125,0
2025-09-03 03:50:00+00:00,2668.0,2669.89990234375,2658.39990234375,2663.0,19683
2025-09-03 03:55:00+00:00,2664.699951171875,2669.800048828125,2664.699951171875,2666.800048828125,12138
2025-09-03 04:00:00+00:00,2663.699951171875,2665.699951171875,2662.699951171875,2665.0,8840
2025-09-03 04:05:00+00:00,2666.699951171875,2666.800048828125,2662.39990234375,2663.5,18989
2025-09-03 04:10:00+00:00,2665.10009765625,2668.800048828125,2661.800048828125,2666.699951171875,16249
2025-09-03 04:15:00+00:00,2664.89990234375,2666.39990234375,2663.5,2666.10009765625,7658
2025-09-03 04:20:00+00:00,2665.10009765625,2665.5,2663.0,2664.0,10183
2025-09-03 04:25:00+00:00,2666.89990234375,2669.39990234375,2665.199951171875,2667.800048828125,22155
2025-09-03 04:30:00+00:00,2669.39990234375,2670.300048828125,2666.800048828125,2666.89990234375,9627
2025-09-03 04:35:00+00:00,2669.60009765625,2672.0,2668.0,2669.39990234375,16540
2025-09-03 04:40:00+00:00,2669.10009765625,2671.0,2665.800048828125,2670.5,19759
2025-09-03 04:45:00+00:00,2669.0,2669.699951171875,2667.39990234375,2669.699951171875,7791
2025-09-03 04:50:00+00:00,2670.0,2670.39990234375,2667.699951171875,2669.0,9911
2025-09-03 04:55:00+00:00,2669.0,2670.300048828125,2667.800048828125,2669.89990234375,11455
2025-09-03 05:00:00+00:00,2670.800048828125,2670.800048828125,2668.199951171875,2669.0,8726
2025-09-03 05:05:00+00:00,2671.5,2671.5,2668.39990234375,2670.699951171875,9835
2025-09-03 05:10:00+00:00,2671.39990234375,2672.0,2670.0,2671.5,5290
2025-09-03 05:15:00+00:00,2671.60009765625,2674.800048828125,2670.699951171875,2671.60009765625,13956
2025-09-03 05:20:00+00:00,2673.0,2674.0,2669.800048828125,2671.60009765625,8857
2025-09-03 05:25:00+00:00,2672.89990234375,2673.199951171875,2672.699951171875,2672.699951171875,4547
2025-09-03 05:30:00+00:00,2673.60009765625,2674.199951171875,2671.39990234375,2672.89990234375,7719
2025-09-03 05:35:00+00:00,2675.89990234375,2676.0,2671.800048828125,2673.39990234375,11153
2025-09-03 05:40:00+00:00,2670.800048828125,2675.89990234375,2670.0,2675.89990234375,24979
2025-09-03 05:45:00+00:00,2670.0,2672.199951171875,2668.39990234375,2671.0,9507
2025-09-03 05:50:00+00:00,2666.89990234375,2670.800048828125,2665.89990234375,2670.0,11592
2025-09-03 05:55:00+00:00,2666.39990234375,2668.60009765625,2664.800048828125,2666.89990234375,24957
2025-09-03 06:00:00+00:00,2669.699951171875,2669.699951171875,2665.60009765625,2666.300048828125,6051
2025-09-03 06:05:00+00:00,2671.60009765625,2674.0,2669.5,2670.0,11889
2025-09-03 06:10:00+00:00,2671.5,2672.5,2670.89990234375,2671.699951171875,5497
2025-09-03 06:15:00+00:00,2671.199951171875,2671.800048828125,2670.5,2671.5,6320
2025-09-03 06:20:00+00:00,2674.10009765625,2674.10009765625,2670.800048828125,2671.0,4537
2025-09-03 06:25:00+00:00,2675.0,2675.89990234375,2673.60009765625,2673.60009765625,5589
2025-09-03 06:30:00+00:00,2676.60009765625,2677.0,2675.10009765625,2675.699951171875,4899
2025-09-03 06:35:00+00:00,2676.39990234375,2677.699951171875,2675.60009765625,2677.0,8453
2025-09-03 06:40:00+00:00,2676.5,2678.800048828125,2674.89990234375,2676.39990234375,8634
2025-09-03 06:45:00+00:00,2673.89990234375,2676.800048828125,2673.300048828125,2676.800048828125,5479
2025-09-03 06:50:00+00:00,2674.0,2675.10009765625,2672.39990234375,2673.89990234375,7013
2025-09-03 06:55:00+00:00,2671.89990234375,2673.60009765625,2669.699951171875,2672.199951171875,12014
2025-09-03 07:00:00+00:00,2674.0,2674.0,2671.60009765625,2672.0,3201
2025-09-03 07:05:00+00:00,2671.89990234375,2674.0,2671.0,2674.0,9236
2025-09-03 07:10:00+00:00,2669.89990234375,2674.10009765625,2669.89990234375,2671.89990234375,12524
2025-09-03 07:15:00+00:00,2672.0,2672.10009765625,2669.0,2669.800048828125,13122
2025-09-03 07:20:00+00:00,2673.5,2673.5,2671.800048828125,2672.199951171875,5974
2025-09-03 07:25:00+00:00,2671.300048828125,2673.800048828125,2671.0,2673.300048828125,5813
2025-09-03 07:30:00+00:00,2671.699951171875,2671.800048828125,2669.699951171875,2671.300048828125,8993
2025-09-03 07:35:00+00:00,2672.5,2672.699951171875,2671.5,2671.699951171875,3052
2025-09-03 07:40:00+00:00,2674.10009765625,2675.0,2672.60009765625,2672.60009765625,5909
2025-09-03 07:45:00+00:00,2674.39990234375,2675.0,2673.89990234375,2674.5,4761
2025-09-03 07:50:00+00:00,2674.5,2676.5,2673.300048828125,2674.699951171875,8778
2025-09-03 07:55:00+00:00,2673.800048828125,2675.39990234375,2672.39990234375,2674.5,7744
2025-09-03 08:00:00+00:00,2671.60009765625,2674.10009765625,2671.5,2673.800048828125,6833
2025-09-03 08:05:00+00:00,2672.0,2672.300048828125,2670.0,2672.300048828125,5163
2025-09-03 08:10:00+00:00,2672.60009765625,2672.800048828125,2671.0,2672.0,6789
2025-09-03 08:15:00+00:00,2671.89990234375,2672.60009765625,2671.89990234375,2672.60009765625,6206
2025-09-03 08:20:00+00:00,2671.5,2672.39990234375,2670.199951171875,2672.0,11913
2025-09-03 08:25:00+00:00,2670.0,2672.5,2669.800048828125,2671.60009765625,7253
2025-09-03 08:30:00+00:00,2668.199951171875,2670.5,2667.5,2670.0,7151
2025-09-03 08:35:00+00:00,2667.199951171875,2669.10009765625,2666.5,2668.39990234375,8047
2025-09-03 08:40:00+00:00,2667.300048828125,2669.300048828125,2666.5,2667.89990234375,6309
2025-09-03 08:45:00+00:00,2667.10009765625,2667.60009765625,2666.300048828125,2667.300048828125,5781
2025-09-03 08:50:00+00:00,2666.0,2667.199951171875,2665.699951171875,2666.60009765625,5822
2025-09-03 08:55:00+00:00,2666.699951171875,2667.10009765625,2665.89990234375,2666.0,5957
2025-09-03 09:00:00+00:00,2666.199951171875,2667.699951171875,2665.60009765625,2666.60009765625,7891
2025-09-03 09:05:00+00:00,2666.300048828125,2667.699951171875,2665.39990234375,2666.199951171875,8039
2025-09-03 09:10:00+00:00,2661.39990234375,2667.5,2661.0,2666.300048828125,12191
2025-09-03 09:15:00+00:00,2659.0,2663.0,2658.300048828125,2662.89990234375,19573
2025-09-03 09:20:00+00:00,2661.60009765625,2662.89990234375,2658.5,2659.5,10359
2025-09-03 09:25:00+00:00,2660.0,2661.60009765625,2659.0,2661.60009765625,22139
2025-09-03 09:30:00+00:00,2661.199951171875,2663.0,2660.10009765625,2660.199951171875,38354
2025-09-03 09:35:00+00:00,2661.800048828125,2661.800048828125,2660.199951171875,2660.89990234375,21831
2025-09-03 09:40:00+00:00,2662.5,2665.0,2661.89990234375,2662.0,38926
2025-09-03 09:45:00+00:00,2667.39990234375,2667.800048828125,2662.39990234375,2662.5,40718
2025-09-03 09:50:00+00:00,2668.0,2670.0,2666.10009765625,2667.60009765625,63870
2025-09-03 09:55:00+00:00,2660.5,2670.0,2659.699951171875,2668.699951171875,82264
2025-09-04 03:45:00+00:00,2705.0,2737.300048828125,2702.699951171875,2737.300048828125,404111
2025-09-04 03:50:00+00:00,2730.199951171875,2733.60009765625,2704.60009765625,2705.60009765625,151944
2025-09-04 03:55:00+00:00,2727.0,2731.800048828125,2720.0,2728.60009765625,59592
2025-09-04 04:00:00+00:00,2710.5,2728.0,2706.5,2727.0,67076
2025-09-04 04:05:00+00:00,2709.0,2713.60009765625,2704.199951171875,2711.199951171875,48933
2025-09-04 04:10:00+00:00,2703.300048828125,2712.0,2700.0,2710.0,71011
2025-09-04 04:15:00+00:00,2703.0,2710.0,2702.10009765625,2704.5,32929
2025-09-04 04:20:00+00:00,2698.89990234375,2704.0,2691.800048828125,2703.0,66939
2025-09-04 04:25:00+00:00,2706.5,2710.0,2696.10009765625,2699.60009765625,41826
2025-09-04 04:30:00+00:00,2712.699951171875,2720.0,2705.300048828125,2706.39990234375,73755
2025-09-04 04:35:00+00:00,2704.0,2713.89990234375,2700.60009765625,2712.300048828125,42383
2025-09-04 04:40:00+00:00,2701.5,2706.10009765625,2699.199951171875,2704.0,24044
2025-09-04 04:45:00+00:00,2703.300048828125,2704.199951171875,2699.800048828125,2700.39990234375,9715
2025-09-04 04:50:00+00:00,2703.0,2707.0,2702.0,2704.699951171875,16639
2025-09-04 04:55:00+00:00,2697.0,2704.699951171875,2696.0,2703.60009765625,21908
2025-09-04 05:00:00+00:00,2693.60009765625,2697.0,2690.5,2696.5,21173
2025-09-04 05:05:00+00:00,2692.800048828125,2695.0,2690.0,2693.60009765625,20465
2025-09-04 05:10:00+00:00,2690.89990234375,2693.699951171875,2686.89990234375,2692.39990234375,21692
2025-09-04 05:15:00+00:00,2690.89990234375,2694.0,2689.0,2690.89990234375,11912
2025-09-04 05:20:00+00:00,2683.39990234375,2690.300048828125,2682.300048828125,2690.300048828125,26053
2025-09-04 05:25:00+00:00,2676.39990234375,2683.699951171875,2676.199951171875,2683.699951171875,19692
2025-09-04 05:30:00+00:00,2673.60009765625,2677.800048828125,2672.10009765625,2676.5,27521
2025-09-04 05:35:00+00:00,2670.0,2674.800048828125,2665.0,2674.800048828125,41782
2025-09-04 05:40:00+00:00,2670.699951171875,2676.0,2668.39990234375,2670.0,19092
2025-09-04 05:45:00+00:00,2673.60009765625,2674.89990234375,2670.699951171875,2671.0,9919
2025-09-04 05:50:00+00:00,2677.0,2677.5,2671.5,2674.699951171875,18947
2025-09-04 05:55:00+00:00,2678.5,2681.0,2676.699951171875,2677.199951171875,11196
2025-09-04 06:00:00+00:00,2677.5,2679.300048828125,2674.300048828125,2678.199951171875,9998
2025-09-04 06:05:00+00:00,2680.10009765625,2681.0,2676.10009765625,2677.800048828125,6535
2025-09-04 06:10:00+00:00,2673.0,2680.39990234375,2673.0,2680.39990234375,12616
2025-09-04 06:15:00+00:00,2672.0,2677.800048828125,2671.699951171875,2673.199951171875,15282
2025-09-04 06:20:00+00:00,2677.0,2677.0,2671.60009765625,2672.0,8393
2025-09-04 06:25:00+00:00,2677.5,2678.89990234375,2675.60009765625,2677.300048828125,8667
2025-09-04 06:30:00+00:00,2679.199951171875,2680.60009765625,2674.800048828125,2677.5,9035
2025-09-04 06:35:00+00:00,2682.800048828125,2685.0,2680.0,2680.0,11636
2025-09-04 06:40:00+00:00,2677.199951171875,2682.800048828125,2677.0,2682.699951171875,6766
2025-09-04 06:45:00+00:00,2675.699951171875,2677.699951171875,2674.5,2677.0,4422
2025-09-04 06:50:00+00:00,2674.0,2677.10009765625,2673.39990234375,2675.89990234375,3708
2025-09-04 06:55:00+00:00,2673.5,2675.39990234375,2673.39990234375,2673.89990234375,3961
2025-09-04 07:00:00+00:00,2672.89990234375,2675.0,2671.5,2673.800048828125,10681
2025-09-04 07:05:00+00:00,2682.0,2682.0,2672.0,2673.60009765625,25170
2025-09-04 07:10:00+00:00,2681.0,2683.89990234375,2680.10009765625,2682.0,20274
2025-09-04 07:15:00+00:00,2682.699951171875,2685.10009765625,2679.699951171875,2682.199951171875,15886
2025-09-04 07:20:00+00:00,2682.10009765625,2683.199951171875,2680.10009765625,2683.0,4008
2025-09-04 07:25:00+00:00,2687.10009765625,2689.300048828125,2680.60009765625,2681.60009765625,8635
2025-09-04 07:30:00+00:00,2687.89990234375,2688.800048828125,2685.5,2687.0,7821
2025-09-04 07:35:00+00:00,2685.5,2688.5,2685.5,2687.39990234375,6315
2025-09-04 07:40:00+00:00,2687.0,2687.5,2684.39990234375,2685.5,13114
2025-09-04 07:45:00+00:00,2686.300048828125,2687.89990234375,2683.699951171875,2686.699951171875,10454
2025-09-04 07:50:00+00:00,2688.0,2688.800048828125,2682.5,2685.60009765625,10476
2025-09-04 07:55:00+00:00,2688.0,2689.60009765625,2687.300048828125,2688.0,7162
2025-09-04 08:00:00+00:00,2687.10009765625,2688.0,2684.89990234375,2687.800048828125,9642
2025-09-04 08:05:00+00:00,2684.39990234375,2688.0,2682.800048828125,2686.60009765625,9935
2025-09-04 08:10:00+00:00,2683.39990234375,2684.5,2681.60009765625,2684.10009765625,7992
2025-09-04 08:15:00+00:00,2681.5,2684.39990234375,2680.800048828125,2683.39990234375,6155
2025-09-04 08:20:00+00:00,2683.699951171875,2685.800048828125,2679.0,2680.89990234375,32067
2025-09-04 08:25:00+00:00,2684.39990234375,2685.199951171875,2683.0,2683.300048828125,6213
2025-09-04 08:30:00+00:00,2683.89990234375,2684.800048828125,2683.0,2684.39990234375,7095
2025-09-04 08:35:00+00:00,2684.699951171875,2685.0,2682.10009765625,2683.89990234375,8181
2025-09-04 08:40:00+00:00,2684.89990234375,2685.0,2683.39990234375,2684.800048828125,7349
2025-09-04 08:45:00+00:00,2684.10009765625,2685.199951171875,2682.300048828125,2685.0,16513
2025-09-04 08:50:00+00:00,2678.300048828125,2685.0,2678.0,2684.0,31262
2025-09-04 08:55:00+00:00,2675.0,2679.800048828125,2672.0,2678.199951171875,57244
2025-09-04 09:00:00+00:00,2682.199951171875,2683.5,2674.60009765625,2675.0,48523
2025-09-04 09:05:00+00:00,2680.0,2682.199951171875,2678.10009765625,2682.199951171875,11246
2025-09-04 09:10:00+00:00,2682.39990234375,2683.89990234375,2679.10009765625,2679.89990234375,30647
2025-09-04 09:15:00+00:00,2681.5,2682.39990234375,2679.0,2682.300048828125,13031
2025-09-04 09:20:00+00:00,2675.0,2682.0,2675.0,2681.5,32788
2025-09-04 09:25:00+00:00,2674.60009765625,2679.300048828125,2673.89990234375,2675.5,26825
2025-09-04 09:30:00+00:00,2669.5,2676.300048828125,2669.10009765625,2674.60009765625,77393
2025-09-04 09:35:00+00:00,2670.60009765625,2674.699951171875,2666.699951171875,2669.5,102583
2025-09-04 09:40:00+00:00,2666.699951171875,2673.0,2661.0,2671.10009765625,117273
2025-09-04 09:45:00+00:00,2661.699951171875,2666.699951171875,2656.199951171875,2666.699951171875,116418
2025-09-04 09:50:00+00:00,2664.60009765625,2664.89990234375,2658.800048828125,2662.0,72657
2025-09-04 09:55:00+00:00,2666.60009765625,2669.89990234375,2662.699951171875,2664.10009765625,22133
2025-09-05 03:45:00+00:00,2663.5,2672.199951171875,2660.199951171875,2670.5,0
2025-09-05 03:50:00+00:00,2657.300048828125,2666.699951171875,2657.300048828125,2663.5,14739
2025-09-05 03:55:00+00:00,2649.0,2660.0,2648.0,2659.5,18314
2025-09-05 04:00:00+00:00,2654.0,2655.800048828125,2645.800048828125,2648.0,28232
2025-09-05 04:05:00+00:00,2649.10009765625,2654.199951171875,2647.60009765625,2654.199951171875,11727
2025-09-05 04:10:00+00:00,2652.0,2652.800048828125,2648.89990234375,2649.10009765625,7247
2025-09-05 04:15:00+00:00,2662.0,2662.60009765625,2652.0,2652.0,20398
2025-09-05 04:20:00+00:00,2662.800048828125,2666.300048828125,2662.0,2662.0,10969
2025-09-05 04:25:00+00:00,2664.5,2665.5,2661.89990234375,2662.800048828125,4127
2025-09-05 04:30:00+00:00,2666.199951171875,2669.800048828125,2664.5,2664.5,7714
2025-09-05 04:35:00+00:00,2664.10009765625,2666.39990234375,2662.60009765625,2666.199951171875,9581
2025-09-05 04:40:00+00:00,2655.0,2664.0,2653.0,2663.89990234375,15147
2025-09-05 04:45:00+00:00,2655.0,2658.39990234375,2653.0,2654.699951171875,6711
2025-09-05 04:50:00+00:00,2659.0,2659.60009765625,2653.5,2655.0,11394
2025-09-05 04:55:00+00:00,2657.89990234375,2661.39990234375,2656.39990234375,2659.0,18180
2025-09-05 05:00:00+00:00,2652.0,2658.60009765625,2650.60009765625,2658.60009765625,24066
2025-09-05 05:05:00+00:00,2652.5,2654.199951171875,2650.699951171875,2652.0,6078
2025-09-05 05:10:00+00:00,2651.39990234375,2653.5,2648.10009765625,2652.39990234375,16523
2025-09-05 05:15:00+00:00,2651.89990234375,2653.39990234375,2650.60009765625,2651.39990234375,9574
2025-09-05 05:20:00+00:00,2643.800048828125,2652.199951171875,2641.699951171875,2651.89990234375,20066
2025-09-05 05:25:00+00:00,2647.300048828125,2647.39990234375,2641.10009765625,2643.39990234375,8347
2025-09-05 05:30:00+00:00,2650.10009765625,2650.300048828125,2644.89990234375,2646.5,5766
2025-09-05 05:35:00+00:00,2642.60009765625,2649.699951171875,2642.60009765625,2649.10009765625,7382
2025-09-05 05:40:00+00:00,2644.300048828125,2646.0,2642.10009765625,2643.699951171875,7823
2025-09-05 05:45:00+00:00,2641.60009765625,2644.300048828125,2640.0,2644.300048828125,12008
2025-09-05 05:50:00+00:00,2642.0,2645.199951171875,2640.39990234375,2641.5,5858
2025-09-05 05:55:00+00:00,2642.800048828125,2642.800048828125,2640.0,2642.0,5912
2025-09-05 06:00:00+00:00,2642.699951171875,2644.699951171875,2642.0,2643.0,3577
2025-09-05 06:05:00+00:00,2639.89990234375,2644.300048828125,2639.89990234375,2642.5,6282
2025-09-05 06:10:00+00:00,2640.300048828125,2642.199951171875,2639.5,2640.300048828125,3188
2025-09-05 06:15:00+00:00,2636.10009765625,2640.300048828125,2635.0,2640.300048828125,16794
2025-09-05 06:20:00+00:00,2635.0,2638.300048828125,2635.0,2635.5,5463
2025-09-05 06:25:00+00:00,2637.5,2637.60009765625,2635.0,2635.0,7177
2025-09-05 06:30:00+00:00,2636.0,2637.5,2633.300048828125,2637.5,12565
2025-09-05 06:35:00+00:00,2637.5,2637.5,2635.10009765625,2635.800048828125,5178
2025-09-05 06:40:00+00:00,2633.5,2637.5,2633.5,2637.0,3842
2025-09-05 06:45:00+00:00,2632.0,2633.699951171875,2631.60009765625,2633.60009765625,5639
2025-09-05 06:50:00+00:00,2633.0,2635.0,2631.89990234375,2631.89990234375,3979
2025-09-05 06:55:00+00:00,2633.0,2633.5,2632.199951171875,2633.199951171875,2515
2025-09-05 07:00:00+00:00,2631.39990234375,2633.699951171875,2631.39990234375,2633.0,4490
2025-09-05 07:05:00+00:00,2630.39990234375,2631.60009765625,2629.5,2631.300048828125,6672
2025-09-05 07:10:00+00:00,2629.60009765625,2631.5,2629.39990234375,2631.0,5823
2025-09-05 07:15:00+00:00,2625.699951171875,2629.60009765625,2625.10009765625,2629.60009765625,11530
2025-09-05 07:20:00+00:00,2626.5,2628.0,2624.89990234375,2625.199951171875,8044
2025-09-05 07:25:00+00:00,2631.699951171875,2631.699951171875,2626.0,2626.5,16537
2025-09-05 07:30:00+00:00,2631.800048828125,2633.699951171875,2630.199951171875,2632.39990234375,4951
2025-09-05 07:35:00+00:00,2634.60009765625,2635.5,2631.5,2631.699951171875,9289
2025-09-05 07:40:00+00:00,2639.699951171875,2639.699951171875,2634.39990234375,2634.39990234375,7157
2025-09-05 07:45:00+00:00,2639.699951171875,2640.0,2637.699951171875,2640.0,13670
2025-09-05 07:50:00+00:00,2636.0,2640.300048828125,2635.39990234375,2639.0,4992
2025-09-05 07:55:00+00:00,2638.39990234375,2639.0,2636.39990234375,2636.60009765625,3229
2025-09-05 08:00:00+00:00,2636.60009765625,2638.39990234375,2635.89990234375,2638.39990234375,3805
2025-09-05 08:05:00+00:00,2638.60009765625,2640.699951171875,2636.39990234375,2637.0,11507
2025-09-05 08:10:00+00:00,2637.300048828125,2638.89990234375,2637.199951171875,2638.60009765625,6390
2025-09-05 08:15:00+00:00,2643.800048828125,2645.89990234375,2637.199951171875,2637.199951171875,35727
2025-09-05 08:20:00+00:00,2644.699951171875,2645.0,2642.199951171875,2643.800048828125,3528
2025-09-05 08:25:00+00:00,2643.89990234375,2646.0,2643.89990234375,2644.300048828125,19030
2025-09-05 08:30:00+00:00,2643.89990234375,2645.800048828125,2642.800048828125,2644.199951171875,3173
2025-09-05 08:35:00+00:00,2642.0,2644.5,2642.0,2644.5,7646
2025-09-05 08:40:00+00:00,2640.5,2643.10009765625,2639.5,2642.39990234375,13236
2025-09-05 08:45:00+00:00,2641.800048828125,2645.0,2640.10009765625,2640.10009765625,18735
2025-09-05 08:50:00+00:00,2642.60009765625,2642.699951171875,2640.0,2642.699951171875,4690
2025-09-05 08:55:00+00:00,2640.699951171875,2642.800048828125,2640.39990234375,2641.699951171875,4277
2025-09-05 09:00:00+00:00,2640.60009765625,2642.89990234375,2640.60009765625,2642.800048828125,3305
2025-09-05 09:05:00+00:00,2638.0,2640.699951171875,2638.0,2640.60009765625,15652
2025-09-05 09:10:00+00:00,2639.699951171875,2641.0,2636.800048828125,2637.199951171875,17370
2025-09-05 09:15:00+00:00,2637.800048828125,2640.0,2637.10009765625,2638.89990234375,5752
2025-09-05 09:20:00+00:00,2637.0,2639.0,2635.60009765625,2637.800048828125,5935
2025-09-05 09:25:00+00:00,2634.199951171875,2638.39990234375,2633.10009765625,2638.0,14364
2025-09-05 09:30:00+00:00,2634.60009765625,2637.0,2633.39990234375,2633.39990234375,27474
2025-09-05 09:35:00+00:00,2633.199951171875,2635.0,2633.0,2634.60009765625,32830
2025-09-05 09:40:00+00:00,2635.5,2635.5,2633.10009765625,2633.199951171875,50201
2025-09-05 09:45:00+00:00,2633.60009765625,2636.5,2633.5,2635.5,25968
2025-09-05 09:50:00+00:00,2633.0,2634.0,2633.0,2634.0,41812
2025-09-05 09:55:00+00:00,2628.0,2636.0,2626.10009765625,2632.89990234375,49841
2025-09-08 03:45:00+00:00,2634.0,2640.0,2634.0,2639.699951171875,0
2025-09-08 03:50:00+00:00,2628.0,2634.199951171875,2627.300048828125,2633.5,8329
2025-09-08 03:55:00+00:00,2627.10009765625,2632.300048828125,2626.10009765625,2628.10009765625,7341
2025-09-08 04:00:00+00:00,2631.699951171875,2631.699951171875,2627.0,2627.39990234375,7138
2025-09-08 04:05:00+00:00,2629.300048828125,2632.5,2627.5,2631.800048828125,7104
2025-09-08 04:10:00+00:00,2637.0,2638.199951171875,2628.199951171875,2628.199951171875,126829
2025-09-08 04:15:00+00:00,2638.89990234375,2638.89990234375,2634.800048828125,2637.0,10112
2025-09-08 04:20:00+00:00,2640.0,2644.199951171875,2637.800048828125,2638.89990234375,16041
2025-09-08 04:25:00+00:00,2639.89990234375,2641.5,2639.10009765625,2639.10009765625,3374
2025-09-08 04:30:00+00:00,2639.89990234375,2644.300048828125,2639.39990234375,2640.199951171875,6262
2025-09-08 04:35:00+00:00,2636.699951171875,2641.10009765625,2633.0,2639.800048828125,12790
2025-09-08 04:40:00+00:00,2637.199951171875,2638.199951171875,2635.300048828125,2636.800048828125,5312
2025-09-08 04:45:00+00:00,2635.39990234375,2637.199951171875,2633.0,2635.60009765625,4729
2025-09-08 04:50:00+00:00,2632.0,2637.0,2631.0,2635.39990234375,4164
2025-09-08 04:55:00+00:00,2629.199951171875,2633.199951171875,2627.5,2632.5,6808
2025-09-08 05:00:00+00:00,2629.5,2631.0,2627.300048828125,2629.199951171875,8656
2025-09-08 05:05:00+00:00,2627.10009765625,2629.89990234375,2626.10009765625,2629.39990234375,12819
2025-09-08 05:10:00+00:00,2628.0,2630.0,2626.60009765625,2627.0,9248
2025-09-08 05:15:00+00:00,2627.699951171875,2630.0,2627.0,2628.0,6173
2025-09-08 05:20:00+00:00,2627.0,2629.10009765625,2626.39990234375,2627.89990234375,3422
2025-09-08 05:25:00+00:00,2628.0,2629.800048828125,2626.39990234375,2627.699951171875,3094
2025-09-08 05:30:00+00:00,2628.199951171875,2629.39990234375,2626.10009765625,2627.89990234375,4157
2025-09-08 05:35:00+00:00,2627.39990234375,2629.199951171875,2626.10009765625,2627.5,2485
2025-09-08 05:40:00+00:00,2629.0,2630.0,2627.300048828125,2628.5,3912
2025-09-08 05:45:00+00:00,2628.5,2630.0,2628.10009765625,2629.0,2601
2025-09-08 05:50:00+00:00,2628.60009765625,2629.60009765625,2626.89990234375,2629.39990234375,2911
2025-09-08 05:55:00+00:00,2630.0,2630.0,2627.199951171875,2628.699951171875,3205
2025-09-08 06:00:00+00:00,2629.800048828125,2632.699951171875,2628.0,2629.699951171875,10449
2025-09-08 06:05:00+00:00,2629.10009765625,2629.89990234375,2628.0,2629.199951171875,2948
2025-09-08 06:10:00+00:00,2634.699951171875,2634.699951171875,2629.199951171875,2629.199951171875,9134
2025-09-08 06:15:00+00:00,2631.0,2633.89990234375,2631.0,2633.60009765625,6947
2025-09-08 06:20:00+00:00,2630.699951171875,2632.89990234375,2629.300048828125,2631.0,13560
2025-09-08 06:25:00+00:00,2633.0,2633.10009765625,2630.800048828125,2630.800048828125,6462
2025-09-08 06:30:00+00:00,2632.60009765625,2633.800048828125,2632.300048828125,2632.60009765625,3900
2025-09-08 06:35:00+00:00,2630.800048828125,2633.199951171875,2630.300048828125,2632.60009765625,4737
2025-09-08 06:40:00+00:00,2631.300048828125,2632.0,2630.800048828125,2630.800048828125,4118
2025-09-08 06:45:00+00:00,2632.5,2636.300048828125,2631.0,2631.39990234375,12789
2025-09-08 06:50:00+00:00,2629.199951171875,2632.5,2629.10009765625,2632.5,10123
2025-09-08 06:55:00+00:00,2630.0,2631.89990234375,2627.0,2628.89990234375,10105
2025-09-08 07:00:00+00:00,2629.300048828125,2631.199951171875,2628.199951171875,2630.10009765625,8911
2025-09-08 07:05:00+00:00,2630.699951171875,2631.800048828125,2628.300048828125,2629.39990234375,7802
2025-09-08 07:10:00+00:00,2628.89990234375,2631.89990234375,2627.800048828125,2630.89990234375,8388
2025-09-08 07:15:00+00:00,2628.10009765625,2630.0,2626.89990234375,2628.10009765625,10901
2025-09-08 07:20:00+00:00,2627.89990234375,2628.60009765625,2625.199951171875,2627.10009765625,13510
2025-09-08 07:25:00+00:00,2627.10009765625,2628.300048828125,2626.300048828125,2627.699951171875,9272
2025-09-08 07:30:00+00:00,2625.0,2628.39990234375,2624.39990234375,2628.39990234375,8120
2025-09-08 07:35:00+00:00,2624.10009765625,2626.300048828125,2623.699951171875,2625.39990234375,7418
2025-09-08 07:40:00+00:00,2625.0,2626.199951171875,2623.89990234375,2624.89990234375,5249
2025-09-08 07:45:00+00:00,2625.699951171875,2626.60009765625,2624.0,2625.0,8247
2025-09-08 07:50:00+00:00,2625.300048828125,2626.0,2624.199951171875,2625.0,5960
2025-09-08 07:55:00+00:00,2625.300048828125,2626.0,2623.39990234375,2625.39990234375,8321
2025-09-08 08:00:00+00:00,2625.300048828125,2626.89990234375,2624.89990234375,2625.39990234375,7205
2025-09-08 08:05:00+00:00,2625.5,2627.0,2623.89990234375,2625.60009765625,7700
2025-09-08 08:10:00+00:00,2626.800048828125,2628.89990234375,2624.800048828125,2625.60009765625,7167
2025-09-08 08:15:00+00:00,2626.0,2627.300048828125,2625.39990234375,2627.10009765625,5017
2025-09-08 08:20:00+00:00,2628.5,2629.60009765625,2626.39990234375,2626.39990234375,5123
2025-09-08 08:25:00+00:00,2629.10009765625,2630.0,2628.5,2628.5,5383
2025-09-08 08:30:00+00:00,2627.60009765625,2630.0,2627.39990234375,2630.0,4801
2025-09-08 08:35:00+00:00,2630.0,2630.0,2627.5,2627.699951171875,6621
2025-09-08 08:40:00+00:00,2629.89990234375,2630.5,2629.39990234375,2630.0,11521
2025-09-08 08:45:00+00:00,2630.0,2630.5,2629.5,2630.39990234375,12565
2025-09-08 08:50:00+00:00,2630.0,2630.300048828125,2629.5,2629.800048828125,8135
2025-09-08 08:55:00+00:00,2629.699951171875,2630.699951171875,2629.10009765625,2630.0,7432
2025-09-08 09:00:00+00:00,2633.5,2635.0,2629.60009765625,2630.0,13685
2025-09-08 09:05:00+00:00,2630.0,2633.5,2629.699951171875,2633.5,7511
2025-09-08 09:10:00+00:00,2626.5,2631.60009765625,2626.5,2630.10009765625,8474
2025-09-08 09:15:00+00:00,2620.0,2626.699951171875,2620.0,2626.5,29011
2025-09-08 09:20:00+00:00,2622.60009765625,2624.199951171875,2620.300048828125,2620.60009765625,9710
2025-09-08 09:25:00+00:00,2619.89990234375,2623.89990234375,2619.5,2623.89990234375,30231
2025-09-08 09:30:00+00:00,2624.300048828125,2624.89990234375,2618.800048828125,2620.0,52031
2025-09-08 09:35:00+00:00,2623.800048828125,2624.89990234375,2622.10009765625,2624.199951171875,15447
2025-09-08 09:40:00+00:00,2623.10009765625,2623.800048828125,2621.89990234375,2623.800048828125,18985
2025-09-08 09:45:00+00:00,2623.800048828125,2626.0,2622.10009765625,2623.39990234375,51425
2025-09-08 09:50:00+00:00,2624.300048828125,2625.0,2622.60009765625,2623.300048828125,35911
2025-09-08 09:55:00+00:00,2629.0,2629.800048828125,2622.199951171875,2624.60009765625,29438
2025-09-09 03:45:00+00:00,2612.60009765625,2635.60009765625,2612.0,2635.60009765625,25931
2025-09-09 03:50:00+00:00,2619.199951171875,2620.60009765625,2611.300048828125,2612.199951171875,16141
2025-09-09 03:55:00+00:00,2623.89990234375,2624.699951171875,2618.39990234375,2618.39990234375,13394
2025-09-09 04:00:00+00:00,2624.699951171875,2626.60009765625,2621.699951171875,2626.5,20332
2025-09-09 04:05:00+00:00,2630.5,2633.0,2624.5,2624.60009765625,9166
2025-09-09 04:10:00+00:00,2626.60009765625,2633.699951171875,2625.0,2630.5,9393
2025-09-09 04:15:00+00:00,2625.5,2627.800048828125,2624.39990234375,2627.5,14912
2025-09-09 04:20:00+00:00,2626.0,2626.39990234375,2622.300048828125,2626.0,13676
2025-09-09 04:25:00+00:00,2627.5,2629.39990234375,2627.0,2627.0,4776
2025-09-09 04:30:00+00:00,2629.300048828125,2629.5,2626.199951171875,2627.89990234375,4399
2025-09-09 04:35:00+00:00,2626.800048828125,2629.300048828125,2625.699951171875,2629.300048828125,6069
2025-09-09 04:40:00+00:00,2627.5,2628.199951171875,2625.89990234375,2625.89990234375,4314
2025-09-09 04:45:00+00:00,2625.800048828125,2627.5,2622.800048828125,2627.300048828125,9057
2025-09-09 04:50:00+00:00,2626.199951171875,2626.89990234375,2624.300048828125,2626.300048828125,4538
2025-09-09 04:55:00+00:00,2627.199951171875,2627.89990234375,2626.5,2626.89990234375,2195
2025-09-09 05:00:00+00:00,2625.89990234375,2628.0,2625.0,2627.300048828125,3948
2025-09-09 05:05:00+00:00,2620.800048828125,2626.199951171875,2619.5,2625.89990234375,10312
2025-09-09 05:10:00+00:00,2622.300048828125,2622.89990234375,2619.300048828125,2619.300048828125,4507
2025-09-09 05:15:00+00:00,2623.0,2623.699951171875,2621.199951171875,2622.39990234375,12447
2025-09-09 05:20:00+00:00,2623.60009765625,2624.300048828125,2622.0,2623.0,3291
2025-09-09 05:25:00+00:00,2626.5,2626.5,2623.5,2624.39990234375,7943
2025-09-09 05:30:00+00:00,2628.0,2628.0,2626.0,2626.5,2452
2025-09-09 05:35:00+00:00,2629.5,2629.60009765625,2625.0,2628.0,3646
2025-09-09 05:40:00+00:00,2632.0,2632.5,2629.300048828125,2629.300048828125,4645
2025-09-09 05:45:00+00:00,2628.800048828125,2634.199951171875,2627.699951171875,2632.5,7804
2025-09-09 05:50:00+00:00,2631.10009765625,2631.39990234375,2627.89990234375,2628.0,4440
2025-09-09 05:55:00+00:00,2628.800048828125,2631.60009765625,2627.0,2631.60009765625,19173
2025-09-09 06:00:00+00:00,2627.699951171875,2628.39990234375,2625.0,2628.10009765625,11807
2025-09-09 06:05:00+00:00,2627.0,2627.699951171875,2626.800048828125,2627.699951171875,1028
2025-09-09 06:10:00+00:00,2626.89990234375,2627.39990234375,2626.800048828125,2627.0,7914
2025-09-09 06:15:00+00:00,2626.89990234375,2627.199951171875,2626.199951171875,2627.199951171875,1530
2025-09-09 06:20:00+00:00,2626.0,2627.199951171875,2625.0,2627.199951171875,4671
2025-09-09 06:25:00+00:00,2627.89990234375,2628.0,2625.60009765625,2625.60009765625,5086
2025-09-09 06:30:00+00:00,2627.0,2627.89990234375,2626.0,2627.89990234375,3310
2025-09-09 06:35:00+00:00,2628.699951171875,2629.0,2626.39990234375,2627.0,3595
2025-09-09 06:40:00+00:00,2628.39990234375,2629.5,2626.89990234375,2629.0,7007
2025-09-09 06:45:00+00:00,2627.0,2629.60009765625,2626.300048828125,2628.60009765625,3800
2025-09-09 06:50:00+00:00,2625.10009765625,2627.199951171875,2625.10009765625,2627.0,5187
2025-09-09 06:55:00+00:00,2626.300048828125,2627.199951171875,2625.0,2625.10009765625,12910
2025-09-09 07:00:00+00:00,2626.199951171875,2627.0,2625.10009765625,2626.300048828125,6610
2025-09-09 07:05:00+00:00,2626.60009765625,2627.199951171875,2625.0,2626.800048828125,10825
2025-09-09 07:10:00+00:00,2626.699951171875,2627.60009765625,2625.60009765625,2626.60009765625,4234
2025-09-09 07:15:00+00:00,2627.89990234375,2629.89990234375,2625.800048828125,2627.199951171875,10739
2025-09-09 07:20:00+00:00,2625.300048828125,2627.800048828125,2625.199951171875,2627.199951171875,2918
2025-09-09 07:25:00+00:00,2624.60009765625,2625.89990234375,2621.800048828125,2625.89990234375,19516
2025-09-09 07:30:00+00:00,2625.5,2627.0,2621.800048828125,2623.89990234375,17065
2025-09-09 07:35:00+00:00,2626.199951171875,2626.89990234375,2625.0,2625.0,3465
2025-09-09 07:40:00+00:00,2626.699951171875,2626.699951171875,2626.0,2626.300048828125,4339
2025-09-09 07:45:00+00:00,2627.199951171875,2628.10009765625,2626.10009765625,2626.699951171875,10707
2025-09-09 07:50:00+00:00,2626.5,2627.699951171875,2626.5,2627.199951171875,5072
2025-09-09 07:55:00+00:00,2626.199951171875,2627.0,2626.199951171875,2626.60009765625,4684
2025-09-09 08:00:00+00:00,2629.10009765625,2629.10009765625,2626.199951171875,2626.199951171875,27783
2025-09-09 08:05:00+00:00,2626.800048828125,2630.10009765625,2625.60009765625,2630.10009765625,61233
2025-09-09 08:10:00+00:00,2626.39990234375,2629.0,2626.0,2627.60009765625,21256
2025-09-09 08:15:00+00:00,2628.0,2628.5,2626.89990234375,2627.300048828125,1811
2025-09-09 08:20:00+00:00,2628.0,2628.0,2627.699951171875,2627.800048828125,2363
2025-09-09 08:25:00+00:00,2630.89990234375,2630.89990234375,2626.199951171875,2628.0,81597
2025-09-09 08:30:00+00:00,2633.60009765625,2636.199951171875,2627.5,2631.0,69343
2025-09-09 08:35:00+00:00,2634.800048828125,2637.0,2632.0,2633.60009765625,28702
2025-09-09 08:40:00+00:00,2635.699951171875,2636.0,2631.60009765625,2634.39990234375,58870
2025-09-09 08:45:00+00:00,2634.800048828125,2635.800048828125,2633.0,2635.0,9111
2025-09-09 08:50:00+00:00,2633.199951171875,2635.0,2632.60009765625,2634.300048828125,3529
2025-09-09 08:55:00+00:00,2637.0,2637.10009765625,2633.199951171875,2633.199951171875,43646
2025-09-09 09:00:00+00:00,2636.39990234375,2643.89990234375,2636.39990234375,2637.0,111567
2025-09-09 09:05:00+00:00,2636.699951171875,2637.5,2634.800048828125,2636.199951171875,37220
2025-09-09 09:10:00+00:00,2635.699951171875,2638.0,2635.0,2636.39990234375,22409
2025-09-09 09:15:00+00:00,2637.199951171875,2637.199951171875,2635.0,2635.39990234375,18415
2025-09-09 09:20:00+00:00,2640.39990234375,2640.60009765625,2635.699951171875,2637.300048828125,22659
2025-09-09 09:25:00+00:00,2638.199951171875,2641.10009765625,2636.5,2640.60009765625,33854
2025-09-09 09:30:00+00:00,2640.60009765625,2641.800048828125,2635.89990234375,2638.60009765625,109715
2025-09-09 09:35:00+00:00,2640.10009765625,2642.10009765625,2639.0,2640.60009765625,68542
2025-09-09 09:40:00+00:00,2644.39990234375,2644.39990234375,2639.800048828125,2640.199951171875,124163
2025-09-09 09:45:00+00:00,2644.0,2644.800048828125,2641.39990234375,2644.39990234375,89160
2025-09-09 09:50:00+00:00,2643.699951171875,2646.10009765625,2642.300048828125,2643.89990234375,86138
2025-09-09 09:55:00+00:00,2642.0,2645.39990234375,2638.5,2643.699951171875,66948
2025-09-10 03:45:00+00:00,2645.60009765625,2652.0,2643.10009765625,2646.0,0
2025-09-10 03:50:00+00:00,2643.89990234375,2646.0,2641.300048828125,2644.60009765625,13482
2025-09-10 03:55:00+00:00,2651.0,2652.0,2643.300048828125,2643.699951171875,35999
2025-09-10 04:00:00+00:00,2650.0,2652.0,2649.10009765625,2651.699951171875,8639
2025-09-10 04:05:00+00:00,2649.60009765625,2650.0,2647.800048828125,2650.0,8187
2025-09-10 04:10:00+00:00,2648.89990234375,2650.0,2647.0,2649.699951171875,12078
2025-09-10 04:15:00+00:00,2647.0,2649.300048828125,2642.10009765625,2648.89990234375,34979
2025-09-10 04:20:00+00:00,2647.0,2651.800048828125,2645.5,2647.0,15726
2025-09-10 04:25:00+00:00,2638.0,2646.699951171875,2636.89990234375,2646.699951171875,8373
2025-09-10 04:30:00+00:00,2632.5,2638.39990234375,2631.199951171875,2638.0,10989
2025-09-10 04:35:00+00:00,2633.199951171875,2634.199951171875,2632.0,2632.0,7337
2025-09-10 04:40:00+00:00,2633.10009765625,2634.10009765625,2632.699951171875,2633.5,5475
2025-09-10 04:45:00+00:00,2630.699951171875,2633.300048828125,2630.199951171875,2633.10009765625,5409
2025-09-10 04:50:00+00:00,2629.300048828125,2631.5,2628.10009765625,2630.800048828125,6300
2025-09-10 04:55:00+00:00,2630.300048828125,2630.60009765625,2629.199951171875,2629.300048828125,5789
2025-09-10 05:00:00+00:00,2628.39990234375,2631.199951171875,2628.0,2630.300048828125,6244
2025-09-10 05:05:00+00:00,2624.89990234375,2628.39990234375,2624.199951171875,2628.39990234375,11602
2025-09-10 05:10:00+00:00,2623.699951171875,2625.300048828125,2623.5,2624.39990234375,9224
2025-09-10 05:15:00+00:00,2623.39990234375,2624.89990234375,2622.699951171875,2623.5,4879
2025-09-10 05:20:00+00:00,2620.699951171875,2623.800048828125,2620.0,2623.300048828125,9837
2025-09-10 05:25:00+00:00,2623.5,2624.0,2620.800048828125,2621.60009765625,4684
2025-09-10 05:30:00+00:00,2623.89990234375,2624.0,2621.699951171875,2623.300048828125,3904
2025-09-10 05:35:00+00:00,2625.300048828125,2625.300048828125,2623.89990234375,2624.0,4851
2025-09-10 05:40:00+00:00,2624.0,2625.199951171875,2623.5,2625.0,5773
2025-09-10 05:45:00+00:00,2622.5,2625.0,2622.10009765625,2623.89990234375,6923
2025-09-10 05:50:00+00:00,2625.699951171875,2627.10009765625,2622.0,2622.5,13280
2025-09-10 05:55:00+00:00,2632.0,2632.300048828125,2626.0,2626.0,16614
2025-09-10 06:00:00+00:00,2630.699951171875,2632.300048828125,2630.300048828125,2631.800048828125,8581
2025-09-10 06:05:00+00:00,2633.0,2633.39990234375,2630.5,2630.800048828125,13606
2025-09-10 06:10:00+00:00,2630.800048828125,2633.0,2630.10009765625,2632.60009765625,4766
2025-09-10 06:15:00+00:00,2630.699951171875,2631.800048828125,2629.5,2630.699951171875,8467
2025-09-10 06:20:00+00:00,2632.89990234375,2632.89990234375,2629.5,2629.89990234375,11283
2025-09-10 06:25:00+00:00,2631.89990234375,2632.699951171875,2630.699951171875,2632.699951171875,11089
2025-09-10 06:30:00+00:00,2631.199951171875,2632.89990234375,2630.800048828125,2632.0,13927
2025-09-10 06:35:00+00:00,2632.699951171875,2632.699951171875,2629.0,2631.300048828125,15528
2025-09-10 06:40:00+00:00,2631.199951171875,2632.39990234375,2630.699951171875,2632.0,7981
2025-09-10 06:45:00+00:00,2630.5,2631.699951171875,2630.199951171875,2631.199951171875,5488
2025-09-10 06:50:00+00:00,2632.89990234375,2633.0,2629.800048828125,2630.800048828125,15359
2025-09-10 06:55:00+00:00,2633.10009765625,2634.800048828125,2632.60009765625,2632.89990234375,13572
2025-09-10 07:00:00+00:00,2636.0,2637.39990234375,2634.0,2634.0,12817
2025-09-10 07:05:00+00:00,2633.89990234375,2636.0,2632.5,2636.0,6273
2025-09-10 07:10:00+00:00,2633.800048828125,2634.0,2633.0,2633.89990234375,5191
2025-09-10 07:15:00+00:00,2632.800048828125,2634.199951171875,2632.0,2634.0,4029
2025-09-10 07:20:00+00:00,2632.10009765625,2633.0,2631.199951171875,2632.800048828125,9178
2025-09-10 07:25:00+00:00,2634.0,2635.0,2631.800048828125,2632.39990234375,11538
2025-09-10 07:30:00+00:00,2633.89990234375,2634.39990234375,2632.39990234375,2634.0,8550
2025-09-10 07:35:00+00:00,2635.0,2635.0,2633.60009765625,2634.0,4917
2025-09-10 07:40:00+00:00,2634.0,2635.0,2633.300048828125,2634.89990234375,4889
2025-09-10 07:45:00+00:00,2633.699951171875,2634.5,2631.300048828125,2633.89990234375,9203
2025-09-10 07:50:00+00:00,2635.800048828125,2635.89990234375,2633.300048828125,2633.699951171875,5524
2025-09-10 07:55:00+00:00,2636.39990234375,2637.89990234375,2635.199951171875,2635.89990234375,6873
2025-09-10 08:00:00+00:00,2637.199951171875,2637.800048828125,2635.89990234375,2636.199951171875,6182
2025-09-10 08:05:00+00:00,2638.0,2638.0,2637.0,2637.300048828125,7027
2025-09-10 08:10:00+00:00,2638.0,2638.0,2637.10009765625,2637.89990234375,8572
2025-09-10 08:15:00+00:00,2637.5,2638.0,2637.0,2637.89990234375,5317
2025-09-10 08:20:00+00:00,2636.699951171875,2638.0,2636.300048828125,2637.800048828125,5167
2025-09-10 08:25:00+00:00,2637.800048828125,2638.0,2636.60009765625,2636.60009765625,6546
2025-09-10 08:30:00+00:00,2638.10009765625,2639.0,2637.800048828125,2637.800048828125,8805
2025-09-10 08:35:00+00:00,2639.10009765625,2641.0,2638.10009765625,2638.10009765625,14450
2025-09-10 08:40:00+00:00,2637.89990234375,2640.60009765625,2637.89990234375,2639.199951171875,10620
2025-09-10 08:45:00+00:00,2636.800048828125,2638.699951171875,2636.0,2638.0,18472
2025-09-10 08:50:00+00:00,2634.300048828125,2638.5,2633.10009765625,2636.800048828125,45128
2025-09-10 08:55:00+00:00,2635.0,2636.300048828125,2634.39990234375,2634.5,9706
2025-09-10 09:00:00+00:00,2636.89990234375,2637.5,2635.0,2635.0,11114
2025-09-10 09:05:00+00:00,2637.699951171875,2638.60009765625,2636.800048828125,2636.89990234375,9183
2025-09-10 09:10:00+00:00,2635.0,2638.60009765625,2635.0,2637.60009765625,25155
2025-09-10 09:15:00+00:00,2638.0,2639.10009765625,2634.300048828125,2634.89990234375,16758
2025-09-10 09:20:00+00:00,2637.699951171875,2639.0,2636.800048828125,2638.10009765625,11378
2025-09-10 09:25:00+00:00,2637.89990234375,2638.699951171875,2636.0,2637.800048828125,16884
2025-09-10 09:30:00+00:00,2641.0,2641.0,2638.300048828125,2638.300048828125,30483
2025-09-10 09:35:00+00:00,2642.800048828125,2643.89990234375,2640.89990234375,2641.0,40059
2025-09-10 09:40:00+00:00,2643.0,2644.300048828125,2642.60009765625,2642.800048828125,47259
2025-09-10 09:45:00+00:00,2644.60009765625,2644.60009765625,2642.89990234375,2643.0,40423
2025-09-10 09:50:00+00:00,2646.199951171875,2646.699951171875,2643.60009765625,2644.5,52421
2025-09-10 09:55:00+00:00,2643.5,2647.199951171875,2641.60009765625,2646.0,38851
2025-09-11 03:45:00+00:00,2655.0,2655.89990234375,2637.800048828125,2643.89990234375,0
2025-09-11 03:50:00+00:00,2646.10009765625,2657.60009765625,2646.0,2654.10009765625,18574
2025-09-11 03:55:00+00:00,2638.800048828125,2647.10009765625,2638.0,2645.800048828125,10621
2025-09-11 04:00:00+00:00,2638.199951171875,2640.0,2637.60009765625,2638.10009765625,4355
2025-09-11 04:05:00+00:00,2634.699951171875,2638.699951171875,2633.800048828125,2638.199951171875,6180
2025-09-11 04:10:00+00:00,2636.0,2637.199951171875,2633.0,2634.60009765625,2821
2025-09-11 04:15:00+00:00,2635.0,2636.300048828125,2633.0,2636.300048828125,4606
2025-09-11 04:20:00+00:00,2636.0,2636.0,2634.0,2634.39990234375,2316
2025-09-11 04:25:00+00:00,2635.199951171875,2636.199951171875,2634.0,2636.0,7135
2025-09-11 04:30:00+00:00,2634.89990234375,2636.0,2634.5,2635.5,1664
2025-09-11 04:35:00+00:00,2636.0,2637.0,2634.199951171875,2634.89990234375,4036
2025-09-11 04:40:00+00:00,2635.5,2637.300048828125,2634.699951171875,2635.800048828125,2739
2025-09-11 04:45:00+00:00,2644.0,2644.0,2635.5,2635.60009765625,8334
2025-09-11 04:50:00+00:00,2644.199951171875,2645.0,2642.5,2643.89990234375,9990
2025-09-11 04:55:00+00:00,2640.800048828125,2643.39990234375,2639.39990234375,2643.199951171875,16210
2025-09-11 05:00:00+00:00,2642.699951171875,2643.699951171875,2641.39990234375,2641.5,2482
2025-09-11 05:05:00+00:00,2644.10009765625,2644.10009765625,2642.0,2642.89990234375,3429
2025-09-11 05:10:00+00:00,2642.39990234375,2646.0,2642.39990234375,2644.10009765625,8105
2025-09-11 05:15:00+00:00,2636.5,2642.300048828125,2633.10009765625,2642.300048828125,25405
2025-09-11 05:20:00+00:00,2638.39990234375,2639.89990234375,2636.5,2637.60009765625,2760
2025-09-11 05:25:00+00:00,2638.5,2639.199951171875,2637.10009765625,2638.0,2647
2025-09-11 05:30:00+00:00,2638.60009765625,2640.199951171875,2638.5,2638.5,9367
2025-09-11 05:35:00+00:00,2636.300048828125,2638.5,2636.0,2638.5,6835
2025-09-11 05:40:00+00:00,2634.800048828125,2636.300048828125,2634.5,2636.300048828125,4185
2025-09-11 05:45:00+00:00,2634.800048828125,2634.800048828125,2634.699951171875,2634.800048828125,2301
2025-09-11 05:50:00+00:00,2631.89990234375,2634.800048828125,2630.89990234375,2634.800048828125,18656
2025-09-11 05:55:00+00:00,2635.699951171875,2637.300048828125,2632.10009765625,2632.60009765625,17639
2025-09-11 06:00:00+00:00,2635.300048828125,2636.89990234375,2635.300048828125,2635.699951171875,2581
2025-09-11 06:05:00+00:00,2633.300048828125,2636.39990234375,2633.0,2635.300048828125,5936
2025-09-11 06:10:00+00:00,2634.5,2635.0,2632.5,2632.5,6160
2025-09-11 06:15:00+00:00,2635.199951171875,2635.800048828125,2634.0,2634.60009765625,5259
2025-09-11 06:20:00+00:00,2636.39990234375,2637.10009765625,2634.0,2635.199951171875,5360
2025-09-11 06:25:00+00:00,2638.699951171875,2639.0,2636.699951171875,2637.10009765625,2530
2025-09-11 06:30:00+00:00,2638.699951171875,2639.5,2636.5,2638.5,3488
2025-09-11 06:35:00+00:00,2638.89990234375,2643.0,2638.5,2638.5,7219
2025-09-11 06:40:00+00:00,2637.39990234375,2640.60009765625,2636.89990234375,2639.60009765625,2804
2025-09-11 06:45:00+00:00,2635.89990234375,2639.10009765625,2634.60009765625,2638.10009765625,6081
2025-09-11 06:50:00+00:00,2635.89990234375,2637.5,2634.39990234375,2635.60009765625,5339
2025-09-11 06:55:00+00:00,2636.5,2638.60009765625,2634.0,2637.0,8547
2025-09-11 07:00:00+00:00,2641.0,2641.0,2635.39990234375,2636.5,4556
2025-09-11 07:05:00+00:00,2640.0,2641.199951171875,2637.199951171875,2641.0,6450
2025-09-11 07:10:00+00:00,2639.89990234375,2641.300048828125,2639.39990234375,2639.89990234375,2904
2025-09-11 07:15:00+00:00,2635.0,2640.0,2634.199951171875,2639.800048828125,12180
2025-09-11 07:20:00+00:00,2635.0,2635.0,2634.199951171875,2635.0,2277
2025-09-11 07:25:00+00:00,2635.199951171875,2636.0,2633.39990234375,2635.0,16125
2025-09-11 07:30:00+00:00,2634.5,2636.10009765625,2633.5,2635.0,40079
2025-09-11 07:35:00+00:00,2633.5,2635.0,2633.5,2634.5,2767
2025-09-11 07:40:00+00:00,2632.89990234375,2633.5,2632.0,2633.5,2246
2025-09-11 07:45:00+00:00,2632.89990234375,2632.89990234375,2632.300048828125,2632.89990234375,2698
2025-09-11 07:50:00+00:00,2633.39990234375,2633.39990234375,2631.199951171875,2632.89990234375,7737
2025-09-11 07:55:00+00:00,2634.0,2634.199951171875,2633.300048828125,2633.39990234375,5299
2025-09-11 08:00:00+00:00,2634.300048828125,2634.300048828125,2633.800048828125,2634.0,4654
2025-09-11 08:05:00+00:00,2634.60009765625,2635.10009765625,2634.10009765625,2634.300048828125,5021
2025-09-11 08:10:00+00:00,2636.89990234375,2637.300048828125,2634.800048828125,2634.89990234375,4812
2025-09-11 08:15:00+00:00,2637.39990234375,2639.300048828125,2633.199951171875,2636.89990234375,34048
2025-09-11 08:20:00+00:00,2638.60009765625,2639.5,2636.800048828125,2637.5,9569
2025-09-11 08:25:00+00:00,2640.0,2640.199951171875,2638.699951171875,2638.800048828125,6657
2025-09-11 08:30:00+00:00,2640.0,2640.0,2637.800048828125,2640.0,9419
2025-09-11 08:35:00+00:00,2640.89990234375,2641.0,2638.89990234375,2640.0,7679
2025-09-11 08:40:00+00:00,2640.89990234375,2641.0,2640.10009765625,2640.800048828125,4386
2025-09-11 08:45:00+00:00,2639.89990234375,2641.89990234375,2639.0,2640.89990234375,11233
2025-09-11 08:50:00+00:00,2637.39990234375,2639.699951171875,2635.0,2639.699951171875,10205
2025-09-11 08:55:00+00:00,2636.39990234375,2637.89990234375,2635.60009765625,2637.39990234375,7167
2025-09-11 09:00:00+00:00,2635.699951171875,2636.60009765625,2633.199951171875,2636.39990234375,26734
2025-09-11 09:05:00+00:00,2635.60009765625,2636.10009765625,2631.89990234375,2635.699951171875,30952
2025-09-11 09:10:00+00:00,2633.199951171875,2635.39990234375,2632.10009765625,2635.199951171875,6932
2025-09-11 09:15:00+00:00,2634.39990234375,2635.300048828125,2631.10009765625,2633.60009765625,24555
2025-09-11 09:20:00+00:00,2630.0,2634.0,2628.39990234375,2634.0,22037
2025-09-11 09:25:00+00:00,2625.89990234375,2630.0,2621.300048828125,2630.0,59763
2025-09-11 09:30:00+00:00,2626.199951171875,2628.60009765625,2618.0,2626.0,116698
2025-09-11 09:35:00+00:00,2619.199951171875,2627.5,2614.199951171875,2626.10009765625,93535
2025-09-11 09:40:00+00:00,2622.89990234375,2624.0,2618.300048828125,2618.60009765625,101514
2025-09-11 09:45:00+00:00,2622.0,2628.10009765625,2620.0,2622.89990234375,94154
2025-09-11 09:50:00+00:00,2621.800048828125,2625.0,2619.699951171875,2621.89990234375,48460
2025-09-11 09:55:00+00:00,2626.800048828125,2627.0,2619.0,2621.800048828125,31512
2025-09-12 03:45:00+00:00,2603.5,2625.0,2602.0,2625.0,0
2025-09-12 03:50:00+00:00,2593.5,2604.199951171875,2592.10009765625,2603.699951171875,40809
2025-09-12 03:55:00+00:00,2592.800048828125,2597.5,2592.0,2593.199951171875,19842
2025-09-12 04:00:00+00:00,2598.60009765625,2598.60009765625,2592.800048828125,2592.800048828125,12650
2025-09-12 04:05:00+00:00,2594.5,2599.10009765625,2594.0,2598.0,8158
2025-09-12 04:10:00+00:00,2597.699951171875,2597.699951171875,2594.0,2594.800048828125,8617
2025-09-12 04:15:00+00:00,2589.0,2597.39990234375,2587.60009765625,2597.39990234375,24994
2025-09-12 04:20:00+00:00,2591.10009765625,2592.0,2587.60009765625,2588.10009765625,7199
2025-09-12 04:25:00+00:00,2588.60009765625,2590.89990234375,2588.60009765625,2590.89990234375,6198
2025-09-12 04:30:00+00:00,2590.0,2590.0,2585.199951171875,2588.89990234375,15616
2025-09-12 04:35:00+00:00,2597.0,2599.0,2589.0,2589.5,14662
2025-09-12 04:40:00+00:00,2597.60009765625,2598.10009765625,2595.10009765625,2597.0,4216
2025-09-12 04:45:00+00:00,2595.0,2596.89990234375,2593.699951171875,2596.89990234375,12736
2025-09-12 04:50:00+00:00,2590.60009765625,2595.10009765625,2590.0,2595.10009765625,20036
2025-09-12 04:55:00+00:00,2590.0,2592.199951171875,2589.199951171875,2591.199951171875,27558
2025-09-12 05:00:00+00:00,2588.699951171875,2590.699951171875,2588.699951171875,2590.0,11537
2025-09-12 05:05:00+00:00,2591.800048828125,2592.0,2587.39990234375,2588.0,4665
2025-09-12 05:10:00+00:00,2589.60009765625,2592.39990234375,2588.10009765625,2590.39990234375,11781
2025-09-12 05:15:00+00:00,2586.5,2590.60009765625,2586.0,2589.60009765625,12035
2025-09-12 05:20:00+00:00,2590.60009765625,2591.60009765625,2587.0,2587.5,13538
2025-09-12 05:25:00+00:00,2590.5,2590.800048828125,2589.300048828125,2590.0,9477
2025-09-12 05:30:00+00:00,2590.10009765625,2591.5,2589.5,2590.0,5435
2025-09-12 05:35:00+00:00,2585.300048828125,2590.800048828125,2584.0,2590.800048828125,24831
2025-09-12 05:40:00+00:00,2586.0,2586.60009765625,2584.0,2585.10009765625,15618
2025-09-12 05:45:00+00:00,2585.60009765625,2588.0,2585.0,2585.39990234375,10454
2025-09-12 05:50:00+00:00,2585.10009765625,2586.39990234375,2585.0,2585.60009765625,10804
2025-09-12 05:55:00+00:00,2585.0,2585.89990234375,2584.89990234375,2585.10009765625,9002
2025-09-12 06:00:00+00:00,2580.60009765625,2585.39990234375,2580.5,2585.0,19673
2025-09-12 06:05:00+00:00,2580.89990234375,2582.5,2580.5,2580.5,13148
2025-09-12 06:10:00+00:00,2581.10009765625,2582.800048828125,2581.0,2581.199951171875,11046
2025-09-12 06:15:00+00:00,2581.89990234375,2582.699951171875,2581.0,2581.10009765625,13266
2025-09-12 06:20:00+00:00,2583.199951171875,2583.199951171875,2580.89990234375,2581.800048828125,16287
2025-09-12 06:25:00+00:00,2582.699951171875,2584.0,2581.0,2583.10009765625,15389
2025-09-12 06:30:00+00:00,2581.699951171875,2583.39990234375,2581.5,2581.800048828125,11803
2025-09-12 06:35:00+00:00,2580.0,2581.89990234375,2580.0,2581.89990234375,10264
2025-09-12 06:40:00+00:00,2581.0,2582.0,2580.0,2580.0,10853
2025-09-12 06:45:00+00:00,2580.300048828125,2582.5,2580.10009765625,2581.0,9742
2025-09-12 06:50:00+00:00,2576.60009765625,2581.39990234375,2576.5,2580.199951171875,23552
2025-09-12 06:55:00+00:00,2577.0,2577.89990234375,2575.10009765625,2576.5,14199
2025-09-12 07:00:00+00:00,2575.5,2577.5,2575.0,2576.699951171875,36534
2025-09-12 07:05:00+00:00,2574.0,2577.300048828125,2573.5,2575.5,39402
2025-09-12 07:10:00+00:00,2573.0,2574.199951171875,2570.39990234375,2573.300048828125,66572
2025-09-12 07:15:00+00:00,2576.60009765625,2576.60009765625,2569.0,2572.39990234375,76885
2025-09-12 07:20:00+00:00,2582.0,2584.0,2575.800048828125,2576.60009765625,21630
2025-09-12 07:25:00+00:00,2581.10009765625,2582.39990234375,2580.0,2582.39990234375,16025
2025-09-12 07:30:00+00:00,2579.199951171875,2582.0,2578.0,2581.800048828125,7749
2025-09-12 07:35:00+00:00,2579.0,2581.39990234375,2577.800048828125,2579.199951171875,8705
2025-09-12 07:40:00+00:00,2578.0,2580.0,2577.699951171875,2578.5,9059
2025-09-12 07:45:00+00:00,2577.199951171875,2580.0,2576.60009765625,2578.0,15456
2025-09-12 07:50:00+00:00,2581.39990234375,2583.0,2576.699951171875,2576.699951171875,22876
2025-09-12 07:55:00+00:00,2582.60009765625,2584.800048828125,2581.10009765625,2581.39990234375,13250
2025-09-12 08:00:00+00:00,2581.800048828125,2585.5,2581.800048828125,2583.800048828125,14581
2025-09-12 08:05:00+00:00,2582.60009765625,2585.0,2581.5,2582.10009765625,21028
2025-09-12 08:10:00+00:00,2583.39990234375,2585.0,2582.300048828125,2582.5,9679
2025-09-12 08:15:00+00:00,2583.199951171875,2584.300048828125,2583.0,2583.199951171875,11058
2025-09-12 08:20:00+00:00,2584.0,2584.5,2583.0,2584.0,11095
2025-09-12 08:25:00+00:00,2584.39990234375,2585.300048828125,2583.0,2583.10009765625,15479
2025-09-12 08:30:00+00:00,2585.0,2585.10009765625,2583.0,2583.699951171875,11920
2025-09-12 08:35:00+00:00,2584.5,2585.0,2583.10009765625,2585.0,12181
2025-09-12 08:40:00+00:00,2583.89990234375,2584.699951171875,2583.0,2583.39990234375,13484
2025-09-12 08:45:00+00:00,2584.800048828125,2585.0,2583.0,2583.800048828125,12600
2025-09-12 08:50:00+00:00,2583.0,2585.0,2583.0,2584.800048828125,11920
2025-09-12 08:55:00+00:00,2582.10009765625,2584.89990234375,2581.89990234375,2583.89990234375,11772
2025-09-12 09:00:00+00:00,2580.89990234375,2583.5,2580.199951171875,2582.10009765625,19229
2025-09-12 09:05:00+00:00,2581.5,2583.0,2580.0,2581.300048828125,14126
2025-09-12 09:10:00+00:00,2582.199951171875,2583.5,2581.199951171875,2582.60009765625,15466
2025-09-12 09:15:00+00:00,2578.0,2584.0,2578.0,2583.39990234375,19195
2025-09-12 09:20:00+00:00,2580.0,2583.0,2577.300048828125,2578.0,67018
2025-09-12 09:25:00+00:00,2577.39990234375,2580.10009765625,2575.89990234375,2579.10009765625,17817
2025-09-12 09:30:00+00:00,2579.60009765625,2582.0,2576.60009765625,2577.300048828125,24160
2025-09-12 09:35:00+00:00,2579.199951171875,2580.39990234375,2578.0,2578.800048828125,17341
2025-09-12 09:40:00+00:00,2579.89990234375,2580.39990234375,2577.199951171875,2579.300048828125,24737
2025-09-12 09:45:00+00:00,2580.89990234375,2582.10009765625,2578.89990234375,2578.89990234375,26973
2025-09-12 09:50:00+00:00,2581.60009765625,2582.0,2579.60009765625,2580.199951171875,34278
2025-09-12 09:55:00+00:00,2580.5,2583.800048828125,2580.5,2581.800048828125,26113
2025-09-15 03:45:00+00:00,2582.300048828125,2589.0,2581.89990234375,2585.0,0
2025-09-15 03:50:00+00:00,2583.10009765625,2584.89990234375,2581.0,2582.39990234375,14601
2025-09-15 03:55:00+00:00,2584.0,2587.0,2581.10009765625,2582.300048828125,7775
2025-09-15 04:00:00+00:00,2582.0,2585.5,2579.39990234375,2584.0,10694
2025-09-15 04:05:00+00:00,2581.60009765625,2585.699951171875,2581.39990234375,2581.39990234375,9713
2025-09-15 04:10:00+00:00,2581.0,2582.5,2580.199951171875,2582.5,5295
2025-09-15 04:15:00+00:00,2583.699951171875,2584.60009765625,2580.60009765625,2581.0,5173
2025-09-15 04:20:00+00:00,2577.0,2585.89990234375,2576.300048828125,2583.39990234375,13961
2025-09-15 04:25:00+00:00,2575.199951171875,2578.0,2575.199951171875,2577.0,4759
2025-09-15 04:30:00+00:00,2571.300048828125,2576.300048828125,2570.199951171875,2575.89990234375,7682
2025-09-15 04:35:00+00:00,2574.10009765625,2577.800048828125,2568.39990234375,2571.0,10150
2025-09-15 04:40:00+00:00,2576.89990234375,2576.89990234375,2573.800048828125,2574.800048828125,2514
2025-09-15 04:45:00+00:00,2574.89990234375,2577.89990234375,2574.800048828125,2576.89990234375,3663
2025-09-15 04:50:00+00:00,2575.5,2577.89990234375,2575.0,2575.300048828125,2879
2025-09-15 04:55:00+00:00,2577.300048828125,2577.60009765625,2575.199951171875,2576.5,1753
2025-09-15 05:00:00+00:00,2577.0,2579.39990234375,2576.300048828125,2577.5,3512
2025-09-15 05:05:00+00:00,2577.800048828125,2578.199951171875,2576.39990234375,2576.39990234375,1489
2025-09-15 05:10:00+00:00,2574.10009765625,2577.800048828125,2574.0,2577.800048828125,2526
2025-09-15 05:15:00+00:00,2571.199951171875,2574.10009765625,2570.300048828125,2574.10009765625,5372
2025-09-15 05:20:00+00:00,2570.10009765625,2572.0,2570.0,2571.699951171875,3732
2025-09-15 05:25:00+00:00,2572.89990234375,2572.89990234375,2570.10009765625,2570.10009765625,3648
2025-09-15 05:30:00+00:00,2573.0,2573.89990234375,2572.0,2573.0,1235
2025-09-15 05:35:00+00:00,2573.0,2574.800048828125,2572.5,2573.199951171875,1297
2025-09-15 05:40:00+00:00,2571.0,2573.800048828125,2570.800048828125,2573.0,1662
2025-09-15 05:45:00+00:00,2572.5,2572.5,2570.60009765625,2571.60009765625,1396
2025-09-15 05:50:00+00:00,2572.39990234375,2573.300048828125,2571.89990234375,2571.89990234375,1142
2025-09-15 05:55:00+00:00,2572.89990234375,2574.0,2571.89990234375,2572.5,1741
2025-09-15 06:00:00+00:00,2572.0,2575.0,2572.0,2572.89990234375,7573
2025-09-15 06:05:00+00:00,2572.0,2572.89990234375,2570.300048828125,2572.0,7474
2025-09-15 06:10:00+00:00,2575.5,2576.0,2572.39990234375,2573.0,2972
2025-09-15 06:15:00+00:00,2578.300048828125,2579.199951171875,2576.0,2576.0,4512
2025-09-15 06:20:00+00:00,2579.39990234375,2581.60009765625,2577.89990234375,2577.89990234375,10175
2025-09-15 06:25:00+00:00,2579.10009765625,2579.39990234375,2578.0,2579.39990234375,3430
2025-09-15 06:30:00+00:00,2580.5,2582.800048828125,2579.300048828125,2579.800048828125,11445
2025-09-15 06:35:00+00:00,2581.5,2582.0,2580.10009765625,2580.5,5272
2025-09-15 06:40:00+00:00,2582.89990234375,2583.0,2580.699951171875,2581.800048828125,3854
2025-09-15 06:45:00+00:00,2584.60009765625,2586.199951171875,2582.39990234375,2582.89990234375,32733
2025-09-15 06:50:00+00:00,2583.89990234375,2586.89990234375,2582.10009765625,2584.60009765625,18624
2025-09-15 06:55:00+00:00,2584.199951171875,2585.0,2581.0,2583.89990234375,6521
2025-09-15 07:00:00+00:00,2584.300048828125,2586.89990234375,2583.199951171875,2585.0,5598
2025-09-15 07:05:00+00:00,2581.39990234375,2585.0,2581.199951171875,2584.199951171875,2964
2025-09-15 07:10:00+00:00,2582.60009765625,2583.699951171875,2580.5,2581.800048828125,15184
2025-09-15 07:15:00+00:00,2583.0,2583.699951171875,2577.60009765625,2583.0,47539
2025-09-15 07:20:00+00:00,2581.0,2584.300048828125,2580.199951171875,2583.0,6053
2025-09-15 07:25:00+00:00,2581.199951171875,2582.0,2580.0,2581.0,2318
2025-09-15 07:30:00+00:00,2581.199951171875,2582.10009765625,2581.10009765625,2582.0,1015
2025-09-15 07:35:00+00:00,2582.5,2583.0,2581.199951171875,2581.89990234375,2677
2025-09-15 07:40:00+00:00,2580.5,2582.5,2580.0,2582.5,2800
2025-09-15 07:45:00+00:00,2580.699951171875,2581.89990234375,2580.5,2581.699951171875,1331
2025-09-15 07:50:00+00:00,2584.800048828125,2585.0,2578.199951171875,2581.5,6627
2025-09-15 07:55:00+00:00,2585.0,2585.0,2583.60009765625,2584.89990234375,2779
2025-09-15 08:00:00+00:00,2585.300048828125,2586.0,2583.800048828125,2584.5,2366
2025-09-15 08:05:00+00:00,2585.0,2586.10009765625,2583.800048828125,2585.199951171875,4179
2025-09-15 08:10:00+00:00,2582.0,2584.699951171875,2579.199951171875,2584.10009765625,21491
2025-09-15 08:15:00+00:00,2584.5,2585.5,2581.10009765625,2582.0,12886
2025-09-15 08:20:00+00:00,2586.0,2587.0,2584.0,2584.5,3669
2025-09-15 08:25:00+00:00,2588.699951171875,2589.0,2586.300048828125,2586.800048828125,7431
2025-09-15 08:30:00+00:00,2588.0,2589.0,2587.199951171875,2588.800048828125,4739
2025-09-15 08:35:00+00:00,2587.5,2588.39990234375,2587.300048828125,2588.0,4853
2025-09-15 08:40:00+00:00,2584.0,2587.199951171875,2583.800048828125,2586.60009765625,8522
2025-09-15 08:45:00+00:00,2585.5,2585.60009765625,2584.0,2584.199951171875,5436
2025-09-15 08:50:00+00:00,2585.0,2586.0,2584.300048828125,2584.699951171875,6696
2025-09-15 08:55:00+00:00,2586.60009765625,2587.800048828125,2585.0,2585.0,11338
2025-09-15 09:00:00+00:00,2589.699951171875,2590.10009765625,2586.60009765625,2587.0,19445
2025-09-15 09:05:00+00:00,2588.199951171875,2590.10009765625,2588.0,2589.699951171875,27169
2025-09-15 09:10:00+00:00,2589.39990234375,2593.39990234375,2587.800048828125,2588.199951171875,47120
2025-09-15 09:15:00+00:00,2588.0,2590.10009765625,2586.89990234375,2590.10009765625,16729
2025-09-15 09:20:00+00:00,2586.199951171875,2589.199951171875,2585.800048828125,2588.0,21798
2025-09-15 09:25:00+00:00,2585.10009765625,2587.0,2583.800048828125,2587.0,8135
2025-09-15 09:30:00+00:00,2583.39990234375,2585.199951171875,2582.89990234375,2585.10009765625,23674
2025-09-15 09:35:00+00:00,2582.10009765625,2583.60009765625,2581.10009765625,2583.199951171875,26528
2025-09-15 09:40:00+00:00,2580.800048828125,2582.199951171875,2579.10009765625,2581.89990234375,26039
2025-09-15 09:45:00+00:00,2579.89990234375,2581.5,2579.39990234375,2581.0,27858
2025-09-15 09:50:00+00:00,2579.199951171875,2580.0,2578.0,2579.89990234375,22496
2025-09-15 09:55:00+00:00,2582.89990234375,2582.89990234375,2578.0,2579.5,28143
2025-09-16 03:45:00+00:00,2579.300048828125,2590.0,2578.699951171875,2583.5,37169
2025-09-16 03:50:00+00:00,2575.39990234375,2579.39990234375,2574.0,2579.300048828125,10959
2025-09-16 03:55:00+00:00,2577.39990234375,2580.0,2575.699951171875,2576.300048828125,6158
2025-09-16 04:00:00+00:00,2578.89990234375,2579.5,2576.0,2577.0,5596
2025-09-16 04:05:00+00:00,2580.199951171875,2580.800048828125,2578.199951171875,2579.0,2673
2025-09-16 04:10:00+00:00,2581.60009765625,2583.89990234375,2580.699951171875,2582.0,5076
2025-09-16 04:15:00+00:00,2579.5,2581.89990234375,2579.5,2581.89990234375,2076
2025-09-16 04:20:00+00:00,2581.10009765625,2581.89990234375,2579.10009765625,2580.0,4634
2025-09-16 04:25:00+00:00,2583.0,2583.0,2579.0,2580.60009765625,3330
2025-09-16 04:30:00+00:00,2581.89990234375,2585.199951171875,2579.39990234375,2583.0,14372
2025-09-16 04:35:00+00:00,2582.699951171875,2582.699951171875,2579.5,2581.89990234375,2789
2025-09-16 04:40:00+00:00,2583.0,2584.0,2582.0,2582.699951171875,3069
2025-09-16 04:45:00+00:00,2584.10009765625,2584.800048828125,2582.800048828125,2583.5,2387
2025-09-16 04:50:00+00:00,2584.0,2585.0,2583.699951171875,2584.60009765625,3126
2025-09-16 04:55:00+00:00,2584.0,2584.89990234375,2583.10009765625,2583.10009765625,2253
2025-09-16 05:00:00+00:00,2584.300048828125,2584.300048828125,2582.39990234375,2584.10009765625,883
2025-09-16 05:10:00+00:00,2581.5,2583.10009765625,2581.5,2582.199951171875,5873
2025-09-16 05:30:00+00:00,2582.5,2583.60009765625,2581.60009765625,2582.5,8471
2025-09-16 05:35:00+00:00,2582.699951171875,2583.0,2581.5,2581.60009765625,721
2025-09-16 05:40:00+00:00,2582.5,2583.60009765625,2582.0,2583.199951171875,1239
2025-09-16 05:45:00+00:00,2583.5,2583.89990234375,2582.0,2582.5,1393
2025-09-16 05:50:00+00:00,2582.10009765625,2583.800048828125,2580.5,2583.800048828125,909
2025-09-16 05:55:00+00:00,2582.0,2582.5,2581.5,2581.60009765625,507
2025-09-16 06:00:00+00:00,2581.699951171875,2582.0,2581.60009765625,2581.60009765625,189
2025-09-16 06:05:00+00:00,2582.89990234375,2582.89990234375,2580.800048828125,2581.699951171875,2223
2025-09-16 06:10:00+00:00,2578.5,2582.89990234375,2578.0,2582.699951171875,3197
2025-09-16 06:15:00+00:00,2579.0,2580.0,2578.199951171875,2579.5,1814
2025-09-16 06:20:00+00:00,2579.0,2579.300048828125,2579.0,2579.300048828125,499
2025-09-16 06:25:00+00:00,2579.800048828125,2580.60009765625,2579.39990234375,2580.60009765625,2248
2025-09-16 06:30:00+00:00,2583.0,2583.0,2580.0,2580.5,2117
2025-09-16 06:35:00+00:00,2580.300048828125,2583.0,2580.300048828125,2583.0,833
2025-09-16 09:45:00+00:00,2582.39990234375,2585.199951171875,2580.89990234375,2584.89990234375,813119
2025-09-16 09:50:00+00:00,2587.89990234375,2587.89990234375,2580.0,2583.10009765625,57264
2025-09-16 09:55:00+00:00,2580.89990234375,2589.60009765625,2580.89990234375,2587.699951171875,0
2025-09-17 03:45:00+00:00,2579.5,2590.5,2578.10009765625,2585.39990234375,26241
2025-09-17 03:50:00+00:00,2578.0,2579.89990234375,2576.39990234375,2577.89990234375,11250
2025-09-17 03:55:00+00:00,2578.300048828125,2579.0,2577.0,2578.10009765625,5820
2025-09-17 04:00:00+00:00,2581.199951171875,2581.199951171875,2577.5,2578.39990234375,5800
2025-09-17 04:05:00+00:00,2581.0,2581.60009765625,2580.0,2580.89990234375,4014
2025-09-17 04:10:00+00:00,2576.300048828125,2582.0,2576.300048828125,2581.0,8424
2025-09-17 04:15:00+00:00,2574.60009765625,2577.199951171875,2573.89990234375,2577.199951171875,15896
2025-09-17 04:20:00+00:00,2575.199951171875,2575.300048828125,2571.39990234375,2574.60009765625,14907
2025-09-17 04:25:00+00:00,2576.0,2577.0,2575.0,2575.300048828125,5700
2025-09-17 04:30:00+00:00,2577.0,2577.0,2575.60009765625,2576.60009765625,3666
2025-09-17 04:35:00+00:00,2576.300048828125,2577.0,2574.800048828125,2576.300048828125,5625
2025-09-17 04:40:00+00:00,2576.89990234375,2578.800048828125,2576.5,2576.89990234375,3955
2025-09-17 04:45:00+00:00,2575.5,2577.800048828125,2575.0,2576.89990234375,3959
2025-09-17 04:50:00+00:00,2577.0,2577.0,2574.39990234375,2575.10009765625,5842
2025-09-17 04:55:00+00:00,2575.0,2577.0,2575.0,2577.0,3344
2025-09-17 05:00:00+00:00,2574.5,2575.300048828125,2574.10009765625,2575.0,4610
2025-09-17 05:05:00+00:00,2576.60009765625,2577.0,2574.199951171875,2574.300048828125,5843
2025-09-17 05:10:00+00:00,2575.60009765625,2577.10009765625,2575.5,2576.39990234375,5793
2025-09-17 05:15:00+00:00,2577.0,2578.300048828125,2575.0,2575.5,5587
2025-09-17 05:20:00+00:00,2578.0,2578.89990234375,2576.0,2577.300048828125,8175
2025-09-17 05:25:00+00:00,2582.5,2582.5,2578.10009765625,2578.199951171875,13167
2025-09-17 05:30:00+00:00,2581.39990234375,2584.0,2581.0,2582.5,15367
2025-09-17 05:35:00+00:00,2582.39990234375,2582.60009765625,2580.89990234375,2581.39990234375,4200
2025-09-17 05:40:00+00:00,2583.0,2584.5,2581.800048828125,2582.800048828125,4697
2025-09-17 05:45:00+00:00,2581.800048828125,2584.5,2581.699951171875,2583.0,3404
2025-09-17 05:50:00+00:00,2581.699951171875,2583.0,2581.5,2581.800048828125,4454
2025-09-17 05:55:00+00:00,2580.0,2581.89990234375,2579.699951171875,2581.699951171875,7075
2025-09-17 06:00:00+00:00,2580.199951171875,2583.0,2580.10009765625,2580.699951171875,2726
2025-09-17 06:05:00+00:00,2578.39990234375,2580.199951171875,2576.5,2580.10009765625,16944
2025-09-17 06:10:00+00:00,2578.199951171875,2578.800048828125,2577.0,2577.699951171875,2983
2025-09-17 06:15:00+00:00,2578.800048828125,2578.89990234375,2577.199951171875,2578.10009765625,3868
2025-09-17 06:20:00+00:00,2577.60009765625,2580.199951171875,2577.60009765625,2579.199951171875,3674
2025-09-17 06:25:00+00:00,2577.60009765625,2578.89990234375,2577.199951171875,2577.60009765625,3983
2025-09-17 06:30:00+00:00,2577.699951171875,2577.89990234375,2577.199951171875,2577.60009765625,4468
2025-09-17 06:35:00+00:00,2576.199951171875,2577.699951171875,2576.10009765625,2577.60009765625,6383
2025-09-17 06:40:00+00:00,2576.5,2577.10009765625,2575.10009765625,2576.199951171875,8395
2025-09-17 06:45:00+00:00,2575.699951171875,2576.60009765625,2575.0,2575.5,7110
2025-09-17 06:50:00+00:00,2575.60009765625,2576.0,2575.0,2575.5,9939
2025-09-17 06:55:00+00:00,2576.800048828125,2576.800048828125,2575.10009765625,2575.800048828125,15775
2025-09-17 07:00:00+00:00,2579.199951171875,2581.10009765625,2577.300048828125,2578.0,14591
2025-09-17 07:05:00+00:00,2580.199951171875,2582.0,2579.199951171875,2579.199951171875,10205
2025-09-17 07:10:00+00:00,2580.199951171875,2581.0,2580.0,2580.199951171875,3748
2025-09-17 07:15:00+00:00,2580.10009765625,2581.0,2578.5,2580.10009765625,8052
2025-09-17 07:20:00+00:00,2579.800048828125,2580.39990234375,2578.0,2579.60009765625,8334
2025-09-17 07:25:00+00:00,2578.300048828125,2580.0,2577.60009765625,2579.800048828125,10682
2025-09-17 07:30:00+00:00,2576.89990234375,2578.39990234375,2576.89990234375,2578.199951171875,10065
2025-09-17 07:35:00+00:00,2578.0,2578.5,2576.300048828125,2576.89990234375,8907
2025-09-17 07:40:00+00:00,2576.10009765625,2578.5,2575.60009765625,2577.39990234375,29179
2025-09-17 07:45:00+00:00,2578.699951171875,2579.10009765625,2575.199951171875,2575.199951171875,11250
2025-09-17 07:50:00+00:00,2577.10009765625,2578.800048828125,2576.699951171875,2578.800048828125,8488
2025-09-17 07:55:00+00:00,2576.0,2577.5,2575.300048828125,2577.10009765625,23514
2025-09-17 08:00:00+00:00,2575.10009765625,2576.89990234375,2574.699951171875,2576.0,16863
2025-09-17 08:05:00+00:00,2575.699951171875,2576.199951171875,2574.5,2575.800048828125,22475
2025-09-17 08:10:00+00:00,2575.199951171875,2575.89990234375,2574.89990234375,2575.60009765625,15861
2025-09-17 08:15:00+00:00,2575.5,2577.60009765625,2574.199951171875,2575.5,34317
2025-09-17 08:20:00+00:00,2575.89990234375,2575.89990234375,2573.5,2575.300048828125,10269
2025-09-17 08:25:00+00:00,2573.199951171875,2575.800048828125,2573.0,2575.800048828125,9390
2025-09-17 08:30:00+00:00,2572.89990234375,2574.699951171875,2572.0,2573.199951171875,16315
2025-09-17 08:35:00+00:00,2572.39990234375,2575.5,2572.0,2572.699951171875,12409
2025-09-17 08:40:00+00:00,2573.0,2573.39990234375,2571.10009765625,2572.39990234375,20782
2025-09-17 08:45:00+00:00,2572.89990234375,2574.10009765625,2572.5,2572.800048828125,17769
2025-09-17 08:50:00+00:00,2570.5,2573.5,2570.10009765625,2573.0,9519
2025-09-17 08:55:00+00:00,2570.800048828125,2571.10009765625,2568.39990234375,2570.39990234375,33189
2025-09-17 09:00:00+00:00,2570.5,2571.0,2569.199951171875,2570.800048828125,13345
2025-09-17 09:05:00+00:00,2569.199951171875,2571.300048828125,2568.699951171875,2570.39990234375,11262
2025-09-17 09:10:00+00:00,2569.89990234375,2570.0,2568.0,2568.800048828125,14484
2025-09-17 09:15:00+00:00,2569.5,2570.39990234375,2568.10009765625,2570.0,28068
2025-09-17 09:20:00+00:00,2569.0,2570.0,2568.5,2569.5,22453
2025-09-17 09:25:00+00:00,2568.300048828125,2569.0,2568.0,2569.0,9001
2025-09-17 09:30:00+00:00,2568.300048828125,2569.199951171875,2568.0,2568.0,42077
2025-09-17 09:35:00+00:00,2567.60009765625,2568.5,2567.60009765625,2568.300048828125,23748
2025-09-17 09:40:00+00:00,2568.199951171875,2569.89990234375,2567.0,2567.0,51784
2025-09-17 09:45:00+00:00,2570.39990234375,2571.0,2568.10009765625,2568.199951171875,32498
2025-09-17 09:50:00+00:00,2572.39990234375,2572.5,2569.89990234375,2570.199951171875,35387
2025-09-17 09:55:00+00:00,2574.89990234375,2574.89990234375,2569.699951171875,2572.300048828125,26813
2025-09-18 03:45:00+00:00,2579.699951171875,2579.800048828125,2570.89990234375,2570.89990234375,0
2025-09-18 03:50:00+00:00,2585.0,2585.0,2574.39990234375,2578.800048828125,45353
2025-09-18 03:55:00+00:00,2585.199951171875,2587.0,2583.10009765625,2584.5,12125
2025-09-18 04:00:00+00:00,2587.89990234375,2590.699951171875,2584.10009765625,2584.39990234375,14487
2025-09-18 04:05:00+00:00,2591.0,2591.0,2585.10009765625,2586.89990234375,6584
2025-09-18 04:10:00+00:00,2593.699951171875,2595.0,2590.10009765625,2591.699951171875,20735
2025-09-18 04:15:00+00:00,2591.300048828125,2594.199951171875,2589.0,2594.0,27176
2025-09-18 04:20:00+00:00,2593.89990234375,2594.5,2591.0,2591.10009765625,8378
2025-09-18 04:25:00+00:00,2594.699951171875,2594.699951171875,2592.300048828125,2594.39990234375,10418
2025-09-18 04:30:00+00:00,2596.0,2600.0,2594.699951171875,2594.699951171875,33301
2025-09-18 04:35:00+00:00,2599.39990234375,2599.60009765625,2594.60009765625,2596.0,8718
2025-09-18 04:40:00+00:00,2600.300048828125,2601.0,2595.39990234375,2599.5,15728
2025-09-18 04:45:00+00:00,2604.0,2608.199951171875,2600.39990234375,2600.39990234375,27482
2025-09-18 04:50:00+00:00,2608.0,2609.89990234375,2602.0,2603.60009765625,24781
2025-09-18 04:55:00+00:00,2604.300048828125,2608.699951171875,2604.300048828125,2608.10009765625,11176
2025-09-18 05:00:00+00:00,2605.0,2605.60009765625,2601.60009765625,2604.5,13871
2025-09-18 05:05:00+00:00,2604.39990234375,2606.0,2602.39990234375,2605.0,9221
2025-09-18 05:10:00+00:00,2603.60009765625,2605.699951171875,2603.5,2604.39990234375,6085
2025-09-18 05:15:00+00:00,2604.0,2605.5,2603.800048828125,2604.800048828125,6660
2025-09-18 05:20:00+00:00,2603.39990234375,2605.0,2602.39990234375,2604.89990234375,5603
2025-09-18 05:25:00+00:00,2604.5,2605.0,2603.5,2604.0,5714
2025-09-18 05:30:00+00:00,2603.5,2606.0,2602.5,2604.89990234375,7969
2025-09-18 05:35:00+00:00,2599.10009765625,2603.699951171875,2598.800048828125,2603.39990234375,10970
2025-09-18 05:40:00+00:00,2599.0,2599.60009765625,2598.10009765625,2599.10009765625,5995
2025-09-18 05:45:00+00:00,2595.89990234375,2596.800048828125,2595.39990234375,2596.800048828125,9696
2025-09-18 05:50:00+00:00,2593.0,2597.39990234375,2593.0,2595.89990234375,27645
2025-09-18 05:55:00+00:00,2596.39990234375,2597.10009765625,2592.0,2593.300048828125,24081
2025-09-18 06:00:00+00:00,2591.0,2598.699951171875,2590.5,2596.39990234375,23340
2025-09-18 06:05:00+00:00,2593.199951171875,2594.5,2591.10009765625,2591.300048828125,16359
2025-09-18 06:10:00+00:00,2593.5,2594.0,2591.199951171875,2592.199951171875,5017
2025-09-18 06:15:00+00:00,2594.60009765625,2596.89990234375,2594.0,2594.0,7678
2025-09-18 06:20:00+00:00,2594.0,2595.89990234375,2592.5,2595.5,8764
2025-09-18 06:25:00+00:00,2596.10009765625,2596.39990234375,2593.800048828125,2595.60009765625,7491
2025-09-18 06:30:00+00:00,2593.0,2596.10009765625,2592.199951171875,2596.10009765625,10734
2025-09-18 06:35:00+00:00,2592.10009765625,2594.39990234375,2591.39990234375,2593.60009765625,10670
2025-09-18 06:40:00+00:00,2589.10009765625,2593.699951171875,2589.0,2593.60009765625,19015
2025-09-18 06:45:00+00:00,2588.5,2590.10009765625,2586.10009765625,2590.0,22404
2025-09-18 06:50:00+00:00,2588.60009765625,2589.39990234375,2587.10009765625,2588.5,14408
2025-09-18 06:55:00+00:00,2588.60009765625,2588.89990234375,2587.10009765625,2588.60009765625,5717
2025-09-18 07:00:00+00:00,2591.800048828125,2592.0,2587.699951171875,2588.5,23189
2025-09-18 07:05:00+00:00,2591.0,2594.5,2590.10009765625,2591.89990234375,10796
2025-09-18 07:10:00+00:00,2589.5,2592.5,2586.89990234375,2591.800048828125,15561
2025-09-18 07:15:00+00:00,2588.0,2592.199951171875,2588.0,2590.0,14356
2025-09-18 07:20:00+00:00,2589.39990234375,2591.39990234375,2588.0,2589.0,4944
2025-09-18 07:25:00+00:00,2587.800048828125,2590.800048828125,2587.5,2590.5,6023
2025-09-18 07:30:00+00:00,2586.0,2589.10009765625,2584.0,2588.10009765625,12391
2025-09-18 07:35:00+00:00,2584.10009765625,2588.199951171875,2583.10009765625,2585.699951171875,25385
2025-09-18 07:40:00+00:00,2586.5,2587.199951171875,2581.60009765625,2584.0,21861
2025-09-18 07:45:00+00:00,2585.89990234375,2587.10009765625,2583.300048828125,2586.5,5365
2025-09-18 07:50:00+00:00,2584.199951171875,2586.39990234375,2584.10009765625,2585.89990234375,6977
2025-09-18 07:55:00+00:00,2585.800048828125,2586.39990234375,2583.89990234375,2584.199951171875,19611
2025-09-18 08:00:00+00:00,2583.89990234375,2586.39990234375,2581.5,2585.800048828125,16600
2025-09-18 08:05:00+00:00,2584.10009765625,2584.10009765625,2580.39990234375,2584.0,11143
2025-09-18 08:10:00+00:00,2582.699951171875,2584.39990234375,2582.699951171875,2583.10009765625,7410
2025-09-18 08:15:00+00:00,2585.0,2587.10009765625,2582.5,2583.699951171875,22758
2025-09-18 08:20:00+00:00,2581.300048828125,2585.800048828125,2580.10009765625,2585.800048828125,15628
2025-09-18 08:25:00+00:00,2579.89990234375,2581.300048828125,2578.199951171875,2581.300048828125,15787
2025-09-18 08:30:00+00:00,2579.89990234375,2581.10009765625,2579.199951171875,2579.89990234375,8733
2025-09-18 08:35:00+00:00,2581.0,2582.800048828125,2579.10009765625,2579.699951171875,19973
2025-09-18 08:40:00+00:00,2580.0,2583.0,2579.300048828125,2581.0,32975
2025-09-18 08:45:00+00:00,2579.0,2580.0,2578.10009765625,2580.0,8061
2025-09-18 08:50:00+00:00,2579.5,2580.0,2577.699951171875,2579.60009765625,17372
2025-09-18 08:55:00+00:00,2579.10009765625,2580.89990234375,2577.0,2578.699951171875,17364
2025-09-18 09:00:00+00:00,2578.39990234375,2580.89990234375,2577.5,2579.89990234375,21769
2025-09-18 09:05:00+00:00,2580.0,2580.0,2577.199951171875,2578.5,21373
2025-09-18 09:10:00+00:00,2579.60009765625,2582.199951171875,2579.0,2579.89990234375,39553
2025-09-18 09:15:00+00:00,2582.60009765625,2582.60009765625,2577.0,2579.60009765625,40095
2025-09-18 09:20:00+00:00,2584.5,2586.39990234375,2581.0,2582.5,15097
2025-09-18 09:25:00+00:00,2584.89990234375,2587.0,2583.699951171875,2585.0,12316
2025-09-18 09:30:00+00:00,2588.89990234375,2588.89990234375,2582.800048828125,2585.0,87311
2025-09-18 09:35:00+00:00,2588.0,2590.89990234375,2585.199951171875,2588.800048828125,109317
2025-09-18 09:40:00+00:00,2587.60009765625,2590.0,2586.0,2588.0,66012
2025-09-18 09:45:00+00:00,2588.0,2589.0,2586.39990234375,2587.800048828125,62777
2025-09-18 09:50:00+00:00,2586.39990234375,2589.699951171875,2585.89990234375,2587.89990234375,54698
2025-09-18 09:55:00+00:00,2584.10009765625,2588.199951171875,2580.0,2586.39990234375,93510
2025-09-19 03:45:00+00:00,2599.0,2604.699951171875,2593.10009765625,2595.0,0
2025-09-19 03:50:00+00:00,2579.699951171875,2599.89990234375,2576.800048828125,2599.0,61118
2025-09-19 03:55:00+00:00,2582.5,2582.89990234375,2578.300048828125,2579.0,18658
2025-09-19 04:00:00+00:00,2581.60009765625,2583.0,2580.199951171875,2581.800048828125,19218
2025-09-19 04:05:00+00:00,2579.89990234375,2582.60009765625,2577.0,2581.5,15521
2025-09-19 04:10:00+00:00,2578.10009765625,2580.0,2577.199951171875,2578.89990234375,6553
2025-09-19 04:15:00+00:00,2578.89990234375,2579.800048828125,2577.39990234375,2577.60009765625,4290
2025-09-19 04:20:00+00:00,2578.89990234375,2581.300048828125,2578.800048828125,2578.89990234375,5021
2025-09-19 04:25:00+00:00,2572.800048828125,2579.60009765625,2571.5,2579.0,15817
2025-09-19 04:30:00+00:00,2572.5,2572.5,2570.0,2571.800048828125,11326
2025-09-19 04:35:00+00:00,2576.0,2577.0,2571.5,2571.5,4189
2025-09-19 04:40:00+00:00,2577.5,2577.60009765625,2575.89990234375,2576.0,5107
2025-09-19 04:45:00+00:00,2578.39990234375,2578.60009765625,2577.10009765625,2577.10009765625,3307
2025-09-19 04:50:00+00:00,2578.60009765625,2579.89990234375,2575.89990234375,2578.0,7136
2025-09-19 04:55:00+00:00,2579.39990234375,2579.5,2576.699951171875,2577.699951171875,5934
2025-09-19 05:00:00+00:00,2578.39990234375,2579.89990234375,2576.5,2579.5,8202
2025-09-19 05:05:00+00:00,2578.60009765625,2579.300048828125,2575.89990234375,2577.5,3106
2025-09-19 05:10:00+00:00,2577.0,2578.699951171875,2576.89990234375,2578.60009765625,3607
2025-09-19 05:15:00+00:00,2575.300048828125,2576.5,2574.0,2576.5,5193
2025-09-19 05:20:00+00:00,2574.800048828125,2577.89990234375,2574.39990234375,2575.89990234375,6050
2025-09-19 05:25:00+00:00,2576.699951171875,2577.199951171875,2574.800048828125,2575.199951171875,1879
2025-09-19 05:30:00+00:00,2575.39990234375,2577.0,2575.199951171875,2576.699951171875,2973
2025-09-19 05:35:00+00:00,2576.10009765625,2578.300048828125,2575.0,2575.699951171875,3881
2025-09-19 05:40:00+00:00,2576.89990234375,2578.300048828125,2576.10009765625,2576.10009765625,3638
2025-09-19 05:45:00+00:00,2577.699951171875,2579.0,2577.0,2577.0,2605
2025-09-19 05:50:00+00:00,2578.0,2578.39990234375,2576.699951171875,2577.699951171875,3598
2025-09-19 05:55:00+00:00,2577.699951171875,2578.89990234375,2577.5,2578.0,2801
2025-09-19 06:00:00+00:00,2577.89990234375,2578.60009765625,2576.800048828125,2578.0,4447
2025-09-19 06:05:00+00:00,2576.89990234375,2578.39990234375,2574.699951171875,2577.89990234375,5014
2025-09-19 06:10:00+00:00,2574.199951171875,2578.39990234375,2574.199951171875,2577.10009765625,6296
2025-09-19 06:15:00+00:00,2574.699951171875,2575.699951171875,2573.199951171875,2574.199951171875,13928
2025-09-19 06:20:00+00:00,2573.0,2574.89990234375,2571.60009765625,2574.0,11628
2025-09-19 06:25:00+00:00,2569.5,2572.0,2569.199951171875,2572.0,15746
2025-09-19 06:30:00+00:00,2565.699951171875,2569.60009765625,2565.0,2569.5,18465
2025-09-19 06:35:00+00:00,2564.800048828125,2566.10009765625,2564.10009765625,2565.5,12360
2025-09-19 06:40:00+00:00,2566.0,2566.5,2564.199951171875,2564.89990234375,8492
2025-09-19 06:45:00+00:00,2564.800048828125,2566.300048828125,2564.300048828125,2564.60009765625,16340
2025-09-19 06:50:00+00:00,2567.89990234375,2569.39990234375,2564.800048828125,2564.89990234375,16500
2025-09-19 06:55:00+00:00,2570.0,2570.0,2567.699951171875,2567.699951171875,7508
2025-09-19 07:00:00+00:00,2569.699951171875,2570.0,2569.0,2569.5,3651
2025-09-19 07:05:00+00:00,2570.0,2570.0,2568.60009765625,2570.0,13033
2025-09-19 07:10:00+00:00,2570.0,2570.0,2569.39990234375,2569.89990234375,3314
2025-09-19 07:15:00+00:00,2567.39990234375,2570.0,2567.300048828125,2570.0,7515
2025-09-19 07:20:00+00:00,2567.300048828125,2569.0,2565.0,2568.0,10369
2025-09-19 07:25:00+00:00,2568.800048828125,2569.0,2567.0,2567.10009765625,2281
2025-09-19 07:30:00+00:00,2568.89990234375,2569.0,2567.39990234375,2568.60009765625,6601
2025-09-19 07:35:00+00:00,2568.0,2570.5,2567.89990234375,2568.39990234375,29703
2025-09-19 07:40:00+00:00,2568.0,2568.5,2567.89990234375,2568.0,13448
2025-09-19 07:45:00+00:00,2568.0,2568.5,2567.89990234375,2568.199951171875,6685
2025-09-19 07:50:00+00:00,2567.39990234375,2568.199951171875,2567.39990234375,2568.0,8103
2025-09-19 07:55:00+00:00,2567.5,2567.5,2566.800048828125,2567.5,9271
2025-09-19 08:00:00+00:00,2566.39990234375,2567.5,2566.300048828125,2567.5,7960
2025-09-19 08:05:00+00:00,2564.699951171875,2567.5,2564.10009765625,2566.5,14063
2025-09-19 08:10:00+00:00,2565.0,2565.800048828125,2564.800048828125,2564.89990234375,15315
2025-09-19 08:15:00+00:00,2565.5,2566.0,2564.60009765625,2565.300048828125,6080
2025-09-19 08:20:00+00:00,2567.89990234375,2568.800048828125,2564.800048828125,2565.0,40803
2025-09-19 08:25:00+00:00,2567.10009765625,2568.0,2567.0,2568.0,5258
2025-09-19 08:30:00+00:00,2568.0,2569.199951171875,2566.800048828125,2567.10009765625,17363
2025-09-19 08:35:00+00:00,2566.699951171875,2568.0,2565.89990234375,2567.300048828125,17476
2025-09-19 08:40:00+00:00,2567.39990234375,2568.699951171875,2566.800048828125,2566.800048828125,25662
2025-09-19 08:45:00+00:00,2567.199951171875,2568.699951171875,2567.199951171875,2567.39990234375,18193
2025-09-19 08:50:00+00:00,2564.5,2567.199951171875,2564.10009765625,2567.199951171875,12084
2025-09-19 08:55:00+00:00,2564.800048828125,2565.0,2564.0,2564.60009765625,13536
2025-09-19 09:00:00+00:00,2564.699951171875,2565.300048828125,2562.800048828125,2565.0,31744
2025-09-19 09:05:00+00:00,2565.39990234375,2565.39990234375,2563.0,2564.699951171875,14000
2025-09-19 09:10:00+00:00,2564.199951171875,2565.199951171875,2563.699951171875,2564.699951171875,21730
2025-09-19 09:15:00+00:00,2563.89990234375,2564.10009765625,2563.89990234375,2564.10009765625,13913
2025-09-19 09:20:00+00:00,2566.0,2566.60009765625,2563.0,2563.89990234375,29054
2025-09-19 09:25:00+00:00,2566.89990234375,2567.60009765625,2565.5,2566.300048828125,22797
2025-09-19 09:30:00+00:00,2560.0,2569.199951171875,2559.300048828125,2569.199951171875,218354
2025-09-19 09:35:00+00:00,2558.699951171875,2560.39990234375,2558.300048828125,2560.199951171875,179207
2025-09-19 09:40:00+00:00,2556.60009765625,2559.5,2555.5,2558.60009765625,236164
2025-09-19 09:45:00+00:00,2557.89990234375,2558.39990234375,2555.699951171875,2556.300048828125,183482
2025-09-19 09:50:00+00:00,2560.300048828125,2561.39990234375,2556.699951171875,2558.0,238624
2025-09-19 09:55:00+00:00,2559.60009765625,2567.0,2559.0,2559.199951171875,164217
2025-09-22 03:45:00+00:00,2569.800048828125,2573.89990234375,2566.5,2568.5,0
2025-09-22 03:50:00+00:00,2568.5,2569.5,2564.199951171875,2567.300048828125,31353
2025-09-22 03:55:00+00:00,2567.199951171875,2569.300048828125,2564.60009765625,2568.5,12633
2025-09-22 04:00:00+00:00,2568.300048828125,2568.300048828125,2564.699951171875,2567.699951171875,9042
2025-09-22 04:05:00+00:00,2569.10009765625,2571.0,2567.0,2568.800048828125,8584
2025-09-22 04:10:00+00:00,2569.0,2570.39990234375,2568.10009765625,2569.199951171875,6703
2025-09-22 04:15:00+00:00,2568.89990234375,2570.0,2568.0,2568.39990234375,7401
2025-09-22 04:20:00+00:00,2564.89990234375,2568.699951171875,2560.199951171875,2567.89990234375,16349
2025-09-22 04:25:00+00:00,2568.800048828125,2569.89990234375,2565.0,2565.0,6138
2025-09-22 04:30:00+00:00,2571.199951171875,2571.300048828125,2568.39990234375,2568.800048828125,10093
2025-09-22 04:35:00+00:00,2572.10009765625,2572.199951171875,2569.800048828125,2571.0,5996
2025-09-22 04:40:00+00:00,2573.800048828125,2574.89990234375,2571.10009765625,2572.10009765625,9151
2025-09-22 04:45:00+00:00,2573.800048828125,2574.699951171875,2573.0,2573.199951171875,5166
2025-09-22 04:50:00+00:00,2572.89990234375,2573.800048828125,2571.300048828125,2572.39990234375,13710
2025-09-22 04:55:00+00:00,2572.39990234375,2572.89990234375,2570.89990234375,2572.60009765625,3534
2025-09-22 05:00:00+00:00,2572.89990234375,2572.89990234375,2570.0,2572.5,5013
2025-09-22 05:05:00+00:00,2574.89990234375,2574.89990234375,2572.800048828125,2572.89990234375,4671
2025-09-22 05:10:00+00:00,2575.5,2575.5,2574.800048828125,2574.89990234375,4525
2025-09-22 05:15:00+00:00,2572.199951171875,2575.5,2572.0,2575.39990234375,4810
2025-09-22 05:20:00+00:00,2575.10009765625,2575.10009765625,2572.60009765625,2572.60009765625,7735
2025-09-22 05:25:00+00:00,2573.60009765625,2575.89990234375,2572.89990234375,2574.89990234375,6107
2025-09-22 05:30:00+00:00,2574.10009765625,2574.300048828125,2572.5,2573.60009765625,4150
2025-09-22 05:35:00+00:00,2574.10009765625,2574.300048828125,2572.10009765625,2574.10009765625,6309
2025-09-22 05:40:00+00:00,2574.0,2574.60009765625,2572.800048828125,2574.10009765625,4361
2025-09-22 05:45:00+00:00,2574.39990234375,2575.0,2573.699951171875,2574.60009765625,4987
2025-09-22 05:50:00+00:00,2574.699951171875,2574.800048828125,2571.800048828125,2573.699951171875,4666
2025-09-22 05:55:00+00:00,2575.0,2575.0,2573.300048828125,2574.60009765625,3162
2025-09-22 06:00:00+00:00,2574.699951171875,2575.5,2574.300048828125,2574.89990234375,5227
2025-09-22 06:05:00+00:00,2577.89990234375,2577.89990234375,2574.199951171875,2575.0,6743
2025-09-22 06:10:00+00:00,2578.5,2579.89990234375,2577.89990234375,2577.89990234375,7029
2025-09-22 06:15:00+00:00,2578.699951171875,2579.0,2577.199951171875,2577.800048828125,11420
2025-09-22 06:20:00+00:00,2578.800048828125,2579.0,2577.39990234375,2578.699951171875,21138
2025-09-22 06:25:00+00:00,2577.60009765625,2579.800048828125,2577.60009765625,2578.60009765625,10455
2025-09-22 06:30:00+00:00,2575.699951171875,2578.800048828125,2575.60009765625,2577.60009765625,14468
2025-09-22 06:35:00+00:00,2575.300048828125,2576.39990234375,2573.89990234375,2575.89990234375,4195
2025-09-22 06:40:00+00:00,2577.10009765625,2577.5,2574.800048828125,2575.300048828125,4912
2025-09-22 06:45:00+00:00,2581.0,2581.0,2576.39990234375,2577.10009765625,11427
2025-09-22 06:50:00+00:00,2579.0,2583.60009765625,2578.0,2580.800048828125,36925
2025-09-22 06:55:00+00:00,2582.60009765625,2583.39990234375,2578.89990234375,2579.0,15584
2025-09-22 07:00:00+00:00,2587.0,2587.0,2581.699951171875,2582.39990234375,20655
2025-09-22 07:05:00+00:00,2586.5,2587.199951171875,2584.10009765625,2586.699951171875,14449
2025-09-22 07:10:00+00:00,2584.60009765625,2586.5,2584.0,2586.5,9166
2025-09-22 07:15:00+00:00,2585.300048828125,2586.5,2584.39990234375,2585.39990234375,10936
2025-09-22 07:20:00+00:00,2585.0,2585.800048828125,2583.699951171875,2585.199951171875,10389
2025-09-22 07:25:00+00:00,2585.60009765625,2585.89990234375,2584.199951171875,2585.0,11367
2025-09-22 07:30:00+00:00,2585.5,2586.10009765625,2583.800048828125,2585.39990234375,5690
2025-09-22 07:35:00+00:00,2585.0,2586.0,2585.0,2585.60009765625,10981
2025-09-22 07:40:00+00:00,2583.0,2586.0,2582.800048828125,2585.10009765625,17068
2025-09-22 07:45:00+00:00,2578.699951171875,2584.39990234375,2577.199951171875,2584.39990234375,44295
2025-09-22 07:50:00+00:00,2577.0,2579.800048828125,2575.800048828125,2578.800048828125,22029
2025-09-22 07:55:00+00:00,2579.199951171875,2579.89990234375,2577.0,2577.699951171875,23355
2025-09-22 08:00:00+00:00,2579.300048828125,2580.199951171875,2576.699951171875,2579.199951171875,27832
2025-09-22 08:05:00+00:00,2575.89990234375,2578.89990234375,2575.89990234375,2578.5,14929
2025-09-22 08:10:00+00:00,2574.0,2577.10009765625,2574.0,2576.0,12896
2025-09-22 08:15:00+00:00,2574.800048828125,2576.0,2573.0,2573.89990234375,11964
2025-09-22 08:20:00+00:00,2575.0,2575.0,2573.39990234375,2573.39990234375,13667
2025-09-22 08:25:00+00:00,2571.800048828125,2575.0,2571.0,2575.0,14999
2025-09-22 08:30:00+00:00,2568.199951171875,2572.60009765625,2567.60009765625,2571.800048828125,15389
2025-09-22 08:35:00+00:00,2571.39990234375,2573.10009765625,2568.199951171875,2569.60009765625,30746
2025-09-22 08:40:00+00:00,2573.800048828125,2573.800048828125,2571.199951171875,2572.10009765625,9300
2025-09-22 08:45:00+00:00,2573.39990234375,2577.300048828125,2571.199951171875,2572.800048828125,34176
2025-09-22 08:50:00+00:00,2573.0,2574.10009765625,2572.0,2573.39990234375,8549
2025-09-22 08:55:00+00:00,2572.5,2573.0,2571.5,2573.0,11527
2025-09-22 09:00:00+00:00,2571.800048828125,2573.0,2571.39990234375,2572.5,15784
2025-09-22 09:05:00+00:00,2576.0,2576.0,2570.89990234375,2571.699951171875,10796
2025-09-22 09:10:00+00:00,2573.89990234375,2577.0,2573.0,2575.800048828125,39094
2025-09-22 09:15:00+00:00,2571.39990234375,2573.89990234375,2568.39990234375,2573.60009765625,44035
2025-09-22 09:20:00+00:00,2571.199951171875,2573.10009765625,2569.800048828125,2571.60009765625,11296
2025-09-22 09:25:00+00:00,2571.300048828125,2571.5,2569.0,2571.5,27922
2025-09-22 09:30:00+00:00,2574.5,2574.699951171875,2570.199951171875,2571.39990234375,39466
2025-09-22 09:35:00+00:00,2572.300048828125,2574.89990234375,2571.300048828125,2574.60009765625,27208
2025-09-22 09:40:00+00:00,2571.199951171875,2574.199951171875,2570.199951171875,2572.89990234375,34934
2025-09-22 09:45:00+00:00,2572.699951171875,2573.89990234375,2570.5,2571.0,37618
2025-09-22 09:50:00+00:00,2572.0,2573.5,2571.10009765625,2572.699951171875,22348
2025-09-22 09:55:00+00:00,2572.199951171875,2573.800048828125,2568.5,2571.60009765625,44279
2025-09-23 03:45:00+00:00,2568.800048828125,2575.10009765625,2567.699951171875,2570.89990234375,0
2025-09-23 03:50:00+00:00,2566.0,2572.10009765625,2565.10009765625,2568.800048828125,7643
2025-09-23 03:55:00+00:00,2564.0,2568.89990234375,2563.89990234375,2566.0,8923
2025-09-23 04:00:00+00:00,2563.699951171875,2563.89990234375,2562.0,2563.5,14272
2025-09-23 04:05:00+00:00,2562.199951171875,2565.5,2560.300048828125,2565.0,6309
2025-09-23 04:10:00+00:00,2556.5,2561.199951171875,2556.10009765625,2560.5,10217
2025-09-23 04:15:00+00:00,2554.89990234375,2556.800048828125,2554.10009765625,2556.800048828125,11726
2025-09-23 04:20:00+00:00,2558.0,2559.0,2555.0,2555.0,7286
2025-09-23 04:25:00+00:00,2561.10009765625,2561.800048828125,2557.300048828125,2558.300048828125,3881
2025-09-23 04:30:00+00:00,2559.0,2562.5,2558.60009765625,2561.60009765625,3158
2025-09-23 04:35:00+00:00,2560.89990234375,2560.89990234375,2557.0,2559.0,4585
2025-09-23 04:40:00+00:00,2556.300048828125,2561.699951171875,2556.0,2561.10009765625,4468
2025-09-23 04:45:00+00:00,2551.300048828125,2556.300048828125,2551.300048828125,2556.300048828125,7881
2025-09-23 04:50:00+00:00,2547.5,2552.0,2544.5,2552.0,14675
2025-09-23 04:55:00+00:00,2548.699951171875,2550.800048828125,2546.39990234375,2547.39990234375,6533
2025-09-23 05:00:00+00:00,2547.0,2550.5,2545.199951171875,2548.699951171875,8030
2025-09-23 05:05:00+00:00,2548.800048828125,2548.800048828125,2545.199951171875,2545.5,6588
2025-09-23 05:10:00+00:00,2544.199951171875,2548.300048828125,2544.199951171875,2547.5,5651
2025-09-23 05:15:00+00:00,2540.699951171875,2544.0,2540.10009765625,2544.0,15756
2025-09-23 05:20:00+00:00,2538.199951171875,2540.89990234375,2538.0,2540.800048828125,10682
2025-09-23 05:25:00+00:00,2539.60009765625,2541.0,2538.0,2538.199951171875,7077
2025-09-23 05:30:00+00:00,2535.60009765625,2539.89990234375,2535.0,2539.699951171875,17087
2025-09-23 05:35:00+00:00,2536.10009765625,2536.60009765625,2533.300048828125,2535.5,19584
2025-09-23 05:40:00+00:00,2535.60009765625,2537.199951171875,2533.5,2536.10009765625,15345
2025-09-23 05:45:00+00:00,2536.10009765625,2536.89990234375,2532.199951171875,2535.800048828125,22655
2025-09-23 05:50:00+00:00,2535.89990234375,2537.699951171875,2535.0,2535.10009765625,9927
2025-09-23 05:55:00+00:00,2532.800048828125,2536.699951171875,2532.800048828125,2536.10009765625,7494
2025-09-23 06:00:00+00:00,2536.5,2536.800048828125,2531.800048828125,2533.0,8018
2025-09-23 06:05:00+00:00,2535.199951171875,2537.699951171875,2533.699951171875,2536.699951171875,10506
2025-09-23 06:10:00+00:00,2539.0,2540.699951171875,2534.199951171875,2536.0,15885
2025-09-23 06:15:00+00:00,2540.89990234375,2541.800048828125,2537.10009765625,2539.0,16629
2025-09-23 06:20:00+00:00,2541.699951171875,2543.199951171875,2540.39990234375,2541.199951171875,8627
2025-09-23 06:25:00+00:00,2538.5,2541.699951171875,2538.300048828125,2541.699951171875,12655
2025-09-23 06:30:00+00:00,2539.199951171875,2539.800048828125,2535.199951171875,2539.0,9743
2025-09-23 06:35:00+00:00,2541.0,2543.39990234375,2539.199951171875,2539.199951171875,9394
2025-09-23 06:40:00+00:00,2543.699951171875,2544.0,2540.39990234375,2540.89990234375,5738
2025-09-23 06:45:00+00:00,2540.800048828125,2545.0,2540.800048828125,2543.699951171875,16625
2025-09-23 06:50:00+00:00,2538.89990234375,2541.199951171875,2538.39990234375,2540.60009765625,7920
2025-09-23 06:55:00+00:00,2539.0,2540.800048828125,2537.199951171875,2538.89990234375,9340
2025-09-23 07:00:00+00:00,2542.800048828125,2544.10009765625,2540.0,2540.0,11879
2025-09-23 07:05:00+00:00,2546.39990234375,2547.199951171875,2542.0,2542.800048828125,33878
2025-09-23 07:10:00+00:00,2540.0,2546.39990234375,2539.300048828125,2545.699951171875,13475
2025-09-23 07:15:00+00:00,2540.300048828125,2544.800048828125,2539.89990234375,2541.39990234375,18535
2025-09-23 07:20:00+00:00,2539.300048828125,2541.300048828125,2538.0,2540.300048828125,26505
2025-09-23 07:25:00+00:00,2536.699951171875,2540.10009765625,2536.10009765625,2539.5,15030
2025-09-23 07:30:00+00:00,2538.300048828125,2539.800048828125,2535.60009765625,2535.699951171875,24187
2025-09-23 07:35:00+00:00,2535.60009765625,2538.800048828125,2534.199951171875,2537.699951171875,13176
2025-09-23 07:40:00+00:00,2535.5,2537.10009765625,2534.300048828125,2535.60009765625,14410
2025-09-23 07:45:00+00:00,2533.800048828125,2535.5,2533.800048828125,2535.10009765625,12763
2025-09-23 07:50:00+00:00,2535.39990234375,2535.5,2532.89990234375,2533.800048828125,21580
2025-09-23 07:55:00+00:00,2537.5,2538.89990234375,2534.39990234375,2534.39990234375,30876
2025-09-23 08:00:00+00:00,2534.10009765625,2539.199951171875,2534.10009765625,2536.89990234375,19615
2025-09-23 08:05:00+00:00,2530.10009765625,2535.39990234375,2530.0,2535.39990234375,14458
2025-09-23 08:10:00+00:00,2529.699951171875,2531.60009765625,2528.5,2530.0,22934
2025-09-23 08:15:00+00:00,2530.60009765625,2531.5,2528.60009765625,2530.0,15813
2025-09-23 08:20:00+00:00,2531.10009765625,2533.0,2530.0,2530.60009765625,27367
2025-09-23 08:25:00+00:00,2530.0,2532.0,2529.199951171875,2531.10009765625,10401
2025-09-23 08:30:00+00:00,2529.89990234375,2531.10009765625,2529.800048828125,2530.0,24702
2025-09-23 08:35:00+00:00,2529.800048828125,2531.10009765625,2529.0,2530.0,23516
2025-09-23 08:40:00+00:00,2526.0,2530.0,2525.300048828125,2530.0,24387
2025-09-23 08:45:00+00:00,2525.60009765625,2527.699951171875,2523.5,2526.0,18766
2025-09-23 08:50:00+00:00,2525.0,2527.0,2523.5,2525.60009765625,19573
2025-09-23 08:55:00+00:00,2525.0,2526.800048828125,2524.39990234375,2524.89990234375,22712
2025-09-23 09:00:00+00:00,2523.89990234375,2525.0,2523.199951171875,2525.0,12883
2025-09-23 09:05:00+00:00,2523.300048828125,2525.0,2522.39990234375,2523.5,23410
2025-09-23 09:10:00+00:00,2523.39990234375,2523.89990234375,2523.0,2523.39990234375,10074
2025-09-23 09:15:00+00:00,2520.89990234375,2524.5,2520.300048828125,2524.5,52418
2025-09-23 09:20:00+00:00,2524.300048828125,2524.5,2520.699951171875,2520.699951171875,27272
2025-09-23 09:25:00+00:00,2525.0,2527.699951171875,2522.0,2523.199951171875,66533
2025-09-23 09:30:00+00:00,2524.800048828125,2525.60009765625,2523.699951171875,2524.89990234375,60234
2025-09-23 09:35:00+00:00,2522.800048828125,2525.39990234375,2522.199951171875,2524.800048828125,44059
2025-09-23 09:40:00+00:00,2521.89990234375,2523.800048828125,2521.0,2522.800048828125,70149
2025-09-23 09:45:00+00:00,2522.60009765625,2523.5,2521.60009765625,2522.0,48813
2025-09-23 09:50:00+00:00,2520.0,2522.699951171875,2519.39990234375,2522.699951171875,55683
2025-09-23 09:55:00+00:00,2522.199951171875,2524.89990234375,2518.199951171875,2519.5,65384
2025-09-24 03:45:00+00:00,2520.300048828125,2526.39990234375,2511.39990234375,2524.89990234375,0
2025-09-24 03:50:00+00:00,2518.199951171875,2520.10009765625,2515.300048828125,2518.800048828125,10475
2025-09-24 03:55:00+00:00,2518.60009765625,2519.699951171875,2514.5,2518.199951171875,9727
2025-09-24 04:00:00+00:00,2517.0,2519.300048828125,2516.10009765625,2518.10009765625,6642
2025-09-24 04:05:00+00:00,2520.0,2520.0,2515.5,2515.5,6563
2025-09-24 04:10:00+00:00,2526.199951171875,2529.800048828125,2519.0,2519.699951171875,15436
2025-09-24 04:15:00+00:00,2530.60009765625,2531.800048828125,2525.800048828125,2525.800048828125,13040
2025-09-24 04:20:00+00:00,2531.0,2535.5,2530.5,2530.5,12283
2025-09-24 04:25:00+00:00,2529.699951171875,2532.199951171875,2528.0,2530.800048828125,7460
2025-09-24 04:30:00+00:00,2531.0,2532.300048828125,2528.800048828125,2529.60009765625,6060
2025-09-24 04:35:00+00:00,2526.39990234375,2532.5,2526.0,2531.0,20072
2025-09-24 04:40:00+00:00,2530.60009765625,2530.60009765625,2525.10009765625,2527.0,12034
2025-09-24 04:45:00+00:00,2541.0,2541.0,2531.0,2531.0,60831
2025-09-24 04:50:00+00:00,2540.5,2549.39990234375,2539.5,2541.0,104076
2025-09-24 04:55:00+00:00,2539.199951171875,2542.0,2538.800048828125,2540.60009765625,7615
2025-09-24 05:00:00+00:00,2538.10009765625,2542.39990234375,2537.0,2539.10009765625,11241
2025-09-24 05:05:00+00:00,2539.89990234375,2541.0,2535.89990234375,2538.10009765625,9255
2025-09-24 05:10:00+00:00,2539.5,2542.199951171875,2538.800048828125,2539.199951171875,9324
2025-09-24 05:15:00+00:00,2542.199951171875,2542.60009765625,2539.300048828125,2540.0,13159
2025-09-24 05:20:00+00:00,2540.0,2542.199951171875,2538.39990234375,2542.199951171875,8558
2025-09-24 05:25:00+00:00,2539.300048828125,2541.0,2537.39990234375,2540.0,6500
2025-09-24 05:30:00+00:00,2539.5,2539.699951171875,2536.0,2539.60009765625,13227
2025-09-24 05:35:00+00:00,2537.0,2541.699951171875,2535.89990234375,2539.5,10291
2025-09-24 05:40:00+00:00,2537.89990234375,2538.199951171875,2533.5,2536.199951171875,13744
2025-09-24 05:45:00+00:00,2545.0,2545.0,2537.89990234375,2537.89990234375,9364
2025-09-24 05:50:00+00:00,2540.800048828125,2545.0,2538.60009765625,2545.0,19446
2025-09-24 05:55:00+00:00,2542.199951171875,2543.39990234375,2540.10009765625,2541.800048828125,4927
2025-09-24 06:00:00+00:00,2542.699951171875,2543.699951171875,2539.699951171875,2542.39990234375,5622
2025-09-24 06:05:00+00:00,2543.800048828125,2545.60009765625,2541.89990234375,2542.699951171875,14328
2025-09-24 06:10:00+00:00,2545.0,2545.89990234375,2543.10009765625,2544.60009765625,7585
2025-09-24 06:15:00+00:00,2547.0,2548.300048828125,2545.0,2545.0,14991
2025-09-24 06:20:00+00:00,2552.300048828125,2552.5,2545.300048828125,2547.60009765625,23375
2025-09-24 06:25:00+00:00,2553.10009765625,2555.0,2551.0,2551.699951171875,19814
2025-09-24 06:30:00+00:00,2560.800048828125,2562.0,2553.199951171875,2553.199951171875,67811
2025-09-24 06:35:00+00:00,2569.0,2569.60009765625,2560.0,2560.5,96584
2025-09-24 06:40:00+00:00,2566.0,2569.0,2564.0,2569.0,28723
2025-09-24 06:45:00+00:00,2572.800048828125,2574.5,2566.0,2566.0,44059
2025-09-24 06:50:00+00:00,2573.89990234375,2574.0,2569.0,2572.60009765625,25336
2025-09-24 06:55:00+00:00,2570.0,2575.0,2569.0,2573.89990234375,24054
2025-09-24 07:00:00+00:00,2567.60009765625,2570.0,2565.39990234375,2570.0,14327
2025-09-24 07:05:00+00:00,2568.89990234375,2570.0,2566.5,2567.699951171875,22526
2025-09-24 07:10:00+00:00,2568.89990234375,2570.0,2567.60009765625,2568.89990234375,14923
2025-09-24 07:15:00+00:00,2571.300048828125,2571.300048828125,2568.0,2568.800048828125,22045
2025-09-24 07:20:00+00:00,2574.5,2575.0,2570.60009765625,2571.300048828125,28095
2025-09-24 07:25:00+00:00,2574.10009765625,2575.89990234375,2572.699951171875,2574.60009765625,25761
2025-09-24 07:30:00+00:00,2575.0,2575.699951171875,2573.39990234375,2574.39990234375,12542
2025-09-24 07:35:00+00:00,2568.89990234375,2575.10009765625,2568.5,2575.0,15340
2025-09-24 07:40:00+00:00,2572.39990234375,2573.0,2569.0,2569.0,15159
2025-09-24 07:45:00+00:00,2573.0,2574.39990234375,2570.5,2572.39990234375,22364
2025-09-24 07:50:00+00:00,2572.10009765625,2573.60009765625,2571.0,2573.199951171875,14359
2025-09-24 07:55:00+00:00,2571.89990234375,2573.60009765625,2570.89990234375,2571.89990234375,15543
2025-09-24 08:00:00+00:00,2573.0,2573.300048828125,2571.800048828125,2571.800048828125,14488
2025-09-24 08:05:00+00:00,2575.0,2575.89990234375,2571.800048828125,2572.199951171875,27223
2025-09-24 08:10:00+00:00,2574.300048828125,2575.5,2574.0,2575.0,13296
2025-09-24 08:15:00+00:00,2572.199951171875,2575.5,2571.60009765625,2574.300048828125,17031
2025-09-24 08:20:00+00:00,2570.0,2575.0,2569.89990234375,2572.89990234375,22236
2025-09-24 08:25:00+00:00,2570.0,2571.0,2566.699951171875,2570.60009765625,21628
2025-09-24 08:30:00+00:00,2568.699951171875,2571.0,2568.60009765625,2570.0,16768
2025-09-24 08:35:00+00:00,2566.699951171875,2569.199951171875,2566.699951171875,2568.199951171875,14530
2025-09-24 08:40:00+00:00,2566.89990234375,2568.199951171875,2566.0,2566.5,26119
2025-09-24 08:45:00+00:00,2566.0,2567.10009765625,2565.800048828125,2566.60009765625,12104
2025-09-24 08:50:00+00:00,2563.0,2566.5,2563.0,2566.300048828125,50410
2025-09-24 08:55:00+00:00,2560.699951171875,2563.800048828125,2560.300048828125,2563.5,34556
2025-09-24 09:00:00+00:00,2559.199951171875,2562.0,2558.0,2561.0,19484
2025-09-24 09:05:00+00:00,2559.0,2561.5,2558.89990234375,2560.0,13416
2025-09-24 09:10:00+00:00,2556.89990234375,2559.699951171875,2552.10009765625,2559.699951171875,40029
2025-09-24 09:15:00+00:00,2553.10009765625,2556.89990234375,2553.10009765625,2556.89990234375,30708
2025-09-24 09:20:00+00:00,2550.199951171875,2554.10009765625,2550.199951171875,2553.10009765625,22313
2025-09-24 09:25:00+00:00,2550.800048828125,2551.10009765625,2549.60009765625,2551.0,51311
2025-09-24 09:30:00+00:00,2551.60009765625,2553.199951171875,2549.5,2551.10009765625,76793
2025-09-24 09:35:00+00:00,2548.300048828125,2551.699951171875,2547.699951171875,2551.300048828125,63589
2025-09-24 09:40:00+00:00,2548.39990234375,2548.39990234375,2545.10009765625,2548.10009765625,104816
2025-09-24 09:45:00+00:00,2550.89990234375,2551.10009765625,2548.800048828125,2548.800048828125,37746
2025-09-24 09:50:00+00:00,2550.0,2550.89990234375,2549.199951171875,2550.60009765625,65098
2025-09-24 09:55:00+00:00,2549.5,2556.89990234375,2549.5,2550.60009765625,36225
2025-09-25 03:45:00+00:00,2560.39990234375,2567.5,2546.300048828125,2546.300048828125,0
2025-09-25 03:50:00+00:00,2559.60009765625,2563.300048828125,2555.0,2560.699951171875,13217
2025-09-25 03:55:00+00:00,2550.39990234375,2560.5,2550.39990234375,2560.0,15857
2025-09-25 04:00:00+00:00,2553.5,2555.0,2550.800048828125,2551.699951171875,15806
2025-09-25 04:05:00+00:00,2555.699951171875,2555.800048828125,2552.39990234375,2554.10009765625,7072
2025-09-25 04:10:00+00:00,2558.800048828125,2560.5,2557.0,2557.39990234375,10556
2025-09-25 04:15:00+00:00,2558.800048828125,2559.199951171875,2554.0,2557.60009765625,14491
2025-09-25 04:20:00+00:00,2556.5,2559.5,2554.5,2558.89990234375,7559
2025-09-25 04:25:00+00:00,2555.60009765625,2557.300048828125,2553.60009765625,2556.5,7238
2025-09-25 04:30:00+00:00,2555.800048828125,2556.300048828125,2548.60009765625,2554.699951171875,80154
2025-09-25 04:35:00+00:00,2555.0,2557.39990234375,2552.89990234375,2555.60009765625,10644
2025-09-25 04:40:00+00:00,2554.60009765625,2556.699951171875,2554.0,2555.5,7283
2025-09-25 04:45:00+00:00,2555.300048828125,2557.300048828125,2553.10009765625,2554.0,12682
2025-09-25 04:50:00+00:00,2555.89990234375,2558.10009765625,2555.0,2555.300048828125,6984
2025-09-25 04:55:00+00:00,2556.300048828125,2557.699951171875,2555.0,2555.89990234375,9393
2025-09-25 05:00:00+00:00,2557.699951171875,2559.800048828125,2555.89990234375,2556.300048828125,7991
2025-09-25 05:05:00+00:00,2554.300048828125,2557.5,2553.0,2557.5,13012
2025-09-25 05:10:00+00:00,2554.300048828125,2555.699951171875,2553.0,2554.5,21327
2025-09-25 05:15:00+00:00,2551.0,2554.300048828125,2549.5,2554.300048828125,17079
2025-09-25 05:20:00+00:00,2552.800048828125,2554.5,2550.60009765625,2551.10009765625,5901
2025-09-25 05:25:00+00:00,2552.60009765625,2553.60009765625,2551.10009765625,2552.800048828125,13002
2025-09-25 05:30:00+00:00,2551.10009765625,2553.699951171875,2549.89990234375,2553.0,10240
2025-09-25 05:35:00+00:00,2552.699951171875,2553.0,2549.0,2550.10009765625,33691
2025-09-25 05:40:00+00:00,2552.300048828125,2555.5,2552.300048828125,2553.0,7605
2025-09-25 05:45:00+00:00,2552.10009765625,2553.39990234375,2550.699951171875,2552.39990234375,5970
2025-09-25 05:50:00+00:00,2551.0,2553.39990234375,2550.0,2552.10009765625,7458
2025-09-25 05:55:00+00:00,2553.800048828125,2554.39990234375,2549.300048828125,2550.5,13730
2025-09-25 06:00:00+00:00,2551.800048828125,2553.60009765625,2550.0,2553.60009765625,7513
2025-09-25 06:05:00+00:00,2552.89990234375,2553.300048828125,2551.300048828125,2552.0,6150
2025-09-25 06:10:00+00:00,2550.199951171875,2552.199951171875,2549.60009765625,2552.199951171875,9032
2025-09-25 06:15:00+00:00,2552.300048828125,2552.60009765625,2549.39990234375,2550.5,11417
2025-09-25 06:20:00+00:00,2552.0,2552.5,2550.0,2552.300048828125,9282
2025-09-25 06:25:00+00:00,2550.0,2552.0,2550.0,2552.0,10900
2025-09-25 06:30:00+00:00,2550.0,2551.199951171875,2549.0,2550.5,11901
2025-09-25 06:35:00+00:00,2547.300048828125,2550.0,2545.199951171875,2549.60009765625,44866
2025-09-25 06:40:00+00:00,2547.0,2548.800048828125,2545.300048828125,2547.300048828125,18356
2025-09-25 06:45:00+00:00,2547.60009765625,2547.60009765625,2545.39990234375,2546.199951171875,8811
2025-09-25 06:50:00+00:00,2547.199951171875,2548.60009765625,2546.10009765625,2547.5,7015
2025-09-25 06:55:00+00:00,2548.5,2548.5,2546.699951171875,2547.10009765625,7514
2025-09-25 07:00:00+00:00,2545.699951171875,2548.39990234375,2545.10009765625,2547.89990234375,16663
2025-09-25 07:05:00+00:00,2545.39990234375,2545.60009765625,2543.39990234375,2545.60009765625,8680
2025-09-25 07:10:00+00:00,2544.300048828125,2545.5,2544.0,2545.39990234375,25418
2025-09-25 07:15:00+00:00,2547.0,2547.39990234375,2544.0,2544.300048828125,13124
2025-09-25 07:20:00+00:00,2546.199951171875,2547.39990234375,2545.699951171875,2547.0,8750
2025-09-25 07:25:00+00:00,2551.5,2552.0,2546.199951171875,2546.199951171875,19270
2025-09-25 07:30:00+00:00,2554.199951171875,2554.5,2551.5,2551.5,9852
2025-09-25 07:35:00+00:00,2550.0,2554.5,2548.60009765625,2554.199951171875,40716
2025-09-25 07:40:00+00:00,2548.0,2550.60009765625,2548.0,2549.5,11682
2025-09-25 07:45:00+00:00,2549.39990234375,2549.699951171875,2545.699951171875,2548.199951171875,8393
2025-09-25 07:50:00+00:00,2543.10009765625,2549.699951171875,2542.800048828125,2549.699951171875,13458
2025-09-25 07:55:00+00:00,2541.60009765625,2544.0,2541.60009765625,2543.0,8208
2025-09-25 08:00:00+00:00,2543.39990234375,2544.0,2540.5,2541.60009765625,12712
2025-09-25 08:05:00+00:00,2543.0,2543.699951171875,2541.800048828125,2543.39990234375,9346
2025-09-25 08:10:00+00:00,2544.199951171875,2545.199951171875,2542.60009765625,2543.0,7399
2025-09-25 08:15:00+00:00,2543.699951171875,2544.699951171875,2542.60009765625,2544.199951171875,8606
2025-09-25 08:20:00+00:00,2545.60009765625,2548.0,2542.5,2543.60009765625,13919
2025-09-25 08:25:00+00:00,2549.39990234375,2549.60009765625,2545.10009765625,2545.699951171875,18320
2025-09-25 08:30:00+00:00,2552.800048828125,2552.800048828125,2546.699951171875,2549.60009765625,37108
2025-09-25 08:35:00+00:00,2550.0,2553.0,2549.199951171875,2552.89990234375,25139
2025-09-25 08:40:00+00:00,2548.10009765625,2551.800048828125,2547.5,2550.0,35613
2025-09-25 08:45:00+00:00,2548.39990234375,2549.60009765625,2546.89990234375,2548.0,19409
2025-09-25 08:50:00+00:00,2549.5,2550.89990234375,2547.60009765625,2548.39990234375,14584
2025-09-25 08:55:00+00:00,2545.800048828125,2552.39990234375,2545.800048828125,2549.199951171875,37554
2025-09-25 09:00:00+00:00,2544.0,2546.199951171875,2542.5,2546.199951171875,12193
2025-09-25 09:05:00+00:00,2545.300048828125,2546.300048828125,2542.5,2543.800048828125,17570
2025-09-25 09:10:00+00:00,2539.5,2545.300048828125,2537.300048828125,2545.300048828125,25169
2025-09-25 09:15:00+00:00,2543.10009765625,2543.5,2538.89990234375,2539.89990234375,12105
2025-09-25 09:20:00+00:00,2543.5,2543.5,2537.60009765625,2543.300048828125,34742
2025-09-25 09:25:00+00:00,2537.10009765625,2544.199951171875,2536.89990234375,2543.300048828125,20772
2025-09-25 09:30:00+00:00,2533.5,2538.800048828125,2532.39990234375,2537.300048828125,68675
2025-09-25 09:35:00+00:00,2535.60009765625,2536.10009765625,2532.5,2533.699951171875,97692
2025-09-25 09:40:00+00:00,2539.60009765625,2540.0,2535.39990234375,2535.39990234375,74398
2025-09-25 09:45:00+00:00,2543.199951171875,2543.89990234375,2537.199951171875,2539.60009765625,128723
2025-09-25 09:50:00+00:00,2541.89990234375,2543.39990234375,2538.39990234375,2543.0,96436
2025-09-25 09:55:00+00:00,2538.300048828125,2543.0,2538.0,2542.199951171875,38469
2025-09-26 03:45:00+00:00,2530.5,2543.39990234375,2530.5,2543.39990234375,0
2025-09-26 03:50:00+00:00,2539.0,2539.0,2525.800048828125,2530.800048828125,10195
2025-09-26 03:55:00+00:00,2534.60009765625,2541.800048828125,2531.800048828125,2539.0,10972
2025-09-26 04:00:00+00:00,2531.5,2535.199951171875,2531.0,2535.199951171875,10256
2025-09-26 04:05:00+00:00,2526.60009765625,2534.199951171875,2525.0,2531.699951171875,8636
2025-09-26 04:10:00+00:00,2521.0,2526.699951171875,2520.0,2526.699951171875,6657
2025-09-26 04:15:00+00:00,2522.5,2523.10009765625,2520.0,2522.89990234375,5117
2025-09-26 04:20:00+00:00,2518.0,2523.0,2518.0,2523.0,5434
2025-09-26 04:25:00+00:00,2516.800048828125,2519.300048828125,2516.5,2518.0,3467
2025-09-26 04:30:00+00:00,2514.199951171875,2517.39990234375,2513.10009765625,2516.800048828125,7072
2025-09-26 04:35:00+00:00,2512.0,2515.0,2511.699951171875,2513.300048828125,4411
2025-09-26 04:40:00+00:00,2514.5,2514.60009765625,2511.800048828125,2511.800048828125,3238
2025-09-26 04:45:00+00:00,2515.10009765625,2517.199951171875,2514.0,2514.5,4591
2025-09-26 04:50:00+00:00,2517.5,2517.699951171875,2515.0,2515.199951171875,4186
2025-09-26 04:55:00+00:00,2516.39990234375,2519.5,2515.300048828125,2516.5,5630
2025-09-26 05:00:00+00:00,2512.0,2517.0,2512.0,2516.39990234375,3610
2025-09-26 05:05:00+00:00,2509.10009765625,2512.89990234375,2509.0,2512.0,5045
2025-09-26 05:10:00+00:00,2512.0,2512.0,2509.0,2509.199951171875,3965
2025-09-26 05:15:00+00:00,2515.10009765625,2517.60009765625,2512.800048828125,2512.800048828125,77511
2025-09-26 05:20:00+00:00,2515.5,2516.39990234375,2514.0,2514.60009765625,3309
2025-09-26 05:25:00+00:00,2515.10009765625,2516.10009765625,2514.10009765625,2515.60009765625,3539
2025-09-26 05:30:00+00:00,2515.199951171875,2515.699951171875,2513.89990234375,2514.60009765625,4322
2025-09-26 05:35:00+00:00,2513.39990234375,2514.800048828125,2512.800048828125,2514.800048828125,3864
2025-09-26 05:40:00+00:00,2509.699951171875,2514.0,2509.699951171875,2513.39990234375,4429
2025-09-26 05:45:00+00:00,2507.800048828125,2509.699951171875,2507.800048828125,2509.699951171875,5129
2025-09-26 05:50:00+00:00,2508.0,2509.60009765625,2507.800048828125,2507.800048828125,8200
2025-09-26 05:55:00+00:00,2508.89990234375,2509.0,2506.5,2507.800048828125,24136
2025-09-26 06:00:00+00:00,2507.699951171875,2509.5,2505.5,2509.5,13004
2025-09-26 06:05:00+00:00,2512.10009765625,2515.0,2507.699951171875,2507.699951171875,10553
2025-09-26 06:10:00+00:00,2513.199951171875,2514.800048828125,2512.199951171875,2512.39990234375,19409
2025-09-26 06:15:00+00:00,2514.699951171875,2514.89990234375,2512.60009765625,2513.699951171875,8147
2025-09-26 06:20:00+00:00,2515.10009765625,2516.300048828125,2514.699951171875,2514.699951171875,6817
2025-09-26 06:25:00+00:00,2514.39990234375,2515.89990234375,2514.0,2515.0,6033
2025-09-26 06:30:00+00:00,2507.5,2514.699951171875,2507.199951171875,2514.5,11083
2025-09-26 06:35:00+00:00,2507.199951171875,2508.89990234375,2507.199951171875,2507.699951171875,12526
2025-09-26 06:40:00+00:00,2505.199951171875,2507.5,2505.199951171875,2507.5,22227
2025-09-26 06:45:00+00:00,2501.10009765625,2505.800048828125,2501.10009765625,2505.199951171875,9273
2025-09-26 06:50:00+00:00,2503.699951171875,2504.800048828125,2501.0,2502.0,5688
2025-09-26 06:55:00+00:00,2502.60009765625,2505.199951171875,2502.300048828125,2503.60009765625,23936
2025-09-26 07:00:00+00:00,2501.10009765625,2503.60009765625,2499.800048828125,2502.60009765625,24619
2025-09-26 07:05:00+00:00,2501.60009765625,2504.199951171875,2500.0,2501.10009765625,22471
2025-09-26 07:10:00+00:00,2505.0,2505.89990234375,2501.0,2502.0,32708
2025-09-26 07:15:00+00:00,2510.0,2511.0,2504.699951171875,2504.800048828125,26104
2025-09-26 07:20:00+00:00,2509.89990234375,2512.5,2509.0,2510.0,7281
2025-09-26 07:25:00+00:00,2508.5,2510.199951171875,2507.699951171875,2509.199951171875,9058
2025-09-26 07:30:00+00:00,2510.10009765625,2511.10009765625,2508.300048828125,2508.5,8394
2025-09-26 07:35:00+00:00,2510.199951171875,2511.5,2509.0,2510.0,5725
2025-09-26 07:40:00+00:00,2508.699951171875,2510.89990234375,2507.60009765625,2510.10009765625,5210
2025-09-26 07:45:00+00:00,2509.89990234375,2511.60009765625,2507.5,2508.699951171875,7473
2025-09-26 07:50:00+00:00,2513.60009765625,2514.0,2508.699951171875,2510.60009765625,9423
2025-09-26 07:55:00+00:00,2514.0,2514.89990234375,2512.5,2513.699951171875,5913
2025-09-26 08:00:00+00:00,2514.300048828125,2514.800048828125,2511.10009765625,2514.0,4615
2025-09-26 08:05:00+00:00,2512.60009765625,2514.39990234375,2511.699951171875,2514.300048828125,4802
2025-09-26 08:10:00+00:00,2513.60009765625,2513.60009765625,2511.199951171875,2512.300048828125,4409
2025-09-26 08:15:00+00:00,2512.5,2513.89990234375,2511.60009765625,2513.60009765625,4606
2025-09-26 08:20:00+00:00,2507.800048828125,2512.10009765625,2504.5,2512.10009765625,10918
2025-09-26 08:25:00+00:00,2506.5,2508.699951171875,2506.199951171875,2507.0,5859
2025-09-26 08:30:00+00:00,2506.800048828125,2507.5,2505.39990234375,2507.199951171875,7781
2025-09-26 08:35:00+00:00,2512.10009765625,2512.199951171875,2505.60009765625,2505.89990234375,6219
2025-09-26 08:40:00+00:00,2508.89990234375,2512.199951171875,2506.800048828125,2512.199951171875,11405
2025-09-26 08:45:00+00:00,2509.699951171875,2511.10009765625,2507.89990234375,2508.89990234375,4777
2025-09-26 08:50:00+00:00,2507.0,2510.39990234375,2506.5,2509.800048828125,7569
2025-09-26 08:55:00+00:00,2507.89990234375,2508.5,2506.10009765625,2507.0,8054
2025-09-26 09:00:00+00:00,2505.199951171875,2508.89990234375,2504.89990234375,2508.39990234375,18262
2025-09-26 09:05:00+00:00,2506.10009765625,2507.0,2504.60009765625,2505.699951171875,9868
2025-09-26 09:10:00+00:00,2507.39990234375,2508.89990234375,2506.10009765625,2506.5,12138
2025-09-26 09:15:00+00:00,2506.699951171875,2508.60009765625,2506.10009765625,2507.39990234375,7471
2025-09-26 09:20:00+00:00,2508.0,2509.39990234375,2506.699951171875,2506.699951171875,26254
2025-09-26 09:25:00+00:00,2509.199951171875,2509.60009765625,2506.39990234375,2508.0,14357
2025-09-26 09:30:00+00:00,2511.10009765625,2512.199951171875,2507.10009765625,2508.10009765625,27630
2025-09-26 09:35:00+00:00,2509.0,2511.199951171875,2508.89990234375,2511.0,32737
2025-09-26 09:40:00+00:00,2510.39990234375,2510.699951171875,2509.0,2509.0,18783
2025-09-26 09:45:00+00:00,2514.89990234375,2515.89990234375,2510.0,2510.0,33409
2025-09-26 09:50:00+00:00,2515.10009765625,2516.39990234375,2514.60009765625,2515.5,18613
2025-09-26 09:55:00+00:00,2511.800048828125,2515.699951171875,2510.60009765625,2515.300048828125,18169
2025-09-29 03:45:00+00:00,2458.0,2498.800048828125,2456.5,2498.800048828125,0
2025-09-29 03:50:00+00:00,2452.10009765625,2460.800048828125,2447.60009765625,2460.699951171875,62385
2025-09-29 03:55:00+00:00,2453.0,2453.0,2443.89990234375,2451.60009765625,56210
2025-09-29 04:00:00+00:00,2452.800048828125,2455.39990234375,2449.10009765625,2453.0,33218
2025-09-29 04:05:00+00:00,2475.60009765625,2477.800048828125,2452.0,2452.800048828125,83594
2025-09-29 04:10:00+00:00,2474.39990234375,2478.5,2470.0,2475.39990234375,25475
2025-09-29 04:15:00+00:00,2478.199951171875,2478.39990234375,2467.300048828125,2474.39990234375,23411
2025-09-29 04:20:00+00:00,2489.5,2489.5,2477.10009765625,2477.800048828125,23274
2025-09-29 04:25:00+00:00,2490.199951171875,2491.300048828125,2486.5,2489.60009765625,17524
2025-09-29 04:30:00+00:00,2486.39990234375,2490.300048828125,2483.60009765625,2490.10009765625,17976
2025-09-29 04:35:00+00:00,2487.60009765625,2487.60009765625,2484.199951171875,2487.0,10126
2025-09-29 04:40:00+00:00,2494.60009765625,2494.60009765625,2485.39990234375,2487.199951171875,19025
2025-09-29 04:45:00+00:00,2494.89990234375,2495.0,2490.300048828125,2494.5,13252
2025-09-29 04:50:00+00:00,2493.699951171875,2497.5,2492.10009765625,2495.0,16290
2025-09-29 04:55:00+00:00,2491.300048828125,2494.300048828125,2488.300048828125,2493.5,11139
2025-09-29 05:00:00+00:00,2488.5,2491.89990234375,2484.0,2491.0,16556
2025-09-29 05:05:00+00:00,2488.89990234375,2489.800048828125,2486.10009765625,2488.800048828125,16788
2025-09-29 05:10:00+00:00,2488.10009765625,2491.10009765625,2487.199951171875,2488.89990234375,9235
2025-09-29 05:15:00+00:00,2487.39990234375,2490.0,2485.89990234375,2488.0,8127
2025-09-29 05:20:00+00:00,2495.89990234375,2495.89990234375,2487.39990234375,2487.39990234375,9572
2025-09-29 05:25:00+00:00,2499.0,2500.800048828125,2492.800048828125,2494.800048828125,28275
2025-09-29 05:30:00+00:00,2499.60009765625,2501.699951171875,2499.199951171875,2499.199951171875,30665
2025-09-29 05:35:00+00:00,2502.0,2502.199951171875,2499.300048828125,2499.5,9670
2025-09-29 05:40:00+00:00,2506.60009765625,2506.800048828125,2501.39990234375,2501.39990234375,15963
2025-09-29 05:45:00+00:00,2508.300048828125,2511.0,2506.5,2506.5,12030
2025-09-29 05:50:00+00:00,2507.800048828125,2509.89990234375,2507.800048828125,2508.300048828125,6671
2025-09-29 05:55:00+00:00,2515.199951171875,2515.199951171875,2507.800048828125,2507.89990234375,20796
2025-09-29 06:00:00+00:00,2507.0,2515.199951171875,2505.60009765625,2515.10009765625,15516
2025-09-29 06:05:00+00:00,2502.39990234375,2507.60009765625,2501.39990234375,2507.60009765625,23861
2025-09-29 06:10:00+00:00,2506.5,2506.5,2499.39990234375,2502.39990234375,10102
2025-09-29 06:15:00+00:00,2499.89990234375,2507.300048828125,2498.300048828125,2506.800048828125,10984
2025-09-29 06:20:00+00:00,2503.0,2503.0,2499.800048828125,2499.800048828125,9607
2025-09-29 06:25:00+00:00,2503.0,2503.199951171875,2499.89990234375,2502.5,7137
2025-09-29 06:30:00+00:00,2502.300048828125,2505.89990234375,2499.89990234375,2503.0,8129
2025-09-29 06:35:00+00:00,2499.39990234375,2503.10009765625,2498.39990234375,2503.10009765625,9308
2025-09-29 06:40:00+00:00,2499.699951171875,2500.0,2496.0,2499.39990234375,11121
2025-09-29 06:45:00+00:00,2500.300048828125,2503.699951171875,2499.5,2500.0,18192
2025-09-29 06:50:00+00:00,2502.5,2504.0,2500.39990234375,2501.300048828125,9324
2025-09-29 06:55:00+00:00,2503.800048828125,2503.800048828125,2500.10009765625,2501.89990234375,9760
2025-09-29 07:00:00+00:00,2508.60009765625,2508.60009765625,2504.800048828125,2504.89990234375,14959
2025-09-29 07:05:00+00:00,2500.0,2509.800048828125,2498.60009765625,2508.5,37142
2025-09-29 07:10:00+00:00,2510.0,2510.0,2499.300048828125,2499.300048828125,11903
2025-09-29 07:15:00+00:00,2511.39990234375,2514.199951171875,2508.699951171875,2510.0,19092
2025-09-29 07:20:00+00:00,2513.699951171875,2514.699951171875,2510.10009765625,2511.699951171875,10794
2025-09-29 07:25:00+00:00,2511.89990234375,2513.699951171875,2509.89990234375,2513.60009765625,11915
2025-09-29 07:30:00+00:00,2514.800048828125,2517.39990234375,2510.800048828125,2511.300048828125,38479
2025-09-29 07:35:00+00:00,2512.89990234375,2515.89990234375,2506.10009765625,2515.0,14559
2025-09-29 07:40:00+00:00,2510.89990234375,2513.800048828125,2510.10009765625,2512.89990234375,11044
2025-09-29 07:45:00+00:00,2507.39990234375,2511.39990234375,2507.199951171875,2510.699951171875,9554
2025-09-29 07:50:00+00:00,2509.10009765625,2509.800048828125,2505.10009765625,2507.199951171875,9294
2025-09-29 07:55:00+00:00,2508.39990234375,2509.5,2505.199951171875,2509.5,14615
2025-09-29 08:00:00+00:00,2507.60009765625,2509.0,2506.199951171875,2508.39990234375,7396
2025-09-29 08:05:00+00:00,2507.300048828125,2508.0,2505.0,2507.60009765625,12027
2025-09-29 08:10:00+00:00,2506.39990234375,2507.10009765625,2503.5,2507.10009765625,11146
2025-09-29 08:15:00+00:00,2504.699951171875,2507.60009765625,2502.10009765625,2506.699951171875,25025
2025-09-29 08:20:00+00:00,2505.0,2506.5,2502.699951171875,2504.60009765625,15553
2025-09-29 08:25:00+00:00,2507.5,2507.89990234375,2502.699951171875,2505.5,10011
2025-09-29 08:30:00+00:00,2514.5,2515.39990234375,2506.5,2507.300048828125,13243
2025-09-29 08:35:00+00:00,2511.699951171875,2514.39990234375,2511.699951171875,2514.39990234375,7184
2025-09-29 08:40:00+00:00,2512.89990234375,2513.5,2510.699951171875,2511.5,14030
2025-09-29 08:45:00+00:00,2514.300048828125,2514.300048828125,2511.0,2513.0,18440
2025-09-29 08:50:00+00:00,2513.10009765625,2516.0,2512.199951171875,2514.300048828125,12234
2025-09-29 08:55:00+00:00,2511.800048828125,2513.60009765625,2510.60009765625,2513.300048828125,14304
2025-09-29 09:00:00+00:00,2514.199951171875,2514.199951171875,2511.39990234375,2511.699951171875,15706
2025-09-29 09:05:00+00:00,2512.10009765625,2514.39990234375,2511.699951171875,2513.800048828125,11688
2025-09-29 09:10:00+00:00,2508.300048828125,2512.10009765625,2506.5,2512.10009765625,10800
2025-09-29 09:15:00+00:00,2510.0,2511.199951171875,2507.800048828125,2508.39990234375,12431
2025-09-29 09:20:00+00:00,2509.199951171875,2511.10009765625,2508.89990234375,2509.699951171875,9825
2025-09-29 09:25:00+00:00,2509.39990234375,2512.5,2509.199951171875,2509.199951171875,12047
2025-09-29 09:30:00+00:00,2497.199951171875,2507.39990234375,2496.39990234375,2507.39990234375,176586
2025-09-29 09:35:00+00:00,2499.300048828125,2499.699951171875,2496.10009765625,2496.60009765625,143648
2025-09-29 09:40:00+00:00,2499.0,2499.5,2495.0,2498.5,203030
2025-09-29 09:45:00+00:00,2495.10009765625,2501.60009765625,2495.0,2497.699951171875,171310
2025-09-29 09:50:00+00:00,2498.300048828125,2498.300048828125,2494.300048828125,2494.89990234375,168050
2025-09-29 09:55:00+00:00,2497.89990234375,2513.0,2494.0,2498.300048828125,157287
2025-09-30 03:45:00+00:00,2511.0,2519.60009765625,2498.5,2500.0,0
2025-09-30 03:50:00+00:00,2506.800048828125,2513.199951171875,2503.800048828125,2510.300048828125,22047
2025-09-30 03:55:00+00:00,2505.5,2510.5,2505.300048828125,2506.5,10139
2025-09-30 04:00:00+00:00,2508.699951171875,2511.199951171875,2503.89990234375,2505.10009765625,8487
2025-09-30 04:05:00+00:00,2503.10009765625,2508.0,2501.0,2508.0,7779
2025-09-30 04:10:00+00:00,2498.0,2502.89990234375,2498.0,2502.800048828125,7307
2025-09-30 04:15:00+00:00,2502.5,2502.699951171875,2497.199951171875,2497.89990234375,106108
2025-09-30 04:20:00+00:00,2504.199951171875,2506.39990234375,2501.39990234375,2501.60009765625,50277
2025-09-30 04:25:00+00:00,2504.5,2504.5,2502.5,2504.0,4717
2025-09-30 04:30:00+00:00,2508.199951171875,2508.699951171875,2503.89990234375,2504.10009765625,4948
2025-09-30 04:35:00+00:00,2507.39990234375,2508.300048828125,2506.39990234375,2508.199951171875,3183
2025-09-30 04:40:00+00:00,2504.39990234375,2507.39990234375,2504.0,2507.39990234375,7757
2025-09-30 04:45:00+00:00,2507.699951171875,2508.199951171875,2504.39990234375,2504.699951171875,4806
2025-09-30 04:50:00+00:00,2507.5,2510.0,2506.10009765625,2507.5,7498
2025-09-30 04:55:00+00:00,2505.199951171875,2508.0,2502.5,2507.5,6847
2025-09-30 05:00:00+00:00,2501.5,2505.60009765625,2501.5,2505.60009765625,3235
2025-09-30 05:05:00+00:00,2500.0,2504.60009765625,2500.0,2501.5,11646
2025-09-30 05:10:00+00:00,2504.10009765625,2505.199951171875,2500.0,2500.0,8335
2025-09-30 05:15:00+00:00,2503.89990234375,2506.800048828125,2503.39990234375,2504.10009765625,5892
2025-09-30 05:20:00+00:00,2503.89990234375,2505.60009765625,2502.800048828125,2503.300048828125,51363
2025-09-30 05:25:00+00:00,2508.800048828125,2509.800048828125,2503.89990234375,2503.89990234375,8305
2025-09-30 05:30:00+00:00,2511.199951171875,2511.300048828125,2508.5,2508.699951171875,16129
2025-09-30 05:35:00+00:00,2511.699951171875,2511.89990234375,2510.10009765625,2511.39990234375,6971
2025-09-30 05:40:00+00:00,2513.800048828125,2514.89990234375,2511.199951171875,2511.199951171875,7928
2025-09-30 05:45:00+00:00,2517.800048828125,2518.0,2512.39990234375,2512.699951171875,8108
2025-09-30 05:50:00+00:00,2518.39990234375,2521.800048828125,2517.800048828125,2517.800048828125,12894
2025-09-30 05:55:00+00:00,2517.5,2518.39990234375,2515.699951171875,2518.39990234375,6303
2025-09-30 06:00:00+00:00,2518.800048828125,2520.0,2517.5,2517.5,6986
2025-09-30 06:05:00+00:00,2518.39990234375,2521.5,2517.0,2518.60009765625,16831
2025-09-30 06:10:00+00:00,2518.0,2520.199951171875,2518.0,2518.39990234375,5570
2025-09-30 06:15:00+00:00,2518.10009765625,2519.5,2518.0,2518.300048828125,3776
2025-09-30 06:20:00+00:00,2517.60009765625,2518.199951171875,2516.300048828125,2518.199951171875,4199
2025-09-30 06:25:00+00:00,2519.5,2519.5,2516.60009765625,2517.699951171875,4231
2025-09-30 06:30:00+00:00,2522.39990234375,2522.39990234375,2518.800048828125,2518.800048828125,11675
2025-09-30 06:35:00+00:00,2522.89990234375,2524.60009765625,2522.10009765625,2523.0,16348
2025-09-30 06:40:00+00:00,2523.39990234375,2523.5,2521.199951171875,2522.89990234375,7430
2025-09-30 06:45:00+00:00,2524.0,2524.89990234375,2522.699951171875,2523.199951171875,7297
2025-09-30 06:50:00+00:00,2523.89990234375,2526.0,2523.60009765625,2524.300048828125,11227
2025-09-30 06:55:00+00:00,2523.199951171875,2524.60009765625,2522.10009765625,2523.89990234375,12036
2025-09-30 07:00:00+00:00,2523.89990234375,2524.10009765625,2521.60009765625,2523.199951171875,7630
2025-09-30 07:05:00+00:00,2524.5,2524.5,2523.0,2523.800048828125,8991
2025-09-30 07:10:00+00:00,2522.300048828125,2524.199951171875,2522.10009765625,2524.199951171875,11541
2025-09-30 07:15:00+00:00,2521.699951171875,2524.0,2521.699951171875,2522.60009765625,9861
2025-09-30 07:20:00+00:00,2521.5,2522.10009765625,2520.5,2521.60009765625,8174
2025-09-30 07:25:00+00:00,2520.800048828125,2523.0,2519.10009765625,2521.300048828125,17547
2025-09-30 07:30:00+00:00,2519.199951171875,2521.300048828125,2517.5,2520.60009765625,17197
2025-09-30 07:35:00+00:00,2522.10009765625,2522.10009765625,2518.800048828125,2519.199951171875,7818
2025-09-30 07:40:00+00:00,2520.39990234375,2523.0,2519.5,2521.800048828125,12488
2025-09-30 07:45:00+00:00,2519.60009765625,2522.300048828125,2518.89990234375,2520.0,11563
2025-09-30 07:50:00+00:00,2515.5,2520.10009765625,2514.89990234375,2519.39990234375,12782
2025-09-30 07:55:00+00:00,2512.300048828125,2515.60009765625,2511.5,2515.5,13716
2025-09-30 08:00:00+00:00,2513.0,2515.39990234375,2511.0,2513.10009765625,18029
2025-09-30 08:05:00+00:00,2513.5,2514.699951171875,2511.89990234375,2513.0,10611
2025-09-30 08:10:00+00:00,2511.5,2514.0,2509.199951171875,2513.5,9790
2025-09-30 08:15:00+00:00,2512.300048828125,2513.39990234375,2510.60009765625,2511.5,11965
2025-09-30 08:20:00+00:00,2509.699951171875,2513.699951171875,2509.699951171875,2512.199951171875,7979
2025-09-30 08:25:00+00:00,2512.800048828125,2513.699951171875,2509.60009765625,2510.0,5054
2025-09-30 08:30:00+00:00,2514.0,2514.5,2511.60009765625,2512.800048828125,12248
2025-09-30 08:35:00+00:00,2515.300048828125,2515.89990234375,2511.10009765625,2514.5,16723
2025-09-30 08:40:00+00:00,2514.199951171875,2515.800048828125,2509.699951171875,2515.300048828125,28963
2025-09-30 08:45:00+00:00,2505.199951171875,2513.60009765625,2505.0,2513.60009765625,22136
2025-09-30 08:50:00+00:00,2510.5,2511.199951171875,2504.300048828125,2505.0,34192
2025-09-30 08:55:00+00:00,2508.10009765625,2510.60009765625,2508.0,2510.199951171875,16741
2025-09-30 09:00:00+00:00,2507.39990234375,2509.5,2505.89990234375,2508.0,22487
2025-09-30 09:05:00+00:00,2507.800048828125,2510.699951171875,2506.800048828125,2507.10009765625,28251
2025-09-30 09:10:00+00:00,2509.60009765625,2509.60009765625,2507.5,2508.10009765625,19690
2025-09-30 09:15:00+00:00,2511.0,2512.800048828125,2507.10009765625,2509.60009765625,39874
2025-09-30 09:20:00+00:00,2512.89990234375,2513.0,2509.0,2511.0,21131
2025-09-30 09:25:00+00:00,2510.199951171875,2513.800048828125,2509.699951171875,2512.699951171875,21935
2025-09-30 09:30:00+00:00,2513.60009765625,2516.0,2510.300048828125,2510.300048828125,105097
2025-09-30 09:35:00+00:00,2515.39990234375,2517.800048828125,2512.199951171875,2513.60009765625,116749
2025-09-30 09:40:00+00:00,2517.10009765625,2517.199951171875,2514.39990234375,2516.5,111556
2025-09-30 09:45:00+00:00,2513.89990234375,2516.89990234375,2511.0,2516.89990234375,121797
2025-09-30 09:50:00+00:00,2515.89990234375,2516.10009765625,2512.800048828125,2513.89990234375,97531
2025-09-30 09:55:00+00:00,2514.39990234375,2522.0,2514.39990234375,2515.699951171875,89772
2025-10-01 03:45:00+00:00,2521.800048828125,2525.199951171875,2517.60009765625,2521.39990234375,0
2025-10-01 03:50:00+00:00,2524.39990234375,2524.800048828125,2518.10009765625,2522.0,12126
2025-10-01 03:55:00+00:00,2523.0,2524.300048828125,2518.0,2524.300048828125,5744
2025-10-01 04:00:00+00:00,2522.10009765625,2523.5,2518.60009765625,2520.89990234375,4357
2025-10-01 04:05:00+00:00,2520.800048828125,2522.39990234375,2519.199951171875,2522.300048828125,4424
2025-10-01 04:10:00+00:00,2518.39990234375,2520.0,2513.300048828125,2520.0,9961
2025-10-01 04:15:00+00:00,2519.5,2519.5,2515.10009765625,2518.699951171875,8302
2025-10-01 04:20:00+00:00,2532.5,2532.5,2519.5,2519.5,25592
2025-10-01 04:25:00+00:00,2529.800048828125,2533.300048828125,2528.800048828125,2532.39990234375,4344
2025-10-01 04:30:00+00:00,2525.89990234375,2531.39990234375,2522.300048828125,2530.800048828125,6311
2025-10-01 04:35:00+00:00,2520.39990234375,2524.5,2518.89990234375,2524.5,13394
2025-10-01 04:40:00+00:00,2515.0,2520.5,2511.10009765625,2520.300048828125,11006
2025-10-01 04:45:00+00:00,2514.5,2516.10009765625,2512.39990234375,2515.0,6863
2025-10-01 04:50:00+00:00,2513.39990234375,2514.39990234375,2510.10009765625,2514.0,6529
2025-10-01 04:55:00+00:00,2511.0,2513.39990234375,2511.0,2513.300048828125,10867
2025-10-01 05:00:00+00:00,2513.699951171875,2514.5,2510.0,2510.699951171875,11427
2025-10-01 05:05:00+00:00,2512.39990234375,2513.60009765625,2511.0,2512.10009765625,6187
2025-10-01 05:10:00+00:00,2503.89990234375,2512.5,2501.0,2512.39990234375,10579
2025-10-01 05:15:00+00:00,2501.60009765625,2504.800048828125,2498.300048828125,2503.39990234375,8243
2025-10-01 05:20:00+00:00,2502.300048828125,2503.89990234375,2500.0,2502.5,3938
2025-10-01 05:25:00+00:00,2504.699951171875,2505.800048828125,2501.0,2501.0,7315
2025-10-01 05:30:00+00:00,2508.0,2509.699951171875,2504.699951171875,2504.699951171875,4520
2025-10-01 05:35:00+00:00,2507.5,2510.0,2505.800048828125,2508.199951171875,7311
2025-10-01 05:40:00+00:00,2505.0,2508.89990234375,2504.0,2507.5,2519
2025-10-01 05:45:00+00:00,2504.10009765625,2506.699951171875,2502.300048828125,2505.5,8293
2025-10-01 05:50:00+00:00,2501.10009765625,2504.800048828125,2500.5,2504.199951171875,4949
2025-10-01 05:55:00+00:00,2504.5,2506.300048828125,2500.5,2501.60009765625,16024
2025-10-01 06:00:00+00:00,2506.0,2506.89990234375,2503.60009765625,2505.10009765625,5628
2025-10-01 06:05:00+00:00,2517.0,2517.0,2505.89990234375,2506.0,8615
2025-10-01 06:10:00+00:00,2518.89990234375,2519.800048828125,2515.800048828125,2515.89990234375,13820
2025-10-01 06:15:00+00:00,2522.0,2522.699951171875,2518.0,2520.0,17219
2025-10-01 06:20:00+00:00,2520.60009765625,2523.0,2520.10009765625,2521.10009765625,14262
2025-10-01 06:25:00+00:00,2517.199951171875,2521.10009765625,2516.0,2520.60009765625,29268
2025-10-01 06:30:00+00:00,2518.60009765625,2519.300048828125,2516.0,2518.0,7596
2025-10-01 06:35:00+00:00,2520.39990234375,2520.89990234375,2518.10009765625,2519.0,10356
2025-10-01 06:40:00+00:00,2521.89990234375,2522.60009765625,2519.0,2519.800048828125,9346
2025-10-01 06:45:00+00:00,2522.0,2523.39990234375,2519.0,2522.89990234375,12143
2025-10-01 06:50:00+00:00,2522.0,2523.10009765625,2519.800048828125,2521.300048828125,12029
2025-10-01 06:55:00+00:00,2523.0,2525.0,2519.0,2521.800048828125,19524
2025-10-01 07:00:00+00:00,2514.5,2522.89990234375,2512.800048828125,2522.89990234375,42944
2025-10-01 07:05:00+00:00,2518.5,2519.699951171875,2513.0,2513.60009765625,61476
2025-10-01 07:10:00+00:00,2521.5,2521.800048828125,2518.0,2518.699951171875,23931
2025-10-01 07:15:00+00:00,2523.39990234375,2523.699951171875,2520.10009765625,2521.39990234375,33935
2025-10-01 07:20:00+00:00,2523.60009765625,2525.0,2522.800048828125,2523.300048828125,14418
2025-10-01 07:25:00+00:00,2523.5,2525.5,2522.300048828125,2524.0,17547
2025-10-01 07:30:00+00:00,2521.0,2523.699951171875,2519.60009765625,2523.5,46241
2025-10-01 07:35:00+00:00,2520.0,2521.199951171875,2519.39990234375,2521.0,17330
2025-10-01 07:40:00+00:00,2525.10009765625,2525.10009765625,2519.699951171875,2520.0,12060
2025-10-01 07:45:00+00:00,2527.10009765625,2527.10009765625,2523.89990234375,2524.0,11194
2025-10-01 07:50:00+00:00,2527.60009765625,2527.800048828125,2525.300048828125,2527.199951171875,9936
2025-10-01 07:55:00+00:00,2526.199951171875,2527.699951171875,2525.0,2527.699951171875,9598
2025-10-01 08:00:00+00:00,2526.10009765625,2527.0,2523.60009765625,2526.300048828125,15540
2025-10-01 08:05:00+00:00,2525.800048828125,2526.0,2521.699951171875,2525.699951171875,15160
2025-10-01 08:10:00+00:00,2525.300048828125,2526.699951171875,2524.0,2525.800048828125,11654
2025-10-01 08:15:00+00:00,2527.39990234375,2528.199951171875,2524.0,2524.89990234375,15027
2025-10-01 08:20:00+00:00,2528.300048828125,2528.300048828125,2524.60009765625,2527.39990234375,12628
2025-10-01 08:25:00+00:00,2528.89990234375,2528.89990234375,2526.0,2527.39990234375,10093
2025-10-01 08:30:00+00:00,2530.5,2530.5,2528.699951171875,2528.89990234375,13927
2025-10-01 08:35:00+00:00,2530.60009765625,2532.199951171875,2529.5,2530.5,12158
2025-10-01 08:40:00+00:00,2529.699951171875,2532.699951171875,2528.199951171875,2531.39990234375,21253
2025-10-01 08:45:00+00:00,2530.800048828125,2531.0,2526.39990234375,2528.89990234375,28728
2025-10-01 08:50:00+00:00,2530.0,2531.800048828125,2528.800048828125,2530.800048828125,11585
2025-10-01 08:55:00+00:00,2530.800048828125,2531.800048828125,2528.39990234375,2530.5,22072
2025-10-01 09:00:00+00:00,2534.39990234375,2534.699951171875,2528.89990234375,2530.300048828125,18895
2025-10-01 09:05:00+00:00,2534.300048828125,2534.800048828125,2532.5,2534.300048828125,21293
2025-10-01 09:10:00+00:00,2533.89990234375,2534.300048828125,2531.5,2534.300048828125,19853
2025-10-01 09:15:00+00:00,2536.300048828125,2536.5,2533.10009765625,2534.0,23867
2025-10-01 09:20:00+00:00,2537.10009765625,2538.89990234375,2533.800048828125,2535.0,23680
2025-10-01 09:25:00+00:00,2537.699951171875,2539.0,2534.0,2537.60009765625,30894
2025-10-01 09:30:00+00:00,2537.10009765625,2538.800048828125,2535.800048828125,2537.60009765625,68752
2025-10-01 09:35:00+00:00,2537.39990234375,2539.39990234375,2534.0,2537.800048828125,111210
2025-10-01 09:40:00+00:00,2533.300048828125,2538.199951171875,2532.0,2537.5,75967
2025-10-01 09:45:00+00:00,2536.5,2537.10009765625,2533.10009765625,2533.300048828125,78641
2025-10-01 09:50:00+00:00,2535.699951171875,2537.199951171875,2533.199951171875,2536.5,70832
2025-10-01 09:55:00+00:00,2530.10009765625,2536.5,2530.0,2535.800048828125,50463
2025-10-03 03:45:00+00:00,2515.89990234375,2529.10009765625,2511.199951171875,2529.10009765625,0
2025-10-03 03:50:00+00:00,2512.199951171875,2514.60009765625,2509.300048828125,2513.39990234375,18554
2025-10-03 03:55:00+00:00,2513.60009765625,2513.60009765625,2509.199951171875,2511.199951171875,15826
2025-10-03 04:00:00+00:00,2517.300048828125,2523.199951171875,2513.5,2513.5,27191
2025-10-03 04:05:00+00:00,2521.60009765625,2523.5,2517.199951171875,2518.0,13430
2025-10-03 04:10:00+00:00,2519.60009765625,2524.800048828125,2518.60009765625,2521.0,12832
2025-10-03 04:15:00+00:00,2520.699951171875,2523.699951171875,2518.199951171875,2519.60009765625,11677
2025-10-03 04:20:00+00:00,2520.300048828125,2522.10009765625,2518.5,2520.0,10894
2025-10-03 04:25:00+00:00,2525.0,2525.60009765625,2520.0,2521.199951171875,12005
2025-10-03 04:30:00+00:00,2528.39990234375,2528.39990234375,2523.800048828125,2525.10009765625,7796
2025-10-03 04:35:00+00:00,2529.800048828125,2530.10009765625,2527.10009765625,2528.199951171875,6960
2025-10-03 04:40:00+00:00,2528.800048828125,2531.89990234375,2528.800048828125,2530.0,9783
2025-10-03 04:45:00+00:00,2527.10009765625,2529.39990234375,2526.89990234375,2528.699951171875,7745
2025-10-03 04:50:00+00:00,2524.89990234375,2527.39990234375,2524.89990234375,2527.0,11414
2025-10-03 04:55:00+00:00,2532.39990234375,2532.39990234375,2524.60009765625,2524.89990234375,10177
2025-10-03 05:00:00+00:00,2531.10009765625,2533.0,2530.800048828125,2532.39990234375,12136
2025-10-03 05:05:00+00:00,2531.89990234375,2532.5,2528.89990234375,2531.0,7361
2025-10-03 05:10:00+00:00,2531.800048828125,2533.0,2530.199951171875,2531.0,5872
2025-10-03 05:15:00+00:00,2533.0,2533.0,2529.89990234375,2531.800048828125,8700
2025-10-03 05:20:00+00:00,2531.39990234375,2534.5,2531.39990234375,2533.0,8688
2025-10-03 05:25:00+00:00,2529.300048828125,2531.699951171875,2529.300048828125,2531.699951171875,5588
2025-10-03 05:30:00+00:00,2525.0,2529.300048828125,2524.5,2529.300048828125,8610
2025-10-03 05:35:00+00:00,2527.10009765625,2527.800048828125,2523.699951171875,2525.5,8079
2025-10-03 05:40:00+00:00,2527.10009765625,2528.0,2527.0,2527.0,5522
2025-10-03 05:45:00+00:00,2528.39990234375,2529.60009765625,2526.89990234375,2527.199951171875,6462
2025-10-03 05:50:00+00:00,2527.5,2529.699951171875,2526.0,2528.300048828125,10154
2025-10-03 05:55:00+00:00,2530.800048828125,2531.0,2526.60009765625,2527.5,14319
2025-10-03 06:00:00+00:00,2530.10009765625,2533.10009765625,2530.10009765625,2530.800048828125,10606
2025-10-03 06:05:00+00:00,2530.5,2531.0,2529.39990234375,2529.5,5438
2025-10-03 06:10:00+00:00,2530.199951171875,2531.699951171875,2529.0,2530.800048828125,5862
2025-10-03 06:15:00+00:00,2532.0,2533.0,2529.699951171875,2530.199951171875,6292
2025-10-03 06:20:00+00:00,2534.300048828125,2534.300048828125,2532.0,2532.0,10726
2025-10-03 06:25:00+00:00,2534.699951171875,2535.300048828125,2534.0,2534.300048828125,7169
2025-10-03 06:30:00+00:00,2533.60009765625,2535.10009765625,2532.5,2534.699951171875,6162
2025-10-03 06:35:00+00:00,2536.800048828125,2537.39990234375,2532.800048828125,2533.39990234375,8650
2025-10-03 06:40:00+00:00,2533.89990234375,2536.800048828125,2532.300048828125,2536.800048828125,10020
2025-10-03 06:45:00+00:00,2530.300048828125,2533.800048828125,2530.0,2533.699951171875,8820
2025-10-03 06:50:00+00:00,2530.300048828125,2530.5,2528.699951171875,2529.60009765625,9943
2025-10-03 06:55:00+00:00,2528.199951171875,2531.0,2527.5,2530.5,8310
2025-10-03 07:00:00+00:00,2528.300048828125,2529.5,2527.0,2527.800048828125,10397
2025-10-03 07:05:00+00:00,2530.699951171875,2531.39990234375,2527.199951171875,2528.5,11046
2025-10-03 07:10:00+00:00,2532.89990234375,2532.89990234375,2528.89990234375,2530.699951171875,8637
2025-10-03 07:15:00+00:00,2528.800048828125,2532.89990234375,2528.5,2532.800048828125,8806
2025-10-03 07:20:00+00:00,2528.60009765625,2529.0,2527.89990234375,2528.0,10829
2025-10-03 07:25:00+00:00,2528.699951171875,2530.699951171875,2527.800048828125,2528.60009765625,8091
2025-10-03 07:30:00+00:00,2524.199951171875,2528.800048828125,2524.199951171875,2528.699951171875,11635
2025-10-03 07:35:00+00:00,2526.89990234375,2527.39990234375,2524.699951171875,2524.89990234375,7418
2025-10-03 07:40:00+00:00,2528.699951171875,2529.89990234375,2526.5,2527.699951171875,8300
2025-10-03 07:45:00+00:00,2526.39990234375,2529.300048828125,2525.300048828125,2528.60009765625,7180
2025-10-03 07:50:00+00:00,2531.39990234375,2531.39990234375,2526.0,2526.60009765625,11388
2025-10-03 07:55:00+00:00,2530.10009765625,2531.300048828125,2529.699951171875,2531.300048828125,7891
2025-10-03 08:00:00+00:00,2527.10009765625,2530.5,2526.10009765625,2530.10009765625,12828
2025-10-03 08:05:00+00:00,2528.60009765625,2529.300048828125,2526.699951171875,2526.800048828125,17794
2025-10-03 08:10:00+00:00,2529.39990234375,2529.39990234375,2527.699951171875,2528.199951171875,11970
2025-10-03 08:15:00+00:00,2530.800048828125,2531.89990234375,2529.39990234375,2529.39990234375,11034
2025-10-03 08:20:00+00:00,2532.199951171875,2532.39990234375,2530.10009765625,2530.800048828125,18666
2025-10-03 08:25:00+00:00,2534.60009765625,2536.5,2532.300048828125,2532.300048828125,30976
2025-10-03 08:30:00+00:00,2536.39990234375,2536.89990234375,2535.10009765625,2535.300048828125,16337
2025-10-03 08:35:00+00:00,2536.89990234375,2536.89990234375,2535.39990234375,2536.5,33378
2025-10-03 08:40:00+00:00,2536.39990234375,2537.199951171875,2536.0,2536.89990234375,19703
2025-10-03 08:45:00+00:00,2533.0,2536.300048828125,2532.199951171875,2536.300048828125,14986
2025-10-03 08:50:00+00:00,2535.89990234375,2536.699951171875,2532.199951171875,2532.60009765625,41291
2025-10-03 08:55:00+00:00,2539.699951171875,2541.199951171875,2535.89990234375,2535.89990234375,18060
2025-10-03 09:00:00+00:00,2540.60009765625,2541.0,2538.800048828125,2539.699951171875,20218
2025-10-03 09:05:00+00:00,2546.60009765625,2546.60009765625,2540.39990234375,2540.60009765625,31369
2025-10-03 09:10:00+00:00,2546.199951171875,2548.39990234375,2545.5,2546.60009765625,20821
2025-10-03 09:15:00+00:00,2547.199951171875,2547.60009765625,2546.199951171875,2546.199951171875,11186
2025-10-03 09:20:00+00:00,2547.0,2547.199951171875,2546.300048828125,2547.199951171875,10052
2025-10-03 09:25:00+00:00,2545.89990234375,2547.0,2545.800048828125,2547.0,15242
2025-10-03 09:30:00+00:00,2546.10009765625,2547.199951171875,2544.60009765625,2546.60009765625,50190
2025-10-03 09:35:00+00:00,2547.10009765625,2547.699951171875,2546.199951171875,2546.199951171875,58914
2025-10-03 09:40:00+00:00,2543.300048828125,2547.10009765625,2543.300048828125,2547.10009765625,68179
2025-10-03 09:45:00+00:00,2542.39990234375,2543.300048828125,2541.5,2543.300048828125,61124
2025-10-03 09:50:00+00:00,2544.5,2545.89990234375,2542.10009765625,2542.39990234375,64676
2025-10-03 09:55:00+00:00,2544.89990234375,2547.199951171875,2538.300048828125,2544.39990234375,49104
2025-10-06 03:45:00+00:00,2531.5,2541.60009765625,2527.699951171875,2541.60009765625,0
2025-10-06 03:50:00+00:00,2532.199951171875,2534.199951171875,2526.300048828125,2533.0,7299
2025-10-06 03:55:00+00:00,2521.5,2531.5,2521.300048828125,2531.5,12589
2025-10-06 04:00:00+00:00,2528.10009765625,2529.10009765625,2520.300048828125,2521.300048828125,6077
2025-10-06 04:05:00+00:00,2531.89990234375,2531.89990234375,2527.5,2528.5,4102
2025-10-06 04:10:00+00:00,2532.89990234375,2535.60009765625,2531.0,2531.89990234375,7385
2025-10-06 04:15:00+00:00,2530.800048828125,2534.300048828125,2529.800048828125,2532.89990234375,5683
2025-10-06 04:20:00+00:00,2529.10009765625,2532.0,2529.0,2531.39990234375,3111
2025-10-06 04:25:00+00:00,2527.5,2531.0,2526.5,2529.300048828125,4013
2025-10-06 04:30:00+00:00,2526.699951171875,2528.5,2525.800048828125,2527.39990234375,2617
2025-10-06 04:35:00+00:00,2526.699951171875,2527.60009765625,2525.0,2526.699951171875,3634
2025-10-06 04:40:00+00:00,2526.10009765625,2527.39990234375,2523.0,2527.39990234375,8832
2025-10-06 04:45:00+00:00,2527.89990234375,2528.0,2525.89990234375,2526.199951171875,2090
2025-10-06 04:50:00+00:00,2530.10009765625,2530.10009765625,2524.800048828125,2527.199951171875,2955
2025-10-06 04:55:00+00:00,2529.60009765625,2530.5,2527.60009765625,2529.5,1214
2025-10-06 05:00:00+00:00,2532.199951171875,2532.199951171875,2529.60009765625,2529.60009765625,1538
2025-10-06 05:05:00+00:00,2533.10009765625,2533.5,2531.89990234375,2532.199951171875,2662
2025-10-06 05:10:00+00:00,2532.0,2533.39990234375,2531.0,2533.10009765625,3096
2025-10-06 05:15:00+00:00,2528.39990234375,2532.5,2527.5,2532.0,3921
2025-10-06 05:20:00+00:00,2529.699951171875,2529.800048828125,2527.0,2528.0,4935
2025-10-06 05:25:00+00:00,2529.699951171875,2533.0,2529.699951171875,2530.5,3407
2025-10-06 05:30:00+00:00,2528.800048828125,2530.699951171875,2528.0,2528.699951171875,1702
2025-10-06 05:35:00+00:00,2531.0,2531.0,2526.800048828125,2528.800048828125,3262
2025-10-06 05:40:00+00:00,2534.800048828125,2534.89990234375,2531.10009765625,2531.10009765625,45703
2025-10-06 05:45:00+00:00,2535.0,2536.300048828125,2533.10009765625,2534.89990234375,14781
2025-10-06 05:50:00+00:00,2534.199951171875,2536.0,2533.10009765625,2535.0,2949
2025-10-06 05:55:00+00:00,2534.39990234375,2535.39990234375,2533.0,2534.800048828125,3639
2025-10-06 06:00:00+00:00,2535.300048828125,2537.699951171875,2533.89990234375,2534.39990234375,5835
2025-10-06 06:05:00+00:00,2540.10009765625,2540.10009765625,2534.0,2535.0,29772
2025-10-06 06:10:00+00:00,2536.89990234375,2540.10009765625,2535.60009765625,2540.0,34585
2025-10-06 06:15:00+00:00,2538.89990234375,2539.39990234375,2536.0,2536.300048828125,28573
2025-10-06 06:20:00+00:00,2538.0,2540.5,2535.0,2539.0,43197
2025-10-06 06:25:00+00:00,2535.800048828125,2537.199951171875,2534.10009765625,2536.300048828125,2562
2025-10-06 06:30:00+00:00,2534.199951171875,2536.199951171875,2533.0,2535.800048828125,16852
2025-10-06 06:35:00+00:00,2535.5,2535.89990234375,2534.10009765625,2534.10009765625,1251
2025-10-06 06:40:00+00:00,2535.0,2535.800048828125,2534.5,2534.699951171875,669
2025-10-06 06:45:00+00:00,2533.89990234375,2535.699951171875,2533.0,2535.60009765625,2141
2025-10-06 06:50:00+00:00,2534.0,2535.0,2533.0,2534.60009765625,2608
2025-10-06 06:55:00+00:00,2533.89990234375,2534.5,2533.0,2534.199951171875,1845
2025-10-06 07:00:00+00:00,2535.0,2535.10009765625,2533.0,2533.39990234375,4038
2025-10-06 07:05:00+00:00,2534.60009765625,2535.5,2534.39990234375,2534.89990234375,1455
2025-10-06 07:10:00+00:00,2535.699951171875,2535.800048828125,2533.800048828125,2534.39990234375,3891
2025-10-06 07:15:00+00:00,2534.5,2536.0,2534.0,2535.89990234375,3243
2025-10-06 07:20:00+00:00,2535.5,2535.800048828125,2534.10009765625,2534.39990234375,2148
2025-10-06 07:25:00+00:00,2535.0,2536.0,2534.5,2535.60009765625,3980
2025-10-06 07:30:00+00:00,2535.0,2535.60009765625,2533.39990234375,2535.10009765625,3376
2025-10-06 07:35:00+00:00,2535.0,2535.800048828125,2534.39990234375,2534.39990234375,1973
2025-10-06 07:40:00+00:00,2536.0,2536.5,2534.5,2535.0,4202
2025-10-06 07:45:00+00:00,2537.60009765625,2537.699951171875,2535.300048828125,2536.800048828125,2561
2025-10-06 07:50:00+00:00,2537.800048828125,2538.800048828125,2537.300048828125,2537.699951171875,5054
2025-10-06 07:55:00+00:00,2540.300048828125,2540.89990234375,2537.300048828125,2537.300048828125,6552
2025-10-06 08:00:00+00:00,2542.5,2544.199951171875,2539.699951171875,2540.699951171875,7568
2025-10-06 08:05:00+00:00,2543.39990234375,2543.5,2542.199951171875,2542.39990234375,5984
2025-10-06 08:10:00+00:00,2543.89990234375,2544.0,2543.0,2543.199951171875,2476
2025-10-06 08:15:00+00:00,2543.0,2544.0,2541.89990234375,2543.300048828125,6574
2025-10-06 08:20:00+00:00,2548.0,2549.300048828125,2540.300048828125,2542.10009765625,28609
2025-10-06 08:25:00+00:00,2549.199951171875,2549.300048828125,2546.39990234375,2548.0,3685
2025-10-06 08:30:00+00:00,2546.300048828125,2549.300048828125,2545.0,2548.89990234375,3239
2025-10-06 08:35:00+00:00,2542.5,2546.800048828125,2541.800048828125,2546.39990234375,13319
2025-10-06 08:40:00+00:00,2542.300048828125,2542.699951171875,2539.39990234375,2542.199951171875,17998
2025-10-06 08:45:00+00:00,2544.5,2544.89990234375,2542.0,2542.0,13560
2025-10-06 08:50:00+00:00,2542.5,2545.0,2542.0,2544.800048828125,20397
2025-10-06 08:55:00+00:00,2541.0,2544.10009765625,2541.0,2542.300048828125,22256
2025-10-06 09:00:00+00:00,2542.800048828125,2543.60009765625,2539.800048828125,2540.89990234375,23800
2025-10-06 09:05:00+00:00,2543.300048828125,2545.0,2542.0,2542.300048828125,20436
2025-10-06 09:10:00+00:00,2542.89990234375,2543.5,2540.699951171875,2543.0,23305
2025-10-06 09:15:00+00:00,2541.5,2544.699951171875,2541.5,2542.800048828125,16884
2025-10-06 09:20:00+00:00,2543.699951171875,2549.199951171875,2540.300048828125,2541.5,23853
2025-10-06 09:25:00+00:00,2543.10009765625,2545.300048828125,2542.699951171875,2544.0,21084
2025-10-06 09:30:00+00:00,2541.800048828125,2544.800048828125,2541.800048828125,2544.5,20546
2025-10-06 09:35:00+00:00,2542.5,2542.800048828125,2541.199951171875,2542.800048828125,17980
2025-10-06 09:40:00+00:00,2539.39990234375,2541.699951171875,2539.10009765625,2541.5,22305
2025-10-06 09:45:00+00:00,2542.10009765625,2543.300048828125,2539.800048828125,2539.800048828125,31011
2025-10-06 09:50:00+00:00,2541.0,2547.800048828125,2540.199951171875,2542.10009765625,27944
2025-10-06 09:55:00+00:00,2541.800048828125,2548.0,2537.39990234375,2540.10009765625,0
2025-10-07 03:45:00+00:00,2547.39990234375,2554.300048828125,2541.800048828125,2546.0,16486
2025-10-07 03:50:00+00:00,2546.800048828125,2552.800048828125,2546.0,2546.800048828125,16416
2025-10-07 03:55:00+00:00,2547.0,2547.0,2542.10009765625,2546.0,8591
2025-10-07 04:00:00+00:00,2546.300048828125,2548.89990234375,2546.300048828125,2548.0,2671
2025-10-07 04:05:00+00:00,2547.10009765625,2548.10009765625,2545.0,2545.199951171875,2269
2025-10-07 04:10:00+00:00,2548.0,2548.0,2546.39990234375,2546.89990234375,1119
2025-10-07 04:15:00+00:00,2549.0,2549.0,2547.0,2548.0,2760
2025-10-07 04:20:00+00:00,2555.0,2555.0,2548.39990234375,2548.39990234375,6279
2025-10-07 04:25:00+00:00,2557.10009765625,2558.89990234375,2554.199951171875,2555.0,6778
2025-10-07 04:30:00+00:00,2557.0,2557.60009765625,2553.5,2557.5,8501
2025-10-07 04:35:00+00:00,2549.5,2557.0,2548.0,2557.0,14128
2025-10-07 04:40:00+00:00,2546.0,2549.199951171875,2545.300048828125,2549.199951171875,4226
2025-10-07 04:45:00+00:00,2547.0,2547.60009765625,2543.800048828125,2546.10009765625,7012
2025-10-07 04:50:00+00:00,2545.0,2547.800048828125,2543.699951171875,2547.0,4091
2025-10-07 04:55:00+00:00,2544.0,2545.0,2542.89990234375,2545.0,1452
2025-10-07 05:00:00+00:00,2545.10009765625,2547.39990234375,2542.5,2543.60009765625,2683
2025-10-07 05:05:00+00:00,2545.89990234375,2546.60009765625,2543.10009765625,2544.699951171875,2910
2025-10-07 05:10:00+00:00,2545.0,2546.5,2544.10009765625,2546.199951171875,3191
2025-10-07 05:15:00+00:00,2541.699951171875,2545.0,2541.699951171875,2544.89990234375,3056
2025-10-07 05:20:00+00:00,2539.0,2541.89990234375,2536.39990234375,2541.699951171875,4056
2025-10-07 05:25:00+00:00,2534.39990234375,2538.5,2534.10009765625,2537.39990234375,9317
2025-10-07 05:30:00+00:00,2530.89990234375,2535.699951171875,2529.89990234375,2534.5,7117
2025-10-07 05:35:00+00:00,2529.199951171875,2531.699951171875,2528.60009765625,2530.199951171875,3876
2025-10-07 05:40:00+00:00,2523.60009765625,2529.5,2523.5,2529.5,7008
2025-10-07 05:45:00+00:00,2521.199951171875,2524.60009765625,2521.199951171875,2524.199951171875,4360
2025-10-07 05:50:00+00:00,2517.300048828125,2522.0,2517.10009765625,2521.800048828125,5778
2025-10-07 05:55:00+00:00,2521.699951171875,2521.699951171875,2516.5,2517.0,14255
2025-10-07 06:00:00+00:00,2520.0,2522.89990234375,2518.300048828125,2522.39990234375,13924
2025-10-07 06:05:00+00:00,2512.300048828125,2520.699951171875,2512.300048828125,2520.699951171875,27648
2025-10-07 06:10:00+00:00,2512.89990234375,2515.39990234375,2511.5,2512.199951171875,13969
2025-10-07 06:15:00+00:00,2514.300048828125,2515.5,2512.5,2512.5,3367
2025-10-07 06:20:00+00:00,2514.0,2515.199951171875,2512.10009765625,2514.300048828125,7330
2025-10-07 06:25:00+00:00,2513.89990234375,2515.39990234375,2512.800048828125,2513.800048828125,4119
2025-10-07 06:30:00+00:00,2512.60009765625,2513.89990234375,2512.0,2513.89990234375,5574
2025-10-07 06:35:00+00:00,2515.300048828125,2517.5,2512.699951171875,2512.699951171875,13520
2025-10-07 06:40:00+00:00,2511.89990234375,2517.89990234375,2510.699951171875,2514.699951171875,25945
2025-10-07 06:45:00+00:00,2514.10009765625,2514.699951171875,2511.60009765625,2511.89990234375,12088
2025-10-07 06:50:00+00:00,2515.39990234375,2516.0,2514.0,2514.10009765625,5051
2025-10-07 06:55:00+00:00,2518.800048828125,2520.0,2515.10009765625,2515.10009765625,13952
2025-10-07 07:00:00+00:00,2527.10009765625,2528.0,2518.699951171875,2518.699951171875,43040
2025-10-07 07:05:00+00:00,2530.0,2531.0,2526.60009765625,2526.60009765625,14249
2025-10-07 07:10:00+00:00,2529.39990234375,2530.699951171875,2527.699951171875,2530.699951171875,13565
2025-10-07 07:15:00+00:00,2528.89990234375,2530.89990234375,2528.60009765625,2530.199951171875,5128
2025-10-07 07:20:00+00:00,2530.10009765625,2530.89990234375,2527.300048828125,2529.10009765625,17591
2025-10-07 07:25:00+00:00,2529.60009765625,2530.89990234375,2529.0,2530.10009765625,6850
2025-10-07 07:30:00+00:00,2530.10009765625,2531.0,2529.0,2530.0,13250
2025-10-07 07:35:00+00:00,2532.300048828125,2532.300048828125,2528.89990234375,2530.10009765625,7808
2025-10-07 07:40:00+00:00,2533.10009765625,2535.199951171875,2531.0,2532.300048828125,7887
2025-10-07 07:45:00+00:00,2530.800048828125,2535.0,2530.10009765625,2533.0,8642
2025-10-07 07:50:00+00:00,2530.60009765625,2531.10009765625,2528.89990234375,2530.800048828125,12970
2025-10-07 07:55:00+00:00,2525.5,2530.60009765625,2525.10009765625,2530.60009765625,10217
2025-10-07 08:00:00+00:00,2526.5,2527.89990234375,2525.0,2525.5,15190
2025-10-07 08:05:00+00:00,2527.0,2528.10009765625,2525.89990234375,2526.10009765625,16511
2025-10-07 08:10:00+00:00,2527.5,2528.199951171875,2526.10009765625,2527.0,8873
2025-10-07 08:15:00+00:00,2529.0,2529.89990234375,2527.0,2529.0,10473
2025-10-07 08:20:00+00:00,2526.39990234375,2529.800048828125,2526.0,2529.699951171875,17999
2025-10-07 08:25:00+00:00,2526.199951171875,2527.89990234375,2525.10009765625,2527.300048828125,9091
2025-10-07 08:30:00+00:00,2518.199951171875,2526.199951171875,2516.10009765625,2526.199951171875,30827
2025-10-07 08:35:00+00:00,2518.60009765625,2519.39990234375,2515.10009765625,2518.199951171875,12384
2025-10-07 08:40:00+00:00,2518.800048828125,2519.300048828125,2515.89990234375,2519.300048828125,58488
2025-10-07 08:45:00+00:00,2519.0,2521.10009765625,2516.5,2518.89990234375,13243
2025-10-07 08:50:00+00:00,2517.89990234375,2519.0,2516.39990234375,2518.10009765625,12655
2025-10-07 08:55:00+00:00,2512.39990234375,2519.39990234375,2512.0,2518.0,27513
2025-10-07 09:00:00+00:00,2512.5,2514.300048828125,2512.0,2512.5,11501
2025-10-07 09:05:00+00:00,2509.5,2512.10009765625,2508.5,2512.0,27046
2025-10-07 09:10:00+00:00,2511.0,2514.89990234375,2508.5,2509.800048828125,43507
2025-10-07 09:15:00+00:00,2513.89990234375,2514.10009765625,2509.199951171875,2511.0,26705
2025-10-07 09:20:00+00:00,2513.0,2514.699951171875,2510.800048828125,2513.89990234375,24268
2025-10-07 09:25:00+00:00,2512.60009765625,2513.699951171875,2512.10009765625,2513.39990234375,19625
2025-10-07 09:30:00+00:00,2517.800048828125,2518.0,2511.60009765625,2513.5,85375
2025-10-07 09:35:00+00:00,2519.10009765625,2520.89990234375,2515.800048828125,2517.699951171875,91519
2025-10-07 09:40:00+00:00,2513.89990234375,2519.89990234375,2513.89990234375,2519.39990234375,61708
2025-10-07 09:45:00+00:00,2514.89990234375,2516.5,2513.699951171875,2513.699951171875,74288
2025-10-07 09:50:00+00:00,2517.89990234375,2519.39990234375,2514.0,2514.5,56653
2025-10-07 09:55:00+00:00,2530.0,2530.39990234375,2517.89990234375,2517.89990234375,58500
2025-10-08 03:45:00+00:00,2510.10009765625,2516.800048828125,2506.60009765625,2516.0,0
2025-10-08 03:50:00+00:00,2509.0,2511.5,2505.300048828125,2511.5,36837
2025-10-08 03:55:00+00:00,2507.699951171875,2509.60009765625,2505.0,2509.60009765625,10887
2025-10-08 04:00:00+00:00,2504.89990234375,2506.800048828125,2503.5,2506.699951171875,8497
2025-10-08 04:05:00+00:00,2504.300048828125,2507.199951171875,2503.39990234375,2504.60009765625,10587
2025-10-08 04:10:00+00:00,2502.10009765625,2505.60009765625,2501.89990234375,2504.89990234375,7516
2025-10-08 04:15:00+00:00,2500.39990234375,2502.39990234375,2500.0,2502.0,11658
2025-10-08 04:20:00+00:00,2497.89990234375,2501.0,2497.89990234375,2500.39990234375,13551
2025-10-08 04:25:00+00:00,2501.5,2501.5,2497.699951171875,2498.300048828125,9536
2025-10-08 04:30:00+00:00,2494.699951171875,2500.5,2493.89990234375,2500.300048828125,18331
2025-10-08 04:35:00+00:00,2495.60009765625,2498.699951171875,2494.10009765625,2494.199951171875,16681
2025-10-08 04:40:00+00:00,2495.199951171875,2496.89990234375,2495.0,2495.60009765625,4234
2025-10-08 04:45:00+00:00,2491.60009765625,2494.800048828125,2490.60009765625,2494.800048828125,11433
2025-10-08 04:50:00+00:00,2487.0,2491.89990234375,2486.199951171875,2491.89990234375,18251
2025-10-08 04:55:00+00:00,2491.60009765625,2492.60009765625,2486.699951171875,2486.699951171875,4279
2025-10-08 05:00:00+00:00,2490.0,2491.39990234375,2488.699951171875,2491.39990234375,3978
2025-10-08 05:05:00+00:00,2494.199951171875,2495.0,2489.199951171875,2489.800048828125,5443
2025-10-08 05:10:00+00:00,2497.199951171875,2498.0,2494.10009765625,2494.60009765625,14710
2025-10-08 05:15:00+00:00,2499.10009765625,2500.0,2494.10009765625,2496.800048828125,31201
2025-10-08 05:20:00+00:00,2503.800048828125,2505.89990234375,2499.60009765625,2500.0,20059
2025-10-08 05:25:00+00:00,2505.0,2507.0,2503.10009765625,2503.5,23582
2025-10-08 05:30:00+00:00,2508.199951171875,2509.5,2504.800048828125,2504.89990234375,48533
2025-10-08 05:35:00+00:00,2505.800048828125,2510.5,2505.60009765625,2509.699951171875,61014
2025-10-08 05:40:00+00:00,2503.39990234375,2505.39990234375,2501.800048828125,2505.0,6425
2025-10-08 05:45:00+00:00,2503.800048828125,2504.0,2502.199951171875,2503.0,4212
2025-10-08 05:50:00+00:00,2503.699951171875,2505.0,2503.0,2503.10009765625,9303
2025-10-08 05:55:00+00:00,2501.0,2503.800048828125,2501.0,2503.800048828125,3573
2025-10-08 06:00:00+00:00,2504.0,2504.39990234375,2501.699951171875,2501.699951171875,5880
2025-10-08 06:05:00+00:00,2507.300048828125,2507.800048828125,2504.0,2504.10009765625,5248
2025-10-08 06:10:00+00:00,2505.800048828125,2507.300048828125,2505.0,2507.300048828125,7112
2025-10-08 06:15:00+00:00,2507.300048828125,2507.89990234375,2505.800048828125,2506.199951171875,5567
2025-10-08 06:20:00+00:00,2510.800048828125,2514.0,2507.39990234375,2507.5,21561
2025-10-08 06:25:00+00:00,2511.0,2511.0,2509.5,2510.39990234375,5311
2025-10-08 06:30:00+00:00,2510.5,2512.10009765625,2509.0,2511.0,8626
2025-10-08 06:35:00+00:00,2508.199951171875,2511.300048828125,2508.0,2510.39990234375,5011
2025-10-08 06:40:00+00:00,2508.60009765625,2510.0,2505.5,2508.0,26906
2025-10-08 06:45:00+00:00,2508.5,2509.39990234375,2506.89990234375,2507.60009765625,17464
2025-10-08 06:50:00+00:00,2503.199951171875,2508.39990234375,2503.199951171875,2508.39990234375,19736
2025-10-08 06:55:00+00:00,2504.800048828125,2505.800048828125,2503.5,2505.10009765625,14993
2025-10-08 07:00:00+00:00,2505.5,2505.5,2502.89990234375,2504.699951171875,7891
2025-10-08 07:05:00+00:00,2504.39990234375,2505.5,2502.89990234375,2505.39990234375,9051
2025-10-08 07:10:00+00:00,2505.0,2505.5,2504.300048828125,2504.60009765625,8302
2025-10-08 07:15:00+00:00,2506.0,2506.800048828125,2505.0,2505.199951171875,5666
2025-10-08 07:20:00+00:00,2507.39990234375,2507.39990234375,2505.0,2505.60009765625,5721
2025-10-08 07:25:00+00:00,2509.199951171875,2510.0,2506.800048828125,2507.39990234375,7450
2025-10-08 07:30:00+00:00,2509.10009765625,2509.89990234375,2507.89990234375,2508.800048828125,11198
2025-10-08 07:35:00+00:00,2509.300048828125,2509.699951171875,2508.10009765625,2509.10009765625,7275
2025-10-08 07:40:00+00:00,2509.10009765625,2510.300048828125,2507.39990234375,2509.699951171875,14902
2025-10-08 07:45:00+00:00,2508.89990234375,2509.60009765625,2506.89990234375,2509.199951171875,15398
2025-10-08 07:50:00+00:00,2508.699951171875,2509.89990234375,2508.5,2509.10009765625,16485
2025-10-08 07:55:00+00:00,2509.800048828125,2509.89990234375,2508.5,2508.699951171875,6474
2025-10-08 08:00:00+00:00,2512.60009765625,2513.10009765625,2509.0,2509.699951171875,9632
2025-10-08 08:05:00+00:00,2512.0,2512.699951171875,2510.800048828125,2512.60009765625,7835
2025-10-08 08:10:00+00:00,2511.5,2512.0,2510.89990234375,2512.0,13375
2025-10-08 08:15:00+00:00,2513.10009765625,2513.89990234375,2511.5,2511.5,10526
2025-10-08 08:20:00+00:00,2516.5,2516.699951171875,2512.89990234375,2513.5,23365
2025-10-08 08:25:00+00:00,2516.800048828125,2517.5,2515.10009765625,2516.5,13647
2025-10-08 08:30:00+00:00,2515.300048828125,2516.800048828125,2513.89990234375,2516.800048828125,30568
2025-10-08 08:35:00+00:00,2510.60009765625,2515.60009765625,2510.39990234375,2515.60009765625,18841
2025-10-08 08:40:00+00:00,2511.60009765625,2512.0,2509.10009765625,2510.60009765625,18449
2025-10-08 08:45:00+00:00,2511.89990234375,2511.89990234375,2510.39990234375,2511.60009765625,8206
2025-10-08 08:50:00+00:00,2508.89990234375,2511.60009765625,2507.39990234375,2511.60009765625,21204
2025-10-08 08:55:00+00:00,2506.60009765625,2508.800048828125,2506.0,2508.699951171875,10782
2025-10-08 09:00:00+00:00,2506.0,2507.60009765625,2505.89990234375,2506.10009765625,10679
2025-10-08 09:05:00+00:00,2507.0,2507.39990234375,2505.89990234375,2506.0,8366
2025-10-08 09:10:00+00:00,2506.60009765625,2507.699951171875,2506.0,2507.0,12410
2025-10-08 09:15:00+00:00,2507.89990234375,2508.0,2505.89990234375,2506.39990234375,9786
2025-10-08 09:20:00+00:00,2507.199951171875,2509.300048828125,2506.10009765625,2507.89990234375,23775
2025-10-08 09:25:00+00:00,2502.0,2507.199951171875,2501.699951171875,2507.199951171875,15316
2025-10-08 09:30:00+00:00,2497.5,2504.199951171875,2497.300048828125,2502.699951171875,38965
2025-10-08 09:35:00+00:00,2499.300048828125,2501.0,2498.5,2499.0,35245
2025-10-08 09:40:00+00:00,2498.5,2500.699951171875,2497.89990234375,2500.699951171875,33404
2025-10-08 09:45:00+00:00,2501.5,2502.800048828125,2498.5,2498.5,36369
2025-10-08 09:50:00+00:00,2502.10009765625,2502.699951171875,2501.5,2501.60009765625,41111
2025-10-08 09:55:00+00:00,2497.0,2500.300048828125,2495.39990234375,2500.300048828125,28131
2025-10-09 03:45:00+00:00,2502.10009765625,2510.60009765625,2500.0,2503.39990234375,0
2025-10-09 03:50:00+00:00,2502.199951171875,2505.60009765625,2499.10009765625,2502.5,10616
2025-10-09 03:55:00+00:00,2505.300048828125,2505.699951171875,2500.0,2500.800048828125,4401
2025-10-09 04:00:00+00:00,2503.10009765625,2505.5,2502.800048828125,2505.300048828125,6554
2025-10-09 04:05:00+00:00,2504.89990234375,2505.199951171875,2503.39990234375,2503.89990234375,1925
2025-10-09 04:10:00+00:00,2508.0,2509.0,2504.800048828125,2504.89990234375,4375
2025-10-09 04:15:00+00:00,2508.800048828125,2511.0,2507.39990234375,2508.60009765625,8423
2025-10-09 04:20:00+00:00,2510.0,2510.0,2506.699951171875,2508.60009765625,3523
2025-10-09 04:25:00+00:00,2510.300048828125,2510.5,2509.39990234375,2509.89990234375,3062
2025-10-09 04:30:00+00:00,2511.39990234375,2511.5,2509.5,2510.10009765625,2881
2025-10-09 04:35:00+00:00,2510.800048828125,2511.39990234375,2509.800048828125,2511.39990234375,1640
2025-10-09 04:40:00+00:00,2510.0,2510.89990234375,2506.89990234375,2510.800048828125,9101
2025-10-09 04:45:00+00:00,2510.60009765625,2511.800048828125,2510.0,2510.800048828125,4452
2025-10-09 04:50:00+00:00,2512.199951171875,2513.800048828125,2510.199951171875,2510.199951171875,4165
2025-10-09 04:55:00+00:00,2513.699951171875,2516.39990234375,2511.199951171875,2511.89990234375,5608
2025-10-09 05:00:00+00:00,2512.89990234375,2515.5,2512.89990234375,2513.199951171875,3156
2025-10-09 05:05:00+00:00,2514.800048828125,2515.10009765625,2513.60009765625,2513.699951171875,2669
2025-10-09 05:10:00+00:00,2515.300048828125,2516.800048828125,2514.300048828125,2514.300048828125,8243
2025-10-09 05:15:00+00:00,2514.60009765625,2515.5,2514.300048828125,2515.300048828125,1206
2025-10-09 05:20:00+00:00,2512.800048828125,2514.5,2511.0,2514.300048828125,13800
2025-10-09 05:25:00+00:00,2513.60009765625,2514.699951171875,2510.199951171875,2512.0,6048
2025-10-09 05:30:00+00:00,2515.89990234375,2515.89990234375,2514.0,2514.0,4725
2025-10-09 05:35:00+00:00,2515.89990234375,2517.10009765625,2514.699951171875,2515.89990234375,6964
2025-10-09 05:40:00+00:00,2515.5,2516.699951171875,2514.699951171875,2516.199951171875,5854
2025-10-09 05:45:00+00:00,2515.5,2516.0,2514.39990234375,2515.5,2357
2025-10-09 05:50:00+00:00,2517.89990234375,2518.5,2515.10009765625,2515.5,2816
2025-10-09 05:55:00+00:00,2518.0,2518.5,2517.199951171875,2517.5,1633
2025-10-09 06:00:00+00:00,2518.199951171875,2518.39990234375,2516.300048828125,2517.800048828125,2880
2025-10-09 06:05:00+00:00,2518.699951171875,2519.699951171875,2517.89990234375,2518.39990234375,6140
2025-10-09 06:10:00+00:00,2518.39990234375,2519.800048828125,2517.699951171875,2518.699951171875,21227
2025-10-09 06:15:00+00:00,2519.60009765625,2520.0,2518.199951171875,2518.60009765625,16073
2025-10-09 06:20:00+00:00,2512.699951171875,2519.89990234375,2512.0,2519.60009765625,6368
2025-10-09 06:25:00+00:00,2517.0,2517.0,2512.60009765625,2512.699951171875,6666
2025-10-09 06:30:00+00:00,2512.39990234375,2518.60009765625,2512.39990234375,2516.89990234375,8498
2025-10-09 06:35:00+00:00,2512.89990234375,2512.89990234375,2510.5,2512.0,6888
2025-10-09 06:40:00+00:00,2513.199951171875,2514.5,2512.5,2513.0,1593
2025-10-09 06:45:00+00:00,2515.60009765625,2515.800048828125,2513.10009765625,2514.10009765625,2781
2025-10-09 06:50:00+00:00,2516.800048828125,2517.199951171875,2515.199951171875,2515.60009765625,3096
2025-10-09 06:55:00+00:00,2515.60009765625,2516.699951171875,2515.0,2516.699951171875,3559
2025-10-09 07:00:00+00:00,2514.800048828125,2515.800048828125,2514.699951171875,2515.60009765625,5626
2025-10-09 07:05:00+00:00,2516.800048828125,2517.60009765625,2514.699951171875,2514.800048828125,2123
2025-10-09 07:10:00+00:00,2517.0,2517.10009765625,2515.199951171875,2516.89990234375,6149
2025-10-09 07:15:00+00:00,2519.800048828125,2520.199951171875,2517.0,2517.0,5020
2025-10-09 07:20:00+00:00,2518.199951171875,2520.89990234375,2518.10009765625,2519.89990234375,9710
2025-10-09 07:25:00+00:00,2513.89990234375,2519.0,2513.39990234375,2517.60009765625,9787
2025-10-09 07:30:00+00:00,2515.60009765625,2516.199951171875,2513.300048828125,2513.89990234375,76390
2025-10-09 07:35:00+00:00,2515.199951171875,2516.199951171875,2514.60009765625,2515.60009765625,4001
2025-10-09 07:40:00+00:00,2514.10009765625,2516.5,2513.800048828125,2515.800048828125,5167
2025-10-09 07:45:00+00:00,2513.699951171875,2514.10009765625,2510.89990234375,2514.10009765625,6123
2025-10-09 07:50:00+00:00,2513.300048828125,2514.0,2512.199951171875,2514.0,5137
2025-10-09 07:55:00+00:00,2513.5,2513.800048828125,2510.89990234375,2513.39990234375,3071
2025-10-09 08:00:00+00:00,2511.60009765625,2515.300048828125,2511.60009765625,2513.5,111005
2025-10-09 08:05:00+00:00,2509.300048828125,2512.199951171875,2508.39990234375,2511.699951171875,6721
2025-10-09 08:10:00+00:00,2509.89990234375,2511.39990234375,2508.89990234375,2509.199951171875,6947
2025-10-09 08:15:00+00:00,2510.800048828125,2512.300048828125,2508.800048828125,2509.5,6084
2025-10-09 08:20:00+00:00,2514.89990234375,2514.89990234375,2510.5,2510.89990234375,6246
2025-10-09 08:25:00+00:00,2513.699951171875,2516.199951171875,2513.0,2515.0,4697
2025-10-09 08:30:00+00:00,2514.89990234375,2515.89990234375,2513.699951171875,2514.39990234375,5506
2025-10-09 08:35:00+00:00,2513.199951171875,2515.199951171875,2512.199951171875,2515.0,7882
2025-10-09 08:40:00+00:00,2512.39990234375,2515.0,2511.699951171875,2513.300048828125,11376
2025-10-09 08:45:00+00:00,2511.10009765625,2515.0,2511.0,2512.10009765625,14470
2025-10-09 08:50:00+00:00,2512.800048828125,2513.699951171875,2510.60009765625,2511.10009765625,8436
2025-10-09 08:55:00+00:00,2513.10009765625,2514.5,2511.300048828125,2512.300048828125,26072
2025-10-09 09:00:00+00:00,2508.39990234375,2514.699951171875,2508.0,2513.699951171875,149093
2025-10-09 09:05:00+00:00,2509.0,2510.800048828125,2507.0,2508.0,33803
2025-10-09 09:10:00+00:00,2508.39990234375,2511.300048828125,2507.800048828125,2509.39990234375,24262
2025-10-09 09:15:00+00:00,2510.0,2511.60009765625,2507.39990234375,2508.39990234375,29255
2025-10-09 09:20:00+00:00,2511.800048828125,2512.0,2509.5,2509.5,23312
2025-10-09 09:25:00+00:00,2514.800048828125,2515.199951171875,2512.0,2512.0,19185
2025-10-09 09:30:00+00:00,2517.699951171875,2520.39990234375,2514.10009765625,2514.199951171875,96158
2025-10-09 09:35:00+00:00,2520.89990234375,2520.89990234375,2514.199951171875,2517.89990234375,75279
2025-10-09 09:40:00+00:00,2517.0,2521.0,2517.0,2521.0,58001
2025-10-09 09:45:00+00:00,2516.89990234375,2519.10009765625,2514.5,2517.699951171875,57024
2025-10-09 09:50:00+00:00,2517.10009765625,2518.0,2512.5,2516.199951171875,71745
2025-10-09 09:55:00+00:00,2522.39990234375,2523.0,2516.39990234375,2517.199951171875,37665
2025-10-10 03:45:00+00:00,2520.800048828125,2523.199951171875,2511.5,2513.60009765625,0
2025-10-10 03:50:00+00:00,2516.60009765625,2520.60009765625,2513.89990234375,2520.39990234375,8333
2025-10-10 03:55:00+00:00,2517.89990234375,2519.800048828125,2516.10009765625,2516.10009765625,4845
2025-10-10 04:00:00+00:00,2519.199951171875,2520.0,2518.300048828125,2518.300048828125,3142
2025-10-10 04:05:00+00:00,2521.0,2524.10009765625,2519.89990234375,2519.89990234375,8060
2025-10-10 04:10:00+00:00,2523.10009765625,2523.199951171875,2520.199951171875,2520.199951171875,4825
2025-10-10 04:15:00+00:00,2527.0,2527.60009765625,2522.10009765625,2523.0,9767
2025-10-10 04:20:00+00:00,2521.89990234375,2527.89990234375,2521.5,2527.199951171875,4870
2025-10-10 04:25:00+00:00,2522.60009765625,2522.699951171875,2520.800048828125,2521.89990234375,7228
2025-10-10 04:30:00+00:00,2524.10009765625,2524.39990234375,2520.89990234375,2522.0,2383
2025-10-10 04:35:00+00:00,2522.39990234375,2524.800048828125,2522.39990234375,2524.10009765625,3989
2025-10-10 04:40:00+00:00,2521.0,2522.300048828125,2519.60009765625,2522.300048828125,2898
2025-10-10 04:45:00+00:00,2522.800048828125,2525.199951171875,2519.39990234375,2521.0,3407
2025-10-10 04:50:00+00:00,2517.300048828125,2523.0,2516.300048828125,2523.0,2748
2025-10-10 04:55:00+00:00,2517.60009765625,2518.800048828125,2516.39990234375,2518.0,3280
2025-10-10 05:00:00+00:00,2516.0,2518.0,2515.699951171875,2516.800048828125,2619
2025-10-10 05:05:00+00:00,2516.60009765625,2518.10009765625,2514.699951171875,2515.89990234375,5253
2025-10-10 05:10:00+00:00,2512.800048828125,2519.10009765625,2512.800048828125,2516.10009765625,5960
2025-10-10 05:15:00+00:00,2515.199951171875,2516.0,2513.0,2514.699951171875,4477
2025-10-10 05:20:00+00:00,2514.60009765625,2516.60009765625,2513.10009765625,2515.5,7262
2025-10-10 05:25:00+00:00,2521.0,2522.10009765625,2514.0,2514.60009765625,11953
2025-10-10 05:30:00+00:00,2522.0,2522.0,2520.0,2521.10009765625,134754
2025-10-10 05:35:00+00:00,2520.5,2522.0,2520.0,2522.0,2916
2025-10-10 05:40:00+00:00,2522.10009765625,2522.5,2520.199951171875,2520.39990234375,7415
2025-10-10 05:45:00+00:00,2520.0,2523.10009765625,2519.60009765625,2522.199951171875,27480
2025-10-10 05:50:00+00:00,2515.10009765625,2520.0,2514.699951171875,2519.699951171875,18818
2025-10-10 05:55:00+00:00,2511.60009765625,2515.699951171875,2510.39990234375,2515.10009765625,11181
2025-10-10 06:00:00+00:00,2514.5,2514.89990234375,2510.0,2511.0,11807
2025-10-10 06:05:00+00:00,2514.0,2517.5,2513.199951171875,2514.89990234375,9898
2025-10-10 06:10:00+00:00,2517.0,2517.10009765625,2512.699951171875,2514.0,9069
2025-10-10 06:15:00+00:00,2518.0,2520.0,2517.0,2517.10009765625,26731
2025-10-10 06:20:00+00:00,2515.5,2518.300048828125,2515.300048828125,2518.300048828125,7866
2025-10-10 06:25:00+00:00,2515.39990234375,2516.300048828125,2515.0,2515.5,8065
2025-10-10 06:30:00+00:00,2518.10009765625,2518.199951171875,2515.10009765625,2517.39990234375,11788
2025-10-10 06:35:00+00:00,2520.10009765625,2520.10009765625,2518.0,2518.10009765625,20851
2025-10-10 06:40:00+00:00,2520.10009765625,2520.39990234375,2520.0,2520.0,5313
2025-10-10 06:45:00+00:00,2525.10009765625,2525.300048828125,2520.0,2520.0,22356
2025-10-10 06:50:00+00:00,2526.0,2526.800048828125,2525.0,2525.0,10316
2025-10-10 06:55:00+00:00,2526.0,2527.199951171875,2525.0,2525.5,6698
2025-10-10 07:00:00+00:00,2525.10009765625,2526.0,2525.0,2526.0,6673
2025-10-10 07:05:00+00:00,2525.0,2525.39990234375,2525.0,2525.10009765625,6180
2025-10-10 07:10:00+00:00,2526.89990234375,2527.199951171875,2524.5,2525.10009765625,12925
2025-10-10 07:15:00+00:00,2525.800048828125,2527.699951171875,2525.800048828125,2527.5,14445
2025-10-10 07:20:00+00:00,2525.39990234375,2526.10009765625,2521.0,2525.300048828125,47406
2025-10-10 07:25:00+00:00,2525.199951171875,2525.60009765625,2524.10009765625,2524.89990234375,7816
2025-10-10 07:30:00+00:00,2521.699951171875,2525.199951171875,2520.800048828125,2525.199951171875,19035
2025-10-10 07:35:00+00:00,2520.800048828125,2522.199951171875,2520.0,2521.800048828125,6649
2025-10-10 07:40:00+00:00,2523.199951171875,2523.300048828125,2520.0,2520.800048828125,13027
2025-10-10 07:45:00+00:00,2525.10009765625,2525.10009765625,2522.0,2523.199951171875,14427
2025-10-10 07:50:00+00:00,2525.199951171875,2526.800048828125,2524.5,2525.10009765625,7532
2025-10-10 07:55:00+00:00,2522.89990234375,2525.199951171875,2522.0,2525.199951171875,20911
2025-10-10 08:00:00+00:00,2524.800048828125,2525.89990234375,2522.89990234375,2522.89990234375,6057
2025-10-10 08:05:00+00:00,2524.89990234375,2525.0,2522.39990234375,2524.699951171875,7234
2025-10-10 08:10:00+00:00,2522.699951171875,2524.89990234375,2522.10009765625,2524.89990234375,4570
2025-10-10 08:15:00+00:00,2522.300048828125,2522.699951171875,2522.0,2522.699951171875,5081
2025-10-10 08:20:00+00:00,2523.699951171875,2524.89990234375,2522.300048828125,2522.300048828125,5221
2025-10-10 08:25:00+00:00,2522.60009765625,2524.5,2522.0,2524.300048828125,6043
2025-10-10 08:30:00+00:00,2522.699951171875,2524.0,2522.199951171875,2522.5,5197
2025-10-10 08:35:00+00:00,2524.800048828125,2526.800048828125,2522.0,2522.699951171875,13884
2025-10-10 08:40:00+00:00,2525.199951171875,2525.5,2524.89990234375,2525.10009765625,6478
2025-10-10 08:45:00+00:00,2525.10009765625,2527.10009765625,2524.300048828125,2525.199951171875,17049
2025-10-10 08:50:00+00:00,2528.800048828125,2529.300048828125,2525.0,2525.0,11491
2025-10-10 08:55:00+00:00,2532.199951171875,2534.39990234375,2529.0,2529.0,26779
2025-10-10 09:00:00+00:00,2531.699951171875,2534.0,2531.699951171875,2532.5,16201
2025-10-10 09:05:00+00:00,2532.300048828125,2534.0,2530.800048828125,2531.699951171875,12816
2025-10-10 09:10:00+00:00,2532.39990234375,2533.699951171875,2531.5,2532.199951171875,11376
2025-10-10 09:15:00+00:00,2533.699951171875,2533.699951171875,2530.199951171875,2532.39990234375,25244
2025-10-10 09:20:00+00:00,2532.699951171875,2534.89990234375,2531.300048828125,2533.39990234375,16067
2025-10-10 09:25:00+00:00,2533.5,2533.89990234375,2532.0,2532.699951171875,10536
2025-10-10 09:30:00+00:00,2530.300048828125,2533.5,2530.300048828125,2533.5,19142
2025-10-10 09:35:00+00:00,2528.5,2530.0,2527.699951171875,2530.0,36308
2025-10-10 09:40:00+00:00,2526.0,2528.5,2526.0,2528.10009765625,26358
2025-10-10 09:45:00+00:00,2529.10009765625,2529.800048828125,2525.60009765625,2526.0,23695
2025-10-10 09:50:00+00:00,2529.0,2529.699951171875,2528.699951171875,2528.89990234375,22021
2025-10-10 09:55:00+00:00,2528.89990234375,2531.0,2525.10009765625,2529.39990234375,24242
2025-10-13 03:45:00+00:00,2520.60009765625,2530.0,2516.699951171875,2524.699951171875,0
2025-10-13 03:50:00+00:00,2525.10009765625,2526.60009765625,2518.60009765625,2520.800048828125,11968
2025-10-13 03:55:00+00:00,2524.0,2526.89990234375,2517.39990234375,2525.300048828125,9083
2025-10-13 04:00:00+00:00,2516.60009765625,2523.300048828125,2516.199951171875,2523.300048828125,4493
2025-10-13 04:05:00+00:00,2520.89990234375,2520.89990234375,2515.10009765625,2516.60009765625,4498
2025-10-13 04:10:00+00:00,2520.699951171875,2521.699951171875,2519.300048828125,2519.89990234375,3507
2025-10-13 04:15:00+00:00,2518.199951171875,2520.10009765625,2518.10009765625,2519.300048828125,1491
2025-10-13 04:20:00+00:00,2515.5,2518.60009765625,2515.5,2518.199951171875,1906
2025-10-13 04:25:00+00:00,2513.10009765625,2516.300048828125,2513.10009765625,2515.0,2353
2025-10-13 04:30:00+00:00,2512.0,2513.5,2511.5,2513.5,3154
2025-10-13 04:35:00+00:00,2510.699951171875,2512.199951171875,2508.0,2511.89990234375,9167
2025-10-13 04:40:00+00:00,2511.0,2512.89990234375,2510.699951171875,2510.800048828125,3824
2025-10-13 04:45:00+00:00,2504.300048828125,2511.60009765625,2504.300048828125,2511.0,9527
2025-10-13 04:50:00+00:00,2506.0,2506.5,2499.60009765625,2503.60009765625,13366
2025-10-13 04:55:00+00:00,2508.10009765625,2510.0,2503.60009765625,2506.39990234375,9198
2025-10-13 05:00:00+00:00,2506.699951171875,2509.800048828125,2506.60009765625,2507.300048828125,12158
2025-10-13 05:05:00+00:00,2506.0,2508.800048828125,2505.0,2507.800048828125,9467
2025-10-13 05:10:00+00:00,2504.0,2507.0,2503.39990234375,2505.10009765625,5773
2025-10-13 05:15:00+00:00,2502.800048828125,2504.5,2502.0,2504.5,3634
2025-10-13 05:20:00+00:00,2498.199951171875,2502.800048828125,2498.199951171875,2502.800048828125,10402
2025-10-13 05:25:00+00:00,2499.699951171875,2499.699951171875,2496.10009765625,2498.10009765625,7643
2025-10-13 05:30:00+00:00,2497.0,2499.89990234375,2496.699951171875,2499.0,10689
2025-10-13 05:35:00+00:00,2498.60009765625,2499.699951171875,2497.699951171875,2498.800048828125,3640
2025-10-13 05:40:00+00:00,2498.199951171875,2499.0,2497.60009765625,2498.60009765625,2487
2025-10-13 05:45:00+00:00,2498.0,2499.0,2496.0,2498.199951171875,8838
2025-10-13 05:50:00+00:00,2497.300048828125,2500.0,2495.0,2498.0,67766
2025-10-13 05:55:00+00:00,2498.39990234375,2498.89990234375,2495.0,2497.300048828125,5687
2025-10-13 06:00:00+00:00,2499.199951171875,2499.699951171875,2495.39990234375,2499.10009765625,72222
2025-10-13 06:05:00+00:00,2499.5,2499.5,2494.10009765625,2498.89990234375,25773
2025-10-13 06:10:00+00:00,2498.89990234375,2500.699951171875,2497.300048828125,2499.5,22652
2025-10-13 06:15:00+00:00,2502.0,2502.0,2496.699951171875,2498.0,12916
2025-10-13 06:20:00+00:00,2502.199951171875,2502.89990234375,2501.0,2502.300048828125,4410
2025-10-13 06:25:00+00:00,2502.5,2503.5,2501.699951171875,2502.300048828125,8387
2025-10-13 06:30:00+00:00,2500.39990234375,2503.5,2497.39990234375,2502.5,55698
2025-10-13 06:35:00+00:00,2500.5,2501.60009765625,2497.699951171875,2501.60009765625,11584
2025-10-13 06:40:00+00:00,2502.5,2503.39990234375,2500.10009765625,2500.10009765625,12581
2025-10-13 06:45:00+00:00,2492.5,2502.5,2492.300048828125,2502.5,38904
2025-10-13 06:50:00+00:00,2492.39990234375,2494.300048828125,2491.5,2492.5,4787
2025-10-13 06:55:00+00:00,2496.300048828125,2497.39990234375,2492.10009765625,2492.10009765625,12139
2025-10-13 07:00:00+00:00,2494.699951171875,2497.10009765625,2494.10009765625,2496.199951171875,5757
2025-10-13 07:05:00+00:00,2494.39990234375,2496.699951171875,2492.300048828125,2494.800048828125,12458
2025-10-13 07:10:00+00:00,2493.60009765625,2494.39990234375,2492.199951171875,2493.800048828125,10094
2025-10-13 07:15:00+00:00,2488.5,2494.199951171875,2488.300048828125,2493.60009765625,20309
2025-10-13 07:20:00+00:00,2489.0,2491.0,2488.0,2489.0,9937
2025-10-13 07:25:00+00:00,2493.0,2493.5,2489.10009765625,2489.10009765625,4141
2025-10-13 07:30:00+00:00,2487.199951171875,2493.39990234375,2486.800048828125,2493.39990234375,19451
2025-10-13 07:35:00+00:00,2490.0,2490.5,2486.89990234375,2486.89990234375,3406
2025-10-13 07:40:00+00:00,2493.199951171875,2493.39990234375,2489.39990234375,2489.39990234375,10968
2025-10-13 07:45:00+00:00,2492.5,2496.699951171875,2492.300048828125,2493.199951171875,9927
2025-10-13 07:50:00+00:00,2493.5,2494.199951171875,2491.699951171875,2492.0,9904
2025-10-13 07:55:00+00:00,2494.39990234375,2495.699951171875,2492.60009765625,2493.300048828125,16224
2025-10-13 08:00:00+00:00,2492.89990234375,2494.5,2491.199951171875,2494.39990234375,6679
2025-10-13 08:05:00+00:00,2492.300048828125,2493.39990234375,2491.0,2492.300048828125,5604
2025-10-13 08:10:00+00:00,2490.800048828125,2493.0,2490.800048828125,2492.10009765625,5901
2025-10-13 08:15:00+00:00,2492.199951171875,2493.699951171875,2490.800048828125,2491.39990234375,11031
2025-10-13 08:20:00+00:00,2488.10009765625,2494.199951171875,2488.10009765625,2493.5,14548
2025-10-13 08:25:00+00:00,2487.39990234375,2489.300048828125,2485.39990234375,2488.60009765625,11343
2025-10-13 08:30:00+00:00,2489.5,2490.0,2487.199951171875,2487.39990234375,13339
2025-10-13 08:35:00+00:00,2490.10009765625,2490.10009765625,2488.5,2489.39990234375,4652
2025-10-13 08:40:00+00:00,2492.0,2493.0,2489.0,2490.10009765625,5856
2025-10-13 08:45:00+00:00,2490.10009765625,2492.60009765625,2490.0,2492.10009765625,11806
2025-10-13 08:50:00+00:00,2492.800048828125,2493.60009765625,2488.5,2491.5,16240
2025-10-13 08:55:00+00:00,2493.39990234375,2495.5,2491.39990234375,2492.800048828125,24830
2025-10-13 09:00:00+00:00,2492.0,2493.60009765625,2490.89990234375,2493.39990234375,4892
2025-10-13 09:05:00+00:00,2491.5,2492.199951171875,2490.10009765625,2492.199951171875,6123
2025-10-13 09:10:00+00:00,2492.5,2492.5,2489.89990234375,2491.699951171875,5883
2025-10-13 09:15:00+00:00,2491.300048828125,2492.699951171875,2490.0,2492.699951171875,5807
2025-10-13 09:20:00+00:00,2492.0,2492.5,2490.39990234375,2491.300048828125,7790
2025-10-13 09:25:00+00:00,2493.5,2493.5,2491.39990234375,2492.0,14776
2025-10-13 09:30:00+00:00,2490.10009765625,2493.89990234375,2488.699951171875,2493.89990234375,34240
2025-10-13 09:35:00+00:00,2492.39990234375,2492.60009765625,2488.39990234375,2490.10009765625,56540
2025-10-13 09:40:00+00:00,2492.10009765625,2494.0,2491.39990234375,2492.39990234375,37837
2025-10-13 09:45:00+00:00,2493.89990234375,2495.10009765625,2492.300048828125,2492.300048828125,37097
2025-10-13 09:50:00+00:00,2494.699951171875,2495.0,2493.89990234375,2494.0,47713
2025-10-13 09:55:00+00:00,2496.0,2497.5,2493.300048828125,2494.699951171875,47257
2025-10-14 03:45:00+00:00,2498.300048828125,2498.300048828125,2491.5,2496.60009765625,0
2025-10-14 03:50:00+00:00,2497.60009765625,2500.60009765625,2494.39990234375,2498.800048828125,18800
2025-10-14 03:55:00+00:00,2495.60009765625,2499.0,2491.0,2496.300048828125,12065
2025-10-14 04:00:00+00:00,2496.199951171875,2497.5,2493.39990234375,2495.60009765625,4169
2025-10-14 04:05:00+00:00,2488.800048828125,2497.0,2488.10009765625,2496.800048828125,10988
2025-10-14 04:10:00+00:00,2487.5,2490.800048828125,2486.0,2487.300048828125,8152
2025-10-14 04:15:00+00:00,2484.5,2488.89990234375,2483.5,2487.5,9618
2025-10-14 04:20:00+00:00,2487.60009765625,2489.0,2482.60009765625,2484.699951171875,5834
2025-10-14 04:25:00+00:00,2493.199951171875,2493.199951171875,2485.60009765625,2488.10009765625,12011
2025-10-14 04:30:00+00:00,2488.300048828125,2494.0,2487.199951171875,2489.60009765625,11894
2025-10-14 04:35:00+00:00,2490.60009765625,2490.60009765625,2488.0,2488.5,5004
2025-10-14 04:40:00+00:00,2491.39990234375,2491.699951171875,2488.89990234375,2490.89990234375,6452
2025-10-14 04:45:00+00:00,2489.300048828125,2492.300048828125,2488.800048828125,2490.89990234375,6041
2025-10-14 04:50:00+00:00,2489.199951171875,2489.5,2486.39990234375,2489.39990234375,7650
2025-10-14 04:55:00+00:00,2491.10009765625,2491.5,2489.10009765625,2489.89990234375,2462
2025-10-14 05:00:00+00:00,2492.0,2492.699951171875,2491.10009765625,2491.5,2809
2025-10-14 05:05:00+00:00,2495.0,2495.0,2491.199951171875,2492.0,3723
2025-10-14 05:10:00+00:00,2494.0,2495.0,2491.199951171875,2495.0,12188
2025-10-14 05:15:00+00:00,2492.300048828125,2495.5,2491.699951171875,2494.0,4270
2025-10-14 05:20:00+00:00,2491.10009765625,2492.5,2490.0,2492.300048828125,5040
2025-10-14 05:25:00+00:00,2492.0,2493.89990234375,2491.0,2491.10009765625,3241
2025-10-14 05:30:00+00:00,2491.39990234375,2492.699951171875,2490.0,2492.699951171875,4161
2025-10-14 05:35:00+00:00,2492.0,2492.5,2490.0,2491.39990234375,6425
2025-10-14 05:40:00+00:00,2496.60009765625,2496.60009765625,2490.5,2492.39990234375,11716
2025-10-14 05:45:00+00:00,2493.800048828125,2497.0,2492.39990234375,2495.89990234375,2602
2025-10-14 05:50:00+00:00,2494.800048828125,2495.300048828125,2492.60009765625,2493.800048828125,2888
2025-10-14 05:55:00+00:00,2494.60009765625,2495.0,2492.800048828125,2495.0,3108
2025-10-14 06:00:00+00:00,2495.699951171875,2495.800048828125,2492.800048828125,2494.300048828125,6143
2025-10-14 06:05:00+00:00,2496.300048828125,2496.5,2494.800048828125,2495.699951171875,1826
2025-10-14 06:10:00+00:00,2495.699951171875,2496.5,2493.10009765625,2496.39990234375,8166
2025-10-14 06:15:00+00:00,2495.300048828125,2496.0,2493.199951171875,2495.89990234375,7835
2025-10-14 06:20:00+00:00,2501.800048828125,2501.800048828125,2495.300048828125,2495.300048828125,37940
2025-10-14 06:25:00+00:00,2501.800048828125,2501.800048828125,2499.0,2500.300048828125,47253
2025-10-14 06:30:00+00:00,2507.800048828125,2508.39990234375,2502.10009765625,2502.800048828125,53368
2025-10-14 06:35:00+00:00,2502.60009765625,2507.699951171875,2500.300048828125,2507.10009765625,29301
2025-10-14 06:40:00+00:00,2503.0,2504.0,2500.800048828125,2502.800048828125,17778
2025-10-14 06:45:00+00:00,2503.60009765625,2506.0,2502.5,2503.199951171875,6615
2025-10-14 06:50:00+00:00,2500.10009765625,2503.699951171875,2500.0,2503.60009765625,15577
2025-10-14 06:55:00+00:00,2498.89990234375,2500.199951171875,2495.89990234375,2500.0,22716
2025-10-14 07:00:00+00:00,2499.60009765625,2500.0,2497.60009765625,2498.5,11549
2025-10-14 07:05:00+00:00,2499.89990234375,2502.0,2499.89990234375,2501.10009765625,20932
2025-10-14 07:10:00+00:00,2496.5,2500.0,2495.60009765625,2499.89990234375,25353
2025-10-14 07:15:00+00:00,2499.199951171875,2499.699951171875,2496.5,2497.39990234375,5413
2025-10-14 07:20:00+00:00,2502.10009765625,2502.10009765625,2497.5,2499.10009765625,3509
2025-10-14 07:25:00+00:00,2500.39990234375,2503.199951171875,2500.10009765625,2502.199951171875,4321
2025-10-14 07:30:00+00:00,2501.0,2502.199951171875,2500.0,2500.5,10433
2025-10-14 07:35:00+00:00,2501.0,2501.10009765625,2500.0,2501.10009765625,13677
2025-10-14 07:40:00+00:00,2500.5,2501.800048828125,2498.0,2501.0,31031
2025-10-14 07:45:00+00:00,2503.89990234375,2504.10009765625,2499.89990234375,2500.5,10165
2025-10-14 07:50:00+00:00,2505.300048828125,2505.39990234375,2503.5,2504.5,4684
2025-10-14 07:55:00+00:00,2504.800048828125,2506.699951171875,2504.800048828125,2505.300048828125,13462
2025-10-14 08:00:00+00:00,2505.39990234375,2506.0,2504.60009765625,2504.800048828125,10589
2025-10-14 08:05:00+00:00,2502.39990234375,2505.89990234375,2501.0,2505.39990234375,27488
2025-10-14 08:10:00+00:00,2503.10009765625,2504.39990234375,2501.5,2502.199951171875,7517
2025-10-14 08:15:00+00:00,2502.60009765625,2503.89990234375,2500.699951171875,2503.10009765625,22517
2025-10-14 08:20:00+00:00,2503.800048828125,2504.0,2500.699951171875,2502.60009765625,7006
2025-10-14 08:25:00+00:00,2501.0,2504.699951171875,2500.60009765625,2503.89990234375,5830
2025-10-14 08:30:00+00:00,2501.89990234375,2503.800048828125,2500.0,2501.60009765625,18581
2025-10-14 08:35:00+00:00,2503.800048828125,2504.39990234375,2501.89990234375,2502.199951171875,5854
2025-10-14 08:40:00+00:00,2500.699951171875,2503.699951171875,2499.5,2503.699951171875,24280
2025-10-14 08:45:00+00:00,2495.0,2502.0,2495.0,2500.800048828125,32881
2025-10-14 08:50:00+00:00,2501.39990234375,2501.89990234375,2495.89990234375,2497.5,39289
2025-10-14 08:55:00+00:00,2503.699951171875,2503.699951171875,2500.300048828125,2501.0,13868
2025-10-14 09:00:00+00:00,2507.699951171875,2508.199951171875,2504.39990234375,2504.39990234375,26234
2025-10-14 09:05:00+00:00,2505.39990234375,2509.0,2505.0,2507.699951171875,30121
2025-10-14 09:10:00+00:00,2504.60009765625,2506.10009765625,2503.0,2505.10009765625,22375
2025-10-14 09:15:00+00:00,2503.300048828125,2505.89990234375,2500.60009765625,2504.60009765625,31535
2025-10-14 09:20:00+00:00,2503.10009765625,2504.300048828125,2502.0,2502.800048828125,12524
2025-10-14 09:25:00+00:00,2506.39990234375,2507.0,2502.60009765625,2503.300048828125,38814
2025-10-14 09:30:00+00:00,2503.199951171875,2506.5,2500.10009765625,2506.5,53100
2025-10-14 09:35:00+00:00,2503.89990234375,2506.89990234375,2501.199951171875,2503.10009765625,109758
2025-10-14 09:40:00+00:00,2501.89990234375,2505.199951171875,2501.89990234375,2503.699951171875,39907
2025-10-14 09:45:00+00:00,2500.5,2503.39990234375,2499.10009765625,2502.300048828125,89631
2025-10-14 09:50:00+00:00,2499.699951171875,2502.89990234375,2498.699951171875,2500.800048828125,94424
2025-10-14 09:55:00+00:00,2502.0,2502.199951171875,2500.0,2500.0,78689
2025-10-15 03:45:00+00:00,2516.800048828125,2516.800048828125,2509.199951171875,2509.199951171875,0
2025-10-15 03:50:00+00:00,2514.0,2519.0,2513.39990234375,2518.199951171875,18018
2025-10-15 03:55:00+00:00,2517.89990234375,2518.5,2514.89990234375,2514.89990234375,15026
2025-10-15 04:00:00+00:00,2521.10009765625,2522.0,2516.39990234375,2517.39990234375,10074
2025-10-15 04:05:00+00:00,2515.0,2521.10009765625,2515.0,2520.699951171875,10965
2025-10-15 04:10:00+00:00,2516.699951171875,2520.0,2514.199951171875,2515.699951171875,6852
2025-10-15 04:15:00+00:00,2521.39990234375,2522.300048828125,2516.199951171875,2516.60009765625,8775
2025-10-15 04:20:00+00:00,2520.39990234375,2521.300048828125,2518.300048828125,2520.5,4858
2025-10-15 04:25:00+00:00,2520.0,2523.0,2518.10009765625,2521.0,9355
2025-10-15 04:30:00+00:00,2518.89990234375,2520.0,2518.60009765625,2520.0,1711
2025-10-15 04:35:00+00:00,2517.300048828125,2519.60009765625,2517.300048828125,2518.89990234375,3754
2025-10-15 04:40:00+00:00,2523.39990234375,2523.89990234375,2517.39990234375,2517.39990234375,8496
2025-10-15 04:45:00+00:00,2522.300048828125,2523.89990234375,2522.300048828125,2523.199951171875,5585
2025-10-15 04:50:00+00:00,2524.5,2525.39990234375,2522.300048828125,2522.300048828125,9046
2025-10-15 04:55:00+00:00,2523.5,2525.5,2521.300048828125,2525.5,10399
2025-10-15 05:00:00+00:00,2525.800048828125,2526.0,2523.699951171875,2523.699951171875,4115
2025-10-15 05:05:00+00:00,2524.800048828125,2526.10009765625,2522.89990234375,2525.800048828125,3895
2025-10-15 05:10:00+00:00,2525.39990234375,2525.5,2523.39990234375,2525.300048828125,3973
2025-10-15 05:15:00+00:00,2524.89990234375,2525.800048828125,2523.300048828125,2525.39990234375,4042
2025-10-15 05:20:00+00:00,2529.199951171875,2529.89990234375,2524.300048828125,2524.39990234375,9139
2025-10-15 05:25:00+00:00,2529.60009765625,2530.0,2527.60009765625,2529.699951171875,9625
2025-10-15 05:30:00+00:00,2528.39990234375,2531.800048828125,2528.10009765625,2529.39990234375,29226
2025-10-15 05:35:00+00:00,2525.300048828125,2528.300048828125,2524.300048828125,2528.300048828125,5952
2025-10-15 05:40:00+00:00,2525.10009765625,2526.89990234375,2525.10009765625,2525.60009765625,4276
2025-10-15 05:45:00+00:00,2524.0,2525.10009765625,2523.699951171875,2525.0,5551
2025-10-15 05:50:00+00:00,2525.699951171875,2525.800048828125,2523.699951171875,2524.0,5407
2025-10-15 05:55:00+00:00,2526.89990234375,2528.699951171875,2524.699951171875,2525.699951171875,8269
2025-10-15 06:00:00+00:00,2525.0,2527.89990234375,2525.0,2527.60009765625,3543
2025-10-15 06:05:00+00:00,2522.199951171875,2525.800048828125,2521.0,2525.0,6882
2025-10-15 06:10:00+00:00,2522.199951171875,2523.89990234375,2522.199951171875,2522.300048828125,3407
2025-10-15 06:15:00+00:00,2521.60009765625,2522.199951171875,2520.300048828125,2521.5,4509
2025-10-15 06:20:00+00:00,2521.699951171875,2522.5,2521.5,2521.5,2881
2025-10-15 06:25:00+00:00,2518.5,2524.199951171875,2518.5,2521.699951171875,12533
2025-10-15 06:30:00+00:00,2516.0,2520.5,2516.0,2518.60009765625,8626
2025-10-15 06:35:00+00:00,2516.699951171875,2518.699951171875,2515.0,2516.199951171875,14171
2025-10-15 06:40:00+00:00,2514.89990234375,2517.199951171875,2514.699951171875,2516.800048828125,5372
2025-10-15 06:45:00+00:00,2515.89990234375,2517.39990234375,2514.699951171875,2514.699951171875,11391
2025-10-15 06:50:00+00:00,2516.0,2517.199951171875,2513.199951171875,2515.39990234375,5692
2025-10-15 06:55:00+00:00,2515.39990234375,2518.0,2514.800048828125,2517.199951171875,13417
2025-10-15 07:00:00+00:00,2518.0,2519.60009765625,2515.60009765625,2515.60009765625,6227
2025-10-15 07:05:00+00:00,2516.5,2518.699951171875,2516.5,2518.39990234375,3506
2025-10-15 07:10:00+00:00,2518.60009765625,2518.89990234375,2516.5,2517.39990234375,3168
2025-10-15 07:15:00+00:00,2518.199951171875,2520.0,2517.0,2518.699951171875,10648
2025-10-15 07:20:00+00:00,2517.10009765625,2518.5,2516.0,2518.199951171875,4219
2025-10-15 07:25:00+00:00,2519.800048828125,2519.89990234375,2517.10009765625,2518.0,3157
2025-10-15 07:30:00+00:00,2517.199951171875,2519.800048828125,2516.0,2519.800048828125,6707
2025-10-15 07:35:00+00:00,2514.60009765625,2517.199951171875,2514.60009765625,2517.199951171875,4903
2025-10-15 07:40:00+00:00,2514.199951171875,2515.89990234375,2513.89990234375,2514.60009765625,7819
2025-10-15 07:45:00+00:00,2516.800048828125,2518.0,2514.0,2514.199951171875,6782
2025-10-15 07:50:00+00:00,2515.800048828125,2517.5,2515.5,2517.10009765625,7272
2025-10-15 07:55:00+00:00,2518.39990234375,2518.5,2515.0,2515.800048828125,17100
2025-10-15 08:00:00+00:00,2519.39990234375,2519.5,2517.199951171875,2517.89990234375,4119
2025-10-15 08:05:00+00:00,2518.0,2519.5,2516.699951171875,2519.5,6991
2025-10-15 08:10:00+00:00,2519.800048828125,2520.0,2517.39990234375,2517.699951171875,5807
2025-10-15 08:15:00+00:00,2518.199951171875,2520.300048828125,2518.10009765625,2520.0,6065
2025-10-15 08:20:00+00:00,2518.89990234375,2519.0,2517.10009765625,2518.60009765625,6047
2025-10-15 08:25:00+00:00,2518.199951171875,2519.800048828125,2517.89990234375,2518.800048828125,4756
2025-10-15 08:30:00+00:00,2522.199951171875,2523.5,2518.5,2518.699951171875,6761
2025-10-15 08:35:00+00:00,2524.39990234375,2525.699951171875,2520.39990234375,2522.39990234375,11672
2025-10-15 08:40:00+00:00,2523.89990234375,2525.199951171875,2522.0,2525.0,4826
2025-10-15 08:45:00+00:00,2522.699951171875,2524.10009765625,2521.60009765625,2524.10009765625,11809
2025-10-15 08:50:00+00:00,2522.39990234375,2523.0,2521.699951171875,2522.699951171875,3764
2025-10-15 08:55:00+00:00,2522.0,2523.199951171875,2521.0,2522.39990234375,8334
2025-10-15 09:00:00+00:00,2524.10009765625,2524.300048828125,2521.39990234375,2522.0,18300
2025-10-15 09:05:00+00:00,2523.60009765625,2524.89990234375,2523.0,2524.199951171875,8033
2025-10-15 09:10:00+00:00,2524.10009765625,2526.0,2522.699951171875,2523.60009765625,13040
2025-10-15 09:15:00+00:00,2523.300048828125,2525.199951171875,2521.5,2524.10009765625,22962
2025-10-15 09:20:00+00:00,2521.800048828125,2523.0,2518.60009765625,2523.0,42002
2025-10-15 09:25:00+00:00,2520.800048828125,2522.699951171875,2520.5,2521.800048828125,10883
2025-10-15 09:30:00+00:00,2516.89990234375,2521.199951171875,2516.699951171875,2521.199951171875,47725
2025-10-15 09:35:00+00:00,2516.699951171875,2516.89990234375,2516.300048828125,2516.89990234375,46444
2025-10-15 09:40:00+00:00,2519.0,2519.89990234375,2516.800048828125,2516.800048828125,42560
2025-10-15 09:45:00+00:00,2520.39990234375,2521.699951171875,2519.0,2519.10009765625,44327
2025-10-15 09:50:00+00:00,2521.10009765625,2522.39990234375,2519.199951171875,2520.39990234375,46510
2025-10-15 09:55:00+00:00,2519.0,2524.0,2515.0,2521.10009765625,37592
2025-10-16 03:45:00+00:00,2523.60009765625,2528.39990234375,2517.89990234375,2517.89990234375,0
2025-10-16 03:50:00+00:00,2524.800048828125,2529.800048828125,2524.800048828125,2525.300048828125,10231
2025-10-16 03:55:00+00:00,2527.300048828125,2528.300048828125,2522.60009765625,2524.699951171875,13873
2025-10-16 04:00:00+00:00,2520.39990234375,2528.39990234375,2520.199951171875,2527.300048828125,12098
2025-10-16 04:05:00+00:00,2521.60009765625,2523.0,2520.10009765625,2521.300048828125,5522
2025-10-16 04:10:00+00:00,2521.39990234375,2521.89990234375,2520.10009765625,2521.60009765625,5492
2025-10-16 04:15:00+00:00,2520.199951171875,2522.39990234375,2519.0,2522.0,6642
2025-10-16 04:20:00+00:00,2520.5,2521.39990234375,2518.89990234375,2520.300048828125,5435
2025-10-16 04:25:00+00:00,2520.5,2521.300048828125,2519.0,2520.800048828125,12182
2025-10-16 04:30:00+00:00,2524.0,2525.0,2520.0,2520.800048828125,6337
2025-10-16 04:35:00+00:00,2523.89990234375,2526.0,2522.5,2524.0,4937
2025-10-16 04:40:00+00:00,2522.0,2524.0,2521.699951171875,2524.0,3770
2025-10-16 04:45:00+00:00,2523.699951171875,2523.699951171875,2522.0,2522.699951171875,2920
2025-10-16 04:50:00+00:00,2523.0,2525.0,2522.5,2523.699951171875,4780
2025-10-16 04:55:00+00:00,2524.60009765625,2524.60009765625,2522.5,2522.5,4213
2025-10-16 05:00:00+00:00,2524.0,2524.699951171875,2522.5,2524.60009765625,5399
2025-10-16 05:05:00+00:00,2522.0,2524.5,2522.0,2524.199951171875,2947
2025-10-16 05:10:00+00:00,2518.89990234375,2520.5,2517.89990234375,2520.5,27860
2025-10-16 05:15:00+00:00,2519.0,2519.5,2518.89990234375,2518.89990234375,5461
2025-10-16 05:20:00+00:00,2517.10009765625,2518.89990234375,2515.199951171875,2518.89990234375,7178
2025-10-16 05:25:00+00:00,2518.699951171875,2518.800048828125,2515.89990234375,2517.39990234375,10277
2025-10-16 05:30:00+00:00,2514.89990234375,2518.89990234375,2514.89990234375,2518.300048828125,7644
2025-10-16 05:35:00+00:00,2517.0,2517.0,2514.10009765625,2514.10009765625,5182
2025-10-16 05:40:00+00:00,2514.699951171875,2517.5,2514.39990234375,2516.89990234375,4197
2025-10-16 05:45:00+00:00,2514.199951171875,2515.10009765625,2514.0,2514.89990234375,5341
2025-10-16 05:50:00+00:00,2513.5,2514.300048828125,2512.0,2514.300048828125,15712
2025-10-16 05:55:00+00:00,2513.0,2515.0,2513.0,2513.60009765625,11659
2025-10-16 06:00:00+00:00,2511.0,2514.0,2510.60009765625,2514.0,21151
2025-10-16 06:05:00+00:00,2510.60009765625,2513.0,2510.5,2511.0,13714
2025-10-16 06:10:00+00:00,2508.5,2510.800048828125,2507.10009765625,2510.60009765625,4954
2025-10-16 06:15:00+00:00,2509.60009765625,2510.0,2508.300048828125,2508.5,7132
2025-10-16 06:20:00+00:00,2523.89990234375,2524.10009765625,2510.0,2510.0,89062
2025-10-16 06:25:00+00:00,2514.60009765625,2523.89990234375,2513.300048828125,2523.5,47696
2025-10-16 06:30:00+00:00,2515.39990234375,2516.5,2512.0,2514.199951171875,40002
2025-10-16 06:35:00+00:00,2518.5,2519.699951171875,2514.0,2515.10009765625,13614
2025-10-16 06:40:00+00:00,2525.39990234375,2525.5,2517.10009765625,2518.5,14238
2025-10-16 06:45:00+00:00,2527.199951171875,2528.5,2521.60009765625,2524.699951171875,27210
2025-10-16 06:50:00+00:00,2534.89990234375,2535.0,2526.0,2526.5,22537
2025-10-16 06:55:00+00:00,2538.89990234375,2540.0,2534.0,2534.89990234375,16733
2025-10-16 07:00:00+00:00,2537.199951171875,2541.0,2533.800048828125,2538.89990234375,32994
2025-10-16 07:05:00+00:00,2543.699951171875,2544.89990234375,2536.5,2537.89990234375,10692
2025-10-16 07:10:00+00:00,2540.39990234375,2544.699951171875,2539.10009765625,2544.699951171875,7362
2025-10-16 07:15:00+00:00,2537.300048828125,2540.5,2536.300048828125,2540.39990234375,9634
2025-10-16 07:20:00+00:00,2540.300048828125,2540.300048828125,2535.800048828125,2537.300048828125,12528
2025-10-16 07:25:00+00:00,2538.39990234375,2541.0,2536.800048828125,2540.39990234375,9397
2025-10-16 07:30:00+00:00,2544.699951171875,2544.699951171875,2537.300048828125,2538.300048828125,19424
2025-10-16 07:35:00+00:00,2542.60009765625,2544.89990234375,2541.60009765625,2544.0,6887
2025-10-16 07:40:00+00:00,2544.60009765625,2545.0,2542.60009765625,2542.60009765625,6715
2025-10-16 07:45:00+00:00,2539.0,2544.89990234375,2538.0,2544.39990234375,13888
2025-10-16 07:50:00+00:00,2544.0,2545.0,2538.60009765625,2538.60009765625,19473
2025-10-16 07:55:00+00:00,2544.39990234375,2544.5,2541.300048828125,2544.0,12532
2025-10-16 08:00:00+00:00,2546.0,2546.89990234375,2543.60009765625,2544.0,14473
2025-10-16 08:05:00+00:00,2550.0,2550.0,2545.300048828125,2546.39990234375,22996
2025-10-16 08:10:00+00:00,2554.5,2555.800048828125,2549.699951171875,2550.0,33559
2025-10-16 08:15:00+00:00,2551.199951171875,2554.89990234375,2549.60009765625,2554.5,39273
2025-10-16 08:20:00+00:00,2549.199951171875,2552.60009765625,2549.0,2552.0,22417
2025-10-16 08:25:00+00:00,2547.199951171875,2550.699951171875,2545.60009765625,2549.10009765625,13702
2025-10-16 08:30:00+00:00,2552.199951171875,2552.39990234375,2546.89990234375,2547.199951171875,18345
2025-10-16 08:35:00+00:00,2556.0,2556.699951171875,2550.300048828125,2550.300048828125,14020
2025-10-16 08:40:00+00:00,2552.699951171875,2556.300048828125,2551.60009765625,2556.0,20098
2025-10-16 08:45:00+00:00,2553.39990234375,2554.800048828125,2551.89990234375,2552.60009765625,8737
2025-10-16 08:50:00+00:00,2558.60009765625,2559.39990234375,2553.10009765625,2553.300048828125,18053
2025-10-16 08:55:00+00:00,2555.800048828125,2559.0,2555.0,2557.60009765625,18733
2025-10-16 09:00:00+00:00,2559.199951171875,2559.39990234375,2555.5,2555.800048828125,23117
2025-10-16 09:05:00+00:00,2558.199951171875,2560.39990234375,2558.0,2559.300048828125,24280
2025-10-16 09:10:00+00:00,2556.10009765625,2558.300048828125,2555.199951171875,2558.0,13458
2025-10-16 09:15:00+00:00,2555.199951171875,2558.89990234375,2555.0,2556.699951171875,21162
2025-10-16 09:20:00+00:00,2556.199951171875,2557.39990234375,2555.0,2555.199951171875,27749
2025-10-16 09:25:00+00:00,2557.800048828125,2557.800048828125,2555.0,2556.5,13646
2025-10-16 09:30:00+00:00,2562.0,2562.300048828125,2556.300048828125,2556.5,84670
2025-10-16 09:35:00+00:00,2562.10009765625,2563.199951171875,2559.60009765625,2561.699951171875,55001
2025-10-16 09:40:00+00:00,2562.300048828125,2567.89990234375,2560.0,2561.800048828125,84038
2025-10-16 09:45:00+00:00,2560.199951171875,2564.800048828125,2560.0,2561.800048828125,63263
2025-10-16 09:50:00+00:00,2560.10009765625,2562.699951171875,2560.0,2560.89990234375,45389
2025-10-16 09:55:00+00:00,2560.0,2560.60009765625,2560.0,2560.39990234375,45749
2025-10-17 03:45:00+00:00,2571.5,2579.60009765625,2564.39990234375,2565.0,0
2025-10-17 03:50:00+00:00,2567.699951171875,2574.10009765625,2566.89990234375,2571.89990234375,24110
2025-10-17 03:55:00+00:00,2572.199951171875,2572.199951171875,2566.60009765625,2569.10009765625,9796
2025-10-17 04:00:00+00:00,2574.0,2577.300048828125,2573.300048828125,2574.60009765625,19642
2025-10-17 04:05:00+00:00,2577.300048828125,2579.5,2574.0,2574.0,8886
2025-10-17 04:10:00+00:00,2579.39990234375,2579.39990234375,2576.0,2578.0,7071
2025-10-17 04:15:00+00:00,2580.199951171875,2582.199951171875,2576.0,2580.0,18030
2025-10-17 04:20:00+00:00,2580.10009765625,2581.0,2579.0,2580.199951171875,25401
2025-10-17 04:25:00+00:00,2580.0,2581.800048828125,2578.89990234375,2580.10009765625,41210
2025-10-17 04:30:00+00:00,2580.10009765625,2583.0,2580.0,2580.39990234375,13427
2025-10-17 04:35:00+00:00,2596.89990234375,2596.89990234375,2580.10009765625,2580.800048828125,45260
2025-10-17 04:40:00+00:00,2595.0,2598.89990234375,2592.699951171875,2596.89990234375,61444
2025-10-17 04:45:00+00:00,2598.39990234375,2600.699951171875,2594.39990234375,2595.39990234375,47672
2025-10-17 04:50:00+00:00,2595.699951171875,2598.199951171875,2593.0,2597.800048828125,20216
2025-10-17 04:55:00+00:00,2596.39990234375,2599.0,2594.5,2596.0,26030
2025-10-17 05:00:00+00:00,2595.300048828125,2596.89990234375,2594.60009765625,2596.10009765625,9666
2025-10-17 05:05:00+00:00,2592.60009765625,2595.199951171875,2590.5,2595.0,15485
2025-10-17 05:10:00+00:00,2595.39990234375,2596.39990234375,2590.800048828125,2590.800048828125,24779
2025-10-17 05:15:00+00:00,2593.60009765625,2597.0,2592.60009765625,2595.39990234375,82947
2025-10-17 05:20:00+00:00,2598.800048828125,2599.0,2593.0,2593.89990234375,21888
2025-10-17 05:25:00+00:00,2601.800048828125,2604.0,2597.0,2598.800048828125,29388
2025-10-17 05:30:00+00:00,2602.60009765625,2604.0,2600.199951171875,2601.39990234375,10268
2025-10-17 05:35:00+00:00,2601.0,2602.60009765625,2598.800048828125,2602.60009765625,12083
2025-10-17 05:40:00+00:00,2600.5,2601.39990234375,2599.699951171875,2600.39990234375,5905
2025-10-17 05:45:00+00:00,2600.5,2601.0,2598.10009765625,2600.5,7526
2025-10-17 05:50:00+00:00,2607.199951171875,2608.0,2599.10009765625,2599.699951171875,26251
2025-10-17 05:55:00+00:00,2607.0,2609.5,2606.39990234375,2607.199951171875,24255
2025-10-17 06:00:00+00:00,2608.39990234375,2609.0,2606.699951171875,2606.699951171875,15085
2025-10-17 06:05:00+00:00,2606.0,2609.0,2605.0,2608.199951171875,13588
2025-10-17 06:10:00+00:00,2605.10009765625,2606.0,2604.0,2605.60009765625,18949
2025-10-17 06:15:00+00:00,2605.10009765625,2605.699951171875,2603.89990234375,2605.10009765625,37188
2025-10-17 06:20:00+00:00,2605.199951171875,2605.699951171875,2601.0,2605.300048828125,75191
2025-10-17 06:25:00+00:00,2610.39990234375,2612.0,2605.5,2605.699951171875,41031
2025-10-17 06:30:00+00:00,2609.300048828125,2611.0,2608.39990234375,2610.5,21106
2025-10-17 06:35:00+00:00,2604.89990234375,2609.39990234375,2604.39990234375,2609.300048828125,15098
2025-10-17 06:40:00+00:00,2605.0,2606.699951171875,2604.699951171875,2605.300048828125,12293
2025-10-17 06:45:00+00:00,2608.199951171875,2608.300048828125,2604.5,2606.0,25269
2025-10-17 06:50:00+00:00,2609.699951171875,2609.800048828125,2606.800048828125,2608.199951171875,21432
2025-10-17 06:55:00+00:00,2608.800048828125,2611.0,2608.60009765625,2609.800048828125,14760
2025-10-17 07:00:00+00:00,2608.699951171875,2609.10009765625,2608.199951171875,2609.10009765625,8521
2025-10-17 07:05:00+00:00,2610.0,2611.199951171875,2608.60009765625,2608.60009765625,16508
2025-10-17 07:10:00+00:00,2610.39990234375,2610.5,2608.199951171875,2610.39990234375,12316
2025-10-17 07:15:00+00:00,2611.60009765625,2615.0,2609.199951171875,2609.800048828125,35157
2025-10-17 07:20:00+00:00,2605.800048828125,2611.800048828125,2603.89990234375,2611.800048828125,53563
2025-10-17 07:25:00+00:00,2605.5,2605.699951171875,2599.0,2605.699951171875,88229
2025-10-17 07:30:00+00:00,2606.5,2609.39990234375,2604.800048828125,2605.5,61021
2025-10-17 07:35:00+00:00,2606.10009765625,2608.300048828125,2604.800048828125,2606.699951171875,20660
2025-10-17 07:40:00+00:00,2607.699951171875,2610.300048828125,2605.699951171875,2606.5,36696
2025-10-17 07:45:00+00:00,2611.199951171875,2612.0,2607.300048828125,2607.300048828125,14612
2025-10-17 07:50:00+00:00,2611.0,2614.89990234375,2610.199951171875,2611.60009765625,20531
2025-10-17 07:55:00+00:00,2610.0,2613.89990234375,2610.0,2611.0,29943
2025-10-17 08:00:00+00:00,2604.300048828125,2610.0,2604.0,2610.0,27325
2025-10-17 08:05:00+00:00,2601.5,2605.199951171875,2598.0,2605.10009765625,33923
2025-10-17 08:10:00+00:00,2601.10009765625,2602.800048828125,2600.0,2601.300048828125,27807
2025-10-17 08:15:00+00:00,2601.699951171875,2602.0,2599.60009765625,2601.10009765625,44158
2025-10-17 08:20:00+00:00,2601.699951171875,2604.60009765625,2599.800048828125,2601.89990234375,18763
2025-10-17 08:25:00+00:00,2604.0,2604.199951171875,2600.60009765625,2601.699951171875,13879
2025-10-17 08:30:00+00:00,2602.199951171875,2604.5,2599.5,2604.39990234375,13473
2025-10-17 08:35:00+00:00,2603.39990234375,2604.0,2601.10009765625,2602.39990234375,6256
2025-10-17 08:40:00+00:00,2602.800048828125,2605.0,2602.0,2603.699951171875,15870
2025-10-17 08:45:00+00:00,2602.800048828125,2602.89990234375,2600.0,2602.800048828125,12836
2025-10-17 08:50:00+00:00,2604.0,2604.89990234375,2601.0,2602.800048828125,15801
2025-10-17 08:55:00+00:00,2601.5,2605.0,2600.199951171875,2604.0,18739
2025-10-17 09:00:00+00:00,2600.39990234375,2602.699951171875,2599.5,2601.5,16803
2025-10-17 09:05:00+00:00,2603.699951171875,2603.89990234375,2600.0,2600.5,25644
2025-10-17 09:10:00+00:00,2603.89990234375,2605.0,2601.800048828125,2603.800048828125,18293
2025-10-17 09:15:00+00:00,2603.199951171875,2605.199951171875,2603.0,2603.39990234375,23062
2025-10-17 09:20:00+00:00,2601.60009765625,2603.699951171875,2600.0,2603.199951171875,29294
2025-10-17 09:25:00+00:00,2601.199951171875,2603.0,2601.199951171875,2601.699951171875,13799
2025-10-17 09:30:00+00:00,2603.300048828125,2604.0,2601.300048828125,2601.300048828125,47418
2025-10-17 09:35:00+00:00,2605.699951171875,2606.0,2603.300048828125,2603.300048828125,38738
2025-10-17 09:40:00+00:00,2602.199951171875,2605.5,2602.199951171875,2605.5,47534
2025-10-17 09:45:00+00:00,2604.800048828125,2605.699951171875,2600.800048828125,2600.800048828125,59784
2025-10-17 09:50:00+00:00,2602.60009765625,2607.0,2602.60009765625,2604.800048828125,38688
2025-10-17 09:55:00+00:00,2603.39990234375,2603.60009765625,2600.0,2602.0,36041
2025-10-20 03:45:00+00:00,2616.699951171875,2623.300048828125,2610.0,2610.0,0
2025-10-20 03:50:00+00:00,2613.300048828125,2624.0,2613.10009765625,2619.0,28305
2025-10-20 03:55:00+00:00,2611.199951171875,2613.0,2606.699951171875,2612.5,15652
2025-10-20 04:00:00+00:00,2607.60009765625,2612.60009765625,2604.5,2612.0,6076
2025-10-20 04:05:00+00:00,2605.199951171875,2608.0,2602.0,2607.60009765625,7039
2025-10-20 04:10:00+00:00,2601.89990234375,2607.39990234375,2601.60009765625,2605.199951171875,10183
2025-10-20 04:15:00+00:00,2599.800048828125,2603.199951171875,2597.60009765625,2602.699951171875,12575
2025-10-20 04:20:00+00:00,2601.0,2601.800048828125,2597.60009765625,2599.5,19537
2025-10-20 04:25:00+00:00,2595.0,2600.89990234375,2594.0,2600.89990234375,10254
2025-10-20 04:30:00+00:00,2594.5,2599.699951171875,2593.89990234375,2595.0,8342
2025-10-20 04:35:00+00:00,2596.699951171875,2596.699951171875,2593.800048828125,2595.800048828125,6353
2025-10-20 04:40:00+00:00,2600.0,2601.199951171875,2596.60009765625,2596.60009765625,8147
2025-10-20 04:45:00+00:00,2598.89990234375,2602.60009765625,2597.39990234375,2600.800048828125,12253
2025-10-20 04:50:00+00:00,2603.89990234375,2603.89990234375,2597.800048828125,2599.300048828125,8282
2025-10-20 04:55:00+00:00,2599.800048828125,2603.89990234375,2598.300048828125,2603.89990234375,3833
2025-10-20 05:00:00+00:00,2601.60009765625,2602.60009765625,2598.0,2599.800048828125,13423
2025-10-20 05:05:00+00:00,2603.0,2603.300048828125,2600.89990234375,2601.300048828125,2723
2025-10-20 05:10:00+00:00,2602.199951171875,2604.699951171875,2601.0,2602.89990234375,3950
2025-10-20 05:15:00+00:00,2605.199951171875,2606.300048828125,2602.60009765625,2603.300048828125,4240
2025-10-20 05:20:00+00:00,2608.699951171875,2609.5,2604.0,2605.199951171875,25366
2025-10-20 05:25:00+00:00,2612.800048828125,2613.800048828125,2607.800048828125,2608.0,39084
2025-10-20 05:30:00+00:00,2612.5,2614.39990234375,2610.10009765625,2612.89990234375,7002
2025-10-20 05:35:00+00:00,2614.0,2615.0,2609.60009765625,2612.60009765625,8666
2025-10-20 05:40:00+00:00,2613.699951171875,2614.60009765625,2612.60009765625,2614.60009765625,5511
2025-10-20 05:45:00+00:00,2608.800048828125,2614.0,2607.300048828125,2614.0,7336
2025-10-20 05:50:00+00:00,2609.10009765625,2610.800048828125,2607.800048828125,2608.5,3818
2025-10-20 05:55:00+00:00,2606.5,2609.10009765625,2603.60009765625,2608.699951171875,7771
2025-10-20 06:00:00+00:00,2603.10009765625,2606.5,2601.0,2605.39990234375,5449
2025-10-20 06:05:00+00:00,2602.60009765625,2604.0,2602.10009765625,2603.10009765625,3981
2025-10-20 06:10:00+00:00,2602.699951171875,2605.0,2599.60009765625,2602.60009765625,8993
2025-10-20 06:15:00+00:00,2603.10009765625,2603.800048828125,2600.39990234375,2602.699951171875,4219
2025-10-20 06:20:00+00:00,2607.60009765625,2607.800048828125,2603.10009765625,2603.89990234375,6372
2025-10-20 06:25:00+00:00,2606.800048828125,2607.800048828125,2606.300048828125,2607.39990234375,3468
2025-10-20 06:30:00+00:00,2609.60009765625,2610.0,2606.800048828125,2606.89990234375,5125
2025-10-20 06:35:00+00:00,2608.10009765625,2610.89990234375,2608.0,2608.699951171875,4402
2025-10-20 06:40:00+00:00,2605.699951171875,2609.0,2603.39990234375,2608.0,3300
2025-10-20 06:45:00+00:00,2604.199951171875,2606.0,2603.39990234375,2605.800048828125,3346
2025-10-20 06:50:00+00:00,2602.199951171875,2604.0,2602.199951171875,2603.10009765625,2754
2025-10-20 06:55:00+00:00,2603.800048828125,2604.89990234375,2601.300048828125,2603.0,4075
2025-10-20 07:00:00+00:00,2605.699951171875,2605.800048828125,2603.800048828125,2604.5,2673
2025-10-20 07:05:00+00:00,2604.699951171875,2605.5,2603.10009765625,2605.300048828125,3146
2025-10-20 07:10:00+00:00,2608.0,2609.199951171875,2604.5,2604.5,4397
2025-10-20 07:15:00+00:00,2609.5,2609.5,2607.0,2608.0,3841
2025-10-20 07:20:00+00:00,2610.199951171875,2610.60009765625,2608.39990234375,2609.39990234375,5828
2025-10-20 07:25:00+00:00,2609.10009765625,2611.0,2608.89990234375,2610.199951171875,5066
2025-10-20 07:30:00+00:00,2610.89990234375,2611.39990234375,2608.89990234375,2609.89990234375,9164
2025-10-20 07:35:00+00:00,2609.699951171875,2612.300048828125,2609.0,2610.699951171875,9279
2025-10-20 07:40:00+00:00,2609.300048828125,2611.60009765625,2608.300048828125,2609.699951171875,6018
2025-10-20 07:45:00+00:00,2605.300048828125,2609.300048828125,2603.60009765625,2609.300048828125,5847
2025-10-20 07:50:00+00:00,2603.5,2605.800048828125,2602.39990234375,2605.800048828125,4421
2025-10-20 07:55:00+00:00,2606.699951171875,2606.800048828125,2601.60009765625,2603.5,6011
2025-10-20 08:00:00+00:00,2606.300048828125,2609.0,2604.699951171875,2606.699951171875,4672
2025-10-20 08:05:00+00:00,2608.60009765625,2608.60009765625,2604.300048828125,2606.300048828125,12176
2025-10-20 08:10:00+00:00,2606.0,2608.10009765625,2603.699951171875,2608.0,4241
2025-10-20 08:15:00+00:00,2603.300048828125,2606.699951171875,2601.89990234375,2606.0,6524
2025-10-20 08:20:00+00:00,2603.10009765625,2604.5,2600.5,2602.39990234375,17642
2025-10-20 08:25:00+00:00,2601.300048828125,2603.10009765625,2600.0,2603.0,3919
2025-10-20 08:30:00+00:00,2604.5,2605.0,2601.0,2601.300048828125,7440
2025-10-20 08:35:00+00:00,2602.199951171875,2604.800048828125,2602.0,2604.5,5406
2025-10-20 08:40:00+00:00,2603.199951171875,2604.300048828125,2601.10009765625,2602.199951171875,13875
2025-10-20 08:45:00+00:00,2601.5,2604.800048828125,2601.0,2604.39990234375,18297
2025-10-20 08:50:00+00:00,2599.300048828125,2602.39990234375,2598.5,2602.39990234375,9432
2025-10-20 08:55:00+00:00,2597.300048828125,2600.10009765625,2596.10009765625,2599.0,12736
2025-10-20 09:00:00+00:00,2597.89990234375,2599.0,2595.39990234375,2597.5,35246
2025-10-20 09:05:00+00:00,2596.89990234375,2598.0,2594.5,2597.89990234375,13365
2025-10-20 09:10:00+00:00,2596.0,2597.39990234375,2595.10009765625,2596.10009765625,10765
2025-10-20 09:15:00+00:00,2594.5,2596.39990234375,2591.5,2595.699951171875,27799
2025-10-20 09:20:00+00:00,2591.39990234375,2594.300048828125,2591.0,2593.699951171875,7193
2025-10-20 09:25:00+00:00,2592.39990234375,2595.0,2591.0,2592.39990234375,18782
2025-10-20 09:30:00+00:00,2593.699951171875,2593.699951171875,2585.60009765625,2592.300048828125,53833
2025-10-20 09:35:00+00:00,2595.60009765625,2595.699951171875,2590.199951171875,2593.0,74702
2025-10-20 09:40:00+00:00,2597.300048828125,2598.800048828125,2592.89990234375,2594.800048828125,54665
2025-10-20 09:45:00+00:00,2593.39990234375,2598.699951171875,2593.199951171875,2597.5,49138
2025-10-20 09:50:00+00:00,2598.0,2598.199951171875,2593.300048828125,2593.60009765625,58766
2025-10-20 09:55:00+00:00,2594.39990234375,2603.0,2594.39990234375,2596.699951171875,23186
2025-10-21 08:05:00+00:00,2594.0,2594.0,2594.0,2594.0,0
2025-10-21 08:15:00+00:00,2597.699951171875,2606.39990234375,2596.0,2599.10009765625,14667
2025-10-21 08:20:00+00:00,2598.0,2600.0,2594.0,2595.800048828125,5169
2025-10-21 08:25:00+00:00,2596.300048828125,2599.0,2596.300048828125,2598.10009765625,3653
2025-10-21 08:30:00+00:00,2595.60009765625,2597.300048828125,2591.0,2596.199951171875,10022
2025-10-21 08:35:00+00:00,2593.699951171875,2596.89990234375,2593.39990234375,2596.60009765625,5092
2025-10-21 08:40:00+00:00,2594.300048828125,2595.800048828125,2591.10009765625,2593.699951171875,3374
2025-10-21 08:45:00+00:00,2596.0,2598.300048828125,2594.199951171875,2594.300048828125,4972
2025-10-21 08:50:00+00:00,2592.39990234375,2596.800048828125,2591.10009765625,2595.10009765625,6508
2025-10-21 08:55:00+00:00,2591.300048828125,2593.699951171875,2590.300048828125,2593.0,4184
2025-10-21 09:00:00+00:00,2589.89990234375,2594.0,2587.199951171875,2591.199951171875,11775
2025-10-21 09:05:00+00:00,2591.0,2593.199951171875,2587.0,2591.0,6913
2025-10-21 09:10:00+00:00,2587.89990234375,2591.89990234375,2586.0,2590.60009765625,3614
2025-10-21 09:15:00+00:00,2591.699951171875,2591.699951171875,2588.0,2588.0,296
2025-10-23 03:45:00+00:00,2616.0,2617.699951171875,2600.39990234375,2600.60009765625,0
2025-10-23 03:50:00+00:00,2631.5,2637.0,2615.39990234375,2616.0,82427
2025-10-23 03:55:00+00:00,2627.199951171875,2633.199951171875,2626.199951171875,2631.5,53085
2025-10-23 04:00:00+00:00,2632.10009765625,2635.0,2627.0,2627.300048828125,26261
2025-10-23 04:05:00+00:00,2628.39990234375,2632.199951171875,2628.199951171875,2632.199951171875,15343
2025-10-23 04:10:00+00:00,2623.800048828125,2631.800048828125,2622.5,2628.5,19394
2025-10-23 04:15:00+00:00,2622.10009765625,2625.89990234375,2620.60009765625,2623.800048828125,12533
2025-10-23 04:20:00+00:00,2614.60009765625,2625.0,2612.60009765625,2621.5,15234
2025-10-23 04:25:00+00:00,2613.0,2616.60009765625,2610.5,2613.800048828125,14999
2025-10-23 04:30:00+00:00,2616.60009765625,2616.89990234375,2612.5,2612.5,8139
2025-10-23 04:35:00+00:00,2614.0,2617.199951171875,2610.300048828125,2615.5,9280
2025-10-23 04:40:00+00:00,2616.5,2617.60009765625,2613.300048828125,2614.199951171875,6821
2025-10-23 04:45:00+00:00,2619.89990234375,2620.0,2615.300048828125,2617.60009765625,11219
2025-10-23 04:50:00+00:00,2616.699951171875,2621.0,2615.699951171875,2619.60009765625,8505
2025-10-23 04:55:00+00:00,2618.10009765625,2620.699951171875,2617.0,2618.699951171875,5098
2025-10-23 05:00:00+00:00,2622.0,2622.699951171875,2616.699951171875,2618.800048828125,4648
2025-10-23 05:05:00+00:00,2632.199951171875,2632.39990234375,2621.199951171875,2622.0,12129
2025-10-23 05:10:00+00:00,2640.39990234375,2640.89990234375,2629.89990234375,2631.10009765625,32713
2025-10-23 05:15:00+00:00,2633.5,2640.60009765625,2632.0,2640.60009765625,24275
2025-10-23 05:20:00+00:00,2632.699951171875,2635.60009765625,2630.5,2633.5,14205
2025-10-23 05:25:00+00:00,2633.199951171875,2634.0,2631.10009765625,2632.699951171875,6736
2025-10-23 05:30:00+00:00,2659.199951171875,2661.800048828125,2629.0,2633.5,227889
2025-10-23 05:35:00+00:00,2628.89990234375,2666.89990234375,2619.5,2657.60009765625,351945
2025-10-23 05:40:00+00:00,2632.699951171875,2639.10009765625,2615.60009765625,2629.10009765625,97573
2025-10-23 05:45:00+00:00,2626.5,2635.0,2613.10009765625,2634.39990234375,78440
2025-10-23 05:50:00+00:00,2645.800048828125,2652.699951171875,2625.39990234375,2628.0,202117
2025-10-23 05:55:00+00:00,2633.60009765625,2650.0,2628.0,2646.0,64776
2025-10-23 06:00:00+00:00,2631.60009765625,2635.699951171875,2622.300048828125,2633.60009765625,46583
2025-10-23 06:05:00+00:00,2635.800048828125,2638.0,2631.0,2632.0,17437
2025-10-23 06:10:00+00:00,2626.699951171875,2636.89990234375,2626.60009765625,2635.800048828125,28679
2025-10-23 06:15:00+00:00,2631.10009765625,2632.199951171875,2626.0,2626.0,14527
2025-10-23 06:20:00+00:00,2628.0,2633.800048828125,2626.0,2632.0,22516
2025-10-23 06:25:00+00:00,2641.800048828125,2644.199951171875,2625.5,2629.0,38321
2025-10-23 06:30:00+00:00,2630.800048828125,2643.5,2629.39990234375,2641.0,45236
2025-10-23 06:35:00+00:00,2629.39990234375,2631.0,2625.800048828125,2631.0,20268
2025-10-23 06:40:00+00:00,2630.0,2633.199951171875,2627.10009765625,2628.89990234375,14522
2025-10-23 06:45:00+00:00,2630.0,2633.60009765625,2628.39990234375,2630.0,11421
2025-10-23 06:50:00+00:00,2639.800048828125,2644.699951171875,2627.5,2630.0,37842
2025-10-23 06:55:00+00:00,2644.39990234375,2657.800048828125,2636.0,2639.0,71928
2025-10-23 07:00:00+00:00,2641.60009765625,2654.0,2639.0,2644.0,44947
2025-10-23 07:05:00+00:00,2621.800048828125,2641.5,2597.800048828125,2640.10009765625,177567
2025-10-23 07:10:00+00:00,2615.5,2622.800048828125,2611.0,2621.800048828125,60461
2025-10-23 07:15:00+00:00,2617.800048828125,2628.699951171875,2614.0,2616.0,45078
2025-10-23 07:20:00+00:00,2613.5,2619.89990234375,2611.5,2616.89990234375,26692
2025-10-23 07:25:00+00:00,2618.5,2620.800048828125,2612.199951171875,2614.10009765625,18976
2025-10-23 07:30:00+00:00,2614.10009765625,2619.89990234375,2612.10009765625,2618.39990234375,20250
2025-10-23 07:35:00+00:00,2617.0,2619.60009765625,2611.39990234375,2614.0,16126
2025-10-23 07:40:00+00:00,2614.800048828125,2618.39990234375,2612.60009765625,2616.39990234375,29313
2025-10-23 07:45:00+00:00,2616.199951171875,2618.800048828125,2613.300048828125,2613.300048828125,13071
2025-10-23 07:50:00+00:00,2613.10009765625,2619.300048828125,2613.10009765625,2616.10009765625,23428
2025-10-23 07:55:00+00:00,2611.39990234375,2615.699951171875,2610.10009765625,2613.199951171875,15820
2025-10-23 08:00:00+00:00,2611.10009765625,2616.60009765625,2611.0,2611.39990234375,10953
2025-10-23 08:05:00+00:00,2616.0,2617.0,2608.300048828125,2611.300048828125,26132
2025-10-23 08:10:00+00:00,2612.300048828125,2617.300048828125,2612.300048828125,2616.60009765625,13009
2025-10-23 08:15:00+00:00,2613.0,2614.300048828125,2610.800048828125,2612.300048828125,8324
2025-10-23 08:20:00+00:00,2609.60009765625,2614.800048828125,2608.800048828125,2613.0,12233
2025-10-23 08:25:00+00:00,2611.0,2613.699951171875,2609.0,2609.60009765625,11208
2025-10-23 08:30:00+00:00,2610.300048828125,2613.699951171875,2609.199951171875,2611.10009765625,15592
2025-10-23 08:35:00+00:00,2599.699951171875,2610.5,2598.0,2610.300048828125,183760
2025-10-23 08:40:00+00:00,2601.60009765625,2602.0,2596.10009765625,2599.10009765625,27877
2025-10-23 08:45:00+00:00,2601.39990234375,2603.199951171875,2598.199951171875,2601.699951171875,37993
2025-10-23 08:50:00+00:00,2605.10009765625,2606.199951171875,2599.10009765625,2601.39990234375,20366
2025-10-23 08:55:00+00:00,2604.0,2606.0,2601.0,2606.0,36215
2025-10-23 09:00:00+00:00,2601.0,2604.89990234375,2600.10009765625,2604.800048828125,19953
2025-10-23 09:05:00+00:00,2601.39990234375,2603.800048828125,2598.89990234375,2601.0,28627
2025-10-23 09:10:00+00:00,2605.800048828125,2608.39990234375,2601.10009765625,2601.300048828125,33807
2025-10-23 09:15:00+00:00,2604.699951171875,2607.5,2603.10009765625,2605.800048828125,29416
2025-10-23 09:20:00+00:00,2601.60009765625,2605.199951171875,2601.10009765625,2605.0,23755
2025-10-23 09:25:00+00:00,2603.0,2605.39990234375,2601.10009765625,2602.0,30024
2025-10-23 09:30:00+00:00,2597.800048828125,2603.39990234375,2597.5,2603.199951171875,81731
2025-10-23 09:35:00+00:00,2599.199951171875,2602.300048828125,2597.60009765625,2598.60009765625,83971
2025-10-23 09:40:00+00:00,2598.199951171875,2599.89990234375,2597.199951171875,2599.699951171875,71123
2025-10-23 09:45:00+00:00,2605.60009765625,2607.39990234375,2598.10009765625,2598.10009765625,101681
2025-10-23 09:50:00+00:00,2606.60009765625,2608.0,2602.60009765625,2605.10009765625,90470
2025-10-23 09:55:00+00:00,2602.5,2607.699951171875,2600.39990234375,2606.800048828125,41924
2025-10-24 03:45:00+00:00,2517.300048828125,2561.0,2475.199951171875,2561.0,0
2025-10-24 03:50:00+00:00,2512.5,2520.800048828125,2508.0,2517.300048828125,110903
2025-10-24 03:55:00+00:00,2507.89990234375,2513.39990234375,2494.800048828125,2512.5,153159
2025-10-24 04:00:00+00:00,2509.10009765625,2512.199951171875,2505.800048828125,2507.89990234375,79749
2025-10-24 04:05:00+00:00,2510.0,2511.800048828125,2501.60009765625,2509.10009765625,77340
2025-10-24 04:10:00+00:00,2506.10009765625,2510.0,2504.0,2510.0,61654
2025-10-24 04:15:00+00:00,2503.0,2507.39990234375,2502.0,2506.300048828125,49069
2025-10-24 04:20:00+00:00,2503.5,2506.5,2501.10009765625,2503.800048828125,35132
2025-10-24 04:25:00+00:00,2503.10009765625,2505.0,2502.60009765625,2503.300048828125,22026
2025-10-24 04:30:00+00:00,2508.800048828125,2508.89990234375,2501.0,2503.10009765625,83331
2025-10-24 04:35:00+00:00,2512.300048828125,2514.699951171875,2508.0,2508.5,82125
2025-10-24 04:40:00+00:00,2509.5,2513.10009765625,2509.39990234375,2512.5,33112
2025-10-24 04:45:00+00:00,2507.699951171875,2511.5,2507.39990234375,2510.0,39289
2025-10-24 04:50:00+00:00,2506.800048828125,2510.5,2503.0,2508.0,53666
2025-10-24 04:55:00+00:00,2505.5,2507.89990234375,2504.0,2506.5,23872
2025-10-24 05:00:00+00:00,2512.0,2512.800048828125,2505.0,2505.60009765625,45495
2025-10-24 05:05:00+00:00,2511.89990234375,2512.39990234375,2510.5,2512.0,47638
2025-10-24 05:10:00+00:00,2517.5,2519.89990234375,2510.89990234375,2512.0,90026
2025-10-24 05:15:00+00:00,2522.60009765625,2524.5,2516.0,2517.5,78556
2025-10-24 05:20:00+00:00,2520.5,2522.800048828125,2513.60009765625,2522.800048828125,60540
2025-10-24 05:25:00+00:00,2516.0,2521.0,2514.39990234375,2520.39990234375,33618
2025-10-24 05:30:00+00:00,2516.5,2522.300048828125,2514.89990234375,2515.60009765625,59511
2025-10-24 05:35:00+00:00,2515.0,2518.89990234375,2514.89990234375,2516.5,39351
2025-10-24 05:40:00+00:00,2515.10009765625,2516.10009765625,2512.199951171875,2515.699951171875,52471
2025-10-24 05:45:00+00:00,2515.10009765625,2515.10009765625,2512.10009765625,2514.699951171875,48974
2025-10-24 05:50:00+00:00,2514.300048828125,2516.10009765625,2510.0,2515.10009765625,23498
2025-10-24 05:55:00+00:00,2510.10009765625,2514.10009765625,2509.5,2513.0,34801
2025-10-24 06:00:00+00:00,2513.800048828125,2513.800048828125,2506.39990234375,2509.5,29614
2025-10-24 06:05:00+00:00,2511.10009765625,2514.800048828125,2509.0,2513.800048828125,15510
2025-10-24 06:10:00+00:00,2511.10009765625,2511.699951171875,2510.199951171875,2511.10009765625,7865
2025-10-24 06:15:00+00:00,2510.5,2511.199951171875,2510.0,2510.89990234375,8027
2025-10-24 06:20:00+00:00,2511.10009765625,2514.10009765625,2509.39990234375,2510.5,57696
2025-10-24 06:25:00+00:00,2511.300048828125,2512.800048828125,2510.10009765625,2511.10009765625,45465
2025-10-24 06:30:00+00:00,2513.300048828125,2513.300048828125,2510.0,2510.5,24412
2025-10-24 06:35:00+00:00,2511.89990234375,2515.10009765625,2511.699951171875,2513.300048828125,54341
2025-10-24 06:40:00+00:00,2511.39990234375,2512.0,2510.89990234375,2511.89990234375,7996
2025-10-24 06:45:00+00:00,2511.5,2511.699951171875,2510.39990234375,2511.5,6182
2025-10-24 06:50:00+00:00,2511.39990234375,2511.60009765625,2510.89990234375,2511.5,20869
2025-10-24 06:55:00+00:00,2511.0,2512.89990234375,2511.0,2511.39990234375,96909
2025-10-24 07:00:00+00:00,2511.60009765625,2512.0,2511.10009765625,2511.5,99531
2025-10-24 07:05:00+00:00,2511.60009765625,2511.60009765625,2510.89990234375,2511.60009765625,11457
2025-10-24 07:10:00+00:00,2511.699951171875,2511.89990234375,2510.89990234375,2511.5,12983
2025-10-24 07:15:00+00:00,2511.699951171875,2511.800048828125,2511.39990234375,2511.699951171875,8534
2025-10-24 07:20:00+00:00,2512.0,2512.0,2511.39990234375,2511.699951171875,10271
2025-10-24 07:25:00+00:00,2511.60009765625,2512.10009765625,2510.89990234375,2512.0,13764
2025-10-24 07:30:00+00:00,2514.0,2514.0,2511.300048828125,2511.60009765625,6609
2025-10-24 07:35:00+00:00,2513.800048828125,2514.0,2513.199951171875,2514.0,6039
2025-10-24 07:40:00+00:00,2513.5,2513.89990234375,2512.300048828125,2513.800048828125,8377
2025-10-24 07:45:00+00:00,2511.300048828125,2513.5,2510.300048828125,2513.5,15182
2025-10-24 07:50:00+00:00,2511.0,2512.199951171875,2511.0,2511.300048828125,11421
2025-10-24 07:55:00+00:00,2510.10009765625,2511.60009765625,2509.10009765625,2511.0,20178
2025-10-24 08:00:00+00:00,2509.60009765625,2511.39990234375,2509.5,2510.10009765625,23675
2025-10-24 08:05:00+00:00,2507.39990234375,2512.0,2507.10009765625,2509.800048828125,23514
2025-10-24 08:10:00+00:00,2505.800048828125,2508.800048828125,2505.10009765625,2507.5,22323
2025-10-24 08:15:00+00:00,2507.0,2507.199951171875,2505.300048828125,2505.800048828125,13443
2025-10-24 08:20:00+00:00,2507.5,2508.0,2505.5,2506.89990234375,18505
2025-10-24 08:25:00+00:00,2511.5,2511.699951171875,2507.800048828125,2508.0,12597
2025-10-24 08:30:00+00:00,2508.800048828125,2511.800048828125,2508.800048828125,2511.5,10835
2025-10-24 08:35:00+00:00,2510.800048828125,2511.5,2508.0,2508.300048828125,7652
2025-10-24 08:40:00+00:00,2511.89990234375,2512.800048828125,2510.699951171875,2510.800048828125,14122
2025-10-24 08:45:00+00:00,2513.699951171875,2513.699951171875,2511.10009765625,2512.39990234375,10505
2025-10-24 08:50:00+00:00,2514.10009765625,2514.300048828125,2513.0,2513.800048828125,24453
2025-10-24 08:55:00+00:00,2514.60009765625,2514.60009765625,2512.39990234375,2514.60009765625,7960
2025-10-24 09:00:00+00:00,2514.199951171875,2514.89990234375,2512.0,2514.5,21660
2025-10-24 09:05:00+00:00,2513.60009765625,2514.60009765625,2512.0,2514.199951171875,18872
2025-10-24 09:10:00+00:00,2513.5,2513.60009765625,2512.5,2513.300048828125,7462
2025-10-24 09:15:00+00:00,2510.0,2514.0,2507.89990234375,2513.5,34313
2025-10-24 09:20:00+00:00,2513.0,2513.0,2509.89990234375,2510.0,9633
2025-10-24 09:25:00+00:00,2512.60009765625,2513.800048828125,2511.300048828125,2512.89990234375,15814
2025-10-24 09:30:00+00:00,2517.199951171875,2517.800048828125,2513.10009765625,2513.199951171875,61536
2025-10-24 09:35:00+00:00,2518.60009765625,2518.60009765625,2514.60009765625,2517.199951171875,76521
2025-10-24 09:40:00+00:00,2516.39990234375,2519.0,2515.5,2518.300048828125,59949
2025-10-24 09:45:00+00:00,2516.60009765625,2517.800048828125,2516.0,2516.10009765625,51768
2025-10-24 09:50:00+00:00,2516.0,2518.0,2515.300048828125,2517.800048828125,66985
2025-10-24 09:55:00+00:00,2516.39990234375,2516.89990234375,2512.0,2515.5,42854
2025-10-27 03:45:00+00:00,2514.699951171875,2521.89990234375,2513.39990234375,2515.39990234375,0
2025-10-27 03:50:00+00:00,2515.10009765625,2518.300048828125,2513.699951171875,2514.800048828125,11674
2025-10-27 03:55:00+00:00,2517.800048828125,2520.0,2513.39990234375,2514.5,10366
2025-10-27 04:00:00+00:00,2516.0,2517.699951171875,2512.60009765625,2517.699951171875,10109
2025-10-27 04:05:00+00:00,2516.800048828125,2519.0,2514.10009765625,2515.5,4181
2025-10-27 04:10:00+00:00,2517.89990234375,2518.699951171875,2516.10009765625,2517.89990234375,16070
2025-10-27 04:15:00+00:00,2516.89990234375,2517.89990234375,2515.10009765625,2517.89990234375,5132
2025-10-27 04:20:00+00:00,2521.0,2521.0,2515.89990234375,2516.39990234375,10954
2025-10-27 04:25:00+00:00,2520.0,2521.699951171875,2520.0,2521.0,9483
2025-10-27 04:30:00+00:00,2520.89990234375,2520.89990234375,2519.699951171875,2520.300048828125,42551
2025-10-27 04:35:00+00:00,2523.10009765625,2525.0,2520.89990234375,2521.0,9952
2025-10-27 04:40:00+00:00,2521.5,2523.0,2520.89990234375,2522.699951171875,9684
2025-10-27 04:45:00+00:00,2517.0,2522.0,2515.0,2521.5,38609
2025-10-27 04:50:00+00:00,2515.60009765625,2516.89990234375,2515.0,2516.5,20896
2025-10-27 04:55:00+00:00,2516.60009765625,2517.699951171875,2515.5,2515.60009765625,11380
2025-10-27 05:00:00+00:00,2515.60009765625,2516.60009765625,2515.5,2516.60009765625,21155
2025-10-27 05:05:00+00:00,2519.199951171875,2519.699951171875,2515.5,2515.5,11800
2025-10-27 05:10:00+00:00,2520.10009765625,2520.699951171875,2519.0,2519.0,41104
2025-10-27 05:15:00+00:00,2519.5,2520.89990234375,2519.0,2520.10009765625,86309
2025-10-27 05:20:00+00:00,2518.10009765625,2520.699951171875,2517.10009765625,2519.10009765625,8730
2025-10-27 05:25:00+00:00,2520.10009765625,2520.10009765625,2518.0,2518.0,22795
2025-10-27 05:30:00+00:00,2520.0,2520.89990234375,2518.89990234375,2520.10009765625,133512
2025-10-27 05:35:00+00:00,2516.199951171875,2520.89990234375,2515.0,2520.0,35893
2025-10-27 05:40:00+00:00,2517.0,2517.10009765625,2515.39990234375,2516.0,129196
2025-10-27 05:45:00+00:00,2517.699951171875,2519.199951171875,2516.5,2516.699951171875,3162
2025-10-27 05:50:00+00:00,2516.0,2518.0,2515.0,2517.60009765625,71733
2025-10-27 05:55:00+00:00,2517.0,2517.800048828125,2515.800048828125,2517.0,39001
2025-10-27 06:00:00+00:00,2517.0,2517.39990234375,2516.39990234375,2517.0,18995
2025-10-27 06:05:00+00:00,2517.0,2517.699951171875,2516.10009765625,2517.0,49968
2025-10-27 06:10:00+00:00,2517.0,2518.699951171875,2517.0,2517.10009765625,14939
2025-10-27 06:15:00+00:00,2515.5,2517.0,2508.699951171875,2517.0,14317
2025-10-27 06:20:00+00:00,2515.199951171875,2517.699951171875,2515.10009765625,2515.39990234375,3776
2025-10-27 06:25:00+00:00,2515.5,2516.0,2514.60009765625,2515.5,4209
2025-10-27 06:30:00+00:00,2516.89990234375,2516.89990234375,2515.60009765625,2515.800048828125,4814
2025-10-27 06:35:00+00:00,2516.0,2516.89990234375,2516.0,2516.800048828125,23068
2025-10-27 06:40:00+00:00,2517.10009765625,2518.60009765625,2515.5,2516.0,13363
2025-10-27 06:45:00+00:00,2517.60009765625,2519.699951171875,2517.0,2517.0,10207
2025-10-27 06:50:00+00:00,2517.5,2518.0,2516.5,2517.699951171875,5297
2025-10-27 06:55:00+00:00,2517.60009765625,2518.60009765625,2517.5,2517.5,16725
2025-10-27 07:00:00+00:00,2518.10009765625,2518.10009765625,2517.10009765625,2517.5,21006
2025-10-27 07:05:00+00:00,2518.10009765625,2518.199951171875,2516.699951171875,2518.0,31115
2025-10-27 07:10:00+00:00,2517.5,2518.699951171875,2516.699951171875,2517.60009765625,10523
2025-10-27 07:15:00+00:00,2518.0,2518.89990234375,2517.10009765625,2517.60009765625,21017
2025-10-27 07:20:00+00:00,2517.60009765625,2518.199951171875,2517.60009765625,2518.0,26175
2025-10-27 07:25:00+00:00,2518.0,2518.300048828125,2516.800048828125,2517.60009765625,16452
2025-10-27 07:30:00+00:00,2517.60009765625,2518.199951171875,2517.60009765625,2518.0,13808
2025-10-27 07:35:00+00:00,2519.0,2519.10009765625,2517.0,2517.60009765625,39574
2025-10-27 07:40:00+00:00,2518.60009765625,2519.60009765625,2518.10009765625,2518.5,9135
2025-10-27 07:45:00+00:00,2512.39990234375,2518.5,2510.0,2518.10009765625,21927
2025-10-27 07:50:00+00:00,2511.39990234375,2513.199951171875,2511.0,2512.39990234375,8860
2025-10-27 07:55:00+00:00,2511.5,2512.0,2511.199951171875,2511.60009765625,5227
2025-10-27 08:00:00+00:00,2511.0,2511.39990234375,2510.89990234375,2511.39990234375,12035
2025-10-27 08:05:00+00:00,2511.0,2511.300048828125,2510.10009765625,2511.10009765625,44673
2025-10-27 08:10:00+00:00,2511.10009765625,2511.10009765625,2510.5,2511.10009765625,51830
2025-10-27 08:15:00+00:00,2511.10009765625,2511.10009765625,2510.199951171875,2511.0,27171
2025-10-27 08:20:00+00:00,2511.0,2511.199951171875,2511.0,2511.0,30757
2025-10-27 08:25:00+00:00,2511.10009765625,2511.10009765625,2510.199951171875,2511.0,26564
2025-10-27 08:30:00+00:00,2508.5,2511.10009765625,2506.0,2511.0,46533
2025-10-27 08:35:00+00:00,2507.199951171875,2509.0,2506.800048828125,2508.0,16760
2025-10-27 08:40:00+00:00,2507.10009765625,2507.300048828125,2506.60009765625,2507.10009765625,16059
2025-10-27 08:45:00+00:00,2509.800048828125,2509.89990234375,2507.0,2507.0,31963
2025-10-27 08:50:00+00:00,2509.5,2510.39990234375,2509.5,2510.0,16649
2025-10-27 08:55:00+00:00,2509.5,2510.800048828125,2509.0,2509.5,68711
2025-10-27 09:00:00+00:00,2509.5,2509.699951171875,2509.5,2509.5,18986
2025-10-27 09:05:00+00:00,2509.699951171875,2511.39990234375,2509.5,2509.5,15434
2025-10-27 09:10:00+00:00,2509.60009765625,2510.199951171875,2509.5,2509.699951171875,17628
2025-10-27 09:15:00+00:00,2509.5,2510.300048828125,2509.199951171875,2509.60009765625,40050
2025-10-27 09:20:00+00:00,2511.0,2511.60009765625,2509.5,2509.5,25505
2025-10-27 09:25:00+00:00,2511.10009765625,2511.800048828125,2511.0,2511.0,21612
2025-10-27 09:30:00+00:00,2511.60009765625,2512.300048828125,2510.800048828125,2511.0,52323
2025-10-27 09:35:00+00:00,2512.10009765625,2512.10009765625,2511.0,2511.39990234375,64253
2025-10-27 09:40:00+00:00,2511.10009765625,2512.10009765625,2510.300048828125,2511.39990234375,56659
2025-10-27 09:45:00+00:00,2512.0,2512.60009765625,2510.89990234375,2511.0,60487
2025-10-27 09:50:00+00:00,2512.0,2513.5,2512.0,2512.10009765625,55740
2025-10-27 09:55:00+00:00,2516.10009765625,2518.89990234375,2512.0,2513.0,46301
2025-10-28 03:45:00+00:00,2520.0,2524.800048828125,2518.39990234375,2524.800048828125,0
2025-10-28 03:50:00+00:00,2518.300048828125,2523.39990234375,2518.199951171875,2520.800048828125,23671
2025-10-28 03:55:00+00:00,2519.89990234375,2521.5,2517.10009765625,2518.199951171875,14285
2025-10-28 04:00:00+00:00,2525.0,2525.0,2518.89990234375,2520.89990234375,31036
2025-10-28 04:05:00+00:00,2517.699951171875,2525.0,2517.699951171875,2525.0,20568
2025-10-28 04:10:00+00:00,2521.0,2522.0,2516.0,2518.10009765625,19677
2025-10-28 04:15:00+00:00,2520.0,2523.699951171875,2520.0,2521.0,14493
2025-10-28 04:20:00+00:00,2512.60009765625,2519.5,2511.60009765625,2519.5,23209
2025-10-28 04:25:00+00:00,2511.10009765625,2514.699951171875,2510.60009765625,2512.60009765625,25857
2025-10-28 04:30:00+00:00,2508.199951171875,2513.699951171875,2507.5,2511.800048828125,20359
2025-10-28 04:35:00+00:00,2508.800048828125,2509.699951171875,2505.300048828125,2509.5,12770
2025-10-28 04:40:00+00:00,2507.5,2509.5,2506.699951171875,2508.60009765625,7534
2025-10-28 04:45:00+00:00,2506.10009765625,2508.39990234375,2505.5,2507.699951171875,7858
2025-10-28 04:50:00+00:00,2506.0,2507.89990234375,2504.5,2506.0,9468
2025-10-28 04:55:00+00:00,2504.0,2506.300048828125,2504.0,2506.0,8983
2025-10-28 05:00:00+00:00,2503.699951171875,2505.89990234375,2503.0,2504.39990234375,11817
2025-10-28 05:05:00+00:00,2502.10009765625,2503.800048828125,2502.0,2503.699951171875,9744
2025-10-28 05:10:00+00:00,2505.0,2505.89990234375,2502.0,2502.0,6167
2025-10-28 05:15:00+00:00,2504.60009765625,2505.800048828125,2503.5,2505.0,9637
2025-10-28 05:20:00+00:00,2500.39990234375,2505.39990234375,2500.10009765625,2504.39990234375,20603
2025-10-28 05:25:00+00:00,2500.800048828125,2501.39990234375,2500.0,2500.89990234375,22168
2025-10-28 05:30:00+00:00,2499.10009765625,2501.10009765625,2498.699951171875,2501.0,29825
2025-10-28 05:35:00+00:00,2500.0,2500.0,2498.10009765625,2498.800048828125,5444
2025-10-28 05:40:00+00:00,2500.0,2501.39990234375,2499.0,2499.89990234375,6238
2025-10-28 05:45:00+00:00,2499.300048828125,2500.699951171875,2499.300048828125,2500.199951171875,2631
2025-10-28 05:50:00+00:00,2500.0,2500.39990234375,2499.199951171875,2499.800048828125,7229
2025-10-28 05:55:00+00:00,2498.800048828125,2501.0,2498.10009765625,2501.0,15398
2025-10-28 06:00:00+00:00,2496.0,2500.5,2496.0,2499.10009765625,11651
2025-10-28 06:05:00+00:00,2495.10009765625,2496.39990234375,2493.5,2495.5,31145
2025-10-28 06:10:00+00:00,2495.0,2496.0,2494.39990234375,2496.0,34876
2025-10-28 06:15:00+00:00,2495.89990234375,2496.0,2494.0,2495.0,17258
2025-10-28 06:20:00+00:00,2493.39990234375,2496.0,2493.10009765625,2495.60009765625,30247
2025-10-28 06:25:00+00:00,2486.800048828125,2494.89990234375,2486.199951171875,2493.0,18446
2025-10-28 06:30:00+00:00,2489.0,2489.699951171875,2486.10009765625,2486.10009765625,11168
2025-10-28 06:35:00+00:00,2487.0,2489.60009765625,2485.0,2489.60009765625,74155
2025-10-28 06:40:00+00:00,2486.89990234375,2487.5,2485.5,2487.5,9978
2025-10-28 06:45:00+00:00,2487.10009765625,2488.89990234375,2485.300048828125,2487.89990234375,23724
2025-10-28 06:50:00+00:00,2493.0,2493.5,2486.199951171875,2487.0,11714
2025-10-28 06:55:00+00:00,2488.0,2493.699951171875,2488.0,2493.0,61658
2025-10-28 07:00:00+00:00,2488.0,2490.300048828125,2486.60009765625,2487.800048828125,23184
2025-10-28 07:05:00+00:00,2489.89990234375,2490.0,2486.60009765625,2487.800048828125,45040
2025-10-28 07:10:00+00:00,2494.39990234375,2495.0,2488.39990234375,2489.800048828125,32643
2025-10-28 07:15:00+00:00,2493.300048828125,2497.0,2493.10009765625,2494.39990234375,13238
2025-10-28 07:20:00+00:00,2497.60009765625,2499.0,2492.39990234375,2493.39990234375,16347
2025-10-28 07:25:00+00:00,2499.300048828125,2500.0,2496.800048828125,2498.0,21370
2025-10-28 07:30:00+00:00,2496.0,2500.0,2496.0,2498.199951171875,22922
2025-10-28 07:35:00+00:00,2496.89990234375,2498.0,2494.0,2496.0,16911
2025-10-28 07:40:00+00:00,2494.5,2497.39990234375,2494.39990234375,2496.89990234375,6311
2025-10-28 07:45:00+00:00,2493.60009765625,2496.199951171875,2491.300048828125,2494.0,22486
2025-10-28 07:50:00+00:00,2495.300048828125,2495.300048828125,2492.60009765625,2494.39990234375,5287
2025-10-28 07:55:00+00:00,2495.0,2497.5,2493.5,2495.300048828125,10177
2025-10-28 08:00:00+00:00,2498.0,2498.89990234375,2495.0,2495.0,5077
2025-10-28 08:05:00+00:00,2497.300048828125,2497.699951171875,2495.699951171875,2495.89990234375,3900
2025-10-28 08:10:00+00:00,2490.10009765625,2497.39990234375,2490.10009765625,2496.60009765625,22288
2025-10-28 08:15:00+00:00,2490.0,2492.699951171875,2488.699951171875,2490.0,33149
2025-10-28 08:20:00+00:00,2489.800048828125,2490.60009765625,2489.0,2490.0,10622
2025-10-28 08:25:00+00:00,2489.699951171875,2491.699951171875,2488.5,2489.800048828125,13017
2025-10-28 08:30:00+00:00,2490.0,2491.699951171875,2488.5,2489.300048828125,40718
2025-10-28 08:35:00+00:00,2489.39990234375,2491.0,2488.300048828125,2489.60009765625,28059
2025-10-28 08:40:00+00:00,2492.699951171875,2493.0,2488.800048828125,2489.199951171875,19918
2025-10-28 08:45:00+00:00,2491.0,2493.199951171875,2490.0,2492.60009765625,25482
2025-10-28 08:50:00+00:00,2490.60009765625,2492.60009765625,2489.10009765625,2491.699951171875,15423
2025-10-28 08:55:00+00:00,2490.5,2491.199951171875,2488.199951171875,2490.800048828125,40797
2025-10-28 09:00:00+00:00,2490.699951171875,2490.699951171875,2488.800048828125,2489.199951171875,28197
2025-10-28 09:05:00+00:00,2486.300048828125,2491.199951171875,2486.0,2489.60009765625,24088
2025-10-28 09:10:00+00:00,2484.199951171875,2487.39990234375,2484.0,2487.199951171875,16937
2025-10-28 09:15:00+00:00,2483.10009765625,2488.199951171875,2483.10009765625,2484.10009765625,43355
2025-10-28 09:20:00+00:00,2484.800048828125,2487.0,2482.199951171875,2483.199951171875,41825
2025-10-28 09:25:00+00:00,2485.0,2488.39990234375,2483.5,2484.800048828125,36422
2025-10-28 09:30:00+00:00,2497.300048828125,2498.199951171875,2485.39990234375,2485.39990234375,168853
2025-10-28 09:35:00+00:00,2494.800048828125,2500.0,2494.10009765625,2497.0,243924
2025-10-28 09:40:00+00:00,2497.10009765625,2499.89990234375,2494.5,2495.699951171875,126529
2025-10-28 09:45:00+00:00,2498.60009765625,2500.0,2492.699951171875,2497.10009765625,130275
2025-10-28 09:50:00+00:00,2499.89990234375,2500.0,2497.89990234375,2498.5,111023
2025-10-28 09:55:00+00:00,2497.10009765625,2505.0,2497.10009765625,2499.699951171875,51845
2025-10-29 03:45:00+00:00,2508.60009765625,2508.89990234375,2502.0,2508.39990234375,0
2025-10-29 03:50:00+00:00,2503.10009765625,2508.39990234375,2501.300048828125,2507.5,13061
2025-10-29 03:55:00+00:00,2501.0,2506.0,2500.199951171875,2505.0,13548
2025-10-29 04:00:00+00:00,2500.0,2503.89990234375,2500.0,2500.300048828125,9211
2025-10-29 04:05:00+00:00,2496.800048828125,2500.0,2495.0,2500.0,13120
2025-10-29 04:10:00+00:00,2499.60009765625,2501.300048828125,2496.39990234375,2496.800048828125,8893
2025-10-29 04:15:00+00:00,2496.800048828125,2499.800048828125,2496.10009765625,2499.300048828125,3644
2025-10-29 04:20:00+00:00,2496.699951171875,2499.0,2496.10009765625,2496.800048828125,4135
2025-10-29 04:25:00+00:00,2496.800048828125,2497.89990234375,2496.300048828125,2496.699951171875,1835
2025-10-29 04:30:00+00:00,2494.699951171875,2497.10009765625,2493.199951171875,2496.5,13249
2025-10-29 04:35:00+00:00,2492.0,2494.699951171875,2492.0,2494.699951171875,7210
2025-10-29 04:40:00+00:00,2491.39990234375,2493.60009765625,2490.800048828125,2492.300048828125,16127
2025-10-29 04:45:00+00:00,2492.0,2492.60009765625,2491.10009765625,2491.800048828125,3763
2025-10-29 04:50:00+00:00,2493.89990234375,2497.5,2492.0,2492.0,7977
2025-10-29 04:55:00+00:00,2494.800048828125,2495.5,2493.39990234375,2494.0,44322
2025-10-29 05:00:00+00:00,2494.300048828125,2495.60009765625,2493.39990234375,2494.800048828125,34682
2025-10-29 05:05:00+00:00,2493.300048828125,2495.300048828125,2492.5,2494.5,14936
2025-10-29 05:10:00+00:00,2493.0,2493.699951171875,2492.10009765625,2493.300048828125,13720
2025-10-29 05:15:00+00:00,2489.699951171875,2493.699951171875,2489.699951171875,2492.800048828125,26612
2025-10-29 05:20:00+00:00,2488.300048828125,2490.0,2488.10009765625,2489.699951171875,24314
2025-10-29 05:25:00+00:00,2488.89990234375,2489.699951171875,2486.60009765625,2488.199951171875,14664
2025-10-29 05:30:00+00:00,2487.5,2489.300048828125,2487.10009765625,2488.699951171875,11367
2025-10-29 05:35:00+00:00,2489.10009765625,2490.0,2487.89990234375,2487.89990234375,14759
2025-10-29 05:40:00+00:00,2490.0,2490.10009765625,2489.0,2489.199951171875,134791
2025-10-29 05:45:00+00:00,2489.39990234375,2492.300048828125,2489.10009765625,2490.0,53642
2025-10-29 05:50:00+00:00,2491.10009765625,2491.89990234375,2489.39990234375,2490.0,10874
2025-10-29 05:55:00+00:00,2491.89990234375,2493.0,2491.0,2491.10009765625,12815
2025-10-29 06:00:00+00:00,2491.0,2494.0,2491.0,2491.800048828125,11300
2025-10-29 06:05:00+00:00,2495.89990234375,2496.0,2491.699951171875,2492.60009765625,34321
2025-10-29 06:10:00+00:00,2497.5,2498.0,2495.0,2495.199951171875,44634
2025-10-29 06:15:00+00:00,2497.0,2498.0,2495.0,2497.5,61084
2025-10-29 06:20:00+00:00,2499.800048828125,2499.800048828125,2496.300048828125,2496.699951171875,39362
2025-10-29 06:25:00+00:00,2498.89990234375,2499.89990234375,2496.5,2499.300048828125,34283
2025-10-29 06:30:00+00:00,2503.300048828125,2505.0,2498.300048828125,2498.39990234375,48079
2025-10-29 06:35:00+00:00,2499.89990234375,2503.39990234375,2499.699951171875,2503.300048828125,15450
2025-10-29 06:40:00+00:00,2497.60009765625,2500.0,2497.5,2500.0,16044
2025-10-29 06:45:00+00:00,2497.5,2498.300048828125,2497.10009765625,2497.60009765625,17066
2025-10-29 06:50:00+00:00,2498.0,2498.60009765625,2497.10009765625,2497.39990234375,14838
2025-10-29 06:55:00+00:00,2498.699951171875,2499.60009765625,2497.5,2497.800048828125,26939
2025-10-29 07:00:00+00:00,2497.699951171875,2500.10009765625,2497.0,2498.5,20556
2025-10-29 07:05:00+00:00,2496.0,2498.10009765625,2495.60009765625,2497.60009765625,15297
2025-10-29 07:10:00+00:00,2496.10009765625,2496.60009765625,2495.0,2496.60009765625,9699
2025-10-29 07:15:00+00:00,2497.60009765625,2499.199951171875,2496.0,2496.10009765625,22353
2025-10-29 07:20:00+00:00,2496.10009765625,2497.800048828125,2495.89990234375,2497.800048828125,16159
2025-10-29 07:25:00+00:00,2496.39990234375,2497.800048828125,2496.0,2496.10009765625,16765
2025-10-29 07:30:00+00:00,2497.5,2497.60009765625,2496.0,2497.0,15959
2025-10-29 07:35:00+00:00,2497.10009765625,2498.0,2496.300048828125,2496.800048828125,13823
2025-10-29 07:40:00+00:00,2496.5,2497.39990234375,2496.0,2497.300048828125,21839
2025-10-29 07:45:00+00:00,2497.0,2497.5,2495.89990234375,2496.199951171875,19233
2025-10-29 07:50:00+00:00,2497.699951171875,2497.89990234375,2496.5,2496.89990234375,17151
2025-10-29 07:55:00+00:00,2497.10009765625,2497.60009765625,2496.0,2497.5,26904
2025-10-29 08:00:00+00:00,2496.10009765625,2497.300048828125,2495.89990234375,2496.60009765625,18637
2025-10-29 08:05:00+00:00,2496.5,2497.89990234375,2496.0,2496.10009765625,18694
2025-10-29 08:10:00+00:00,2496.10009765625,2497.300048828125,2496.10009765625,2496.300048828125,18471
2025-10-29 08:15:00+00:00,2493.39990234375,2497.0,2492.199951171875,2496.10009765625,20699
2025-10-29 08:20:00+00:00,2491.89990234375,2493.300048828125,2491.39990234375,2493.300048828125,16443
2025-10-29 08:25:00+00:00,2491.0,2492.39990234375,2490.89990234375,2492.10009765625,14951
2025-10-29 08:30:00+00:00,2487.0,2491.10009765625,2486.60009765625,2491.0,42691
2025-10-29 08:35:00+00:00,2487.300048828125,2488.0,2486.699951171875,2487.0,22841
2025-10-29 08:40:00+00:00,2487.199951171875,2488.300048828125,2486.10009765625,2488.300048828125,29808
2025-10-29 08:45:00+00:00,2489.39990234375,2490.199951171875,2487.300048828125,2487.300048828125,31177
2025-10-29 08:50:00+00:00,2486.0,2489.39990234375,2486.0,2489.39990234375,26526
2025-10-29 08:55:00+00:00,2487.199951171875,2487.199951171875,2485.39990234375,2486.5,26596
2025-10-29 09:00:00+00:00,2486.5,2487.60009765625,2486.199951171875,2487.300048828125,25727
2025-10-29 09:05:00+00:00,2485.60009765625,2487.0,2485.0,2486.39990234375,31937
2025-10-29 09:10:00+00:00,2485.699951171875,2487.300048828125,2485.199951171875,2485.60009765625,24798
2025-10-29 09:15:00+00:00,2484.5,2487.0,2484.199951171875,2486.300048828125,50440
2025-10-29 09:20:00+00:00,2487.0,2488.699951171875,2484.39990234375,2484.5,30394
2025-10-29 09:25:00+00:00,2488.5,2490.0,2486.39990234375,2486.89990234375,27836
2025-10-29 09:30:00+00:00,2486.10009765625,2488.699951171875,2486.0,2488.60009765625,35773
2025-10-29 09:35:00+00:00,2488.10009765625,2488.5,2485.89990234375,2486.39990234375,40595
2025-10-29 09:40:00+00:00,2487.39990234375,2488.10009765625,2486.0,2487.199951171875,48047
2025-10-29 09:45:00+00:00,2489.0,2489.39990234375,2486.800048828125,2487.39990234375,42533
2025-10-29 09:50:00+00:00,2489.89990234375,2490.0,2488.300048828125,2489.0,57615
2025-10-29 09:55:00+00:00,2488.10009765625,2490.0,2488.10009765625,2489.89990234375,34312
2025-10-30 03:45:00+00:00,2485.60009765625,2494.89990234375,2479.39990234375,2494.89990234375,0
2025-10-30 03:50:00+00:00,2483.0,2484.699951171875,2478.5,2483.699951171875,12253
2025-10-30 03:55:00+00:00,2483.89990234375,2484.0,2480.0,2482.300048828125,7433
2025-10-30 04:00:00+00:00,2478.0,2483.800048828125,2478.0,2483.800048828125,12649
2025-10-30 04:05:00+00:00,2480.0,2480.89990234375,2478.0,2478.800048828125,7920
2025-10-30 04:10:00+00:00,2477.89990234375,2479.699951171875,2475.300048828125,2479.0,20759
2025-10-30 04:15:00+00:00,2479.199951171875,2481.0,2477.10009765625,2477.39990234375,49764
2025-10-30 04:20:00+00:00,2476.60009765625,2480.5,2476.60009765625,2479.5,12217
2025-10-30 04:25:00+00:00,2472.199951171875,2477.89990234375,2471.39990234375,2476.300048828125,58714
2025-10-30 04:30:00+00:00,2475.0,2475.699951171875,2471.0,2472.300048828125,11270
2025-10-30 04:35:00+00:00,2476.60009765625,2477.699951171875,2475.199951171875,2476.800048828125,4399
2025-10-30 04:40:00+00:00,2478.60009765625,2478.60009765625,2473.10009765625,2477.0,7382
2025-10-30 04:45:00+00:00,2476.300048828125,2480.10009765625,2476.300048828125,2478.10009765625,4804
2025-10-30 04:50:00+00:00,2480.39990234375,2481.10009765625,2476.300048828125,2476.300048828125,4480
2025-10-30 04:55:00+00:00,2479.60009765625,2480.800048828125,2479.0,2479.5,3036
2025-10-30 05:00:00+00:00,2478.10009765625,2480.10009765625,2478.0,2479.60009765625,1935
2025-10-30 05:05:00+00:00,2481.0,2481.0,2478.199951171875,2478.199951171875,1113
2025-10-30 05:10:00+00:00,2481.0,2483.800048828125,2480.5,2481.60009765625,4501
2025-10-30 05:15:00+00:00,2480.0,2481.10009765625,2479.0,2481.0,2381
2025-10-30 05:20:00+00:00,2479.10009765625,2480.10009765625,2479.10009765625,2479.800048828125,1610
2025-10-30 05:25:00+00:00,2475.10009765625,2479.0,2475.10009765625,2479.0,2762
2025-10-30 05:30:00+00:00,2475.800048828125,2476.5,2475.0,2476.0,4744
2025-10-30 05:35:00+00:00,2472.10009765625,2476.89990234375,2471.300048828125,2475.800048828125,20668
2025-10-30 05:40:00+00:00,2473.60009765625,2473.89990234375,2471.10009765625,2472.0,10132
2025-10-30 05:45:00+00:00,2472.60009765625,2475.0,2472.0,2473.60009765625,8031
2025-10-30 05:50:00+00:00,2473.0,2474.39990234375,2471.39990234375,2473.300048828125,19328
2025-10-30 05:55:00+00:00,2471.0,2473.89990234375,2471.0,2472.89990234375,10305
2025-10-30 06:00:00+00:00,2470.199951171875,2471.39990234375,2469.699951171875,2471.0,15167
2025-10-30 06:05:00+00:00,2465.89990234375,2470.10009765625,2465.89990234375,2470.10009765625,16635
2025-10-30 06:10:00+00:00,2464.0,2466.89990234375,2463.39990234375,2465.89990234375,12097
2025-10-30 06:15:00+00:00,2463.0,2465.39990234375,2462.5,2463.60009765625,23997
2025-10-30 06:20:00+00:00,2463.0,2464.89990234375,2462.300048828125,2463.0,31501
2025-10-30 06:25:00+00:00,2461.699951171875,2462.800048828125,2461.0,2462.5,14253
2025-10-30 06:30:00+00:00,2462.0,2462.5,2461.10009765625,2462.0,8473
2025-10-30 06:35:00+00:00,2460.39990234375,2464.300048828125,2459.0,2461.300048828125,23451
2025-10-30 06:40:00+00:00,2461.199951171875,2462.0,2460.0,2460.0,3243
2025-10-30 06:45:00+00:00,2457.39990234375,2462.0,2457.39990234375,2461.0,13308
2025-10-30 06:50:00+00:00,2459.0,2460.0,2455.300048828125,2457.199951171875,26530
2025-10-30 06:55:00+00:00,2464.800048828125,2465.0,2459.0,2459.0,23249
2025-10-30 07:00:00+00:00,2464.5,2464.89990234375,2464.0,2464.800048828125,4531
2025-10-30 07:05:00+00:00,2465.0,2466.0,2464.5,2464.5,12735
2025-10-30 07:10:00+00:00,2465.0,2465.0,2464.0,2464.89990234375,3103
2025-10-30 07:15:00+00:00,2464.89990234375,2465.5,2464.60009765625,2465.0,23260
2025-10-30 07:20:00+00:00,2464.5,2465.0,2464.0,2464.89990234375,3177
2025-10-30 07:25:00+00:00,2465.0,2465.0,2464.0,2464.0,13877
2025-10-30 07:30:00+00:00,2471.60009765625,2472.699951171875,2464.60009765625,2465.0,40901
2025-10-30 07:35:00+00:00,2473.39990234375,2473.800048828125,2471.60009765625,2471.60009765625,11726
2025-10-30 07:40:00+00:00,2473.5,2474.89990234375,2472.0,2473.0,13352
2025-10-30 07:45:00+00:00,2473.39990234375,2474.199951171875,2471.800048828125,2472.60009765625,5324
2025-10-30 07:50:00+00:00,2472.39990234375,2474.60009765625,2472.0,2472.60009765625,2769
2025-10-30 07:55:00+00:00,2472.699951171875,2473.5,2472.0,2472.800048828125,1658
2025-10-30 08:00:00+00:00,2469.300048828125,2472.800048828125,2468.699951171875,2472.800048828125,11445
2025-10-30 08:05:00+00:00,2471.60009765625,2471.89990234375,2469.0,2469.10009765625,1996
2025-10-30 08:10:00+00:00,2470.10009765625,2471.800048828125,2470.0,2471.60009765625,5441
2025-10-30 08:15:00+00:00,2469.60009765625,2470.199951171875,2469.0,2470.199951171875,2249
2025-10-30 08:20:00+00:00,2471.0,2471.800048828125,2469.10009765625,2469.5,3252
2025-10-30 08:25:00+00:00,2472.699951171875,2473.800048828125,2470.300048828125,2471.699951171875,4207
2025-10-30 08:30:00+00:00,2471.5,2473.5,2470.0,2473.199951171875,3775
2025-10-30 08:35:00+00:00,2470.699951171875,2471.89990234375,2470.0,2471.5,6595
2025-10-30 08:40:00+00:00,2470.0,2471.300048828125,2469.199951171875,2469.60009765625,2166
2025-10-30 08:45:00+00:00,2470.60009765625,2471.0,2469.699951171875,2470.0,8501
2025-10-30 08:50:00+00:00,2470.300048828125,2473.10009765625,2469.10009765625,2470.39990234375,19801
2025-10-30 08:55:00+00:00,2471.0,2471.89990234375,2470.199951171875,2470.800048828125,3984
2025-10-30 09:00:00+00:00,2470.10009765625,2473.0,2470.0,2471.199951171875,23178
2025-10-30 09:05:00+00:00,2472.300048828125,2473.0,2469.199951171875,2470.39990234375,13156
2025-10-30 09:10:00+00:00,2473.199951171875,2473.5,2471.300048828125,2472.39990234375,9729
2025-10-30 09:15:00+00:00,2470.800048828125,2473.300048828125,2470.800048828125,2473.10009765625,10937
2025-10-30 09:20:00+00:00,2470.0,2471.300048828125,2470.0,2470.300048828125,8311
2025-10-30 09:25:00+00:00,2469.0,2469.5,2466.5,2469.5,29704
2025-10-30 09:30:00+00:00,2468.199951171875,2470.699951171875,2467.10009765625,2468.5,36426
2025-10-30 09:35:00+00:00,2468.5,2470.199951171875,2467.800048828125,2469.60009765625,58961
2025-10-30 09:40:00+00:00,2470.300048828125,2471.39990234375,2468.300048828125,2468.60009765625,60319
2025-10-30 09:45:00+00:00,2470.0,2471.300048828125,2467.39990234375,2470.199951171875,75989
2025-10-30 09:50:00+00:00,2470.0,2472.0,2469.5,2469.89990234375,79156
2025-10-30 09:55:00+00:00,2470.0,2470.0,2468.89990234375,2469.800048828125,34115
2025-10-31 03:45:00+00:00,2469.10009765625,2473.89990234375,2460.0,2469.60009765625,0
2025-10-31 03:50:00+00:00,2468.5,2470.0,2464.10009765625,2470.0,12021
2025-10-31 03:55:00+00:00,2472.699951171875,2472.699951171875,2468.0,2468.699951171875,15788
2025-10-31 04:00:00+00:00,2476.699951171875,2477.60009765625,2471.699951171875,2472.699951171875,15963
2025-10-31 04:05:00+00:00,2477.39990234375,2478.800048828125,2475.39990234375,2477.0,21555
2025-10-31 04:10:00+00:00,2475.800048828125,2478.0,2474.800048828125,2477.300048828125,10791
2025-10-31 04:15:00+00:00,2476.699951171875,2478.199951171875,2474.10009765625,2476.300048828125,11252
2025-10-31 04:20:00+00:00,2474.39990234375,2476.5,2474.0,2476.5,6511
2025-10-31 04:25:00+00:00,2474.5,2476.39990234375,2474.0,2474.39990234375,8717
2025-10-31 04:30:00+00:00,2473.5,2475.0,2471.699951171875,2473.60009765625,8278
2025-10-31 04:35:00+00:00,2470.699951171875,2474.0,2469.199951171875,2473.5,9674
2025-10-31 04:40:00+00:00,2473.89990234375,2474.5,2470.699951171875,2470.699951171875,7942
2025-10-31 04:45:00+00:00,2472.699951171875,2474.5,2471.699951171875,2473.800048828125,8194
2025-10-31 04:50:00+00:00,2469.199951171875,2472.199951171875,2467.60009765625,2472.199951171875,9282
2025-10-31 04:55:00+00:00,2467.300048828125,2469.199951171875,2467.199951171875,2469.199951171875,6084
2025-10-31 05:00:00+00:00,2466.60009765625,2467.800048828125,2466.0,2467.800048828125,6308
2025-10-31 05:05:00+00:00,2467.39990234375,2467.60009765625,2465.0,2466.60009765625,8992
2025-10-31 05:10:00+00:00,2467.699951171875,2467.699951171875,2466.0,2467.39990234375,5196
2025-10-31 05:15:00+00:00,2467.300048828125,2467.89990234375,2465.699951171875,2466.800048828125,6687
2025-10-31 05:20:00+00:00,2465.0,2468.89990234375,2465.0,2467.0,6228
2025-10-31 05:25:00+00:00,2466.300048828125,2467.39990234375,2464.60009765625,2464.800048828125,8656
2025-10-31 05:30:00+00:00,2465.0,2466.60009765625,2463.5,2466.199951171875,10442
2025-10-31 05:35:00+00:00,2465.60009765625,2466.0,2464.800048828125,2466.0,5880
2025-10-31 05:40:00+00:00,2466.39990234375,2467.199951171875,2464.300048828125,2465.39990234375,6657
2025-10-31 05:45:00+00:00,2466.0,2466.89990234375,2465.0,2466.300048828125,8107
2025-10-31 05:50:00+00:00,2464.5,2466.10009765625,2464.0,2465.5,7385
2025-10-31 05:55:00+00:00,2466.300048828125,2466.60009765625,2464.0,2464.39990234375,7461
2025-10-31 06:00:00+00:00,2468.60009765625,2469.300048828125,2465.300048828125,2466.199951171875,6921
2025-10-31 06:05:00+00:00,2467.60009765625,2470.0,2467.60009765625,2468.5,4553
2025-10-31 06:10:00+00:00,2467.0,2469.199951171875,2467.0,2467.800048828125,15776
2025-10-31 06:15:00+00:00,2466.699951171875,2468.0,2466.300048828125,2466.60009765625,8494
2025-10-31 06:20:00+00:00,2466.39990234375,2466.699951171875,2465.300048828125,2466.699951171875,7461
2025-10-31 06:25:00+00:00,2468.39990234375,2468.39990234375,2466.10009765625,2466.39990234375,6217
2025-10-31 06:30:00+00:00,2469.199951171875,2469.60009765625,2467.89990234375,2468.699951171875,5797
2025-10-31 06:35:00+00:00,2468.5,2469.60009765625,2467.89990234375,2469.199951171875,5473
2025-10-31 06:40:00+00:00,2466.699951171875,2468.5,2466.699951171875,2468.5,4583
2025-10-31 06:45:00+00:00,2468.0,2468.199951171875,2466.39990234375,2466.39990234375,7857
2025-10-31 06:50:00+00:00,2465.800048828125,2468.0,2465.699951171875,2468.0,5660
2025-10-31 06:55:00+00:00,2465.0,2465.800048828125,2464.300048828125,2465.5,6670
2025-10-31 07:00:00+00:00,2466.300048828125,2466.60009765625,2464.300048828125,2465.0,8064
2025-10-31 07:05:00+00:00,2463.89990234375,2466.300048828125,2463.60009765625,2466.300048828125,5228
2025-10-31 07:10:00+00:00,2462.199951171875,2464.300048828125,2461.60009765625,2464.10009765625,9794
2025-10-31 07:15:00+00:00,2463.199951171875,2463.199951171875,2461.800048828125,2462.199951171875,4889
2025-10-31 07:20:00+00:00,2460.5,2463.10009765625,2460.10009765625,2463.10009765625,11205
2025-10-31 07:25:00+00:00,2460.60009765625,2462.300048828125,2460.199951171875,2460.199951171875,11397
2025-10-31 07:30:00+00:00,2464.800048828125,2465.60009765625,2459.300048828125,2460.300048828125,16546
2025-10-31 07:35:00+00:00,2462.0,2464.5,2462.0,2464.5,5709
2025-10-31 07:40:00+00:00,2459.5,2463.300048828125,2459.0,2462.5,13507
2025-10-31 07:45:00+00:00,2459.60009765625,2460.10009765625,2459.0,2460.0,14395
2025-10-31 07:50:00+00:00,2458.89990234375,2460.0,2457.0,2459.699951171875,39019
2025-10-31 07:55:00+00:00,2455.5,2458.89990234375,2455.300048828125,2458.89990234375,23213
2025-10-31 08:00:00+00:00,2454.699951171875,2456.5,2454.199951171875,2455.300048828125,79079
2025-10-31 08:05:00+00:00,2455.0,2456.0,2453.5,2455.0,57699
2025-10-31 08:10:00+00:00,2454.5,2455.0,2454.0,2455.0,43227
2025-10-31 08:15:00+00:00,2460.0,2460.0,2454.89990234375,2454.89990234375,30755
2025-10-31 08:20:00+00:00,2459.10009765625,2460.0,2458.39990234375,2460.0,6964
2025-10-31 08:25:00+00:00,2464.300048828125,2465.0,2458.699951171875,2459.10009765625,26729
2025-10-31 08:30:00+00:00,2465.5,2465.89990234375,2464.0,2464.300048828125,13294
2025-10-31 08:35:00+00:00,2465.10009765625,2467.39990234375,2464.89990234375,2465.5,7528
2025-10-31 08:40:00+00:00,2464.39990234375,2465.5,2464.10009765625,2465.0,8345
2025-10-31 08:45:00+00:00,2464.300048828125,2466.5,2464.0,2464.300048828125,9244
2025-10-31 08:50:00+00:00,2463.39990234375,2464.300048828125,2462.60009765625,2464.300048828125,7730
2025-10-31 08:55:00+00:00,2466.39990234375,2467.699951171875,2463.199951171875,2463.300048828125,43901
2025-10-31 09:00:00+00:00,2469.300048828125,2470.60009765625,2465.300048828125,2465.300048828125,9893
2025-10-31 09:05:00+00:00,2470.300048828125,2470.300048828125,2467.39990234375,2469.300048828125,11057
2025-10-31 09:10:00+00:00,2469.199951171875,2470.300048828125,2467.300048828125,2470.300048828125,4621
2025-10-31 09:15:00+00:00,2467.39990234375,2469.199951171875,2467.199951171875,2469.199951171875,7776
2025-10-31 09:20:00+00:00,2467.800048828125,2468.89990234375,2465.5,2467.39990234375,25584
2025-10-31 09:25:00+00:00,2464.199951171875,2469.5,2464.199951171875,2467.800048828125,19918
2025-10-31 09:30:00+00:00,2466.60009765625,2466.89990234375,2463.199951171875,2464.199951171875,84644
2025-10-31 09:35:00+00:00,2467.10009765625,2467.800048828125,2465.5,2466.699951171875,86766
2025-10-31 09:40:00+00:00,2464.10009765625,2467.300048828125,2464.10009765625,2467.10009765625,72915
2025-10-31 09:45:00+00:00,2464.89990234375,2465.699951171875,2463.39990234375,2464.10009765625,87107
2025-10-31 09:50:00+00:00,2465.199951171875,2466.60009765625,2464.10009765625,2465.300048828125,75820
2025-10-31 09:55:00+00:00,2465.5,2467.0,2460.800048828125,2464.39990234375,61811
2025-11-03 03:45:00+00:00,2459.0,2460.800048828125,2453.10009765625,2460.0,0
2025-11-03 03:50:00+00:00,2457.0,2461.800048828125,2455.0,2459.0,8618
2025-11-03 03:55:00+00:00,2464.39990234375,2464.39990234375,2457.0,2457.0,8605
2025-11-03 04:00:00+00:00,2462.300048828125,2463.89990234375,2461.60009765625,2463.699951171875,4531
2025-11-03 04:05:00+00:00,2466.5,2466.5,2461.300048828125,2462.0,7788
2025-11-03 04:10:00+00:00,2461.0,2468.39990234375,2460.699951171875,2467.699951171875,9921
2025-11-03 04:15:00+00:00,2467.60009765625,2468.89990234375,2461.0,2461.0,4133
2025-11-03 04:20:00+00:00,2472.800048828125,2474.89990234375,2466.10009765625,2467.60009765625,12682
2025-11-03 04:25:00+00:00,2473.0,2473.60009765625,2471.0,2473.60009765625,4813
2025-11-03 04:30:00+00:00,2466.800048828125,2473.0,2466.300048828125,2473.0,4575
2025-11-03 04:35:00+00:00,2465.60009765625,2467.60009765625,2464.199951171875,2466.300048828125,4962
2025-11-03 04:40:00+00:00,2463.89990234375,2466.0,2463.5,2465.699951171875,5227
2025-11-03 04:45:00+00:00,2462.89990234375,2464.199951171875,2460.199951171875,2464.199951171875,6764
2025-11-03 04:50:00+00:00,2458.0,2463.5,2457.89990234375,2463.10009765625,12448
2025-11-03 04:55:00+00:00,2458.60009765625,2458.60009765625,2456.60009765625,2458.199951171875,4983
2025-11-03 05:00:00+00:00,2454.0,2458.60009765625,2452.300048828125,2458.0,39373
2025-11-03 05:05:00+00:00,2454.800048828125,2457.89990234375,2453.10009765625,2454.0,39748
2025-11-03 05:10:00+00:00,2456.0,2457.300048828125,2454.0,2454.0,77616
2025-11-03 05:15:00+00:00,2454.0,2456.0,2454.0,2456.0,17458
2025-11-03 05:20:00+00:00,2454.10009765625,2454.39990234375,2452.300048828125,2453.699951171875,6176
2025-11-03 05:25:00+00:00,2454.10009765625,2455.300048828125,2454.10009765625,2454.199951171875,53913
2025-11-03 05:30:00+00:00,2455.699951171875,2456.199951171875,2454.0,2454.0,34542
2025-11-03 05:35:00+00:00,2454.60009765625,2457.0,2454.10009765625,2455.699951171875,5318
2025-11-03 05:40:00+00:00,2454.5,2455.0,2453.300048828125,2454.300048828125,4971
2025-11-03 05:45:00+00:00,2453.39990234375,2454.300048828125,2452.5,2454.300048828125,4224
2025-11-03 05:50:00+00:00,2453.10009765625,2453.699951171875,2451.5,2453.5,7316
2025-11-03 05:55:00+00:00,2451.10009765625,2452.5,2450.300048828125,2452.10009765625,6895
2025-11-03 06:00:00+00:00,2451.699951171875,2452.199951171875,2450.10009765625,2450.800048828125,4908
2025-11-03 06:05:00+00:00,2450.699951171875,2451.699951171875,2448.800048828125,2451.60009765625,16391
2025-11-03 06:10:00+00:00,2450.39990234375,2452.0,2450.199951171875,2450.60009765625,2160
2025-11-03 06:15:00+00:00,2447.0,2450.5,2447.0,2450.5,5374
2025-11-03 06:20:00+00:00,2444.800048828125,2447.5,2444.10009765625,2447.10009765625,11322
2025-11-03 06:25:00+00:00,2445.60009765625,2447.300048828125,2444.800048828125,2444.800048828125,5465
2025-11-03 06:30:00+00:00,2444.800048828125,2446.39990234375,2444.199951171875,2445.800048828125,6685
2025-11-03 06:35:00+00:00,2442.800048828125,2446.5,2442.5,2444.89990234375,8896
2025-11-03 06:40:00+00:00,2441.5,2444.0,2440.300048828125,2442.5,6385
2025-11-03 06:45:00+00:00,2445.0,2446.199951171875,2440.5,2441.0,10820
2025-11-03 06:50:00+00:00,2443.0,2445.300048828125,2442.0,2444.89990234375,6423
2025-11-03 06:55:00+00:00,2445.60009765625,2446.199951171875,2443.0,2443.10009765625,2952
2025-11-03 07:00:00+00:00,2447.0,2447.89990234375,2445.199951171875,2445.800048828125,4440
2025-11-03 07:05:00+00:00,2447.199951171875,2447.199951171875,2446.0,2447.10009765625,7682
2025-11-03 07:10:00+00:00,2449.800048828125,2450.39990234375,2446.800048828125,2446.800048828125,18498
2025-11-03 07:15:00+00:00,2453.89990234375,2453.89990234375,2449.800048828125,2449.89990234375,5744
2025-11-03 07:20:00+00:00,2454.0,2454.800048828125,2452.60009765625,2453.89990234375,4259
2025-11-03 07:25:00+00:00,2457.699951171875,2457.800048828125,2453.0,2453.0,17083
2025-11-03 07:30:00+00:00,2454.199951171875,2457.800048828125,2452.39990234375,2457.800048828125,9041
2025-11-03 07:35:00+00:00,2458.800048828125,2458.800048828125,2453.60009765625,2453.60009765625,8316
2025-11-03 07:40:00+00:00,2452.89990234375,2458.60009765625,2452.300048828125,2458.39990234375,9916
2025-11-03 07:45:00+00:00,2454.199951171875,2455.60009765625,2452.699951171875,2453.300048828125,7790
2025-11-03 07:50:00+00:00,2456.0,2456.10009765625,2453.39990234375,2453.5,2937
2025-11-03 07:55:00+00:00,2454.800048828125,2455.89990234375,2453.699951171875,2455.0,5846
2025-11-03 08:00:00+00:00,2453.39990234375,2455.300048828125,2453.10009765625,2454.800048828125,2106
2025-11-03 08:05:00+00:00,2453.699951171875,2454.0,2453.0,2453.199951171875,3692
2025-11-03 08:10:00+00:00,2454.699951171875,2455.0,2453.199951171875,2453.199951171875,2141
2025-11-03 08:15:00+00:00,2454.89990234375,2455.60009765625,2454.10009765625,2454.199951171875,8001
2025-11-03 08:20:00+00:00,2454.89990234375,2455.0,2453.800048828125,2454.60009765625,2188
2025-11-03 08:25:00+00:00,2457.0,2457.0,2454.89990234375,2454.89990234375,9097
2025-11-03 08:30:00+00:00,2457.0,2458.0,2456.0,2456.0,15567
2025-11-03 08:35:00+00:00,2457.199951171875,2458.699951171875,2457.0,2457.39990234375,18309
2025-11-03 08:40:00+00:00,2456.10009765625,2457.5,2456.0,2457.5,6722
2025-11-03 08:45:00+00:00,2463.39990234375,2466.89990234375,2456.199951171875,2456.199951171875,87963
2025-11-03 08:50:00+00:00,2459.199951171875,2463.39990234375,2459.0,2463.300048828125,11817
2025-11-03 08:55:00+00:00,2459.0,2460.0,2458.10009765625,2458.89990234375,5684
2025-11-03 09:00:00+00:00,2457.699951171875,2459.300048828125,2456.199951171875,2458.60009765625,3966
2025-11-03 09:05:00+00:00,2458.89990234375,2458.89990234375,2456.199951171875,2457.0,4456
2025-11-03 09:10:00+00:00,2458.60009765625,2459.800048828125,2457.300048828125,2458.199951171875,5091
2025-11-03 09:15:00+00:00,2459.89990234375,2461.39990234375,2457.89990234375,2458.89990234375,27084
2025-11-03 09:20:00+00:00,2461.199951171875,2461.800048828125,2458.89990234375,2459.89990234375,15515
2025-11-03 09:25:00+00:00,2459.300048828125,2461.10009765625,2459.0,2461.10009765625,9964
2025-11-03 09:30:00+00:00,2459.89990234375,2462.0,2458.199951171875,2459.60009765625,26096
2025-11-03 09:35:00+00:00,2460.0,2460.199951171875,2459.800048828125,2460.0,16481
2025-11-03 09:40:00+00:00,2459.60009765625,2461.0,2459.60009765625,2460.0,35876
2025-11-03 09:45:00+00:00,2459.699951171875,2460.699951171875,2459.10009765625,2459.800048828125,30882
2025-11-03 09:50:00+00:00,2459.89990234375,2460.0,2459.0,2459.699951171875,35340
2025-11-03 09:55:00+00:00,2460.0,2461.0,2459.300048828125,2459.89990234375,31935
2025-11-04 03:45:00+00:00,2448.800048828125,2460.60009765625,2448.800048828125,2460.5,0
2025-11-04 03:50:00+00:00,2452.5,2452.5,2446.10009765625,2448.39990234375,16316
2025-11-04 03:55:00+00:00,2452.39990234375,2453.800048828125,2451.5,2451.60009765625,4514
2025-11-04 04:00:00+00:00,2448.39990234375,2452.199951171875,2448.0,2452.199951171875,17297
2025-11-04 04:05:00+00:00,2450.39990234375,2450.800048828125,2447.10009765625,2448.800048828125,14446
2025-11-04 04:10:00+00:00,2448.5,2450.699951171875,2446.800048828125,2450.699951171875,9638
2025-11-04 04:15:00+00:00,2445.10009765625,2449.5,2443.10009765625,2448.0,14884
2025-11-04 04:20:00+00:00,2447.39990234375,2448.5,2442.39990234375,2445.0,13029
2025-11-04 04:25:00+00:00,2448.0,2449.39990234375,2446.39990234375,2447.89990234375,3386
2025-11-04 04:30:00+00:00,2451.0,2451.89990234375,2447.39990234375,2448.5,6764
2025-11-04 04:35:00+00:00,2450.300048828125,2451.60009765625,2448.60009765625,2450.800048828125,4108
2025-11-04 04:40:00+00:00,2449.89990234375,2450.300048828125,2449.0,2449.199951171875,3759
2025-11-04 04:45:00+00:00,2448.89990234375,2450.5,2446.800048828125,2449.89990234375,5100
2025-11-04 04:50:00+00:00,2450.199951171875,2451.300048828125,2448.89990234375,2449.300048828125,19515
2025-11-04 04:55:00+00:00,2448.5,2450.199951171875,2447.5,2450.199951171875,8532
2025-11-04 05:00:00+00:00,2450.0,2450.89990234375,2447.60009765625,2448.0,8299
2025-11-04 05:05:00+00:00,2448.5,2450.10009765625,2448.300048828125,2449.39990234375,2545
2025-11-04 05:10:00+00:00,2446.60009765625,2450.0,2446.60009765625,2448.39990234375,4062
2025-11-04 05:15:00+00:00,2448.5,2449.89990234375,2446.60009765625,2446.60009765625,3942
2025-11-04 05:20:00+00:00,2448.10009765625,2449.89990234375,2447.10009765625,2449.0,3613
2025-11-04 05:25:00+00:00,2449.300048828125,2450.0,2447.0,2448.0,12561
2025-11-04 05:30:00+00:00,2447.300048828125,2450.0,2447.10009765625,2449.89990234375,12574
2025-11-04 05:35:00+00:00,2446.699951171875,2448.5,2446.699951171875,2447.199951171875,3123
2025-11-04 05:40:00+00:00,2448.10009765625,2448.5,2446.0,2446.699951171875,3812
2025-11-04 05:45:00+00:00,2446.10009765625,2448.699951171875,2445.0,2448.199951171875,6749
2025-11-04 05:50:00+00:00,2444.699951171875,2446.5,2444.60009765625,2446.0,10648
2025-11-04 05:55:00+00:00,2446.39990234375,2447.699951171875,2445.0,2445.10009765625,5069
2025-11-04 06:00:00+00:00,2447.300048828125,2448.0,2444.800048828125,2446.5,4272
2025-11-04 06:05:00+00:00,2446.5,2447.800048828125,2445.800048828125,2447.300048828125,3339
2025-11-04 06:10:00+00:00,2447.199951171875,2448.0,2445.199951171875,2446.10009765625,6161
2025-11-04 06:15:00+00:00,2452.300048828125,2453.89990234375,2447.199951171875,2447.199951171875,22310
2025-11-04 06:20:00+00:00,2451.699951171875,2453.60009765625,2450.10009765625,2452.39990234375,10133
2025-11-04 06:25:00+00:00,2450.60009765625,2451.800048828125,2450.0,2451.800048828125,4926
2025-11-04 06:30:00+00:00,2453.10009765625,2454.89990234375,2451.0,2451.0,14939
2025-11-04 06:35:00+00:00,2453.89990234375,2454.10009765625,2451.800048828125,2453.199951171875,7899
2025-11-04 06:40:00+00:00,2453.89990234375,2454.199951171875,2453.0,2454.0,11088
2025-11-04 06:45:00+00:00,2454.300048828125,2454.699951171875,2454.0,2454.0,4872
2025-11-04 06:50:00+00:00,2454.199951171875,2455.0,2454.0,2454.60009765625,7534
2025-11-04 06:55:00+00:00,2454.199951171875,2455.300048828125,2454.0,2454.300048828125,8642
2025-11-04 07:00:00+00:00,2455.800048828125,2457.800048828125,2454.199951171875,2454.199951171875,13219
2025-11-04 07:05:00+00:00,2456.800048828125,2457.39990234375,2455.300048828125,2455.800048828125,11772
2025-11-04 07:10:00+00:00,2457.60009765625,2458.800048828125,2454.0,2456.699951171875,11773
2025-11-04 07:15:00+00:00,2457.0,2458.39990234375,2457.0,2457.60009765625,5093
2025-11-04 07:20:00+00:00,2457.89990234375,2458.800048828125,2456.699951171875,2457.199951171875,4312
2025-11-04 07:25:00+00:00,2459.5,2463.0,2457.89990234375,2457.89990234375,21824
2025-11-04 07:30:00+00:00,2460.5,2461.800048828125,2459.800048828125,2460.0,6165
2025-11-04 07:35:00+00:00,2459.300048828125,2461.0,2458.39990234375,2460.60009765625,5151
2025-11-04 07:40:00+00:00,2457.5,2460.0,2457.5,2459.0,3533
2025-11-04 07:45:00+00:00,2458.800048828125,2459.800048828125,2457.199951171875,2457.5,5315
2025-11-04 07:50:00+00:00,2458.300048828125,2459.699951171875,2458.0,2458.89990234375,4845
2025-11-04 07:55:00+00:00,2458.0,2458.699951171875,2456.699951171875,2458.300048828125,7913
2025-11-04 08:00:00+00:00,2457.300048828125,2459.0,2457.0,2457.10009765625,4248
2025-11-04 08:05:00+00:00,2458.89990234375,2459.0,2456.5,2457.199951171875,5496
2025-11-04 08:10:00+00:00,2456.199951171875,2458.89990234375,2456.10009765625,2458.89990234375,4406
2025-11-04 08:15:00+00:00,2455.39990234375,2456.199951171875,2455.0,2456.199951171875,4769
2025-11-04 08:20:00+00:00,2452.10009765625,2454.89990234375,2451.0,2454.89990234375,11741
2025-11-04 08:25:00+00:00,2451.10009765625,2452.5,2450.800048828125,2452.10009765625,5327
2025-11-04 08:30:00+00:00,2450.5,2452.0,2450.0,2451.10009765625,6753
2025-11-04 08:35:00+00:00,2451.0,2452.0,2450.10009765625,2450.39990234375,8317
2025-11-04 08:40:00+00:00,2447.39990234375,2451.199951171875,2447.10009765625,2451.199951171875,29064
2025-11-04 08:45:00+00:00,2447.39990234375,2448.800048828125,2446.39990234375,2447.39990234375,9920
2025-11-04 08:50:00+00:00,2446.10009765625,2448.89990234375,2445.60009765625,2446.699951171875,36695
2025-11-04 08:55:00+00:00,2446.800048828125,2447.800048828125,2446.0,2446.10009765625,5860
2025-11-04 09:00:00+00:00,2448.10009765625,2449.10009765625,2446.10009765625,2446.10009765625,5014
2025-11-04 09:05:00+00:00,2449.10009765625,2449.300048828125,2448.0,2448.60009765625,13532
2025-11-04 09:10:00+00:00,2450.300048828125,2451.199951171875,2449.0,2449.10009765625,10913
2025-11-04 09:15:00+00:00,2450.300048828125,2452.10009765625,2449.0,2450.0,20555
2025-11-04 09:20:00+00:00,2450.800048828125,2452.199951171875,2449.0,2450.300048828125,20508
2025-11-04 09:25:00+00:00,2448.800048828125,2451.10009765625,2448.699951171875,2450.800048828125,6472
2025-11-04 09:30:00+00:00,2447.300048828125,2450.300048828125,2445.300048828125,2449.39990234375,113431
2025-11-04 09:35:00+00:00,2445.10009765625,2450.0,2441.60009765625,2447.300048828125,142129
2025-11-04 09:40:00+00:00,2447.0,2448.699951171875,2441.800048828125,2445.0,139772
2025-11-04 09:45:00+00:00,2446.0,2448.0,2445.0,2448.0,58575
2025-11-04 09:50:00+00:00,2442.800048828125,2447.300048828125,2441.300048828125,2447.199951171875,78305
2025-11-04 09:55:00+00:00,2443.89990234375,2445.0,2441.800048828125,2442.89990234375,47981
2025-11-06 03:45:00+00:00,2453.199951171875,2460.39990234375,2451.199951171875,2460.0,0
2025-11-06 03:50:00+00:00,2455.89990234375,2459.89990234375,2453.0,2453.0,14664
2025-11-06 03:55:00+00:00,2453.699951171875,2455.89990234375,2450.60009765625,2455.89990234375,7032
2025-11-06 04:00:00+00:00,2452.39990234375,2455.0,2451.5,2454.800048828125,7310
2025-11-06 04:05:00+00:00,2453.89990234375,2454.300048828125,2452.199951171875,2452.699951171875,3229
2025-11-06 04:10:00+00:00,2452.699951171875,2453.89990234375,2448.699951171875,2453.89990234375,4965
2025-11-06 04:15:00+00:00,2451.199951171875,2452.699951171875,2450.0,2452.699951171875,4058
2025-11-06 04:20:00+00:00,2456.89990234375,2457.60009765625,2450.5,2450.60009765625,7638
2025-11-06 04:25:00+00:00,2458.0,2458.0,2455.199951171875,2457.10009765625,5470
2025-11-06 04:30:00+00:00,2456.60009765625,2458.89990234375,2456.60009765625,2458.0,5187
2025-11-06 04:35:00+00:00,2452.199951171875,2456.89990234375,2452.199951171875,2456.5,3429
2025-11-06 04:40:00+00:00,2451.60009765625,2453.60009765625,2451.0,2452.10009765625,5039
2025-11-06 04:45:00+00:00,2450.39990234375,2452.699951171875,2449.5,2451.800048828125,7160
2025-11-06 04:50:00+00:00,2451.10009765625,2451.699951171875,2449.60009765625,2450.39990234375,4408
2025-11-06 04:55:00+00:00,2452.10009765625,2454.10009765625,2451.0,2451.699951171875,4286
2025-11-06 05:00:00+00:00,2454.10009765625,2455.10009765625,2451.699951171875,2452.60009765625,4804
2025-11-06 05:05:00+00:00,2451.0,2454.699951171875,2450.60009765625,2454.5,5529
2025-11-06 05:10:00+00:00,2451.39990234375,2453.5,2450.699951171875,2451.0,7498
2025-11-06 05:15:00+00:00,2453.10009765625,2453.5,2451.0,2451.699951171875,3817
2025-11-06 05:20:00+00:00,2453.89990234375,2454.89990234375,2453.10009765625,2453.60009765625,3797
2025-11-06 05:25:00+00:00,2453.300048828125,2454.0,2452.199951171875,2454.0,3595
2025-11-06 05:30:00+00:00,2454.0,2454.89990234375,2452.300048828125,2453.39990234375,5583
2025-11-06 05:35:00+00:00,2456.800048828125,2459.10009765625,2454.300048828125,2455.0,16452
2025-11-06 05:40:00+00:00,2455.0,2457.10009765625,2453.60009765625,2457.10009765625,5444
2025-11-06 05:45:00+00:00,2454.800048828125,2455.0,2452.300048828125,2455.0,3400
2025-11-06 05:50:00+00:00,2456.0,2456.0,2454.800048828125,2454.89990234375,3635
2025-11-06 05:55:00+00:00,2455.699951171875,2456.0,2454.5,2455.89990234375,4301
2025-11-06 06:00:00+00:00,2456.89990234375,2457.199951171875,2455.10009765625,2455.699951171875,11421
2025-11-06 06:05:00+00:00,2456.0,2457.0,2456.0,2456.89990234375,5724
2025-11-06 06:10:00+00:00,2455.800048828125,2456.39990234375,2455.699951171875,2456.0,14246
2025-11-06 06:15:00+00:00,2456.0,2457.0,2455.5,2456.300048828125,10511
2025-11-06 06:20:00+00:00,2452.10009765625,2456.699951171875,2452.0,2456.300048828125,25335
2025-11-06 06:25:00+00:00,2453.699951171875,2454.199951171875,2452.0,2452.300048828125,14012
2025-11-06 06:30:00+00:00,2454.0,2455.10009765625,2453.60009765625,2454.0,6041
2025-11-06 06:35:00+00:00,2455.0,2455.0,2452.60009765625,2454.0,4932
2025-11-06 06:40:00+00:00,2453.0,2454.60009765625,2452.0,2453.60009765625,16623
2025-11-06 06:45:00+00:00,2450.10009765625,2453.699951171875,2449.60009765625,2453.199951171875,11004
2025-11-06 06:50:00+00:00,2451.800048828125,2452.0,2449.0,2450.0,10670
2025-11-06 06:55:00+00:00,2450.0,2452.0,2449.699951171875,2451.699951171875,9694
2025-11-06 07:00:00+00:00,2449.89990234375,2450.800048828125,2449.0,2450.39990234375,11559
2025-11-06 07:05:00+00:00,2449.0,2450.199951171875,2449.0,2450.199951171875,8738
2025-11-06 07:10:00+00:00,2445.5,2449.800048828125,2445.0,2449.39990234375,12914
2025-11-06 07:15:00+00:00,2448.10009765625,2449.5,2444.199951171875,2445.5,11193
2025-11-06 07:20:00+00:00,2449.10009765625,2449.699951171875,2447.5,2448.10009765625,9588
2025-11-06 07:25:00+00:00,2450.0,2450.39990234375,2447.699951171875,2448.800048828125,8553
2025-11-06 07:30:00+00:00,2449.800048828125,2450.199951171875,2448.5,2449.800048828125,6914
2025-11-06 07:35:00+00:00,2449.60009765625,2449.89990234375,2448.60009765625,2449.800048828125,8005
2025-11-06 07:40:00+00:00,2447.89990234375,2449.800048828125,2447.0,2449.60009765625,7453
2025-11-06 07:45:00+00:00,2449.0,2449.60009765625,2447.0,2447.10009765625,7834
2025-11-06 07:50:00+00:00,2450.5,2451.10009765625,2449.0,2449.300048828125,5574
2025-11-06 07:55:00+00:00,2449.199951171875,2450.699951171875,2449.0,2450.10009765625,5558
2025-11-06 08:00:00+00:00,2450.10009765625,2451.89990234375,2449.0,2449.10009765625,7730
2025-11-06 08:05:00+00:00,2446.699951171875,2450.89990234375,2446.300048828125,2450.699951171875,11675
2025-11-06 08:10:00+00:00,2441.39990234375,2447.0,2440.0,2446.800048828125,15808
2025-11-06 08:15:00+00:00,2440.60009765625,2443.699951171875,2440.0,2442.10009765625,12171
2025-11-06 08:20:00+00:00,2437.5,2442.89990234375,2436.300048828125,2440.300048828125,78987
2025-11-06 08:25:00+00:00,2435.699951171875,2437.89990234375,2435.0,2437.5,13934
2025-11-06 08:30:00+00:00,2434.5,2435.89990234375,2433.89990234375,2435.800048828125,8424
2025-11-06 08:35:00+00:00,2434.60009765625,2435.5,2433.10009765625,2434.5,11763
2025-11-06 08:40:00+00:00,2438.5,2438.5,2434.60009765625,2434.60009765625,18043
2025-11-06 08:45:00+00:00,2434.800048828125,2438.300048828125,2434.0,2437.60009765625,13960
2025-11-06 08:50:00+00:00,2436.10009765625,2437.300048828125,2434.0,2435.199951171875,6495
2025-11-06 08:55:00+00:00,2435.800048828125,2437.199951171875,2434.300048828125,2436.10009765625,11878
2025-11-06 09:00:00+00:00,2436.60009765625,2437.10009765625,2435.0,2436.699951171875,7151
2025-11-06 09:05:00+00:00,2437.300048828125,2437.89990234375,2435.5,2436.60009765625,8145
2025-11-06 09:10:00+00:00,2439.0,2439.800048828125,2435.89990234375,2436.800048828125,20369
2025-11-06 09:15:00+00:00,2436.89990234375,2439.800048828125,2435.300048828125,2439.0,18560
2025-11-06 09:20:00+00:00,2438.10009765625,2439.0,2436.10009765625,2437.300048828125,15048
2025-11-06 09:25:00+00:00,2440.39990234375,2442.39990234375,2437.0,2438.10009765625,28421
2025-11-06 09:30:00+00:00,2433.5,2440.300048828125,2433.39990234375,2440.300048828125,83156
2025-11-06 09:35:00+00:00,2435.199951171875,2437.5,2433.0,2433.5,113397
2025-11-06 09:40:00+00:00,2441.699951171875,2442.39990234375,2433.10009765625,2435.0,102170
2025-11-06 09:45:00+00:00,2439.300048828125,2444.60009765625,2433.699951171875,2442.10009765625,138583
2025-11-06 09:50:00+00:00,2436.199951171875,2439.699951171875,2434.39990234375,2438.5,96011
2025-11-06 09:55:00+00:00,2439.0,2441.699951171875,2434.800048828125,2435.60009765625,47469
2025-11-07 03:45:00+00:00,2405.60009765625,2421.10009765625,2401.10009765625,2421.10009765625,0
2025-11-07 03:50:00+00:00,2402.0,2408.39990234375,2401.300048828125,2406.10009765625,20572
2025-11-07 03:55:00+00:00,2411.0,2411.39990234375,2400.699951171875,2401.300048828125,12055
2025-11-07 04:00:00+00:00,2414.5,2415.39990234375,2410.800048828125,2411.0,14394
2025-11-07 04:05:00+00:00,2413.10009765625,2414.699951171875,2411.10009765625,2414.699951171875,6302
2025-11-07 04:10:00+00:00,2414.10009765625,2414.800048828125,2410.800048828125,2412.60009765625,4030
2025-11-07 04:15:00+00:00,2418.0,2418.89990234375,2413.60009765625,2414.199951171875,10895
2025-11-07 04:20:00+00:00,2414.699951171875,2417.699951171875,2414.699951171875,2417.0,6791
2025-11-07 04:25:00+00:00,2416.300048828125,2417.5,2414.60009765625,2415.199951171875,11651
2025-11-07 04:30:00+00:00,2421.89990234375,2423.699951171875,2418.10009765625,2418.10009765625,8915
2025-11-07 04:35:00+00:00,2418.10009765625,2422.10009765625,2418.0,2422.10009765625,3588
2025-11-07 04:40:00+00:00,2419.0,2422.10009765625,2418.0,2418.10009765625,5425
2025-11-07 04:45:00+00:00,2418.60009765625,2420.89990234375,2417.800048828125,2419.0,2286
2025-11-07 04:50:00+00:00,2419.10009765625,2419.300048828125,2417.89990234375,2419.300048828125,3056
2025-11-07 04:55:00+00:00,2419.39990234375,2420.5,2417.300048828125,2419.10009765625,7208
2025-11-07 05:00:00+00:00,2420.0,2420.0,2417.300048828125,2419.5,4081
2025-11-07 05:05:00+00:00,2416.199951171875,2420.0,2416.199951171875,2419.199951171875,2677
2025-11-07 05:10:00+00:00,2418.0,2418.0,2415.0,2416.5,5960
2025-11-07 05:15:00+00:00,2414.0,2418.699951171875,2414.0,2417.60009765625,6179
2025-11-07 05:20:00+00:00,2415.199951171875,2415.89990234375,2412.800048828125,2413.800048828125,4362
2025-11-07 05:25:00+00:00,2414.39990234375,2415.39990234375,2413.0,2414.699951171875,3552
2025-11-07 05:30:00+00:00,2413.800048828125,2415.89990234375,2413.60009765625,2414.199951171875,4795
2025-11-07 05:35:00+00:00,2415.5,2415.800048828125,2412.60009765625,2413.5,3452
2025-11-07 05:40:00+00:00,2416.199951171875,2417.5,2414.699951171875,2415.10009765625,4305
2025-11-07 05:45:00+00:00,2417.10009765625,2417.10009765625,2415.10009765625,2416.699951171875,6790
2025-11-07 05:50:00+00:00,2419.800048828125,2420.0,2416.199951171875,2416.800048828125,5304
2025-11-07 05:55:00+00:00,2419.199951171875,2420.60009765625,2417.5,2419.800048828125,5950
2025-11-07 06:00:00+00:00,2422.0,2423.0,2418.89990234375,2419.60009765625,10297
2025-11-07 06:05:00+00:00,2424.699951171875,2424.699951171875,2422.0,2422.0,6343
2025-11-07 06:10:00+00:00,2423.699951171875,2424.800048828125,2422.60009765625,2424.699951171875,9024
2025-11-07 06:15:00+00:00,2422.699951171875,2424.0,2422.0,2423.800048828125,4425
2025-11-07 06:20:00+00:00,2422.0,2423.0,2422.0,2422.699951171875,8334
2025-11-07 06:25:00+00:00,2422.89990234375,2423.89990234375,2422.0,2422.699951171875,3793
2025-11-07 06:30:00+00:00,2424.0,2424.0,2422.5,2422.800048828125,3879
2025-11-07 06:35:00+00:00,2424.0,2424.0,2422.699951171875,2423.89990234375,4749
2025-11-07 06:40:00+00:00,2423.300048828125,2423.89990234375,2422.5,2423.800048828125,5288
2025-11-07 06:45:00+00:00,2418.39990234375,2423.60009765625,2417.199951171875,2423.10009765625,23439
2025-11-07 06:50:00+00:00,2416.0,2421.699951171875,2416.0,2418.39990234375,5941
2025-11-07 06:55:00+00:00,2417.5,2420.5,2415.89990234375,2416.0,4419
2025-11-07 07:00:00+00:00,2419.800048828125,2420.60009765625,2417.5,2417.89990234375,13659
2025-11-07 07:05:00+00:00,2420.0,2421.89990234375,2419.39990234375,2419.60009765625,20228
2025-11-07 07:10:00+00:00,2421.60009765625,2423.199951171875,2420.0,2420.0,8338
2025-11-07 07:15:00+00:00,2421.5,2423.60009765625,2420.199951171875,2422.5,6093
2025-11-07 07:20:00+00:00,2419.5,2421.699951171875,2419.5,2421.5,15377
2025-11-07 07:25:00+00:00,2413.300048828125,2420.199951171875,2413.199951171875,2420.0,26565
2025-11-07 07:30:00+00:00,2417.10009765625,2417.10009765625,2411.800048828125,2413.300048828125,30084
2025-11-07 07:35:00+00:00,2411.0,2417.0,2410.60009765625,2417.0,24607
2025-11-07 07:40:00+00:00,2412.0,2412.5,2410.300048828125,2411.0,4982
2025-11-07 07:45:00+00:00,2411.800048828125,2413.199951171875,2410.89990234375,2412.10009765625,5312
2025-11-07 07:50:00+00:00,2411.60009765625,2412.60009765625,2410.300048828125,2411.300048828125,7859
2025-11-07 07:55:00+00:00,2414.5,2415.60009765625,2411.39990234375,2412.10009765625,4869
2025-11-07 08:00:00+00:00,2416.39990234375,2416.800048828125,2414.0,2414.5,3293
2025-11-07 08:05:00+00:00,2414.89990234375,2417.0,2414.0,2417.0,9213
2025-11-07 08:10:00+00:00,2415.800048828125,2417.0,2415.0,2415.0,4256
2025-11-07 08:15:00+00:00,2416.60009765625,2417.0,2415.300048828125,2415.699951171875,7476
2025-11-07 08:20:00+00:00,2414.5,2417.0,2414.199951171875,2416.60009765625,8743
2025-11-07 08:25:00+00:00,2413.0,2414.5,2411.89990234375,2414.39990234375,4509
2025-11-07 08:30:00+00:00,2411.60009765625,2413.5,2411.0,2413.39990234375,9491
2025-11-07 08:35:00+00:00,2413.300048828125,2413.60009765625,2410.39990234375,2411.5,5272
2025-11-07 08:40:00+00:00,2411.60009765625,2413.800048828125,2410.699951171875,2413.300048828125,3926
2025-11-07 08:45:00+00:00,2411.60009765625,2412.199951171875,2410.60009765625,2411.800048828125,5423
2025-11-07 08:50:00+00:00,2414.5,2414.5,2411.39990234375,2412.199951171875,4610
2025-11-07 08:55:00+00:00,2415.0,2415.0,2413.699951171875,2414.199951171875,4822
2025-11-07 09:00:00+00:00,2414.10009765625,2415.10009765625,2414.0,2414.800048828125,4498
2025-11-07 09:05:00+00:00,2414.300048828125,2415.10009765625,2414.0,2414.10009765625,4611
2025-11-07 09:10:00+00:00,2415.199951171875,2415.60009765625,2413.10009765625,2414.800048828125,6541
2025-11-07 09:15:00+00:00,2417.10009765625,2417.39990234375,2415.10009765625,2415.699951171875,7120
2025-11-07 09:20:00+00:00,2416.699951171875,2417.5,2415.60009765625,2417.0,21830
2025-11-07 09:25:00+00:00,2416.60009765625,2416.800048828125,2415.199951171875,2416.60009765625,9753
2025-11-07 09:30:00+00:00,2413.60009765625,2416.60009765625,2411.5,2416.5,38518
2025-11-07 09:35:00+00:00,2411.60009765625,2413.699951171875,2411.5,2413.60009765625,37078
2025-11-07 09:40:00+00:00,2415.0,2415.0,2411.800048828125,2411.800048828125,39209
2025-11-07 09:45:00+00:00,2414.800048828125,2417.10009765625,2414.800048828125,2415.10009765625,38609
2025-11-07 09:50:00+00:00,2416.199951171875,2416.60009765625,2413.89990234375,2414.39990234375,43307
2025-11-07 09:55:00+00:00,2416.800048828125,2416.800048828125,2413.800048828125,2416.5,23441
2025-11-10 03:45:00+00:00,2420.0,2425.300048828125,2406.10009765625,2406.10009765625,0
2025-11-10 03:50:00+00:00,2418.699951171875,2424.300048828125,2418.39990234375,2419.699951171875,9812
2025-11-10 03:55:00+00:00,2425.89990234375,2425.89990234375,2419.0,2419.60009765625,8017
2025-11-10 04:00:00+00:00,2425.10009765625,2426.0,2421.300048828125,2424.60009765625,5873
2025-11-10 04:05:00+00:00,2422.0,2426.10009765625,2422.0,2425.39990234375,4867
2025-11-10 04:10:00+00:00,2418.10009765625,2423.39990234375,2418.0,2423.39990234375,4670
2025-11-10 04:15:00+00:00,2423.39990234375,2425.10009765625,2419.0,2419.199951171875,2591
2025-11-10 04:20:00+00:00,2425.0,2426.199951171875,2422.89990234375,2422.89990234375,3903
2025-11-10 04:25:00+00:00,2424.0,2426.10009765625,2424.0,2424.60009765625,5477
2025-11-10 04:30:00+00:00,2423.5,2426.10009765625,2423.5,2424.60009765625,2731
2025-11-10 04:35:00+00:00,2424.60009765625,2426.0,2423.10009765625,2423.60009765625,2480
2025-11-10 04:40:00+00:00,2422.60009765625,2425.5,2421.89990234375,2424.10009765625,1953
2025-11-10 04:45:00+00:00,2426.60009765625,2429.300048828125,2422.60009765625,2422.60009765625,6996
2025-11-10 04:50:00+00:00,2425.10009765625,2426.89990234375,2424.199951171875,2426.89990234375,2968
2025-11-10 04:55:00+00:00,2424.0,2425.39990234375,2423.10009765625,2425.10009765625,2497
2025-11-10 05:00:00+00:00,2425.89990234375,2426.60009765625,2423.199951171875,2424.199951171875,2247
2025-11-10 05:05:00+00:00,2424.0,2425.699951171875,2424.0,2425.0,1799
2025-11-10 05:10:00+00:00,2422.199951171875,2424.89990234375,2422.199951171875,2424.300048828125,1940
2025-11-10 05:15:00+00:00,2422.300048828125,2423.300048828125,2420.5,2422.800048828125,2608
2025-11-10 05:20:00+00:00,2421.199951171875,2423.0,2420.699951171875,2423.0,2765
2025-11-10 05:25:00+00:00,2421.199951171875,2423.10009765625,2421.10009765625,2421.300048828125,3379
2025-11-10 05:30:00+00:00,2419.199951171875,2422.300048828125,2418.60009765625,2421.199951171875,3561
2025-11-10 05:35:00+00:00,2421.0,2421.5,2417.10009765625,2419.199951171875,9102
2025-11-10 05:40:00+00:00,2420.10009765625,2421.60009765625,2419.800048828125,2420.800048828125,2491
2025-11-10 05:45:00+00:00,2420.5,2420.89990234375,2418.10009765625,2420.60009765625,3433
2025-11-10 05:50:00+00:00,2421.0,2422.800048828125,2419.10009765625,2420.0,2839
2025-11-10 05:55:00+00:00,2419.5,2421.10009765625,2419.5,2420.10009765625,1690
2025-11-10 06:00:00+00:00,2417.199951171875,2420.0,2416.300048828125,2420.0,3545
2025-11-10 06:05:00+00:00,2417.699951171875,2418.199951171875,2416.5,2417.60009765625,5706
2025-11-10 06:10:00+00:00,2417.800048828125,2418.89990234375,2417.0,2417.10009765625,3409
2025-11-10 06:15:00+00:00,2417.300048828125,2418.800048828125,2417.300048828125,2417.39990234375,3545
2025-11-10 06:20:00+00:00,2417.0,2420.10009765625,2417.0,2417.699951171875,4955
2025-11-10 06:25:00+00:00,2416.699951171875,2417.89990234375,2416.60009765625,2417.0,2364
2025-11-10 06:30:00+00:00,2418.699951171875,2419.39990234375,2416.699951171875,2416.699951171875,4815
2025-11-10 06:35:00+00:00,2415.0,2418.800048828125,2414.39990234375,2417.699951171875,16343
2025-11-10 06:40:00+00:00,2415.300048828125,2417.199951171875,2415.300048828125,2415.800048828125,4034
2025-11-10 06:45:00+00:00,2415.0,2416.199951171875,2414.0,2415.5,6913
2025-11-10 06:50:00+00:00,2414.60009765625,2415.5,2414.199951171875,2415.0,3177
2025-11-10 06:55:00+00:00,2415.0,2416.0,2414.39990234375,2414.60009765625,3566
2025-11-10 07:00:00+00:00,2415.699951171875,2417.800048828125,2415.10009765625,2415.199951171875,4815
2025-11-10 07:05:00+00:00,2417.199951171875,2417.5,2415.5,2415.89990234375,3296
2025-11-10 07:10:00+00:00,2416.800048828125,2418.0,2416.39990234375,2416.800048828125,3204
2025-11-10 07:15:00+00:00,2417.699951171875,2418.39990234375,2416.5,2416.699951171875,3243
2025-11-10 07:20:00+00:00,2415.10009765625,2417.800048828125,2415.0,2417.800048828125,8369
2025-11-10 07:25:00+00:00,2412.800048828125,2415.800048828125,2412.800048828125,2415.0,7361
2025-11-10 07:30:00+00:00,2413.10009765625,2415.10009765625,2413.0,2413.199951171875,4174
2025-11-10 07:35:00+00:00,2414.199951171875,2415.199951171875,2413.10009765625,2413.10009765625,4839
2025-11-10 07:40:00+00:00,2414.39990234375,2415.39990234375,2414.0,2414.10009765625,3848
2025-11-10 07:45:00+00:00,2416.89990234375,2417.10009765625,2414.10009765625,2414.10009765625,5128
2025-11-10 07:50:00+00:00,2415.5,2417.10009765625,2414.89990234375,2416.800048828125,9170
2025-11-10 07:55:00+00:00,2415.60009765625,2417.800048828125,2415.5,2416.800048828125,5358
2025-11-10 08:00:00+00:00,2415.0,2416.800048828125,2415.0,2416.39990234375,4458
2025-11-10 08:05:00+00:00,2415.199951171875,2416.39990234375,2415.0,2415.39990234375,4173
2025-11-10 08:10:00+00:00,2410.10009765625,2416.199951171875,2410.0,2415.199951171875,21446
2025-11-10 08:15:00+00:00,2409.0,2411.0,2405.89990234375,2410.39990234375,39446
2025-11-10 08:20:00+00:00,2408.300048828125,2409.39990234375,2408.300048828125,2408.89990234375,7845
2025-11-10 08:25:00+00:00,2407.0,2409.5,2406.39990234375,2408.699951171875,10465
2025-11-10 08:30:00+00:00,2409.300048828125,2410.0,2407.0,2407.0,16110
2025-11-10 08:35:00+00:00,2409.5,2410.60009765625,2409.0,2409.300048828125,16045
2025-11-10 08:40:00+00:00,2409.300048828125,2410.199951171875,2408.89990234375,2409.5,11725
2025-11-10 08:45:00+00:00,2410.5,2411.0,2409.10009765625,2410.199951171875,9285
2025-11-10 08:50:00+00:00,2410.10009765625,2412.800048828125,2409.199951171875,2410.5,31685
2025-11-10 08:55:00+00:00,2409.699951171875,2412.39990234375,2409.5,2410.199951171875,10276
2025-11-10 09:00:00+00:00,2410.0,2410.60009765625,2409.0,2409.699951171875,10234
2025-11-10 09:05:00+00:00,2409.300048828125,2410.699951171875,2409.300048828125,2410.699951171875,9521
2025-11-10 09:10:00+00:00,2407.199951171875,2410.300048828125,2406.800048828125,2409.199951171875,34345
2025-11-10 09:15:00+00:00,2405.89990234375,2407.5,2405.800048828125,2407.199951171875,18714
2025-11-10 09:20:00+00:00,2407.199951171875,2408.39990234375,2405.800048828125,2406.0,13949
2025-11-10 09:25:00+00:00,2408.39990234375,2409.0,2406.0,2407.39990234375,19340
2025-11-10 09:30:00+00:00,2406.800048828125,2408.39990234375,2406.0,2408.39990234375,42343
2025-11-10 09:35:00+00:00,2407.699951171875,2409.39990234375,2406.39990234375,2406.699951171875,57544
2025-11-10 09:40:00+00:00,2408.0,2408.89990234375,2406.800048828125,2407.300048828125,27509
2025-11-10 09:45:00+00:00,2410.800048828125,2411.0,2408.300048828125,2408.300048828125,48983
2025-11-10 09:50:00+00:00,2413.10009765625,2413.10009765625,2411.0,2411.0,28571
2025-11-10 09:55:00+00:00,2413.0,2413.0,2410.5,2413.0,20579
2025-11-11 03:45:00+00:00,2408.199951171875,2421.60009765625,2406.39990234375,2418.60009765625,0
2025-11-11 03:50:00+00:00,2407.300048828125,2412.300048828125,2406.10009765625,2407.89990234375,11269
2025-11-11 03:55:00+00:00,2405.60009765625,2408.39990234375,2403.5,2406.89990234375,17181
2025-11-11 04:00:00+00:00,2411.89990234375,2412.0,2405.0,2405.0,15945
2025-11-11 04:05:00+00:00,2415.10009765625,2416.60009765625,2411.89990234375,2411.89990234375,14967
2025-11-11 04:10:00+00:00,2419.0,2419.0,2415.0,2415.800048828125,6521
2025-11-11 04:15:00+00:00,2416.300048828125,2421.60009765625,2416.300048828125,2418.60009765625,11521
2025-11-11 04:20:00+00:00,2413.199951171875,2416.300048828125,2409.10009765625,2416.300048828125,18410
2025-11-11 04:25:00+00:00,2413.800048828125,2415.199951171875,2412.199951171875,2414.39990234375,6545
2025-11-11 04:30:00+00:00,2412.0,2414.5,2411.60009765625,2414.300048828125,5370
2025-11-11 04:35:00+00:00,2416.60009765625,2416.60009765625,2410.10009765625,2412.5,7660
2025-11-11 04:40:00+00:00,2411.199951171875,2417.199951171875,2411.199951171875,2416.300048828125,3498
2025-11-11 04:45:00+00:00,2409.60009765625,2411.800048828125,2409.0,2411.800048828125,3789
2025-11-11 04:50:00+00:00,2409.0,2410.800048828125,2408.10009765625,2409.10009765625,4641
2025-11-11 04:55:00+00:00,2407.0,2409.0,2407.0,2409.0,6924
2025-11-11 05:00:00+00:00,2405.10009765625,2408.10009765625,2405.0,2407.800048828125,4574
2025-11-11 05:05:00+00:00,2406.0,2406.699951171875,2405.0,2405.10009765625,3770
2025-11-11 05:10:00+00:00,2406.5,2407.5,2406.0,2406.800048828125,2129
2025-11-11 05:15:00+00:00,2407.10009765625,2408.0,2406.199951171875,2407.300048828125,3073
2025-11-11 05:20:00+00:00,2406.199951171875,2406.699951171875,2405.39990234375,2406.5,2812
2025-11-11 05:25:00+00:00,2407.800048828125,2409.0,2405.300048828125,2405.60009765625,13723
2025-11-11 05:30:00+00:00,2410.39990234375,2411.0,2407.39990234375,2407.800048828125,7089
2025-11-11 05:35:00+00:00,2411.0,2412.60009765625,2409.89990234375,2410.39990234375,23928
2025-11-11 05:40:00+00:00,2412.199951171875,2414.800048828125,2411.0,2411.0,29527
2025-11-11 05:45:00+00:00,2415.10009765625,2415.300048828125,2411.60009765625,2412.800048828125,3701
2025-11-11 05:50:00+00:00,2412.10009765625,2415.800048828125,2412.10009765625,2415.10009765625,24915
2025-11-11 05:55:00+00:00,2413.39990234375,2414.89990234375,2411.699951171875,2412.800048828125,3195
2025-11-11 06:00:00+00:00,2411.10009765625,2414.0,2411.10009765625,2413.39990234375,1718
2025-11-11 06:05:00+00:00,2409.300048828125,2411.10009765625,2408.5,2411.10009765625,5012
2025-11-11 06:10:00+00:00,2409.0,2409.800048828125,2407.39990234375,2409.300048828125,3159
2025-11-11 06:15:00+00:00,2410.0,2410.800048828125,2408.10009765625,2408.10009765625,2828
2025-11-11 06:20:00+00:00,2411.5,2412.0,2410.0,2410.0,7967
2025-11-11 06:25:00+00:00,2413.199951171875,2414.0,2411.300048828125,2412.0,4956
2025-11-11 06:30:00+00:00,2416.699951171875,2416.699951171875,2413.0,2413.199951171875,5764
2025-11-11 06:35:00+00:00,2416.60009765625,2419.10009765625,2416.39990234375,2417.89990234375,8509
2025-11-11 06:40:00+00:00,2417.0,2417.5,2415.39990234375,2417.10009765625,3817
2025-11-11 06:45:00+00:00,2417.39990234375,2418.39990234375,2416.89990234375,2417.10009765625,5349
2025-11-11 06:50:00+00:00,2415.5,2419.39990234375,2415.0,2417.300048828125,31040
2025-11-11 06:55:00+00:00,2415.199951171875,2417.0,2411.10009765625,2415.0,50157
2025-11-11 07:00:00+00:00,2415.10009765625,2416.199951171875,2414.0,2415.199951171875,2500
2025-11-11 07:05:00+00:00,2415.0,2415.39990234375,2414.0,2415.10009765625,3300
2025-11-11 07:10:00+00:00,2412.5,2415.89990234375,2412.5,2414.5,11960
2025-11-11 07:15:00+00:00,2413.199951171875,2413.199951171875,2412.5,2413.199951171875,2839
2025-11-11 07:20:00+00:00,2413.89990234375,2414.89990234375,2413.0,2413.300048828125,2058
2025-11-11 07:25:00+00:00,2413.300048828125,2414.10009765625,2410.89990234375,2413.800048828125,7392
2025-11-11 07:30:00+00:00,2413.89990234375,2414.0,2412.5,2413.300048828125,1881
2025-11-11 07:35:00+00:00,2412.199951171875,2415.699951171875,2412.0,2413.800048828125,14363
2025-11-11 07:40:00+00:00,2411.199951171875,2412.89990234375,2411.199951171875,2412.199951171875,2984
2025-11-11 07:45:00+00:00,2414.39990234375,2414.800048828125,2411.0,2411.89990234375,7915
2025-11-11 07:50:00+00:00,2414.60009765625,2414.89990234375,2413.0,2414.800048828125,5491
2025-11-11 07:55:00+00:00,2412.89990234375,2415.0,2412.10009765625,2414.60009765625,13026
2025-11-11 08:00:00+00:00,2414.39990234375,2414.5,2412.5,2412.699951171875,4440
2025-11-11 08:05:00+00:00,2421.89990234375,2422.300048828125,2414.199951171875,2414.699951171875,33824
2025-11-11 08:10:00+00:00,2421.0,2422.800048828125,2419.60009765625,2420.89990234375,17894
2025-11-11 08:15:00+00:00,2424.699951171875,2425.10009765625,2418.60009765625,2421.300048828125,145200
2025-11-11 08:20:00+00:00,2429.39990234375,2429.39990234375,2424.699951171875,2425.199951171875,12681
2025-11-11 08:25:00+00:00,2427.0,2429.89990234375,2425.0,2429.39990234375,30888
2025-11-11 08:30:00+00:00,2425.0,2429.0,2424.10009765625,2427.0,18167
2025-11-11 08:35:00+00:00,2426.0,2426.89990234375,2424.699951171875,2424.89990234375,11048
2025-11-11 08:40:00+00:00,2422.5,2425.10009765625,2421.39990234375,2423.300048828125,11210
2025-11-11 08:45:00+00:00,2425.89990234375,2425.89990234375,2421.39990234375,2422.5,15021
2025-11-11 08:50:00+00:00,2425.5,2426.89990234375,2422.0,2425.60009765625,39367
2025-11-11 08:55:00+00:00,2425.699951171875,2426.5,2424.60009765625,2425.699951171875,12039
2025-11-11 09:00:00+00:00,2427.39990234375,2430.0,2425.10009765625,2425.699951171875,12256
2025-11-11 09:05:00+00:00,2422.699951171875,2427.800048828125,2422.5,2427.39990234375,25957
2025-11-11 09:10:00+00:00,2422.39990234375,2425.0,2421.0,2423.10009765625,21777
2025-11-11 09:15:00+00:00,2425.5,2427.199951171875,2422.199951171875,2422.39990234375,28540
2025-11-11 09:20:00+00:00,2425.300048828125,2427.699951171875,2425.10009765625,2425.5,12584
2025-11-11 09:25:00+00:00,2422.800048828125,2426.300048828125,2420.800048828125,2425.300048828125,41066
2025-11-11 09:30:00+00:00,2424.5,2427.800048828125,2423.199951171875,2423.199951171875,48412
2025-11-11 09:35:00+00:00,2424.5,2429.0,2422.89990234375,2425.10009765625,89470
2025-11-11 09:40:00+00:00,2429.10009765625,2430.0,2423.199951171875,2425.300048828125,128536
2025-11-11 09:45:00+00:00,2429.5,2431.5,2425.39990234375,2429.199951171875,56399
2025-11-11 09:50:00+00:00,2429.699951171875,2433.0,2428.10009765625,2429.10009765625,72121
2025-11-11 09:55:00+00:00,2431.10009765625,2432.0,2429.699951171875,2429.800048828125,19430
2025-11-12 03:45:00+00:00,2427.0,2431.800048828125,2422.60009765625,2430.60009765625,0
2025-11-12 03:50:00+00:00,2425.10009765625,2426.89990234375,2423.699951171875,2426.89990234375,8631
2025-11-12 03:55:00+00:00,2417.89990234375,2426.0,2417.60009765625,2424.60009765625,39493
2025-11-12 04:00:00+00:00,2418.5,2420.0,2416.300048828125,2417.89990234375,29475
2025-11-12 04:05:00+00:00,2421.300048828125,2423.0,2418.5,2418.5,21781
2025-11-12 04:10:00+00:00,2422.699951171875,2422.699951171875,2420.10009765625,2421.199951171875,9491
2025-11-12 04:15:00+00:00,2422.60009765625,2425.0,2421.199951171875,2421.199951171875,14714
2025-11-12 04:20:00+00:00,2420.5,2422.60009765625,2420.0,2422.300048828125,20677
2025-11-12 04:25:00+00:00,2419.5,2420.800048828125,2418.0,2420.5,10011
2025-11-12 04:30:00+00:00,2419.300048828125,2420.0,2419.199951171875,2419.5,4397
2025-11-12 04:35:00+00:00,2419.39990234375,2420.0,2418.10009765625,2419.199951171875,5978
2025-11-12 04:40:00+00:00,2417.0,2419.800048828125,2416.39990234375,2419.5,10870
2025-11-12 04:45:00+00:00,2418.0,2418.699951171875,2416.699951171875,2417.5,12648
2025-11-12 04:50:00+00:00,2418.699951171875,2420.0,2418.0,2418.5,8463
2025-11-12 04:55:00+00:00,2420.0,2420.5,2418.800048828125,2418.89990234375,7076
2025-11-12 05:00:00+00:00,2421.60009765625,2422.89990234375,2419.60009765625,2419.89990234375,9981
2025-11-12 05:05:00+00:00,2422.800048828125,2423.0,2420.800048828125,2421.60009765625,6275
2025-11-12 05:10:00+00:00,2422.0,2423.0,2421.39990234375,2423.0,13062
2025-11-12 05:15:00+00:00,2424.300048828125,2426.5,2421.300048828125,2421.800048828125,106915
2025-11-12 05:20:00+00:00,2425.89990234375,2427.0,2423.39990234375,2424.300048828125,24603
2025-11-12 05:25:00+00:00,2427.0,2428.199951171875,2425.10009765625,2425.800048828125,25906
2025-11-12 05:30:00+00:00,2425.0,2427.39990234375,2425.0,2426.89990234375,20101
2025-11-12 05:35:00+00:00,2427.10009765625,2427.10009765625,2424.300048828125,2425.0,19857
2025-11-12 05:40:00+00:00,2427.5,2428.5,2425.89990234375,2427.0,12771
2025-11-12 05:45:00+00:00,2426.10009765625,2430.0,2425.199951171875,2427.699951171875,22665
2025-11-12 05:50:00+00:00,2424.0,2427.0,2423.699951171875,2426.0,144766
2025-11-12 05:55:00+00:00,2422.89990234375,2424.60009765625,2421.0,2424.0,21849
2025-11-12 06:00:00+00:00,2423.0,2423.60009765625,2421.39990234375,2422.800048828125,14750
2025-11-12 06:05:00+00:00,2421.89990234375,2423.800048828125,2421.199951171875,2422.89990234375,15902
2025-11-12 06:10:00+00:00,2422.39990234375,2423.10009765625,2421.5,2421.60009765625,9872
2025-11-12 06:15:00+00:00,2423.0,2423.89990234375,2421.5,2422.60009765625,13950
2025-11-12 06:20:00+00:00,2421.699951171875,2423.39990234375,2421.5,2423.300048828125,14458
2025-11-12 06:25:00+00:00,2421.300048828125,2422.60009765625,2421.300048828125,2421.89990234375,13636
2025-11-12 06:30:00+00:00,2422.0,2422.5,2420.699951171875,2421.199951171875,14709
2025-11-12 06:35:00+00:00,2421.699951171875,2422.800048828125,2421.0,2421.5,11321
2025-11-12 06:40:00+00:00,2422.300048828125,2423.0,2421.5,2422.5,11307
2025-11-12 06:45:00+00:00,2422.0,2423.10009765625,2421.60009765625,2422.89990234375,10833
2025-11-12 06:50:00+00:00,2421.800048828125,2422.89990234375,2421.5,2422.0,13602
2025-11-12 06:55:00+00:00,2420.0,2422.800048828125,2419.699951171875,2422.10009765625,17313
2025-11-12 07:00:00+00:00,2420.39990234375,2422.800048828125,2419.199951171875,2420.0,20580
2025-11-12 07:05:00+00:00,2421.60009765625,2422.699951171875,2420.60009765625,2420.699951171875,20167
2025-11-12 07:10:00+00:00,2421.5,2423.0,2421.5,2421.699951171875,15037
2025-11-12 07:15:00+00:00,2420.800048828125,2421.800048828125,2419.5,2421.800048828125,14654
2025-11-12 07:20:00+00:00,2420.0,2421.199951171875,2419.0,2421.0,21801
2025-11-12 07:25:00+00:00,2421.5,2422.39990234375,2419.0,2419.39990234375,17725
2025-11-12 07:30:00+00:00,2422.699951171875,2423.0,2420.60009765625,2421.199951171875,5285
2025-11-12 07:35:00+00:00,2423.0,2423.89990234375,2422.0,2422.800048828125,20465
2025-11-12 07:40:00+00:00,2423.0,2424.39990234375,2422.699951171875,2422.89990234375,10998
2025-11-12 07:45:00+00:00,2422.699951171875,2424.5,2422.5,2423.0,9508
2025-11-12 07:50:00+00:00,2422.39990234375,2423.5,2422.0,2422.699951171875,6408
2025-11-12 07:55:00+00:00,2421.0,2422.89990234375,2420.199951171875,2422.199951171875,15736
2025-11-12 08:00:00+00:00,2425.0,2425.39990234375,2420.5,2421.5,11796
2025-11-12 08:05:00+00:00,2427.39990234375,2427.800048828125,2423.89990234375,2425.10009765625,24431
2025-11-12 08:10:00+00:00,2425.89990234375,2428.699951171875,2425.0,2427.39990234375,24127
2025-11-12 08:15:00+00:00,2426.0,2427.39990234375,2425.60009765625,2425.699951171875,9018
2025-11-12 08:20:00+00:00,2425.199951171875,2426.39990234375,2425.199951171875,2426.0,7703
2025-11-12 08:25:00+00:00,2426.0,2426.89990234375,2425.10009765625,2425.199951171875,6739
2025-11-12 08:30:00+00:00,2426.89990234375,2427.60009765625,2425.10009765625,2426.0,6600
2025-11-12 08:35:00+00:00,2424.800048828125,2427.39990234375,2424.39990234375,2427.0,27578
2025-11-12 08:40:00+00:00,2425.699951171875,2426.39990234375,2424.0,2424.699951171875,11755
2025-11-12 08:45:00+00:00,2426.0,2426.0,2424.39990234375,2425.699951171875,7495
2025-11-12 08:50:00+00:00,2425.0,2425.89990234375,2424.39990234375,2425.89990234375,5734
2025-11-12 08:55:00+00:00,2426.0,2427.39990234375,2425.199951171875,2425.199951171875,22562
2025-11-12 09:00:00+00:00,2426.10009765625,2427.699951171875,2426.0,2426.800048828125,4220
2025-11-12 09:05:00+00:00,2425.699951171875,2427.300048828125,2425.0,2426.0,31700
2025-11-12 09:10:00+00:00,2423.89990234375,2425.800048828125,2422.699951171875,2425.60009765625,34878
2025-11-12 09:15:00+00:00,2423.199951171875,2424.5,2422.89990234375,2423.800048828125,13368
2025-11-12 09:20:00+00:00,2423.5,2425.10009765625,2422.800048828125,2423.199951171875,17067
2025-11-12 09:25:00+00:00,2423.800048828125,2424.39990234375,2422.89990234375,2423.699951171875,24337
2025-11-12 09:30:00+00:00,2424.0,2425.0,2422.5,2423.89990234375,61680
2025-11-12 09:35:00+00:00,2426.0,2426.10009765625,2424.0,2424.0,53892
2025-11-12 09:40:00+00:00,2424.300048828125,2426.300048828125,2423.89990234375,2426.10009765625,74131
2025-11-12 09:45:00+00:00,2425.89990234375,2426.39990234375,2424.699951171875,2425.199951171875,72891
2025-11-12 09:50:00+00:00,2422.0,2426.10009765625,2421.699951171875,2426.10009765625,83800
2025-11-12 09:55:00+00:00,2426.0,2426.0,2421.300048828125,2422.0,46827
2025-11-13 03:45:00+00:00,2424.0,2429.10009765625,2422.0,2425.60009765625,0
2025-11-13 03:50:00+00:00,2422.60009765625,2426.300048828125,2420.5,2425.0,5428
2025-11-13 03:55:00+00:00,2427.0,2427.0,2422.39990234375,2422.89990234375,8254
2025-11-13 04:00:00+00:00,2423.0,2427.0,2422.0,2427.0,7924
2025-11-13 04:05:00+00:00,2423.89990234375,2424.39990234375,2421.39990234375,2423.5,5777
2025-11-13 04:10:00+00:00,2424.10009765625,2424.300048828125,2422.39990234375,2424.300048828125,7177
2025-11-13 04:15:00+00:00,2422.10009765625,2427.0,2420.89990234375,2424.300048828125,12662
2025-11-13 04:20:00+00:00,2420.0,2422.89990234375,2420.0,2422.0,9964
2025-11-13 04:25:00+00:00,2420.39990234375,2420.800048828125,2419.10009765625,2419.699951171875,4239
2025-11-13 04:30:00+00:00,2420.0,2422.60009765625,2419.800048828125,2420.300048828125,6409
2025-11-13 04:35:00+00:00,2419.89990234375,2420.0,2419.60009765625,2419.89990234375,7719
2025-11-13 04:40:00+00:00,2420.0,2420.800048828125,2419.10009765625,2419.60009765625,19420
2025-11-13 04:45:00+00:00,2421.5,2422.39990234375,2419.800048828125,2420.0,37727
2025-11-13 04:50:00+00:00,2419.300048828125,2422.199951171875,2419.0,2421.0,10775
2025-11-13 04:55:00+00:00,2419.5,2420.0,2419.10009765625,2419.300048828125,6585
2025-11-13 05:00:00+00:00,2419.5,2420.0,2419.300048828125,2419.699951171875,6507
2025-11-13 05:05:00+00:00,2419.0,2420.60009765625,2418.199951171875,2419.800048828125,37366
2025-11-13 05:10:00+00:00,2418.800048828125,2419.10009765625,2418.10009765625,2419.0,9658
2025-11-13 05:15:00+00:00,2419.0,2419.5,2418.5,2418.699951171875,5675
2025-11-13 05:20:00+00:00,2420.60009765625,2421.5,2419.10009765625,2419.10009765625,13635
2025-11-13 05:25:00+00:00,2422.10009765625,2423.39990234375,2420.60009765625,2421.300048828125,9092
2025-11-13 05:30:00+00:00,2424.0,2425.0,2422.10009765625,2423.300048828125,6413
2025-11-13 05:35:00+00:00,2426.699951171875,2427.0,2423.89990234375,2424.0,13600
2025-11-13 05:40:00+00:00,2425.800048828125,2427.0,2424.39990234375,2426.800048828125,6428
2025-11-13 05:45:00+00:00,2424.0,2426.0,2423.800048828125,2425.800048828125,6694
2025-11-13 05:50:00+00:00,2424.800048828125,2425.300048828125,2424.0,2424.89990234375,4397
2025-11-13 05:55:00+00:00,2422.5,2425.5,2422.5,2425.0,4331
2025-11-13 06:00:00+00:00,2421.300048828125,2423.10009765625,2421.199951171875,2422.60009765625,3613
2025-11-13 06:05:00+00:00,2423.89990234375,2424.199951171875,2420.89990234375,2421.300048828125,4521
2025-11-13 06:10:00+00:00,2423.10009765625,2424.199951171875,2421.39990234375,2424.199951171875,9282
2025-11-13 06:15:00+00:00,2424.5,2424.800048828125,2421.800048828125,2423.5,24868
2025-11-13 06:20:00+00:00,2426.39990234375,2426.5,2424.5,2424.60009765625,11463
2025-11-13 06:25:00+00:00,2427.0,2427.5,2425.10009765625,2426.0,10413
2025-11-13 06:30:00+00:00,2426.0,2427.89990234375,2425.60009765625,2427.199951171875,10854
2025-11-13 06:35:00+00:00,2426.5,2427.300048828125,2426.0,2426.0,5802
2025-11-13 06:40:00+00:00,2426.800048828125,2426.89990234375,2426.5,2426.60009765625,2352
2025-11-13 06:45:00+00:00,2426.39990234375,2426.89990234375,2426.0,2426.60009765625,11735
2025-11-13 06:50:00+00:00,2426.89990234375,2426.89990234375,2426.0,2426.10009765625,5641
2025-11-13 06:55:00+00:00,2422.699951171875,2426.89990234375,2422.199951171875,2426.89990234375,17983
2025-11-13 07:00:00+00:00,2422.699951171875,2426.0,2422.10009765625,2422.60009765625,39496
2025-11-13 07:05:00+00:00,2420.0,2423.60009765625,2420.0,2422.699951171875,25581
2025-11-13 07:10:00+00:00,2422.199951171875,2423.60009765625,2419.89990234375,2420.0,8335
2025-11-13 07:15:00+00:00,2420.89990234375,2423.0,2420.89990234375,2422.10009765625,7982
2025-11-13 07:20:00+00:00,2420.199951171875,2422.0,2420.199951171875,2420.89990234375,6561
2025-11-13 07:25:00+00:00,2420.39990234375,2421.800048828125,2420.0,2420.300048828125,9089
2025-11-13 07:30:00+00:00,2420.10009765625,2422.0,2420.0,2420.39990234375,23402
2025-11-13 07:35:00+00:00,2418.0,2421.300048828125,2417.699951171875,2420.10009765625,42237
2025-11-13 07:40:00+00:00,2416.60009765625,2419.199951171875,2416.0,2417.800048828125,61747
2025-11-13 07:45:00+00:00,2416.39990234375,2417.89990234375,2414.199951171875,2416.60009765625,73451
2025-11-13 07:50:00+00:00,2417.10009765625,2417.699951171875,2415.39990234375,2416.199951171875,11828
2025-11-13 07:55:00+00:00,2417.39990234375,2417.699951171875,2416.0,2417.10009765625,10910
2025-11-13 08:00:00+00:00,2416.800048828125,2417.89990234375,2416.60009765625,2417.800048828125,9758
2025-11-13 08:05:00+00:00,2418.199951171875,2418.89990234375,2416.60009765625,2416.699951171875,10615
2025-11-13 08:10:00+00:00,2417.699951171875,2419.199951171875,2417.5,2418.199951171875,9795
2025-11-13 08:15:00+00:00,2417.10009765625,2418.5,2417.0,2417.89990234375,7191
2025-11-13 08:20:00+00:00,2418.10009765625,2418.699951171875,2417.0,2417.0,10321
2025-11-13 08:25:00+00:00,2417.0,2418.60009765625,2417.0,2417.699951171875,11639
2025-11-13 08:30:00+00:00,2414.60009765625,2417.89990234375,2413.39990234375,2417.5,23858
2025-11-13 08:35:00+00:00,2412.0,2415.0,2412.0,2414.60009765625,9935
2025-11-13 08:40:00+00:00,2411.699951171875,2413.5,2410.0,2412.300048828125,10865
2025-11-13 08:45:00+00:00,2413.39990234375,2413.800048828125,2411.0,2411.699951171875,11631
2025-11-13 08:50:00+00:00,2412.5,2413.39990234375,2410.699951171875,2412.60009765625,31079
2025-11-13 08:55:00+00:00,2412.89990234375,2414.300048828125,2412.0,2412.5,11606
2025-11-13 09:00:00+00:00,2412.10009765625,2414.10009765625,2412.10009765625,2413.10009765625,27055
2025-11-13 09:05:00+00:00,2412.39990234375,2413.10009765625,2411.300048828125,2412.10009765625,6832
2025-11-13 09:10:00+00:00,2412.60009765625,2415.39990234375,2411.300048828125,2412.10009765625,25832
2025-11-13 09:15:00+00:00,2409.39990234375,2413.300048828125,2409.0,2412.60009765625,33923
2025-11-13 09:20:00+00:00,2408.0,2411.89990234375,2406.39990234375,2410.0,39889
2025-11-13 09:25:00+00:00,2406.300048828125,2408.39990234375,2406.300048828125,2408.0,9632
2025-11-13 09:30:00+00:00,2408.39990234375,2408.39990234375,2405.0,2406.60009765625,28657
2025-11-13 09:35:00+00:00,2407.699951171875,2408.800048828125,2405.10009765625,2408.39990234375,37716
2025-11-13 09:40:00+00:00,2405.89990234375,2408.800048828125,2405.0,2407.10009765625,40294
2025-11-13 09:45:00+00:00,2407.89990234375,2411.0,2405.89990234375,2405.89990234375,58505
2025-11-13 09:50:00+00:00,2408.0,2410.0,2406.10009765625,2407.60009765625,37405
2025-11-13 09:55:00+00:00,2409.0,2410.699951171875,2407.60009765625,2407.699951171875,21201
2025-11-14 03:45:00+00:00,2397.10009765625,2405.10009765625,2392.60009765625,2405.10009765625,0
2025-11-14 03:50:00+00:00,2399.300048828125,2400.89990234375,2396.89990234375,2397.699951171875,7928
2025-11-14 03:55:00+00:00,2406.0,2406.0,2399.5,2399.800048828125,8194
2025-11-14 04:00:00+00:00,2410.0,2410.0,2405.5,2407.60009765625,6766
2025-11-14 04:05:00+00:00,2409.39990234375,2410.89990234375,2408.0,2410.0,5493
2025-11-14 04:10:00+00:00,2412.0,2413.39990234375,2408.10009765625,2409.39990234375,7327
2025-11-14 04:15:00+00:00,2412.800048828125,2414.60009765625,2412.39990234375,2412.89990234375,4656
2025-11-14 04:20:00+00:00,2406.800048828125,2413.39990234375,2406.0,2413.10009765625,5475
2025-11-14 04:25:00+00:00,2409.0,2409.0,2406.0,2406.0,2997
2025-11-14 04:30:00+00:00,2406.199951171875,2410.0,2405.0,2409.89990234375,2531
2025-11-14 04:35:00+00:00,2407.39990234375,2411.60009765625,2406.60009765625,2406.60009765625,5573
2025-11-14 04:40:00+00:00,2407.89990234375,2408.89990234375,2406.800048828125,2408.60009765625,3105
2025-11-14 04:45:00+00:00,2409.89990234375,2410.300048828125,2408.0,2408.0,2751
2025-11-14 04:50:00+00:00,2409.800048828125,2411.0,2408.60009765625,2410.0,3534
2025-11-14 04:55:00+00:00,2408.39990234375,2410.39990234375,2408.0,2409.89990234375,3399
2025-11-14 05:00:00+00:00,2410.699951171875,2411.89990234375,2408.5,2409.39990234375,3167
2025-11-14 05:05:00+00:00,2411.5,2411.89990234375,2409.89990234375,2410.10009765625,1793
2025-11-14 05:10:00+00:00,2414.300048828125,2414.300048828125,2411.199951171875,2411.89990234375,3892
2025-11-14 05:15:00+00:00,2416.300048828125,2416.60009765625,2412.199951171875,2414.300048828125,9757
2025-11-14 05:20:00+00:00,2417.10009765625,2417.89990234375,2415.0,2416.300048828125,6909
2025-11-14 05:25:00+00:00,2417.5,2418.60009765625,2415.0,2417.800048828125,7849
2025-11-14 05:30:00+00:00,2416.800048828125,2418.800048828125,2415.699951171875,2418.60009765625,6368
2025-11-14 05:35:00+00:00,2416.5,2417.89990234375,2415.300048828125,2417.5,3537
2025-11-14 05:40:00+00:00,2418.89990234375,2419.10009765625,2415.89990234375,2417.199951171875,3895
2025-11-14 05:45:00+00:00,2416.800048828125,2419.199951171875,2415.10009765625,2418.0,3991
2025-11-14 05:50:00+00:00,2417.89990234375,2418.0,2415.800048828125,2417.300048828125,2768
2025-11-14 05:55:00+00:00,2413.199951171875,2418.0,2413.10009765625,2417.800048828125,5102
2025-11-14 06:00:00+00:00,2414.800048828125,2415.699951171875,2412.0,2413.10009765625,4320
2025-11-14 06:05:00+00:00,2413.5,2415.89990234375,2412.199951171875,2414.60009765625,5651
2025-11-14 06:10:00+00:00,2412.199951171875,2415.699951171875,2411.10009765625,2415.300048828125,8902
2025-11-14 06:15:00+00:00,2413.800048828125,2415.5,2412.0,2412.800048828125,11238
2025-11-14 06:20:00+00:00,2413.89990234375,2416.89990234375,2412.699951171875,2413.800048828125,12087
2025-11-14 06:25:00+00:00,2413.39990234375,2414.300048828125,2411.39990234375,2414.300048828125,17944
2025-11-14 06:30:00+00:00,2414.89990234375,2415.5,2413.5,2413.5,5327
2025-11-14 06:35:00+00:00,2415.89990234375,2416.0,2413.5,2414.10009765625,2372
2025-11-14 06:40:00+00:00,2418.60009765625,2419.89990234375,2415.0,2415.39990234375,7627
2025-11-14 06:45:00+00:00,2419.199951171875,2419.39990234375,2417.60009765625,2419.199951171875,3885
2025-11-14 06:50:00+00:00,2419.0,2419.5,2417.60009765625,2419.199951171875,3063
2025-11-14 06:55:00+00:00,2419.89990234375,2420.0,2418.699951171875,2418.699951171875,6382
2025-11-14 07:00:00+00:00,2414.800048828125,2419.89990234375,2413.5,2419.699951171875,2885
2025-11-14 07:05:00+00:00,2414.0,2416.0,2413.199951171875,2416.0,2332
2025-11-14 07:10:00+00:00,2412.699951171875,2414.699951171875,2411.60009765625,2414.0,3791
2025-11-14 07:15:00+00:00,2413.199951171875,2413.39990234375,2409.0,2412.699951171875,18944
2025-11-14 07:20:00+00:00,2413.199951171875,2414.60009765625,2412.60009765625,2413.0,8243
2025-11-14 07:25:00+00:00,2413.5,2413.89990234375,2410.699951171875,2413.5,8368
2025-11-14 07:30:00+00:00,2413.5,2414.800048828125,2413.0,2413.5,5644
2025-11-14 07:35:00+00:00,2414.89990234375,2415.60009765625,2413.300048828125,2413.300048828125,5630
2025-11-14 07:40:00+00:00,2416.10009765625,2417.0,2414.0,2414.39990234375,5934
2025-11-14 07:45:00+00:00,2416.10009765625,2418.800048828125,2415.60009765625,2416.10009765625,7835
2025-11-14 07:50:00+00:00,2416.199951171875,2417.5,2415.10009765625,2416.10009765625,7903
2025-11-14 07:55:00+00:00,2417.199951171875,2418.0,2415.60009765625,2415.89990234375,5021
2025-11-14 08:00:00+00:00,2415.39990234375,2418.0,2415.0,2418.0,5034
2025-11-14 08:05:00+00:00,2413.699951171875,2416.199951171875,2413.0,2415.39990234375,5063
2025-11-14 08:10:00+00:00,2415.0,2417.5,2413.199951171875,2414.0,7415
2025-11-14 08:15:00+00:00,2415.10009765625,2416.300048828125,2413.60009765625,2415.800048828125,7034
2025-11-14 08:20:00+00:00,2411.5,2416.10009765625,2411.5,2415.10009765625,5120
2025-11-14 08:25:00+00:00,2412.199951171875,2413.699951171875,2411.300048828125,2411.699951171875,5339
2025-11-14 08:30:00+00:00,2412.300048828125,2413.699951171875,2411.699951171875,2413.10009765625,4710
2025-11-14 08:35:00+00:00,2412.89990234375,2414.699951171875,2412.300048828125,2412.300048828125,5397
2025-11-14 08:40:00+00:00,2415.5,2415.5,2412.60009765625,2413.60009765625,4939
2025-11-14 08:45:00+00:00,2416.5,2416.699951171875,2413.0,2414.60009765625,8481
2025-11-14 08:50:00+00:00,2416.5,2418.0,2414.699951171875,2416.5,8011
2025-11-14 08:55:00+00:00,2419.199951171875,2419.800048828125,2415.699951171875,2416.5,9326
2025-11-14 09:00:00+00:00,2416.0,2419.39990234375,2416.0,2419.199951171875,9086
2025-11-14 09:05:00+00:00,2418.300048828125,2419.0,2415.800048828125,2416.10009765625,5267
2025-11-14 09:10:00+00:00,2418.800048828125,2419.10009765625,2416.800048828125,2418.300048828125,5676
2025-11-14 09:15:00+00:00,2419.5,2420.0,2417.5,2418.5,10017
2025-11-14 09:20:00+00:00,2414.699951171875,2419.89990234375,2414.300048828125,2418.89990234375,23143
2025-11-14 09:25:00+00:00,2416.800048828125,2417.0,2414.699951171875,2414.699951171875,8440
2025-11-14 09:30:00+00:00,2426.800048828125,2428.10009765625,2418.300048828125,2418.300048828125,99451
2025-11-14 09:35:00+00:00,2429.5,2429.89990234375,2427.0,2427.199951171875,85038
2025-11-14 09:40:00+00:00,2428.800048828125,2430.0,2427.699951171875,2429.800048828125,86101
2025-11-14 09:45:00+00:00,2426.199951171875,2430.0,2424.89990234375,2429.699951171875,92926
2025-11-14 09:50:00+00:00,2429.800048828125,2429.89990234375,2425.0,2426.5,83665
2025-11-14 09:55:00+00:00,2427.699951171875,2429.89990234375,2425.10009765625,2429.800048828125,61256
