Price,Close,High,Low,Open,Volume
Ticker,ICICIBANK.NS,ICICIBANK.NS,ICICIBANK.NS,ICICIBANK.NS,ICICIBANK.NS
Datetime,,,,,
2025-11-06 03:45:00+00:00,1338.5,1341.5999755859375,1334.5999755859375,1334.5999755859375,0
2025-11-06 03:46:00+00:00,1338.0,1340.300048828125,1337.699951171875,1339.0,124089
2025-11-06 03:47:00+00:00,1338.0,1338.699951171875,1337.699951171875,1338.0999755859375,96679
2025-11-06 03:48:00+00:00,1338.4000244140625,1338.699951171875,1337.9000244140625,1338.0,80883
2025-11-06 03:49:00+00:00,1338.699951171875,1338.800048828125,1337.4000244140625,1337.5999755859375,98276
2025-11-06 03:50:00+00:00,1336.199951171875,1339.0,1335.800048828125,1338.5999755859375,176900
2025-11-06 03:51:00+00:00,1334.800048828125,1336.800048828125,1334.5999755859375,1336.5999755859375,100774
2025-11-06 03:52:00+00:00,1334.0999755859375,1335.0999755859375,1333.9000244140625,1334.9000244140625,132500
2025-11-06 03:53:00+00:00,1335.800048828125,1335.800048828125,1334.0999755859375,1334.0999755859375,154761
2025-11-06 03:54:00+00:00,1335.9000244140625,1335.9000244140625,1335.0999755859375,1335.5999755859375,79661
2025-11-06 03:55:00+00:00,1334.9000244140625,1335.9000244140625,1334.199951171875,1335.9000244140625,82736
2025-11-06 03:56:00+00:00,1334.199951171875,1335.0,1333.5999755859375,1334.5999755859375,73576
2025-11-06 03:57:00+00:00,1334.199951171875,1334.5,1333.5,1334.199951171875,90214
2025-11-06 03:58:00+00:00,1333.0,1334.800048828125,1332.4000244140625,1334.5,74298
2025-11-06 03:59:00+00:00,1332.0,1332.9000244140625,1331.5,1332.9000244140625,63970
2025-11-06 04:00:00+00:00,1331.9000244140625,1333.199951171875,1331.800048828125,1332.0,81359
2025-11-06 04:01:00+00:00,1331.800048828125,1332.4000244140625,1331.5,1331.800048828125,74461
2025-11-06 04:02:00+00:00,1332.800048828125,1333.5,1331.5,1331.800048828125,37454
2025-11-06 04:03:00+00:00,1332.0,1332.9000244140625,1331.5999755859375,1332.9000244140625,78114
2025-11-06 04:04:00+00:00,1333.0999755859375,1333.0999755859375,1332.0999755859375,1332.0999755859375,21513
2025-11-06 04:05:00+00:00,1332.5999755859375,1333.199951171875,1332.5999755859375,1333.0999755859375,42893
2025-11-06 04:06:00+00:00,1332.0999755859375,1333.0,1331.0999755859375,1332.699951171875,164551
2025-11-06 04:07:00+00:00,1332.800048828125,1332.800048828125,1331.300048828125,1331.9000244140625,89163
2025-11-06 04:08:00+00:00,1332.5,1333.0,1331.9000244140625,1332.5999755859375,79350
2025-11-06 04:09:00+00:00,1332.5999755859375,1332.699951171875,1332.199951171875,1332.300048828125,24634
2025-11-06 04:10:00+00:00,1330.5,1332.199951171875,1330.5,1332.199951171875,114315
2025-11-06 04:11:00+00:00,1329.4000244140625,1331.0,1329.300048828125,1330.5,217867
2025-11-06 04:12:00+00:00,1329.4000244140625,1329.9000244140625,1328.699951171875,1329.5,69186
2025-11-06 04:13:00+00:00,1329.0,1329.699951171875,1328.5,1329.0999755859375,119313
2025-11-06 04:14:00+00:00,1329.699951171875,1330.0,1328.9000244140625,1328.9000244140625,46840
2025-11-06 04:15:00+00:00,1329.199951171875,1330.0,1329.199951171875,1330.0,87334
2025-11-06 04:16:00+00:00,1330.0999755859375,1330.0999755859375,1329.300048828125,1329.5,37043
2025-11-06 04:17:00+00:00,1331.0,1331.0,1329.800048828125,1329.800048828125,36127
2025-11-06 04:18:00+00:00,1331.0999755859375,1331.4000244140625,1330.800048828125,1330.800048828125,33812
2025-11-06 04:19:00+00:00,1330.300048828125,1331.300048828125,1330.0999755859375,1331.0999755859375,42625
2025-11-06 04:20:00+00:00,1331.800048828125,1332.0,1330.199951171875,1330.199951171875,65369
2025-11-06 04:21:00+00:00,1330.0,1331.9000244140625,1329.9000244140625,1331.800048828125,310819
2025-11-06 04:22:00+00:00,1330.9000244140625,1330.9000244140625,1329.9000244140625,1330.0,39226
2025-11-06 04:23:00+00:00,1330.699951171875,1331.9000244140625,1330.5999755859375,1330.9000244140625,53802
2025-11-06 04:24:00+00:00,1330.5,1330.9000244140625,1329.699951171875,1330.699951171875,90101
2025-11-06 04:25:00+00:00,1330.0999755859375,1331.699951171875,1330.0999755859375,1330.800048828125,37868
2025-11-06 04:26:00+00:00,1330.5,1330.5,1329.800048828125,1330.199951171875,44676
2025-11-06 04:27:00+00:00,1331.0999755859375,1331.5999755859375,1330.300048828125,1330.5,41206
2025-11-06 04:28:00+00:00,1332.199951171875,1332.300048828125,1330.9000244140625,1331.0999755859375,47295
2025-11-06 04:29:00+00:00,1332.0,1332.5,1332.0,1332.0999755859375,30391
2025-11-06 04:30:00+00:00,1331.800048828125,1332.699951171875,1331.5999755859375,1332.300048828125,44850
2025-11-06 04:31:00+00:00,1331.9000244140625,1331.9000244140625,1331.699951171875,1331.699951171875,31678
2025-11-06 04:32:00+00:00,1332.0,1332.0,1331.5999755859375,1331.9000244140625,32189
2025-11-06 04:33:00+00:00,1331.9000244140625,1332.5,1331.699951171875,1332.0,38404
2025-11-06 04:34:00+00:00,1331.5,1332.0,1331.300048828125,1331.9000244140625,29077
2025-11-06 04:35:00+00:00,1331.0999755859375,1331.5,1330.800048828125,1331.5,17867
2025-11-06 04:36:00+00:00,1331.5999755859375,1331.800048828125,1331.0,1331.0,54840
2025-11-06 04:37:00+00:00,1331.0,1331.5999755859375,1330.800048828125,1331.5999755859375,42908
2025-11-06 04:38:00+00:00,1331.0,1331.300048828125,1330.699951171875,1331.0,19409
2025-11-06 04:39:00+00:00,1330.699951171875,1331.699951171875,1330.4000244140625,1330.699951171875,50833
2025-11-06 04:40:00+00:00,1330.5,1330.9000244140625,1330.0999755859375,1330.5999755859375,20866
2025-11-06 04:41:00+00:00,1330.0999755859375,1330.699951171875,1329.4000244140625,1330.4000244140625,31215
2025-11-06 04:42:00+00:00,1329.800048828125,1330.300048828125,1329.5999755859375,1329.9000244140625,18192
2025-11-06 04:43:00+00:00,1330.0999755859375,1330.300048828125,1329.800048828125,1329.800048828125,50536
2025-11-06 04:44:00+00:00,1330.199951171875,1330.4000244140625,1330.0,1330.0999755859375,52482
2025-11-06 04:45:00+00:00,1330.0,1330.199951171875,1330.0,1330.0,26371
2025-11-06 04:46:00+00:00,1329.5,1330.0,1329.0,1330.0,46986
2025-11-06 04:47:00+00:00,1329.699951171875,1330.0999755859375,1329.0999755859375,1329.4000244140625,26682
2025-11-06 04:48:00+00:00,1329.199951171875,1329.699951171875,1329.0999755859375,1329.5999755859375,22032
2025-11-06 04:49:00+00:00,1329.4000244140625,1329.9000244140625,1329.0,1329.300048828125,55948
2025-11-06 04:50:00+00:00,1329.800048828125,1329.800048828125,1329.0,1329.300048828125,62877
2025-11-06 04:51:00+00:00,1329.199951171875,1329.9000244140625,1329.0999755859375,1329.800048828125,51439
2025-11-06 04:52:00+00:00,1329.199951171875,1329.5999755859375,1329.0999755859375,1329.199951171875,27261
2025-11-06 04:53:00+00:00,1328.699951171875,1329.300048828125,1328.0,1329.199951171875,71273
2025-11-06 04:54:00+00:00,1328.0,1328.699951171875,1327.5999755859375,1328.699951171875,141537
2025-11-06 04:55:00+00:00,1327.699951171875,1328.0,1327.300048828125,1327.800048828125,71476
2025-11-06 04:56:00+00:00,1328.4000244140625,1328.5999755859375,1327.699951171875,1327.699951171875,23103
2025-11-06 04:57:00+00:00,1328.300048828125,1328.5,1327.9000244140625,1328.199951171875,16772
2025-11-06 04:58:00+00:00,1328.0,1328.300048828125,1328.0,1328.300048828125,23142
2025-11-06 04:59:00+00:00,1327.800048828125,1328.199951171875,1327.5,1328.0999755859375,30935
2025-11-06 05:00:00+00:00,1327.4000244140625,1327.800048828125,1327.0999755859375,1327.800048828125,42827
2025-11-06 05:01:00+00:00,1326.5999755859375,1327.5,1326.5999755859375,1327.300048828125,64021
2025-11-06 05:02:00+00:00,1326.800048828125,1327.0,1326.5999755859375,1326.5999755859375,65778
2025-11-06 05:03:00+00:00,1326.800048828125,1327.0,1326.5999755859375,1326.9000244140625,69722
2025-11-06 05:04:00+00:00,1326.800048828125,1327.0,1326.699951171875,1326.800048828125,39844
2025-11-06 05:05:00+00:00,1326.800048828125,1326.9000244140625,1326.699951171875,1326.9000244140625,34743
2025-11-06 05:06:00+00:00,1326.4000244140625,1326.800048828125,1326.199951171875,1326.699951171875,82055
2025-11-06 05:07:00+00:00,1326.300048828125,1327.4000244140625,1326.199951171875,1326.5,189917
2025-11-06 05:08:00+00:00,1326.300048828125,1326.4000244140625,1326.199951171875,1326.300048828125,39598
2025-11-06 05:09:00+00:00,1325.199951171875,1326.4000244140625,1325.0999755859375,1326.4000244140625,171182
2025-11-06 05:10:00+00:00,1325.0,1325.4000244140625,1324.5,1325.4000244140625,284289
2025-11-06 05:11:00+00:00,1325.0,1325.199951171875,1324.9000244140625,1325.0,81364
2025-11-06 05:12:00+00:00,1326.199951171875,1326.699951171875,1324.9000244140625,1325.0,77725
2025-11-06 05:13:00+00:00,1326.5,1326.5999755859375,1326.0999755859375,1326.0999755859375,12360
2025-11-06 05:14:00+00:00,1326.4000244140625,1326.5999755859375,1326.0,1326.199951171875,35128
2025-11-06 05:15:00+00:00,1326.0999755859375,1326.800048828125,1326.0,1326.5,37970
2025-11-06 05:16:00+00:00,1326.0999755859375,1326.4000244140625,1325.199951171875,1326.0,51873
2025-11-06 05:17:00+00:00,1325.5999755859375,1326.0999755859375,1325.5,1326.0,33661
2025-11-06 05:18:00+00:00,1325.9000244140625,1326.199951171875,1325.4000244140625,1325.5999755859375,19839
2025-11-06 05:19:00+00:00,1326.199951171875,1326.300048828125,1325.699951171875,1325.800048828125,29643
2025-11-06 05:20:00+00:00,1326.199951171875,1326.699951171875,1326.199951171875,1326.199951171875,24031
2025-11-06 05:21:00+00:00,1326.199951171875,1326.699951171875,1325.9000244140625,1326.0999755859375,45795
2025-11-06 05:22:00+00:00,1326.300048828125,1326.5,1326.199951171875,1326.4000244140625,30255
2025-11-06 05:23:00+00:00,1326.199951171875,1326.5,1326.0999755859375,1326.300048828125,27940
2025-11-06 05:24:00+00:00,1326.5,1326.5,1326.0999755859375,1326.0999755859375,26022
2025-11-06 05:25:00+00:00,1325.800048828125,1326.5,1325.800048828125,1326.300048828125,25250
2025-11-06 05:26:00+00:00,1326.199951171875,1326.199951171875,1325.800048828125,1325.9000244140625,36036
2025-11-06 05:27:00+00:00,1325.9000244140625,1326.699951171875,1325.800048828125,1326.199951171875,52065
2025-11-06 05:28:00+00:00,1326.0,1326.300048828125,1325.699951171875,1325.9000244140625,33723
2025-11-06 05:29:00+00:00,1325.9000244140625,1326.199951171875,1325.699951171875,1326.0,29572
2025-11-06 05:30:00+00:00,1325.4000244140625,1325.9000244140625,1325.4000244140625,1325.800048828125,41892
2025-11-06 05:31:00+00:00,1325.5,1325.5999755859375,1325.4000244140625,1325.5,20294
2025-11-06 05:32:00+00:00,1325.9000244140625,1326.0,1325.5,1325.5999755859375,39868
2025-11-06 05:33:00+00:00,1326.9000244140625,1327.199951171875,1326.0999755859375,1326.4000244140625,46781
2025-11-06 05:34:00+00:00,1327.800048828125,1328.0999755859375,1326.9000244140625,1326.9000244140625,35987
2025-11-06 05:35:00+00:00,1327.699951171875,1328.0,1327.300048828125,1328.0,34878
2025-11-06 05:36:00+00:00,1328.0,1328.199951171875,1327.5999755859375,1327.5999755859375,25085
2025-11-06 05:37:00+00:00,1327.5999755859375,1328.0,1327.5,1327.9000244140625,40210
2025-11-06 05:38:00+00:00,1327.5,1327.699951171875,1327.0999755859375,1327.5999755859375,43197
2025-11-06 05:39:00+00:00,1327.0999755859375,1327.5,1327.0999755859375,1327.5,21459
2025-11-06 05:40:00+00:00,1327.199951171875,1327.300048828125,1327.0,1327.0999755859375,23910
2025-11-06 05:41:00+00:00,1327.0999755859375,1327.300048828125,1327.0,1327.199951171875,24057
2025-11-06 05:42:00+00:00,1326.9000244140625,1327.0999755859375,1326.5,1327.0999755859375,34739
2025-11-06 05:43:00+00:00,1325.699951171875,1327.0,1325.699951171875,1326.9000244140625,63388
2025-11-06 05:44:00+00:00,1325.0999755859375,1325.800048828125,1325.0,1325.5999755859375,140266
2025-11-06 05:45:00+00:00,1325.0,1325.0999755859375,1324.9000244140625,1325.0,27987
2025-11-06 05:46:00+00:00,1324.699951171875,1325.199951171875,1324.699951171875,1325.0,24704
2025-11-06 05:47:00+00:00,1324.699951171875,1325.4000244140625,1324.5,1324.800048828125,82954
2025-11-06 05:48:00+00:00,1323.5999755859375,1324.9000244140625,1323.5999755859375,1324.800048828125,93320
2025-11-06 05:49:00+00:00,1322.699951171875,1323.9000244140625,1322.4000244140625,1323.5999755859375,134175
2025-11-06 05:50:00+00:00,1323.0,1323.0,1322.5,1322.5,47706
2025-11-06 05:51:00+00:00,1322.800048828125,1323.0999755859375,1322.4000244140625,1322.9000244140625,56538
2025-11-06 05:52:00+00:00,1323.0,1323.300048828125,1322.699951171875,1322.800048828125,21555
2025-11-06 05:53:00+00:00,1323.5,1323.5,1322.9000244140625,1323.0,24864
2025-11-06 05:54:00+00:00,1323.199951171875,1323.4000244140625,1323.0,1323.199951171875,33935
2025-11-06 05:55:00+00:00,1323.199951171875,1323.5,1323.0,1323.199951171875,46778
2025-11-06 05:56:00+00:00,1321.699951171875,1323.300048828125,1321.4000244140625,1323.0,181496
2025-11-06 05:57:00+00:00,1322.5,1322.5,1321.699951171875,1321.699951171875,43766
2025-11-06 05:58:00+00:00,1322.699951171875,1322.9000244140625,1322.300048828125,1322.4000244140625,43718
2025-11-06 05:59:00+00:00,1322.5999755859375,1322.699951171875,1322.199951171875,1322.699951171875,47186
2025-11-06 06:00:00+00:00,1322.9000244140625,1323.0,1322.5,1322.699951171875,61790
2025-11-06 06:01:00+00:00,1322.5,1322.800048828125,1322.4000244140625,1322.800048828125,57171
2025-11-06 06:02:00+00:00,1322.699951171875,1323.0,1322.0,1322.5,48166
2025-11-06 06:03:00+00:00,1322.300048828125,1322.699951171875,1322.0,1322.5999755859375,32550
2025-11-06 06:04:00+00:00,1322.5999755859375,1322.5999755859375,1322.199951171875,1322.199951171875,27123
2025-11-06 06:05:00+00:00,1322.300048828125,1322.699951171875,1322.300048828125,1322.5999755859375,36086
2025-11-06 06:06:00+00:00,1322.4000244140625,1322.4000244140625,1321.699951171875,1322.300048828125,73929
2025-11-06 06:07:00+00:00,1322.5,1322.800048828125,1322.0999755859375,1322.5999755859375,31305
2025-11-06 06:08:00+00:00,1322.4000244140625,1322.5,1322.0999755859375,1322.5,31473
2025-11-06 06:09:00+00:00,1322.5,1322.800048828125,1322.199951171875,1322.4000244140625,41247
2025-11-06 06:10:00+00:00,1322.5999755859375,1322.800048828125,1322.199951171875,1322.5,29427
2025-11-06 06:11:00+00:00,1322.300048828125,1322.699951171875,1322.0,1322.699951171875,29766
2025-11-06 06:12:00+00:00,1322.199951171875,1322.5,1322.0,1322.199951171875,28824
2025-11-06 06:13:00+00:00,1321.9000244140625,1322.199951171875,1321.5,1322.199951171875,53235
2025-11-06 06:14:00+00:00,1322.0,1322.4000244140625,1321.800048828125,1321.800048828125,55075
2025-11-06 06:15:00+00:00,1322.0999755859375,1322.199951171875,1321.699951171875,1321.800048828125,39728
2025-11-06 06:16:00+00:00,1321.9000244140625,1322.199951171875,1321.5999755859375,1321.9000244140625,33586
2025-11-06 06:17:00+00:00,1321.699951171875,1322.0,1321.5,1321.9000244140625,57834
2025-11-06 06:18:00+00:00,1322.0,1322.199951171875,1321.699951171875,1321.699951171875,70427
2025-11-06 06:19:00+00:00,1321.800048828125,1322.300048828125,1321.5999755859375,1321.9000244140625,65473
2025-11-06 06:20:00+00:00,1321.5,1322.0,1321.0999755859375,1321.699951171875,69561
2025-11-06 06:21:00+00:00,1321.5999755859375,1321.800048828125,1321.0999755859375,1321.5,77838
2025-11-06 06:22:00+00:00,1321.199951171875,1321.9000244140625,1321.199951171875,1321.5,93826
2025-11-06 06:23:00+00:00,1320.300048828125,1321.0999755859375,1320.199951171875,1321.0999755859375,148681
2025-11-06 06:24:00+00:00,1320.5,1320.699951171875,1320.0999755859375,1320.199951171875,101463
2025-11-06 06:25:00+00:00,1319.699951171875,1320.699951171875,1319.300048828125,1320.5,138597
2025-11-06 06:26:00+00:00,1319.800048828125,1320.0,1319.5,1319.5999755859375,44629
2025-11-06 06:27:00+00:00,1319.199951171875,1320.0,1319.199951171875,1319.800048828125,70433
2025-11-06 06:28:00+00:00,1319.9000244140625,1319.9000244140625,1318.800048828125,1319.300048828125,87486
2025-11-06 06:29:00+00:00,1321.4000244140625,1321.5999755859375,1319.800048828125,1319.800048828125,90909
2025-11-06 06:30:00+00:00,1321.800048828125,1321.9000244140625,1321.0999755859375,1321.4000244140625,78401
2025-11-06 06:31:00+00:00,1321.4000244140625,1321.9000244140625,1321.300048828125,1321.9000244140625,34397
2025-11-06 06:32:00+00:00,1322.0,1322.0,1321.0,1321.199951171875,34557
2025-11-06 06:33:00+00:00,1321.699951171875,1322.0999755859375,1321.5999755859375,1322.0,24581
2025-11-06 06:34:00+00:00,1321.800048828125,1321.800048828125,1321.300048828125,1321.800048828125,30425
2025-11-06 06:35:00+00:00,1321.300048828125,1322.0,1321.300048828125,1321.5,35166
2025-11-06 06:36:00+00:00,1321.0,1321.699951171875,1320.4000244140625,1321.300048828125,155626
2025-11-06 06:37:00+00:00,1321.0,1321.0,1320.300048828125,1320.9000244140625,107667
2025-11-06 06:38:00+00:00,1319.9000244140625,1321.0,1319.699951171875,1321.0,95209
2025-11-06 06:39:00+00:00,1319.699951171875,1320.0,1319.4000244140625,1319.800048828125,46396
2025-11-06 06:40:00+00:00,1319.800048828125,1320.0,1319.4000244140625,1319.9000244140625,20419
2025-11-06 06:41:00+00:00,1319.699951171875,1319.9000244140625,1319.5999755859375,1319.800048828125,30893
2025-11-06 06:42:00+00:00,1319.699951171875,1319.9000244140625,1319.5,1319.800048828125,19814
2025-11-06 06:43:00+00:00,1319.9000244140625,1320.0,1319.4000244140625,1319.5999755859375,34022
2025-11-06 06:44:00+00:00,1320.0,1320.300048828125,1319.800048828125,1320.0,40226
2025-11-06 06:45:00+00:00,1319.5999755859375,1320.0,1319.0,1320.0,63068
2025-11-06 06:46:00+00:00,1319.699951171875,1320.0,1319.5999755859375,1319.5999755859375,27663
2025-11-06 06:47:00+00:00,1319.5999755859375,1319.800048828125,1319.199951171875,1319.699951171875,53085
2025-11-06 06:48:00+00:00,1320.0,1320.4000244140625,1319.5999755859375,1319.5999755859375,108208
2025-11-06 06:49:00+00:00,1320.800048828125,1320.9000244140625,1320.0,1320.0999755859375,62802
2025-11-06 06:50:00+00:00,1320.699951171875,1320.9000244140625,1320.5,1320.9000244140625,92170
2025-11-06 06:51:00+00:00,1320.699951171875,1321.0,1320.5999755859375,1320.800048828125,71615
2025-11-06 06:52:00+00:00,1320.699951171875,1320.9000244140625,1320.0999755859375,1320.699951171875,30101
2025-11-06 06:53:00+00:00,1318.800048828125,1320.5,1318.199951171875,1320.4000244140625,230024
2025-11-06 06:54:00+00:00,1319.800048828125,1320.0999755859375,1318.699951171875,1318.699951171875,62603
2025-11-06 06:55:00+00:00,1319.5999755859375,1320.0,1319.300048828125,1320.0,32416
2025-11-06 06:56:00+00:00,1319.5999755859375,1319.800048828125,1319.4000244140625,1319.5999755859375,18967
2025-11-06 06:57:00+00:00,1319.5999755859375,1319.800048828125,1319.4000244140625,1319.5999755859375,18019
2025-11-06 06:58:00+00:00,1319.0,1319.5999755859375,1318.9000244140625,1319.5,35809
2025-11-06 06:59:00+00:00,1318.699951171875,1319.199951171875,1318.5999755859375,1319.199951171875,36653
2025-11-06 07:00:00+00:00,1318.699951171875,1319.4000244140625,1318.699951171875,1318.9000244140625,36197
2025-11-06 07:01:00+00:00,1319.0,1319.199951171875,1318.4000244140625,1318.699951171875,30596
2025-11-06 07:02:00+00:00,1319.0999755859375,1319.300048828125,1318.699951171875,1319.0999755859375,35206
2025-11-06 07:03:00+00:00,1319.0999755859375,1319.4000244140625,1318.9000244140625,1319.199951171875,45074
2025-11-06 07:04:00+00:00,1319.199951171875,1319.4000244140625,1318.9000244140625,1319.0999755859375,60846
2025-11-06 07:05:00+00:00,1318.5,1319.4000244140625,1318.5,1319.300048828125,113405
2025-11-06 07:06:00+00:00,1318.9000244140625,1319.0,1318.4000244140625,1318.5999755859375,108145
2025-11-06 07:07:00+00:00,1318.4000244140625,1318.9000244140625,1318.199951171875,1318.800048828125,75132
2025-11-06 07:08:00+00:00,1318.0,1318.4000244140625,1317.5999755859375,1318.199951171875,84330
2025-11-06 07:09:00+00:00,1317.800048828125,1318.0,1317.699951171875,1318.0,58351
2025-11-06 07:10:00+00:00,1317.699951171875,1318.0,1317.5999755859375,1317.5999755859375,45621
2025-11-06 07:11:00+00:00,1317.9000244140625,1318.0,1317.699951171875,1317.9000244140625,59275
2025-11-06 07:12:00+00:00,1318.199951171875,1318.199951171875,1317.800048828125,1317.9000244140625,186666
2025-11-06 07:13:00+00:00,1317.699951171875,1318.0999755859375,1317.5999755859375,1318.0999755859375,77658
2025-11-06 07:14:00+00:00,1318.0999755859375,1318.199951171875,1317.5999755859375,1317.800048828125,249270
2025-11-06 07:15:00+00:00,1318.0,1318.5,1317.800048828125,1318.0,149945
2025-11-06 07:16:00+00:00,1318.0,1318.800048828125,1317.800048828125,1317.800048828125,133001
2025-11-06 07:17:00+00:00,1317.800048828125,1318.0,1317.699951171875,1318.0,51420
2025-11-06 07:18:00+00:00,1317.9000244140625,1318.0,1317.5,1317.800048828125,96899
2025-11-06 07:19:00+00:00,1319.9000244140625,1319.9000244140625,1317.800048828125,1317.9000244140625,236999
2025-11-06 07:20:00+00:00,1320.5999755859375,1320.5999755859375,1319.699951171875,1320.0,47667
2025-11-06 07:21:00+00:00,1321.5,1321.5,1320.5,1320.5,38553
2025-11-06 07:22:00+00:00,1321.0999755859375,1321.5,1320.9000244140625,1321.5,46644
2025-11-06 07:23:00+00:00,1321.4000244140625,1321.4000244140625,1321.0,1321.0999755859375,38882
2025-11-06 07:24:00+00:00,1322.4000244140625,1322.5,1321.0999755859375,1321.300048828125,39818
2025-11-06 07:25:00+00:00,1322.5999755859375,1322.699951171875,1322.199951171875,1322.4000244140625,40260
2025-11-06 07:26:00+00:00,1322.800048828125,1323.4000244140625,1322.699951171875,1322.699951171875,37091
2025-11-06 07:27:00+00:00,1323.0999755859375,1323.0999755859375,1322.699951171875,1322.9000244140625,23609
2025-11-06 07:28:00+00:00,1323.800048828125,1323.9000244140625,1322.9000244140625,1323.199951171875,33498
2025-11-06 07:29:00+00:00,1323.199951171875,1323.9000244140625,1322.5999755859375,1323.800048828125,74611
2025-11-06 07:30:00+00:00,1322.4000244140625,1323.300048828125,1322.0999755859375,1323.0999755859375,77735
2025-11-06 07:31:00+00:00,1322.800048828125,1322.800048828125,1321.5,1322.300048828125,70996
2025-11-06 07:32:00+00:00,1323.199951171875,1323.199951171875,1322.199951171875,1322.800048828125,46274
2025-11-06 07:33:00+00:00,1323.4000244140625,1324.0,1322.800048828125,1323.300048828125,35137
2025-11-06 07:34:00+00:00,1322.699951171875,1323.800048828125,1322.699951171875,1323.199951171875,35938
2025-11-06 07:35:00+00:00,1322.0,1323.300048828125,1321.9000244140625,1322.699951171875,87155
2025-11-06 07:36:00+00:00,1321.699951171875,1322.199951171875,1321.0999755859375,1322.0999755859375,97213
2025-11-06 07:37:00+00:00,1320.800048828125,1322.0,1320.800048828125,1321.699951171875,44525
2025-11-06 07:38:00+00:00,1322.0,1322.0,1321.0,1321.0999755859375,22376
2025-11-06 07:39:00+00:00,1320.0999755859375,1321.9000244140625,1319.9000244140625,1321.9000244140625,160975
2025-11-06 07:40:00+00:00,1321.0,1321.0,1320.0999755859375,1320.300048828125,33492
2025-11-06 07:41:00+00:00,1319.800048828125,1321.0,1319.4000244140625,1321.0,86314
2025-11-06 07:42:00+00:00,1320.5999755859375,1321.0,1319.800048828125,1319.800048828125,18913
2025-11-06 07:43:00+00:00,1320.300048828125,1320.5999755859375,1319.5,1320.5999755859375,30878
2025-11-06 07:44:00+00:00,1321.4000244140625,1321.5999755859375,1320.4000244140625,1320.4000244140625,16973
2025-11-06 07:45:00+00:00,1322.0999755859375,1322.300048828125,1321.300048828125,1321.300048828125,73224
2025-11-06 07:46:00+00:00,1322.800048828125,1322.800048828125,1322.0999755859375,1322.0999755859375,52381
2025-11-06 07:47:00+00:00,1322.699951171875,1323.300048828125,1322.699951171875,1322.800048828125,33879
2025-11-06 07:48:00+00:00,1322.5,1322.699951171875,1322.5,1322.699951171875,14148
2025-11-06 07:49:00+00:00,1321.5999755859375,1322.5999755859375,1321.4000244140625,1322.5999755859375,20218
2025-11-06 07:50:00+00:00,1321.800048828125,1321.9000244140625,1321.5,1321.5999755859375,18362
2025-11-06 07:51:00+00:00,1322.9000244140625,1322.9000244140625,1321.800048828125,1321.800048828125,28840
2025-11-06 07:52:00+00:00,1323.0999755859375,1323.0999755859375,1322.699951171875,1322.699951171875,44813
2025-11-06 07:53:00+00:00,1322.699951171875,1323.300048828125,1322.4000244140625,1323.0999755859375,72797
2025-11-06 07:54:00+00:00,1323.5999755859375,1323.800048828125,1322.5,1322.5,26388
2025-11-06 07:55:00+00:00,1323.4000244140625,1323.5999755859375,1323.300048828125,1323.5999755859375,15571
2025-11-06 07:56:00+00:00,1323.199951171875,1323.5,1323.0,1323.4000244140625,14182
2025-11-06 07:57:00+00:00,1323.0999755859375,1323.5,1322.800048828125,1323.199951171875,30311
2025-11-06 07:58:00+00:00,1323.4000244140625,1323.699951171875,1323.0,1323.0,43377
2025-11-06 07:59:00+00:00,1323.0,1323.4000244140625,1322.5999755859375,1323.4000244140625,55860
2025-11-06 08:00:00+00:00,1323.199951171875,1323.5,1322.4000244140625,1323.199951171875,55595
2025-11-06 08:01:00+00:00,1324.0,1324.0,1323.199951171875,1323.300048828125,17803
2025-11-06 08:02:00+00:00,1323.5999755859375,1324.5999755859375,1323.4000244140625,1324.0999755859375,177456
2025-11-06 08:03:00+00:00,1324.0,1324.5999755859375,1323.699951171875,1323.699951171875,36379
2025-11-06 08:04:00+00:00,1323.300048828125,1324.0999755859375,1323.0999755859375,1324.0999755859375,20534
2025-11-06 08:05:00+00:00,1323.0,1323.5999755859375,1322.699951171875,1323.300048828125,41962
2025-11-06 08:06:00+00:00,1323.9000244140625,1324.5,1322.800048828125,1322.800048828125,59906
2025-11-06 08:07:00+00:00,1324.4000244140625,1324.699951171875,1323.9000244140625,1324.0,62810
2025-11-06 08:08:00+00:00,1324.0999755859375,1324.5999755859375,1323.9000244140625,1324.4000244140625,75699
2025-11-06 08:09:00+00:00,1323.0999755859375,1324.0999755859375,1323.0999755859375,1324.0999755859375,32573
2025-11-06 08:10:00+00:00,1322.699951171875,1323.199951171875,1322.5,1323.199951171875,81670
2025-11-06 08:11:00+00:00,1323.5,1323.5,1322.699951171875,1322.699951171875,20885
2025-11-06 08:12:00+00:00,1324.0999755859375,1324.300048828125,1323.5,1323.5999755859375,16459
2025-11-06 08:13:00+00:00,1324.0999755859375,1324.300048828125,1323.9000244140625,1324.0999755859375,71677
2025-11-06 08:14:00+00:00,1323.300048828125,1324.0999755859375,1323.199951171875,1323.9000244140625,26830
2025-11-06 08:15:00+00:00,1322.9000244140625,1323.300048828125,1322.300048828125,1323.300048828125,65652
2025-11-06 08:16:00+00:00,1324.0,1324.0,1322.9000244140625,1322.9000244140625,26204
2025-11-06 08:17:00+00:00,1323.9000244140625,1324.0,1323.300048828125,1324.0,82716
2025-11-06 08:18:00+00:00,1323.699951171875,1324.0,1323.5999755859375,1323.9000244140625,43524
2025-11-06 08:19:00+00:00,1322.800048828125,1323.5,1322.800048828125,1323.4000244140625,38043
2025-11-06 08:20:00+00:00,1322.5,1322.9000244140625,1322.300048828125,1322.800048828125,48834
2025-11-06 08:21:00+00:00,1322.800048828125,1322.9000244140625,1322.300048828125,1322.5,49691
2025-11-06 08:22:00+00:00,1323.0999755859375,1323.0999755859375,1322.5999755859375,1322.9000244140625,18680
2025-11-06 08:23:00+00:00,1323.0,1323.9000244140625,1323.0,1323.199951171875,19172
2025-11-06 08:24:00+00:00,1322.699951171875,1323.199951171875,1322.5999755859375,1323.0,40382
2025-11-06 08:25:00+00:00,1323.0999755859375,1323.199951171875,1322.300048828125,1322.699951171875,73671
2025-11-06 08:26:00+00:00,1323.5,1323.5,1322.5999755859375,1323.199951171875,17136
2025-11-06 08:27:00+00:00,1323.5,1323.800048828125,1323.300048828125,1323.5,16256
2025-11-06 08:28:00+00:00,1324.0,1324.300048828125,1323.5999755859375,1323.699951171875,34962
2025-11-06 08:29:00+00:00,1324.5999755859375,1324.5999755859375,1323.699951171875,1324.0,46023
2025-11-06 08:30:00+00:00,1324.699951171875,1324.9000244140625,1323.9000244140625,1324.4000244140625,41043
2025-11-06 08:31:00+00:00,1324.699951171875,1324.9000244140625,1324.199951171875,1324.800048828125,34823
2025-11-06 08:32:00+00:00,1325.5,1325.5,1324.699951171875,1324.9000244140625,60027
2025-11-06 08:33:00+00:00,1325.5,1325.800048828125,1325.0999755859375,1325.4000244140625,78913
2025-11-06 08:34:00+00:00,1323.800048828125,1325.199951171875,1323.4000244140625,1325.199951171875,30980
2025-11-06 08:35:00+00:00,1324.800048828125,1325.199951171875,1323.699951171875,1323.699951171875,29085
2025-11-06 08:36:00+00:00,1325.0999755859375,1325.5,1324.5,1324.800048828125,72733
2025-11-06 08:37:00+00:00,1324.9000244140625,1325.199951171875,1324.699951171875,1325.0999755859375,27429
2025-11-06 08:38:00+00:00,1324.9000244140625,1325.199951171875,1324.5999755859375,1324.9000244140625,57080
2025-11-06 08:39:00+00:00,1325.4000244140625,1325.4000244140625,1324.9000244140625,1325.199951171875,57395
2025-11-06 08:40:00+00:00,1325.4000244140625,1325.9000244140625,1325.0999755859375,1325.4000244140625,43120
2025-11-06 08:41:00+00:00,1325.5,1325.800048828125,1325.0999755859375,1325.199951171875,20623
2025-11-06 08:42:00+00:00,1325.800048828125,1325.800048828125,1325.0999755859375,1325.699951171875,31155
2025-11-06 08:43:00+00:00,1326.4000244140625,1326.4000244140625,1325.5999755859375,1325.800048828125,62455
2025-11-06 08:44:00+00:00,1325.800048828125,1326.699951171875,1325.4000244140625,1326.4000244140625,114377
2025-11-06 08:45:00+00:00,1325.300048828125,1326.0999755859375,1325.0999755859375,1325.800048828125,82313
2025-11-06 08:46:00+00:00,1325.0,1325.300048828125,1324.800048828125,1325.300048828125,42096
2025-11-06 08:47:00+00:00,1324.5999755859375,1325.199951171875,1324.5999755859375,1325.199951171875,22245
2025-11-06 08:48:00+00:00,1324.9000244140625,1325.0,1324.5999755859375,1324.699951171875,31377
2025-11-06 08:49:00+00:00,1325.300048828125,1325.300048828125,1324.699951171875,1324.9000244140625,43260
2025-11-06 08:50:00+00:00,1324.5999755859375,1325.300048828125,1324.5,1325.300048828125,35078
2025-11-06 08:51:00+00:00,1324.5999755859375,1324.800048828125,1324.5,1324.699951171875,28507
2025-11-06 08:52:00+00:00,1324.0,1325.0,1323.800048828125,1324.699951171875,69985
2025-11-06 08:53:00+00:00,1323.5,1324.4000244140625,1323.4000244140625,1324.0,45584
2025-11-06 08:54:00+00:00,1323.9000244140625,1324.0999755859375,1323.5999755859375,1323.5999755859375,22792
2025-11-06 08:55:00+00:00,1323.800048828125,1324.0999755859375,1323.699951171875,1324.0999755859375,19602
2025-11-06 08:56:00+00:00,1323.9000244140625,1324.300048828125,1323.5,1323.9000244140625,23031
2025-11-06 08:57:00+00:00,1323.5999755859375,1324.0999755859375,1323.4000244140625,1324.0999755859375,20022
2025-11-06 08:58:00+00:00,1323.300048828125,1323.699951171875,1322.800048828125,1323.699951171875,82599
2025-11-06 08:59:00+00:00,1324.0,1324.0999755859375,1323.300048828125,1323.300048828125,23740
2025-11-06 09:00:00+00:00,1324.5999755859375,1324.5999755859375,1324.0999755859375,1324.0999755859375,19405
2025-11-06 09:01:00+00:00,1324.9000244140625,1325.0,1324.5,1324.699951171875,18568
2025-11-06 09:02:00+00:00,1324.699951171875,1325.199951171875,1324.5999755859375,1325.0,13379
2025-11-06 09:03:00+00:00,1325.0,1325.0,1324.4000244140625,1324.699951171875,24445
2025-11-06 09:04:00+00:00,1325.4000244140625,1325.4000244140625,1324.800048828125,1324.9000244140625,22148
2025-11-06 09:05:00+00:00,1324.699951171875,1325.4000244140625,1324.0999755859375,1325.300048828125,26525
2025-11-06 09:06:00+00:00,1324.199951171875,1324.9000244140625,1324.199951171875,1324.800048828125,18857
2025-11-06 09:07:00+00:00,1324.699951171875,1324.800048828125,1324.199951171875,1324.300048828125,24966
2025-11-06 09:08:00+00:00,1323.199951171875,1325.0999755859375,1323.199951171875,1324.699951171875,100730
2025-11-06 09:09:00+00:00,1323.199951171875,1323.5999755859375,1322.9000244140625,1323.300048828125,56369
2025-11-06 09:10:00+00:00,1323.0,1323.300048828125,1322.199951171875,1323.199951171875,104387
2025-11-06 09:11:00+00:00,1322.199951171875,1323.300048828125,1322.0,1322.9000244140625,166888
2025-11-06 09:12:00+00:00,1322.300048828125,1322.5999755859375,1321.5999755859375,1322.199951171875,50972
2025-11-06 09:13:00+00:00,1322.800048828125,1322.9000244140625,1322.199951171875,1322.300048828125,24628
2025-11-06 09:14:00+00:00,1322.199951171875,1322.9000244140625,1321.5999755859375,1322.699951171875,31055
2025-11-06 09:15:00+00:00,1322.699951171875,1322.699951171875,1322.199951171875,1322.4000244140625,20721
2025-11-06 09:16:00+00:00,1322.9000244140625,1323.0999755859375,1322.5,1322.5,54021
2025-11-06 09:17:00+00:00,1322.699951171875,1323.0,1322.5,1322.9000244140625,43656
2025-11-06 09:18:00+00:00,1322.5,1322.800048828125,1322.4000244140625,1322.800048828125,56184
2025-11-06 09:19:00+00:00,1321.0,1322.800048828125,1321.0,1322.800048828125,137025
2025-11-06 09:20:00+00:00,1321.300048828125,1321.699951171875,1321.0,1321.0,101438
2025-11-06 09:21:00+00:00,1322.199951171875,1322.300048828125,1321.4000244140625,1321.4000244140625,33566
2025-11-06 09:22:00+00:00,1322.300048828125,1323.0,1321.9000244140625,1322.0999755859375,38267
2025-11-06 09:23:00+00:00,1322.0,1322.5,1321.699951171875,1322.4000244140625,36138
2025-11-06 09:24:00+00:00,1322.300048828125,1322.5999755859375,1322.0,1322.0999755859375,49836
2025-11-06 09:25:00+00:00,1321.0,1322.4000244140625,1320.800048828125,1322.4000244140625,84655
2025-11-06 09:26:00+00:00,1320.5,1321.4000244140625,1320.0,1320.9000244140625,197233
2025-11-06 09:27:00+00:00,1320.9000244140625,1321.4000244140625,1319.9000244140625,1320.199951171875,147791
2025-11-06 09:28:00+00:00,1322.0999755859375,1322.0999755859375,1320.5,1320.9000244140625,69616
2025-11-06 09:29:00+00:00,1321.9000244140625,1322.699951171875,1321.9000244140625,1322.0,62077
2025-11-06 09:30:00+00:00,1321.0,1321.5999755859375,1320.699951171875,1321.5999755859375,118598
2025-11-06 09:31:00+00:00,1321.199951171875,1321.300048828125,1320.800048828125,1321.0,93746
2025-11-06 09:32:00+00:00,1320.699951171875,1321.199951171875,1320.199951171875,1321.199951171875,103056
2025-11-06 09:33:00+00:00,1320.300048828125,1320.9000244140625,1320.0,1320.9000244140625,116328
2025-11-06 09:34:00+00:00,1320.0,1320.300048828125,1319.699951171875,1320.300048828125,120944
2025-11-06 09:35:00+00:00,1320.0999755859375,1320.0999755859375,1319.5,1320.0,119840
2025-11-06 09:36:00+00:00,1320.0,1320.199951171875,1319.300048828125,1320.0999755859375,105722
2025-11-06 09:37:00+00:00,1319.800048828125,1320.0,1319.4000244140625,1319.9000244140625,94956
2025-11-06 09:38:00+00:00,1320.699951171875,1320.699951171875,1319.699951171875,1319.9000244140625,91631
2025-11-06 09:39:00+00:00,1320.4000244140625,1320.9000244140625,1320.199951171875,1320.5999755859375,77008
2025-11-06 09:40:00+00:00,1320.0,1320.4000244140625,1319.800048828125,1320.199951171875,107393
2025-11-06 09:41:00+00:00,1319.800048828125,1320.0999755859375,1319.699951171875,1320.0,86278
2025-11-06 09:42:00+00:00,1319.9000244140625,1320.4000244140625,1319.699951171875,1319.800048828125,87701
2025-11-06 09:43:00+00:00,1320.300048828125,1320.300048828125,1319.800048828125,1319.9000244140625,83579
2025-11-06 09:44:00+00:00,1320.199951171875,1320.199951171875,1319.9000244140625,1320.199951171875,49989
2025-11-06 09:45:00+00:00,1320.4000244140625,1320.5999755859375,1319.699951171875,1320.199951171875,124271
2025-11-06 09:46:00+00:00,1320.800048828125,1320.800048828125,1320.199951171875,1320.5,125495
2025-11-06 09:47:00+00:00,1320.5,1320.9000244140625,1320.300048828125,1320.800048828125,112172
2025-11-06 09:48:00+00:00,1320.5,1320.5,1319.800048828125,1320.5,123151
2025-11-06 09:49:00+00:00,1320.5,1320.5999755859375,1320.0,1320.5,198031
2025-11-06 09:50:00+00:00,1321.300048828125,1321.300048828125,1320.4000244140625,1320.5,99139
2025-11-06 09:51:00+00:00,1320.9000244140625,1321.300048828125,1320.5,1321.0,86512
2025-11-06 09:52:00+00:00,1321.9000244140625,1321.9000244140625,1320.9000244140625,1321.0,109737
2025-11-06 09:53:00+00:00,1321.5,1322.0,1321.199951171875,1321.800048828125,64342
2025-11-06 09:54:00+00:00,1321.199951171875,1321.800048828125,1321.0,1321.4000244140625,75592
2025-11-06 09:55:00+00:00,1321.300048828125,1321.4000244140625,1321.0999755859375,1321.300048828125,88021
2025-11-06 09:56:00+00:00,1320.5999755859375,1321.199951171875,1320.5999755859375,1321.0999755859375,63252
2025-11-06 09:57:00+00:00,1320.9000244140625,1321.0,1320.699951171875,1320.800048828125,81418
2025-11-06 09:58:00+00:00,1320.5,1321.0,1320.4000244140625,1320.9000244140625,62711
2025-11-06 09:59:00+00:00,1320.300048828125,1320.9000244140625,1319.0999755859375,1320.199951171875,46646
2025-11-07 03:45:00+00:00,1319.0999755859375,1321.699951171875,1319.0999755859375,1320.4000244140625,0
2025-11-07 03:46:00+00:00,1322.699951171875,1322.9000244140625,1318.5999755859375,1318.9000244140625,42525
2025-11-07 03:47:00+00:00,1322.5,1323.199951171875,1322.300048828125,1323.199951171875,25185
2025-11-07 03:48:00+00:00,1323.699951171875,1323.699951171875,1322.5999755859375,1322.699951171875,43520
2025-11-07 03:49:00+00:00,1323.800048828125,1324.800048828125,1323.800048828125,1323.9000244140625,30178
2025-11-07 03:50:00+00:00,1323.300048828125,1323.5,1323.0,1323.4000244140625,22217
2025-11-07 03:51:00+00:00,1324.5,1324.5,1323.300048828125,1323.300048828125,18700
2025-11-07 03:52:00+00:00,1323.5,1324.300048828125,1323.5,1324.199951171875,34965
2025-11-07 03:53:00+00:00,1323.5,1323.9000244140625,1322.9000244140625,1323.199951171875,39427
2025-11-07 03:54:00+00:00,1323.699951171875,1323.9000244140625,1322.800048828125,1323.5,32541
2025-11-07 03:55:00+00:00,1324.300048828125,1324.300048828125,1323.5999755859375,1323.800048828125,8336
2025-11-07 03:56:00+00:00,1324.5,1325.0,1324.199951171875,1324.5,30539
2025-11-07 03:57:00+00:00,1324.800048828125,1324.800048828125,1324.0999755859375,1324.800048828125,38223
2025-11-07 03:58:00+00:00,1325.9000244140625,1325.9000244140625,1324.699951171875,1324.800048828125,11592
2025-11-07 03:59:00+00:00,1326.0999755859375,1327.199951171875,1325.800048828125,1326.0,29236
2025-11-07 04:00:00+00:00,1326.4000244140625,1327.0,1326.0,1326.5,16377
2025-11-07 04:01:00+00:00,1326.300048828125,1327.0999755859375,1325.9000244140625,1326.5999755859375,27943
2025-11-07 04:02:00+00:00,1327.0999755859375,1327.0999755859375,1326.300048828125,1326.300048828125,9153
2025-11-07 04:03:00+00:00,1327.5,1327.5,1327.0,1327.0,8412
2025-11-07 04:04:00+00:00,1327.199951171875,1327.5,1327.199951171875,1327.5,11185
2025-11-07 04:05:00+00:00,1327.800048828125,1327.800048828125,1327.0999755859375,1327.199951171875,9579
2025-11-07 04:06:00+00:00,1327.0,1327.699951171875,1327.0,1327.5999755859375,16699
2025-11-07 04:07:00+00:00,1327.0999755859375,1327.0999755859375,1326.300048828125,1327.0,7971
2025-11-07 04:08:00+00:00,1327.9000244140625,1328.4000244140625,1327.0999755859375,1327.0999755859375,15636
2025-11-07 04:09:00+00:00,1328.300048828125,1328.5,1327.800048828125,1327.800048828125,7451
2025-11-07 04:10:00+00:00,1328.5999755859375,1328.9000244140625,1328.0999755859375,1328.4000244140625,11258
2025-11-07 04:11:00+00:00,1326.9000244140625,1328.9000244140625,1326.199951171875,1328.9000244140625,33751
2025-11-07 04:12:00+00:00,1327.300048828125,1327.9000244140625,1326.800048828125,1326.9000244140625,12851
2025-11-07 04:13:00+00:00,1328.5,1328.5,1327.4000244140625,1327.5999755859375,10203
2025-11-07 04:14:00+00:00,1328.800048828125,1329.0,1328.0,1328.300048828125,23720
2025-11-07 04:15:00+00:00,1328.5999755859375,1328.9000244140625,1327.699951171875,1328.800048828125,36852
2025-11-07 04:16:00+00:00,1329.5,1329.9000244140625,1328.5999755859375,1328.800048828125,22996
2025-11-07 04:17:00+00:00,1329.9000244140625,1330.0,1329.0,1329.300048828125,17621
2025-11-07 04:18:00+00:00,1330.300048828125,1330.5999755859375,1329.5999755859375,1329.9000244140625,16038
2025-11-07 04:19:00+00:00,1331.5999755859375,1331.5999755859375,1330.0,1330.300048828125,14061
2025-11-07 04:20:00+00:00,1331.0,1331.5,1330.5,1331.5,22743
2025-11-07 04:21:00+00:00,1330.5,1331.9000244140625,1330.5,1331.0999755859375,27769
2025-11-07 04:22:00+00:00,1330.300048828125,1331.699951171875,1330.199951171875,1330.5,20271
2025-11-07 04:23:00+00:00,1330.699951171875,1331.0,1330.0,1330.199951171875,20008
2025-11-07 04:24:00+00:00,1330.9000244140625,1331.199951171875,1330.199951171875,1330.699951171875,8358
2025-11-07 04:25:00+00:00,1330.4000244140625,1331.0,1330.4000244140625,1331.0,14040
2025-11-07 04:26:00+00:00,1330.4000244140625,1330.9000244140625,1330.199951171875,1330.5,6996
2025-11-07 04:27:00+00:00,1331.0,1331.0,1330.199951171875,1330.199951171875,17811
2025-11-07 04:28:00+00:00,1330.9000244140625,1331.0,1330.699951171875,1331.0,9796
2025-11-07 04:29:00+00:00,1331.300048828125,1331.4000244140625,1331.0,1331.0,10144
2025-11-07 04:30:00+00:00,1330.5,1331.5999755859375,1330.5,1331.300048828125,14064
2025-11-07 04:31:00+00:00,1331.0,1331.0,1330.4000244140625,1330.4000244140625,6789
2025-11-07 04:32:00+00:00,1331.0,1331.0,1330.5,1331.0,6650
2025-11-07 04:33:00+00:00,1331.5,1331.5999755859375,1330.699951171875,1330.9000244140625,30790
2025-11-07 04:34:00+00:00,1330.0,1331.699951171875,1330.0,1331.0,14850
2025-11-07 04:35:00+00:00,1330.5,1331.199951171875,1330.0999755859375,1330.199951171875,6319
2025-11-07 04:36:00+00:00,1330.5,1330.9000244140625,1330.4000244140625,1330.5,8248
2025-11-07 04:37:00+00:00,1330.0999755859375,1330.5999755859375,1330.0,1330.0999755859375,5843
2025-11-07 04:38:00+00:00,1330.5,1330.5,1329.5999755859375,1329.5999755859375,14979
2025-11-07 04:39:00+00:00,1329.699951171875,1330.300048828125,1329.699951171875,1330.300048828125,15726
2025-11-07 04:40:00+00:00,1330.0999755859375,1330.5999755859375,1329.5999755859375,1329.5999755859375,10185
2025-11-07 04:41:00+00:00,1330.699951171875,1330.800048828125,1330.4000244140625,1330.4000244140625,8954
2025-11-07 04:42:00+00:00,1330.199951171875,1330.9000244140625,1329.699951171875,1330.5,13359
2025-11-07 04:43:00+00:00,1330.300048828125,1330.5,1330.300048828125,1330.300048828125,3431
2025-11-07 04:44:00+00:00,1330.4000244140625,1331.199951171875,1330.4000244140625,1330.5999755859375,8048
2025-11-07 04:45:00+00:00,1330.9000244140625,1330.9000244140625,1330.5,1330.5,4030
2025-11-07 04:46:00+00:00,1330.699951171875,1330.800048828125,1330.4000244140625,1330.699951171875,5217
2025-11-07 04:47:00+00:00,1331.0,1331.0,1330.199951171875,1330.699951171875,35749
2025-11-07 04:48:00+00:00,1330.5,1331.199951171875,1330.5,1331.199951171875,5320
2025-11-07 04:49:00+00:00,1330.9000244140625,1330.9000244140625,1330.0999755859375,1330.5999755859375,6150
2025-11-07 04:50:00+00:00,1331.5,1331.5,1330.800048828125,1330.800048828125,7753
2025-11-07 04:51:00+00:00,1331.699951171875,1331.800048828125,1331.4000244140625,1331.699951171875,6991
2025-11-07 04:52:00+00:00,1330.800048828125,1331.5999755859375,1330.800048828125,1331.5,8383
2025-11-07 04:53:00+00:00,1331.5,1331.699951171875,1331.0,1331.0,6586
2025-11-07 04:54:00+00:00,1331.300048828125,1331.5,1331.300048828125,1331.5,5309
2025-11-07 04:55:00+00:00,1331.300048828125,1331.300048828125,1330.800048828125,1330.9000244140625,6063
2025-11-07 04:56:00+00:00,1331.4000244140625,1331.5,1331.199951171875,1331.199951171875,4913
2025-11-07 04:57:00+00:00,1331.199951171875,1331.4000244140625,1331.0,1331.4000244140625,6224
2025-11-07 04:58:00+00:00,1331.0,1331.0999755859375,1330.699951171875,1330.9000244140625,5939
2025-11-07 04:59:00+00:00,1331.0,1331.300048828125,1330.699951171875,1331.0999755859375,7400
2025-11-07 05:00:00+00:00,1330.699951171875,1331.199951171875,1330.5999755859375,1331.0,6687
2025-11-07 05:01:00+00:00,1330.5999755859375,1330.9000244140625,1330.300048828125,1330.699951171875,4996
2025-11-07 05:02:00+00:00,1330.9000244140625,1331.0,1330.5999755859375,1330.5999755859375,4502
2025-11-07 05:03:00+00:00,1331.0,1331.0,1330.699951171875,1330.699951171875,15189
2025-11-07 05:04:00+00:00,1331.0,1331.0999755859375,1330.800048828125,1331.0,18556
2025-11-07 05:05:00+00:00,1330.5999755859375,1331.0,1330.5,1331.0,13180
2025-11-07 05:06:00+00:00,1330.5,1330.800048828125,1330.0999755859375,1330.800048828125,13103
2025-11-07 05:07:00+00:00,1330.5,1330.699951171875,1330.0999755859375,1330.5,7595
2025-11-07 05:08:00+00:00,1330.5999755859375,1330.5999755859375,1330.0999755859375,1330.4000244140625,10256
2025-11-07 05:09:00+00:00,1330.4000244140625,1330.5,1330.0,1330.300048828125,10274
2025-11-07 05:10:00+00:00,1330.800048828125,1330.800048828125,1330.300048828125,1330.5,12336
2025-11-07 05:11:00+00:00,1330.9000244140625,1331.0,1330.699951171875,1330.699951171875,17315
2025-11-07 05:12:00+00:00,1331.9000244140625,1331.9000244140625,1330.5,1330.5,60338
2025-11-07 05:13:00+00:00,1332.0,1332.5999755859375,1331.5999755859375,1331.800048828125,21902
2025-11-07 05:14:00+00:00,1332.5999755859375,1332.5999755859375,1332.0,1332.0,12166
2025-11-07 05:15:00+00:00,1332.4000244140625,1332.800048828125,1332.300048828125,1332.5999755859375,23897
2025-11-07 05:16:00+00:00,1333.0,1333.0,1332.5,1332.5,16061
2025-11-07 05:17:00+00:00,1333.199951171875,1333.4000244140625,1332.800048828125,1332.800048828125,13000
2025-11-07 05:18:00+00:00,1332.5999755859375,1333.300048828125,1332.5999755859375,1333.0999755859375,34958
2025-11-07 05:19:00+00:00,1332.699951171875,1332.800048828125,1332.300048828125,1332.300048828125,14151
2025-11-07 05:20:00+00:00,1332.800048828125,1333.0,1332.5999755859375,1332.699951171875,10271
2025-11-07 05:21:00+00:00,1332.5,1332.800048828125,1332.0999755859375,1332.5999755859375,12012
2025-11-07 05:22:00+00:00,1332.9000244140625,1333.0,1332.5999755859375,1332.800048828125,12349
2025-11-07 05:23:00+00:00,1333.0,1333.300048828125,1332.800048828125,1332.800048828125,42216
2025-11-07 05:24:00+00:00,1332.0999755859375,1333.0,1332.0999755859375,1332.9000244140625,10521
2025-11-07 05:25:00+00:00,1332.4000244140625,1333.0,1332.199951171875,1332.199951171875,10824
2025-11-07 05:26:00+00:00,1332.199951171875,1332.5999755859375,1332.199951171875,1332.4000244140625,10314
2025-11-07 05:27:00+00:00,1331.699951171875,1332.199951171875,1331.5,1332.199951171875,7970
2025-11-07 05:28:00+00:00,1331.0,1332.199951171875,1331.0,1332.199951171875,10698
2025-11-07 05:29:00+00:00,1331.300048828125,1331.5999755859375,1331.199951171875,1331.5,11419
2025-11-07 05:30:00+00:00,1331.4000244140625,1331.9000244140625,1330.5999755859375,1331.0,10585
2025-11-07 05:31:00+00:00,1331.9000244140625,1332.0,1331.4000244140625,1331.4000244140625,7876
2025-11-07 05:32:00+00:00,1332.300048828125,1332.800048828125,1331.9000244140625,1331.9000244140625,8417
2025-11-07 05:33:00+00:00,1332.199951171875,1332.800048828125,1332.0,1332.5999755859375,10943
2025-11-07 05:34:00+00:00,1332.699951171875,1332.699951171875,1332.0999755859375,1332.199951171875,9860
2025-11-07 05:35:00+00:00,1332.4000244140625,1332.5,1332.300048828125,1332.4000244140625,6171
2025-11-07 05:36:00+00:00,1332.199951171875,1332.4000244140625,1331.9000244140625,1332.4000244140625,12210
2025-11-07 05:37:00+00:00,1332.0,1332.4000244140625,1331.9000244140625,1332.4000244140625,8858
2025-11-07 05:38:00+00:00,1332.800048828125,1332.800048828125,1332.0,1332.0,10409
2025-11-07 05:39:00+00:00,1332.9000244140625,1333.0,1332.800048828125,1332.800048828125,18572
2025-11-07 05:40:00+00:00,1333.300048828125,1333.300048828125,1332.9000244140625,1333.0,59957
2025-11-07 05:41:00+00:00,1333.800048828125,1333.9000244140625,1333.5,1333.5,13916
2025-11-07 05:42:00+00:00,1334.300048828125,1334.300048828125,1333.5999755859375,1333.800048828125,20151
2025-11-07 05:43:00+00:00,1334.800048828125,1334.9000244140625,1333.699951171875,1334.300048828125,85442
2025-11-07 05:44:00+00:00,1334.5999755859375,1335.300048828125,1334.4000244140625,1334.800048828125,67329
2025-11-07 05:45:00+00:00,1335.0,1335.800048828125,1334.699951171875,1335.0,30988
2025-11-07 05:46:00+00:00,1337.0,1337.0999755859375,1334.699951171875,1335.199951171875,130694
2025-11-07 05:47:00+00:00,1336.5,1337.0,1335.5999755859375,1337.0,85897
2025-11-07 05:48:00+00:00,1336.300048828125,1337.0999755859375,1335.800048828125,1336.4000244140625,17964
2025-11-07 05:49:00+00:00,1335.5,1336.5999755859375,1335.4000244140625,1336.4000244140625,40503
2025-11-07 05:50:00+00:00,1335.199951171875,1336.0,1335.199951171875,1335.9000244140625,15683
2025-11-07 05:51:00+00:00,1336.0,1336.0,1335.199951171875,1335.199951171875,28051
2025-11-07 05:52:00+00:00,1335.5,1336.5,1335.4000244140625,1336.0999755859375,32053
2025-11-07 05:53:00+00:00,1335.800048828125,1336.0,1335.4000244140625,1335.5,10125
2025-11-07 05:54:00+00:00,1335.699951171875,1336.0,1335.199951171875,1335.5999755859375,11097
2025-11-07 05:55:00+00:00,1335.699951171875,1336.0,1335.4000244140625,1335.800048828125,12520
2025-11-07 05:56:00+00:00,1335.9000244140625,1336.0,1335.199951171875,1335.5,14245
2025-11-07 05:57:00+00:00,1335.4000244140625,1335.9000244140625,1335.4000244140625,1335.9000244140625,11235
2025-11-07 05:58:00+00:00,1335.5999755859375,1335.9000244140625,1335.300048828125,1335.5999755859375,8371
2025-11-07 05:59:00+00:00,1335.800048828125,1336.199951171875,1335.5,1335.5,25057
2025-11-07 06:00:00+00:00,1337.5999755859375,1337.5999755859375,1335.800048828125,1335.800048828125,19448
2025-11-07 06:01:00+00:00,1337.699951171875,1338.4000244140625,1337.199951171875,1337.5,24089
2025-11-07 06:02:00+00:00,1338.300048828125,1338.4000244140625,1337.5,1337.800048828125,15442
2025-11-07 06:03:00+00:00,1338.199951171875,1338.5,1337.800048828125,1338.199951171875,10684
2025-11-07 06:04:00+00:00,1337.5999755859375,1338.300048828125,1337.4000244140625,1338.199951171875,17252
2025-11-07 06:05:00+00:00,1337.300048828125,1337.699951171875,1336.9000244140625,1337.699951171875,11519
2025-11-07 06:06:00+00:00,1336.300048828125,1337.5999755859375,1336.300048828125,1337.300048828125,19353
2025-11-07 06:07:00+00:00,1336.699951171875,1337.0,1336.5,1336.800048828125,7456
2025-11-07 06:08:00+00:00,1336.800048828125,1337.0,1336.5,1336.699951171875,9140
2025-11-07 06:09:00+00:00,1337.0,1337.5999755859375,1336.9000244140625,1336.9000244140625,11006
2025-11-07 06:10:00+00:00,1337.4000244140625,1337.699951171875,1337.0,1337.0,9705
2025-11-07 06:11:00+00:00,1337.9000244140625,1337.9000244140625,1337.5,1337.5,9376
2025-11-07 06:12:00+00:00,1340.0,1340.300048828125,1337.800048828125,1337.9000244140625,374242
2025-11-07 06:13:00+00:00,1340.0999755859375,1340.4000244140625,1339.4000244140625,1340.0,48861
2025-11-07 06:14:00+00:00,1340.5,1340.5,1340.0,1340.300048828125,13310
2025-11-07 06:15:00+00:00,1340.199951171875,1341.5999755859375,1340.199951171875,1340.300048828125,34923
2025-11-07 06:16:00+00:00,1339.9000244140625,1340.5,1339.0999755859375,1340.199951171875,114773
2025-11-07 06:17:00+00:00,1339.800048828125,1340.0,1339.800048828125,1339.9000244140625,13979
2025-11-07 06:18:00+00:00,1340.300048828125,1340.300048828125,1339.800048828125,1339.800048828125,40525
2025-11-07 06:19:00+00:00,1339.699951171875,1340.0,1339.699951171875,1339.9000244140625,13309
2025-11-07 06:20:00+00:00,1339.699951171875,1339.800048828125,1339.300048828125,1339.699951171875,32281
2025-11-07 06:21:00+00:00,1340.199951171875,1340.4000244140625,1340.0,1340.0,32601
2025-11-07 06:22:00+00:00,1340.5,1340.9000244140625,1340.0,1340.199951171875,57478
2025-11-07 06:23:00+00:00,1340.199951171875,1340.800048828125,1340.0,1340.800048828125,49113
2025-11-07 06:24:00+00:00,1340.0999755859375,1340.5,1340.0,1340.0999755859375,16315
2025-11-07 06:25:00+00:00,1340.300048828125,1340.5,1340.0,1340.4000244140625,3610
2025-11-07 06:26:00+00:00,1340.4000244140625,1340.5999755859375,1340.0999755859375,1340.300048828125,5452
2025-11-07 06:27:00+00:00,1340.0,1340.5,1340.0,1340.4000244140625,40967
2025-11-07 06:28:00+00:00,1340.0999755859375,1340.300048828125,1340.0999755859375,1340.199951171875,7575
2025-11-07 06:29:00+00:00,1340.199951171875,1340.5,1340.0,1340.199951171875,7623
2025-11-07 06:30:00+00:00,1340.300048828125,1340.9000244140625,1340.0,1340.199951171875,10388
2025-11-07 06:31:00+00:00,1340.4000244140625,1341.0999755859375,1340.300048828125,1340.5999755859375,24337
2025-11-07 06:32:00+00:00,1340.9000244140625,1341.0,1340.4000244140625,1340.5999755859375,7378
2025-11-07 06:33:00+00:00,1340.800048828125,1340.800048828125,1340.4000244140625,1340.800048828125,8904
2025-11-07 06:34:00+00:00,1340.4000244140625,1340.800048828125,1340.4000244140625,1340.5999755859375,11980
2025-11-07 06:35:00+00:00,1340.5,1340.699951171875,1340.4000244140625,1340.5,6340
2025-11-07 06:36:00+00:00,1340.5,1340.5,1340.0,1340.4000244140625,13704
2025-11-07 06:37:00+00:00,1340.0999755859375,1340.699951171875,1340.0999755859375,1340.5,7459
2025-11-07 06:38:00+00:00,1340.0,1340.5,1340.0,1340.199951171875,4308
2025-11-07 06:39:00+00:00,1340.300048828125,1340.300048828125,1340.0,1340.0,7274
2025-11-07 06:40:00+00:00,1340.0999755859375,1340.300048828125,1340.0,1340.0,12289
2025-11-07 06:41:00+00:00,1340.0999755859375,1340.5999755859375,1340.0,1340.0,9660
2025-11-07 06:42:00+00:00,1340.0,1340.0,1339.699951171875,1340.0,17923
2025-11-07 06:43:00+00:00,1340.0,1340.4000244140625,1339.800048828125,1340.199951171875,33313
2025-11-07 06:44:00+00:00,1340.0999755859375,1340.699951171875,1340.0,1340.199951171875,9603
2025-11-07 06:45:00+00:00,1340.0999755859375,1340.5999755859375,1340.0999755859375,1340.0999755859375,4787
2025-11-07 06:46:00+00:00,1340.300048828125,1340.9000244140625,1340.0,1340.4000244140625,43022
2025-11-07 06:47:00+00:00,1340.199951171875,1340.800048828125,1340.0999755859375,1340.300048828125,16676
2025-11-07 06:48:00+00:00,1340.0,1340.5999755859375,1340.0,1340.300048828125,7765
2025-11-07 06:49:00+00:00,1340.0,1340.4000244140625,1340.0,1340.0,9435
2025-11-07 06:50:00+00:00,1340.0,1340.199951171875,1340.0,1340.0,5664
2025-11-07 06:51:00+00:00,1340.4000244140625,1340.4000244140625,1340.0,1340.0,7447
2025-11-07 06:52:00+00:00,1340.199951171875,1340.4000244140625,1340.0,1340.4000244140625,5858
2025-11-07 06:53:00+00:00,1340.0999755859375,1340.300048828125,1340.0,1340.0999755859375,4787
2025-11-07 06:54:00+00:00,1340.0999755859375,1340.199951171875,1340.0,1340.0,9526
2025-11-07 06:55:00+00:00,1340.300048828125,1340.300048828125,1340.0,1340.0,5788
2025-11-07 06:56:00+00:00,1340.199951171875,1340.5,1340.0999755859375,1340.0999755859375,6899
2025-11-07 06:57:00+00:00,1340.0999755859375,1340.5999755859375,1340.0,1340.5,8527
2025-11-07 06:58:00+00:00,1340.0,1340.699951171875,1340.0,1340.0999755859375,4701
2025-11-07 06:59:00+00:00,1340.699951171875,1340.699951171875,1340.0999755859375,1340.0999755859375,6935
2025-11-07 07:00:00+00:00,1341.0999755859375,1341.4000244140625,1340.5999755859375,1340.5999755859375,20344
2025-11-07 07:01:00+00:00,1341.300048828125,1341.699951171875,1341.0999755859375,1341.0999755859375,6229
2025-11-07 07:02:00+00:00,1342.5,1342.5,1341.4000244140625,1341.4000244140625,23018
2025-11-07 07:03:00+00:00,1342.199951171875,1342.800048828125,1342.0,1342.300048828125,10001
2025-11-07 07:04:00+00:00,1342.0999755859375,1342.699951171875,1342.0,1342.699951171875,7221
2025-11-07 07:05:00+00:00,1342.4000244140625,1342.4000244140625,1342.0,1342.0999755859375,10392
2025-11-07 07:06:00+00:00,1342.0999755859375,1342.5999755859375,1342.0,1342.0,7133
2025-11-07 07:07:00+00:00,1342.4000244140625,1342.699951171875,1342.0999755859375,1342.5999755859375,9637
2025-11-07 07:08:00+00:00,1343.0999755859375,1343.0999755859375,1342.199951171875,1342.4000244140625,22910
2025-11-07 07:09:00+00:00,1343.0,1343.4000244140625,1342.800048828125,1343.4000244140625,14087
2025-11-07 07:10:00+00:00,1342.800048828125,1343.0,1342.5999755859375,1343.0,9317
2025-11-07 07:11:00+00:00,1342.9000244140625,1343.0,1342.4000244140625,1342.4000244140625,10089
2025-11-07 07:12:00+00:00,1341.5999755859375,1342.800048828125,1341.4000244140625,1342.800048828125,22145
2025-11-07 07:13:00+00:00,1342.4000244140625,1342.4000244140625,1341.699951171875,1341.800048828125,9583
2025-11-07 07:14:00+00:00,1342.699951171875,1342.800048828125,1342.300048828125,1342.5999755859375,7837
2025-11-07 07:15:00+00:00,1342.9000244140625,1342.9000244140625,1342.5,1342.699951171875,7615
2025-11-07 07:16:00+00:00,1341.5999755859375,1343.0999755859375,1341.5,1342.800048828125,15469
2025-11-07 07:17:00+00:00,1341.800048828125,1342.300048828125,1341.5999755859375,1341.5999755859375,12290
2025-11-07 07:18:00+00:00,1341.4000244140625,1342.0,1341.300048828125,1341.9000244140625,15428
2025-11-07 07:19:00+00:00,1341.5,1341.800048828125,1341.300048828125,1341.800048828125,13226
2025-11-07 07:20:00+00:00,1342.9000244140625,1343.199951171875,1341.300048828125,1341.300048828125,17397
2025-11-07 07:21:00+00:00,1342.699951171875,1343.4000244140625,1342.5999755859375,1342.9000244140625,10341
2025-11-07 07:22:00+00:00,1342.0,1343.0999755859375,1341.9000244140625,1342.699951171875,11683
2025-11-07 07:23:00+00:00,1341.9000244140625,1342.4000244140625,1341.5999755859375,1342.4000244140625,7210
2025-11-07 07:24:00+00:00,1342.4000244140625,1342.5999755859375,1341.9000244140625,1342.0,12575
2025-11-07 07:25:00+00:00,1342.699951171875,1342.9000244140625,1342.300048828125,1342.4000244140625,8240
2025-11-07 07:26:00+00:00,1342.5,1342.800048828125,1342.4000244140625,1342.699951171875,6641
2025-11-07 07:27:00+00:00,1342.0,1342.5999755859375,1341.9000244140625,1342.5,6045
2025-11-07 07:28:00+00:00,1342.300048828125,1342.4000244140625,1342.0,1342.0,5636
2025-11-07 07:29:00+00:00,1342.800048828125,1342.800048828125,1342.0999755859375,1342.300048828125,8846
2025-11-07 07:30:00+00:00,1343.699951171875,1343.800048828125,1342.5999755859375,1342.699951171875,45238
2025-11-07 07:31:00+00:00,1343.4000244140625,1344.0,1343.4000244140625,1343.800048828125,26562
2025-11-07 07:32:00+00:00,1343.300048828125,1343.699951171875,1343.0,1343.699951171875,9975
2025-11-07 07:33:00+00:00,1342.9000244140625,1343.300048828125,1342.800048828125,1343.300048828125,8010
2025-11-07 07:34:00+00:00,1343.0999755859375,1343.199951171875,1342.9000244140625,1343.0,12487
2025-11-07 07:35:00+00:00,1342.800048828125,1343.4000244140625,1342.800048828125,1343.0999755859375,14016
2025-11-07 07:36:00+00:00,1342.199951171875,1343.0999755859375,1342.199951171875,1343.0,10190
2025-11-07 07:37:00+00:00,1341.300048828125,1342.699951171875,1341.0,1342.300048828125,14312
2025-11-07 07:38:00+00:00,1340.5999755859375,1341.699951171875,1340.5999755859375,1341.300048828125,17367
2025-11-07 07:39:00+00:00,1341.0,1341.199951171875,1340.300048828125,1340.5999755859375,28817
2025-11-07 07:40:00+00:00,1340.9000244140625,1341.0999755859375,1340.5999755859375,1341.0999755859375,15096
2025-11-07 07:41:00+00:00,1340.5,1341.0999755859375,1340.4000244140625,1340.9000244140625,12882
2025-11-07 07:42:00+00:00,1340.199951171875,1340.5999755859375,1340.199951171875,1340.4000244140625,18983
2025-11-07 07:43:00+00:00,1339.800048828125,1340.5,1339.199951171875,1340.199951171875,20920
2025-11-07 07:44:00+00:00,1340.300048828125,1340.5999755859375,1339.9000244140625,1340.0,12070
2025-11-07 07:45:00+00:00,1340.4000244140625,1340.9000244140625,1340.0999755859375,1340.4000244140625,10260
2025-11-07 07:46:00+00:00,1340.4000244140625,1340.5999755859375,1340.0,1340.5,19394
2025-11-07 07:47:00+00:00,1340.4000244140625,1341.0,1340.0999755859375,1340.5,20803
2025-11-07 07:48:00+00:00,1340.0,1340.4000244140625,1340.0,1340.4000244140625,12823
2025-11-07 07:49:00+00:00,1339.9000244140625,1340.5,1339.5999755859375,1340.0,18242
2025-11-07 07:50:00+00:00,1340.300048828125,1340.800048828125,1339.9000244140625,1340.0999755859375,17583
2025-11-07 07:51:00+00:00,1340.4000244140625,1340.699951171875,1340.0,1340.199951171875,10228
2025-11-07 07:52:00+00:00,1340.4000244140625,1340.800048828125,1340.0,1340.4000244140625,10267
2025-11-07 07:53:00+00:00,1340.4000244140625,1340.5999755859375,1340.0999755859375,1340.5,8627
2025-11-07 07:54:00+00:00,1340.4000244140625,1340.5999755859375,1340.4000244140625,1340.5,6779
2025-11-07 07:55:00+00:00,1340.4000244140625,1340.5999755859375,1340.300048828125,1340.4000244140625,10135
2025-11-07 07:56:00+00:00,1342.0999755859375,1342.0999755859375,1340.0999755859375,1340.4000244140625,13655
2025-11-07 07:57:00+00:00,1343.0,1343.800048828125,1342.5999755859375,1342.5999755859375,18075
2025-11-07 07:58:00+00:00,1342.9000244140625,1343.5,1342.5999755859375,1343.0,19068
2025-11-07 07:59:00+00:00,1343.5,1343.9000244140625,1343.0,1343.199951171875,16205
2025-11-07 08:00:00+00:00,1343.199951171875,1344.0,1343.0999755859375,1343.5999755859375,40256
2025-11-07 08:01:00+00:00,1342.800048828125,1343.4000244140625,1342.199951171875,1343.300048828125,13822
2025-11-07 08:02:00+00:00,1343.5,1343.5999755859375,1342.5999755859375,1343.0999755859375,11615
2025-11-07 08:03:00+00:00,1343.5,1343.699951171875,1343.0,1343.199951171875,39465
2025-11-07 08:04:00+00:00,1342.9000244140625,1343.5,1342.9000244140625,1343.5,10515
2025-11-07 08:05:00+00:00,1343.0,1343.9000244140625,1342.800048828125,1343.0,16013
2025-11-07 08:06:00+00:00,1343.0,1343.5,1342.5999755859375,1343.199951171875,9664
2025-11-07 08:07:00+00:00,1343.0999755859375,1343.5,1342.9000244140625,1343.0,10963
2025-11-07 08:08:00+00:00,1342.699951171875,1343.300048828125,1342.0,1343.0,17680
2025-11-07 08:09:00+00:00,1342.9000244140625,1343.199951171875,1342.4000244140625,1342.800048828125,12541
2025-11-07 08:10:00+00:00,1342.800048828125,1343.0999755859375,1342.699951171875,1342.9000244140625,8706
2025-11-07 08:11:00+00:00,1342.199951171875,1343.0,1342.199951171875,1342.800048828125,11324
2025-11-07 08:12:00+00:00,1342.9000244140625,1343.0999755859375,1342.300048828125,1342.300048828125,13347
2025-11-07 08:13:00+00:00,1342.300048828125,1342.9000244140625,1342.0999755859375,1342.9000244140625,13248
2025-11-07 08:14:00+00:00,1342.5999755859375,1342.5999755859375,1342.300048828125,1342.4000244140625,9638
2025-11-07 08:15:00+00:00,1342.800048828125,1343.0999755859375,1342.4000244140625,1342.5,13438
2025-11-07 08:16:00+00:00,1342.300048828125,1342.800048828125,1342.300048828125,1342.300048828125,10146
2025-11-07 08:17:00+00:00,1342.0999755859375,1342.699951171875,1342.0999755859375,1342.5,12833
2025-11-07 08:18:00+00:00,1342.0,1342.199951171875,1342.0,1342.0999755859375,7996
2025-11-07 08:19:00+00:00,1342.0,1342.4000244140625,1342.0,1342.199951171875,9538
2025-11-07 08:20:00+00:00,1341.800048828125,1342.199951171875,1341.699951171875,1342.0,13192
2025-11-07 08:21:00+00:00,1341.699951171875,1342.0,1341.5,1341.699951171875,8814
2025-11-07 08:22:00+00:00,1342.0,1342.199951171875,1341.5,1341.699951171875,13836
2025-11-07 08:23:00+00:00,1342.0999755859375,1342.300048828125,1341.5,1342.0999755859375,11261
2025-11-07 08:24:00+00:00,1342.199951171875,1342.4000244140625,1341.9000244140625,1342.0999755859375,8731
2025-11-07 08:25:00+00:00,1341.4000244140625,1342.0999755859375,1341.300048828125,1342.0,10569
2025-11-07 08:26:00+00:00,1341.800048828125,1342.0,1341.4000244140625,1341.5999755859375,7843
2025-11-07 08:27:00+00:00,1341.4000244140625,1341.699951171875,1341.0,1341.300048828125,22148
2025-11-07 08:28:00+00:00,1341.199951171875,1341.699951171875,1341.0,1341.4000244140625,13434
2025-11-07 08:29:00+00:00,1341.0999755859375,1341.300048828125,1340.5,1341.300048828125,11406
2025-11-07 08:30:00+00:00,1340.9000244140625,1341.4000244140625,1340.0999755859375,1341.0999755859375,20235
2025-11-07 08:31:00+00:00,1340.199951171875,1340.9000244140625,1339.699951171875,1340.9000244140625,22800
2025-11-07 08:32:00+00:00,1340.300048828125,1340.800048828125,1340.0,1340.300048828125,16678
2025-11-07 08:33:00+00:00,1339.9000244140625,1340.4000244140625,1339.5999755859375,1340.300048828125,15290
2025-11-07 08:34:00+00:00,1340.300048828125,1340.4000244140625,1339.5,1339.800048828125,52248
2025-11-07 08:35:00+00:00,1340.5,1340.699951171875,1340.300048828125,1340.300048828125,12411
2025-11-07 08:36:00+00:00,1340.4000244140625,1341.0,1340.0999755859375,1340.5,19704
2025-11-07 08:37:00+00:00,1341.199951171875,1341.199951171875,1340.4000244140625,1340.4000244140625,13779
2025-11-07 08:38:00+00:00,1341.199951171875,1341.4000244140625,1340.800048828125,1341.199951171875,15087
2025-11-07 08:39:00+00:00,1341.199951171875,1341.300048828125,1341.0,1341.199951171875,9973
2025-11-07 08:40:00+00:00,1341.300048828125,1341.5,1341.0999755859375,1341.199951171875,8179
2025-11-07 08:41:00+00:00,1341.5999755859375,1341.800048828125,1341.0999755859375,1341.0999755859375,21628
2025-11-07 08:42:00+00:00,1341.699951171875,1341.800048828125,1341.300048828125,1341.5,29854
2025-11-07 08:43:00+00:00,1341.5,1341.800048828125,1341.199951171875,1341.800048828125,21341
2025-11-07 08:44:00+00:00,1341.300048828125,1341.5,1340.699951171875,1341.0999755859375,11987
2025-11-07 08:45:00+00:00,1340.699951171875,1341.300048828125,1340.699951171875,1341.300048828125,11895
2025-11-07 08:46:00+00:00,1341.0999755859375,1341.0999755859375,1340.699951171875,1340.800048828125,8960
2025-11-07 08:47:00+00:00,1341.0,1341.199951171875,1340.699951171875,1341.0999755859375,8152
2025-11-07 08:48:00+00:00,1341.0,1341.199951171875,1340.9000244140625,1340.9000244140625,9577
2025-11-07 08:49:00+00:00,1341.300048828125,1341.4000244140625,1341.0,1341.0,8165
2025-11-07 08:50:00+00:00,1341.800048828125,1341.800048828125,1341.199951171875,1341.199951171875,13140
2025-11-07 08:51:00+00:00,1341.4000244140625,1341.800048828125,1341.4000244140625,1341.800048828125,11233
2025-11-07 08:52:00+00:00,1341.5999755859375,1341.5999755859375,1341.300048828125,1341.5,6096
2025-11-07 08:53:00+00:00,1342.5999755859375,1343.0,1341.699951171875,1341.699951171875,34189
2025-11-07 08:54:00+00:00,1342.699951171875,1343.0,1342.5,1342.5999755859375,9297
2025-11-07 08:55:00+00:00,1342.699951171875,1343.0999755859375,1342.5,1342.699951171875,6887
2025-11-07 08:56:00+00:00,1343.5,1343.5,1342.5999755859375,1342.699951171875,11734
2025-11-07 08:57:00+00:00,1343.9000244140625,1344.0,1343.5,1343.5,17758
2025-11-07 08:58:00+00:00,1343.9000244140625,1343.9000244140625,1343.5999755859375,1343.9000244140625,6146
2025-11-07 08:59:00+00:00,1343.699951171875,1344.0,1343.699951171875,1344.0,15586
2025-11-07 09:00:00+00:00,1343.300048828125,1344.0,1343.300048828125,1343.800048828125,12350
2025-11-07 09:01:00+00:00,1342.800048828125,1343.300048828125,1342.800048828125,1343.199951171875,10298
2025-11-07 09:02:00+00:00,1343.0,1343.199951171875,1342.699951171875,1342.800048828125,10000
2025-11-07 09:03:00+00:00,1343.0,1343.0999755859375,1342.9000244140625,1343.0,12328
2025-11-07 09:04:00+00:00,1342.699951171875,1343.0,1342.699951171875,1342.9000244140625,8431
2025-11-07 09:05:00+00:00,1342.5,1342.800048828125,1342.4000244140625,1342.5999755859375,8848
2025-11-07 09:06:00+00:00,1342.4000244140625,1342.699951171875,1342.300048828125,1342.5,16663
2025-11-07 09:07:00+00:00,1342.199951171875,1342.5999755859375,1342.0999755859375,1342.300048828125,16871
2025-11-07 09:08:00+00:00,1342.5999755859375,1342.699951171875,1342.199951171875,1342.199951171875,14762
2025-11-07 09:09:00+00:00,1342.800048828125,1342.9000244140625,1342.300048828125,1342.5999755859375,12652
2025-11-07 09:10:00+00:00,1343.199951171875,1343.199951171875,1342.5999755859375,1342.800048828125,12460
2025-11-07 09:11:00+00:00,1343.4000244140625,1343.4000244140625,1343.0,1343.0,11001
2025-11-07 09:12:00+00:00,1343.5999755859375,1343.5999755859375,1343.199951171875,1343.4000244140625,18079
2025-11-07 09:13:00+00:00,1343.5999755859375,1343.699951171875,1343.4000244140625,1343.5999755859375,18199
2025-11-07 09:14:00+00:00,1344.0,1344.0,1343.4000244140625,1343.4000244140625,27504
2025-11-07 09:15:00+00:00,1343.0999755859375,1344.0,1342.699951171875,1344.0,19352
2025-11-07 09:16:00+00:00,1343.4000244140625,1343.5,1342.9000244140625,1343.0999755859375,12727
2025-11-07 09:17:00+00:00,1343.0,1343.4000244140625,1342.9000244140625,1343.4000244140625,13894
2025-11-07 09:18:00+00:00,1343.0,1343.199951171875,1342.9000244140625,1343.199951171875,12231
2025-11-07 09:19:00+00:00,1342.5,1343.0999755859375,1342.4000244140625,1343.0999755859375,10346
2025-11-07 09:20:00+00:00,1342.699951171875,1343.0999755859375,1342.5999755859375,1342.800048828125,16096
2025-11-07 09:21:00+00:00,1342.800048828125,1342.9000244140625,1342.4000244140625,1342.699951171875,11104
2025-11-07 09:22:00+00:00,1342.4000244140625,1342.9000244140625,1342.199951171875,1342.9000244140625,13512
2025-11-07 09:23:00+00:00,1342.9000244140625,1343.0999755859375,1342.0999755859375,1342.5,44151
2025-11-07 09:24:00+00:00,1342.300048828125,1342.800048828125,1342.199951171875,1342.5,12542
2025-11-07 09:25:00+00:00,1342.9000244140625,1342.9000244140625,1342.199951171875,1342.4000244140625,13424
2025-11-07 09:26:00+00:00,1342.9000244140625,1343.0999755859375,1342.5,1342.9000244140625,13438
2025-11-07 09:27:00+00:00,1342.699951171875,1343.4000244140625,1342.4000244140625,1343.0,18818
2025-11-07 09:28:00+00:00,1342.699951171875,1342.699951171875,1341.9000244140625,1342.5999755859375,78569
2025-11-07 09:29:00+00:00,1343.0,1343.0,1342.199951171875,1342.5999755859375,23361
2025-11-07 09:30:00+00:00,1343.0,1343.300048828125,1342.699951171875,1342.699951171875,75038
2025-11-07 09:31:00+00:00,1343.199951171875,1343.4000244140625,1343.0,1343.300048828125,51699
2025-11-07 09:32:00+00:00,1342.300048828125,1343.5,1342.300048828125,1343.199951171875,46386
2025-11-07 09:33:00+00:00,1342.5999755859375,1342.699951171875,1342.300048828125,1342.699951171875,48403
2025-11-07 09:34:00+00:00,1342.5999755859375,1342.800048828125,1342.4000244140625,1342.4000244140625,32965
2025-11-07 09:35:00+00:00,1342.0999755859375,1342.5999755859375,1342.0999755859375,1342.5999755859375,40521
2025-11-07 09:36:00+00:00,1341.699951171875,1342.0,1341.5999755859375,1341.9000244140625,39941
2025-11-07 09:37:00+00:00,1342.0,1342.0,1341.699951171875,1341.699951171875,35829
2025-11-07 09:38:00+00:00,1342.5999755859375,1342.699951171875,1341.9000244140625,1342.0,59519
2025-11-07 09:39:00+00:00,1342.300048828125,1342.699951171875,1342.0999755859375,1342.5999755859375,47647
2025-11-07 09:40:00+00:00,1342.199951171875,1342.4000244140625,1342.0999755859375,1342.300048828125,31656
2025-11-07 09:41:00+00:00,1342.199951171875,1342.300048828125,1342.0999755859375,1342.199951171875,27809
2025-11-07 09:42:00+00:00,1342.300048828125,1342.4000244140625,1342.199951171875,1342.300048828125,31474
2025-11-07 09:43:00+00:00,1342.4000244140625,1342.5,1342.199951171875,1342.300048828125,31370
2025-11-07 09:44:00+00:00,1343.199951171875,1343.199951171875,1342.300048828125,1342.5,78652
2025-11-07 09:45:00+00:00,1344.0,1344.0,1343.0999755859375,1343.199951171875,50154
2025-11-07 09:46:00+00:00,1344.0,1344.199951171875,1343.800048828125,1344.0,56503
2025-11-07 09:47:00+00:00,1343.9000244140625,1344.199951171875,1343.9000244140625,1344.0999755859375,39774
2025-11-07 09:48:00+00:00,1344.199951171875,1344.300048828125,1343.9000244140625,1343.9000244140625,44207
2025-11-07 09:49:00+00:00,1343.9000244140625,1344.199951171875,1343.800048828125,1344.199951171875,48494
2025-11-07 09:50:00+00:00,1343.800048828125,1343.9000244140625,1343.5999755859375,1343.800048828125,49032
2025-11-07 09:51:00+00:00,1343.800048828125,1344.199951171875,1343.5999755859375,1343.800048828125,89145
2025-11-07 09:52:00+00:00,1343.300048828125,1343.800048828125,1343.0,1343.800048828125,39662
2025-11-07 09:53:00+00:00,1343.300048828125,1343.5,1343.199951171875,1343.199951171875,48430
2025-11-07 09:54:00+00:00,1343.699951171875,1344.0,1343.300048828125,1343.4000244140625,57793
2025-11-07 09:55:00+00:00,1343.699951171875,1343.699951171875,1343.4000244140625,1343.699951171875,36674
2025-11-07 09:56:00+00:00,1341.699951171875,1343.699951171875,1341.5,1343.699951171875,50948
2025-11-07 09:57:00+00:00,1342.699951171875,1342.800048828125,1341.5,1341.800048828125,61632
2025-11-07 09:58:00+00:00,1342.5999755859375,1343.0,1341.9000244140625,1342.699951171875,46406
2025-11-07 09:59:00+00:00,1342.5999755859375,1343.5,1342.0,1342.699951171875,24311
2025-11-10 03:45:00+00:00,1347.199951171875,1347.9000244140625,1342.5999755859375,1342.5999755859375,0
2025-11-10 03:46:00+00:00,1346.5999755859375,1347.199951171875,1345.9000244140625,1347.199951171875,27671
2025-11-10 03:47:00+00:00,1344.4000244140625,1346.0,1344.0,1346.0,44354
2025-11-10 03:48:00+00:00,1345.0999755859375,1345.0999755859375,1344.4000244140625,1344.5999755859375,21445
2025-11-10 03:49:00+00:00,1344.0,1345.0999755859375,1343.5,1345.0999755859375,41797
2025-11-10 03:50:00+00:00,1343.9000244140625,1344.0,1343.0,1343.699951171875,12524
2025-11-10 03:51:00+00:00,1343.9000244140625,1344.699951171875,1343.9000244140625,1344.0,13027
2025-11-10 03:52:00+00:00,1343.800048828125,1344.0,1343.699951171875,1343.699951171875,7884
2025-11-10 03:53:00+00:00,1343.199951171875,1343.199951171875,1342.199951171875,1343.0,51373
2025-11-10 03:54:00+00:00,1342.800048828125,1343.0999755859375,1342.699951171875,1342.9000244140625,22866
2025-11-10 03:55:00+00:00,1342.199951171875,1342.5,1342.199951171875,1342.300048828125,11355
2025-11-10 03:56:00+00:00,1344.0,1344.0,1342.5,1342.5,19998
2025-11-10 03:57:00+00:00,1344.699951171875,1344.699951171875,1343.699951171875,1343.699951171875,9599
2025-11-10 03:58:00+00:00,1343.9000244140625,1344.699951171875,1343.9000244140625,1344.699951171875,18937
2025-11-10 03:59:00+00:00,1344.0,1344.0,1343.699951171875,1343.9000244140625,8101
2025-11-10 04:00:00+00:00,1345.5,1345.5,1344.0999755859375,1344.0999755859375,36624
2025-11-10 04:01:00+00:00,1345.5,1346.0,1344.5,1344.5999755859375,31642
2025-11-10 04:02:00+00:00,1344.5999755859375,1345.5999755859375,1344.5999755859375,1345.5999755859375,8999
2025-11-10 04:03:00+00:00,1344.699951171875,1344.699951171875,1343.9000244140625,1344.699951171875,23593
2025-11-10 04:04:00+00:00,1344.5,1344.9000244140625,1344.5,1344.800048828125,3596
2025-11-10 04:05:00+00:00,1344.9000244140625,1344.9000244140625,1344.5999755859375,1344.699951171875,3328
2025-11-10 04:06:00+00:00,1345.0,1345.0,1344.9000244140625,1344.9000244140625,5306
2025-11-10 04:07:00+00:00,1345.0,1345.199951171875,1344.9000244140625,1344.9000244140625,3922
2025-11-10 04:08:00+00:00,1345.199951171875,1345.199951171875,1345.0,1345.0,3855
2025-11-10 04:09:00+00:00,1345.699951171875,1345.699951171875,1345.199951171875,1345.199951171875,14697
2025-11-10 04:10:00+00:00,1345.699951171875,1345.800048828125,1345.5,1345.699951171875,8622
2025-11-10 04:11:00+00:00,1345.699951171875,1345.9000244140625,1345.699951171875,1345.699951171875,8513
2025-11-10 04:12:00+00:00,1345.699951171875,1346.199951171875,1345.5999755859375,1346.0,12570
2025-11-10 04:13:00+00:00,1345.800048828125,1345.800048828125,1345.0,1345.5999755859375,20171
2025-11-10 04:14:00+00:00,1345.5999755859375,1345.800048828125,1345.5,1345.800048828125,4346
2025-11-10 04:15:00+00:00,1345.5,1345.800048828125,1345.5,1345.699951171875,9743
2025-11-10 04:16:00+00:00,1346.199951171875,1346.199951171875,1345.5,1345.5,14357
2025-11-10 04:17:00+00:00,1346.699951171875,1346.800048828125,1346.5,1346.800048828125,9373
2025-11-10 04:18:00+00:00,1347.0999755859375,1347.0999755859375,1346.699951171875,1346.699951171875,9131
2025-11-10 04:19:00+00:00,1347.0999755859375,1347.0999755859375,1346.9000244140625,1347.0999755859375,9099
2025-11-10 04:20:00+00:00,1346.5999755859375,1347.0,1346.5999755859375,1347.0,13027
2025-11-10 04:21:00+00:00,1346.800048828125,1346.800048828125,1346.4000244140625,1346.4000244140625,2962
2025-11-10 04:22:00+00:00,1346.699951171875,1347.0,1346.699951171875,1346.699951171875,2272
2025-11-10 04:23:00+00:00,1347.0,1347.0999755859375,1346.699951171875,1346.9000244140625,4507
2025-11-10 04:24:00+00:00,1346.199951171875,1347.0,1346.199951171875,1347.0,12873
2025-11-10 04:25:00+00:00,1346.0999755859375,1346.199951171875,1345.800048828125,1346.199951171875,8086
2025-11-10 04:26:00+00:00,1345.199951171875,1346.0999755859375,1345.199951171875,1346.0999755859375,12492
2025-11-10 04:27:00+00:00,1344.9000244140625,1345.199951171875,1344.9000244140625,1345.199951171875,7988
2025-11-10 04:28:00+00:00,1343.300048828125,1344.5,1343.300048828125,1344.5,28098
2025-11-10 04:29:00+00:00,1343.0,1343.800048828125,1343.0,1343.300048828125,8966
2025-11-10 04:30:00+00:00,1343.9000244140625,1343.9000244140625,1343.0,1343.300048828125,3127
2025-11-10 04:31:00+00:00,1343.800048828125,1344.0999755859375,1343.5,1343.699951171875,4126
2025-11-10 04:32:00+00:00,1343.5999755859375,1343.9000244140625,1343.5999755859375,1343.9000244140625,1623
2025-11-10 04:33:00+00:00,1343.300048828125,1343.9000244140625,1343.300048828125,1343.5999755859375,8790
2025-11-10 04:34:00+00:00,1343.0999755859375,1343.5999755859375,1343.0999755859375,1343.5999755859375,4816
2025-11-10 04:35:00+00:00,1343.300048828125,1343.300048828125,1343.0999755859375,1343.0999755859375,3126
2025-11-10 04:36:00+00:00,1343.0999755859375,1343.199951171875,1343.0999755859375,1343.199951171875,3457
2025-11-10 04:37:00+00:00,1343.699951171875,1343.699951171875,1343.0999755859375,1343.0999755859375,7069
2025-11-10 04:38:00+00:00,1343.9000244140625,1344.199951171875,1343.300048828125,1343.5,28565
2025-11-10 04:39:00+00:00,1343.800048828125,1344.199951171875,1343.699951171875,1343.9000244140625,6306
2025-11-10 04:40:00+00:00,1343.800048828125,1344.0999755859375,1343.699951171875,1343.9000244140625,5383
2025-11-10 04:41:00+00:00,1344.300048828125,1344.300048828125,1343.800048828125,1343.800048828125,6304
2025-11-10 04:42:00+00:00,1344.0999755859375,1344.300048828125,1344.0,1344.0999755859375,6185
2025-11-10 04:43:00+00:00,1343.199951171875,1344.4000244140625,1343.199951171875,1344.0999755859375,49130
2025-11-10 04:44:00+00:00,1343.9000244140625,1344.0,1343.0999755859375,1343.5,17084
2025-11-10 04:45:00+00:00,1343.699951171875,1344.0,1343.5,1343.9000244140625,15366
2025-11-10 04:46:00+00:00,1343.800048828125,1343.800048828125,1343.5,1343.5999755859375,7025
2025-11-10 04:47:00+00:00,1343.800048828125,1343.9000244140625,1343.699951171875,1343.800048828125,6038
2025-11-10 04:48:00+00:00,1343.0999755859375,1343.699951171875,1342.199951171875,1343.699951171875,85459
2025-11-10 04:49:00+00:00,1343.5,1343.5999755859375,1342.9000244140625,1343.199951171875,25024
2025-11-10 04:50:00+00:00,1343.300048828125,1344.0,1343.300048828125,1343.5,12965
2025-11-10 04:51:00+00:00,1343.5999755859375,1343.699951171875,1343.199951171875,1343.300048828125,6971
2025-11-10 04:52:00+00:00,1343.199951171875,1343.5999755859375,1343.199951171875,1343.5999755859375,7202
2025-11-10 04:53:00+00:00,1343.9000244140625,1343.9000244140625,1343.199951171875,1343.5,9877
2025-11-10 04:54:00+00:00,1344.0999755859375,1344.4000244140625,1343.9000244140625,1343.9000244140625,9504
2025-11-10 04:55:00+00:00,1344.800048828125,1344.800048828125,1344.300048828125,1344.300048828125,15850
2025-11-10 04:56:00+00:00,1345.0,1345.0,1344.0999755859375,1344.699951171875,29978
2025-11-10 04:57:00+00:00,1345.5999755859375,1345.5999755859375,1345.0,1345.199951171875,10407
2025-11-10 04:58:00+00:00,1345.699951171875,1345.800048828125,1345.199951171875,1345.5999755859375,14256
2025-11-10 04:59:00+00:00,1346.0,1346.0,1345.5,1345.5999755859375,11363
2025-11-10 05:00:00+00:00,1345.800048828125,1346.5,1345.5999755859375,1346.300048828125,161268
2025-11-10 05:01:00+00:00,1345.5,1347.0,1345.199951171875,1345.800048828125,79476
2025-11-10 05:02:00+00:00,1345.0,1345.4000244140625,1345.0,1345.199951171875,8806
2025-11-10 05:03:00+00:00,1347.0,1347.199951171875,1345.0,1345.300048828125,104271
2025-11-10 05:04:00+00:00,1346.699951171875,1347.300048828125,1346.199951171875,1347.0,14313
2025-11-10 05:05:00+00:00,1346.5,1346.5,1346.0999755859375,1346.300048828125,20587
2025-11-10 05:06:00+00:00,1345.300048828125,1346.0,1345.199951171875,1346.0,12960
2025-11-10 05:07:00+00:00,1345.5,1345.699951171875,1345.0999755859375,1345.5,9649
2025-11-10 05:08:00+00:00,1346.5,1346.5,1345.5,1345.5999755859375,28083
2025-11-10 05:09:00+00:00,1345.800048828125,1346.699951171875,1345.300048828125,1346.5,109586
2025-11-10 05:10:00+00:00,1346.300048828125,1346.699951171875,1345.699951171875,1346.5,13640
2025-11-10 05:11:00+00:00,1346.199951171875,1346.4000244140625,1345.9000244140625,1346.300048828125,5214
2025-11-10 05:12:00+00:00,1345.300048828125,1346.0999755859375,1345.300048828125,1346.0999755859375,7335
2025-11-10 05:13:00+00:00,1345.0999755859375,1345.4000244140625,1345.0999755859375,1345.199951171875,5385
2025-11-10 05:14:00+00:00,1345.199951171875,1345.5,1345.0999755859375,1345.0999755859375,21655
2025-11-10 05:15:00+00:00,1344.5999755859375,1345.0,1344.4000244140625,1345.0,28418
2025-11-10 05:16:00+00:00,1344.5999755859375,1344.699951171875,1344.0,1344.5,16431
2025-11-10 05:17:00+00:00,1344.9000244140625,1345.0,1344.0999755859375,1344.300048828125,17202
2025-11-10 05:18:00+00:00,1344.9000244140625,1344.9000244140625,1344.5999755859375,1344.699951171875,11515
2025-11-10 05:19:00+00:00,1344.5999755859375,1345.0,1344.5999755859375,1345.0,10849
2025-11-10 05:20:00+00:00,1344.300048828125,1344.699951171875,1344.0999755859375,1344.5999755859375,8406
2025-11-10 05:21:00+00:00,1343.4000244140625,1344.0999755859375,1343.4000244140625,1344.0,25100
2025-11-10 05:22:00+00:00,1344.0999755859375,1344.5,1343.4000244140625,1343.800048828125,13315
2025-11-10 05:23:00+00:00,1344.5999755859375,1344.800048828125,1344.0999755859375,1344.300048828125,13643
2025-11-10 05:24:00+00:00,1344.4000244140625,1344.5,1344.199951171875,1344.5,13093
2025-11-10 05:25:00+00:00,1344.5,1344.699951171875,1344.4000244140625,1344.5,7490
2025-11-10 05:26:00+00:00,1344.5,1344.5999755859375,1344.5,1344.5999755859375,5386
2025-11-10 05:27:00+00:00,1344.4000244140625,1344.4000244140625,1344.300048828125,1344.4000244140625,7308
2025-11-10 05:28:00+00:00,1344.199951171875,1344.699951171875,1344.199951171875,1344.4000244140625,13102
2025-11-10 05:29:00+00:00,1344.300048828125,1344.300048828125,1344.0999755859375,1344.300048828125,7904
2025-11-10 05:30:00+00:00,1344.300048828125,1344.4000244140625,1344.199951171875,1344.300048828125,7074
2025-11-10 05:31:00+00:00,1344.0999755859375,1344.300048828125,1344.0,1344.300048828125,6432
2025-11-10 05:32:00+00:00,1345.0,1345.0,1344.0999755859375,1344.0999755859375,11606
2025-11-10 05:33:00+00:00,1344.9000244140625,1345.0,1344.9000244140625,1344.9000244140625,13680
2025-11-10 05:34:00+00:00,1344.4000244140625,1344.9000244140625,1344.300048828125,1344.9000244140625,11786
2025-11-10 05:35:00+00:00,1343.9000244140625,1344.800048828125,1343.9000244140625,1344.4000244140625,67245
2025-11-10 05:36:00+00:00,1343.9000244140625,1344.300048828125,1343.800048828125,1344.0999755859375,21175
2025-11-10 05:37:00+00:00,1343.199951171875,1344.0,1343.0999755859375,1343.9000244140625,19893
2025-11-10 05:38:00+00:00,1343.5,1344.0,1343.199951171875,1343.199951171875,9687
2025-11-10 05:39:00+00:00,1343.199951171875,1343.5999755859375,1343.0999755859375,1343.5999755859375,4087
2025-11-10 05:40:00+00:00,1342.800048828125,1343.0999755859375,1342.699951171875,1343.0999755859375,15625
2025-11-10 05:41:00+00:00,1342.800048828125,1343.0999755859375,1342.5,1342.5,24802
2025-11-10 05:42:00+00:00,1343.199951171875,1343.300048828125,1342.5,1342.9000244140625,16354
2025-11-10 05:43:00+00:00,1343.199951171875,1343.699951171875,1343.0,1343.300048828125,18115
2025-11-10 05:44:00+00:00,1343.800048828125,1343.800048828125,1343.199951171875,1343.300048828125,7807
2025-11-10 05:45:00+00:00,1344.0,1344.0999755859375,1343.5999755859375,1343.5999755859375,16147
2025-11-10 05:46:00+00:00,1343.300048828125,1343.5999755859375,1343.300048828125,1343.5999755859375,37539
2025-11-10 05:47:00+00:00,1343.0999755859375,1343.4000244140625,1342.800048828125,1343.300048828125,17702
2025-11-10 05:48:00+00:00,1343.300048828125,1343.4000244140625,1342.800048828125,1342.800048828125,9354
2025-11-10 05:49:00+00:00,1343.800048828125,1343.9000244140625,1342.9000244140625,1343.800048828125,147869
2025-11-10 05:50:00+00:00,1344.0,1344.0,1343.0999755859375,1343.699951171875,20512
2025-11-10 05:51:00+00:00,1345.0,1345.300048828125,1344.0,1344.0999755859375,21070
2025-11-10 05:52:00+00:00,1345.199951171875,1345.5999755859375,1345.0,1345.0,92235
2025-11-10 05:53:00+00:00,1345.4000244140625,1345.800048828125,1344.9000244140625,1345.0999755859375,166802
2025-11-10 05:54:00+00:00,1345.4000244140625,1345.9000244140625,1344.9000244140625,1345.300048828125,64995
2025-11-10 05:55:00+00:00,1345.300048828125,1345.5999755859375,1345.300048828125,1345.4000244140625,5057
2025-11-10 05:56:00+00:00,1345.9000244140625,1345.9000244140625,1345.300048828125,1345.4000244140625,7517
2025-11-10 05:57:00+00:00,1345.4000244140625,1345.9000244140625,1345.300048828125,1345.9000244140625,6314
2025-11-10 05:58:00+00:00,1345.199951171875,1345.5,1345.0999755859375,1345.4000244140625,11482
2025-11-10 05:59:00+00:00,1345.0999755859375,1345.300048828125,1345.0,1345.199951171875,97684
2025-11-10 06:00:00+00:00,1345.0,1345.4000244140625,1345.0,1345.4000244140625,19527
2025-11-10 06:01:00+00:00,1345.0,1345.300048828125,1345.0,1345.0999755859375,7724
2025-11-10 06:02:00+00:00,1345.0,1345.0999755859375,1345.0,1345.0,5231
2025-11-10 06:03:00+00:00,1345.0999755859375,1345.300048828125,1345.0,1345.0999755859375,5886
2025-11-10 06:04:00+00:00,1345.0999755859375,1345.0999755859375,1345.0,1345.0999755859375,8790
2025-11-10 06:05:00+00:00,1345.0999755859375,1345.0999755859375,1345.0,1345.0,7595
2025-11-10 06:06:00+00:00,1345.0999755859375,1345.0999755859375,1345.0,1345.0,4224
2025-11-10 06:07:00+00:00,1345.0,1345.0999755859375,1345.0,1345.0,4490
2025-11-10 06:08:00+00:00,1345.0,1345.0999755859375,1345.0,1345.0999755859375,14073
2025-11-10 06:09:00+00:00,1343.699951171875,1345.0999755859375,1343.5999755859375,1345.0,176007
2025-11-10 06:10:00+00:00,1343.699951171875,1344.0,1343.5999755859375,1343.699951171875,6562
2025-11-10 06:11:00+00:00,1343.300048828125,1343.699951171875,1343.300048828125,1343.699951171875,2497
2025-11-10 06:12:00+00:00,1343.300048828125,1343.5,1343.0999755859375,1343.5,3745
2025-11-10 06:13:00+00:00,1343.199951171875,1343.4000244140625,1343.0999755859375,1343.4000244140625,3268
2025-11-10 06:14:00+00:00,1343.0999755859375,1343.199951171875,1343.0,1343.199951171875,4060
2025-11-10 06:15:00+00:00,1343.199951171875,1343.699951171875,1343.199951171875,1343.199951171875,3460
2025-11-10 06:16:00+00:00,1343.300048828125,1343.5,1343.300048828125,1343.5,6226
2025-11-10 06:17:00+00:00,1343.199951171875,1343.4000244140625,1343.199951171875,1343.4000244140625,4933
2025-11-10 06:18:00+00:00,1343.5,1343.699951171875,1343.300048828125,1343.699951171875,4186
2025-11-10 06:19:00+00:00,1343.5999755859375,1343.5999755859375,1343.300048828125,1343.5,5594
2025-11-10 06:20:00+00:00,1344.0,1344.0,1343.300048828125,1343.4000244140625,5127
2025-11-10 06:21:00+00:00,1343.800048828125,1344.0,1343.800048828125,1343.9000244140625,3931
2025-11-10 06:22:00+00:00,1343.9000244140625,1344.0,1343.800048828125,1343.800048828125,6351
2025-11-10 06:23:00+00:00,1343.199951171875,1343.699951171875,1343.199951171875,1343.699951171875,7023
2025-11-10 06:24:00+00:00,1343.5,1343.800048828125,1343.199951171875,1343.199951171875,7345
2025-11-10 06:25:00+00:00,1343.4000244140625,1343.5,1343.199951171875,1343.4000244140625,4623
2025-11-10 06:26:00+00:00,1343.300048828125,1343.4000244140625,1343.199951171875,1343.199951171875,3011
2025-11-10 06:27:00+00:00,1343.0999755859375,1343.300048828125,1343.0999755859375,1343.199951171875,3189
2025-11-10 06:28:00+00:00,1342.5,1343.0999755859375,1342.300048828125,1343.0999755859375,29266
2025-11-10 06:29:00+00:00,1342.0999755859375,1342.5,1342.0,1342.199951171875,8636
2025-11-10 06:30:00+00:00,1342.4000244140625,1342.5,1342.0,1342.0,4740
2025-11-10 06:31:00+00:00,1342.4000244140625,1343.0999755859375,1342.4000244140625,1342.5,24138
2025-11-10 06:32:00+00:00,1342.0999755859375,1342.5999755859375,1342.0999755859375,1342.4000244140625,11114
2025-11-10 06:33:00+00:00,1342.300048828125,1342.4000244140625,1342.0999755859375,1342.4000244140625,3279
2025-11-10 06:34:00+00:00,1342.300048828125,1342.5,1341.9000244140625,1342.199951171875,6501
2025-11-10 06:35:00+00:00,1342.4000244140625,1342.5999755859375,1342.0,1342.0999755859375,9512
2025-11-10 06:36:00+00:00,1342.5999755859375,1342.9000244140625,1342.300048828125,1342.5,21486
2025-11-10 06:37:00+00:00,1342.300048828125,1342.9000244140625,1342.300048828125,1342.5,4088
2025-11-10 06:38:00+00:00,1342.4000244140625,1343.0,1342.300048828125,1342.5999755859375,6009
2025-11-10 06:39:00+00:00,1342.5,1342.5999755859375,1342.4000244140625,1342.5999755859375,7916
2025-11-10 06:40:00+00:00,1342.9000244140625,1343.0,1342.5,1343.0,2379
2025-11-10 06:41:00+00:00,1342.5,1342.9000244140625,1342.5,1342.9000244140625,5846
2025-11-10 06:42:00+00:00,1342.5,1342.800048828125,1342.300048828125,1342.800048828125,6151
2025-11-10 06:43:00+00:00,1342.4000244140625,1342.9000244140625,1342.4000244140625,1342.9000244140625,4186
2025-11-10 06:44:00+00:00,1342.0,1342.5999755859375,1342.0,1342.5999755859375,3871
2025-11-10 06:45:00+00:00,1342.699951171875,1342.699951171875,1341.9000244140625,1341.9000244140625,5264
2025-11-10 06:46:00+00:00,1342.5,1342.699951171875,1342.199951171875,1342.699951171875,3578
2025-11-10 06:47:00+00:00,1342.0,1342.5,1342.0,1342.199951171875,6017
2025-11-10 06:48:00+00:00,1342.0999755859375,1342.199951171875,1341.699951171875,1342.0,20255
2025-11-10 06:49:00+00:00,1342.300048828125,1342.699951171875,1341.5,1342.199951171875,50921
2025-11-10 06:50:00+00:00,1342.9000244140625,1343.199951171875,1342.300048828125,1342.699951171875,5929
2025-11-10 06:51:00+00:00,1342.9000244140625,1343.199951171875,1342.300048828125,1342.9000244140625,7991
2025-11-10 06:52:00+00:00,1342.5,1343.0999755859375,1342.300048828125,1343.0,23478
2025-11-10 06:53:00+00:00,1342.9000244140625,1343.0,1342.300048828125,1342.5,10778
2025-11-10 06:54:00+00:00,1343.0,1343.9000244140625,1343.0,1343.0999755859375,6709
2025-11-10 06:55:00+00:00,1342.800048828125,1343.800048828125,1342.800048828125,1343.0999755859375,11203
2025-11-10 06:56:00+00:00,1343.300048828125,1343.4000244140625,1342.699951171875,1342.9000244140625,7662
2025-11-10 06:57:00+00:00,1343.199951171875,1343.5999755859375,1343.0,1343.5,4893
2025-11-10 06:58:00+00:00,1342.699951171875,1343.199951171875,1342.5999755859375,1343.199951171875,7647
2025-11-10 06:59:00+00:00,1343.0,1343.0,1342.5999755859375,1342.5999755859375,4405
2025-11-10 07:00:00+00:00,1343.0,1343.199951171875,1342.699951171875,1343.0999755859375,5908
2025-11-10 07:01:00+00:00,1343.0,1343.199951171875,1342.9000244140625,1343.0,4927
2025-11-10 07:02:00+00:00,1343.5,1343.5999755859375,1342.9000244140625,1343.199951171875,6330
2025-11-10 07:03:00+00:00,1343.0,1343.5999755859375,1342.9000244140625,1343.199951171875,5505
2025-11-10 07:04:00+00:00,1343.0999755859375,1343.300048828125,1343.0,1343.199951171875,4720
2025-11-10 07:05:00+00:00,1343.5,1343.5,1342.5999755859375,1343.0999755859375,27306
2025-11-10 07:06:00+00:00,1343.699951171875,1343.699951171875,1343.0,1343.0,15627
2025-11-10 07:07:00+00:00,1343.699951171875,1344.0,1343.0999755859375,1343.0999755859375,24061
2025-11-10 07:08:00+00:00,1343.5999755859375,1344.0,1343.4000244140625,1343.800048828125,5477
2025-11-10 07:09:00+00:00,1343.699951171875,1344.0,1343.5,1343.800048828125,4627
2025-11-10 07:10:00+00:00,1343.9000244140625,1344.0,1343.800048828125,1343.800048828125,7355
2025-11-10 07:11:00+00:00,1343.9000244140625,1344.0,1343.800048828125,1344.0,11828
2025-11-10 07:12:00+00:00,1344.0,1344.0,1343.9000244140625,1343.9000244140625,4992
2025-11-10 07:13:00+00:00,1344.9000244140625,1344.9000244140625,1344.0,1344.0,15976
2025-11-10 07:14:00+00:00,1345.0999755859375,1345.5,1344.9000244140625,1344.9000244140625,21984
2025-11-10 07:15:00+00:00,1345.5999755859375,1345.9000244140625,1345.0999755859375,1345.199951171875,17865
2025-11-10 07:16:00+00:00,1345.5999755859375,1345.5999755859375,1345.5,1345.5999755859375,15616
2025-11-10 07:17:00+00:00,1345.9000244140625,1345.9000244140625,1345.0999755859375,1345.5,19319
2025-11-10 07:18:00+00:00,1346.0999755859375,1346.199951171875,1345.5999755859375,1345.800048828125,33704
2025-11-10 07:19:00+00:00,1346.0,1346.300048828125,1345.5999755859375,1346.0999755859375,7252
2025-11-10 07:20:00+00:00,1346.0,1346.300048828125,1346.0,1346.199951171875,16448
2025-11-10 07:21:00+00:00,1346.0999755859375,1346.199951171875,1346.0,1346.0,7913
2025-11-10 07:22:00+00:00,1346.199951171875,1346.300048828125,1346.0,1346.0999755859375,5456
2025-11-10 07:23:00+00:00,1346.0,1346.300048828125,1346.0,1346.0999755859375,6139
2025-11-10 07:24:00+00:00,1346.199951171875,1346.300048828125,1346.0,1346.0,6896
2025-11-10 07:25:00+00:00,1346.300048828125,1346.300048828125,1346.0999755859375,1346.300048828125,10482
2025-11-10 07:26:00+00:00,1346.0999755859375,1346.4000244140625,1346.0999755859375,1346.300048828125,6605
2025-11-10 07:27:00+00:00,1346.0999755859375,1346.300048828125,1346.0,1346.0999755859375,6412
2025-11-10 07:28:00+00:00,1346.0999755859375,1346.0999755859375,1346.0,1346.0999755859375,16244
2025-11-10 07:29:00+00:00,1346.0999755859375,1346.0999755859375,1346.0,1346.0999755859375,40473
2025-11-10 07:30:00+00:00,1346.0999755859375,1346.0999755859375,1346.0,1346.0999755859375,11230
2025-11-10 07:31:00+00:00,1345.199951171875,1346.0999755859375,1344.300048828125,1346.0999755859375,94712
2025-11-10 07:32:00+00:00,1345.0,1345.300048828125,1345.0,1345.0999755859375,4524
2025-11-10 07:33:00+00:00,1345.4000244140625,1345.4000244140625,1345.0,1345.0,17030
2025-11-10 07:34:00+00:00,1345.199951171875,1345.300048828125,1345.0999755859375,1345.300048828125,18254
2025-11-10 07:35:00+00:00,1345.199951171875,1345.199951171875,1345.0999755859375,1345.199951171875,26253
2025-11-10 07:36:00+00:00,1345.199951171875,1345.199951171875,1345.0999755859375,1345.0999755859375,11067
2025-11-10 07:37:00+00:00,1345.0999755859375,1345.199951171875,1345.0999755859375,1345.199951171875,9978
2025-11-10 07:38:00+00:00,1345.199951171875,1345.199951171875,1345.0999755859375,1345.0999755859375,6398
2025-11-10 07:39:00+00:00,1345.199951171875,1345.199951171875,1345.0999755859375,1345.0999755859375,22608
2025-11-10 07:40:00+00:00,1345.199951171875,1345.199951171875,1345.0999755859375,1345.0999755859375,82058
2025-11-10 07:41:00+00:00,1345.199951171875,1345.199951171875,1345.0999755859375,1345.0999755859375,64845
2025-11-10 07:42:00+00:00,1345.0999755859375,1345.199951171875,1345.0999755859375,1345.0999755859375,12999
2025-11-10 07:43:00+00:00,1345.199951171875,1345.199951171875,1345.0999755859375,1345.0999755859375,13792
2025-11-10 07:44:00+00:00,1345.199951171875,1345.199951171875,1345.0999755859375,1345.0999755859375,3610
2025-11-10 07:45:00+00:00,1345.4000244140625,1345.4000244140625,1345.0999755859375,1345.0999755859375,9035
2025-11-10 07:46:00+00:00,1345.5,1346.0999755859375,1345.300048828125,1345.5,9458
2025-11-10 07:47:00+00:00,1345.300048828125,1345.9000244140625,1345.300048828125,1345.5,6350
2025-11-10 07:48:00+00:00,1345.300048828125,1345.699951171875,1345.199951171875,1345.199951171875,2780
2025-11-10 07:49:00+00:00,1345.699951171875,1345.800048828125,1345.0999755859375,1345.300048828125,7847
2025-11-10 07:50:00+00:00,1345.5,1345.699951171875,1345.300048828125,1345.699951171875,10039
2025-11-10 07:51:00+00:00,1345.4000244140625,1345.5,1345.0999755859375,1345.0999755859375,8862
2025-11-10 07:52:00+00:00,1345.199951171875,1345.800048828125,1345.0999755859375,1345.5999755859375,305024
2025-11-10 07:53:00+00:00,1345.0999755859375,1345.5,1345.0999755859375,1345.199951171875,15509
2025-11-10 07:54:00+00:00,1345.5,1345.5999755859375,1345.0999755859375,1345.199951171875,10855
2025-11-10 07:55:00+00:00,1345.5999755859375,1345.9000244140625,1345.300048828125,1345.4000244140625,8872
2025-11-10 07:56:00+00:00,1345.699951171875,1346.0,1345.5,1345.5,7593
2025-11-10 07:57:00+00:00,1345.5999755859375,1345.699951171875,1345.5,1345.699951171875,11006
2025-11-10 07:58:00+00:00,1345.5,1345.5999755859375,1345.5,1345.5,9075
2025-11-10 07:59:00+00:00,1345.800048828125,1345.800048828125,1345.5,1345.5,19315
2025-11-10 08:00:00+00:00,1345.800048828125,1345.9000244140625,1345.5,1345.800048828125,14548
2025-11-10 08:01:00+00:00,1345.800048828125,1346.0,1345.5,1345.699951171875,10802
2025-11-10 08:02:00+00:00,1345.5999755859375,1346.0,1345.5999755859375,1345.9000244140625,11208
2025-11-10 08:03:00+00:00,1345.5,1345.699951171875,1345.5,1345.5999755859375,16901
2025-11-10 08:04:00+00:00,1345.5999755859375,1345.5999755859375,1345.5,1345.5,14591
2025-11-10 08:05:00+00:00,1345.800048828125,1345.800048828125,1345.5,1345.5999755859375,13926
2025-11-10 08:06:00+00:00,1345.5999755859375,1345.800048828125,1345.5,1345.5999755859375,9730
2025-11-10 08:07:00+00:00,1345.699951171875,1345.800048828125,1345.5,1345.5999755859375,5092
2025-11-10 08:08:00+00:00,1345.699951171875,1345.699951171875,1345.5,1345.699951171875,6495
2025-11-10 08:09:00+00:00,1346.0,1346.0,1345.5,1345.5,17430
2025-11-10 08:10:00+00:00,1345.5999755859375,1346.0999755859375,1345.5,1345.699951171875,17221
2025-11-10 08:11:00+00:00,1345.5999755859375,1345.9000244140625,1345.5,1345.5999755859375,12614
2025-11-10 08:12:00+00:00,1345.699951171875,1345.699951171875,1345.5,1345.5999755859375,6933
2025-11-10 08:13:00+00:00,1345.699951171875,1345.699951171875,1345.5,1345.5,9115
2025-11-10 08:14:00+00:00,1345.0,1345.9000244140625,1345.0,1345.5999755859375,17659
2025-11-10 08:15:00+00:00,1345.0,1345.300048828125,1345.0,1345.0,37408
2025-11-10 08:16:00+00:00,1345.0999755859375,1345.199951171875,1345.0,1345.0999755859375,98266
2025-11-10 08:17:00+00:00,1344.699951171875,1345.300048828125,1344.5999755859375,1345.0,171694
2025-11-10 08:18:00+00:00,1345.5999755859375,1345.800048828125,1344.5,1344.699951171875,86759
2025-11-10 08:19:00+00:00,1346.199951171875,1346.300048828125,1345.5,1345.5999755859375,16008
2025-11-10 08:20:00+00:00,1346.0,1346.199951171875,1345.9000244140625,1346.199951171875,10389
2025-11-10 08:21:00+00:00,1346.0999755859375,1346.199951171875,1345.699951171875,1346.0,7768
2025-11-10 08:22:00+00:00,1346.0999755859375,1346.0999755859375,1346.0,1346.0999755859375,6233
2025-11-10 08:23:00+00:00,1346.0,1346.0999755859375,1345.9000244140625,1345.9000244140625,12848
2025-11-10 08:24:00+00:00,1346.0,1346.0999755859375,1345.800048828125,1346.0,7786
2025-11-10 08:25:00+00:00,1346.0,1346.0,1345.800048828125,1346.0,12257
2025-11-10 08:26:00+00:00,1346.0,1346.0,1345.9000244140625,1345.9000244140625,9610
2025-11-10 08:27:00+00:00,1346.0,1346.0999755859375,1345.9000244140625,1346.0999755859375,8731
2025-11-10 08:28:00+00:00,1346.0999755859375,1346.199951171875,1346.0,1346.0,12501
2025-11-10 08:29:00+00:00,1346.0,1346.0999755859375,1346.0,1346.0999755859375,13536
2025-11-10 08:30:00+00:00,1346.0,1346.0999755859375,1345.9000244140625,1346.0,7867
2025-11-10 08:31:00+00:00,1345.9000244140625,1346.0,1345.800048828125,1345.9000244140625,9728
2025-11-10 08:32:00+00:00,1346.0,1346.0,1345.800048828125,1345.800048828125,11181
2025-11-10 08:33:00+00:00,1346.300048828125,1346.4000244140625,1345.800048828125,1345.800048828125,29878
2025-11-10 08:34:00+00:00,1346.5999755859375,1346.800048828125,1346.199951171875,1346.300048828125,58823
2025-11-10 08:35:00+00:00,1346.4000244140625,1346.699951171875,1346.199951171875,1346.4000244140625,62435
2025-11-10 08:36:00+00:00,1346.4000244140625,1346.5999755859375,1346.300048828125,1346.5,42480
2025-11-10 08:37:00+00:00,1346.300048828125,1346.4000244140625,1346.0999755859375,1346.4000244140625,6138
2025-11-10 08:38:00+00:00,1346.4000244140625,1346.4000244140625,1346.199951171875,1346.4000244140625,7753
2025-11-10 08:39:00+00:00,1346.4000244140625,1346.5,1346.199951171875,1346.4000244140625,10564
2025-11-10 08:40:00+00:00,1346.5999755859375,1346.5999755859375,1346.4000244140625,1346.4000244140625,8266
2025-11-10 08:41:00+00:00,1346.800048828125,1346.800048828125,1346.5,1346.5999755859375,9914
2025-11-10 08:42:00+00:00,1347.800048828125,1347.800048828125,1346.9000244140625,1346.9000244140625,24960
2025-11-10 08:43:00+00:00,1348.0999755859375,1348.199951171875,1347.5999755859375,1347.800048828125,38062
2025-11-10 08:44:00+00:00,1348.300048828125,1348.4000244140625,1348.0,1348.199951171875,6476
2025-11-10 08:45:00+00:00,1349.0,1349.4000244140625,1348.4000244140625,1348.4000244140625,26151
2025-11-10 08:46:00+00:00,1349.0,1349.0999755859375,1348.5999755859375,1348.800048828125,12244
2025-11-10 08:47:00+00:00,1348.9000244140625,1349.199951171875,1348.699951171875,1349.199951171875,10944
2025-11-10 08:48:00+00:00,1349.0999755859375,1349.199951171875,1348.4000244140625,1348.9000244140625,26884
2025-11-10 08:49:00+00:00,1349.0999755859375,1349.199951171875,1349.0,1349.0999755859375,15175
2025-11-10 08:50:00+00:00,1349.0,1349.199951171875,1349.0,1349.0999755859375,32707
2025-11-10 08:51:00+00:00,1348.5,1349.0,1348.199951171875,1349.0,59611
2025-11-10 08:52:00+00:00,1349.199951171875,1349.199951171875,1348.300048828125,1348.5,38219
2025-11-10 08:53:00+00:00,1349.0999755859375,1349.5,1348.9000244140625,1349.0999755859375,69940
2025-11-10 08:54:00+00:00,1348.9000244140625,1349.300048828125,1348.800048828125,1349.199951171875,54431
2025-11-10 08:55:00+00:00,1348.699951171875,1349.5999755859375,1348.699951171875,1349.0999755859375,31851
2025-11-10 08:56:00+00:00,1348.9000244140625,1348.9000244140625,1348.5999755859375,1348.699951171875,10686
2025-11-10 08:57:00+00:00,1349.0999755859375,1349.0999755859375,1348.800048828125,1349.0,17169
2025-11-10 08:58:00+00:00,1349.0,1349.199951171875,1349.0,1349.0999755859375,8412
2025-11-10 08:59:00+00:00,1348.9000244140625,1349.0999755859375,1348.4000244140625,1349.0999755859375,45096
2025-11-10 09:00:00+00:00,1348.800048828125,1349.199951171875,1348.5999755859375,1348.9000244140625,15151
2025-11-10 09:01:00+00:00,1348.699951171875,1349.0999755859375,1348.699951171875,1348.800048828125,5958
2025-11-10 09:02:00+00:00,1349.300048828125,1349.4000244140625,1348.800048828125,1349.199951171875,12224
2025-11-10 09:03:00+00:00,1349.0,1349.0999755859375,1348.9000244140625,1349.0999755859375,14206
2025-11-10 09:04:00+00:00,1349.0,1349.0999755859375,1348.9000244140625,1349.0,12894
2025-11-10 09:05:00+00:00,1349.0,1349.0999755859375,1348.300048828125,1349.0999755859375,36483
2025-11-10 09:06:00+00:00,1348.9000244140625,1349.199951171875,1348.5,1349.0,16138
2025-11-10 09:07:00+00:00,1349.199951171875,1349.5999755859375,1348.9000244140625,1349.0,15885
2025-11-10 09:08:00+00:00,1349.199951171875,1349.5999755859375,1349.0999755859375,1349.0999755859375,10000
2025-11-10 09:09:00+00:00,1349.199951171875,1349.300048828125,1348.699951171875,1349.300048828125,13759
2025-11-10 09:10:00+00:00,1349.0,1349.4000244140625,1348.5999755859375,1349.0,15588
2025-11-10 09:11:00+00:00,1349.199951171875,1349.199951171875,1348.800048828125,1349.0,12383
2025-11-10 09:12:00+00:00,1348.5,1349.0,1348.300048828125,1349.0,32852
2025-11-10 09:13:00+00:00,1348.5999755859375,1349.0,1348.199951171875,1348.9000244140625,84119
2025-11-10 09:14:00+00:00,1348.300048828125,1348.699951171875,1348.300048828125,1348.5999755859375,60821
2025-11-10 09:15:00+00:00,1348.699951171875,1348.699951171875,1347.4000244140625,1348.300048828125,63373
2025-11-10 09:16:00+00:00,1348.9000244140625,1349.0,1348.5,1348.5999755859375,17771
2025-11-10 09:17:00+00:00,1348.0999755859375,1349.0999755859375,1348.0,1348.9000244140625,27809
2025-11-10 09:18:00+00:00,1348.5,1349.0999755859375,1348.0,1348.0999755859375,26636
2025-11-10 09:19:00+00:00,1348.5,1348.9000244140625,1348.4000244140625,1348.699951171875,15692
2025-11-10 09:20:00+00:00,1348.699951171875,1349.0,1348.5999755859375,1348.5999755859375,15923
2025-11-10 09:21:00+00:00,1349.0,1349.199951171875,1348.699951171875,1348.699951171875,36126
2025-11-10 09:22:00+00:00,1348.699951171875,1349.0999755859375,1348.0,1349.0999755859375,45516
2025-11-10 09:23:00+00:00,1349.0,1349.199951171875,1348.0999755859375,1348.699951171875,18338
2025-11-10 09:24:00+00:00,1349.0,1349.199951171875,1348.5999755859375,1349.0,11073
2025-11-10 09:25:00+00:00,1349.199951171875,1349.199951171875,1348.9000244140625,1349.0,13502
2025-11-10 09:26:00+00:00,1348.9000244140625,1349.0999755859375,1348.0999755859375,1349.0999755859375,33184
2025-11-10 09:27:00+00:00,1348.5999755859375,1348.9000244140625,1348.300048828125,1348.9000244140625,15463
2025-11-10 09:28:00+00:00,1348.699951171875,1349.0,1348.5999755859375,1348.699951171875,11641
2025-11-10 09:29:00+00:00,1348.699951171875,1348.9000244140625,1348.5999755859375,1348.699951171875,16071
2025-11-10 09:30:00+00:00,1347.5,1348.5999755859375,1347.0999755859375,1348.5999755859375,66731
2025-11-10 09:31:00+00:00,1348.5,1348.5999755859375,1347.5,1347.5,62142
2025-11-10 09:32:00+00:00,1348.4000244140625,1348.9000244140625,1348.199951171875,1348.5,42980
2025-11-10 09:33:00+00:00,1348.5999755859375,1349.0,1348.300048828125,1348.4000244140625,51171
2025-11-10 09:34:00+00:00,1348.9000244140625,1349.0,1348.5999755859375,1348.699951171875,45624
2025-11-10 09:35:00+00:00,1348.800048828125,1349.4000244140625,1348.699951171875,1349.0999755859375,56479
2025-11-10 09:36:00+00:00,1348.0999755859375,1348.800048828125,1348.0999755859375,1348.800048828125,41588
2025-11-10 09:37:00+00:00,1348.199951171875,1348.699951171875,1348.0,1348.300048828125,48617
2025-11-10 09:38:00+00:00,1348.699951171875,1349.0,1348.300048828125,1348.300048828125,62861
2025-11-10 09:39:00+00:00,1347.5,1348.9000244140625,1347.4000244140625,1348.699951171875,37541
2025-11-10 09:40:00+00:00,1347.699951171875,1348.300048828125,1347.5999755859375,1347.699951171875,48443
2025-11-10 09:41:00+00:00,1347.9000244140625,1348.199951171875,1347.5,1347.800048828125,50436
2025-11-10 09:42:00+00:00,1347.9000244140625,1348.0,1347.300048828125,1348.0,46314
2025-11-10 09:43:00+00:00,1347.5,1348.0,1347.5,1347.9000244140625,36932
2025-11-10 09:44:00+00:00,1347.5999755859375,1347.5999755859375,1347.199951171875,1347.5999755859375,49057
2025-11-10 09:45:00+00:00,1348.0,1348.4000244140625,1347.5999755859375,1347.5999755859375,59009
2025-11-10 09:46:00+00:00,1347.800048828125,1348.199951171875,1347.699951171875,1347.9000244140625,56264
2025-11-10 09:47:00+00:00,1348.300048828125,1348.300048828125,1347.699951171875,1347.699951171875,43985
2025-11-10 09:48:00+00:00,1348.5,1348.5,1348.0,1348.4000244140625,54115
2025-11-10 09:49:00+00:00,1348.199951171875,1348.5999755859375,1348.199951171875,1348.5,49668
2025-11-10 09:50:00+00:00,1348.199951171875,1348.199951171875,1348.0999755859375,1348.0999755859375,32240
2025-11-10 09:51:00+00:00,1347.800048828125,1348.199951171875,1347.800048828125,1348.199951171875,39263
2025-11-10 09:52:00+00:00,1347.800048828125,1348.0999755859375,1347.699951171875,1347.800048828125,41110
2025-11-10 09:53:00+00:00,1347.5999755859375,1347.800048828125,1347.5,1347.800048828125,48641
2025-11-10 09:54:00+00:00,1347.699951171875,1347.800048828125,1347.5999755859375,1347.5999755859375,32180
2025-11-10 09:55:00+00:00,1347.699951171875,1347.800048828125,1347.699951171875,1347.699951171875,55622
2025-11-10 09:56:00+00:00,1347.5,1347.699951171875,1347.0999755859375,1347.699951171875,24613
2025-11-10 09:57:00+00:00,1346.5,1347.4000244140625,1346.5,1347.4000244140625,76731
2025-11-10 09:58:00+00:00,1347.699951171875,1347.9000244140625,1347.0,1347.0,19819
2025-11-10 09:59:00+00:00,1347.5999755859375,1347.699951171875,1346.800048828125,1347.699951171875,14530
2025-11-11 03:45:00+00:00,1353.0999755859375,1353.300048828125,1348.0999755859375,1348.5,0
2025-11-11 03:46:00+00:00,1351.300048828125,1353.0,1350.800048828125,1353.0,67411
2025-11-11 03:47:00+00:00,1351.5,1352.5999755859375,1351.0999755859375,1351.0999755859375,35336
2025-11-11 03:48:00+00:00,1354.5999755859375,1354.699951171875,1351.800048828125,1351.800048828125,45387
2025-11-11 03:49:00+00:00,1353.5999755859375,1354.0999755859375,1352.800048828125,1353.800048828125,20603
2025-11-11 03:50:00+00:00,1351.699951171875,1353.4000244140625,1351.699951171875,1353.199951171875,16418
2025-11-11 03:51:00+00:00,1351.4000244140625,1351.699951171875,1350.9000244140625,1351.0,15466
2025-11-11 03:52:00+00:00,1352.4000244140625,1352.9000244140625,1351.199951171875,1351.4000244140625,24767
2025-11-11 03:53:00+00:00,1352.4000244140625,1352.699951171875,1352.0999755859375,1352.300048828125,14998
2025-11-11 03:54:00+00:00,1352.800048828125,1352.800048828125,1352.0,1352.0999755859375,9552
2025-11-11 03:55:00+00:00,1351.5,1352.5999755859375,1351.5,1352.5999755859375,18110
2025-11-11 03:56:00+00:00,1351.0999755859375,1352.199951171875,1351.0999755859375,1351.699951171875,12852
2025-11-11 03:57:00+00:00,1350.0,1351.0999755859375,1350.0,1351.0999755859375,14280
2025-11-11 03:58:00+00:00,1350.300048828125,1350.5999755859375,1350.0,1350.0999755859375,28351
2025-11-11 03:59:00+00:00,1350.4000244140625,1350.5999755859375,1350.0999755859375,1350.300048828125,6839
2025-11-11 04:00:00+00:00,1350.5999755859375,1350.5999755859375,1349.9000244140625,1350.300048828125,46298
2025-11-11 04:01:00+00:00,1350.800048828125,1350.9000244140625,1350.4000244140625,1350.5999755859375,7859
2025-11-11 04:02:00+00:00,1351.0,1351.0,1350.800048828125,1350.800048828125,5675
2025-11-11 04:03:00+00:00,1349.800048828125,1350.800048828125,1349.5999755859375,1350.800048828125,18684
2025-11-11 04:04:00+00:00,1349.9000244140625,1349.9000244140625,1349.300048828125,1349.5999755859375,15573
2025-11-11 04:05:00+00:00,1350.0,1350.0,1349.5,1349.800048828125,4618
2025-11-11 04:06:00+00:00,1349.699951171875,1349.800048828125,1349.4000244140625,1349.800048828125,10030
2025-11-11 04:07:00+00:00,1351.0,1351.5,1349.699951171875,1349.699951171875,15037
2025-11-11 04:08:00+00:00,1352.5,1352.5,1351.5,1351.5,7952
2025-11-11 04:09:00+00:00,1352.9000244140625,1352.9000244140625,1351.9000244140625,1352.300048828125,15370
2025-11-11 04:10:00+00:00,1352.699951171875,1352.800048828125,1352.4000244140625,1352.5,12883
2025-11-11 04:11:00+00:00,1353.800048828125,1353.800048828125,1352.800048828125,1352.800048828125,15226
2025-11-11 04:12:00+00:00,1353.5,1353.5999755859375,1353.300048828125,1353.5999755859375,11954
2025-11-11 04:13:00+00:00,1353.0,1353.5,1353.0,1353.4000244140625,10629
2025-11-11 04:14:00+00:00,1353.4000244140625,1353.4000244140625,1352.699951171875,1352.699951171875,8510
2025-11-11 04:15:00+00:00,1352.5,1353.5,1352.5,1353.4000244140625,10547
2025-11-11 04:16:00+00:00,1352.300048828125,1352.699951171875,1352.300048828125,1352.699951171875,10036
2025-11-11 04:17:00+00:00,1353.0999755859375,1353.0999755859375,1352.300048828125,1352.4000244140625,14179
2025-11-11 04:18:00+00:00,1352.699951171875,1353.0999755859375,1352.699951171875,1353.0999755859375,16854
2025-11-11 04:19:00+00:00,1352.199951171875,1352.9000244140625,1352.199951171875,1352.9000244140625,14309
2025-11-11 04:20:00+00:00,1351.0,1352.199951171875,1350.5999755859375,1352.0,34443
2025-11-11 04:21:00+00:00,1351.0,1351.4000244140625,1350.5,1351.199951171875,7457
2025-11-11 04:22:00+00:00,1350.800048828125,1351.0999755859375,1350.5999755859375,1350.9000244140625,10134
2025-11-11 04:23:00+00:00,1350.5,1350.699951171875,1350.300048828125,1350.5999755859375,5522
2025-11-11 04:24:00+00:00,1350.199951171875,1350.4000244140625,1350.199951171875,1350.300048828125,5615
2025-11-11 04:25:00+00:00,1350.300048828125,1350.5,1350.199951171875,1350.199951171875,5698
2025-11-11 04:26:00+00:00,1350.699951171875,1351.0,1350.300048828125,1350.300048828125,10412
2025-11-11 04:27:00+00:00,1351.0999755859375,1351.0999755859375,1350.699951171875,1350.699951171875,8966
2025-11-11 04:28:00+00:00,1350.800048828125,1351.4000244140625,1350.800048828125,1351.300048828125,17276
2025-11-11 04:29:00+00:00,1350.9000244140625,1350.9000244140625,1350.4000244140625,1350.800048828125,14404
2025-11-11 04:30:00+00:00,1350.0,1350.800048828125,1350.0,1350.699951171875,12007
2025-11-11 04:31:00+00:00,1349.9000244140625,1350.0,1349.5999755859375,1350.0,10249
2025-11-11 04:32:00+00:00,1349.699951171875,1349.9000244140625,1349.5999755859375,1349.9000244140625,6677
2025-11-11 04:33:00+00:00,1349.800048828125,1349.800048828125,1349.4000244140625,1349.699951171875,11854
2025-11-11 04:34:00+00:00,1349.4000244140625,1349.5,1349.4000244140625,1349.5,14955
2025-11-11 04:35:00+00:00,1349.199951171875,1349.5,1349.199951171875,1349.300048828125,6595
2025-11-11 04:36:00+00:00,1349.0,1349.0,1348.5999755859375,1349.0,20951
2025-11-11 04:37:00+00:00,1349.5,1349.5,1348.800048828125,1348.9000244140625,11800
2025-11-11 04:38:00+00:00,1349.5999755859375,1349.699951171875,1349.300048828125,1349.300048828125,10240
2025-11-11 04:39:00+00:00,1350.300048828125,1350.4000244140625,1349.5,1349.5,13361
2025-11-11 04:40:00+00:00,1350.9000244140625,1350.9000244140625,1350.0999755859375,1350.5,19682
2025-11-11 04:41:00+00:00,1350.5999755859375,1350.9000244140625,1350.5,1350.800048828125,8589
2025-11-11 04:42:00+00:00,1350.300048828125,1350.800048828125,1350.199951171875,1350.800048828125,9470
2025-11-11 04:43:00+00:00,1349.800048828125,1350.5999755859375,1349.5999755859375,1350.300048828125,8996
2025-11-11 04:44:00+00:00,1349.4000244140625,1349.9000244140625,1348.9000244140625,1349.9000244140625,9724
2025-11-11 04:45:00+00:00,1349.4000244140625,1349.4000244140625,1348.5999755859375,1349.4000244140625,7013
2025-11-11 04:46:00+00:00,1349.5999755859375,1349.9000244140625,1349.5,1349.699951171875,5651
2025-11-11 04:47:00+00:00,1349.5999755859375,1349.9000244140625,1349.5,1349.9000244140625,5536
2025-11-11 04:48:00+00:00,1349.800048828125,1350.0,1349.5,1349.5,11989
2025-11-11 04:49:00+00:00,1351.0,1351.0,1349.5999755859375,1349.800048828125,82941
2025-11-11 04:50:00+00:00,1351.199951171875,1351.5,1351.0,1351.199951171875,39979
2025-11-11 04:51:00+00:00,1351.4000244140625,1351.4000244140625,1350.9000244140625,1351.0999755859375,9298
2025-11-11 04:52:00+00:00,1350.9000244140625,1351.4000244140625,1350.9000244140625,1351.0,16820
2025-11-11 04:53:00+00:00,1350.4000244140625,1351.0,1350.0,1350.9000244140625,64584
2025-11-11 04:54:00+00:00,1349.5999755859375,1350.300048828125,1349.199951171875,1350.300048828125,13943
2025-11-11 04:55:00+00:00,1350.0,1350.0,1349.199951171875,1349.5,11313
2025-11-11 04:56:00+00:00,1350.0999755859375,1350.4000244140625,1349.699951171875,1349.9000244140625,7771
2025-11-11 04:57:00+00:00,1350.199951171875,1350.199951171875,1349.5999755859375,1350.0,6512
2025-11-11 04:58:00+00:00,1350.4000244140625,1350.800048828125,1349.9000244140625,1349.9000244140625,9379
2025-11-11 04:59:00+00:00,1349.9000244140625,1350.5,1349.5,1350.5,7128
2025-11-11 05:00:00+00:00,1349.4000244140625,1349.4000244140625,1349.0,1349.0999755859375,11017
2025-11-11 05:01:00+00:00,1350.300048828125,1350.300048828125,1349.199951171875,1349.4000244140625,11651
2025-11-11 05:02:00+00:00,1350.199951171875,1350.5999755859375,1349.800048828125,1350.4000244140625,8441
2025-11-11 05:03:00+00:00,1349.9000244140625,1349.9000244140625,1349.5,1349.699951171875,9218
2025-11-11 05:04:00+00:00,1349.5999755859375,1349.9000244140625,1349.5,1349.9000244140625,6891
2025-11-11 05:05:00+00:00,1349.300048828125,1349.5,1349.0999755859375,1349.5,14856
2025-11-11 05:06:00+00:00,1348.300048828125,1349.300048828125,1348.300048828125,1349.300048828125,11614
2025-11-11 05:07:00+00:00,1348.5999755859375,1348.800048828125,1348.0,1348.300048828125,19513
2025-11-11 05:08:00+00:00,1349.300048828125,1349.300048828125,1348.5999755859375,1348.5999755859375,8027
2025-11-11 05:09:00+00:00,1349.0,1349.199951171875,1348.9000244140625,1349.199951171875,7066
2025-11-11 05:10:00+00:00,1348.699951171875,1348.9000244140625,1348.5,1348.9000244140625,7966
2025-11-11 05:11:00+00:00,1348.5999755859375,1349.0,1348.5,1348.800048828125,10931
2025-11-11 05:12:00+00:00,1349.0,1349.0999755859375,1348.300048828125,1348.4000244140625,31819
2025-11-11 05:13:00+00:00,1348.5999755859375,1349.0,1348.300048828125,1349.0,8517
2025-11-11 05:14:00+00:00,1349.0999755859375,1349.0999755859375,1348.5,1348.699951171875,5575
2025-11-11 05:15:00+00:00,1349.4000244140625,1349.5,1348.800048828125,1349.0,14549
2025-11-11 05:16:00+00:00,1349.0,1349.699951171875,1348.699951171875,1349.300048828125,9287
2025-11-11 05:17:00+00:00,1349.300048828125,1349.4000244140625,1348.800048828125,1348.9000244140625,5387
2025-11-11 05:18:00+00:00,1349.0,1349.300048828125,1348.800048828125,1348.9000244140625,4923
2025-11-11 05:19:00+00:00,1348.9000244140625,1349.4000244140625,1348.9000244140625,1349.0,8860
2025-11-11 05:20:00+00:00,1348.9000244140625,1349.0,1348.699951171875,1348.9000244140625,8583
2025-11-11 05:21:00+00:00,1349.5999755859375,1349.5999755859375,1349.0999755859375,1349.0999755859375,16704
2025-11-11 05:22:00+00:00,1350.699951171875,1351.0,1349.5,1349.5,17367
2025-11-11 05:23:00+00:00,1351.5999755859375,1351.5999755859375,1350.699951171875,1350.800048828125,37315
2025-11-11 05:24:00+00:00,1351.300048828125,1351.5,1351.0,1351.0999755859375,10517
2025-11-11 05:25:00+00:00,1351.4000244140625,1351.5,1351.0,1351.199951171875,7196
2025-11-11 05:26:00+00:00,1351.4000244140625,1351.9000244140625,1351.300048828125,1351.300048828125,13983
2025-11-11 05:27:00+00:00,1351.4000244140625,1351.800048828125,1351.199951171875,1351.300048828125,14529
2025-11-11 05:28:00+00:00,1352.0,1352.5,1351.300048828125,1351.300048828125,18444
2025-11-11 05:29:00+00:00,1351.9000244140625,1352.199951171875,1351.699951171875,1351.9000244140625,9700
2025-11-11 05:30:00+00:00,1351.9000244140625,1352.199951171875,1351.800048828125,1351.800048828125,10654
2025-11-11 05:31:00+00:00,1351.5999755859375,1351.800048828125,1351.5,1351.699951171875,8826
2025-11-11 05:32:00+00:00,1352.199951171875,1352.300048828125,1351.5,1351.5,17550
2025-11-11 05:33:00+00:00,1352.699951171875,1352.9000244140625,1352.199951171875,1352.5999755859375,19661
2025-11-11 05:34:00+00:00,1351.9000244140625,1352.699951171875,1351.699951171875,1352.5999755859375,11983
2025-11-11 05:35:00+00:00,1351.699951171875,1351.9000244140625,1351.300048828125,1351.800048828125,11723
2025-11-11 05:36:00+00:00,1351.5,1351.699951171875,1351.199951171875,1351.699951171875,25359
2025-11-11 05:37:00+00:00,1351.699951171875,1351.800048828125,1351.4000244140625,1351.4000244140625,25133
2025-11-11 05:38:00+00:00,1351.5999755859375,1352.0,1351.5999755859375,1351.699951171875,20611
2025-11-11 05:39:00+00:00,1351.5999755859375,1351.800048828125,1351.4000244140625,1351.5,7724
2025-11-11 05:40:00+00:00,1351.5,1352.0,1351.5,1351.5999755859375,30384
2025-11-11 05:41:00+00:00,1351.699951171875,1351.800048828125,1351.4000244140625,1351.5999755859375,9744
2025-11-11 05:42:00+00:00,1351.5,1351.5,1350.9000244140625,1351.5,21809
2025-11-11 05:43:00+00:00,1351.800048828125,1351.800048828125,1350.9000244140625,1351.800048828125,80109
2025-11-11 05:44:00+00:00,1351.800048828125,1351.9000244140625,1351.5,1351.5,15964
2025-11-11 05:45:00+00:00,1351.800048828125,1351.800048828125,1351.699951171875,1351.699951171875,8955
2025-11-11 05:46:00+00:00,1351.0999755859375,1352.0,1351.0999755859375,1351.699951171875,12913
2025-11-11 05:47:00+00:00,1350.9000244140625,1351.0,1350.5,1350.9000244140625,9835
2025-11-11 05:48:00+00:00,1350.800048828125,1351.0,1350.699951171875,1350.800048828125,9119
2025-11-11 05:49:00+00:00,1350.9000244140625,1350.9000244140625,1350.699951171875,1350.800048828125,5412
2025-11-11 05:50:00+00:00,1350.699951171875,1350.9000244140625,1350.5999755859375,1350.699951171875,5537
2025-11-11 05:51:00+00:00,1350.800048828125,1351.0,1350.5999755859375,1350.800048828125,7706
2025-11-11 05:52:00+00:00,1350.800048828125,1351.0,1350.699951171875,1350.800048828125,8422
2025-11-11 05:53:00+00:00,1350.0,1350.9000244140625,1350.0,1350.5,29134
2025-11-11 05:54:00+00:00,1349.9000244140625,1350.5,1349.9000244140625,1350.199951171875,27194
2025-11-11 05:55:00+00:00,1350.0,1350.0,1349.9000244140625,1349.9000244140625,6225
2025-11-11 05:56:00+00:00,1350.0,1350.0,1349.800048828125,1349.9000244140625,14931
2025-11-11 05:57:00+00:00,1349.9000244140625,1350.0,1349.5999755859375,1349.9000244140625,10374
2025-11-11 05:58:00+00:00,1349.800048828125,1349.9000244140625,1349.699951171875,1349.800048828125,5489
2025-11-11 05:59:00+00:00,1349.800048828125,1349.9000244140625,1349.5999755859375,1349.800048828125,7472
2025-11-11 06:00:00+00:00,1350.0,1350.0,1349.9000244140625,1350.0,6316
2025-11-11 06:01:00+00:00,1349.9000244140625,1350.0,1349.9000244140625,1350.0,3971
2025-11-11 06:02:00+00:00,1349.9000244140625,1350.0,1349.9000244140625,1349.9000244140625,11843
2025-11-11 06:03:00+00:00,1350.0,1350.0,1349.800048828125,1350.0,10260
2025-11-11 06:04:00+00:00,1350.0999755859375,1350.4000244140625,1350.0,1350.0,8313
2025-11-11 06:05:00+00:00,1350.0999755859375,1350.4000244140625,1349.699951171875,1349.9000244140625,11252
2025-11-11 06:06:00+00:00,1350.0,1350.300048828125,1349.699951171875,1349.9000244140625,10723
2025-11-11 06:07:00+00:00,1350.0,1350.0,1349.800048828125,1349.9000244140625,4511
2025-11-11 06:08:00+00:00,1350.699951171875,1350.699951171875,1349.9000244140625,1349.9000244140625,22679
2025-11-11 06:09:00+00:00,1350.800048828125,1351.0,1350.5999755859375,1350.9000244140625,14642
2025-11-11 06:10:00+00:00,1351.0,1351.0,1350.5999755859375,1350.699951171875,11011
2025-11-11 06:11:00+00:00,1351.0,1351.0,1350.4000244140625,1350.800048828125,10976
2025-11-11 06:12:00+00:00,1351.0999755859375,1351.0999755859375,1350.4000244140625,1350.800048828125,7785
2025-11-11 06:13:00+00:00,1350.9000244140625,1351.0999755859375,1350.5,1351.0,7305
2025-11-11 06:14:00+00:00,1350.9000244140625,1351.0,1350.800048828125,1350.9000244140625,7862
2025-11-11 06:15:00+00:00,1350.9000244140625,1351.0,1350.5999755859375,1350.5999755859375,6291
2025-11-11 06:16:00+00:00,1351.199951171875,1351.199951171875,1350.5999755859375,1350.9000244140625,13886
2025-11-11 06:17:00+00:00,1350.800048828125,1351.300048828125,1350.5,1351.300048828125,12056
2025-11-11 06:18:00+00:00,1350.9000244140625,1351.0,1350.699951171875,1350.800048828125,6739
2025-11-11 06:19:00+00:00,1350.699951171875,1350.9000244140625,1350.5999755859375,1350.9000244140625,6058
2025-11-11 06:20:00+00:00,1349.9000244140625,1350.800048828125,1349.699951171875,1350.800048828125,18528
2025-11-11 06:21:00+00:00,1349.5999755859375,1349.699951171875,1349.199951171875,1349.699951171875,7343
2025-11-11 06:22:00+00:00,1349.5,1349.5999755859375,1349.0999755859375,1349.5999755859375,13289
2025-11-11 06:23:00+00:00,1349.9000244140625,1350.0,1349.699951171875,1349.699951171875,9014
2025-11-11 06:24:00+00:00,1349.9000244140625,1350.0,1349.699951171875,1349.9000244140625,10270
2025-11-11 06:25:00+00:00,1350.0,1350.0,1349.699951171875,1349.800048828125,10875
2025-11-11 06:26:00+00:00,1349.699951171875,1350.300048828125,1349.699951171875,1349.9000244140625,7498
2025-11-11 06:27:00+00:00,1349.5,1349.699951171875,1349.0999755859375,1349.5999755859375,9088
2025-11-11 06:28:00+00:00,1349.0999755859375,1349.5,1348.5999755859375,1349.5,15953
2025-11-11 06:29:00+00:00,1349.300048828125,1349.699951171875,1348.9000244140625,1348.9000244140625,7280
2025-11-11 06:30:00+00:00,1349.5,1349.699951171875,1349.199951171875,1349.300048828125,4406
2025-11-11 06:31:00+00:00,1348.699951171875,1349.5,1348.5999755859375,1349.199951171875,5658
2025-11-11 06:32:00+00:00,1348.800048828125,1349.5999755859375,1348.699951171875,1348.699951171875,12117
2025-11-11 06:33:00+00:00,1349.300048828125,1349.5999755859375,1348.699951171875,1348.800048828125,6295
2025-11-11 06:34:00+00:00,1349.800048828125,1349.800048828125,1348.5999755859375,1349.0,15863
2025-11-11 06:35:00+00:00,1350.199951171875,1350.5,1349.5999755859375,1349.800048828125,38050
2025-11-11 06:36:00+00:00,1351.4000244140625,1351.4000244140625,1349.4000244140625,1350.199951171875,16031
2025-11-11 06:37:00+00:00,1351.4000244140625,1351.5,1350.5,1351.5,10556
2025-11-11 06:38:00+00:00,1351.0999755859375,1351.5999755859375,1350.9000244140625,1351.5999755859375,11372
2025-11-11 06:39:00+00:00,1351.5,1351.5,1350.5999755859375,1351.199951171875,7230
2025-11-11 06:40:00+00:00,1350.9000244140625,1351.300048828125,1350.699951171875,1351.300048828125,9891
2025-11-11 06:41:00+00:00,1350.5999755859375,1351.4000244140625,1350.4000244140625,1350.9000244140625,12304
2025-11-11 06:42:00+00:00,1350.300048828125,1350.5999755859375,1350.0999755859375,1350.5,10486
2025-11-11 06:43:00+00:00,1350.5999755859375,1350.800048828125,1350.0,1350.300048828125,13176
2025-11-11 06:44:00+00:00,1351.4000244140625,1351.4000244140625,1350.199951171875,1350.5999755859375,17486
2025-11-11 06:45:00+00:00,1350.699951171875,1351.300048828125,1350.0999755859375,1351.300048828125,13101
2025-11-11 06:46:00+00:00,1350.5,1350.9000244140625,1350.0,1350.699951171875,9678
2025-11-11 06:47:00+00:00,1351.0999755859375,1351.0999755859375,1350.199951171875,1350.199951171875,21169
2025-11-11 06:48:00+00:00,1350.800048828125,1351.199951171875,1350.4000244140625,1350.699951171875,14158
2025-11-11 06:49:00+00:00,1351.5,1351.5,1350.800048828125,1350.9000244140625,11475
2025-11-11 06:50:00+00:00,1351.800048828125,1351.9000244140625,1351.0999755859375,1351.5,12386
2025-11-11 06:51:00+00:00,1351.800048828125,1351.9000244140625,1351.300048828125,1351.800048828125,7402
2025-11-11 06:52:00+00:00,1351.800048828125,1352.0,1351.4000244140625,1351.800048828125,8381
2025-11-11 06:53:00+00:00,1351.800048828125,1351.9000244140625,1351.300048828125,1351.699951171875,7332
2025-11-11 06:54:00+00:00,1351.800048828125,1352.0,1351.300048828125,1352.0,8072
2025-11-11 06:55:00+00:00,1352.0,1352.0,1350.9000244140625,1351.199951171875,18393
2025-11-11 06:56:00+00:00,1351.800048828125,1352.0,1351.199951171875,1352.0,12497
2025-11-11 06:57:00+00:00,1351.699951171875,1351.699951171875,1351.199951171875,1351.699951171875,6610
2025-11-11 06:58:00+00:00,1352.5,1352.5,1351.0999755859375,1351.699951171875,11834
2025-11-11 06:59:00+00:00,1352.0999755859375,1352.800048828125,1352.0,1352.5,8833
2025-11-11 07:00:00+00:00,1352.699951171875,1353.0,1351.9000244140625,1352.0999755859375,57874
2025-11-11 07:01:00+00:00,1352.800048828125,1352.800048828125,1351.9000244140625,1352.800048828125,16133
2025-11-11 07:02:00+00:00,1352.800048828125,1353.0,1352.0999755859375,1352.800048828125,11043
2025-11-11 07:03:00+00:00,1353.0,1353.0,1352.5,1352.800048828125,9747
2025-11-11 07:04:00+00:00,1353.0,1353.0999755859375,1352.5999755859375,1353.0,9221
2025-11-11 07:05:00+00:00,1353.199951171875,1353.4000244140625,1352.5999755859375,1353.0,16502
2025-11-11 07:06:00+00:00,1353.0999755859375,1353.199951171875,1352.4000244140625,1353.0999755859375,41255
2025-11-11 07:07:00+00:00,1353.199951171875,1353.199951171875,1352.5,1352.800048828125,18839
2025-11-11 07:08:00+00:00,1353.0999755859375,1353.199951171875,1352.199951171875,1352.9000244140625,18711
2025-11-11 07:09:00+00:00,1353.4000244140625,1353.4000244140625,1352.800048828125,1353.0999755859375,8253
2025-11-11 07:10:00+00:00,1353.0,1353.300048828125,1352.800048828125,1353.0999755859375,9070
2025-11-11 07:11:00+00:00,1352.800048828125,1353.0,1352.699951171875,1352.9000244140625,7518
2025-11-11 07:12:00+00:00,1352.800048828125,1353.199951171875,1352.800048828125,1352.800048828125,18414
2025-11-11 07:13:00+00:00,1353.5,1353.5,1352.300048828125,1352.699951171875,43228
2025-11-11 07:14:00+00:00,1353.5,1353.5999755859375,1352.9000244140625,1353.0999755859375,17007
2025-11-11 07:15:00+00:00,1353.5,1353.699951171875,1353.0999755859375,1353.5999755859375,8546
2025-11-11 07:16:00+00:00,1353.300048828125,1353.5999755859375,1352.9000244140625,1353.5,10080
2025-11-11 07:17:00+00:00,1353.199951171875,1353.300048828125,1353.0,1353.300048828125,8415
2025-11-11 07:18:00+00:00,1353.5999755859375,1353.5999755859375,1353.0,1353.199951171875,8052
2025-11-11 07:19:00+00:00,1354.0999755859375,1354.0999755859375,1353.199951171875,1353.5999755859375,52135
2025-11-11 07:20:00+00:00,1353.9000244140625,1354.0,1353.5,1353.800048828125,14653
2025-11-11 07:21:00+00:00,1353.800048828125,1354.0,1353.5,1353.9000244140625,7359
2025-11-11 07:22:00+00:00,1353.800048828125,1354.0,1353.5999755859375,1353.800048828125,16755
2025-11-11 07:23:00+00:00,1353.5999755859375,1353.9000244140625,1353.4000244140625,1353.9000244140625,9589
2025-11-11 07:24:00+00:00,1353.4000244140625,1353.9000244140625,1353.300048828125,1353.5,10564
2025-11-11 07:25:00+00:00,1353.199951171875,1353.699951171875,1353.0,1353.699951171875,12191
2025-11-11 07:26:00+00:00,1352.800048828125,1353.4000244140625,1352.5,1353.0999755859375,8062
2025-11-11 07:27:00+00:00,1353.5999755859375,1353.5999755859375,1352.300048828125,1352.699951171875,9871
2025-11-11 07:28:00+00:00,1353.4000244140625,1353.5999755859375,1352.9000244140625,1353.300048828125,8269
2025-11-11 07:29:00+00:00,1353.0999755859375,1353.199951171875,1353.0,1353.199951171875,11074
2025-11-11 07:30:00+00:00,1353.0,1353.5,1353.0,1353.4000244140625,8538
2025-11-11 07:31:00+00:00,1353.4000244140625,1353.5,1352.300048828125,1352.9000244140625,10170
2025-11-11 07:32:00+00:00,1353.5,1353.800048828125,1352.800048828125,1353.4000244140625,11356
2025-11-11 07:33:00+00:00,1353.800048828125,1353.800048828125,1353.300048828125,1353.4000244140625,7029
2025-11-11 07:34:00+00:00,1353.199951171875,1353.800048828125,1353.0999755859375,1353.800048828125,9221
2025-11-11 07:35:00+00:00,1354.0,1354.0,1353.0,1353.199951171875,22038
2025-11-11 07:36:00+00:00,1354.0999755859375,1354.0999755859375,1353.300048828125,1354.0,18001
2025-11-11 07:37:00+00:00,1354.4000244140625,1354.4000244140625,1353.699951171875,1354.0999755859375,15129
2025-11-11 07:38:00+00:00,1353.800048828125,1354.300048828125,1353.300048828125,1354.300048828125,11584
2025-11-11 07:39:00+00:00,1354.0,1354.0,1353.0999755859375,1353.800048828125,8107
2025-11-11 07:40:00+00:00,1353.5,1354.0,1353.199951171875,1353.800048828125,23580
2025-11-11 07:41:00+00:00,1353.9000244140625,1353.9000244140625,1353.0999755859375,1353.5,11774
2025-11-11 07:42:00+00:00,1353.699951171875,1354.199951171875,1353.5,1353.9000244140625,7374
2025-11-11 07:43:00+00:00,1354.4000244140625,1354.4000244140625,1353.5999755859375,1353.699951171875,12035
2025-11-11 07:44:00+00:00,1355.0,1355.0,1354.0,1354.300048828125,19070
2025-11-11 07:45:00+00:00,1355.4000244140625,1355.5999755859375,1354.9000244140625,1355.0,29836
2025-11-11 07:46:00+00:00,1355.5,1355.5,1355.0,1355.199951171875,11148
2025-11-11 07:47:00+00:00,1355.4000244140625,1355.699951171875,1355.0,1355.5999755859375,13045
2025-11-11 07:48:00+00:00,1355.699951171875,1356.0,1355.4000244140625,1355.4000244140625,19280
2025-11-11 07:49:00+00:00,1355.5,1356.0,1355.4000244140625,1355.699951171875,10976
2025-11-11 07:50:00+00:00,1355.5999755859375,1355.9000244140625,1355.4000244140625,1355.5,9191
2025-11-11 07:51:00+00:00,1355.699951171875,1356.0,1355.4000244140625,1355.5999755859375,11214
2025-11-11 07:52:00+00:00,1356.4000244140625,1356.4000244140625,1355.5,1355.5999755859375,16538
2025-11-11 07:53:00+00:00,1356.5,1356.699951171875,1355.9000244140625,1356.4000244140625,14393
2025-11-11 07:54:00+00:00,1356.800048828125,1356.800048828125,1356.4000244140625,1356.5,12726
2025-11-11 07:55:00+00:00,1356.5999755859375,1356.800048828125,1356.0999755859375,1356.5999755859375,17184
2025-11-11 07:56:00+00:00,1356.800048828125,1356.800048828125,1355.9000244140625,1356.5,15295
2025-11-11 07:57:00+00:00,1356.199951171875,1356.9000244140625,1356.199951171875,1356.800048828125,11842
2025-11-11 07:58:00+00:00,1356.699951171875,1356.699951171875,1355.800048828125,1356.199951171875,19952
2025-11-11 07:59:00+00:00,1356.4000244140625,1356.9000244140625,1356.0,1356.5999755859375,28605
2025-11-11 08:00:00+00:00,1356.199951171875,1356.5999755859375,1356.0,1356.0,14173
2025-11-11 08:01:00+00:00,1356.5999755859375,1356.9000244140625,1356.300048828125,1356.300048828125,7512
2025-11-11 08:02:00+00:00,1357.300048828125,1357.4000244140625,1356.300048828125,1356.5999755859375,24541
2025-11-11 08:03:00+00:00,1357.0999755859375,1357.5,1356.800048828125,1357.300048828125,12880
2025-11-11 08:04:00+00:00,1356.9000244140625,1357.300048828125,1356.699951171875,1357.0,12804
2025-11-11 08:05:00+00:00,1357.300048828125,1357.300048828125,1356.699951171875,1356.9000244140625,11908
2025-11-11 08:06:00+00:00,1357.0,1357.5999755859375,1357.0,1357.4000244140625,17404
2025-11-11 08:07:00+00:00,1356.5999755859375,1357.0,1356.5,1357.0,12410
2025-11-11 08:08:00+00:00,1357.5999755859375,1357.699951171875,1356.800048828125,1356.800048828125,39634
2025-11-11 08:09:00+00:00,1358.0999755859375,1358.5,1357.5,1357.5999755859375,157269
2025-11-11 08:10:00+00:00,1358.0,1358.5999755859375,1357.5,1358.0999755859375,77563
2025-11-11 08:11:00+00:00,1358.0999755859375,1358.300048828125,1357.5999755859375,1358.0,9584
2025-11-11 08:12:00+00:00,1358.5,1358.5,1357.5999755859375,1358.0999755859375,22322
2025-11-11 08:13:00+00:00,1358.0,1358.4000244140625,1357.4000244140625,1358.4000244140625,16747
2025-11-11 08:14:00+00:00,1358.0,1358.0999755859375,1357.5,1358.0,11167
2025-11-11 08:15:00+00:00,1358.300048828125,1358.300048828125,1357.699951171875,1358.0,18901
2025-11-11 08:16:00+00:00,1358.199951171875,1358.5,1358.0999755859375,1358.300048828125,11981
2025-11-11 08:17:00+00:00,1358.699951171875,1359.0,1358.0,1358.4000244140625,18585
2025-11-11 08:18:00+00:00,1359.9000244140625,1359.9000244140625,1358.5,1358.699951171875,106645
2025-11-11 08:19:00+00:00,1360.0999755859375,1360.300048828125,1359.9000244140625,1359.9000244140625,52294
2025-11-11 08:20:00+00:00,1359.5,1360.0999755859375,1359.0999755859375,1360.0999755859375,14482
2025-11-11 08:21:00+00:00,1359.4000244140625,1359.9000244140625,1359.0,1359.5,12402
2025-11-11 08:22:00+00:00,1359.0,1359.5,1358.5999755859375,1359.4000244140625,8987
2025-11-11 08:23:00+00:00,1360.300048828125,1360.4000244140625,1358.699951171875,1359.0,89263
2025-11-11 08:24:00+00:00,1360.0999755859375,1360.4000244140625,1360.0,1360.0,5916
2025-11-11 08:25:00+00:00,1359.4000244140625,1360.199951171875,1359.199951171875,1360.0999755859375,89199
2025-11-11 08:26:00+00:00,1359.0,1359.800048828125,1358.5,1359.5999755859375,13089
2025-11-11 08:27:00+00:00,1357.5999755859375,1359.199951171875,1357.4000244140625,1359.199951171875,53467
2025-11-11 08:28:00+00:00,1357.0999755859375,1357.699951171875,1357.0999755859375,1357.699951171875,52132
2025-11-11 08:29:00+00:00,1356.5,1357.199951171875,1355.800048828125,1357.0,69860
2025-11-11 08:30:00+00:00,1357.0999755859375,1357.800048828125,1356.4000244140625,1356.5,20392
2025-11-11 08:31:00+00:00,1357.0,1358.0,1357.0,1357.300048828125,15038
2025-11-11 08:32:00+00:00,1357.199951171875,1357.5999755859375,1356.5,1357.0,15557
2025-11-11 08:33:00+00:00,1357.199951171875,1357.5999755859375,1356.5,1357.0999755859375,14504
2025-11-11 08:34:00+00:00,1357.300048828125,1357.300048828125,1356.0999755859375,1356.5999755859375,14762
2025-11-11 08:35:00+00:00,1357.5999755859375,1357.800048828125,1357.0999755859375,1357.0999755859375,34409
2025-11-11 08:36:00+00:00,1357.4000244140625,1357.800048828125,1357.4000244140625,1357.5,9355
2025-11-11 08:37:00+00:00,1357.5,1357.5999755859375,1357.4000244140625,1357.5,11228
2025-11-11 08:38:00+00:00,1357.199951171875,1357.800048828125,1357.0999755859375,1357.5,8738
2025-11-11 08:39:00+00:00,1357.5,1357.5999755859375,1357.199951171875,1357.5,11471
2025-11-11 08:40:00+00:00,1357.300048828125,1357.5999755859375,1357.0,1357.5,7296
2025-11-11 08:41:00+00:00,1357.199951171875,1357.4000244140625,1356.5999755859375,1356.800048828125,10554
2025-11-11 08:42:00+00:00,1356.9000244140625,1357.4000244140625,1356.4000244140625,1357.199951171875,10113
2025-11-11 08:43:00+00:00,1356.199951171875,1356.800048828125,1356.0,1356.699951171875,9405
2025-11-11 08:44:00+00:00,1355.800048828125,1356.4000244140625,1355.5,1356.0999755859375,8575
2025-11-11 08:45:00+00:00,1357.5999755859375,1357.5999755859375,1355.699951171875,1356.0999755859375,16764
2025-11-11 08:46:00+00:00,1356.800048828125,1357.699951171875,1356.800048828125,1357.5999755859375,20613
2025-11-11 08:47:00+00:00,1356.699951171875,1356.699951171875,1355.699951171875,1356.5999755859375,11653
2025-11-11 08:48:00+00:00,1356.5999755859375,1357.199951171875,1356.0999755859375,1356.5,7493
2025-11-11 08:49:00+00:00,1357.699951171875,1357.699951171875,1356.0999755859375,1356.5,70331
2025-11-11 08:50:00+00:00,1357.0999755859375,1357.699951171875,1356.699951171875,1357.699951171875,65983
2025-11-11 08:51:00+00:00,1357.5,1357.5,1356.699951171875,1356.699951171875,68115
2025-11-11 08:52:00+00:00,1357.4000244140625,1357.5,1356.699951171875,1357.4000244140625,38702
2025-11-11 08:53:00+00:00,1357.5999755859375,1357.5999755859375,1357.0,1357.4000244140625,6015
2025-11-11 08:54:00+00:00,1357.4000244140625,1357.5,1356.699951171875,1357.0,9900
2025-11-11 08:55:00+00:00,1357.300048828125,1357.5999755859375,1357.0,1357.4000244140625,5440
2025-11-11 08:56:00+00:00,1357.5,1357.800048828125,1356.9000244140625,1357.4000244140625,7288
2025-11-11 08:57:00+00:00,1357.5999755859375,1357.5999755859375,1357.0999755859375,1357.5,4364
2025-11-11 08:58:00+00:00,1357.300048828125,1357.5999755859375,1356.5999755859375,1357.5999755859375,9148
2025-11-11 08:59:00+00:00,1357.199951171875,1357.300048828125,1356.300048828125,1357.300048828125,9524
2025-11-11 09:00:00+00:00,1357.0,1357.699951171875,1356.800048828125,1357.0999755859375,14145
2025-11-11 09:01:00+00:00,1357.0999755859375,1357.199951171875,1356.5,1357.199951171875,6778
2025-11-11 09:02:00+00:00,1357.300048828125,1357.4000244140625,1356.800048828125,1357.199951171875,9850
2025-11-11 09:03:00+00:00,1357.0,1357.300048828125,1356.699951171875,1357.300048828125,7167
2025-11-11 09:04:00+00:00,1356.9000244140625,1357.0999755859375,1356.0999755859375,1357.0999755859375,19481
2025-11-11 09:05:00+00:00,1356.699951171875,1356.9000244140625,1356.0999755859375,1356.9000244140625,10802
2025-11-11 09:06:00+00:00,1356.4000244140625,1356.699951171875,1355.800048828125,1356.699951171875,11270
2025-11-11 09:07:00+00:00,1355.300048828125,1356.5,1355.199951171875,1356.300048828125,35480
2025-11-11 09:08:00+00:00,1355.0,1355.5999755859375,1354.699951171875,1355.300048828125,51403
2025-11-11 09:09:00+00:00,1354.199951171875,1355.0,1354.0999755859375,1355.0,50301
2025-11-11 09:10:00+00:00,1355.4000244140625,1355.800048828125,1354.199951171875,1354.199951171875,31796
2025-11-11 09:11:00+00:00,1355.199951171875,1355.5999755859375,1354.699951171875,1355.4000244140625,13472
2025-11-11 09:12:00+00:00,1355.699951171875,1355.699951171875,1354.699951171875,1355.0,6614
2025-11-11 09:13:00+00:00,1356.0999755859375,1356.5,1355.699951171875,1355.699951171875,17582
2025-11-11 09:14:00+00:00,1355.5999755859375,1356.199951171875,1355.0,1356.199951171875,9202
2025-11-11 09:15:00+00:00,1355.5999755859375,1355.699951171875,1355.199951171875,1355.5999755859375,9130
2025-11-11 09:16:00+00:00,1355.0,1355.800048828125,1355.0,1355.5999755859375,13530
2025-11-11 09:17:00+00:00,1355.5,1355.699951171875,1355.0,1355.0999755859375,13473
2025-11-11 09:18:00+00:00,1355.199951171875,1355.5,1355.0999755859375,1355.5,13268
2025-11-11 09:19:00+00:00,1356.199951171875,1356.4000244140625,1356.0,1356.0,84115
2025-11-11 09:20:00+00:00,1356.4000244140625,1356.5999755859375,1356.0999755859375,1356.199951171875,18476
2025-11-11 09:21:00+00:00,1356.800048828125,1357.0,1356.300048828125,1356.4000244140625,13364
2025-11-11 09:22:00+00:00,1356.9000244140625,1357.0999755859375,1356.300048828125,1356.300048828125,94626
2025-11-11 09:23:00+00:00,1356.4000244140625,1357.0,1356.0,1356.9000244140625,14441
2025-11-11 09:24:00+00:00,1356.4000244140625,1356.5999755859375,1356.0,1356.4000244140625,16395
2025-11-11 09:25:00+00:00,1356.199951171875,1356.4000244140625,1356.0,1356.4000244140625,28389
2025-11-11 09:26:00+00:00,1356.699951171875,1356.800048828125,1356.300048828125,1356.4000244140625,39958
2025-11-11 09:27:00+00:00,1356.699951171875,1357.0999755859375,1356.0999755859375,1356.5999755859375,30212
2025-11-11 09:28:00+00:00,1357.0,1357.0999755859375,1356.5999755859375,1356.699951171875,23738
2025-11-11 09:29:00+00:00,1356.300048828125,1357.0999755859375,1356.300048828125,1357.0999755859375,13205
2025-11-11 09:30:00+00:00,1357.199951171875,1357.5999755859375,1356.699951171875,1356.699951171875,64797
2025-11-11 09:31:00+00:00,1357.199951171875,1357.5,1357.0999755859375,1357.199951171875,33276
2025-11-11 09:32:00+00:00,1357.5,1357.5,1357.199951171875,1357.300048828125,27788
2025-11-11 09:33:00+00:00,1357.800048828125,1357.800048828125,1357.199951171875,1357.5,62271
2025-11-11 09:34:00+00:00,1357.699951171875,1358.199951171875,1357.199951171875,1357.699951171875,75217
2025-11-11 09:35:00+00:00,1358.199951171875,1358.199951171875,1357.300048828125,1357.699951171875,67684
2025-11-11 09:36:00+00:00,1358.5999755859375,1358.800048828125,1358.0,1358.0,130978
2025-11-11 09:37:00+00:00,1357.9000244140625,1359.0,1357.9000244140625,1358.5999755859375,103788
2025-11-11 09:38:00+00:00,1358.199951171875,1358.5,1357.5999755859375,1358.5,101255
2025-11-11 09:39:00+00:00,1357.699951171875,1358.300048828125,1357.199951171875,1358.300048828125,77079
2025-11-11 09:40:00+00:00,1357.0999755859375,1358.4000244140625,1356.699951171875,1358.0999755859375,57536
2025-11-11 09:41:00+00:00,1358.0999755859375,1358.4000244140625,1356.5,1357.300048828125,75418
2025-11-11 09:42:00+00:00,1358.5,1358.5999755859375,1357.199951171875,1358.5,134950
2025-11-11 09:43:00+00:00,1358.5999755859375,1358.699951171875,1357.9000244140625,1358.4000244140625,68169
2025-11-11 09:44:00+00:00,1358.5999755859375,1359.0,1358.5,1358.5,97230
2025-11-11 09:45:00+00:00,1358.699951171875,1358.800048828125,1358.5999755859375,1358.5999755859375,32396
2025-11-11 09:46:00+00:00,1358.9000244140625,1359.0,1358.699951171875,1358.699951171875,40663
2025-11-11 09:47:00+00:00,1358.9000244140625,1359.0,1358.9000244140625,1359.0,41563
2025-11-11 09:48:00+00:00,1357.9000244140625,1358.800048828125,1357.300048828125,1358.800048828125,72730
2025-11-11 09:49:00+00:00,1358.300048828125,1358.800048828125,1357.5999755859375,1357.9000244140625,83582
2025-11-11 09:50:00+00:00,1358.4000244140625,1358.9000244140625,1358.300048828125,1358.5,72879
2025-11-11 09:51:00+00:00,1358.699951171875,1358.699951171875,1358.0999755859375,1358.4000244140625,50754
2025-11-11 09:52:00+00:00,1358.9000244140625,1359.0,1358.5,1358.699951171875,52621
2025-11-11 09:53:00+00:00,1358.800048828125,1359.0,1358.699951171875,1358.9000244140625,43613
2025-11-11 09:54:00+00:00,1358.699951171875,1359.0,1358.4000244140625,1358.800048828125,86224
2025-11-11 09:55:00+00:00,1359.199951171875,1359.300048828125,1358.699951171875,1359.0,91926
2025-11-11 09:56:00+00:00,1358.699951171875,1359.199951171875,1358.300048828125,1359.0,78235
2025-11-11 09:57:00+00:00,1358.699951171875,1359.0,1358.0,1358.800048828125,91305
2025-11-11 09:58:00+00:00,1358.4000244140625,1359.0999755859375,1358.199951171875,1358.699951171875,61595
2025-11-11 09:59:00+00:00,1359.0,1359.0,1357.5,1358.4000244140625,29246
2025-11-12 03:45:00+00:00,1361.9000244140625,1369.9000244140625,1360.4000244140625,1369.9000244140625,0
2025-11-12 03:46:00+00:00,1362.0999755859375,1363.0999755859375,1361.9000244140625,1361.9000244140625,56765
2025-11-12 03:47:00+00:00,1361.699951171875,1362.199951171875,1361.699951171875,1361.800048828125,41313
2025-11-12 03:48:00+00:00,1361.300048828125,1361.699951171875,1361.300048828125,1361.699951171875,19298
2025-11-12 03:49:00+00:00,1361.199951171875,1361.4000244140625,1360.9000244140625,1361.300048828125,29036
2025-11-12 03:50:00+00:00,1361.300048828125,1361.4000244140625,1361.199951171875,1361.300048828125,24490
2025-11-12 03:51:00+00:00,1362.800048828125,1362.800048828125,1361.0,1361.0999755859375,38377
2025-11-12 03:52:00+00:00,1363.699951171875,1364.0999755859375,1363.0,1363.0,24845
2025-11-12 03:53:00+00:00,1363.800048828125,1364.0,1363.699951171875,1364.0,30160
2025-11-12 03:54:00+00:00,1364.4000244140625,1364.9000244140625,1363.699951171875,1363.699951171875,33603
2025-11-12 03:55:00+00:00,1363.0999755859375,1364.4000244140625,1362.9000244140625,1364.4000244140625,39391
2025-11-12 03:56:00+00:00,1362.5,1363.0,1362.300048828125,1363.0,10986
2025-11-12 03:57:00+00:00,1361.5,1362.300048828125,1361.5,1362.300048828125,8700
2025-11-12 03:58:00+00:00,1360.0,1361.5,1360.0,1361.5,20431
2025-11-12 03:59:00+00:00,1359.0999755859375,1360.0,1359.0999755859375,1360.0,10743
2025-11-12 04:00:00+00:00,1358.699951171875,1359.0,1358.699951171875,1359.0,22439
2025-11-12 04:01:00+00:00,1359.0999755859375,1359.4000244140625,1358.5999755859375,1358.5999755859375,10970
2025-11-12 04:02:00+00:00,1359.300048828125,1359.5999755859375,1359.0,1359.0999755859375,12507
2025-11-12 04:03:00+00:00,1359.699951171875,1360.0,1359.0,1359.0,9521
2025-11-12 04:04:00+00:00,1359.4000244140625,1359.9000244140625,1359.4000244140625,1359.699951171875,19664
2025-11-12 04:05:00+00:00,1359.300048828125,1359.5,1359.300048828125,1359.5,5159
2025-11-12 04:06:00+00:00,1359.4000244140625,1359.5,1359.4000244140625,1359.5,2724
2025-11-12 04:07:00+00:00,1359.0999755859375,1359.5,1359.0,1359.300048828125,9817
2025-11-12 04:08:00+00:00,1359.300048828125,1359.300048828125,1359.0,1359.0,7302
2025-11-12 04:09:00+00:00,1358.9000244140625,1359.199951171875,1358.9000244140625,1359.0,36865
2025-11-12 04:10:00+00:00,1359.5,1359.5,1358.9000244140625,1359.0999755859375,13944
2025-11-12 04:11:00+00:00,1359.800048828125,1359.800048828125,1359.0999755859375,1359.4000244140625,4218
2025-11-12 04:12:00+00:00,1359.699951171875,1360.0,1359.5,1359.800048828125,4560
2025-11-12 04:13:00+00:00,1359.0,1360.0,1358.9000244140625,1359.699951171875,9976
2025-11-12 04:14:00+00:00,1359.199951171875,1359.199951171875,1358.800048828125,1358.800048828125,6896
2025-11-12 04:15:00+00:00,1359.0999755859375,1359.199951171875,1359.0,1359.0999755859375,3694
2025-11-12 04:16:00+00:00,1359.4000244140625,1359.4000244140625,1359.0,1359.199951171875,8725
2025-11-12 04:17:00+00:00,1358.199951171875,1359.4000244140625,1358.199951171875,1359.4000244140625,10484
2025-11-12 04:18:00+00:00,1359.0,1359.5,1358.5999755859375,1358.5999755859375,10234
2025-11-12 04:19:00+00:00,1358.5999755859375,1359.300048828125,1358.5999755859375,1359.0,5041
2025-11-12 04:20:00+00:00,1358.5999755859375,1359.199951171875,1358.5999755859375,1359.0999755859375,8304
2025-11-12 04:21:00+00:00,1358.800048828125,1358.9000244140625,1358.5,1358.699951171875,6903
2025-11-12 04:22:00+00:00,1360.0,1360.0,1358.800048828125,1358.800048828125,11688
2025-11-12 04:23:00+00:00,1359.5,1359.5999755859375,1359.5,1359.5,6181
2025-11-12 04:24:00+00:00,1359.300048828125,1359.5,1359.0,1359.5,7868
2025-11-12 04:25:00+00:00,1359.199951171875,1359.4000244140625,1358.800048828125,1359.300048828125,5521
2025-11-12 04:26:00+00:00,1359.300048828125,1359.699951171875,1358.9000244140625,1359.0999755859375,11221
2025-11-12 04:27:00+00:00,1360.0999755859375,1360.0999755859375,1359.199951171875,1359.5,15203
2025-11-12 04:28:00+00:00,1359.800048828125,1360.199951171875,1359.4000244140625,1360.0999755859375,17872
2025-11-12 04:29:00+00:00,1360.5,1360.5,1360.0,1360.0,23551
2025-11-12 04:30:00+00:00,1360.5999755859375,1361.0,1360.5,1360.5,8140
2025-11-12 04:31:00+00:00,1360.4000244140625,1360.5999755859375,1360.0999755859375,1360.5999755859375,12290
2025-11-12 04:32:00+00:00,1360.0999755859375,1360.5,1360.0,1360.199951171875,14125
2025-11-12 04:33:00+00:00,1359.5999755859375,1360.0999755859375,1359.199951171875,1360.0999755859375,5583
2025-11-12 04:34:00+00:00,1359.9000244140625,1360.0,1359.5999755859375,1359.699951171875,21891
2025-11-12 04:35:00+00:00,1359.699951171875,1359.9000244140625,1359.5,1359.9000244140625,5453
2025-11-12 04:36:00+00:00,1360.0999755859375,1360.0999755859375,1359.800048828125,1359.800048828125,6471
2025-11-12 04:37:00+00:00,1360.199951171875,1360.199951171875,1359.699951171875,1360.0999755859375,10207
2025-11-12 04:38:00+00:00,1359.9000244140625,1360.300048828125,1359.9000244140625,1360.0999755859375,7719
2025-11-12 04:39:00+00:00,1359.800048828125,1359.800048828125,1359.199951171875,1359.5999755859375,15967
2025-11-12 04:40:00+00:00,1359.5,1359.800048828125,1359.5,1359.800048828125,2238
2025-11-12 04:41:00+00:00,1359.5,1359.5999755859375,1359.0999755859375,1359.5,22378
2025-11-12 04:42:00+00:00,1359.800048828125,1359.800048828125,1359.0999755859375,1359.5999755859375,16955
2025-11-12 04:43:00+00:00,1359.5999755859375,1360.0,1359.0999755859375,1359.699951171875,9297
2025-11-12 04:44:00+00:00,1359.5,1359.5999755859375,1359.5,1359.5999755859375,3459
2025-11-12 04:45:00+00:00,1359.699951171875,1360.0,1359.0999755859375,1359.800048828125,49897
2025-11-12 04:46:00+00:00,1359.9000244140625,1359.9000244140625,1359.300048828125,1359.5999755859375,5583
2025-11-12 04:47:00+00:00,1359.5,1359.9000244140625,1359.5,1359.800048828125,9484
2025-11-12 04:48:00+00:00,1359.5999755859375,1359.699951171875,1359.5,1359.5999755859375,30471
2025-11-12 04:49:00+00:00,1359.5,1359.699951171875,1359.5,1359.5999755859375,5660
2025-11-12 04:50:00+00:00,1359.5999755859375,1359.9000244140625,1359.4000244140625,1359.5,6500
2025-11-12 04:51:00+00:00,1359.699951171875,1359.699951171875,1359.0,1359.5,19404
2025-11-12 04:52:00+00:00,1359.300048828125,1359.699951171875,1359.0999755859375,1359.5999755859375,8031
2025-11-12 04:53:00+00:00,1358.800048828125,1359.300048828125,1358.800048828125,1359.199951171875,10525
2025-11-12 04:54:00+00:00,1358.800048828125,1358.9000244140625,1358.199951171875,1358.9000244140625,17226
2025-11-12 04:55:00+00:00,1359.199951171875,1359.300048828125,1358.5999755859375,1358.5999755859375,24516
2025-11-12 04:56:00+00:00,1359.0,1359.300048828125,1359.0,1359.199951171875,10186
2025-11-12 04:57:00+00:00,1358.5999755859375,1359.0999755859375,1358.0999755859375,1358.9000244140625,37683
2025-11-12 04:58:00+00:00,1357.5999755859375,1358.800048828125,1357.5999755859375,1358.699951171875,37569
2025-11-12 04:59:00+00:00,1358.199951171875,1358.4000244140625,1357.699951171875,1358.300048828125,15264
2025-11-12 05:00:00+00:00,1358.699951171875,1358.699951171875,1358.300048828125,1358.300048828125,11685
2025-11-12 05:01:00+00:00,1358.199951171875,1358.800048828125,1358.0,1358.699951171875,14354
2025-11-12 05:02:00+00:00,1359.300048828125,1359.300048828125,1358.0999755859375,1358.0999755859375,19564
2025-11-12 05:03:00+00:00,1359.5,1359.5,1358.800048828125,1359.300048828125,10477
2025-11-12 05:04:00+00:00,1360.0,1360.0,1359.300048828125,1359.5,5310
2025-11-12 05:05:00+00:00,1360.300048828125,1360.300048828125,1359.800048828125,1360.0,5897
2025-11-12 05:06:00+00:00,1360.0,1360.199951171875,1360.0,1360.199951171875,6074
2025-11-12 05:07:00+00:00,1360.0999755859375,1360.199951171875,1359.9000244140625,1360.0,4621
2025-11-12 05:08:00+00:00,1360.0999755859375,1360.0999755859375,1360.0,1360.0999755859375,4933
2025-11-12 05:09:00+00:00,1360.699951171875,1360.800048828125,1360.0999755859375,1360.0999755859375,5817
2025-11-12 05:10:00+00:00,1361.0,1361.0,1360.5999755859375,1360.699951171875,9137
2025-11-12 05:11:00+00:00,1361.0,1361.300048828125,1360.5999755859375,1361.0,8154
2025-11-12 05:12:00+00:00,1361.0,1361.199951171875,1360.9000244140625,1361.0999755859375,4848
2025-11-12 05:13:00+00:00,1360.5,1361.4000244140625,1360.5,1361.0999755859375,7171
2025-11-12 05:14:00+00:00,1360.699951171875,1360.800048828125,1360.0,1360.800048828125,15262
2025-11-12 05:15:00+00:00,1360.5,1360.699951171875,1360.4000244140625,1360.699951171875,4238
2025-11-12 05:16:00+00:00,1360.5999755859375,1360.699951171875,1360.5,1360.5999755859375,5304
2025-11-12 05:17:00+00:00,1360.9000244140625,1361.0,1360.5,1360.699951171875,7423
2025-11-12 05:18:00+00:00,1360.800048828125,1361.0,1360.5,1361.0,8610
2025-11-12 05:19:00+00:00,1360.699951171875,1360.9000244140625,1360.5,1360.9000244140625,3369
2025-11-12 05:20:00+00:00,1360.0,1360.9000244140625,1359.800048828125,1360.800048828125,14114
2025-11-12 05:21:00+00:00,1360.0,1360.300048828125,1359.9000244140625,1359.9000244140625,4782
2025-11-12 05:22:00+00:00,1360.0999755859375,1360.0999755859375,1359.800048828125,1360.0,12967
2025-11-12 05:23:00+00:00,1360.699951171875,1361.0,1359.699951171875,1359.699951171875,42886
2025-11-12 05:24:00+00:00,1360.4000244140625,1360.9000244140625,1359.9000244140625,1360.699951171875,59920
2025-11-12 05:25:00+00:00,1360.199951171875,1360.300048828125,1359.9000244140625,1359.9000244140625,10703
2025-11-12 05:26:00+00:00,1360.0999755859375,1360.300048828125,1359.699951171875,1360.0,12757
2025-11-12 05:27:00+00:00,1360.300048828125,1360.4000244140625,1359.699951171875,1359.9000244140625,7896
2025-11-12 05:28:00+00:00,1360.0,1360.300048828125,1359.800048828125,1360.199951171875,10403
2025-11-12 05:29:00+00:00,1360.0999755859375,1360.0999755859375,1359.699951171875,1360.0999755859375,14973
2025-11-12 05:30:00+00:00,1359.5,1360.0999755859375,1359.4000244140625,1360.0999755859375,16526
2025-11-12 05:31:00+00:00,1360.0999755859375,1360.0999755859375,1359.199951171875,1359.5,13132
2025-11-12 05:32:00+00:00,1361.0,1361.0,1359.5,1360.0,24167
2025-11-12 05:33:00+00:00,1361.0999755859375,1361.5999755859375,1360.800048828125,1361.0,23052
2025-11-12 05:34:00+00:00,1360.0,1361.0999755859375,1359.9000244140625,1361.0999755859375,43173
2025-11-12 05:35:00+00:00,1360.4000244140625,1360.5,1359.9000244140625,1360.0,5550
2025-11-12 05:36:00+00:00,1360.199951171875,1360.5999755859375,1360.0,1360.4000244140625,18976
2025-11-12 05:37:00+00:00,1360.4000244140625,1360.5999755859375,1360.199951171875,1360.5,5697
2025-11-12 05:38:00+00:00,1360.0999755859375,1360.5,1359.9000244140625,1360.5,43662
2025-11-12 05:39:00+00:00,1360.0,1360.5999755859375,1359.9000244140625,1360.0999755859375,19324
2025-11-12 05:40:00+00:00,1360.0,1360.300048828125,1359.9000244140625,1360.0,4591
2025-11-12 05:41:00+00:00,1360.300048828125,1360.300048828125,1359.9000244140625,1359.9000244140625,8285
2025-11-12 05:42:00+00:00,1360.300048828125,1360.4000244140625,1359.9000244140625,1360.0999755859375,13624
2025-11-12 05:43:00+00:00,1360.0,1360.4000244140625,1359.9000244140625,1360.300048828125,10068
2025-11-12 05:44:00+00:00,1360.0999755859375,1360.4000244140625,1359.9000244140625,1360.0,6904
2025-11-12 05:45:00+00:00,1360.199951171875,1360.300048828125,1359.9000244140625,1360.0,10417
2025-11-12 05:46:00+00:00,1360.0,1360.300048828125,1359.800048828125,1360.0,14328
2025-11-12 05:47:00+00:00,1360.0,1360.5,1359.800048828125,1360.0999755859375,18494
2025-11-12 05:48:00+00:00,1359.9000244140625,1360.4000244140625,1359.5,1360.0999755859375,23133
2025-11-12 05:49:00+00:00,1360.199951171875,1360.4000244140625,1359.9000244140625,1360.0,8569
2025-11-12 05:50:00+00:00,1360.0,1360.300048828125,1359.699951171875,1360.199951171875,6534
2025-11-12 05:51:00+00:00,1360.199951171875,1360.800048828125,1359.800048828125,1359.9000244140625,120813
2025-11-12 05:52:00+00:00,1361.0999755859375,1362.0,1360.0999755859375,1360.199951171875,46740
2025-11-12 05:53:00+00:00,1361.0999755859375,1361.300048828125,1361.0,1361.0999755859375,5057
2025-11-12 05:54:00+00:00,1361.0999755859375,1361.5,1361.0,1361.199951171875,7872
2025-11-12 05:55:00+00:00,1361.0,1361.4000244140625,1361.0,1361.0999755859375,6608
2025-11-12 05:56:00+00:00,1361.0999755859375,1361.199951171875,1361.0,1361.199951171875,6152
2025-11-12 05:57:00+00:00,1361.0,1361.0999755859375,1360.699951171875,1360.9000244140625,7913
2025-11-12 05:58:00+00:00,1361.0,1361.199951171875,1360.9000244140625,1361.0,6196
2025-11-12 05:59:00+00:00,1361.4000244140625,1361.4000244140625,1360.9000244140625,1361.0,11474
2025-11-12 06:00:00+00:00,1361.0,1361.4000244140625,1360.800048828125,1361.0,13672
2025-11-12 06:01:00+00:00,1360.800048828125,1361.0,1360.5999755859375,1361.0,6018
2025-11-12 06:02:00+00:00,1361.4000244140625,1361.4000244140625,1360.699951171875,1360.9000244140625,7710
2025-11-12 06:03:00+00:00,1361.5999755859375,1361.5999755859375,1360.699951171875,1361.300048828125,13492
2025-11-12 06:04:00+00:00,1361.9000244140625,1362.0,1361.4000244140625,1361.4000244140625,6519
2025-11-12 06:05:00+00:00,1362.0,1362.0,1361.699951171875,1361.9000244140625,5636
2025-11-12 06:06:00+00:00,1361.0999755859375,1362.699951171875,1361.0999755859375,1361.9000244140625,28957
2025-11-12 06:07:00+00:00,1361.199951171875,1362.199951171875,1360.800048828125,1362.199951171875,55563
2025-11-12 06:08:00+00:00,1361.0999755859375,1361.4000244140625,1361.0999755859375,1361.300048828125,7856
2025-11-12 06:09:00+00:00,1361.199951171875,1361.199951171875,1361.0999755859375,1361.0999755859375,4396
2025-11-12 06:10:00+00:00,1360.0999755859375,1361.300048828125,1360.0999755859375,1361.199951171875,10941
2025-11-12 06:11:00+00:00,1361.199951171875,1361.199951171875,1360.0999755859375,1360.300048828125,18797
2025-11-12 06:12:00+00:00,1360.800048828125,1361.5,1360.300048828125,1360.9000244140625,11320
2025-11-12 06:13:00+00:00,1360.4000244140625,1361.300048828125,1360.4000244140625,1360.800048828125,21864
2025-11-12 06:14:00+00:00,1360.5,1361.4000244140625,1360.4000244140625,1360.4000244140625,20128
2025-11-12 06:15:00+00:00,1360.5,1361.0999755859375,1360.300048828125,1360.5,8420
2025-11-12 06:16:00+00:00,1360.5999755859375,1360.5999755859375,1360.199951171875,1360.300048828125,3834
2025-11-12 06:17:00+00:00,1360.300048828125,1360.5999755859375,1360.300048828125,1360.5,7287
2025-11-12 06:18:00+00:00,1360.5999755859375,1360.699951171875,1360.0999755859375,1360.699951171875,7797
2025-11-12 06:19:00+00:00,1360.300048828125,1360.5999755859375,1360.199951171875,1360.5999755859375,10077
2025-11-12 06:20:00+00:00,1360.300048828125,1360.5,1360.199951171875,1360.300048828125,6237
2025-11-12 06:21:00+00:00,1360.5,1360.5,1360.199951171875,1360.5,8804
2025-11-12 06:22:00+00:00,1360.300048828125,1360.5,1360.199951171875,1360.5,7556
2025-11-12 06:23:00+00:00,1360.699951171875,1360.699951171875,1360.199951171875,1360.199951171875,12100
2025-11-12 06:24:00+00:00,1360.699951171875,1361.0,1360.0999755859375,1360.699951171875,27070
2025-11-12 06:25:00+00:00,1360.699951171875,1360.699951171875,1360.0999755859375,1360.300048828125,13433
2025-11-12 06:26:00+00:00,1360.800048828125,1360.800048828125,1360.0,1360.699951171875,47834
2025-11-12 06:27:00+00:00,1360.5,1361.199951171875,1360.0999755859375,1360.0999755859375,58055
2025-11-12 06:28:00+00:00,1360.800048828125,1360.9000244140625,1360.0999755859375,1360.5999755859375,14619
2025-11-12 06:29:00+00:00,1360.5,1360.800048828125,1360.199951171875,1360.5999755859375,24947
2025-11-12 06:30:00+00:00,1360.0999755859375,1360.5,1360.0,1360.4000244140625,13633
2025-11-12 06:31:00+00:00,1360.0,1360.0999755859375,1360.0,1360.0999755859375,47661
2025-11-12 06:32:00+00:00,1360.0999755859375,1360.4000244140625,1360.0,1360.0,149482
2025-11-12 06:33:00+00:00,1358.0999755859375,1360.0999755859375,1358.0,1360.0999755859375,70967
2025-11-12 06:34:00+00:00,1359.0999755859375,1359.199951171875,1358.0,1358.0999755859375,19004
2025-11-12 06:35:00+00:00,1358.9000244140625,1359.300048828125,1358.5999755859375,1359.0999755859375,36838
2025-11-12 06:36:00+00:00,1358.9000244140625,1359.0999755859375,1358.5,1359.0999755859375,8595
2025-11-12 06:37:00+00:00,1359.0,1359.0999755859375,1358.5999755859375,1358.9000244140625,8594
2025-11-12 06:38:00+00:00,1359.5999755859375,1359.800048828125,1358.800048828125,1359.0,20813
2025-11-12 06:39:00+00:00,1359.699951171875,1359.800048828125,1359.0999755859375,1359.199951171875,13194
2025-11-12 06:40:00+00:00,1359.800048828125,1359.9000244140625,1359.0,1359.699951171875,24006
2025-11-12 06:41:00+00:00,1359.300048828125,1359.800048828125,1359.0,1359.4000244140625,6560
2025-11-12 06:42:00+00:00,1359.199951171875,1359.4000244140625,1359.0,1359.4000244140625,7732
2025-11-12 06:43:00+00:00,1360.0,1360.0999755859375,1359.0999755859375,1359.199951171875,90283
2025-11-12 06:44:00+00:00,1360.0,1360.0999755859375,1359.800048828125,1360.0,9721
2025-11-12 06:45:00+00:00,1360.0,1360.0999755859375,1360.0,1360.0999755859375,6713
2025-11-12 06:46:00+00:00,1360.9000244140625,1361.0999755859375,1359.5999755859375,1360.0,110701
2025-11-12 06:47:00+00:00,1360.199951171875,1361.0999755859375,1359.5999755859375,1361.0,79917
2025-11-12 06:48:00+00:00,1360.0,1360.199951171875,1360.0,1360.0,9743
2025-11-12 06:49:00+00:00,1360.0,1360.199951171875,1359.800048828125,1360.0999755859375,7383
2025-11-12 06:50:00+00:00,1360.0999755859375,1360.199951171875,1359.800048828125,1360.0999755859375,11645
2025-11-12 06:51:00+00:00,1360.0,1360.199951171875,1359.9000244140625,1360.0,8297
2025-11-12 06:52:00+00:00,1360.0,1360.0999755859375,1359.800048828125,1360.0999755859375,12102
2025-11-12 06:53:00+00:00,1360.0,1360.0999755859375,1359.800048828125,1360.0,4911
2025-11-12 06:54:00+00:00,1360.0,1360.0999755859375,1359.800048828125,1360.0,9883
2025-11-12 06:55:00+00:00,1360.5,1361.0999755859375,1359.9000244140625,1360.0999755859375,102539
2025-11-12 06:56:00+00:00,1360.699951171875,1360.699951171875,1360.0,1360.5,7978
2025-11-12 06:57:00+00:00,1360.300048828125,1360.800048828125,1360.0,1360.699951171875,9478
2025-11-12 06:58:00+00:00,1361.0,1361.0999755859375,1360.300048828125,1360.5999755859375,21012
2025-11-12 06:59:00+00:00,1361.0,1361.5,1360.5,1360.5999755859375,60440
2025-11-12 07:00:00+00:00,1360.5999755859375,1361.300048828125,1360.5,1361.300048828125,26173
2025-11-12 07:01:00+00:00,1361.0999755859375,1361.0999755859375,1360.5,1360.5,11329
2025-11-12 07:02:00+00:00,1360.9000244140625,1361.0999755859375,1360.5,1361.0,17184
2025-11-12 07:03:00+00:00,1360.800048828125,1361.199951171875,1360.5,1360.9000244140625,22524
2025-11-12 07:04:00+00:00,1360.5999755859375,1361.0999755859375,1360.4000244140625,1360.699951171875,61804
2025-11-12 07:05:00+00:00,1360.800048828125,1361.0999755859375,1360.5,1361.0999755859375,12529
2025-11-12 07:06:00+00:00,1360.5999755859375,1361.0999755859375,1360.5,1360.699951171875,5349
2025-11-12 07:07:00+00:00,1361.0999755859375,1361.0999755859375,1360.5999755859375,1361.0999755859375,12811
2025-11-12 07:08:00+00:00,1361.0999755859375,1361.0999755859375,1360.5999755859375,1361.0,14857
2025-11-12 07:09:00+00:00,1360.5999755859375,1361.0999755859375,1360.5999755859375,1360.9000244140625,11830
2025-11-12 07:10:00+00:00,1362.0,1362.0999755859375,1360.699951171875,1361.0999755859375,85401
2025-11-12 07:11:00+00:00,1362.0999755859375,1362.0999755859375,1361.4000244140625,1361.9000244140625,29423
2025-11-12 07:12:00+00:00,1362.0999755859375,1362.0999755859375,1361.5,1361.5,13505
2025-11-12 07:13:00+00:00,1362.0999755859375,1362.199951171875,1361.800048828125,1361.800048828125,18003
2025-11-12 07:14:00+00:00,1362.0,1362.0999755859375,1361.5999755859375,1362.0999755859375,9668
2025-11-12 07:15:00+00:00,1362.0999755859375,1362.0999755859375,1362.0,1362.0,19266
2025-11-12 07:16:00+00:00,1362.0999755859375,1362.0999755859375,1361.9000244140625,1362.0999755859375,4073
2025-11-12 07:17:00+00:00,1362.699951171875,1362.699951171875,1361.5999755859375,1362.0,26554
2025-11-12 07:18:00+00:00,1362.699951171875,1363.0,1362.0999755859375,1362.800048828125,16550
2025-11-12 07:19:00+00:00,1363.0,1363.300048828125,1362.5999755859375,1362.699951171875,31357
2025-11-12 07:20:00+00:00,1363.5999755859375,1363.800048828125,1363.0,1363.0,42667
2025-11-12 07:21:00+00:00,1363.9000244140625,1363.9000244140625,1363.199951171875,1363.199951171875,29161
2025-11-12 07:22:00+00:00,1363.300048828125,1364.0,1363.0,1363.800048828125,35005
2025-11-12 07:23:00+00:00,1362.5999755859375,1364.0,1362.5999755859375,1363.199951171875,23146
2025-11-12 07:24:00+00:00,1363.4000244140625,1363.5,1362.0999755859375,1362.5,15974
2025-11-12 07:25:00+00:00,1363.699951171875,1364.699951171875,1363.199951171875,1363.199951171875,66819
2025-11-12 07:26:00+00:00,1364.699951171875,1364.699951171875,1363.5999755859375,1363.699951171875,289385
2025-11-12 07:27:00+00:00,1364.699951171875,1365.0,1364.0,1364.300048828125,64191
2025-11-12 07:28:00+00:00,1365.0999755859375,1365.0999755859375,1364.800048828125,1365.0,35827
2025-11-12 07:29:00+00:00,1365.0999755859375,1365.300048828125,1365.0,1365.0999755859375,29609
2025-11-12 07:30:00+00:00,1365.0999755859375,1365.0999755859375,1365.0,1365.0999755859375,29294
2025-11-12 07:31:00+00:00,1365.9000244140625,1365.9000244140625,1365.0,1365.0,37467
2025-11-12 07:32:00+00:00,1365.0,1365.5999755859375,1365.0,1365.5999755859375,8203
2025-11-12 07:33:00+00:00,1365.0,1365.199951171875,1365.0,1365.199951171875,14701
2025-11-12 07:34:00+00:00,1365.199951171875,1365.199951171875,1365.0,1365.0999755859375,13602
2025-11-12 07:35:00+00:00,1365.0999755859375,1365.199951171875,1365.0,1365.199951171875,15715
2025-11-12 07:36:00+00:00,1365.199951171875,1365.199951171875,1365.0,1365.0999755859375,22730
2025-11-12 07:37:00+00:00,1365.0999755859375,1365.300048828125,1365.0,1365.199951171875,35632
2025-11-12 07:38:00+00:00,1364.5,1365.300048828125,1364.5,1365.0,72272
2025-11-12 07:39:00+00:00,1364.800048828125,1364.800048828125,1364.199951171875,1364.699951171875,84455
2025-11-12 07:40:00+00:00,1365.300048828125,1365.5,1364.699951171875,1364.699951171875,50640
2025-11-12 07:41:00+00:00,1365.199951171875,1365.5999755859375,1365.0,1365.300048828125,23255
2025-11-12 07:42:00+00:00,1365.5,1365.800048828125,1365.199951171875,1365.4000244140625,24095
2025-11-12 07:43:00+00:00,1365.5,1365.9000244140625,1365.0999755859375,1365.699951171875,41199
2025-11-12 07:44:00+00:00,1365.4000244140625,1365.699951171875,1365.300048828125,1365.5,23344
2025-11-12 07:45:00+00:00,1365.300048828125,1365.5999755859375,1365.300048828125,1365.5999755859375,33306
2025-11-12 07:46:00+00:00,1366.199951171875,1366.199951171875,1365.0999755859375,1365.199951171875,25985
2025-11-12 07:47:00+00:00,1366.300048828125,1366.5999755859375,1365.9000244140625,1366.0,28638
2025-11-12 07:48:00+00:00,1366.300048828125,1366.5,1366.0,1366.300048828125,251204
2025-11-12 07:49:00+00:00,1366.5,1366.5,1366.0,1366.199951171875,24043
2025-11-12 07:50:00+00:00,1366.300048828125,1366.5,1366.0999755859375,1366.4000244140625,15655
2025-11-12 07:51:00+00:00,1366.5999755859375,1366.5999755859375,1366.0,1366.4000244140625,38017
2025-11-12 07:52:00+00:00,1366.800048828125,1367.199951171875,1366.5,1366.5,98312
2025-11-12 07:53:00+00:00,1367.0,1367.199951171875,1366.0999755859375,1366.5999755859375,83521
2025-11-12 07:54:00+00:00,1366.5,1367.0,1366.0999755859375,1367.0,86332
2025-11-12 07:55:00+00:00,1366.0,1366.699951171875,1365.699951171875,1366.300048828125,32840
2025-11-12 07:56:00+00:00,1366.5999755859375,1366.5999755859375,1365.5,1365.9000244140625,43309
2025-11-12 07:57:00+00:00,1366.0,1366.9000244140625,1365.9000244140625,1366.5,46170
2025-11-12 07:58:00+00:00,1364.5,1366.4000244140625,1364.5,1365.800048828125,242524
2025-11-12 07:59:00+00:00,1364.0,1364.800048828125,1363.4000244140625,1364.800048828125,48334
2025-11-12 08:00:00+00:00,1362.5999755859375,1364.0,1362.199951171875,1364.0,13873
2025-11-12 08:01:00+00:00,1362.699951171875,1363.0999755859375,1362.5,1362.5999755859375,3512
2025-11-12 08:02:00+00:00,1361.199951171875,1362.699951171875,1361.199951171875,1362.5999755859375,16319
2025-11-12 08:03:00+00:00,1362.0,1362.0999755859375,1361.5,1361.5,9749
2025-11-12 08:04:00+00:00,1362.0999755859375,1362.199951171875,1361.9000244140625,1361.9000244140625,8670
2025-11-12 08:05:00+00:00,1361.699951171875,1362.199951171875,1361.5,1362.199951171875,10589
2025-11-12 08:06:00+00:00,1360.800048828125,1361.699951171875,1360.800048828125,1361.4000244140625,16306
2025-11-12 08:07:00+00:00,1361.300048828125,1361.300048828125,1360.699951171875,1361.0,21751
2025-11-12 08:08:00+00:00,1362.4000244140625,1362.800048828125,1361.0999755859375,1361.300048828125,26614
2025-11-12 08:09:00+00:00,1362.199951171875,1362.5,1361.4000244140625,1362.4000244140625,54923
2025-11-12 08:10:00+00:00,1362.5,1362.5,1361.9000244140625,1362.0999755859375,50475
2025-11-12 08:11:00+00:00,1361.300048828125,1362.699951171875,1361.0999755859375,1362.5,32831
2025-11-12 08:12:00+00:00,1361.5,1361.5,1361.199951171875,1361.300048828125,5036
2025-11-12 08:13:00+00:00,1361.300048828125,1361.5,1361.0,1361.5,7515
2025-11-12 08:14:00+00:00,1361.5,1361.5999755859375,1360.5999755859375,1361.0,32760
2025-11-12 08:15:00+00:00,1361.800048828125,1362.199951171875,1361.199951171875,1361.5999755859375,9384
2025-11-12 08:16:00+00:00,1361.9000244140625,1361.9000244140625,1361.5,1361.800048828125,3258
2025-11-12 08:17:00+00:00,1361.699951171875,1361.9000244140625,1361.699951171875,1361.800048828125,4465
2025-11-12 08:18:00+00:00,1362.5999755859375,1362.699951171875,1362.0,1362.0,7338
2025-11-12 08:19:00+00:00,1362.5,1362.5999755859375,1362.300048828125,1362.5999755859375,8056
2025-11-12 08:20:00+00:00,1362.5999755859375,1362.800048828125,1362.4000244140625,1362.5,10215
2025-11-12 08:21:00+00:00,1363.0,1363.0,1362.5999755859375,1362.5999755859375,7215
2025-11-12 08:22:00+00:00,1362.9000244140625,1362.9000244140625,1362.4000244140625,1362.9000244140625,6316
2025-11-12 08:23:00+00:00,1363.0,1363.0,1362.699951171875,1362.9000244140625,4504
2025-11-12 08:24:00+00:00,1362.9000244140625,1363.0,1362.699951171875,1362.9000244140625,2719
2025-11-12 08:25:00+00:00,1362.9000244140625,1362.9000244140625,1362.5999755859375,1362.9000244140625,9122
2025-11-12 08:26:00+00:00,1362.5999755859375,1362.9000244140625,1362.0999755859375,1362.9000244140625,5812
2025-11-12 08:27:00+00:00,1362.699951171875,1362.800048828125,1362.199951171875,1362.5999755859375,9263
2025-11-12 08:28:00+00:00,1362.5,1362.699951171875,1362.4000244140625,1362.699951171875,2758
2025-11-12 08:29:00+00:00,1362.5,1362.699951171875,1362.199951171875,1362.5,6794
2025-11-12 08:30:00+00:00,1363.0999755859375,1363.0999755859375,1362.300048828125,1362.5,32062
2025-11-12 08:31:00+00:00,1362.0,1363.0999755859375,1361.800048828125,1363.0,10107
2025-11-12 08:32:00+00:00,1362.0,1362.0,1361.5,1362.0,4164
2025-11-12 08:33:00+00:00,1362.0999755859375,1362.5,1361.9000244140625,1362.0,12810
2025-11-12 08:34:00+00:00,1362.300048828125,1362.4000244140625,1361.800048828125,1362.0,7861
2025-11-12 08:35:00+00:00,1362.0,1362.300048828125,1361.699951171875,1362.0,6880
2025-11-12 08:36:00+00:00,1362.0,1362.199951171875,1361.800048828125,1362.0,9960
2025-11-12 08:37:00+00:00,1361.5,1362.0,1361.5,1362.0,6693
2025-11-12 08:38:00+00:00,1360.699951171875,1361.4000244140625,1360.5999755859375,1361.199951171875,55250
2025-11-12 08:39:00+00:00,1360.699951171875,1360.800048828125,1360.4000244140625,1360.800048828125,53348
2025-11-12 08:40:00+00:00,1360.9000244140625,1360.9000244140625,1360.199951171875,1360.699951171875,43585
2025-11-12 08:41:00+00:00,1360.800048828125,1361.699951171875,1360.699951171875,1360.9000244140625,15993
2025-11-12 08:42:00+00:00,1360.5999755859375,1361.0999755859375,1360.4000244140625,1360.9000244140625,21329
2025-11-12 08:43:00+00:00,1361.0999755859375,1361.199951171875,1360.300048828125,1360.300048828125,17021
2025-11-12 08:44:00+00:00,1361.800048828125,1361.800048828125,1361.0999755859375,1361.0999755859375,10720
2025-11-12 08:45:00+00:00,1361.5,1361.800048828125,1361.0,1361.800048828125,5693
2025-11-12 08:46:00+00:00,1361.300048828125,1361.5,1361.300048828125,1361.5,3398
2025-11-12 08:47:00+00:00,1361.300048828125,1361.699951171875,1361.300048828125,1361.4000244140625,31896
2025-11-12 08:48:00+00:00,1361.5,1361.699951171875,1361.199951171875,1361.300048828125,12543
2025-11-12 08:49:00+00:00,1361.5,1361.9000244140625,1361.199951171875,1361.5,7441
2025-11-12 08:50:00+00:00,1361.0,1361.5,1361.0,1361.199951171875,5182
2025-11-12 08:51:00+00:00,1361.199951171875,1361.199951171875,1361.0,1361.199951171875,5176
2025-11-12 08:52:00+00:00,1360.800048828125,1361.199951171875,1360.800048828125,1361.199951171875,5173
2025-11-12 08:53:00+00:00,1360.699951171875,1360.9000244140625,1360.699951171875,1360.699951171875,6213
2025-11-12 08:54:00+00:00,1361.0999755859375,1361.0999755859375,1360.800048828125,1361.0,9379
2025-11-12 08:55:00+00:00,1362.0,1362.0999755859375,1361.0,1361.0999755859375,15346
2025-11-12 08:56:00+00:00,1362.0,1362.0999755859375,1361.5,1362.0999755859375,59506
2025-11-12 08:57:00+00:00,1362.199951171875,1362.199951171875,1361.4000244140625,1362.0999755859375,54049
2025-11-12 08:58:00+00:00,1361.9000244140625,1362.4000244140625,1361.800048828125,1362.0999755859375,50103
2025-11-12 08:59:00+00:00,1361.800048828125,1361.9000244140625,1361.4000244140625,1361.9000244140625,12569
2025-11-12 09:00:00+00:00,1361.9000244140625,1361.9000244140625,1361.5999755859375,1361.800048828125,10139
2025-11-12 09:01:00+00:00,1362.699951171875,1362.699951171875,1361.800048828125,1361.9000244140625,29321
2025-11-12 09:02:00+00:00,1362.0,1362.5999755859375,1362.0,1362.5,21308
2025-11-12 09:03:00+00:00,1362.5,1362.5999755859375,1362.0,1362.0,9940
2025-11-12 09:04:00+00:00,1362.300048828125,1362.5,1362.0999755859375,1362.5,6915
2025-11-12 09:05:00+00:00,1362.0999755859375,1362.5,1361.800048828125,1362.4000244140625,10659
2025-11-12 09:06:00+00:00,1361.800048828125,1362.0999755859375,1361.5,1362.0999755859375,4586
2025-11-12 09:07:00+00:00,1361.300048828125,1361.699951171875,1361.300048828125,1361.699951171875,6218
2025-11-12 09:08:00+00:00,1361.199951171875,1361.5999755859375,1361.199951171875,1361.300048828125,5227
2025-11-12 09:09:00+00:00,1361.199951171875,1361.300048828125,1361.0999755859375,1361.300048828125,6460
2025-11-12 09:10:00+00:00,1361.4000244140625,1361.4000244140625,1361.0999755859375,1361.0999755859375,8310
2025-11-12 09:11:00+00:00,1360.9000244140625,1361.4000244140625,1360.9000244140625,1361.4000244140625,22873
2025-11-12 09:12:00+00:00,1360.5999755859375,1361.0999755859375,1360.4000244140625,1361.0999755859375,54994
2025-11-12 09:13:00+00:00,1360.4000244140625,1361.0,1360.4000244140625,1360.5999755859375,51105
2025-11-12 09:14:00+00:00,1361.199951171875,1361.199951171875,1360.199951171875,1360.4000244140625,31901
2025-11-12 09:15:00+00:00,1361.199951171875,1361.5,1360.9000244140625,1361.199951171875,7024
2025-11-12 09:16:00+00:00,1361.300048828125,1361.4000244140625,1360.9000244140625,1361.199951171875,4018
2025-11-12 09:17:00+00:00,1361.0999755859375,1361.4000244140625,1361.0999755859375,1361.300048828125,5449
2025-11-12 09:18:00+00:00,1361.300048828125,1361.300048828125,1361.0999755859375,1361.199951171875,6587
2025-11-12 09:19:00+00:00,1361.199951171875,1361.300048828125,1361.0999755859375,1361.300048828125,5580
2025-11-12 09:20:00+00:00,1361.0999755859375,1361.300048828125,1360.800048828125,1361.300048828125,9783
2025-11-12 09:21:00+00:00,1361.699951171875,1361.699951171875,1361.0,1361.0999755859375,17705
2025-11-12 09:22:00+00:00,1362.800048828125,1362.9000244140625,1361.699951171875,1361.699951171875,20783
2025-11-12 09:23:00+00:00,1362.5,1362.800048828125,1362.0,1362.800048828125,19224
2025-11-12 09:24:00+00:00,1362.699951171875,1362.800048828125,1362.0,1362.5,19073
2025-11-12 09:25:00+00:00,1362.699951171875,1362.699951171875,1361.5999755859375,1362.699951171875,21684
2025-11-12 09:26:00+00:00,1362.4000244140625,1363.0,1362.300048828125,1362.699951171875,17794
2025-11-12 09:27:00+00:00,1362.699951171875,1362.699951171875,1361.5999755859375,1362.5999755859375,21208
2025-11-12 09:28:00+00:00,1362.300048828125,1362.5999755859375,1361.5,1362.5999755859375,22029
2025-11-12 09:29:00+00:00,1362.5,1362.699951171875,1362.0,1362.300048828125,16857
2025-11-12 09:30:00+00:00,1362.199951171875,1362.5999755859375,1362.0,1362.5999755859375,40721
2025-11-12 09:31:00+00:00,1361.0,1362.199951171875,1360.9000244140625,1362.0999755859375,41150
2025-11-12 09:32:00+00:00,1360.699951171875,1361.0999755859375,1360.5999755859375,1361.0999755859375,50424
2025-11-12 09:33:00+00:00,1360.5999755859375,1360.800048828125,1360.4000244140625,1360.699951171875,47854
2025-11-12 09:34:00+00:00,1360.0,1360.5999755859375,1359.800048828125,1360.4000244140625,65505
2025-11-12 09:35:00+00:00,1360.300048828125,1360.4000244140625,1360.0,1360.0999755859375,62093
2025-11-12 09:36:00+00:00,1360.9000244140625,1360.9000244140625,1360.300048828125,1360.4000244140625,52179
2025-11-12 09:37:00+00:00,1360.5,1361.0,1360.5,1360.9000244140625,52736
2025-11-12 09:38:00+00:00,1360.5999755859375,1360.699951171875,1360.4000244140625,1360.699951171875,48854
2025-11-12 09:39:00+00:00,1360.5999755859375,1360.5999755859375,1360.199951171875,1360.5999755859375,45494
2025-11-12 09:40:00+00:00,1360.5999755859375,1360.5999755859375,1360.300048828125,1360.5,49029
2025-11-12 09:41:00+00:00,1359.0999755859375,1360.5999755859375,1358.800048828125,1360.5999755859375,45048
2025-11-12 09:42:00+00:00,1358.5999755859375,1359.0999755859375,1358.4000244140625,1359.0999755859375,49064
2025-11-12 09:43:00+00:00,1358.9000244140625,1359.0,1358.4000244140625,1358.5999755859375,56425
2025-11-12 09:44:00+00:00,1358.699951171875,1358.9000244140625,1358.300048828125,1358.800048828125,71008
2025-11-12 09:45:00+00:00,1358.0,1358.699951171875,1358.0,1358.5999755859375,42386
2025-11-12 09:46:00+00:00,1358.300048828125,1358.5,1357.5,1358.0999755859375,75899
2025-11-12 09:47:00+00:00,1357.800048828125,1358.5999755859375,1357.800048828125,1358.300048828125,41946
2025-11-12 09:48:00+00:00,1357.5999755859375,1358.0999755859375,1357.4000244140625,1358.0999755859375,50759
2025-11-12 09:49:00+00:00,1357.300048828125,1357.699951171875,1357.300048828125,1357.5999755859375,43009
2025-11-12 09:50:00+00:00,1357.5999755859375,1357.699951171875,1357.300048828125,1357.300048828125,61833
2025-11-12 09:51:00+00:00,1357.9000244140625,1358.0,1357.4000244140625,1357.5999755859375,63261
2025-11-12 09:52:00+00:00,1357.5999755859375,1357.9000244140625,1357.300048828125,1357.800048828125,49961
2025-11-12 09:53:00+00:00,1357.699951171875,1357.699951171875,1357.199951171875,1357.699951171875,66693
2025-11-12 09:54:00+00:00,1357.699951171875,1358.5,1357.5999755859375,1357.699951171875,66528
2025-11-12 09:55:00+00:00,1357.5999755859375,1358.199951171875,1357.5,1358.0999755859375,54189
2025-11-12 09:56:00+00:00,1357.9000244140625,1357.9000244140625,1357.300048828125,1357.699951171875,70228
2025-11-12 09:57:00+00:00,1357.9000244140625,1358.0999755859375,1357.800048828125,1358.0,44785
2025-11-12 09:58:00+00:00,1357.5,1357.9000244140625,1357.0999755859375,1357.9000244140625,62904
2025-11-12 09:59:00+00:00,1358.9000244140625,1358.9000244140625,1355.9000244140625,1357.5999755859375,38162
2025-11-13 03:45:00+00:00,1363.0,1364.300048828125,1360.0,1360.0,0
2025-11-13 03:46:00+00:00,1365.4000244140625,1365.4000244140625,1362.9000244140625,1363.0,123993
2025-11-13 03:47:00+00:00,1365.9000244140625,1366.4000244140625,1364.9000244140625,1365.0999755859375,131221
2025-11-13 03:48:00+00:00,1366.199951171875,1366.4000244140625,1364.699951171875,1366.0,140264
2025-11-13 03:49:00+00:00,1365.800048828125,1366.4000244140625,1365.0999755859375,1366.0,122145
2025-11-13 03:50:00+00:00,1365.5,1365.9000244140625,1364.800048828125,1365.300048828125,68167
2025-11-13 03:51:00+00:00,1364.5,1365.4000244140625,1364.4000244140625,1365.300048828125,27760
2025-11-13 03:52:00+00:00,1364.5,1364.699951171875,1363.300048828125,1364.699951171875,42728
2025-11-13 03:53:00+00:00,1366.0,1366.4000244140625,1363.800048828125,1364.199951171875,75082
2025-11-13 03:54:00+00:00,1368.300048828125,1368.4000244140625,1365.9000244140625,1366.0,84981
2025-11-13 03:55:00+00:00,1368.300048828125,1368.4000244140625,1367.199951171875,1368.0,98448
2025-11-13 03:56:00+00:00,1368.0999755859375,1368.5,1368.0,1368.300048828125,43849
2025-11-13 03:57:00+00:00,1369.0,1369.199951171875,1368.0,1368.199951171875,62972
2025-11-13 03:58:00+00:00,1369.300048828125,1369.5999755859375,1368.4000244140625,1369.0999755859375,71785
2025-11-13 03:59:00+00:00,1368.300048828125,1369.699951171875,1368.199951171875,1369.199951171875,49902
2025-11-13 04:00:00+00:00,1369.9000244140625,1369.9000244140625,1368.199951171875,1368.199951171875,63823
2025-11-13 04:01:00+00:00,1369.5999755859375,1370.0,1369.0,1369.9000244140625,66032
2025-11-13 04:02:00+00:00,1369.800048828125,1369.9000244140625,1369.5,1369.5,33371
2025-11-13 04:03:00+00:00,1370.0,1370.800048828125,1369.800048828125,1369.800048828125,135429
2025-11-13 04:04:00+00:00,1369.5,1370.0,1368.699951171875,1370.0,64370
2025-11-13 04:05:00+00:00,1369.199951171875,1369.9000244140625,1369.0,1369.4000244140625,32240
2025-11-13 04:06:00+00:00,1369.9000244140625,1369.9000244140625,1368.9000244140625,1369.0,36295
2025-11-13 04:07:00+00:00,1370.300048828125,1370.300048828125,1369.4000244140625,1369.699951171875,43318
2025-11-13 04:08:00+00:00,1369.9000244140625,1370.5999755859375,1369.9000244140625,1370.300048828125,37071
2025-11-13 04:09:00+00:00,1369.9000244140625,1370.4000244140625,1369.699951171875,1370.300048828125,24254
2025-11-13 04:10:00+00:00,1371.199951171875,1371.300048828125,1369.800048828125,1369.800048828125,42282
2025-11-13 04:11:00+00:00,1371.5999755859375,1372.0,1371.199951171875,1371.300048828125,42448
2025-11-13 04:12:00+00:00,1373.0,1373.5,1371.0999755859375,1371.5999755859375,59481
2025-11-13 04:13:00+00:00,1372.5999755859375,1373.4000244140625,1372.199951171875,1373.0,17077
2025-11-13 04:14:00+00:00,1374.9000244140625,1374.9000244140625,1372.4000244140625,1372.5999755859375,96070
2025-11-13 04:15:00+00:00,1374.0999755859375,1375.0,1374.0999755859375,1374.9000244140625,38449
2025-11-13 04:16:00+00:00,1375.699951171875,1375.9000244140625,1374.0,1374.0999755859375,184568
2025-11-13 04:17:00+00:00,1375.4000244140625,1376.0999755859375,1375.300048828125,1376.0,146369
2025-11-13 04:18:00+00:00,1375.4000244140625,1375.4000244140625,1375.0,1375.199951171875,18391
2025-11-13 04:19:00+00:00,1375.300048828125,1375.800048828125,1375.0,1375.5,19420
2025-11-13 04:20:00+00:00,1375.300048828125,1376.0,1375.199951171875,1375.5,23620
2025-11-13 04:21:00+00:00,1375.300048828125,1375.5,1375.199951171875,1375.300048828125,13771
2025-11-13 04:22:00+00:00,1375.5999755859375,1375.5999755859375,1375.0999755859375,1375.300048828125,28246
2025-11-13 04:23:00+00:00,1375.5,1375.5999755859375,1375.0,1375.5,25513
2025-11-13 04:24:00+00:00,1375.0999755859375,1375.800048828125,1374.5999755859375,1375.300048828125,26663
2025-11-13 04:25:00+00:00,1375.0999755859375,1375.4000244140625,1375.0,1375.0999755859375,11906
2025-11-13 04:26:00+00:00,1375.300048828125,1375.4000244140625,1375.0,1375.0999755859375,26148
2025-11-13 04:27:00+00:00,1375.300048828125,1375.4000244140625,1375.0,1375.300048828125,23006
2025-11-13 04:28:00+00:00,1375.199951171875,1375.5,1375.0999755859375,1375.4000244140625,22510
2025-11-13 04:29:00+00:00,1375.5,1375.5,1375.0,1375.199951171875,20374
2025-11-13 04:30:00+00:00,1375.5,1375.800048828125,1375.199951171875,1375.5,22530
2025-11-13 04:31:00+00:00,1376.5,1376.5,1375.4000244140625,1375.4000244140625,30227
2025-11-13 04:32:00+00:00,1375.9000244140625,1376.5,1375.5,1376.5,20982
2025-11-13 04:33:00+00:00,1376.800048828125,1376.800048828125,1375.5999755859375,1376.300048828125,34828
2025-11-13 04:34:00+00:00,1376.0999755859375,1376.5999755859375,1375.9000244140625,1376.5,27799
2025-11-13 04:35:00+00:00,1376.300048828125,1376.5,1376.0,1376.0999755859375,11776
2025-11-13 04:36:00+00:00,1376.0,1376.4000244140625,1375.9000244140625,1376.4000244140625,18490
2025-11-13 04:37:00+00:00,1379.4000244140625,1380.0,1376.0999755859375,1376.0999755859375,884212
2025-11-13 04:38:00+00:00,1380.199951171875,1381.0,1379.0999755859375,1379.300048828125,504387
2025-11-13 04:39:00+00:00,1382.0,1382.0,1379.699951171875,1380.199951171875,147276
2025-11-13 04:40:00+00:00,1381.800048828125,1382.0,1381.0,1382.0,141976
2025-11-13 04:41:00+00:00,1382.9000244140625,1383.199951171875,1381.300048828125,1381.5999755859375,92614
2025-11-13 04:42:00+00:00,1382.0999755859375,1383.5,1382.0,1382.9000244140625,58751
2025-11-13 04:43:00+00:00,1381.5999755859375,1382.5,1381.300048828125,1382.0999755859375,52846
2025-11-13 04:44:00+00:00,1382.0,1382.5,1381.5,1381.800048828125,42745
2025-11-13 04:45:00+00:00,1382.5,1383.0,1381.699951171875,1382.0,47974
2025-11-13 04:46:00+00:00,1381.9000244140625,1382.5,1381.9000244140625,1382.4000244140625,35204
2025-11-13 04:47:00+00:00,1384.300048828125,1384.4000244140625,1381.699951171875,1382.0,120393
2025-11-13 04:48:00+00:00,1384.0,1385.0,1383.5,1384.300048828125,79378
2025-11-13 04:49:00+00:00,1385.0,1385.199951171875,1382.9000244140625,1383.800048828125,422735
2025-11-13 04:50:00+00:00,1385.0,1385.4000244140625,1384.0999755859375,1385.199951171875,233974
2025-11-13 04:51:00+00:00,1385.0999755859375,1385.300048828125,1385.0,1385.0999755859375,104943
2025-11-13 04:52:00+00:00,1385.0,1385.0999755859375,1384.5999755859375,1385.0,149908
2025-11-13 04:53:00+00:00,1385.300048828125,1385.5,1384.9000244140625,1385.0,229048
2025-11-13 04:54:00+00:00,1385.5,1385.9000244140625,1385.0,1385.300048828125,59508
2025-11-13 04:55:00+00:00,1384.0999755859375,1385.4000244140625,1384.0,1385.0999755859375,96808
2025-11-13 04:56:00+00:00,1384.0,1384.699951171875,1383.5999755859375,1384.0,34331
2025-11-13 04:57:00+00:00,1383.300048828125,1384.4000244140625,1382.9000244140625,1384.0,46713
2025-11-13 04:58:00+00:00,1383.5,1383.699951171875,1383.0,1383.300048828125,18244
2025-11-13 04:59:00+00:00,1383.9000244140625,1383.9000244140625,1383.0999755859375,1383.4000244140625,16522
2025-11-13 05:00:00+00:00,1384.699951171875,1384.800048828125,1383.699951171875,1383.800048828125,62508
2025-11-13 05:01:00+00:00,1384.9000244140625,1385.0,1384.199951171875,1384.4000244140625,8925
2025-11-13 05:02:00+00:00,1384.699951171875,1385.0,1384.300048828125,1384.9000244140625,12428
2025-11-13 05:03:00+00:00,1385.4000244140625,1385.9000244140625,1384.4000244140625,1384.4000244140625,26780
2025-11-13 05:04:00+00:00,1385.9000244140625,1386.0,1385.300048828125,1385.800048828125,31250
2025-11-13 05:05:00+00:00,1385.5,1385.9000244140625,1384.800048828125,1385.9000244140625,20267
2025-11-13 05:06:00+00:00,1385.5,1385.5,1385.300048828125,1385.300048828125,11799
2025-11-13 05:07:00+00:00,1385.4000244140625,1385.9000244140625,1385.300048828125,1385.4000244140625,14000
2025-11-13 05:08:00+00:00,1385.5999755859375,1385.9000244140625,1385.199951171875,1385.5999755859375,15214
2025-11-13 05:09:00+00:00,1385.5999755859375,1385.800048828125,1385.0999755859375,1385.300048828125,10659
2025-11-13 05:10:00+00:00,1385.699951171875,1385.800048828125,1385.300048828125,1385.5999755859375,10279
2025-11-13 05:11:00+00:00,1385.5,1385.699951171875,1385.300048828125,1385.5,5669
2025-11-13 05:12:00+00:00,1385.4000244140625,1385.9000244140625,1385.300048828125,1385.300048828125,22221
2025-11-13 05:13:00+00:00,1385.800048828125,1385.800048828125,1385.300048828125,1385.5,29193
2025-11-13 05:14:00+00:00,1385.9000244140625,1386.199951171875,1385.5,1385.800048828125,38756
2025-11-13 05:15:00+00:00,1385.9000244140625,1386.0,1385.5,1385.9000244140625,15115
2025-11-13 05:16:00+00:00,1385.4000244140625,1385.800048828125,1385.300048828125,1385.5,15731
2025-11-13 05:17:00+00:00,1385.800048828125,1385.800048828125,1385.4000244140625,1385.699951171875,16469
2025-11-13 05:18:00+00:00,1385.5999755859375,1385.800048828125,1385.5,1385.5,8140
2025-11-13 05:19:00+00:00,1385.699951171875,1385.800048828125,1385.300048828125,1385.5,20082
2025-11-13 05:20:00+00:00,1385.5999755859375,1385.800048828125,1385.5,1385.5,15632
2025-11-13 05:21:00+00:00,1385.4000244140625,1385.699951171875,1385.4000244140625,1385.5,11348
2025-11-13 05:22:00+00:00,1385.4000244140625,1385.5,1385.4000244140625,1385.4000244140625,14363
2025-11-13 05:23:00+00:00,1385.5999755859375,1386.0,1385.300048828125,1385.300048828125,19876
2025-11-13 05:24:00+00:00,1385.300048828125,1385.9000244140625,1385.300048828125,1385.699951171875,19902
2025-11-13 05:25:00+00:00,1385.5,1385.5,1385.0999755859375,1385.4000244140625,16073
2025-11-13 05:26:00+00:00,1385.5,1385.800048828125,1385.300048828125,1385.5999755859375,10783
2025-11-13 05:27:00+00:00,1385.5,1385.800048828125,1385.300048828125,1385.5,10327
2025-11-13 05:28:00+00:00,1385.5,1385.699951171875,1385.300048828125,1385.4000244140625,25579
2025-11-13 05:29:00+00:00,1385.5,1385.699951171875,1385.300048828125,1385.5,13978
2025-11-13 05:30:00+00:00,1385.699951171875,1385.800048828125,1385.300048828125,1385.5999755859375,5439
2025-11-13 05:31:00+00:00,1385.699951171875,1385.9000244140625,1385.5999755859375,1385.699951171875,14205
2025-11-13 05:32:00+00:00,1385.699951171875,1385.9000244140625,1385.5999755859375,1385.5999755859375,21278
2025-11-13 05:33:00+00:00,1385.9000244140625,1385.9000244140625,1385.199951171875,1385.699951171875,34248
2025-11-13 05:34:00+00:00,1386.4000244140625,1386.5999755859375,1385.9000244140625,1386.0,77669
2025-11-13 05:35:00+00:00,1386.5999755859375,1386.699951171875,1386.0,1386.5,19251
2025-11-13 05:36:00+00:00,1386.699951171875,1386.800048828125,1386.0,1386.5,36977
2025-11-13 05:37:00+00:00,1386.699951171875,1386.800048828125,1386.300048828125,1386.300048828125,44702
2025-11-13 05:38:00+00:00,1386.5,1386.800048828125,1386.300048828125,1386.800048828125,29783
2025-11-13 05:39:00+00:00,1386.300048828125,1386.800048828125,1386.0,1386.5,27540
2025-11-13 05:40:00+00:00,1386.5,1386.699951171875,1386.0,1386.4000244140625,16975
2025-11-13 05:41:00+00:00,1386.0999755859375,1386.5,1385.699951171875,1386.5,13612
2025-11-13 05:42:00+00:00,1385.699951171875,1386.5,1385.5999755859375,1386.199951171875,43193
2025-11-13 05:43:00+00:00,1385.699951171875,1385.9000244140625,1385.300048828125,1385.699951171875,32744
2025-11-13 05:44:00+00:00,1385.300048828125,1385.699951171875,1385.300048828125,1385.300048828125,22295
2025-11-13 05:45:00+00:00,1385.199951171875,1385.4000244140625,1385.0999755859375,1385.300048828125,49539
2025-11-13 05:46:00+00:00,1385.5,1385.5999755859375,1385.0999755859375,1385.0999755859375,47036
2025-11-13 05:47:00+00:00,1385.5,1385.5999755859375,1385.0999755859375,1385.4000244140625,15168
2025-11-13 05:48:00+00:00,1385.300048828125,1385.5999755859375,1385.0999755859375,1385.300048828125,21835
2025-11-13 05:49:00+00:00,1385.4000244140625,1385.5,1385.0999755859375,1385.300048828125,23631
2025-11-13 05:50:00+00:00,1385.199951171875,1385.699951171875,1385.199951171875,1385.4000244140625,25157
2025-11-13 05:51:00+00:00,1385.0999755859375,1385.5,1385.0999755859375,1385.0999755859375,64206
2025-11-13 05:52:00+00:00,1385.4000244140625,1385.699951171875,1385.0999755859375,1385.199951171875,16260
2025-11-13 05:53:00+00:00,1385.199951171875,1385.5999755859375,1385.0999755859375,1385.300048828125,14553
2025-11-13 05:54:00+00:00,1385.199951171875,1385.5,1385.0999755859375,1385.199951171875,12306
2025-11-13 05:55:00+00:00,1385.5999755859375,1385.5999755859375,1385.199951171875,1385.300048828125,11235
2025-11-13 05:56:00+00:00,1385.5,1385.9000244140625,1385.300048828125,1385.5999755859375,14428
2025-11-13 05:57:00+00:00,1385.9000244140625,1386.0,1385.5,1385.9000244140625,10857
2025-11-13 05:58:00+00:00,1385.699951171875,1386.199951171875,1385.4000244140625,1385.9000244140625,48066
2025-11-13 05:59:00+00:00,1386.0999755859375,1386.0999755859375,1385.300048828125,1385.5,12476
2025-11-13 06:00:00+00:00,1385.300048828125,1386.0999755859375,1385.0999755859375,1386.0999755859375,30948
2025-11-13 06:01:00+00:00,1385.5,1385.699951171875,1385.199951171875,1385.699951171875,17956
2025-11-13 06:02:00+00:00,1385.5999755859375,1385.699951171875,1385.300048828125,1385.5999755859375,7925
2025-11-13 06:03:00+00:00,1385.800048828125,1386.0999755859375,1385.300048828125,1385.5999755859375,47140
2025-11-13 06:04:00+00:00,1386.300048828125,1386.4000244140625,1385.800048828125,1386.0,21870
2025-11-13 06:05:00+00:00,1386.199951171875,1386.4000244140625,1385.800048828125,1386.199951171875,8914
2025-11-13 06:06:00+00:00,1386.199951171875,1386.300048828125,1385.9000244140625,1386.0999755859375,15283
2025-11-13 06:07:00+00:00,1386.199951171875,1386.300048828125,1386.0,1386.0999755859375,9058
2025-11-13 06:08:00+00:00,1386.4000244140625,1386.4000244140625,1386.0,1386.300048828125,17559
2025-11-13 06:09:00+00:00,1386.9000244140625,1387.0,1386.0,1386.4000244140625,35295
2025-11-13 06:10:00+00:00,1386.699951171875,1387.0,1386.4000244140625,1386.800048828125,8482
2025-11-13 06:11:00+00:00,1386.4000244140625,1387.0,1386.300048828125,1386.5999755859375,27889
2025-11-13 06:12:00+00:00,1386.5999755859375,1386.699951171875,1386.199951171875,1386.4000244140625,10045
2025-11-13 06:13:00+00:00,1386.5,1386.5999755859375,1386.300048828125,1386.5999755859375,11030
2025-11-13 06:14:00+00:00,1386.699951171875,1386.699951171875,1386.4000244140625,1386.4000244140625,18076
2025-11-13 06:15:00+00:00,1386.699951171875,1386.9000244140625,1386.5,1386.800048828125,17827
2025-11-13 06:16:00+00:00,1386.699951171875,1387.0,1386.4000244140625,1386.800048828125,16512
2025-11-13 06:17:00+00:00,1386.800048828125,1387.0,1386.5999755859375,1386.699951171875,26619
2025-11-13 06:18:00+00:00,1386.699951171875,1387.4000244140625,1386.699951171875,1386.9000244140625,78751
2025-11-13 06:19:00+00:00,1387.699951171875,1387.800048828125,1386.5,1386.800048828125,54493
2025-11-13 06:20:00+00:00,1387.699951171875,1387.699951171875,1387.0999755859375,1387.699951171875,10851
2025-11-13 06:21:00+00:00,1387.5999755859375,1387.699951171875,1387.0999755859375,1387.5999755859375,9637
2025-11-13 06:22:00+00:00,1387.800048828125,1387.800048828125,1387.0,1387.5,36712
2025-11-13 06:23:00+00:00,1387.699951171875,1387.9000244140625,1387.5999755859375,1387.5999755859375,42218
2025-11-13 06:24:00+00:00,1388.0,1388.0999755859375,1387.5999755859375,1387.699951171875,29234
2025-11-13 06:25:00+00:00,1388.0,1388.0999755859375,1387.9000244140625,1387.9000244140625,20045
2025-11-13 06:26:00+00:00,1388.199951171875,1388.199951171875,1387.699951171875,1388.0,51760
2025-11-13 06:27:00+00:00,1387.800048828125,1388.300048828125,1387.699951171875,1388.199951171875,70858
2025-11-13 06:28:00+00:00,1387.9000244140625,1388.0,1387.5,1387.800048828125,20918
2025-11-13 06:29:00+00:00,1387.9000244140625,1387.9000244140625,1387.699951171875,1387.800048828125,49856
2025-11-13 06:30:00+00:00,1387.9000244140625,1388.0,1387.5999755859375,1388.0,44131
2025-11-13 06:31:00+00:00,1387.699951171875,1387.9000244140625,1387.5999755859375,1387.5999755859375,17829
2025-11-13 06:32:00+00:00,1387.800048828125,1387.9000244140625,1387.5999755859375,1387.5999755859375,23332
2025-11-13 06:33:00+00:00,1387.5999755859375,1388.0,1387.5999755859375,1387.800048828125,21039
2025-11-13 06:34:00+00:00,1387.199951171875,1388.0,1387.199951171875,1387.9000244140625,77910
2025-11-13 06:35:00+00:00,1388.199951171875,1388.199951171875,1387.199951171875,1387.199951171875,119584
2025-11-13 06:36:00+00:00,1388.4000244140625,1388.4000244140625,1388.0,1388.199951171875,25177
2025-11-13 06:37:00+00:00,1388.4000244140625,1388.5,1388.0,1388.300048828125,118413
2025-11-13 06:38:00+00:00,1388.800048828125,1388.800048828125,1388.199951171875,1388.199951171875,20505
2025-11-13 06:39:00+00:00,1388.5999755859375,1388.800048828125,1388.199951171875,1388.800048828125,102335
2025-11-13 06:40:00+00:00,1388.5,1388.5999755859375,1388.199951171875,1388.5999755859375,24527
2025-11-13 06:41:00+00:00,1388.0999755859375,1388.5999755859375,1388.0999755859375,1388.300048828125,22302
2025-11-13 06:42:00+00:00,1389.199951171875,1389.300048828125,1388.4000244140625,1388.5,115785
2025-11-13 06:43:00+00:00,1389.0,1389.199951171875,1388.699951171875,1388.9000244140625,60473
2025-11-13 06:44:00+00:00,1388.699951171875,1389.0999755859375,1388.699951171875,1389.0999755859375,95491
2025-11-13 06:45:00+00:00,1389.0999755859375,1389.4000244140625,1388.699951171875,1388.699951171875,27003
2025-11-13 06:46:00+00:00,1389.199951171875,1389.5,1389.0,1389.199951171875,12080
2025-11-13 06:47:00+00:00,1389.699951171875,1389.699951171875,1389.0,1389.4000244140625,48140
2025-11-13 06:48:00+00:00,1389.5,1389.800048828125,1389.0999755859375,1389.699951171875,40117
2025-11-13 06:49:00+00:00,1389.4000244140625,1389.5999755859375,1389.199951171875,1389.5,20007
2025-11-13 06:50:00+00:00,1389.0999755859375,1389.5999755859375,1389.0,1389.300048828125,25738
2025-11-13 06:51:00+00:00,1389.0999755859375,1389.5999755859375,1389.0999755859375,1389.300048828125,14864
2025-11-13 06:52:00+00:00,1390.0,1390.300048828125,1389.199951171875,1389.5,148838
2025-11-13 06:53:00+00:00,1390.0999755859375,1390.199951171875,1389.9000244140625,1390.0999755859375,27393
2025-11-13 06:54:00+00:00,1390.0999755859375,1390.300048828125,1389.800048828125,1390.0999755859375,33492
2025-11-13 06:55:00+00:00,1389.800048828125,1390.199951171875,1389.800048828125,1390.0999755859375,31453
2025-11-13 06:56:00+00:00,1390.0999755859375,1390.0999755859375,1389.800048828125,1389.800048828125,56462
2025-11-13 06:57:00+00:00,1389.800048828125,1390.0999755859375,1389.800048828125,1390.0,57090
2025-11-13 06:58:00+00:00,1390.0,1390.0999755859375,1389.300048828125,1390.0,323633
2025-11-13 06:59:00+00:00,1390.0999755859375,1390.0999755859375,1389.5999755859375,1389.5999755859375,45779
2025-11-13 07:00:00+00:00,1390.0999755859375,1390.199951171875,1390.0,1390.0,102389
2025-11-13 07:01:00+00:00,1390.0999755859375,1390.199951171875,1390.0999755859375,1390.0999755859375,27570
2025-11-13 07:02:00+00:00,1389.4000244140625,1390.199951171875,1389.4000244140625,1390.199951171875,127388
2025-11-13 07:03:00+00:00,1390.0999755859375,1390.0999755859375,1389.4000244140625,1389.5999755859375,443740
2025-11-13 07:04:00+00:00,1389.5,1390.0999755859375,1389.199951171875,1389.9000244140625,179233
2025-11-13 07:05:00+00:00,1389.9000244140625,1390.0999755859375,1389.4000244140625,1389.5,48471
2025-11-13 07:06:00+00:00,1389.4000244140625,1390.0999755859375,1389.4000244140625,1389.800048828125,137047
2025-11-13 07:07:00+00:00,1388.5999755859375,1390.0999755859375,1388.5999755859375,1389.5,157079
2025-11-13 07:08:00+00:00,1387.699951171875,1389.0,1387.5999755859375,1388.800048828125,44011
2025-11-13 07:09:00+00:00,1389.0,1389.0,1387.4000244140625,1387.699951171875,37840
2025-11-13 07:10:00+00:00,1388.9000244140625,1389.300048828125,1388.5,1389.0,119083
2025-11-13 07:11:00+00:00,1388.0,1389.300048828125,1388.0,1389.0999755859375,24581
2025-11-13 07:12:00+00:00,1388.0999755859375,1388.5999755859375,1388.0,1388.0999755859375,20708
2025-11-13 07:13:00+00:00,1386.800048828125,1388.0999755859375,1386.5999755859375,1388.0999755859375,42258
2025-11-13 07:14:00+00:00,1387.5,1387.9000244140625,1386.699951171875,1387.300048828125,15138
2025-11-13 07:15:00+00:00,1386.800048828125,1387.699951171875,1386.800048828125,1387.5,209579
2025-11-13 07:16:00+00:00,1387.0999755859375,1388.0,1386.800048828125,1386.800048828125,26397
2025-11-13 07:17:00+00:00,1387.699951171875,1387.699951171875,1387.0,1387.5,14810
2025-11-13 07:18:00+00:00,1387.5999755859375,1387.800048828125,1387.0999755859375,1387.699951171875,17727
2025-11-13 07:19:00+00:00,1387.5,1387.9000244140625,1387.300048828125,1387.5,13135
2025-11-13 07:20:00+00:00,1387.300048828125,1388.0,1387.300048828125,1387.4000244140625,12004
2025-11-13 07:21:00+00:00,1387.5999755859375,1387.9000244140625,1387.199951171875,1387.300048828125,18312
2025-11-13 07:22:00+00:00,1387.0999755859375,1388.0,1387.0999755859375,1387.699951171875,19521
2025-11-13 07:23:00+00:00,1386.9000244140625,1387.5,1386.4000244140625,1387.0999755859375,26420
2025-11-13 07:24:00+00:00,1387.0,1387.0,1386.0999755859375,1386.4000244140625,20203
2025-11-13 07:25:00+00:00,1386.699951171875,1387.5999755859375,1386.4000244140625,1387.0,17253
2025-11-13 07:26:00+00:00,1387.5999755859375,1387.5999755859375,1386.699951171875,1387.300048828125,11559
2025-11-13 07:27:00+00:00,1388.699951171875,1389.0999755859375,1387.0999755859375,1387.199951171875,43293
2025-11-13 07:28:00+00:00,1389.300048828125,1389.4000244140625,1388.4000244140625,1389.0,12437
2025-11-13 07:29:00+00:00,1389.0999755859375,1389.9000244140625,1388.5999755859375,1389.300048828125,40111
2025-11-13 07:30:00+00:00,1389.0,1389.800048828125,1388.9000244140625,1389.5,59982
2025-11-13 07:31:00+00:00,1389.300048828125,1389.699951171875,1388.800048828125,1389.0,18331
2025-11-13 07:32:00+00:00,1389.9000244140625,1389.9000244140625,1388.800048828125,1389.4000244140625,9407
2025-11-13 07:33:00+00:00,1389.800048828125,1389.800048828125,1389.0,1389.800048828125,19287
2025-11-13 07:34:00+00:00,1389.800048828125,1389.9000244140625,1389.0999755859375,1389.800048828125,9683
2025-11-13 07:35:00+00:00,1389.5,1390.0,1389.4000244140625,1389.800048828125,11858
2025-11-13 07:36:00+00:00,1389.699951171875,1389.9000244140625,1389.199951171875,1389.5999755859375,16442
2025-11-13 07:37:00+00:00,1389.800048828125,1389.9000244140625,1389.0999755859375,1389.699951171875,18162
2025-11-13 07:38:00+00:00,1389.800048828125,1390.0,1389.300048828125,1389.5,14854
2025-11-13 07:39:00+00:00,1390.0,1390.0,1389.5,1389.5999755859375,10694
2025-11-13 07:40:00+00:00,1389.800048828125,1390.0,1389.5999755859375,1389.800048828125,13475
2025-11-13 07:41:00+00:00,1389.800048828125,1390.0,1389.5,1389.9000244140625,21208
2025-11-13 07:42:00+00:00,1389.4000244140625,1389.9000244140625,1389.4000244140625,1389.800048828125,13288
2025-11-13 07:43:00+00:00,1389.699951171875,1389.9000244140625,1389.4000244140625,1389.5999755859375,13419
2025-11-13 07:44:00+00:00,1389.699951171875,1389.800048828125,1389.0999755859375,1389.5,15921
2025-11-13 07:45:00+00:00,1389.4000244140625,1389.800048828125,1389.4000244140625,1389.800048828125,11399
2025-11-13 07:46:00+00:00,1389.5999755859375,1389.800048828125,1389.199951171875,1389.5,19632
2025-11-13 07:47:00+00:00,1389.699951171875,1390.0,1389.5999755859375,1389.800048828125,11267
2025-11-13 07:48:00+00:00,1389.699951171875,1390.0,1389.5999755859375,1390.0,15060
2025-11-13 07:49:00+00:00,1389.9000244140625,1390.0,1388.9000244140625,1390.0,58574
2025-11-13 07:50:00+00:00,1390.0,1390.0999755859375,1389.5,1389.9000244140625,19395
2025-11-13 07:51:00+00:00,1389.4000244140625,1390.0999755859375,1388.800048828125,1389.800048828125,35465
2025-11-13 07:52:00+00:00,1390.0999755859375,1390.0999755859375,1389.199951171875,1389.4000244140625,12188
2025-11-13 07:53:00+00:00,1390.0999755859375,1390.199951171875,1389.5,1390.0,51130
2025-11-13 07:54:00+00:00,1390.0,1390.0999755859375,1389.699951171875,1390.0999755859375,18668
2025-11-13 07:55:00+00:00,1390.0,1390.199951171875,1390.0,1390.0999755859375,16085
2025-11-13 07:56:00+00:00,1390.0999755859375,1390.199951171875,1390.0,1390.0999755859375,43556
2025-11-13 07:57:00+00:00,1390.0999755859375,1390.300048828125,1390.0999755859375,1390.300048828125,23359
2025-11-13 07:58:00+00:00,1389.800048828125,1390.0999755859375,1389.800048828125,1390.0999755859375,92760
2025-11-13 07:59:00+00:00,1389.9000244140625,1390.0999755859375,1389.800048828125,1389.9000244140625,7005
2025-11-13 08:00:00+00:00,1390.199951171875,1390.300048828125,1389.800048828125,1389.9000244140625,14940
2025-11-13 08:01:00+00:00,1390.0,1390.300048828125,1389.699951171875,1389.800048828125,13656
2025-11-13 08:02:00+00:00,1390.0,1390.199951171875,1389.699951171875,1389.9000244140625,14939
2025-11-13 08:03:00+00:00,1389.699951171875,1390.0999755859375,1389.5999755859375,1389.699951171875,21010
2025-11-13 08:04:00+00:00,1389.4000244140625,1390.0999755859375,1389.0999755859375,1389.9000244140625,32783
2025-11-13 08:05:00+00:00,1389.5999755859375,1390.0999755859375,1389.4000244140625,1389.4000244140625,15733
2025-11-13 08:06:00+00:00,1390.0,1390.0999755859375,1389.4000244140625,1389.5,13192
2025-11-13 08:07:00+00:00,1390.0999755859375,1390.199951171875,1389.5999755859375,1390.0,10458
2025-11-13 08:08:00+00:00,1389.800048828125,1390.0999755859375,1389.699951171875,1389.699951171875,20734
2025-11-13 08:09:00+00:00,1389.9000244140625,1390.199951171875,1389.9000244140625,1390.0999755859375,15183
2025-11-13 08:10:00+00:00,1390.0,1390.4000244140625,1389.800048828125,1389.9000244140625,13275
2025-11-13 08:11:00+00:00,1390.300048828125,1390.300048828125,1389.9000244140625,1390.0999755859375,4630
2025-11-13 08:12:00+00:00,1390.0,1390.4000244140625,1390.0,1390.0,9142
2025-11-13 08:13:00+00:00,1389.5,1390.199951171875,1389.5,1390.0999755859375,38552
2025-11-13 08:14:00+00:00,1389.5,1390.199951171875,1389.4000244140625,1390.0,20186
2025-11-13 08:15:00+00:00,1389.5999755859375,1390.199951171875,1389.5,1389.5,8295
2025-11-13 08:16:00+00:00,1390.0,1390.199951171875,1389.5999755859375,1389.800048828125,10243
2025-11-13 08:17:00+00:00,1390.0,1390.199951171875,1389.699951171875,1390.0,15420
2025-11-13 08:18:00+00:00,1389.9000244140625,1390.199951171875,1389.5999755859375,1390.199951171875,18945
2025-11-13 08:19:00+00:00,1390.0,1390.0999755859375,1389.699951171875,1390.0,17880
2025-11-13 08:20:00+00:00,1389.800048828125,1390.0999755859375,1389.699951171875,1390.0,16192
2025-11-13 08:21:00+00:00,1389.9000244140625,1390.0999755859375,1389.800048828125,1390.0,14371
2025-11-13 08:22:00+00:00,1390.0,1390.0,1389.9000244140625,1389.9000244140625,12673
2025-11-13 08:23:00+00:00,1389.800048828125,1390.0,1389.800048828125,1389.9000244140625,17050
2025-11-13 08:24:00+00:00,1390.0,1390.0,1389.699951171875,1389.800048828125,33775
2025-11-13 08:25:00+00:00,1389.699951171875,1390.0,1389.699951171875,1390.0,16778
2025-11-13 08:26:00+00:00,1389.699951171875,1390.0,1389.5999755859375,1390.0,20600
2025-11-13 08:27:00+00:00,1390.0,1390.0,1389.5,1389.699951171875,12385
2025-11-13 08:28:00+00:00,1390.0,1390.0,1389.5999755859375,1390.0,17404
2025-11-13 08:29:00+00:00,1387.9000244140625,1390.0,1387.5999755859375,1389.9000244140625,62244
2025-11-13 08:30:00+00:00,1386.5,1387.5999755859375,1386.4000244140625,1387.5999755859375,72522
2025-11-13 08:31:00+00:00,1386.5,1387.300048828125,1386.5,1386.5999755859375,49559
2025-11-13 08:32:00+00:00,1387.0,1387.199951171875,1386.0,1386.5,47058
2025-11-13 08:33:00+00:00,1386.9000244140625,1387.300048828125,1386.4000244140625,1386.9000244140625,29106
2025-11-13 08:34:00+00:00,1386.0,1387.0,1386.0,1386.9000244140625,39141
2025-11-13 08:35:00+00:00,1387.0,1387.0,1386.199951171875,1386.199951171875,26453
2025-11-13 08:36:00+00:00,1386.5,1387.0,1386.300048828125,1387.0,16677
2025-11-13 08:37:00+00:00,1387.300048828125,1387.800048828125,1386.699951171875,1387.0,18254
2025-11-13 08:38:00+00:00,1386.800048828125,1387.699951171875,1386.199951171875,1387.300048828125,38233
2025-11-13 08:39:00+00:00,1387.0,1387.5,1386.5999755859375,1386.9000244140625,15438
2025-11-13 08:40:00+00:00,1387.0,1387.199951171875,1386.5,1387.199951171875,21787
2025-11-13 08:41:00+00:00,1387.4000244140625,1387.4000244140625,1386.5,1387.0,21256
2025-11-13 08:42:00+00:00,1386.199951171875,1387.5,1386.199951171875,1386.9000244140625,29157
2025-11-13 08:43:00+00:00,1386.300048828125,1386.9000244140625,1386.0,1386.5999755859375,21781
2025-11-13 08:44:00+00:00,1386.9000244140625,1387.5,1386.699951171875,1386.800048828125,24178
2025-11-13 08:45:00+00:00,1387.4000244140625,1387.800048828125,1386.800048828125,1387.0,28927
2025-11-13 08:46:00+00:00,1386.9000244140625,1387.9000244140625,1386.800048828125,1387.4000244140625,27897
2025-11-13 08:47:00+00:00,1387.5999755859375,1387.9000244140625,1386.800048828125,1386.800048828125,23104
2025-11-13 08:48:00+00:00,1387.800048828125,1388.0,1387.199951171875,1387.5999755859375,14508
2025-11-13 08:49:00+00:00,1387.9000244140625,1387.9000244140625,1387.5,1387.5999755859375,18596
2025-11-13 08:50:00+00:00,1387.199951171875,1388.0,1387.0999755859375,1387.9000244140625,16720
2025-11-13 08:51:00+00:00,1387.0,1387.699951171875,1386.5999755859375,1387.199951171875,37293
2025-11-13 08:52:00+00:00,1386.4000244140625,1387.0,1386.300048828125,1386.699951171875,41476
2025-11-13 08:53:00+00:00,1386.0999755859375,1386.9000244140625,1385.699951171875,1386.199951171875,61213
2025-11-13 08:54:00+00:00,1387.300048828125,1387.4000244140625,1385.5999755859375,1386.0999755859375,33822
2025-11-13 08:55:00+00:00,1386.5999755859375,1387.4000244140625,1386.5,1387.300048828125,12441
2025-11-13 08:56:00+00:00,1387.0999755859375,1387.300048828125,1386.5,1386.5999755859375,14480
2025-11-13 08:57:00+00:00,1387.199951171875,1387.199951171875,1386.699951171875,1387.0999755859375,17399
2025-11-13 08:58:00+00:00,1387.0999755859375,1387.4000244140625,1386.9000244140625,1387.0,16066
2025-11-13 08:59:00+00:00,1387.0999755859375,1387.5,1386.9000244140625,1387.0999755859375,15229
2025-11-13 09:00:00+00:00,1387.5,1387.5,1387.0,1387.300048828125,16177
2025-11-13 09:01:00+00:00,1387.300048828125,1387.5999755859375,1387.199951171875,1387.5,57766
2025-11-13 09:02:00+00:00,1386.800048828125,1387.4000244140625,1386.800048828125,1387.4000244140625,71933
2025-11-13 09:03:00+00:00,1387.199951171875,1387.199951171875,1386.800048828125,1386.9000244140625,65123
2025-11-13 09:04:00+00:00,1386.800048828125,1387.300048828125,1386.5999755859375,1387.199951171875,36351
2025-11-13 09:05:00+00:00,1386.5,1386.800048828125,1385.699951171875,1386.800048828125,27682
2025-11-13 09:06:00+00:00,1386.300048828125,1386.699951171875,1386.199951171875,1386.5999755859375,15619
2025-11-13 09:07:00+00:00,1386.4000244140625,1386.699951171875,1386.199951171875,1386.300048828125,21680
2025-11-13 09:08:00+00:00,1385.9000244140625,1386.4000244140625,1384.9000244140625,1386.4000244140625,145946
2025-11-13 09:09:00+00:00,1385.0999755859375,1386.0,1385.0999755859375,1385.9000244140625,23287
2025-11-13 09:10:00+00:00,1385.5,1385.5999755859375,1385.0999755859375,1385.199951171875,31508
2025-11-13 09:11:00+00:00,1385.9000244140625,1386.199951171875,1385.0,1385.5,52668
2025-11-13 09:12:00+00:00,1385.800048828125,1386.0999755859375,1385.300048828125,1385.9000244140625,72777
2025-11-13 09:13:00+00:00,1386.4000244140625,1386.4000244140625,1385.699951171875,1385.800048828125,87572
2025-11-13 09:14:00+00:00,1385.4000244140625,1386.5,1385.4000244140625,1386.5,45307
2025-11-13 09:15:00+00:00,1385.5999755859375,1386.0999755859375,1385.5,1385.800048828125,29335
2025-11-13 09:16:00+00:00,1386.699951171875,1387.0,1385.5,1385.9000244140625,29890
2025-11-13 09:17:00+00:00,1386.199951171875,1387.0,1385.9000244140625,1387.0,101198
2025-11-13 09:18:00+00:00,1386.5,1386.5,1386.0999755859375,1386.5,27539
2025-11-13 09:19:00+00:00,1385.800048828125,1386.5999755859375,1385.800048828125,1386.300048828125,38595
2025-11-13 09:20:00+00:00,1386.300048828125,1386.300048828125,1385.5,1385.699951171875,44395
2025-11-13 09:21:00+00:00,1385.5,1386.0999755859375,1385.300048828125,1386.0999755859375,48689
2025-11-13 09:22:00+00:00,1385.5,1385.800048828125,1385.300048828125,1385.5,60705
2025-11-13 09:23:00+00:00,1385.300048828125,1385.4000244140625,1385.300048828125,1385.300048828125,76542
2025-11-13 09:24:00+00:00,1385.300048828125,1386.199951171875,1385.199951171875,1385.300048828125,127785
2025-11-13 09:25:00+00:00,1385.300048828125,1386.0,1385.0999755859375,1385.9000244140625,39250
2025-11-13 09:26:00+00:00,1386.4000244140625,1386.4000244140625,1385.199951171875,1385.300048828125,45759
2025-11-13 09:27:00+00:00,1386.300048828125,1386.4000244140625,1385.9000244140625,1386.300048828125,40739
2025-11-13 09:28:00+00:00,1385.4000244140625,1386.300048828125,1385.4000244140625,1386.0,42766
2025-11-13 09:29:00+00:00,1385.5999755859375,1385.5999755859375,1385.300048828125,1385.4000244140625,46430
2025-11-13 09:30:00+00:00,1385.4000244140625,1385.5999755859375,1385.300048828125,1385.5,62302
2025-11-13 09:31:00+00:00,1385.300048828125,1385.5999755859375,1385.0999755859375,1385.4000244140625,117139
2025-11-13 09:32:00+00:00,1385.699951171875,1386.0,1385.300048828125,1385.699951171875,42963
2025-11-13 09:33:00+00:00,1385.5,1386.0,1385.5,1385.9000244140625,50108
2025-11-13 09:34:00+00:00,1385.800048828125,1386.0,1385.5999755859375,1386.0,53861
2025-11-13 09:35:00+00:00,1385.699951171875,1385.9000244140625,1385.5,1385.800048828125,60489
2025-11-13 09:36:00+00:00,1385.5999755859375,1385.699951171875,1385.4000244140625,1385.5,52296
2025-11-13 09:37:00+00:00,1385.5999755859375,1385.699951171875,1385.300048828125,1385.5999755859375,79149
2025-11-13 09:38:00+00:00,1386.4000244140625,1386.5,1385.5,1385.5,43406
2025-11-13 09:39:00+00:00,1385.699951171875,1386.4000244140625,1385.5999755859375,1386.4000244140625,53388
2025-11-13 09:40:00+00:00,1386.5,1386.5,1385.300048828125,1385.699951171875,148504
2025-11-13 09:41:00+00:00,1385.800048828125,1385.9000244140625,1385.300048828125,1385.9000244140625,113460
2025-11-13 09:42:00+00:00,1385.5999755859375,1385.800048828125,1385.4000244140625,1385.800048828125,41891
2025-11-13 09:43:00+00:00,1385.9000244140625,1385.9000244140625,1385.4000244140625,1385.699951171875,51783
2025-11-13 09:44:00+00:00,1385.5999755859375,1385.9000244140625,1385.4000244140625,1385.699951171875,52367
2025-11-13 09:45:00+00:00,1386.300048828125,1386.699951171875,1385.4000244140625,1385.5999755859375,66168
2025-11-13 09:46:00+00:00,1387.300048828125,1387.5,1386.199951171875,1386.300048828125,82224
2025-11-13 09:47:00+00:00,1386.4000244140625,1387.300048828125,1386.199951171875,1387.199951171875,60025
2025-11-13 09:48:00+00:00,1386.800048828125,1387.0,1386.300048828125,1386.5,42430
2025-11-13 09:49:00+00:00,1385.9000244140625,1386.699951171875,1385.5999755859375,1386.699951171875,83412
2025-11-13 09:50:00+00:00,1386.0,1386.300048828125,1385.800048828125,1385.800048828125,80274
2025-11-13 09:51:00+00:00,1385.4000244140625,1386.0,1385.300048828125,1385.9000244140625,124940
2025-11-13 09:52:00+00:00,1385.9000244140625,1386.0999755859375,1385.300048828125,1385.800048828125,31203
2025-11-13 09:53:00+00:00,1385.699951171875,1385.9000244140625,1385.5999755859375,1385.800048828125,43746
2025-11-13 09:54:00+00:00,1386.0,1386.0999755859375,1385.5999755859375,1385.699951171875,51192
2025-11-13 09:55:00+00:00,1386.4000244140625,1386.5999755859375,1385.9000244140625,1386.199951171875,63727
2025-11-13 09:56:00+00:00,1386.0999755859375,1386.4000244140625,1386.0,1386.199951171875,59145
2025-11-13 09:57:00+00:00,1385.4000244140625,1386.4000244140625,1385.300048828125,1386.0999755859375,68013
2025-11-13 09:58:00+00:00,1385.699951171875,1386.5,1385.4000244140625,1385.5,52916
2025-11-13 09:59:00+00:00,1385.9000244140625,1386.5,1385.300048828125,1385.699951171875,19383
2025-11-14 03:45:00+00:00,1380.800048828125,1381.199951171875,1375.0999755859375,1375.0999755859375,0
2025-11-14 03:46:00+00:00,1379.0999755859375,1380.699951171875,1378.0999755859375,1380.699951171875,42183
2025-11-14 03:47:00+00:00,1378.4000244140625,1379.0,1377.4000244140625,1379.0,28307
2025-11-14 03:48:00+00:00,1378.0999755859375,1378.9000244140625,1377.9000244140625,1378.9000244140625,21673
2025-11-14 03:49:00+00:00,1379.199951171875,1379.5999755859375,1378.0,1378.0,38591
2025-11-14 03:50:00+00:00,1377.9000244140625,1379.0,1377.4000244140625,1379.0,22465
2025-11-14 03:51:00+00:00,1378.0999755859375,1378.300048828125,1377.5999755859375,1377.5999755859375,15723
2025-11-14 03:52:00+00:00,1378.199951171875,1379.0,1378.0999755859375,1378.0999755859375,22732
2025-11-14 03:53:00+00:00,1377.4000244140625,1378.199951171875,1377.199951171875,1378.199951171875,14335
2025-11-14 03:54:00+00:00,1377.800048828125,1378.0,1377.4000244140625,1377.4000244140625,8131
2025-11-14 03:55:00+00:00,1378.4000244140625,1379.0,1377.0999755859375,1377.300048828125,37933
2025-11-14 03:56:00+00:00,1377.5999755859375,1378.199951171875,1376.5999755859375,1378.0,12889
2025-11-14 03:57:00+00:00,1377.5999755859375,1377.5999755859375,1376.5999755859375,1377.0999755859375,8434
2025-11-14 03:58:00+00:00,1377.4000244140625,1378.199951171875,1377.4000244140625,1378.199951171875,6541
2025-11-14 03:59:00+00:00,1379.5,1379.5,1377.199951171875,1377.4000244140625,24073
2025-11-14 04:00:00+00:00,1378.5,1379.5999755859375,1378.199951171875,1379.4000244140625,11629
2025-11-14 04:01:00+00:00,1379.0999755859375,1379.699951171875,1378.4000244140625,1378.5,29104
2025-11-14 04:02:00+00:00,1379.800048828125,1379.800048828125,1379.300048828125,1379.300048828125,7530
2025-11-14 04:03:00+00:00,1379.9000244140625,1379.9000244140625,1379.699951171875,1379.9000244140625,4635
2025-11-14 04:04:00+00:00,1380.199951171875,1380.199951171875,1379.9000244140625,1380.0999755859375,10867
2025-11-14 04:05:00+00:00,1378.800048828125,1380.5999755859375,1378.800048828125,1380.0999755859375,18007
2025-11-14 04:06:00+00:00,1378.800048828125,1378.800048828125,1378.199951171875,1378.699951171875,10794
2025-11-14 04:07:00+00:00,1378.4000244140625,1378.800048828125,1378.4000244140625,1378.800048828125,4776
2025-11-14 04:08:00+00:00,1378.0,1378.0999755859375,1377.699951171875,1377.699951171875,7726
2025-11-14 04:09:00+00:00,1377.800048828125,1379.0,1377.4000244140625,1378.300048828125,18270
2025-11-14 04:10:00+00:00,1377.699951171875,1378.800048828125,1377.300048828125,1378.0,5064
2025-11-14 04:11:00+00:00,1378.0999755859375,1378.0999755859375,1377.4000244140625,1377.4000244140625,5382
2025-11-14 04:12:00+00:00,1377.5999755859375,1378.0,1377.5999755859375,1377.699951171875,6873
2025-11-14 04:13:00+00:00,1378.0999755859375,1378.0999755859375,1377.699951171875,1377.800048828125,3802
2025-11-14 04:14:00+00:00,1378.0999755859375,1378.0999755859375,1377.5999755859375,1378.0,3695
2025-11-14 04:15:00+00:00,1378.199951171875,1378.199951171875,1377.9000244140625,1378.0999755859375,3815
2025-11-14 04:16:00+00:00,1378.300048828125,1378.4000244140625,1378.199951171875,1378.199951171875,1253
2025-11-14 04:17:00+00:00,1377.800048828125,1378.300048828125,1377.699951171875,1378.199951171875,3033
2025-11-14 04:18:00+00:00,1377.800048828125,1377.800048828125,1377.699951171875,1377.800048828125,4187
2025-11-14 04:19:00+00:00,1377.0999755859375,1377.800048828125,1377.0999755859375,1377.800048828125,14504
2025-11-14 04:20:00+00:00,1376.699951171875,1377.0,1376.0999755859375,1376.800048828125,8311
2025-11-14 04:21:00+00:00,1376.0999755859375,1376.5,1375.800048828125,1376.4000244140625,10824
2025-11-14 04:22:00+00:00,1376.199951171875,1376.4000244140625,1376.0,1376.0999755859375,11046
2025-11-14 04:23:00+00:00,1376.0999755859375,1376.300048828125,1376.0,1376.0999755859375,3932
2025-11-14 04:24:00+00:00,1375.9000244140625,1376.800048828125,1375.5999755859375,1376.800048828125,12213
2025-11-14 04:25:00+00:00,1375.9000244140625,1375.9000244140625,1375.5,1375.5,3836
2025-11-14 04:26:00+00:00,1376.800048828125,1377.199951171875,1375.699951171875,1375.699951171875,8143
2025-11-14 04:27:00+00:00,1376.5999755859375,1377.4000244140625,1376.5999755859375,1376.699951171875,4870
2025-11-14 04:28:00+00:00,1375.800048828125,1376.699951171875,1375.800048828125,1376.5999755859375,7840
2025-11-14 04:29:00+00:00,1376.5999755859375,1376.5999755859375,1375.699951171875,1375.9000244140625,6101
2025-11-14 04:30:00+00:00,1375.5999755859375,1376.199951171875,1375.5,1376.199951171875,2699
2025-11-14 04:31:00+00:00,1375.199951171875,1375.5999755859375,1375.199951171875,1375.5,8339
2025-11-14 04:32:00+00:00,1374.300048828125,1375.0,1374.199951171875,1374.9000244140625,25040
2025-11-14 04:33:00+00:00,1373.199951171875,1374.4000244140625,1373.0,1374.300048828125,33297
2025-11-14 04:34:00+00:00,1374.0,1374.0,1373.0999755859375,1373.300048828125,8107
2025-11-14 04:35:00+00:00,1374.199951171875,1374.199951171875,1373.699951171875,1373.9000244140625,5549
2025-11-14 04:36:00+00:00,1374.0999755859375,1374.199951171875,1374.0,1374.0999755859375,3928
2025-11-14 04:37:00+00:00,1373.699951171875,1374.300048828125,1373.699951171875,1374.199951171875,11942
2025-11-14 04:38:00+00:00,1373.800048828125,1373.9000244140625,1373.800048828125,1373.800048828125,1392
2025-11-14 04:39:00+00:00,1373.5,1374.0,1373.5,1373.9000244140625,5952
2025-11-14 04:40:00+00:00,1372.9000244140625,1373.5999755859375,1372.9000244140625,1373.5999755859375,6242
2025-11-14 04:41:00+00:00,1372.4000244140625,1373.0,1372.4000244140625,1372.9000244140625,18230
2025-11-14 04:42:00+00:00,1372.4000244140625,1372.699951171875,1372.300048828125,1372.699951171875,10180
2025-11-14 04:43:00+00:00,1372.0,1372.300048828125,1372.0,1372.300048828125,17662
2025-11-14 04:44:00+00:00,1372.199951171875,1372.300048828125,1371.9000244140625,1371.9000244140625,9593
2025-11-14 04:45:00+00:00,1372.5,1372.800048828125,1371.699951171875,1372.0999755859375,16070
2025-11-14 04:46:00+00:00,1372.5999755859375,1373.4000244140625,1372.5999755859375,1372.699951171875,21994
2025-11-14 04:47:00+00:00,1372.300048828125,1372.800048828125,1372.199951171875,1372.5999755859375,12671
2025-11-14 04:48:00+00:00,1372.4000244140625,1372.5999755859375,1372.0999755859375,1372.199951171875,6520
2025-11-14 04:49:00+00:00,1372.199951171875,1372.5,1372.0999755859375,1372.5,10053
2025-11-14 04:50:00+00:00,1372.199951171875,1372.4000244140625,1372.0999755859375,1372.0999755859375,10201
2025-11-14 04:51:00+00:00,1372.199951171875,1372.5,1372.0999755859375,1372.0999755859375,9647
2025-11-14 04:52:00+00:00,1372.0,1372.300048828125,1372.0,1372.199951171875,11901
2025-11-14 04:53:00+00:00,1372.0,1372.199951171875,1372.0,1372.0,7993
2025-11-14 04:54:00+00:00,1371.5,1372.0,1371.5,1372.0,12506
2025-11-14 04:55:00+00:00,1371.300048828125,1371.699951171875,1371.300048828125,1371.5,12711
2025-11-14 04:56:00+00:00,1371.5999755859375,1371.5999755859375,1371.199951171875,1371.4000244140625,11191
2025-11-14 04:57:00+00:00,1371.4000244140625,1372.0999755859375,1371.4000244140625,1372.0999755859375,7919
2025-11-14 04:58:00+00:00,1371.800048828125,1372.300048828125,1371.4000244140625,1371.4000244140625,6952
2025-11-14 04:59:00+00:00,1371.4000244140625,1372.199951171875,1371.4000244140625,1371.800048828125,8487
2025-11-14 05:00:00+00:00,1371.199951171875,1371.9000244140625,1371.0999755859375,1371.5,6351
2025-11-14 05:01:00+00:00,1371.9000244140625,1371.9000244140625,1371.0999755859375,1371.0999755859375,21320
2025-11-14 05:02:00+00:00,1371.5,1372.0,1371.4000244140625,1371.800048828125,6789
2025-11-14 05:03:00+00:00,1371.0,1371.5,1371.0,1371.4000244140625,6301
2025-11-14 05:04:00+00:00,1371.0,1371.300048828125,1371.0,1371.0999755859375,5651
2025-11-14 05:05:00+00:00,1370.9000244140625,1371.0999755859375,1370.4000244140625,1371.0999755859375,10125
2025-11-14 05:06:00+00:00,1371.0,1371.0,1370.199951171875,1370.5,9272
2025-11-14 05:07:00+00:00,1370.300048828125,1370.9000244140625,1370.199951171875,1370.5999755859375,6430
2025-11-14 05:08:00+00:00,1370.0,1370.5999755859375,1370.0,1370.300048828125,22783
2025-11-14 05:09:00+00:00,1369.800048828125,1370.0,1369.699951171875,1370.0,24676
2025-11-14 05:10:00+00:00,1370.0,1370.300048828125,1369.699951171875,1369.800048828125,14482
2025-11-14 05:11:00+00:00,1369.4000244140625,1370.0,1369.4000244140625,1370.0,10012
2025-11-14 05:12:00+00:00,1369.0999755859375,1369.5999755859375,1369.0999755859375,1369.5,12543
2025-11-14 05:13:00+00:00,1369.699951171875,1370.0999755859375,1369.0999755859375,1369.300048828125,14250
2025-11-14 05:14:00+00:00,1370.0,1370.300048828125,1369.699951171875,1369.800048828125,10117
2025-11-14 05:15:00+00:00,1370.5999755859375,1370.800048828125,1370.0,1370.0,17603
2025-11-14 05:16:00+00:00,1370.199951171875,1370.5999755859375,1370.0999755859375,1370.5999755859375,9907
2025-11-14 05:17:00+00:00,1370.0,1370.199951171875,1370.0,1370.0999755859375,5861
2025-11-14 05:18:00+00:00,1371.0999755859375,1371.0999755859375,1370.0,1370.0,10320
2025-11-14 05:19:00+00:00,1371.0,1371.300048828125,1371.0,1371.0,14802
2025-11-14 05:20:00+00:00,1371.300048828125,1371.699951171875,1371.0,1371.0,12527
2025-11-14 05:21:00+00:00,1371.0999755859375,1371.4000244140625,1371.0999755859375,1371.4000244140625,5175
2025-11-14 05:22:00+00:00,1371.0,1371.199951171875,1370.800048828125,1371.0999755859375,11372
2025-11-14 05:23:00+00:00,1371.5999755859375,1372.0,1370.9000244140625,1370.9000244140625,21727
2025-11-14 05:24:00+00:00,1373.300048828125,1373.300048828125,1371.5,1371.5999755859375,35272
2025-11-14 05:25:00+00:00,1372.800048828125,1373.0999755859375,1372.4000244140625,1372.9000244140625,7230
2025-11-14 05:26:00+00:00,1372.4000244140625,1373.300048828125,1372.300048828125,1372.800048828125,11110
2025-11-14 05:27:00+00:00,1373.0999755859375,1373.300048828125,1372.199951171875,1372.4000244140625,18571
2025-11-14 05:28:00+00:00,1372.5999755859375,1373.4000244140625,1372.5999755859375,1373.0999755859375,12019
2025-11-14 05:29:00+00:00,1372.9000244140625,1373.4000244140625,1372.4000244140625,1372.9000244140625,13972
2025-11-14 05:30:00+00:00,1374.0999755859375,1374.4000244140625,1372.9000244140625,1372.9000244140625,29668
2025-11-14 05:31:00+00:00,1374.0,1374.199951171875,1374.0,1374.0999755859375,20496
2025-11-14 05:32:00+00:00,1374.0999755859375,1374.0999755859375,1374.0,1374.0999755859375,54993
2025-11-14 05:33:00+00:00,1374.0,1374.0999755859375,1374.0,1374.0,16735
2025-11-14 05:34:00+00:00,1374.0,1374.199951171875,1374.0,1374.0,24618
2025-11-14 05:35:00+00:00,1374.0,1374.0999755859375,1374.0,1374.0,11943
2025-11-14 05:36:00+00:00,1374.0999755859375,1374.0999755859375,1374.0,1374.0,15617
2025-11-14 05:37:00+00:00,1374.0,1374.0,1374.0,1374.0,55563
2025-11-14 05:38:00+00:00,1374.0,1374.0999755859375,1374.0,1374.0999755859375,11292
2025-11-14 05:39:00+00:00,1373.4000244140625,1374.0999755859375,1373.0999755859375,1374.0,36904
2025-11-14 05:40:00+00:00,1373.4000244140625,1373.5999755859375,1373.199951171875,1373.4000244140625,10802
2025-11-14 05:41:00+00:00,1373.4000244140625,1373.4000244140625,1373.0999755859375,1373.199951171875,15254
2025-11-14 05:42:00+00:00,1373.4000244140625,1373.4000244140625,1373.0999755859375,1373.4000244140625,9657
2025-11-14 05:43:00+00:00,1373.4000244140625,1373.4000244140625,1373.0999755859375,1373.4000244140625,7050
2025-11-14 05:44:00+00:00,1373.5,1374.0999755859375,1373.5,1374.0,6489
2025-11-14 05:45:00+00:00,1373.5999755859375,1374.199951171875,1373.5999755859375,1373.5999755859375,13960
2025-11-14 05:46:00+00:00,1373.4000244140625,1374.0,1373.4000244140625,1373.699951171875,7302
2025-11-14 05:47:00+00:00,1373.0,1373.699951171875,1373.0,1373.4000244140625,5166
2025-11-14 05:48:00+00:00,1371.800048828125,1373.0999755859375,1371.699951171875,1373.0999755859375,22352
2025-11-14 05:49:00+00:00,1371.4000244140625,1372.199951171875,1371.0999755859375,1371.699951171875,19411
2025-11-14 05:50:00+00:00,1371.699951171875,1372.0999755859375,1371.4000244140625,1371.4000244140625,8199
2025-11-14 05:51:00+00:00,1371.199951171875,1371.800048828125,1371.199951171875,1371.699951171875,9425
2025-11-14 05:52:00+00:00,1371.0999755859375,1371.199951171875,1370.699951171875,1371.199951171875,23913
2025-11-14 05:53:00+00:00,1370.800048828125,1371.4000244140625,1370.800048828125,1371.0999755859375,6638
2025-11-14 05:54:00+00:00,1370.800048828125,1371.199951171875,1370.699951171875,1370.9000244140625,6721
2025-11-14 05:55:00+00:00,1370.5999755859375,1370.9000244140625,1370.5,1370.699951171875,5470
2025-11-14 05:56:00+00:00,1370.699951171875,1370.9000244140625,1370.5999755859375,1370.5999755859375,9308
2025-11-14 05:57:00+00:00,1370.800048828125,1370.9000244140625,1370.5999755859375,1370.699951171875,11096
2025-11-14 05:58:00+00:00,1370.5999755859375,1370.800048828125,1370.5999755859375,1370.5999755859375,6449
2025-11-14 05:59:00+00:00,1370.4000244140625,1371.0,1370.4000244140625,1371.0,17122
2025-11-14 06:00:00+00:00,1370.5999755859375,1370.699951171875,1370.300048828125,1370.4000244140625,5142
2025-11-14 06:01:00+00:00,1370.0999755859375,1370.699951171875,1370.0999755859375,1370.300048828125,6316
2025-11-14 06:02:00+00:00,1370.300048828125,1370.300048828125,1370.0999755859375,1370.199951171875,12340
2025-11-14 06:03:00+00:00,1370.0999755859375,1370.300048828125,1370.0999755859375,1370.199951171875,6714
2025-11-14 06:04:00+00:00,1370.0999755859375,1370.199951171875,1370.0999755859375,1370.199951171875,8738
2025-11-14 06:05:00+00:00,1370.0,1370.199951171875,1370.0,1370.0999755859375,37661
2025-11-14 06:06:00+00:00,1369.300048828125,1370.0999755859375,1368.699951171875,1370.0,265484
2025-11-14 06:07:00+00:00,1369.699951171875,1370.0,1369.0999755859375,1369.0999755859375,8851
2025-11-14 06:08:00+00:00,1369.199951171875,1369.9000244140625,1369.0999755859375,1369.699951171875,8864
2025-11-14 06:09:00+00:00,1368.800048828125,1369.199951171875,1368.5999755859375,1369.0,17046
2025-11-14 06:10:00+00:00,1368.699951171875,1369.199951171875,1368.5,1368.800048828125,14950
2025-11-14 06:11:00+00:00,1368.800048828125,1369.0,1368.699951171875,1368.9000244140625,18192
2025-11-14 06:12:00+00:00,1368.300048828125,1369.0,1368.300048828125,1368.800048828125,15763
2025-11-14 06:13:00+00:00,1368.0999755859375,1368.5,1368.0999755859375,1368.4000244140625,12202
2025-11-14 06:14:00+00:00,1368.699951171875,1368.699951171875,1368.0,1368.0,12194
2025-11-14 06:15:00+00:00,1368.5999755859375,1368.699951171875,1368.0,1368.199951171875,17749
2025-11-14 06:16:00+00:00,1368.0,1368.9000244140625,1368.0,1368.5999755859375,17497
2025-11-14 06:17:00+00:00,1368.5,1368.9000244140625,1368.0,1368.0,16240
2025-11-14 06:18:00+00:00,1368.4000244140625,1368.699951171875,1368.199951171875,1368.5,10118
2025-11-14 06:19:00+00:00,1368.4000244140625,1368.699951171875,1368.300048828125,1368.4000244140625,17817
2025-11-14 06:20:00+00:00,1368.300048828125,1368.4000244140625,1368.199951171875,1368.4000244140625,14538
2025-11-14 06:21:00+00:00,1368.300048828125,1368.5999755859375,1368.300048828125,1368.4000244140625,5580
2025-11-14 06:22:00+00:00,1367.699951171875,1368.699951171875,1367.699951171875,1368.5,25582
2025-11-14 06:23:00+00:00,1367.5999755859375,1368.0,1367.5999755859375,1367.5999755859375,14098
2025-11-14 06:24:00+00:00,1367.5,1368.199951171875,1367.5,1367.5999755859375,6661
2025-11-14 06:25:00+00:00,1367.199951171875,1367.5,1367.0999755859375,1367.5,12325
2025-11-14 06:26:00+00:00,1367.699951171875,1368.0999755859375,1367.199951171875,1367.4000244140625,16927
2025-11-14 06:27:00+00:00,1368.0,1368.4000244140625,1367.699951171875,1367.699951171875,10871
2025-11-14 06:28:00+00:00,1367.800048828125,1368.0999755859375,1367.699951171875,1368.0,9332
2025-11-14 06:29:00+00:00,1368.300048828125,1368.300048828125,1367.699951171875,1368.0,16507
2025-11-14 06:30:00+00:00,1368.5,1369.0,1367.9000244140625,1368.0,52397
2025-11-14 06:31:00+00:00,1367.9000244140625,1368.9000244140625,1367.5999755859375,1368.0999755859375,55851
2025-11-14 06:32:00+00:00,1367.300048828125,1367.9000244140625,1367.300048828125,1367.5999755859375,12449
2025-11-14 06:33:00+00:00,1367.5999755859375,1367.800048828125,1367.300048828125,1367.300048828125,8468
2025-11-14 06:34:00+00:00,1368.0,1368.300048828125,1367.5999755859375,1367.800048828125,14508
2025-11-14 06:35:00+00:00,1367.699951171875,1368.199951171875,1367.5999755859375,1368.0,9180
2025-11-14 06:36:00+00:00,1367.9000244140625,1368.0,1367.300048828125,1367.699951171875,46247
2025-11-14 06:37:00+00:00,1367.699951171875,1367.9000244140625,1367.5,1367.5,5854
2025-11-14 06:38:00+00:00,1367.699951171875,1368.0,1367.5,1367.5,20890
2025-11-14 06:39:00+00:00,1367.800048828125,1368.800048828125,1367.5999755859375,1367.699951171875,57180
2025-11-14 06:40:00+00:00,1368.699951171875,1368.699951171875,1367.800048828125,1367.800048828125,7666
2025-11-14 06:41:00+00:00,1368.0,1368.800048828125,1367.800048828125,1368.800048828125,60317
2025-11-14 06:42:00+00:00,1369.0999755859375,1369.5999755859375,1367.800048828125,1368.0,72247
2025-11-14 06:43:00+00:00,1368.5,1369.4000244140625,1368.300048828125,1369.300048828125,36850
2025-11-14 06:44:00+00:00,1368.5,1368.800048828125,1368.5,1368.5,12296
2025-11-14 06:45:00+00:00,1367.800048828125,1368.5,1367.699951171875,1368.5,44212
2025-11-14 06:46:00+00:00,1367.9000244140625,1368.0,1367.800048828125,1367.800048828125,12512
2025-11-14 06:47:00+00:00,1367.9000244140625,1368.0,1367.800048828125,1368.0,18700
2025-11-14 06:48:00+00:00,1367.9000244140625,1368.0,1367.800048828125,1367.9000244140625,41350
2025-11-14 06:49:00+00:00,1367.800048828125,1368.0,1367.5,1367.9000244140625,17218
2025-11-14 06:50:00+00:00,1369.4000244140625,1369.5,1367.699951171875,1367.800048828125,48340
2025-11-14 06:51:00+00:00,1368.699951171875,1369.5,1368.300048828125,1369.5,19118
2025-11-14 06:52:00+00:00,1367.800048828125,1368.5,1367.800048828125,1368.4000244140625,8918
2025-11-14 06:53:00+00:00,1368.300048828125,1368.5,1367.800048828125,1367.800048828125,6343
2025-11-14 06:54:00+00:00,1368.800048828125,1369.0,1368.199951171875,1368.300048828125,18718
2025-11-14 06:55:00+00:00,1368.5999755859375,1369.0,1368.300048828125,1368.800048828125,6987
2025-11-14 06:56:00+00:00,1369.0999755859375,1369.4000244140625,1368.5,1368.5,12945
2025-11-14 06:57:00+00:00,1369.0,1369.5999755859375,1368.5999755859375,1369.0999755859375,14688
2025-11-14 06:58:00+00:00,1368.800048828125,1369.300048828125,1368.5999755859375,1369.0,10799
2025-11-14 06:59:00+00:00,1368.699951171875,1369.4000244140625,1368.699951171875,1368.699951171875,15044
2025-11-14 07:00:00+00:00,1368.5,1369.0999755859375,1368.5,1368.699951171875,8704
2025-11-14 07:01:00+00:00,1368.800048828125,1369.0,1368.199951171875,1368.5999755859375,16383
2025-11-14 07:02:00+00:00,1368.800048828125,1368.9000244140625,1368.300048828125,1368.800048828125,10766
2025-11-14 07:03:00+00:00,1367.800048828125,1368.5999755859375,1367.800048828125,1368.300048828125,13500
2025-11-14 07:04:00+00:00,1367.800048828125,1368.199951171875,1367.800048828125,1367.800048828125,6598
2025-11-14 07:05:00+00:00,1368.199951171875,1368.4000244140625,1367.9000244140625,1367.9000244140625,8977
2025-11-14 07:06:00+00:00,1368.199951171875,1368.699951171875,1367.9000244140625,1367.9000244140625,26459
2025-11-14 07:07:00+00:00,1368.199951171875,1368.9000244140625,1367.800048828125,1368.199951171875,7589
2025-11-14 07:08:00+00:00,1368.0,1368.199951171875,1367.800048828125,1368.199951171875,19011
2025-11-14 07:09:00+00:00,1368.0,1368.199951171875,1367.5999755859375,1368.0,21441
2025-11-14 07:10:00+00:00,1367.5999755859375,1368.0999755859375,1367.5999755859375,1368.0,17477
2025-11-14 07:11:00+00:00,1368.0,1368.5,1367.5999755859375,1367.5999755859375,9158
2025-11-14 07:12:00+00:00,1367.5999755859375,1368.5999755859375,1367.5999755859375,1368.0,36486
2025-11-14 07:13:00+00:00,1368.0,1368.699951171875,1367.5,1367.5999755859375,9431
2025-11-14 07:14:00+00:00,1368.4000244140625,1368.5,1367.800048828125,1368.0,17072
2025-11-14 07:15:00+00:00,1367.5999755859375,1368.4000244140625,1367.5999755859375,1368.4000244140625,5259
2025-11-14 07:16:00+00:00,1367.300048828125,1367.9000244140625,1367.0999755859375,1367.5,17925
2025-11-14 07:17:00+00:00,1367.4000244140625,1368.0,1367.0999755859375,1367.300048828125,16546
2025-11-14 07:18:00+00:00,1367.5,1368.0,1367.300048828125,1367.4000244140625,12850
2025-11-14 07:19:00+00:00,1367.5,1368.0,1367.4000244140625,1367.5,7590
2025-11-14 07:20:00+00:00,1367.800048828125,1368.0,1367.4000244140625,1367.5,10615
2025-11-14 07:21:00+00:00,1367.4000244140625,1368.0,1367.4000244140625,1367.5999755859375,21807
2025-11-14 07:22:00+00:00,1367.699951171875,1368.0,1367.4000244140625,1367.4000244140625,13275
2025-11-14 07:23:00+00:00,1367.300048828125,1368.0,1367.300048828125,1367.4000244140625,6608
2025-11-14 07:24:00+00:00,1367.699951171875,1368.0,1367.300048828125,1367.300048828125,12631
2025-11-14 07:25:00+00:00,1367.4000244140625,1368.0,1367.4000244140625,1367.5999755859375,6804
2025-11-14 07:26:00+00:00,1368.0999755859375,1368.4000244140625,1367.4000244140625,1367.4000244140625,19402
2025-11-14 07:27:00+00:00,1368.199951171875,1368.199951171875,1368.0,1368.0999755859375,13469
2025-11-14 07:28:00+00:00,1368.0,1368.0999755859375,1368.0,1368.0,10370
2025-11-14 07:29:00+00:00,1368.0999755859375,1368.300048828125,1368.0,1368.300048828125,7370
2025-11-14 07:30:00+00:00,1367.5,1368.199951171875,1367.5,1367.5999755859375,8212
2025-11-14 07:31:00+00:00,1367.5,1368.199951171875,1367.5,1367.5999755859375,16127
2025-11-14 07:32:00+00:00,1367.4000244140625,1368.199951171875,1367.300048828125,1367.5,8118
2025-11-14 07:33:00+00:00,1368.699951171875,1368.699951171875,1367.4000244140625,1367.4000244140625,10288
2025-11-14 07:34:00+00:00,1368.300048828125,1368.800048828125,1368.0,1368.4000244140625,3419
2025-11-14 07:35:00+00:00,1368.0,1368.300048828125,1367.5,1368.0999755859375,13799
2025-11-14 07:36:00+00:00,1368.0999755859375,1368.699951171875,1367.5999755859375,1368.199951171875,8412
2025-11-14 07:37:00+00:00,1367.800048828125,1368.4000244140625,1367.5,1367.5999755859375,7823
2025-11-14 07:38:00+00:00,1367.699951171875,1368.4000244140625,1367.5999755859375,1367.800048828125,10770
2025-11-14 07:39:00+00:00,1367.5,1368.199951171875,1367.300048828125,1368.199951171875,6926
2025-11-14 07:40:00+00:00,1368.0,1368.0,1367.300048828125,1367.5,7917
2025-11-14 07:41:00+00:00,1366.199951171875,1367.9000244140625,1366.0999755859375,1367.4000244140625,44947
2025-11-14 07:42:00+00:00,1366.699951171875,1366.800048828125,1366.0999755859375,1366.199951171875,15028
2025-11-14 07:43:00+00:00,1366.699951171875,1367.0,1366.0999755859375,1366.699951171875,9703
2025-11-14 07:44:00+00:00,1366.9000244140625,1367.199951171875,1366.4000244140625,1366.4000244140625,8993
2025-11-14 07:45:00+00:00,1366.300048828125,1367.0999755859375,1366.300048828125,1366.800048828125,6329
2025-11-14 07:46:00+00:00,1366.9000244140625,1367.5999755859375,1366.199951171875,1366.199951171875,13653
2025-11-14 07:47:00+00:00,1367.800048828125,1368.4000244140625,1366.9000244140625,1366.9000244140625,20818
2025-11-14 07:48:00+00:00,1367.0999755859375,1367.9000244140625,1367.0,1367.800048828125,7277
2025-11-14 07:49:00+00:00,1367.4000244140625,1368.0999755859375,1367.0999755859375,1367.0999755859375,9689
2025-11-14 07:50:00+00:00,1368.0999755859375,1368.199951171875,1367.800048828125,1367.800048828125,6782
2025-11-14 07:51:00+00:00,1368.0,1368.300048828125,1367.5,1368.0,12981
2025-11-14 07:52:00+00:00,1368.0,1368.199951171875,1367.300048828125,1368.0,19342
2025-11-14 07:53:00+00:00,1368.0,1368.199951171875,1368.0,1368.199951171875,11589
2025-11-14 07:54:00+00:00,1367.5,1368.199951171875,1367.5,1368.0,9687
2025-11-14 07:55:00+00:00,1368.0,1368.199951171875,1368.0,1368.0,17277
2025-11-14 07:56:00+00:00,1368.0,1368.699951171875,1368.0,1368.0,10714
2025-11-14 07:57:00+00:00,1368.0,1368.300048828125,1368.0,1368.0,12333
2025-11-14 07:58:00+00:00,1368.0999755859375,1368.199951171875,1368.0,1368.0,7868
2025-11-14 07:59:00+00:00,1368.0,1368.300048828125,1368.0,1368.0,14278
2025-11-14 08:00:00+00:00,1368.0,1368.199951171875,1368.0,1368.0,6691
2025-11-14 08:01:00+00:00,1368.0,1368.0999755859375,1368.0,1368.0999755859375,20492
2025-11-14 08:02:00+00:00,1367.0,1368.0999755859375,1367.0,1368.0,12395
2025-11-14 08:03:00+00:00,1367.0999755859375,1367.5,1366.5999755859375,1367.199951171875,4385
2025-11-14 08:04:00+00:00,1366.9000244140625,1367.0999755859375,1366.5,1366.800048828125,7295
2025-11-14 08:05:00+00:00,1366.5,1367.0,1366.4000244140625,1366.5,7755
2025-11-14 08:06:00+00:00,1366.699951171875,1367.0999755859375,1366.300048828125,1366.5,7490
2025-11-14 08:07:00+00:00,1366.0,1366.699951171875,1366.0,1366.5,10371
2025-11-14 08:08:00+00:00,1366.0999755859375,1366.5999755859375,1366.0,1366.199951171875,10908
2025-11-14 08:09:00+00:00,1365.699951171875,1366.699951171875,1365.199951171875,1366.0999755859375,22712
2025-11-14 08:10:00+00:00,1364.5,1366.300048828125,1364.5,1365.5999755859375,53709
2025-11-14 08:11:00+00:00,1364.9000244140625,1365.4000244140625,1364.5,1364.699951171875,41760
2025-11-14 08:12:00+00:00,1364.800048828125,1365.0,1364.5,1364.800048828125,11658
2025-11-14 08:13:00+00:00,1364.800048828125,1365.0,1364.699951171875,1364.800048828125,16595
2025-11-14 08:14:00+00:00,1364.300048828125,1365.0,1364.300048828125,1364.800048828125,9371
2025-11-14 08:15:00+00:00,1364.300048828125,1364.800048828125,1364.0,1364.699951171875,14973
2025-11-14 08:16:00+00:00,1364.800048828125,1365.0,1364.300048828125,1364.300048828125,26385
2025-11-14 08:17:00+00:00,1364.9000244140625,1365.0,1364.5999755859375,1364.5999755859375,8934
2025-11-14 08:18:00+00:00,1364.699951171875,1365.0,1364.699951171875,1364.800048828125,17416
2025-11-14 08:19:00+00:00,1364.5,1365.0,1364.5,1364.699951171875,11457
2025-11-14 08:20:00+00:00,1364.199951171875,1364.800048828125,1364.199951171875,1364.699951171875,9616
2025-11-14 08:21:00+00:00,1364.199951171875,1364.800048828125,1364.0999755859375,1364.699951171875,5964
2025-11-14 08:22:00+00:00,1364.5,1364.9000244140625,1364.199951171875,1364.199951171875,9292
2025-11-14 08:23:00+00:00,1364.199951171875,1364.9000244140625,1364.0999755859375,1364.300048828125,7853
2025-11-14 08:24:00+00:00,1364.0,1364.699951171875,1364.0,1364.300048828125,6466
2025-11-14 08:25:00+00:00,1364.0,1364.4000244140625,1363.699951171875,1364.0,15056
2025-11-14 08:26:00+00:00,1364.0,1364.5,1363.5999755859375,1363.699951171875,7252
2025-11-14 08:27:00+00:00,1364.300048828125,1364.699951171875,1364.0,1364.0,11588
2025-11-14 08:28:00+00:00,1364.0999755859375,1364.699951171875,1364.0,1364.300048828125,7388
2025-11-14 08:29:00+00:00,1364.0,1364.300048828125,1364.0,1364.0,13236
2025-11-14 08:30:00+00:00,1364.199951171875,1364.5999755859375,1364.0999755859375,1364.300048828125,10643
2025-11-14 08:31:00+00:00,1364.300048828125,1364.5999755859375,1364.0,1364.199951171875,5749
2025-11-14 08:32:00+00:00,1364.300048828125,1364.9000244140625,1364.199951171875,1364.300048828125,7254
2025-11-14 08:33:00+00:00,1364.199951171875,1364.9000244140625,1364.199951171875,1364.199951171875,8177
2025-11-14 08:34:00+00:00,1364.4000244140625,1364.800048828125,1364.199951171875,1364.300048828125,7165
2025-11-14 08:35:00+00:00,1364.5,1365.0,1364.4000244140625,1364.4000244140625,10788
2025-11-14 08:36:00+00:00,1364.4000244140625,1365.0,1364.4000244140625,1364.800048828125,9860
2025-11-14 08:37:00+00:00,1364.5,1364.9000244140625,1364.199951171875,1364.4000244140625,21367
2025-11-14 08:38:00+00:00,1364.0999755859375,1364.5,1364.0,1364.300048828125,8411
2025-11-14 08:39:00+00:00,1364.199951171875,1364.5,1364.0999755859375,1364.0999755859375,13666
2025-11-14 08:40:00+00:00,1364.4000244140625,1364.4000244140625,1364.0,1364.199951171875,7223
2025-11-14 08:41:00+00:00,1364.0,1364.300048828125,1363.9000244140625,1364.199951171875,7332
2025-11-14 08:42:00+00:00,1363.5999755859375,1364.199951171875,1363.5,1364.0,10737
2025-11-14 08:43:00+00:00,1364.0999755859375,1364.199951171875,1363.5,1363.699951171875,6202
2025-11-14 08:44:00+00:00,1363.9000244140625,1364.5,1363.5999755859375,1363.5999755859375,8130
2025-11-14 08:45:00+00:00,1363.5,1364.5,1363.5,1363.9000244140625,10171
2025-11-14 08:46:00+00:00,1363.5,1364.199951171875,1363.4000244140625,1363.5,7279
2025-11-14 08:47:00+00:00,1363.800048828125,1363.9000244140625,1363.300048828125,1363.4000244140625,11381
2025-11-14 08:48:00+00:00,1363.9000244140625,1364.4000244140625,1363.5,1363.800048828125,16076
2025-11-14 08:49:00+00:00,1364.0999755859375,1364.5,1363.699951171875,1363.9000244140625,36335
2025-11-14 08:50:00+00:00,1364.0,1364.5,1363.9000244140625,1364.5,12451
2025-11-14 08:51:00+00:00,1364.5,1364.5999755859375,1364.0,1364.0,130282
2025-11-14 08:52:00+00:00,1364.699951171875,1364.9000244140625,1364.300048828125,1364.4000244140625,41200
2025-11-14 08:53:00+00:00,1364.4000244140625,1364.800048828125,1364.199951171875,1364.300048828125,21437
2025-11-14 08:54:00+00:00,1364.5,1365.0,1364.4000244140625,1364.4000244140625,132369
2025-11-14 08:55:00+00:00,1365.0999755859375,1365.199951171875,1364.4000244140625,1364.4000244140625,20103
2025-11-14 08:56:00+00:00,1365.0,1365.5999755859375,1364.4000244140625,1365.0999755859375,10800
2025-11-14 08:57:00+00:00,1365.0,1365.5,1365.0,1365.0999755859375,6995
2025-11-14 08:58:00+00:00,1367.0999755859375,1367.0999755859375,1365.0,1365.0,38739
2025-11-14 08:59:00+00:00,1366.5,1367.699951171875,1366.4000244140625,1366.800048828125,26085
2025-11-14 09:00:00+00:00,1366.699951171875,1367.199951171875,1366.0,1366.5,18505
2025-11-14 09:01:00+00:00,1366.4000244140625,1367.199951171875,1366.199951171875,1366.699951171875,6111
2025-11-14 09:02:00+00:00,1367.0999755859375,1367.699951171875,1366.4000244140625,1366.4000244140625,24495
2025-11-14 09:03:00+00:00,1367.0,1367.699951171875,1367.0,1367.699951171875,13942
2025-11-14 09:04:00+00:00,1367.0999755859375,1367.5,1366.699951171875,1366.9000244140625,9298
2025-11-14 09:05:00+00:00,1367.0999755859375,1368.300048828125,1367.0,1367.0,12466
2025-11-14 09:06:00+00:00,1367.5999755859375,1367.9000244140625,1367.0,1367.0,13716
2025-11-14 09:07:00+00:00,1367.5999755859375,1367.800048828125,1367.0,1367.5999755859375,8962
2025-11-14 09:08:00+00:00,1368.0999755859375,1368.199951171875,1367.0999755859375,1367.5,78552
2025-11-14 09:09:00+00:00,1368.0,1368.199951171875,1368.0,1368.199951171875,16917
2025-11-14 09:10:00+00:00,1368.0,1368.199951171875,1368.0,1368.0999755859375,17846
2025-11-14 09:11:00+00:00,1367.4000244140625,1368.0,1367.199951171875,1368.0,16594
2025-11-14 09:12:00+00:00,1367.199951171875,1367.800048828125,1367.0,1367.4000244140625,10774
2025-11-14 09:13:00+00:00,1367.0,1367.5,1367.0,1367.199951171875,8560
2025-11-14 09:14:00+00:00,1367.0,1367.5,1366.9000244140625,1366.9000244140625,5681
2025-11-14 09:15:00+00:00,1366.800048828125,1367.199951171875,1366.800048828125,1367.199951171875,13825
2025-11-14 09:16:00+00:00,1367.0999755859375,1367.199951171875,1367.0,1367.0,16576
2025-11-14 09:17:00+00:00,1367.0,1367.0999755859375,1366.800048828125,1367.0,19936
2025-11-14 09:18:00+00:00,1367.0999755859375,1367.0999755859375,1366.800048828125,1367.0,9744
2025-11-14 09:19:00+00:00,1367.0999755859375,1367.199951171875,1366.300048828125,1367.0,40898
2025-11-14 09:20:00+00:00,1367.199951171875,1367.4000244140625,1366.5,1367.0,16596
2025-11-14 09:21:00+00:00,1366.9000244140625,1367.4000244140625,1366.5,1367.0,16190
2025-11-14 09:22:00+00:00,1365.9000244140625,1367.0999755859375,1365.5,1366.4000244140625,60433
2025-11-14 09:23:00+00:00,1365.300048828125,1366.0999755859375,1365.300048828125,1366.0,66919
2025-11-14 09:24:00+00:00,1366.5,1366.5,1365.199951171875,1365.4000244140625,86633
2025-11-14 09:25:00+00:00,1366.300048828125,1366.9000244140625,1366.0,1366.9000244140625,11794
2025-11-14 09:26:00+00:00,1365.5,1366.300048828125,1365.300048828125,1366.300048828125,7451
2025-11-14 09:27:00+00:00,1365.5,1365.800048828125,1365.199951171875,1365.199951171875,14566
2025-11-14 09:28:00+00:00,1365.5,1365.800048828125,1365.0999755859375,1365.5,14476
2025-11-14 09:29:00+00:00,1365.4000244140625,1365.9000244140625,1365.300048828125,1365.4000244140625,12800
2025-11-14 09:30:00+00:00,1368.0,1368.0999755859375,1365.9000244140625,1365.9000244140625,132641
2025-11-14 09:31:00+00:00,1368.699951171875,1369.300048828125,1368.0999755859375,1368.300048828125,131435
2025-11-14 09:32:00+00:00,1369.800048828125,1369.800048828125,1368.800048828125,1369.0,118540
2025-11-14 09:33:00+00:00,1371.0,1371.0999755859375,1369.699951171875,1370.0,146575
2025-11-14 09:34:00+00:00,1371.9000244140625,1372.0,1370.300048828125,1371.199951171875,173045
2025-11-14 09:35:00+00:00,1372.0999755859375,1372.300048828125,1371.5999755859375,1372.0,114702
2025-11-14 09:36:00+00:00,1372.300048828125,1372.699951171875,1371.9000244140625,1371.9000244140625,118090
2025-11-14 09:37:00+00:00,1373.199951171875,1373.4000244140625,1372.4000244140625,1372.4000244140625,158818
2025-11-14 09:38:00+00:00,1373.800048828125,1373.9000244140625,1373.0999755859375,1373.199951171875,120327
2025-11-14 09:39:00+00:00,1374.300048828125,1374.300048828125,1373.5999755859375,1373.800048828125,119311
2025-11-14 09:40:00+00:00,1374.199951171875,1374.800048828125,1374.0,1374.300048828125,123062
2025-11-14 09:41:00+00:00,1372.800048828125,1374.699951171875,1372.5999755859375,1374.4000244140625,124343
2025-11-14 09:42:00+00:00,1373.5,1374.300048828125,1372.800048828125,1372.800048828125,119430
2025-11-14 09:43:00+00:00,1374.0,1374.4000244140625,1373.5,1373.5,126902
2025-11-14 09:44:00+00:00,1373.9000244140625,1374.300048828125,1373.5999755859375,1374.0,139236
2025-11-14 09:45:00+00:00,1373.800048828125,1374.5999755859375,1373.5999755859375,1374.199951171875,122573
2025-11-14 09:46:00+00:00,1373.199951171875,1374.0999755859375,1373.0,1374.0,119694
2025-11-14 09:47:00+00:00,1373.5,1374.0,1373.300048828125,1373.800048828125,114431
2025-11-14 09:48:00+00:00,1373.800048828125,1374.0999755859375,1373.5999755859375,1373.5999755859375,123304
2025-11-14 09:49:00+00:00,1373.4000244140625,1373.9000244140625,1373.0,1373.800048828125,120795
2025-11-14 09:50:00+00:00,1374.0,1374.0,1373.4000244140625,1373.800048828125,127842
2025-11-14 09:51:00+00:00,1373.800048828125,1374.199951171875,1373.199951171875,1374.0,123764
2025-11-14 09:52:00+00:00,1374.300048828125,1374.4000244140625,1373.300048828125,1373.9000244140625,114518
2025-11-14 09:53:00+00:00,1374.199951171875,1374.4000244140625,1373.5,1374.4000244140625,116918
2025-11-14 09:54:00+00:00,1374.0,1374.5,1373.4000244140625,1374.300048828125,125480
2025-11-14 09:55:00+00:00,1374.4000244140625,1374.5999755859375,1373.9000244140625,1374.4000244140625,120957
2025-11-14 09:56:00+00:00,1374.300048828125,1374.800048828125,1373.5,1374.5999755859375,120538
2025-11-14 09:57:00+00:00,1374.5,1374.699951171875,1373.800048828125,1374.0999755859375,115124
2025-11-14 09:58:00+00:00,1372.199951171875,1374.4000244140625,1372.199951171875,1374.0999755859375,33260
2025-11-14 09:59:00+00:00,1373.0,1373.9000244140625,1372.0,1373.5,20828
