Price,Close,High,Low,Open,Volume
Ticker,ICICIBANK.NS,ICICIBANK.NS,ICICIBANK.NS,ICICIBANK.NS,ICICIBANK.NS
Datetime,,,,,
2025-08-20 03:45:00+00:00,1429.0,1434.5999755859375,1428.0999755859375,1434.199951171875,0
2025-08-20 03:50:00+00:00,1427.300048828125,1429.9000244140625,1427.300048828125,1428.5999755859375,70643
2025-08-20 03:55:00+00:00,1426.5,1428.5,1426.300048828125,1427.5,60550
2025-08-20 04:00:00+00:00,1427.199951171875,1427.300048828125,1426.0999755859375,1426.5999755859375,45991
2025-08-20 04:05:00+00:00,1424.5,1427.199951171875,1424.0,1427.0,109049
2025-08-20 04:10:00+00:00,1426.5999755859375,1428.0999755859375,1423.800048828125,1424.800048828125,141741
2025-08-20 04:15:00+00:00,1425.800048828125,1426.800048828125,1425.0,1426.4000244140625,27944
2025-08-20 04:20:00+00:00,1425.4000244140625,1426.4000244140625,1424.5,1425.800048828125,55558
2025-08-20 04:25:00+00:00,1426.9000244140625,1426.9000244140625,1423.9000244140625,1425.4000244140625,60895
2025-08-20 04:30:00+00:00,1427.4000244140625,1427.4000244140625,1425.699951171875,1426.9000244140625,30497
2025-08-20 04:35:00+00:00,1427.4000244140625,1427.5999755859375,1426.5,1427.5,41908
2025-08-20 04:40:00+00:00,1428.4000244140625,1428.4000244140625,1427.0999755859375,1427.0999755859375,36468
2025-08-20 04:45:00+00:00,1427.4000244140625,1429.0,1427.0,1428.300048828125,89249
2025-08-20 04:50:00+00:00,1426.5999755859375,1427.199951171875,1425.800048828125,1427.0999755859375,33356
2025-08-20 04:55:00+00:00,1426.800048828125,1427.0,1425.9000244140625,1426.5999755859375,31719
2025-08-20 05:00:00+00:00,1426.9000244140625,1427.0,1425.699951171875,1426.800048828125,38045
2025-08-20 05:05:00+00:00,1427.5999755859375,1428.0999755859375,1426.699951171875,1427.0,35474
2025-08-20 05:10:00+00:00,1427.300048828125,1428.199951171875,1426.800048828125,1428.0,56534
2025-08-20 05:15:00+00:00,1427.300048828125,1427.9000244140625,1426.4000244140625,1427.4000244140625,27628
2025-08-20 05:20:00+00:00,1427.0999755859375,1427.800048828125,1426.4000244140625,1427.5,27358
2025-08-20 05:25:00+00:00,1426.5999755859375,1427.300048828125,1426.199951171875,1427.0999755859375,35525
2025-08-20 05:30:00+00:00,1427.300048828125,1427.699951171875,1426.4000244140625,1427.0999755859375,36375
2025-08-20 05:35:00+00:00,1428.300048828125,1428.4000244140625,1427.199951171875,1427.300048828125,34142
2025-08-20 05:40:00+00:00,1428.5999755859375,1429.5999755859375,1428.0,1428.300048828125,34523
2025-08-20 05:45:00+00:00,1429.5,1429.800048828125,1428.5,1428.5999755859375,70854
2025-08-20 05:50:00+00:00,1428.800048828125,1429.9000244140625,1428.5999755859375,1429.4000244140625,38344
2025-08-20 05:55:00+00:00,1429.0,1429.0,1428.0,1428.800048828125,23436
2025-08-20 06:00:00+00:00,1428.699951171875,1429.5,1428.5,1429.0999755859375,29305
2025-08-20 06:05:00+00:00,1429.0,1429.800048828125,1428.300048828125,1428.800048828125,25116
2025-08-20 06:10:00+00:00,1429.699951171875,1429.699951171875,1428.9000244140625,1429.0,24230
2025-08-20 06:15:00+00:00,1428.199951171875,1429.9000244140625,1427.699951171875,1429.5999755859375,79480
2025-08-20 06:20:00+00:00,1428.199951171875,1430.0,1428.0,1428.5999755859375,89692
2025-08-20 06:25:00+00:00,1429.0,1430.0,1428.0999755859375,1428.199951171875,95179
2025-08-20 06:30:00+00:00,1429.0,1429.0,1428.9000244140625,1429.0,28745
2025-08-20 06:35:00+00:00,1429.699951171875,1430.0,1428.5999755859375,1429.0,91431
2025-08-20 06:40:00+00:00,1429.800048828125,1430.0,1429.0999755859375,1429.699951171875,40484
2025-08-20 06:45:00+00:00,1430.699951171875,1431.5999755859375,1430.0,1430.0,106489
2025-08-20 06:50:00+00:00,1430.699951171875,1431.5,1428.0999755859375,1431.0,123984
2025-08-20 06:55:00+00:00,1431.199951171875,1431.699951171875,1430.4000244140625,1430.699951171875,45353
2025-08-20 07:00:00+00:00,1431.4000244140625,1431.4000244140625,1430.0999755859375,1431.0999755859375,36036
2025-08-20 07:05:00+00:00,1432.0,1432.0,1431.0,1431.300048828125,40608
2025-08-20 07:10:00+00:00,1430.9000244140625,1432.5999755859375,1430.0999755859375,1432.0,40449
2025-08-20 07:15:00+00:00,1431.800048828125,1431.9000244140625,1430.5999755859375,1430.800048828125,34371
2025-08-20 07:20:00+00:00,1431.300048828125,1431.9000244140625,1431.0,1431.9000244140625,35532
2025-08-20 07:25:00+00:00,1432.0,1432.0,1431.0999755859375,1431.300048828125,34344
2025-08-20 07:30:00+00:00,1432.5999755859375,1432.699951171875,1431.5,1432.0,42116
2025-08-20 07:35:00+00:00,1431.0,1433.300048828125,1429.300048828125,1432.699951171875,182806
2025-08-20 07:40:00+00:00,1431.5,1432.199951171875,1430.4000244140625,1431.0,53184
2025-08-20 07:45:00+00:00,1431.699951171875,1432.0,1430.0,1431.5,80055
2025-08-20 07:50:00+00:00,1431.0999755859375,1432.0,1430.0,1431.199951171875,69006
2025-08-20 07:55:00+00:00,1430.5,1431.0999755859375,1430.0,1431.0999755859375,40845
2025-08-20 08:00:00+00:00,1431.0999755859375,1431.4000244140625,1430.0,1430.0999755859375,36849
2025-08-20 08:05:00+00:00,1430.0999755859375,1431.199951171875,1429.5,1431.0999755859375,492742
2025-08-20 08:10:00+00:00,1430.199951171875,1430.800048828125,1429.699951171875,1430.0999755859375,83445
2025-08-20 08:15:00+00:00,1430.699951171875,1430.9000244140625,1429.199951171875,1430.300048828125,177399
2025-08-20 08:20:00+00:00,1430.9000244140625,1431.4000244140625,1430.5,1430.5999755859375,41800
2025-08-20 08:25:00+00:00,1431.5,1431.5999755859375,1430.199951171875,1431.0,48418
2025-08-20 08:30:00+00:00,1432.0999755859375,1432.0999755859375,1431.0,1431.4000244140625,63139
2025-08-20 08:35:00+00:00,1432.800048828125,1433.800048828125,1431.699951171875,1431.699951171875,54982
2025-08-20 08:40:00+00:00,1433.199951171875,1433.699951171875,1432.300048828125,1432.800048828125,85642
2025-08-20 08:45:00+00:00,1433.0,1433.5,1433.0,1433.199951171875,42102
2025-08-20 08:50:00+00:00,1430.5,1433.4000244140625,1430.0,1433.300048828125,108214
2025-08-20 08:55:00+00:00,1430.300048828125,1431.0999755859375,1430.0,1430.5,89034
2025-08-20 09:00:00+00:00,1430.5,1430.800048828125,1428.800048828125,1430.800048828125,141883
2025-08-20 09:05:00+00:00,1429.800048828125,1430.699951171875,1429.300048828125,1430.5999755859375,89670
2025-08-20 09:10:00+00:00,1431.5,1431.5,1429.5999755859375,1429.800048828125,74797
2025-08-20 09:15:00+00:00,1432.0999755859375,1432.4000244140625,1431.300048828125,1431.5,87018
2025-08-20 09:20:00+00:00,1431.0999755859375,1432.0999755859375,1430.0,1432.0999755859375,94907
2025-08-20 09:25:00+00:00,1430.5,1431.5999755859375,1430.5,1431.199951171875,82208
2025-08-20 09:30:00+00:00,1430.5999755859375,1431.0,1429.4000244140625,1430.5999755859375,122893
2025-08-20 09:35:00+00:00,1430.800048828125,1431.5,1430.300048828125,1430.699951171875,128719
2025-08-20 09:40:00+00:00,1430.800048828125,1431.199951171875,1430.300048828125,1430.9000244140625,149549
2025-08-20 09:45:00+00:00,1430.699951171875,1431.199951171875,1430.0999755859375,1430.800048828125,168096
2025-08-20 09:50:00+00:00,1430.199951171875,1431.0999755859375,1430.0,1430.5999755859375,191893
2025-08-20 09:55:00+00:00,1430.5999755859375,1431.0,1430.0,1430.699951171875,0
2025-08-21 03:45:00+00:00,1437.5999755859375,1439.5999755859375,1436.699951171875,1439.5999755859375,587831
2025-08-21 03:50:00+00:00,1436.699951171875,1437.9000244140625,1436.4000244140625,1437.199951171875,63514
2025-08-21 03:55:00+00:00,1438.800048828125,1440.199951171875,1436.9000244140625,1436.9000244140625,96870
2025-08-21 04:00:00+00:00,1439.699951171875,1441.199951171875,1439.0,1439.300048828125,98588
2025-08-21 04:05:00+00:00,1437.300048828125,1439.699951171875,1437.199951171875,1439.5,32735
2025-08-21 04:10:00+00:00,1439.199951171875,1439.699951171875,1437.300048828125,1437.300048828125,57872
2025-08-21 04:15:00+00:00,1440.9000244140625,1441.5999755859375,1438.699951171875,1439.0,37485
2025-08-21 04:20:00+00:00,1441.0999755859375,1441.5999755859375,1439.800048828125,1440.800048828125,52992
2025-08-21 04:25:00+00:00,1441.5999755859375,1442.4000244140625,1440.800048828125,1441.5,59927
2025-08-21 04:30:00+00:00,1444.5,1444.800048828125,1441.5999755859375,1441.5999755859375,68864
2025-08-21 04:35:00+00:00,1443.5,1445.800048828125,1443.199951171875,1444.5999755859375,50779
2025-08-21 04:40:00+00:00,1443.800048828125,1444.5,1443.0999755859375,1443.800048828125,28028
2025-08-21 04:45:00+00:00,1444.800048828125,1445.0,1443.199951171875,1443.300048828125,37754
2025-08-21 04:50:00+00:00,1445.0,1445.5,1444.300048828125,1444.5,33824
2025-08-21 04:55:00+00:00,1443.800048828125,1445.300048828125,1443.0,1445.0,198377
2025-08-21 05:00:00+00:00,1445.199951171875,1445.300048828125,1443.0999755859375,1443.800048828125,52280
2025-08-21 05:05:00+00:00,1443.800048828125,1445.5,1443.5,1445.0,34045
2025-08-21 05:10:00+00:00,1444.4000244140625,1445.0,1444.199951171875,1444.5,22861
2025-08-21 05:15:00+00:00,1444.5,1444.9000244140625,1442.9000244140625,1444.0,104130
2025-08-21 05:20:00+00:00,1443.0999755859375,1444.5,1442.800048828125,1444.300048828125,26094
2025-08-21 05:25:00+00:00,1443.199951171875,1443.4000244140625,1442.9000244140625,1443.0999755859375,21311
2025-08-21 05:30:00+00:00,1443.5,1445.0,1443.0,1443.5,31459
2025-08-21 05:35:00+00:00,1444.300048828125,1444.9000244140625,1443.199951171875,1443.5,43094
2025-08-21 05:40:00+00:00,1444.300048828125,1444.9000244140625,1444.0999755859375,1444.199951171875,19789
2025-08-21 05:45:00+00:00,1443.5999755859375,1444.9000244140625,1443.5999755859375,1444.300048828125,26012
2025-08-21 05:50:00+00:00,1443.5,1443.9000244140625,1443.300048828125,1443.5999755859375,28786
2025-08-21 05:55:00+00:00,1442.5999755859375,1443.4000244140625,1442.300048828125,1443.300048828125,37129
2025-08-21 06:00:00+00:00,1442.0,1442.9000244140625,1441.800048828125,1442.5999755859375,66729
2025-08-21 06:05:00+00:00,1442.0,1442.300048828125,1441.0,1442.0999755859375,80327
2025-08-21 06:10:00+00:00,1441.699951171875,1442.300048828125,1441.4000244140625,1442.0,28005
2025-08-21 06:15:00+00:00,1441.0999755859375,1442.300048828125,1441.0,1441.800048828125,30112
2025-08-21 06:20:00+00:00,1440.5999755859375,1441.0999755859375,1440.300048828125,1441.0,37165
2025-08-21 06:25:00+00:00,1440.0,1441.199951171875,1439.4000244140625,1440.5999755859375,66299
2025-08-21 06:30:00+00:00,1438.699951171875,1440.0,1438.300048828125,1439.9000244140625,106479
2025-08-21 06:35:00+00:00,1439.0,1439.9000244140625,1438.699951171875,1438.800048828125,46590
2025-08-21 06:40:00+00:00,1439.0,1439.9000244140625,1438.699951171875,1439.199951171875,35537
2025-08-21 06:45:00+00:00,1438.5,1439.0,1437.800048828125,1439.0,64513
2025-08-21 06:50:00+00:00,1438.5,1439.0,1438.0,1438.5,35921
2025-08-21 06:55:00+00:00,1438.800048828125,1439.0,1438.0,1438.699951171875,38428
2025-08-21 07:00:00+00:00,1441.199951171875,1441.4000244140625,1438.199951171875,1438.800048828125,148331
2025-08-21 07:05:00+00:00,1442.0,1442.4000244140625,1440.9000244140625,1440.9000244140625,42535
2025-08-21 07:10:00+00:00,1441.5999755859375,1442.300048828125,1441.4000244140625,1441.9000244140625,24628
2025-08-21 07:15:00+00:00,1441.5999755859375,1442.199951171875,1441.0999755859375,1441.5,25864
2025-08-21 07:20:00+00:00,1440.4000244140625,1441.5999755859375,1439.5999755859375,1441.5,164909
2025-08-21 07:25:00+00:00,1441.0999755859375,1441.5,1440.0999755859375,1440.300048828125,56758
2025-08-21 07:30:00+00:00,1441.0,1441.199951171875,1440.300048828125,1441.0999755859375,44068
2025-08-21 07:35:00+00:00,1440.9000244140625,1441.199951171875,1440.9000244140625,1441.0,40588
2025-08-21 07:40:00+00:00,1442.0,1442.199951171875,1440.9000244140625,1441.0,30973
2025-08-21 07:45:00+00:00,1441.9000244140625,1442.4000244140625,1441.699951171875,1442.0,35921
2025-08-21 07:50:00+00:00,1441.0999755859375,1442.0999755859375,1440.800048828125,1441.9000244140625,53050
2025-08-21 07:55:00+00:00,1442.199951171875,1442.4000244140625,1440.9000244140625,1441.0999755859375,181310
2025-08-21 08:00:00+00:00,1442.9000244140625,1443.4000244140625,1441.800048828125,1442.5,68278
2025-08-21 08:05:00+00:00,1442.699951171875,1443.300048828125,1442.199951171875,1442.800048828125,35713
2025-08-21 08:10:00+00:00,1442.199951171875,1443.0,1441.5,1442.699951171875,99691
2025-08-21 08:15:00+00:00,1442.9000244140625,1442.9000244140625,1441.5999755859375,1442.199951171875,87729
2025-08-21 08:20:00+00:00,1442.0999755859375,1443.0999755859375,1441.699951171875,1443.0,37020
2025-08-21 08:25:00+00:00,1442.9000244140625,1443.199951171875,1441.800048828125,1442.5,48322
2025-08-21 08:30:00+00:00,1443.699951171875,1444.0,1442.0,1442.9000244140625,70469
2025-08-21 08:35:00+00:00,1444.199951171875,1444.5,1443.0,1443.5999755859375,40484
2025-08-21 08:40:00+00:00,1443.5999755859375,1444.300048828125,1443.5,1444.300048828125,34853
2025-08-21 08:45:00+00:00,1445.300048828125,1446.199951171875,1443.5999755859375,1443.5999755859375,305349
2025-08-21 08:50:00+00:00,1445.199951171875,1445.9000244140625,1445.0999755859375,1445.300048828125,45611
2025-08-21 08:55:00+00:00,1445.199951171875,1445.699951171875,1444.5,1445.300048828125,79924
2025-08-21 09:00:00+00:00,1445.199951171875,1445.300048828125,1444.800048828125,1445.199951171875,45392
2025-08-21 09:05:00+00:00,1443.800048828125,1445.199951171875,1442.5999755859375,1445.199951171875,164682
2025-08-21 09:10:00+00:00,1443.9000244140625,1444.5999755859375,1443.199951171875,1443.9000244140625,77002
2025-08-21 09:15:00+00:00,1444.4000244140625,1444.9000244140625,1443.699951171875,1444.0,112690
2025-08-21 09:20:00+00:00,1444.5999755859375,1444.5999755859375,1444.0999755859375,1444.300048828125,45545
2025-08-21 09:25:00+00:00,1446.699951171875,1446.9000244140625,1443.5999755859375,1444.5,112710
2025-08-21 09:30:00+00:00,1446.0,1446.9000244140625,1445.199951171875,1446.5,274167
2025-08-21 09:35:00+00:00,1446.699951171875,1447.800048828125,1445.5999755859375,1446.0,234798
2025-08-21 09:40:00+00:00,1445.5999755859375,1447.0999755859375,1444.800048828125,1446.300048828125,237029
2025-08-21 09:45:00+00:00,1445.9000244140625,1446.300048828125,1445.4000244140625,1445.5999755859375,202132
2025-08-21 09:50:00+00:00,1445.0999755859375,1445.9000244140625,1443.699951171875,1445.9000244140625,222540
2025-08-21 09:55:00+00:00,1444.699951171875,1445.5,1443.4000244140625,1445.199951171875,118695
2025-08-22 03:45:00+00:00,1435.0,1444.699951171875,1433.5,1444.699951171875,0
2025-08-22 03:50:00+00:00,1434.5999755859375,1435.5,1434.199951171875,1434.800048828125,77678
2025-08-22 03:55:00+00:00,1434.9000244140625,1435.0,1433.5,1434.5,42025
2025-08-22 04:00:00+00:00,1434.0,1434.9000244140625,1433.0999755859375,1434.9000244140625,38944
2025-08-22 04:05:00+00:00,1434.199951171875,1435.0,1433.9000244140625,1433.9000244140625,50754
2025-08-22 04:10:00+00:00,1434.800048828125,1434.9000244140625,1433.5999755859375,1434.199951171875,44222
2025-08-22 04:15:00+00:00,1434.9000244140625,1435.0,1434.5,1434.800048828125,36209
2025-08-22 04:20:00+00:00,1433.800048828125,1435.0,1433.800048828125,1434.9000244140625,46509
2025-08-22 04:25:00+00:00,1431.800048828125,1433.5,1431.4000244140625,1433.5,71109
2025-08-22 04:30:00+00:00,1432.300048828125,1433.0,1430.199951171875,1431.5999755859375,60946
2025-08-22 04:35:00+00:00,1432.0999755859375,1432.699951171875,1430.5999755859375,1432.199951171875,79076
2025-08-22 04:40:00+00:00,1432.5999755859375,1433.0999755859375,1432.0,1432.0,55557
2025-08-22 04:45:00+00:00,1431.5999755859375,1432.699951171875,1430.800048828125,1432.699951171875,182778
2025-08-22 04:50:00+00:00,1430.699951171875,1432.4000244140625,1430.5999755859375,1431.699951171875,108842
2025-08-22 04:55:00+00:00,1432.199951171875,1432.199951171875,1429.5,1430.699951171875,116511
2025-08-22 05:00:00+00:00,1432.0,1432.5,1431.5,1432.199951171875,42125
2025-08-22 05:05:00+00:00,1433.300048828125,1433.300048828125,1431.9000244140625,1431.9000244140625,24157
2025-08-22 05:10:00+00:00,1431.5999755859375,1433.0,1431.300048828125,1433.0,187885
2025-08-22 05:15:00+00:00,1432.0,1432.5999755859375,1430.800048828125,1431.5999755859375,56987
2025-08-22 05:20:00+00:00,1432.9000244140625,1432.9000244140625,1432.0,1432.0,32431
2025-08-22 05:25:00+00:00,1433.800048828125,1433.800048828125,1431.300048828125,1432.9000244140625,72926
2025-08-22 05:30:00+00:00,1434.199951171875,1434.199951171875,1433.300048828125,1433.800048828125,44964
2025-08-22 05:35:00+00:00,1435.0,1435.4000244140625,1434.0999755859375,1434.199951171875,78489
2025-08-22 05:40:00+00:00,1435.5,1435.5,1434.300048828125,1435.0,63267
2025-08-22 05:45:00+00:00,1435.800048828125,1435.9000244140625,1433.9000244140625,1435.300048828125,62901
2025-08-22 05:50:00+00:00,1434.5999755859375,1436.0,1434.199951171875,1435.9000244140625,77466
2025-08-22 05:55:00+00:00,1435.300048828125,1435.300048828125,1434.0,1434.699951171875,62882
2025-08-22 06:00:00+00:00,1436.0,1436.0,1434.9000244140625,1435.4000244140625,64441
2025-08-22 06:05:00+00:00,1437.300048828125,1437.300048828125,1436.0999755859375,1436.199951171875,67329
2025-08-22 06:10:00+00:00,1437.5999755859375,1438.0,1436.5999755859375,1437.300048828125,85347
2025-08-22 06:15:00+00:00,1436.5,1437.699951171875,1435.800048828125,1437.5999755859375,75938
2025-08-22 06:20:00+00:00,1437.0,1437.0,1435.5,1436.5,85731
2025-08-22 06:25:00+00:00,1436.800048828125,1437.0999755859375,1435.699951171875,1437.0999755859375,66210
2025-08-22 06:30:00+00:00,1438.0999755859375,1438.199951171875,1436.0999755859375,1436.800048828125,145142
2025-08-22 06:35:00+00:00,1437.699951171875,1438.5,1437.0,1438.0999755859375,501122
2025-08-22 06:40:00+00:00,1437.4000244140625,1438.0999755859375,1436.5999755859375,1437.699951171875,51911
2025-08-22 06:45:00+00:00,1437.4000244140625,1437.800048828125,1436.800048828125,1437.800048828125,44074
2025-08-22 06:50:00+00:00,1438.0999755859375,1438.0999755859375,1437.0999755859375,1437.4000244140625,37861
2025-08-22 06:55:00+00:00,1439.0,1439.0,1438.0,1438.0999755859375,39305
2025-08-22 07:00:00+00:00,1440.699951171875,1440.9000244140625,1438.9000244140625,1439.0,47052
2025-08-22 07:05:00+00:00,1439.5999755859375,1440.9000244140625,1439.4000244140625,1440.699951171875,52300
2025-08-22 07:10:00+00:00,1440.300048828125,1440.5,1439.199951171875,1439.5999755859375,37972
2025-08-22 07:15:00+00:00,1440.5,1440.5,1439.9000244140625,1440.4000244140625,41076
2025-08-22 07:20:00+00:00,1440.199951171875,1440.800048828125,1439.5999755859375,1440.5,45547
2025-08-22 07:25:00+00:00,1440.0999755859375,1441.0,1439.800048828125,1440.199951171875,41514
2025-08-22 07:30:00+00:00,1440.699951171875,1440.699951171875,1440.0,1440.0999755859375,41568
2025-08-22 07:35:00+00:00,1440.0999755859375,1440.9000244140625,1439.800048828125,1440.699951171875,46952
2025-08-22 07:40:00+00:00,1439.5,1440.5,1439.0999755859375,1440.0999755859375,47132
2025-08-22 07:45:00+00:00,1439.9000244140625,1440.0,1438.9000244140625,1439.5,46014
2025-08-22 07:50:00+00:00,1440.5999755859375,1440.5999755859375,1439.699951171875,1439.9000244140625,41064
2025-08-22 07:55:00+00:00,1440.0999755859375,1440.699951171875,1439.5,1440.5999755859375,43436
2025-08-22 08:00:00+00:00,1440.0,1441.0,1439.9000244140625,1440.0999755859375,68488
2025-08-22 08:05:00+00:00,1440.0,1441.0,1439.699951171875,1440.0,68097
2025-08-22 08:10:00+00:00,1440.0999755859375,1440.5999755859375,1438.800048828125,1440.0,77228
2025-08-22 08:15:00+00:00,1441.0,1441.5,1440.0,1440.199951171875,53308
2025-08-22 08:20:00+00:00,1440.0,1441.300048828125,1439.9000244140625,1441.0,76361
2025-08-22 08:25:00+00:00,1439.699951171875,1440.800048828125,1439.699951171875,1440.0,49051
2025-08-22 08:30:00+00:00,1439.800048828125,1439.9000244140625,1439.300048828125,1439.699951171875,47873
2025-08-22 08:35:00+00:00,1439.800048828125,1440.0,1439.0999755859375,1439.800048828125,101237
2025-08-22 08:40:00+00:00,1438.9000244140625,1440.0,1438.5,1439.9000244140625,58341
2025-08-22 08:45:00+00:00,1438.199951171875,1439.0999755859375,1437.0999755859375,1438.9000244140625,61774
2025-08-22 08:50:00+00:00,1437.699951171875,1438.5999755859375,1437.199951171875,1438.199951171875,54075
2025-08-22 08:55:00+00:00,1438.0999755859375,1438.0999755859375,1436.4000244140625,1437.4000244140625,53181
2025-08-22 09:00:00+00:00,1437.800048828125,1438.0999755859375,1437.0999755859375,1438.0999755859375,174474
2025-08-22 09:05:00+00:00,1438.199951171875,1438.699951171875,1437.300048828125,1437.699951171875,75086
2025-08-22 09:10:00+00:00,1438.300048828125,1438.5,1437.699951171875,1438.199951171875,67177
2025-08-22 09:15:00+00:00,1438.5,1438.699951171875,1437.5999755859375,1438.199951171875,61389
2025-08-22 09:20:00+00:00,1439.699951171875,1439.699951171875,1438.300048828125,1438.5,83600
2025-08-22 09:25:00+00:00,1439.5,1439.699951171875,1439.300048828125,1439.699951171875,54304
2025-08-22 09:30:00+00:00,1437.0999755859375,1439.5999755859375,1436.300048828125,1439.5999755859375,193862
2025-08-22 09:35:00+00:00,1437.5999755859375,1437.699951171875,1436.199951171875,1437.0,130980
2025-08-22 09:40:00+00:00,1437.4000244140625,1437.800048828125,1437.199951171875,1437.5999755859375,125487
2025-08-22 09:45:00+00:00,1436.5,1437.4000244140625,1436.4000244140625,1437.300048828125,189259
2025-08-22 09:50:00+00:00,1435.0999755859375,1436.5,1435.0,1436.5,205397
2025-08-22 09:55:00+00:00,1435.9000244140625,1436.5,1433.699951171875,1435.0999755859375,197397
2025-08-25 03:45:00+00:00,1428.800048828125,1433.300048828125,1426.0999755859375,1432.9000244140625,0
2025-08-25 03:50:00+00:00,1430.4000244140625,1431.199951171875,1428.5999755859375,1428.5999755859375,32436
2025-08-25 03:55:00+00:00,1431.0,1431.4000244140625,1430.0999755859375,1430.800048828125,21006
2025-08-25 04:00:00+00:00,1429.9000244140625,1431.0,1429.5,1431.0,528623
2025-08-25 04:05:00+00:00,1429.9000244140625,1430.0,1428.4000244140625,1429.9000244140625,39372
2025-08-25 04:10:00+00:00,1428.699951171875,1429.699951171875,1427.699951171875,1429.699951171875,92380
2025-08-25 04:15:00+00:00,1427.9000244140625,1429.0,1427.4000244140625,1428.5999755859375,58935
2025-08-25 04:20:00+00:00,1426.9000244140625,1427.5999755859375,1426.4000244140625,1427.300048828125,38156
2025-08-25 04:25:00+00:00,1425.199951171875,1427.0,1424.5,1427.0,112629
2025-08-25 04:30:00+00:00,1425.0999755859375,1425.300048828125,1424.5,1425.0,55697
2025-08-25 04:35:00+00:00,1425.0999755859375,1425.300048828125,1424.699951171875,1425.300048828125,22055
2025-08-25 04:40:00+00:00,1425.0,1425.5,1424.5999755859375,1425.0,97845
2025-08-25 04:45:00+00:00,1425.0999755859375,1425.300048828125,1424.0,1425.0,32085
2025-08-25 04:50:00+00:00,1425.5999755859375,1425.9000244140625,1424.300048828125,1425.0999755859375,21693
2025-08-25 04:55:00+00:00,1425.300048828125,1425.9000244140625,1425.300048828125,1425.800048828125,14582
2025-08-25 05:00:00+00:00,1424.0999755859375,1426.0999755859375,1424.0999755859375,1425.4000244140625,53156
2025-08-25 05:05:00+00:00,1425.199951171875,1425.800048828125,1424.0999755859375,1424.199951171875,17826
2025-08-25 05:10:00+00:00,1425.5999755859375,1425.699951171875,1424.9000244140625,1425.4000244140625,19181
2025-08-25 05:15:00+00:00,1425.9000244140625,1425.9000244140625,1424.5,1425.300048828125,335179
2025-08-25 05:20:00+00:00,1427.9000244140625,1428.0,1425.300048828125,1425.9000244140625,25313
2025-08-25 05:25:00+00:00,1426.800048828125,1428.300048828125,1426.4000244140625,1428.0999755859375,20579
2025-08-25 05:30:00+00:00,1427.699951171875,1427.699951171875,1426.0999755859375,1427.0999755859375,14581
2025-08-25 05:35:00+00:00,1426.800048828125,1427.9000244140625,1426.300048828125,1427.699951171875,13862
2025-08-25 05:40:00+00:00,1426.5,1426.9000244140625,1425.9000244140625,1426.800048828125,16275
2025-08-25 05:45:00+00:00,1426.800048828125,1427.199951171875,1426.0,1426.5,158685
2025-08-25 05:50:00+00:00,1426.199951171875,1427.0,1426.0,1426.699951171875,91510
2025-08-25 05:55:00+00:00,1426.0,1426.800048828125,1426.0,1426.5,18665
2025-08-25 06:00:00+00:00,1427.300048828125,1428.5999755859375,1426.0,1426.0999755859375,152351
2025-08-25 06:05:00+00:00,1427.800048828125,1428.300048828125,1426.4000244140625,1427.0,48618
2025-08-25 06:10:00+00:00,1430.5999755859375,1430.5999755859375,1427.5999755859375,1427.5999755859375,431026
2025-08-25 06:15:00+00:00,1428.5,1430.699951171875,1427.5,1430.5999755859375,304286
2025-08-25 06:20:00+00:00,1426.5,1428.5,1426.0,1428.0999755859375,62927
2025-08-25 06:25:00+00:00,1427.4000244140625,1427.5999755859375,1426.5,1426.5999755859375,16273
2025-08-25 06:30:00+00:00,1427.300048828125,1427.5999755859375,1426.699951171875,1427.4000244140625,15440
2025-08-25 06:35:00+00:00,1427.199951171875,1428.0,1426.5,1427.300048828125,52297
2025-08-25 06:40:00+00:00,1427.300048828125,1427.9000244140625,1426.300048828125,1427.699951171875,27912
2025-08-25 06:45:00+00:00,1427.800048828125,1428.4000244140625,1427.0,1427.5,69856
2025-08-25 06:50:00+00:00,1428.300048828125,1428.4000244140625,1427.5999755859375,1428.0,26690
2025-08-25 06:55:00+00:00,1428.0999755859375,1428.5999755859375,1427.5999755859375,1428.300048828125,23370
2025-08-25 07:00:00+00:00,1428.0,1428.699951171875,1427.5999755859375,1428.0999755859375,20248
2025-08-25 07:05:00+00:00,1427.5,1428.5999755859375,1427.300048828125,1428.0,25062
2025-08-25 07:10:00+00:00,1429.5999755859375,1430.0,1427.199951171875,1427.5999755859375,42317
2025-08-25 07:15:00+00:00,1429.199951171875,1429.800048828125,1429.0,1429.5999755859375,30763
2025-08-25 07:20:00+00:00,1429.0999755859375,1430.0999755859375,1429.0,1429.199951171875,123666
2025-08-25 07:25:00+00:00,1430.0999755859375,1430.300048828125,1429.0999755859375,1429.699951171875,47282
2025-08-25 07:30:00+00:00,1430.0,1430.5999755859375,1430.0,1430.0999755859375,28631
2025-08-25 07:35:00+00:00,1431.4000244140625,1431.699951171875,1430.0,1430.0999755859375,149859
2025-08-25 07:40:00+00:00,1432.0,1432.300048828125,1430.699951171875,1431.4000244140625,145967
2025-08-25 07:45:00+00:00,1432.0,1432.199951171875,1431.199951171875,1432.0999755859375,59601
2025-08-25 07:50:00+00:00,1431.0,1432.0,1430.0999755859375,1431.5,83578
2025-08-25 07:55:00+00:00,1430.9000244140625,1431.9000244140625,1430.0999755859375,1431.0,95659
2025-08-25 08:00:00+00:00,1431.0,1431.800048828125,1430.300048828125,1430.9000244140625,38576
2025-08-25 08:05:00+00:00,1430.9000244140625,1431.5,1430.5999755859375,1431.0999755859375,45026
2025-08-25 08:10:00+00:00,1431.0,1431.5999755859375,1431.0,1431.4000244140625,64344
2025-08-25 08:15:00+00:00,1431.9000244140625,1432.0999755859375,1430.199951171875,1431.0,88918
2025-08-25 08:20:00+00:00,1432.199951171875,1433.0,1431.5,1432.0,161283
2025-08-25 08:25:00+00:00,1432.5,1433.300048828125,1431.9000244140625,1432.0999755859375,58140
2025-08-25 08:30:00+00:00,1433.0,1433.0999755859375,1432.0,1432.5,87545
2025-08-25 08:35:00+00:00,1433.0,1433.300048828125,1432.5,1433.0999755859375,76647
2025-08-25 08:40:00+00:00,1433.0,1433.4000244140625,1432.4000244140625,1433.0,91015
2025-08-25 08:45:00+00:00,1433.199951171875,1434.4000244140625,1432.5,1433.0,151378
2025-08-25 08:50:00+00:00,1433.0999755859375,1433.4000244140625,1432.5999755859375,1433.199951171875,87386
2025-08-25 08:55:00+00:00,1433.0,1433.300048828125,1432.300048828125,1433.0999755859375,108304
2025-08-25 09:00:00+00:00,1432.199951171875,1433.199951171875,1431.300048828125,1433.0,80092
2025-08-25 09:05:00+00:00,1432.0999755859375,1432.4000244140625,1431.0,1432.199951171875,163779
2025-08-25 09:10:00+00:00,1431.199951171875,1432.300048828125,1431.0999755859375,1432.0999755859375,64696
2025-08-25 09:15:00+00:00,1432.5,1432.800048828125,1430.699951171875,1431.300048828125,178122
2025-08-25 09:20:00+00:00,1433.199951171875,1433.5,1432.199951171875,1432.5999755859375,49990
2025-08-25 09:25:00+00:00,1434.9000244140625,1435.199951171875,1433.0,1433.199951171875,99830
2025-08-25 09:30:00+00:00,1433.9000244140625,1434.9000244140625,1433.699951171875,1434.9000244140625,85854
2025-08-25 09:35:00+00:00,1432.699951171875,1433.9000244140625,1432.5999755859375,1433.9000244140625,89375
2025-08-25 09:40:00+00:00,1432.4000244140625,1433.4000244140625,1432.0999755859375,1433.4000244140625,128266
2025-08-25 09:45:00+00:00,1433.0999755859375,1433.4000244140625,1432.199951171875,1432.5999755859375,124220
2025-08-25 09:50:00+00:00,1433.0999755859375,1433.800048828125,1432.800048828125,1433.199951171875,138957
2025-08-25 09:55:00+00:00,1433.199951171875,1433.9000244140625,1430.5,1433.5,0
2025-08-26 03:45:00+00:00,1421.199951171875,1427.4000244140625,1420.5999755859375,1427.4000244140625,275573
2025-08-26 03:50:00+00:00,1415.800048828125,1420.699951171875,1415.699951171875,1420.699951171875,177301
2025-08-26 03:55:00+00:00,1417.0999755859375,1418.4000244140625,1417.0,1417.0999755859375,169794
2025-08-26 04:00:00+00:00,1416.9000244140625,1417.800048828125,1415.5,1416.699951171875,58979
2025-08-26 04:05:00+00:00,1414.5999755859375,1417.5,1414.0,1416.5,96180
2025-08-26 04:10:00+00:00,1415.0999755859375,1415.800048828125,1414.300048828125,1415.0,32301
2025-08-26 04:15:00+00:00,1415.0999755859375,1416.0999755859375,1415.0,1415.0999755859375,40643
2025-08-26 04:20:00+00:00,1415.5,1416.9000244140625,1415.0,1415.0,41893
2025-08-26 04:25:00+00:00,1415.4000244140625,1416.0,1415.0,1415.800048828125,26687
2025-08-26 04:30:00+00:00,1416.5999755859375,1417.0,1415.0999755859375,1415.4000244140625,29350
2025-08-26 04:35:00+00:00,1417.0999755859375,1417.0999755859375,1416.0,1416.5999755859375,27998
2025-08-26 04:40:00+00:00,1417.0999755859375,1417.800048828125,1417.0,1417.4000244140625,42259
2025-08-26 04:45:00+00:00,1417.5999755859375,1417.9000244140625,1416.699951171875,1417.199951171875,38685
2025-08-26 04:50:00+00:00,1418.0,1418.0999755859375,1417.199951171875,1417.5999755859375,28710
2025-08-26 04:55:00+00:00,1417.699951171875,1418.0999755859375,1416.9000244140625,1417.800048828125,30511
2025-08-26 05:00:00+00:00,1417.199951171875,1417.800048828125,1416.9000244140625,1417.300048828125,30643
2025-08-26 05:05:00+00:00,1417.800048828125,1417.800048828125,1417.199951171875,1417.199951171875,20689
2025-08-26 05:10:00+00:00,1417.0,1417.800048828125,1416.699951171875,1417.699951171875,22312
2025-08-26 05:15:00+00:00,1417.0999755859375,1417.5,1417.0999755859375,1417.199951171875,28050
2025-08-26 05:20:00+00:00,1417.199951171875,1418.4000244140625,1416.300048828125,1417.0999755859375,51256
2025-08-26 05:25:00+00:00,1418.800048828125,1419.199951171875,1416.9000244140625,1417.199951171875,76864
2025-08-26 05:30:00+00:00,1419.0999755859375,1419.199951171875,1418.0999755859375,1418.699951171875,46406
2025-08-26 05:35:00+00:00,1418.0,1419.5999755859375,1417.0,1419.0999755859375,60587
2025-08-26 05:40:00+00:00,1417.800048828125,1418.199951171875,1417.699951171875,1418.0999755859375,27475
2025-08-26 05:45:00+00:00,1418.5999755859375,1418.5999755859375,1417.5999755859375,1417.9000244140625,19241
2025-08-26 05:50:00+00:00,1419.300048828125,1419.5999755859375,1418.5,1418.5,27651
2025-08-26 05:55:00+00:00,1420.5,1421.5999755859375,1419.199951171875,1419.4000244140625,42540
2025-08-26 06:00:00+00:00,1420.5,1421.800048828125,1420.0,1420.5,61379
2025-08-26 06:05:00+00:00,1420.0,1421.5,1420.0,1420.5,45521
2025-08-26 06:10:00+00:00,1420.199951171875,1420.5,1419.9000244140625,1420.0,45700
2025-08-26 06:15:00+00:00,1420.0999755859375,1420.4000244140625,1420.0,1420.300048828125,48336
2025-08-26 06:20:00+00:00,1420.699951171875,1421.0,1420.0,1420.0999755859375,40350
2025-08-26 06:25:00+00:00,1420.0999755859375,1420.800048828125,1420.0999755859375,1420.699951171875,37848
2025-08-26 06:30:00+00:00,1420.0,1420.9000244140625,1420.0,1420.0999755859375,34302
2025-08-26 06:35:00+00:00,1420.0,1420.5999755859375,1420.0,1420.0,57481
2025-08-26 06:40:00+00:00,1419.0999755859375,1419.5999755859375,1418.199951171875,1419.5999755859375,88919
2025-08-26 06:45:00+00:00,1419.0,1419.199951171875,1417.5999755859375,1419.0,59726
2025-08-26 06:50:00+00:00,1418.800048828125,1420.199951171875,1418.5999755859375,1419.0999755859375,65176
2025-08-26 06:55:00+00:00,1418.5,1419.199951171875,1417.9000244140625,1418.9000244140625,50367
2025-08-26 07:00:00+00:00,1417.699951171875,1418.5999755859375,1417.5999755859375,1418.5,40650
2025-08-26 07:05:00+00:00,1417.4000244140625,1418.0999755859375,1417.0999755859375,1417.699951171875,40397
2025-08-26 07:10:00+00:00,1417.300048828125,1417.800048828125,1417.0999755859375,1417.5999755859375,42771
2025-08-26 07:15:00+00:00,1418.0999755859375,1418.199951171875,1417.0999755859375,1417.300048828125,49321
2025-08-26 07:20:00+00:00,1417.699951171875,1418.699951171875,1417.699951171875,1418.199951171875,55327
2025-08-26 07:25:00+00:00,1417.0,1417.800048828125,1416.699951171875,1417.699951171875,45986
2025-08-26 07:30:00+00:00,1418.9000244140625,1419.0,1416.9000244140625,1417.0,32274
2025-08-26 07:35:00+00:00,1419.5,1419.800048828125,1418.0999755859375,1418.9000244140625,46590
2025-08-26 07:40:00+00:00,1419.9000244140625,1420.199951171875,1419.0,1419.5999755859375,54816
2025-08-26 07:45:00+00:00,1418.9000244140625,1420.199951171875,1418.199951171875,1420.199951171875,54252
2025-08-26 07:50:00+00:00,1418.5,1420.0,1417.9000244140625,1418.9000244140625,93910
2025-08-26 07:55:00+00:00,1417.199951171875,1419.5999755859375,1416.800048828125,1418.699951171875,117102
2025-08-26 08:00:00+00:00,1418.0,1419.0,1417.199951171875,1417.300048828125,61155
2025-08-26 08:05:00+00:00,1417.0,1418.5999755859375,1416.5999755859375,1418.0,63905
2025-08-26 08:10:00+00:00,1417.4000244140625,1417.9000244140625,1416.699951171875,1416.800048828125,49557
2025-08-26 08:15:00+00:00,1417.800048828125,1418.0999755859375,1416.5999755859375,1417.4000244140625,82955
2025-08-26 08:20:00+00:00,1418.800048828125,1419.199951171875,1416.5999755859375,1417.800048828125,120709
2025-08-26 08:25:00+00:00,1417.5999755859375,1418.9000244140625,1417.0999755859375,1418.699951171875,69419
2025-08-26 08:30:00+00:00,1418.199951171875,1418.5,1417.5999755859375,1417.5999755859375,34565
2025-08-26 08:35:00+00:00,1419.0999755859375,1419.4000244140625,1418.0999755859375,1418.199951171875,41650
2025-08-26 08:40:00+00:00,1415.800048828125,1419.199951171875,1415.4000244140625,1419.199951171875,178422
2025-08-26 08:45:00+00:00,1416.0999755859375,1416.800048828125,1415.5,1415.5,58499
2025-08-26 08:50:00+00:00,1417.199951171875,1417.699951171875,1416.0999755859375,1416.0999755859375,45876
2025-08-26 08:55:00+00:00,1418.4000244140625,1418.699951171875,1416.0999755859375,1417.199951171875,163470
2025-08-26 09:00:00+00:00,1418.0999755859375,1418.5,1417.0999755859375,1418.199951171875,85651
2025-08-26 09:05:00+00:00,1419.5999755859375,1419.699951171875,1418.0,1418.0,75158
2025-08-26 09:10:00+00:00,1418.5,1419.699951171875,1418.0,1419.699951171875,114440
2025-08-26 09:15:00+00:00,1418.0,1418.800048828125,1416.9000244140625,1418.4000244140625,106438
2025-08-26 09:20:00+00:00,1417.5,1418.4000244140625,1417.0999755859375,1417.800048828125,112921
2025-08-26 09:25:00+00:00,1417.0999755859375,1417.800048828125,1416.5999755859375,1417.5,121114
2025-08-26 09:30:00+00:00,1418.0,1418.5999755859375,1417.0999755859375,1417.0999755859375,789279
2025-08-26 09:35:00+00:00,1417.5,1418.800048828125,1416.9000244140625,1417.9000244140625,846941
2025-08-26 09:40:00+00:00,1416.300048828125,1417.5999755859375,1416.199951171875,1417.5999755859375,706252
2025-08-26 09:45:00+00:00,1415.0999755859375,1416.4000244140625,1415.0999755859375,1416.199951171875,691122
2025-08-26 09:50:00+00:00,1414.699951171875,1416.4000244140625,1414.5,1415.0999755859375,785713
2025-08-26 09:55:00+00:00,1416.5999755859375,1416.5999755859375,1413.300048828125,1414.699951171875,0
2025-08-28 03:45:00+00:00,1402.300048828125,1407.4000244140625,1400.0,1406.0999755859375,0
2025-08-28 03:50:00+00:00,1404.5,1406.0,1401.5999755859375,1402.4000244140625,245790
2025-08-28 03:55:00+00:00,1404.9000244140625,1405.4000244140625,1402.300048828125,1404.300048828125,522287
2025-08-28 04:00:00+00:00,1404.800048828125,1405.199951171875,1403.5999755859375,1405.0,168271
2025-08-28 04:05:00+00:00,1404.9000244140625,1405.0,1402.5,1404.800048828125,321719
2025-08-28 04:10:00+00:00,1406.0,1411.800048828125,1404.9000244140625,1404.9000244140625,254846
2025-08-28 04:15:00+00:00,1406.699951171875,1408.0,1405.0,1406.0,136075
2025-08-28 04:20:00+00:00,1410.0,1410.4000244140625,1405.4000244140625,1406.699951171875,270177
2025-08-28 04:25:00+00:00,1409.5,1410.9000244140625,1408.0999755859375,1409.9000244140625,284117
2025-08-28 04:30:00+00:00,1409.0,1410.0,1407.5,1409.699951171875,138486
2025-08-28 04:35:00+00:00,1409.800048828125,1410.0,1408.9000244140625,1409.0,108795
2025-08-28 04:40:00+00:00,1408.4000244140625,1410.0999755859375,1408.0999755859375,1409.9000244140625,126736
2025-08-28 04:45:00+00:00,1407.5999755859375,1409.300048828125,1406.800048828125,1408.0,44232
2025-08-28 04:50:00+00:00,1406.0999755859375,1408.0,1405.199951171875,1407.5,54679
2025-08-28 04:55:00+00:00,1408.199951171875,1408.699951171875,1406.0,1406.0,51457
2025-08-28 05:00:00+00:00,1409.4000244140625,1409.9000244140625,1407.199951171875,1409.0,36893
2025-08-28 05:05:00+00:00,1407.199951171875,1410.199951171875,1407.0999755859375,1410.0,77536
2025-08-28 05:10:00+00:00,1406.5999755859375,1407.5999755859375,1406.0,1407.0,73157
2025-08-28 05:15:00+00:00,1408.699951171875,1409.0,1406.4000244140625,1406.5999755859375,137278
2025-08-28 05:20:00+00:00,1408.5,1410.0,1407.699951171875,1408.9000244140625,63695
2025-08-28 05:25:00+00:00,1409.0999755859375,1410.0,1406.800048828125,1408.4000244140625,60352
2025-08-28 05:30:00+00:00,1408.300048828125,1409.0999755859375,1407.0999755859375,1408.9000244140625,61054
2025-08-28 05:35:00+00:00,1407.5999755859375,1410.0,1407.0,1408.300048828125,90536
2025-08-28 05:40:00+00:00,1406.300048828125,1408.300048828125,1406.300048828125,1407.9000244140625,38827
2025-08-28 05:45:00+00:00,1407.300048828125,1408.0999755859375,1406.0,1406.199951171875,67110
2025-08-28 05:50:00+00:00,1407.699951171875,1408.5,1407.0,1407.0,44689
2025-08-28 05:55:00+00:00,1408.0,1409.5,1407.5999755859375,1408.0,51005
2025-08-28 06:00:00+00:00,1409.9000244140625,1409.9000244140625,1408.0,1408.0999755859375,48183
2025-08-28 06:05:00+00:00,1408.4000244140625,1410.0,1408.0,1409.9000244140625,78424
2025-08-28 06:10:00+00:00,1409.5,1409.5999755859375,1408.4000244140625,1408.4000244140625,39938
2025-08-28 06:15:00+00:00,1409.699951171875,1410.0,1408.0,1409.5,50550
2025-08-28 06:20:00+00:00,1407.0,1410.0,1407.0,1409.699951171875,49805
2025-08-28 06:25:00+00:00,1405.4000244140625,1407.0999755859375,1405.0,1407.0,39252
2025-08-28 06:30:00+00:00,1404.300048828125,1406.199951171875,1403.800048828125,1405.4000244140625,159739
2025-08-28 06:35:00+00:00,1406.5,1407.199951171875,1404.0999755859375,1404.4000244140625,50398
2025-08-28 06:40:00+00:00,1406.300048828125,1407.199951171875,1405.0999755859375,1406.5999755859375,61918
2025-08-28 06:45:00+00:00,1405.4000244140625,1406.9000244140625,1405.0,1406.300048828125,27112
2025-08-28 06:50:00+00:00,1404.800048828125,1405.4000244140625,1403.300048828125,1405.4000244140625,58838
2025-08-28 06:55:00+00:00,1405.300048828125,1405.699951171875,1403.300048828125,1404.800048828125,62903
2025-08-28 07:00:00+00:00,1404.5999755859375,1405.5,1404.199951171875,1405.199951171875,34747
2025-08-28 07:05:00+00:00,1403.0999755859375,1404.800048828125,1403.0,1404.699951171875,39396
2025-08-28 07:10:00+00:00,1402.199951171875,1403.199951171875,1402.0999755859375,1403.0999755859375,37999
2025-08-28 07:15:00+00:00,1402.5999755859375,1403.5,1402.0999755859375,1402.199951171875,38569
2025-08-28 07:20:00+00:00,1403.5,1403.5,1402.4000244140625,1402.699951171875,66583
2025-08-28 07:25:00+00:00,1403.9000244140625,1404.699951171875,1402.699951171875,1403.5999755859375,101027
2025-08-28 07:30:00+00:00,1403.0999755859375,1404.5999755859375,1402.5999755859375,1403.9000244140625,79225
2025-08-28 07:35:00+00:00,1402.4000244140625,1403.4000244140625,1401.0999755859375,1403.0999755859375,51574
2025-08-28 07:40:00+00:00,1402.0,1403.0,1401.5,1402.4000244140625,52213
2025-08-28 07:45:00+00:00,1401.4000244140625,1402.699951171875,1401.199951171875,1402.199951171875,27169
2025-08-28 07:50:00+00:00,1401.199951171875,1401.5,1401.0999755859375,1401.4000244140625,28389
2025-08-28 07:55:00+00:00,1402.0999755859375,1402.5,1401.0999755859375,1401.199951171875,54662
2025-08-28 08:00:00+00:00,1401.0,1402.300048828125,1401.0,1402.0999755859375,71262
2025-08-28 08:05:00+00:00,1401.9000244140625,1402.4000244140625,1401.0,1401.0999755859375,71804
2025-08-28 08:10:00+00:00,1402.300048828125,1403.0,1401.9000244140625,1401.9000244140625,31697
2025-08-28 08:15:00+00:00,1401.800048828125,1402.800048828125,1401.0,1402.300048828125,80959
2025-08-28 08:20:00+00:00,1401.699951171875,1401.800048828125,1400.300048828125,1401.5,47753
2025-08-28 08:25:00+00:00,1400.5999755859375,1401.9000244140625,1400.0,1401.9000244140625,67571
2025-08-28 08:30:00+00:00,1401.4000244140625,1402.699951171875,1400.300048828125,1400.4000244140625,157520
2025-08-28 08:35:00+00:00,1400.4000244140625,1401.5,1400.0,1401.4000244140625,93174
2025-08-28 08:40:00+00:00,1401.9000244140625,1403.0,1400.4000244140625,1400.5,230689
2025-08-28 08:45:00+00:00,1401.9000244140625,1402.5,1401.199951171875,1401.5999755859375,112831
2025-08-28 08:50:00+00:00,1402.0999755859375,1403.0,1401.199951171875,1401.800048828125,122361
2025-08-28 08:55:00+00:00,1402.0,1403.0,1400.5,1402.0,282952
2025-08-28 09:00:00+00:00,1401.0999755859375,1402.0999755859375,1400.699951171875,1401.9000244140625,60598
2025-08-28 09:05:00+00:00,1401.800048828125,1402.5,1400.0999755859375,1401.0,323413
2025-08-28 09:10:00+00:00,1401.5999755859375,1402.9000244140625,1400.300048828125,1402.199951171875,254085
2025-08-28 09:15:00+00:00,1400.0,1402.4000244140625,1399.4000244140625,1402.300048828125,322907
2025-08-28 09:20:00+00:00,1400.300048828125,1401.0,1399.4000244140625,1400.0999755859375,337936
2025-08-28 09:25:00+00:00,1401.699951171875,1402.4000244140625,1400.0999755859375,1400.699951171875,208604
2025-08-28 09:30:00+00:00,1400.0,1401.9000244140625,1399.5999755859375,1401.800048828125,761429
2025-08-28 09:35:00+00:00,1398.699951171875,1401.0,1398.199951171875,1400.0,760708
2025-08-28 09:40:00+00:00,1399.300048828125,1400.199951171875,1398.699951171875,1398.699951171875,704580
2025-08-28 09:45:00+00:00,1396.5999755859375,1399.699951171875,1396.5999755859375,1399.5999755859375,529765
2025-08-28 09:50:00+00:00,1397.5,1397.800048828125,1396.800048828125,1396.800048828125,581153
2025-08-28 09:55:00+00:00,1399.0999755859375,1400.699951171875,1397.0999755859375,1397.0999755859375,383435
2025-08-29 03:45:00+00:00,1394.0,1398.300048828125,1393.0,1393.0,0
2025-08-29 03:50:00+00:00,1399.199951171875,1400.0,1393.5,1394.5,161491
2025-08-29 03:55:00+00:00,1400.0,1400.5999755859375,1399.0,1399.699951171875,121460
2025-08-29 04:00:00+00:00,1400.5999755859375,1401.4000244140625,1399.5999755859375,1400.0,92959
2025-08-29 04:05:00+00:00,1401.5,1402.5999755859375,1399.9000244140625,1400.5,103476
2025-08-29 04:10:00+00:00,1402.300048828125,1403.699951171875,1401.4000244140625,1401.4000244140625,100020
2025-08-29 04:15:00+00:00,1402.0999755859375,1403.5,1401.5999755859375,1402.0,161175
2025-08-29 04:20:00+00:00,1402.0999755859375,1402.5,1401.699951171875,1402.0,78659
2025-08-29 04:25:00+00:00,1402.0,1402.800048828125,1401.199951171875,1402.0,67899
2025-08-29 04:30:00+00:00,1400.300048828125,1402.0999755859375,1399.9000244140625,1401.4000244140625,84642
2025-08-29 04:35:00+00:00,1400.800048828125,1400.9000244140625,1399.9000244140625,1400.5,55091
2025-08-29 04:40:00+00:00,1401.0999755859375,1402.199951171875,1400.9000244140625,1400.9000244140625,57966
2025-08-29 04:45:00+00:00,1402.0,1403.0,1401.0,1401.0,57104
2025-08-29 04:50:00+00:00,1404.4000244140625,1404.5,1401.800048828125,1402.0,79798
2025-08-29 04:55:00+00:00,1403.0999755859375,1404.5,1403.0,1404.4000244140625,55440
2025-08-29 05:00:00+00:00,1404.300048828125,1404.800048828125,1403.0999755859375,1403.0999755859375,58599
2025-08-29 05:05:00+00:00,1403.300048828125,1404.699951171875,1402.5,1404.199951171875,40789
2025-08-29 05:10:00+00:00,1404.300048828125,1404.699951171875,1403.699951171875,1403.699951171875,53282
2025-08-29 05:15:00+00:00,1404.199951171875,1404.4000244140625,1403.300048828125,1404.300048828125,60290
2025-08-29 05:20:00+00:00,1403.5999755859375,1404.199951171875,1403.5,1404.199951171875,64437
2025-08-29 05:25:00+00:00,1401.5,1403.9000244140625,1401.199951171875,1403.9000244140625,96609
2025-08-29 05:30:00+00:00,1402.0,1403.0,1401.0,1401.5,76213
2025-08-29 05:35:00+00:00,1400.0999755859375,1402.4000244140625,1400.0999755859375,1401.800048828125,65388
2025-08-29 05:40:00+00:00,1401.5,1402.800048828125,1400.0999755859375,1400.0999755859375,67055
2025-08-29 05:45:00+00:00,1400.0999755859375,1401.5,1400.0999755859375,1401.199951171875,50980
2025-08-29 05:50:00+00:00,1400.199951171875,1401.0,1400.0,1400.0999755859375,58671
2025-08-29 05:55:00+00:00,1401.199951171875,1401.9000244140625,1400.0,1400.199951171875,47365
2025-08-29 06:00:00+00:00,1401.9000244140625,1402.5,1401.0,1401.0,48160
2025-08-29 06:05:00+00:00,1403.199951171875,1403.800048828125,1401.800048828125,1401.9000244140625,69691
2025-08-29 06:10:00+00:00,1401.699951171875,1403.199951171875,1401.5,1402.9000244140625,46613
2025-08-29 06:15:00+00:00,1401.9000244140625,1402.0,1401.300048828125,1401.5999755859375,49639
2025-08-29 06:20:00+00:00,1401.699951171875,1402.199951171875,1400.9000244140625,1401.9000244140625,33881
2025-08-29 06:25:00+00:00,1400.0,1401.699951171875,1400.0,1401.5,42112
2025-08-29 06:30:00+00:00,1399.800048828125,1400.0,1398.4000244140625,1399.9000244140625,55879
2025-08-29 06:35:00+00:00,1399.4000244140625,1400.5999755859375,1399.0999755859375,1399.4000244140625,67964
2025-08-29 06:40:00+00:00,1400.5,1401.4000244140625,1399.4000244140625,1399.4000244140625,68445
2025-08-29 06:45:00+00:00,1399.4000244140625,1400.5,1398.800048828125,1400.5,60362
2025-08-29 06:50:00+00:00,1400.199951171875,1400.199951171875,1399.199951171875,1399.300048828125,42870
2025-08-29 06:55:00+00:00,1400.5,1401.300048828125,1400.0,1400.199951171875,56844
2025-08-29 07:00:00+00:00,1400.5,1400.800048828125,1399.800048828125,1400.800048828125,53443
2025-08-29 07:05:00+00:00,1401.0,1401.800048828125,1400.300048828125,1400.5999755859375,58051
2025-08-29 07:10:00+00:00,1402.0999755859375,1402.9000244140625,1400.800048828125,1400.800048828125,68316
2025-08-29 07:15:00+00:00,1403.0,1403.4000244140625,1401.800048828125,1402.0999755859375,87058
2025-08-29 07:20:00+00:00,1402.5,1403.4000244140625,1402.0,1403.0,110171
2025-08-29 07:25:00+00:00,1402.4000244140625,1402.800048828125,1401.5,1402.5999755859375,76620
2025-08-29 07:30:00+00:00,1402.0999755859375,1402.5,1400.699951171875,1402.4000244140625,83323
2025-08-29 07:35:00+00:00,1401.300048828125,1402.9000244140625,1401.0999755859375,1402.0,48487
2025-08-29 07:40:00+00:00,1401.300048828125,1402.0999755859375,1401.0999755859375,1401.199951171875,80570
2025-08-29 07:45:00+00:00,1402.9000244140625,1403.0,1401.0999755859375,1401.0999755859375,60006
2025-08-29 07:50:00+00:00,1402.5999755859375,1403.4000244140625,1401.5999755859375,1402.5,82881
2025-08-29 07:55:00+00:00,1402.5,1403.0,1401.699951171875,1402.300048828125,51857
2025-08-29 08:00:00+00:00,1401.5,1402.800048828125,1401.4000244140625,1402.5,41810
2025-08-29 08:05:00+00:00,1401.9000244140625,1402.4000244140625,1401.300048828125,1401.300048828125,76850
2025-08-29 08:10:00+00:00,1401.800048828125,1402.9000244140625,1401.699951171875,1401.9000244140625,66278
2025-08-29 08:15:00+00:00,1402.300048828125,1402.5,1401.699951171875,1401.800048828125,51393
2025-08-29 08:20:00+00:00,1402.199951171875,1402.5,1401.5,1402.199951171875,70012
2025-08-29 08:25:00+00:00,1400.0,1402.199951171875,1399.5999755859375,1402.0999755859375,78754
2025-08-29 08:30:00+00:00,1400.4000244140625,1401.4000244140625,1399.0999755859375,1399.699951171875,148904
2025-08-29 08:35:00+00:00,1401.199951171875,1401.199951171875,1399.800048828125,1400.4000244140625,89764
2025-08-29 08:40:00+00:00,1402.0999755859375,1402.5,1401.0999755859375,1401.0999755859375,88129
2025-08-29 08:45:00+00:00,1401.800048828125,1402.199951171875,1401.300048828125,1402.0,67952
2025-08-29 08:50:00+00:00,1404.0999755859375,1404.5,1401.699951171875,1401.800048828125,110064
2025-08-29 08:55:00+00:00,1402.5999755859375,1404.0999755859375,1402.199951171875,1404.0999755859375,104467
2025-08-29 09:00:00+00:00,1401.5,1403.0,1401.300048828125,1402.5,58416
2025-08-29 09:05:00+00:00,1400.9000244140625,1402.0,1400.0999755859375,1401.5,125303
2025-08-29 09:10:00+00:00,1401.5999755859375,1401.9000244140625,1400.800048828125,1400.9000244140625,62208
2025-08-29 09:15:00+00:00,1401.0,1403.0,1400.699951171875,1401.5999755859375,75668
2025-08-29 09:20:00+00:00,1401.699951171875,1402.199951171875,1400.699951171875,1401.0,85891
2025-08-29 09:25:00+00:00,1402.0999755859375,1402.5,1401.199951171875,1401.699951171875,60860
2025-08-29 09:30:00+00:00,1400.5,1402.300048828125,1400.4000244140625,1402.0999755859375,369396
2025-08-29 09:35:00+00:00,1399.0999755859375,1400.800048828125,1398.699951171875,1400.699951171875,334323
2025-08-29 09:40:00+00:00,1396.9000244140625,1399.199951171875,1396.5,1399.0999755859375,615103
2025-08-29 09:45:00+00:00,1398.0,1398.4000244140625,1397.0999755859375,1397.300048828125,466333
2025-08-29 09:50:00+00:00,1395.300048828125,1398.0999755859375,1395.0999755859375,1398.0,841476
2025-08-29 09:55:00+00:00,1397.800048828125,1400.0999755859375,1395.0,1395.300048828125,0
2025-09-01 03:45:00+00:00,1402.9000244140625,1407.800048828125,1401.699951171875,1406.5,0
2025-09-01 03:50:00+00:00,1407.0,1407.199951171875,1403.0,1403.0,108357
2025-09-01 03:55:00+00:00,1406.300048828125,1408.699951171875,1406.0999755859375,1407.0999755859375,86398
2025-09-01 04:00:00+00:00,1408.699951171875,1408.9000244140625,1406.0999755859375,1406.0999755859375,73441
2025-09-01 04:05:00+00:00,1407.5999755859375,1409.300048828125,1407.0999755859375,1408.5999755859375,73872
2025-09-01 04:10:00+00:00,1406.800048828125,1407.800048828125,1406.4000244140625,1407.5999755859375,32133
2025-09-01 04:15:00+00:00,1405.5999755859375,1408.300048828125,1405.5999755859375,1406.800048828125,90437
2025-09-01 04:20:00+00:00,1407.699951171875,1407.699951171875,1405.4000244140625,1405.4000244140625,67504
2025-09-01 04:25:00+00:00,1406.199951171875,1407.300048828125,1405.0999755859375,1407.300048828125,70960
2025-09-01 04:30:00+00:00,1404.0,1406.199951171875,1403.800048828125,1406.199951171875,46801
2025-09-01 04:35:00+00:00,1403.9000244140625,1404.0999755859375,1403.300048828125,1403.9000244140625,46595
2025-09-01 04:40:00+00:00,1404.5999755859375,1405.0,1403.4000244140625,1403.9000244140625,79474
2025-09-01 04:45:00+00:00,1404.5,1406.0,1403.9000244140625,1404.5,91012
2025-09-01 04:50:00+00:00,1403.699951171875,1404.5999755859375,1402.800048828125,1404.199951171875,84241
2025-09-01 04:55:00+00:00,1403.0,1404.5,1402.800048828125,1403.800048828125,83009
2025-09-01 05:00:00+00:00,1401.800048828125,1404.0,1401.800048828125,1403.0,89485
2025-09-01 05:05:00+00:00,1402.199951171875,1403.0999755859375,1401.4000244140625,1401.800048828125,70821
2025-09-01 05:10:00+00:00,1403.9000244140625,1404.4000244140625,1401.9000244140625,1402.199951171875,85356
2025-09-01 05:15:00+00:00,1405.0,1405.199951171875,1403.5,1404.0999755859375,87992
2025-09-01 05:20:00+00:00,1404.5999755859375,1405.699951171875,1404.5,1405.0999755859375,43521
2025-09-01 05:25:00+00:00,1405.300048828125,1405.5,1404.0,1404.5999755859375,34463
2025-09-01 05:30:00+00:00,1406.699951171875,1406.800048828125,1405.0,1405.300048828125,58705
2025-09-01 05:35:00+00:00,1405.300048828125,1406.699951171875,1404.300048828125,1406.699951171875,44730
2025-09-01 05:40:00+00:00,1404.800048828125,1405.5999755859375,1404.5,1405.300048828125,24462
2025-09-01 05:45:00+00:00,1404.0999755859375,1404.800048828125,1403.9000244140625,1404.800048828125,32222
2025-09-01 05:50:00+00:00,1403.800048828125,1404.9000244140625,1403.5999755859375,1404.699951171875,73373
2025-09-01 05:55:00+00:00,1406.0999755859375,1406.199951171875,1404.199951171875,1404.199951171875,35980
2025-09-01 06:00:00+00:00,1405.800048828125,1407.199951171875,1405.300048828125,1406.0999755859375,53758
2025-09-01 06:05:00+00:00,1405.300048828125,1406.5,1405.199951171875,1406.0999755859375,48588
2025-09-01 06:10:00+00:00,1404.5999755859375,1405.4000244140625,1404.4000244140625,1405.300048828125,27585
2025-09-01 06:15:00+00:00,1404.300048828125,1404.800048828125,1404.199951171875,1404.699951171875,37347
2025-09-01 06:20:00+00:00,1403.4000244140625,1404.699951171875,1402.5999755859375,1404.4000244140625,62991
2025-09-01 06:25:00+00:00,1402.300048828125,1403.5999755859375,1402.0999755859375,1403.5,26702
2025-09-01 06:30:00+00:00,1403.0999755859375,1404.4000244140625,1402.300048828125,1402.300048828125,41119
2025-09-01 06:35:00+00:00,1405.4000244140625,1405.699951171875,1403.0999755859375,1403.199951171875,49217
2025-09-01 06:40:00+00:00,1405.199951171875,1405.800048828125,1404.199951171875,1405.5999755859375,41081
2025-09-01 06:45:00+00:00,1405.0,1405.5,1403.800048828125,1405.199951171875,61370
2025-09-01 06:50:00+00:00,1405.300048828125,1405.4000244140625,1404.0999755859375,1405.0,58148
2025-09-01 06:55:00+00:00,1406.5,1406.5,1405.5,1405.800048828125,26636
2025-09-01 07:00:00+00:00,1406.199951171875,1406.5999755859375,1406.0,1406.5,23588
2025-09-01 07:05:00+00:00,1405.800048828125,1406.9000244140625,1405.4000244140625,1406.199951171875,57219
2025-09-01 07:10:00+00:00,1406.9000244140625,1407.0,1405.5,1405.800048828125,62665
2025-09-01 07:15:00+00:00,1408.0,1408.5999755859375,1406.300048828125,1406.800048828125,24828
2025-09-01 07:20:00+00:00,1408.300048828125,1408.699951171875,1407.199951171875,1407.699951171875,137341
2025-09-01 07:25:00+00:00,1408.4000244140625,1408.4000244140625,1407.0,1408.300048828125,39166
2025-09-01 07:30:00+00:00,1409.5,1409.800048828125,1407.5999755859375,1408.300048828125,99549
2025-09-01 07:35:00+00:00,1409.9000244140625,1410.0,1409.0,1409.5999755859375,53970
2025-09-01 07:40:00+00:00,1410.0,1410.0,1408.800048828125,1409.9000244140625,54790
2025-09-01 07:45:00+00:00,1409.5,1410.699951171875,1409.199951171875,1410.0,48353
2025-09-01 07:50:00+00:00,1409.0,1409.5,1408.699951171875,1409.5,34713
2025-09-01 07:55:00+00:00,1408.5999755859375,1409.300048828125,1407.5999755859375,1409.0,70454
2025-09-01 08:00:00+00:00,1409.9000244140625,1410.300048828125,1408.5999755859375,1408.9000244140625,42784
2025-09-01 08:05:00+00:00,1410.0,1410.300048828125,1409.4000244140625,1409.9000244140625,51475
2025-09-01 08:10:00+00:00,1408.699951171875,1410.199951171875,1408.300048828125,1410.0,67151
2025-09-01 08:15:00+00:00,1409.0,1409.300048828125,1408.199951171875,1408.800048828125,35309
2025-09-01 08:20:00+00:00,1408.199951171875,1409.199951171875,1407.5999755859375,1409.0,50886
2025-09-01 08:25:00+00:00,1407.800048828125,1409.0999755859375,1407.4000244140625,1408.199951171875,41544
2025-09-01 08:30:00+00:00,1408.199951171875,1408.199951171875,1407.0,1407.800048828125,48308
2025-09-01 08:35:00+00:00,1408.4000244140625,1408.9000244140625,1407.5,1408.199951171875,52747
2025-09-01 08:40:00+00:00,1408.0,1408.699951171875,1407.699951171875,1408.4000244140625,33457
2025-09-01 08:45:00+00:00,1407.4000244140625,1408.0999755859375,1407.199951171875,1408.0999755859375,27658
2025-09-01 08:50:00+00:00,1407.0,1407.5999755859375,1407.0,1407.5,29435
2025-09-01 08:55:00+00:00,1406.300048828125,1407.199951171875,1406.300048828125,1407.0,31441
2025-09-01 09:00:00+00:00,1407.300048828125,1407.4000244140625,1406.199951171875,1406.4000244140625,41271
2025-09-01 09:05:00+00:00,1407.0999755859375,1407.300048828125,1406.699951171875,1407.0999755859375,28914
2025-09-01 09:10:00+00:00,1406.800048828125,1407.0999755859375,1406.5,1407.0999755859375,32576
2025-09-01 09:15:00+00:00,1406.800048828125,1406.9000244140625,1406.300048828125,1406.800048828125,33271
2025-09-01 09:20:00+00:00,1406.699951171875,1406.9000244140625,1406.199951171875,1406.800048828125,29570
2025-09-01 09:25:00+00:00,1408.5,1408.9000244140625,1406.5,1406.699951171875,57512
2025-09-01 09:30:00+00:00,1410.4000244140625,1410.4000244140625,1408.5,1408.5,157912
2025-09-01 09:35:00+00:00,1411.9000244140625,1411.9000244140625,1410.199951171875,1410.4000244140625,129871
2025-09-01 09:40:00+00:00,1412.0,1412.4000244140625,1411.300048828125,1411.9000244140625,174288
2025-09-01 09:45:00+00:00,1411.0,1411.9000244140625,1410.699951171875,1411.800048828125,145677
2025-09-01 09:50:00+00:00,1411.0,1411.699951171875,1410.699951171875,1410.9000244140625,137428
2025-09-01 09:55:00+00:00,1411.0,1411.9000244140625,1409.800048828125,1410.800048828125,99519
2025-09-02 03:45:00+00:00,1408.699951171875,1413.0,1406.9000244140625,1413.0,0
2025-09-02 03:50:00+00:00,1410.9000244140625,1410.9000244140625,1407.699951171875,1408.699951171875,144795
2025-09-02 03:55:00+00:00,1411.0,1411.5999755859375,1409.5,1410.5,79287
2025-09-02 04:00:00+00:00,1412.300048828125,1412.9000244140625,1411.0,1411.300048828125,38246
2025-09-02 04:05:00+00:00,1411.0999755859375,1412.300048828125,1410.199951171875,1412.300048828125,38588
2025-09-02 04:10:00+00:00,1409.5999755859375,1411.199951171875,1409.199951171875,1411.0999755859375,30149
2025-09-02 04:15:00+00:00,1408.699951171875,1409.800048828125,1408.5,1409.5999755859375,29068
2025-09-02 04:20:00+00:00,1410.199951171875,1410.199951171875,1408.800048828125,1409.0999755859375,33213
2025-09-02 04:25:00+00:00,1409.0999755859375,1410.300048828125,1408.4000244140625,1410.300048828125,104012
2025-09-02 04:30:00+00:00,1411.199951171875,1411.800048828125,1409.0999755859375,1409.0999755859375,43466
2025-09-02 04:35:00+00:00,1410.5999755859375,1411.0999755859375,1409.0,1411.0999755859375,52969
2025-09-02 04:40:00+00:00,1409.0,1410.9000244140625,1408.0999755859375,1410.5999755859375,82514
2025-09-02 04:45:00+00:00,1408.0999755859375,1409.300048828125,1408.0,1408.9000244140625,54287
2025-09-02 04:50:00+00:00,1408.4000244140625,1409.300048828125,1408.199951171875,1408.300048828125,38658
2025-09-02 04:55:00+00:00,1408.300048828125,1409.0,1408.0,1408.300048828125,44839
2025-09-02 05:00:00+00:00,1409.199951171875,1409.800048828125,1408.0999755859375,1408.300048828125,39643
2025-09-02 05:05:00+00:00,1410.300048828125,1410.5999755859375,1408.800048828125,1409.199951171875,48491
2025-09-02 05:10:00+00:00,1411.800048828125,1412.300048828125,1410.0,1410.199951171875,46604
2025-09-02 05:15:00+00:00,1411.9000244140625,1412.4000244140625,1411.0,1412.0,40076
2025-09-02 05:20:00+00:00,1412.199951171875,1412.199951171875,1411.300048828125,1411.9000244140625,37303
2025-09-02 05:25:00+00:00,1410.5999755859375,1412.300048828125,1410.0999755859375,1412.300048828125,90046
2025-09-02 05:30:00+00:00,1409.9000244140625,1411.4000244140625,1409.4000244140625,1410.9000244140625,62149
2025-09-02 05:35:00+00:00,1411.199951171875,1411.699951171875,1409.0,1410.0,101472
2025-09-02 05:40:00+00:00,1411.4000244140625,1412.199951171875,1409.9000244140625,1411.199951171875,78874
2025-09-02 05:45:00+00:00,1409.4000244140625,1411.300048828125,1408.9000244140625,1411.0999755859375,28007
2025-09-02 05:50:00+00:00,1409.9000244140625,1410.4000244140625,1409.199951171875,1409.4000244140625,38476
2025-09-02 05:55:00+00:00,1408.5,1410.699951171875,1408.5,1410.0,141963
2025-09-02 06:00:00+00:00,1409.199951171875,1409.5999755859375,1407.800048828125,1408.5,120358
2025-09-02 06:05:00+00:00,1409.0,1409.5,1407.9000244140625,1409.199951171875,58454
2025-09-02 06:10:00+00:00,1410.0,1410.0,1408.5999755859375,1409.199951171875,29813
2025-09-02 06:15:00+00:00,1407.0,1410.0,1406.300048828125,1410.0,96057
2025-09-02 06:20:00+00:00,1406.4000244140625,1407.4000244140625,1406.0,1406.699951171875,33385
2025-09-02 06:25:00+00:00,1405.699951171875,1407.0,1405.699951171875,1406.4000244140625,36928
2025-09-02 06:30:00+00:00,1406.4000244140625,1406.699951171875,1405.0999755859375,1405.699951171875,76068
2025-09-02 06:35:00+00:00,1405.0999755859375,1406.300048828125,1404.800048828125,1406.199951171875,97512
2025-09-02 06:40:00+00:00,1404.5,1405.800048828125,1404.199951171875,1405.199951171875,107144
2025-09-02 06:45:00+00:00,1404.0,1405.0999755859375,1403.199951171875,1404.5,100888
2025-09-02 06:50:00+00:00,1404.0999755859375,1404.699951171875,1403.0,1404.699951171875,43825
2025-09-02 06:55:00+00:00,1404.9000244140625,1405.5,1403.5999755859375,1403.699951171875,88154
2025-09-02 07:00:00+00:00,1405.5,1406.300048828125,1403.0,1404.800048828125,290414
2025-09-02 07:05:00+00:00,1405.9000244140625,1406.699951171875,1405.300048828125,1406.0,172658
2025-09-02 07:10:00+00:00,1406.0,1407.0999755859375,1405.0,1406.199951171875,153877
2025-09-02 07:15:00+00:00,1405.5,1406.300048828125,1404.4000244140625,1405.9000244140625,159014
2025-09-02 07:20:00+00:00,1405.4000244140625,1406.199951171875,1404.9000244140625,1405.9000244140625,41654
2025-09-02 07:25:00+00:00,1405.4000244140625,1406.0999755859375,1405.199951171875,1405.199951171875,50527
2025-09-02 07:30:00+00:00,1405.5,1406.5,1405.0,1405.5,94114
2025-09-02 07:35:00+00:00,1404.5,1405.699951171875,1404.300048828125,1405.199951171875,31876
2025-09-02 07:40:00+00:00,1403.800048828125,1404.5,1402.5999755859375,1404.5,104217
2025-09-02 07:45:00+00:00,1403.699951171875,1405.0,1402.0999755859375,1403.9000244140625,148990
2025-09-02 07:50:00+00:00,1403.199951171875,1404.0999755859375,1402.5,1403.5999755859375,107034
2025-09-02 07:55:00+00:00,1402.0999755859375,1403.5999755859375,1401.699951171875,1403.199951171875,44711
2025-09-02 08:00:00+00:00,1402.0999755859375,1403.5999755859375,1402.0,1402.5999755859375,46245
2025-09-02 08:05:00+00:00,1402.5,1403.0999755859375,1401.699951171875,1402.5,125741
2025-09-02 08:10:00+00:00,1399.9000244140625,1402.5,1399.4000244140625,1402.199951171875,75475
2025-09-02 08:15:00+00:00,1400.199951171875,1400.5,1398.800048828125,1399.9000244140625,47213
2025-09-02 08:20:00+00:00,1397.5999755859375,1400.300048828125,1397.300048828125,1399.699951171875,67798
2025-09-02 08:25:00+00:00,1396.4000244140625,1397.5999755859375,1395.300048828125,1397.4000244140625,112148
2025-09-02 08:30:00+00:00,1394.0999755859375,1396.5,1393.300048828125,1395.800048828125,127202
2025-09-02 08:35:00+00:00,1393.9000244140625,1394.5,1391.5999755859375,1393.699951171875,202484
2025-09-02 08:40:00+00:00,1394.0999755859375,1395.4000244140625,1393.4000244140625,1394.300048828125,127006
2025-09-02 08:45:00+00:00,1394.5,1395.0999755859375,1393.699951171875,1394.0,81428
2025-09-02 08:50:00+00:00,1394.0999755859375,1396.300048828125,1393.5999755859375,1394.4000244140625,210448
2025-09-02 08:55:00+00:00,1394.0,1394.9000244140625,1393.4000244140625,1394.0999755859375,172768
2025-09-02 09:00:00+00:00,1395.0,1395.699951171875,1393.9000244140625,1394.0,80425
2025-09-02 09:05:00+00:00,1394.800048828125,1396.5999755859375,1394.0,1395.0,163303
2025-09-02 09:10:00+00:00,1395.4000244140625,1396.0,1394.300048828125,1394.800048828125,112853
2025-09-02 09:15:00+00:00,1395.5,1396.699951171875,1394.699951171875,1395.199951171875,55913
2025-09-02 09:20:00+00:00,1394.5,1395.9000244140625,1393.0999755859375,1395.4000244140625,196065
2025-09-02 09:25:00+00:00,1395.0999755859375,1395.9000244140625,1394.0999755859375,1394.5,81377
2025-09-02 09:30:00+00:00,1395.0,1395.4000244140625,1394.300048828125,1395.0999755859375,141414
2025-09-02 09:35:00+00:00,1395.300048828125,1395.800048828125,1394.4000244140625,1394.5,160331
2025-09-02 09:40:00+00:00,1395.300048828125,1395.9000244140625,1394.5,1395.300048828125,179200
2025-09-02 09:45:00+00:00,1395.0,1396.4000244140625,1394.4000244140625,1395.5,158839
2025-09-02 09:50:00+00:00,1393.199951171875,1395.0,1392.5999755859375,1395.0,206882
2025-09-02 09:55:00+00:00,1390.9000244140625,1393.4000244140625,1390.0999755859375,1393.0999755859375,222037
2025-09-03 03:45:00+00:00,1384.5999755859375,1390.5,1384.5,1390.199951171875,461020
2025-09-03 03:50:00+00:00,1385.5999755859375,1386.800048828125,1384.9000244140625,1384.9000244140625,198628
2025-09-03 03:55:00+00:00,1390.5999755859375,1391.0,1386.699951171875,1386.699951171875,745729
2025-09-03 04:00:00+00:00,1389.9000244140625,1390.9000244140625,1388.4000244140625,1390.5,78835
2025-09-03 04:05:00+00:00,1388.300048828125,1390.0,1388.199951171875,1390.0,57046
2025-09-03 04:10:00+00:00,1388.300048828125,1389.0,1388.0,1388.5,53668
2025-09-03 04:15:00+00:00,1390.199951171875,1391.0,1388.300048828125,1388.300048828125,128772
2025-09-03 04:20:00+00:00,1390.800048828125,1391.699951171875,1390.199951171875,1390.199951171875,68320
2025-09-03 04:25:00+00:00,1390.0999755859375,1391.4000244140625,1389.9000244140625,1390.699951171875,55797
2025-09-03 04:30:00+00:00,1392.5999755859375,1392.5999755859375,1390.199951171875,1390.199951171875,367822
2025-09-03 04:35:00+00:00,1392.4000244140625,1392.5,1391.5999755859375,1392.199951171875,50122
2025-09-03 04:40:00+00:00,1393.0999755859375,1393.300048828125,1391.5999755859375,1391.9000244140625,92336
2025-09-03 04:45:00+00:00,1391.5,1393.0999755859375,1391.0999755859375,1392.800048828125,32948
2025-09-03 04:50:00+00:00,1392.5999755859375,1392.5999755859375,1390.9000244140625,1391.5999755859375,58815
2025-09-03 04:55:00+00:00,1392.0,1392.9000244140625,1392.0,1392.4000244140625,145779
2025-09-03 05:00:00+00:00,1390.5999755859375,1392.5,1390.5999755859375,1392.199951171875,31131
2025-09-03 05:05:00+00:00,1390.0,1390.9000244140625,1389.5,1390.5999755859375,85994
2025-09-03 05:10:00+00:00,1390.699951171875,1390.9000244140625,1390.0,1390.0,30815
2025-09-03 05:15:00+00:00,1390.800048828125,1391.0,1390.0,1390.300048828125,54834
2025-09-03 05:20:00+00:00,1390.199951171875,1391.0999755859375,1390.0999755859375,1390.4000244140625,53548
2025-09-03 05:25:00+00:00,1390.5,1391.300048828125,1390.199951171875,1390.300048828125,40683
2025-09-03 05:30:00+00:00,1390.699951171875,1391.699951171875,1389.4000244140625,1390.5,144142
2025-09-03 05:35:00+00:00,1390.9000244140625,1391.5,1389.699951171875,1390.699951171875,159737
2025-09-03 05:40:00+00:00,1391.199951171875,1392.300048828125,1390.4000244140625,1390.4000244140625,93892
2025-09-03 05:45:00+00:00,1391.199951171875,1391.699951171875,1389.5,1391.0999755859375,111472
2025-09-03 05:50:00+00:00,1390.4000244140625,1392.5999755859375,1390.199951171875,1391.0999755859375,160351
2025-09-03 05:55:00+00:00,1391.4000244140625,1391.9000244140625,1389.699951171875,1390.4000244140625,218988
2025-09-03 06:00:00+00:00,1391.9000244140625,1392.0,1390.800048828125,1391.5999755859375,47439
2025-09-03 06:05:00+00:00,1390.9000244140625,1392.0,1390.699951171875,1391.4000244140625,149356
2025-09-03 06:10:00+00:00,1391.199951171875,1391.199951171875,1390.699951171875,1391.199951171875,95229
2025-09-03 06:15:00+00:00,1390.0999755859375,1391.199951171875,1390.0,1391.199951171875,44782
2025-09-03 06:20:00+00:00,1390.9000244140625,1390.9000244140625,1389.300048828125,1390.199951171875,84056
2025-09-03 06:25:00+00:00,1391.0,1391.0,1390.4000244140625,1390.9000244140625,69629
2025-09-03 06:30:00+00:00,1391.9000244140625,1392.0,1390.699951171875,1390.699951171875,79170
2025-09-03 06:35:00+00:00,1391.699951171875,1391.9000244140625,1391.0,1391.699951171875,37043
2025-09-03 06:40:00+00:00,1391.9000244140625,1392.5,1391.199951171875,1391.300048828125,117317
2025-09-03 06:45:00+00:00,1392.199951171875,1392.199951171875,1390.699951171875,1391.5,59493
2025-09-03 06:50:00+00:00,1393.0999755859375,1393.9000244140625,1391.5999755859375,1392.199951171875,75604
2025-09-03 06:55:00+00:00,1393.199951171875,1393.5,1391.300048828125,1393.5,633611
2025-09-03 07:00:00+00:00,1394.0,1394.0,1392.9000244140625,1393.199951171875,43827
2025-09-03 07:05:00+00:00,1393.5,1394.300048828125,1392.9000244140625,1394.0999755859375,58199
2025-09-03 07:10:00+00:00,1393.0999755859375,1394.0,1392.5,1393.9000244140625,44844
2025-09-03 07:15:00+00:00,1392.0999755859375,1394.0,1391.0,1393.0,231431
2025-09-03 07:20:00+00:00,1391.699951171875,1393.0999755859375,1391.0,1392.0999755859375,188764
2025-09-03 07:25:00+00:00,1391.5999755859375,1392.199951171875,1390.0,1391.5,154911
2025-09-03 07:30:00+00:00,1391.4000244140625,1391.5999755859375,1390.5999755859375,1391.0999755859375,57345
2025-09-03 07:35:00+00:00,1391.5,1392.5999755859375,1390.9000244140625,1391.0,79067
2025-09-03 07:40:00+00:00,1391.199951171875,1391.699951171875,1390.300048828125,1391.4000244140625,145690
2025-09-03 07:45:00+00:00,1392.0999755859375,1392.0999755859375,1390.800048828125,1391.0,26391
2025-09-03 07:50:00+00:00,1391.5,1393.699951171875,1391.300048828125,1392.0999755859375,169016
2025-09-03 07:55:00+00:00,1391.199951171875,1391.9000244140625,1390.5,1391.5,191248
2025-09-03 08:00:00+00:00,1391.4000244140625,1393.0,1390.699951171875,1391.0,257323
2025-09-03 08:05:00+00:00,1392.0,1392.0999755859375,1390.5,1391.4000244140625,46897
2025-09-03 08:10:00+00:00,1392.699951171875,1393.199951171875,1391.800048828125,1392.0,79153
2025-09-03 08:15:00+00:00,1393.800048828125,1394.0999755859375,1392.4000244140625,1392.5999755859375,80906
2025-09-03 08:20:00+00:00,1393.4000244140625,1394.199951171875,1393.0,1393.699951171875,58474
2025-09-03 08:25:00+00:00,1393.5999755859375,1393.9000244140625,1392.699951171875,1393.300048828125,85245
2025-09-03 08:30:00+00:00,1393.5999755859375,1394.0,1392.4000244140625,1393.699951171875,73664
2025-09-03 08:35:00+00:00,1395.0,1395.0,1393.300048828125,1393.4000244140625,99168
2025-09-03 08:40:00+00:00,1393.5999755859375,1395.0999755859375,1392.9000244140625,1394.800048828125,71104
2025-09-03 08:45:00+00:00,1393.9000244140625,1394.4000244140625,1393.0,1393.5,96196
2025-09-03 08:50:00+00:00,1394.0,1394.4000244140625,1393.0999755859375,1393.9000244140625,151909
2025-09-03 08:55:00+00:00,1394.0,1394.4000244140625,1393.4000244140625,1393.9000244140625,74493
2025-09-03 09:00:00+00:00,1395.0999755859375,1395.4000244140625,1393.5,1393.699951171875,101543
2025-09-03 09:05:00+00:00,1395.5999755859375,1395.800048828125,1394.9000244140625,1394.9000244140625,64789
2025-09-03 09:10:00+00:00,1394.5,1395.5999755859375,1393.699951171875,1395.5,54907
2025-09-03 09:15:00+00:00,1394.800048828125,1395.300048828125,1394.0999755859375,1394.5,61329
2025-09-03 09:20:00+00:00,1395.300048828125,1395.699951171875,1394.199951171875,1394.699951171875,66560
2025-09-03 09:25:00+00:00,1394.199951171875,1395.5999755859375,1393.9000244140625,1395.300048828125,67830
2025-09-03 09:30:00+00:00,1396.5,1396.800048828125,1393.800048828125,1394.699951171875,269096
2025-09-03 09:35:00+00:00,1396.5,1396.800048828125,1395.4000244140625,1396.699951171875,230224
2025-09-03 09:40:00+00:00,1398.0,1399.9000244140625,1396.5,1396.5,338649
2025-09-03 09:45:00+00:00,1397.5,1398.199951171875,1397.0,1398.199951171875,247422
2025-09-03 09:50:00+00:00,1396.699951171875,1397.5,1396.699951171875,1397.5,274749
2025-09-03 09:55:00+00:00,1396.800048828125,1397.5,1395.0999755859375,1396.699951171875,196706
2025-09-04 03:45:00+00:00,1405.4000244140625,1407.0,1402.300048828125,1407.0,0
2025-09-04 03:50:00+00:00,1408.0,1408.199951171875,1405.300048828125,1406.300048828125,166016
2025-09-04 03:55:00+00:00,1411.0,1411.0,1407.0,1407.5999755859375,118884
2025-09-04 04:00:00+00:00,1413.199951171875,1413.199951171875,1410.800048828125,1410.9000244140625,113217
2025-09-04 04:05:00+00:00,1411.800048828125,1413.9000244140625,1411.0,1413.199951171875,73473
2025-09-04 04:10:00+00:00,1410.5999755859375,1413.4000244140625,1410.5999755859375,1412.0,53418
2025-09-04 04:15:00+00:00,1412.0999755859375,1412.300048828125,1409.9000244140625,1409.9000244140625,50898
2025-09-04 04:20:00+00:00,1413.0,1413.0,1411.800048828125,1412.0,79622
2025-09-04 04:25:00+00:00,1411.4000244140625,1413.5,1411.4000244140625,1412.9000244140625,90620
2025-09-04 04:30:00+00:00,1411.5,1412.4000244140625,1410.9000244140625,1411.4000244140625,53032
2025-09-04 04:35:00+00:00,1409.9000244140625,1411.9000244140625,1409.9000244140625,1411.0,51693
2025-09-04 04:40:00+00:00,1406.9000244140625,1410.0999755859375,1406.699951171875,1410.0,103519
2025-09-04 04:45:00+00:00,1408.0999755859375,1408.5,1405.699951171875,1406.9000244140625,57151
2025-09-04 04:50:00+00:00,1409.5,1410.0,1407.9000244140625,1408.5,48653
2025-09-04 04:55:00+00:00,1408.300048828125,1409.800048828125,1408.0999755859375,1409.4000244140625,36806
2025-09-04 05:00:00+00:00,1408.4000244140625,1408.699951171875,1407.5999755859375,1408.300048828125,36440
2025-09-04 05:05:00+00:00,1408.4000244140625,1409.4000244140625,1407.5999755859375,1408.4000244140625,65912
2025-09-04 05:10:00+00:00,1407.800048828125,1408.699951171875,1407.0,1408.5999755859375,34168
2025-09-04 05:15:00+00:00,1409.5,1409.699951171875,1407.4000244140625,1407.800048828125,75262
2025-09-04 05:20:00+00:00,1410.699951171875,1410.699951171875,1409.300048828125,1410.0,72287
2025-09-04 05:25:00+00:00,1408.9000244140625,1410.5999755859375,1407.5999755859375,1410.5999755859375,93417
2025-09-04 05:30:00+00:00,1409.0999755859375,1410.4000244140625,1408.800048828125,1409.0999755859375,39977
2025-09-04 05:35:00+00:00,1409.4000244140625,1410.199951171875,1409.0999755859375,1409.0999755859375,44942
2025-09-04 05:40:00+00:00,1409.0999755859375,1409.9000244140625,1409.0,1409.300048828125,29889
2025-09-04 05:45:00+00:00,1408.5,1409.300048828125,1408.300048828125,1409.0999755859375,43691
2025-09-04 05:50:00+00:00,1408.5,1409.699951171875,1407.9000244140625,1408.5,64908
2025-09-04 05:55:00+00:00,1410.699951171875,1411.0,1408.0,1408.4000244140625,61965
2025-09-04 06:00:00+00:00,1409.199951171875,1410.699951171875,1409.0,1410.699951171875,38450
2025-09-04 06:05:00+00:00,1408.5999755859375,1409.9000244140625,1407.699951171875,1408.9000244140625,237796
2025-09-04 06:10:00+00:00,1408.4000244140625,1410.0999755859375,1407.800048828125,1408.5999755859375,254401
2025-09-04 06:15:00+00:00,1408.4000244140625,1409.0,1407.800048828125,1408.5,44775
2025-09-04 06:20:00+00:00,1409.0,1409.300048828125,1407.0999755859375,1408.4000244140625,208722
2025-09-04 06:25:00+00:00,1408.800048828125,1409.0,1407.5,1408.800048828125,141358
2025-09-04 06:30:00+00:00,1409.199951171875,1409.9000244140625,1407.800048828125,1408.4000244140625,149360
2025-09-04 06:35:00+00:00,1408.699951171875,1409.4000244140625,1407.9000244140625,1409.199951171875,114857
2025-09-04 06:40:00+00:00,1408.9000244140625,1409.0999755859375,1406.699951171875,1408.5999755859375,168401
2025-09-04 06:45:00+00:00,1407.5999755859375,1409.4000244140625,1407.0999755859375,1408.300048828125,153247
2025-09-04 06:50:00+00:00,1407.0999755859375,1407.5999755859375,1406.4000244140625,1407.5,27638
2025-09-04 06:55:00+00:00,1408.300048828125,1408.5,1407.199951171875,1407.5,30543
2025-09-04 07:00:00+00:00,1409.0999755859375,1409.300048828125,1408.0,1408.300048828125,20687
2025-09-04 07:05:00+00:00,1410.5999755859375,1411.5,1408.800048828125,1409.199951171875,185036
2025-09-04 07:10:00+00:00,1411.800048828125,1411.800048828125,1409.0999755859375,1410.5,73365
2025-09-04 07:15:00+00:00,1411.5,1412.5999755859375,1411.199951171875,1411.699951171875,60176
2025-09-04 07:20:00+00:00,1411.5999755859375,1412.0,1410.4000244140625,1411.0999755859375,30279
2025-09-04 07:25:00+00:00,1412.0,1412.0999755859375,1411.199951171875,1411.5,54732
2025-09-04 07:30:00+00:00,1412.199951171875,1413.0,1410.5,1412.0,192783
2025-09-04 07:35:00+00:00,1412.0,1413.0,1411.5999755859375,1412.800048828125,69592
2025-09-04 07:40:00+00:00,1412.4000244140625,1413.0999755859375,1410.9000244140625,1411.9000244140625,155388
2025-09-04 07:45:00+00:00,1412.800048828125,1413.699951171875,1411.5999755859375,1412.4000244140625,138127
2025-09-04 07:50:00+00:00,1414.0999755859375,1414.699951171875,1411.9000244140625,1412.5999755859375,71680
2025-09-04 07:55:00+00:00,1414.0,1414.4000244140625,1412.9000244140625,1414.4000244140625,66909
2025-09-04 08:00:00+00:00,1414.800048828125,1414.9000244140625,1412.9000244140625,1413.9000244140625,218192
2025-09-04 08:05:00+00:00,1414.0999755859375,1415.0,1413.0,1414.800048828125,187507
2025-09-04 08:10:00+00:00,1412.199951171875,1414.4000244140625,1412.0999755859375,1414.0,54419
2025-09-04 08:15:00+00:00,1411.4000244140625,1412.5999755859375,1411.300048828125,1412.300048828125,52760
2025-09-04 08:20:00+00:00,1411.800048828125,1413.4000244140625,1410.0999755859375,1411.300048828125,179252
2025-09-04 08:25:00+00:00,1411.0999755859375,1412.300048828125,1411.0,1411.5,51477
2025-09-04 08:30:00+00:00,1410.5999755859375,1412.4000244140625,1410.0,1411.0999755859375,173427
2025-09-04 08:35:00+00:00,1410.0999755859375,1410.800048828125,1410.0,1410.5999755859375,67426
2025-09-04 08:40:00+00:00,1405.199951171875,1410.199951171875,1404.699951171875,1410.0999755859375,845705
2025-09-04 08:45:00+00:00,1405.4000244140625,1407.0999755859375,1404.800048828125,1405.699951171875,220344
2025-09-04 08:50:00+00:00,1404.0,1406.4000244140625,1404.0,1405.5,180524
2025-09-04 08:55:00+00:00,1404.800048828125,1405.4000244140625,1404.0999755859375,1404.5999755859375,70808
2025-09-04 09:00:00+00:00,1405.4000244140625,1407.300048828125,1404.699951171875,1404.800048828125,191832
2025-09-04 09:05:00+00:00,1404.5999755859375,1405.5999755859375,1404.5,1405.4000244140625,88249
2025-09-04 09:10:00+00:00,1407.4000244140625,1408.4000244140625,1404.0,1404.5999755859375,288290
2025-09-04 09:15:00+00:00,1407.5,1408.0999755859375,1405.199951171875,1407.5,183384
2025-09-04 09:20:00+00:00,1408.199951171875,1408.5999755859375,1406.199951171875,1407.5999755859375,362814
2025-09-04 09:25:00+00:00,1407.300048828125,1412.9000244140625,1407.0999755859375,1408.300048828125,455585
2025-09-04 09:30:00+00:00,1405.800048828125,1408.300048828125,1405.699951171875,1407.300048828125,195855
2025-09-04 09:35:00+00:00,1405.5,1407.800048828125,1405.300048828125,1405.699951171875,339681
2025-09-04 09:40:00+00:00,1404.800048828125,1406.699951171875,1404.0999755859375,1405.4000244140625,297100
2025-09-04 09:45:00+00:00,1405.0,1406.0,1404.199951171875,1404.800048828125,227450
2025-09-04 09:50:00+00:00,1405.0,1405.4000244140625,1404.0,1405.0999755859375,207823
2025-09-04 09:55:00+00:00,1408.0,1408.0,1404.199951171875,1405.0,215275
2025-09-05 03:45:00+00:00,1406.0999755859375,1410.5999755859375,1403.4000244140625,1410.5999755859375,393094
2025-09-05 03:50:00+00:00,1406.199951171875,1407.5999755859375,1405.699951171875,1406.199951171875,72961
2025-09-05 03:55:00+00:00,1405.199951171875,1406.5,1404.4000244140625,1406.5,35163
2025-09-05 04:00:00+00:00,1404.0,1405.4000244140625,1403.5,1405.0,27462
2025-09-05 04:05:00+00:00,1402.800048828125,1403.5,1401.0,1403.5,73648
2025-09-05 04:10:00+00:00,1401.699951171875,1402.800048828125,1401.5999755859375,1402.800048828125,20359
2025-09-05 04:15:00+00:00,1401.9000244140625,1402.300048828125,1400.9000244140625,1401.5,31997
2025-09-05 04:20:00+00:00,1403.0999755859375,1403.5,1401.0,1401.9000244140625,28078
2025-09-05 04:25:00+00:00,1400.800048828125,1403.5,1400.0,1403.0,37317
2025-09-05 04:30:00+00:00,1400.0,1401.0,1400.0,1400.5,24775
2025-09-05 04:35:00+00:00,1399.199951171875,1400.5,1399.199951171875,1400.300048828125,25789
2025-09-05 04:40:00+00:00,1397.699951171875,1399.699951171875,1397.300048828125,1399.4000244140625,31251
2025-09-05 04:45:00+00:00,1396.300048828125,1397.4000244140625,1395.800048828125,1397.300048828125,39048
2025-09-05 04:50:00+00:00,1395.0999755859375,1396.300048828125,1393.800048828125,1395.9000244140625,48356
2025-09-05 04:55:00+00:00,1396.0,1396.800048828125,1394.5,1394.9000244140625,42725
2025-09-05 05:00:00+00:00,1392.699951171875,1396.0,1392.5,1395.800048828125,51106
2025-09-05 05:05:00+00:00,1394.4000244140625,1395.0,1392.0999755859375,1392.5999755859375,34861
2025-09-05 05:10:00+00:00,1393.9000244140625,1395.0,1393.0,1394.0999755859375,38097
2025-09-05 05:15:00+00:00,1393.199951171875,1394.4000244140625,1392.800048828125,1394.0,58087
2025-09-05 05:20:00+00:00,1392.5,1393.199951171875,1392.199951171875,1392.800048828125,33049
2025-09-05 05:25:00+00:00,1394.0,1394.699951171875,1391.5,1392.5,232722
2025-09-05 05:30:00+00:00,1393.800048828125,1394.0,1392.4000244140625,1394.0,27858
2025-09-05 05:35:00+00:00,1393.5999755859375,1393.800048828125,1393.0999755859375,1393.800048828125,25370
2025-09-05 05:40:00+00:00,1393.800048828125,1394.199951171875,1393.300048828125,1393.5999755859375,29854
2025-09-05 05:45:00+00:00,1393.9000244140625,1394.0,1393.0,1393.800048828125,37767
2025-09-05 05:50:00+00:00,1393.5,1395.0,1393.300048828125,1393.5999755859375,69729
2025-09-05 05:55:00+00:00,1395.199951171875,1395.199951171875,1393.0,1393.300048828125,125555
2025-09-05 06:00:00+00:00,1394.5,1395.5999755859375,1393.800048828125,1395.199951171875,100404
2025-09-05 06:05:00+00:00,1394.5,1395.4000244140625,1394.0999755859375,1394.5,30904
2025-09-05 06:10:00+00:00,1393.5999755859375,1394.5999755859375,1393.300048828125,1394.4000244140625,28425
2025-09-05 06:15:00+00:00,1395.0,1395.0,1393.5,1393.5999755859375,70473
2025-09-05 06:20:00+00:00,1393.4000244140625,1395.0,1392.800048828125,1395.0,71769
2025-09-05 06:25:00+00:00,1392.800048828125,1393.5,1392.5,1393.4000244140625,35732
2025-09-05 06:30:00+00:00,1391.5,1393.0,1391.0999755859375,1392.800048828125,48734
2025-09-05 06:35:00+00:00,1392.0,1392.4000244140625,1391.300048828125,1391.5,53592
2025-09-05 06:40:00+00:00,1391.0,1392.0999755859375,1391.0,1392.0,25701
2025-09-05 06:45:00+00:00,1391.0999755859375,1391.4000244140625,1390.0,1391.0,66241
2025-09-05 06:50:00+00:00,1390.9000244140625,1392.0,1390.5999755859375,1391.0999755859375,43267
2025-09-05 06:55:00+00:00,1391.300048828125,1391.4000244140625,1390.199951171875,1390.9000244140625,94236
2025-09-05 07:00:00+00:00,1388.5999755859375,1391.5,1388.0,1391.0,320356
2025-09-05 07:05:00+00:00,1389.0,1389.0,1388.0,1388.5999755859375,127114
2025-09-05 07:10:00+00:00,1389.0,1389.0,1388.300048828125,1389.0,155443
2025-09-05 07:15:00+00:00,1388.9000244140625,1389.0,1387.9000244140625,1389.0,98456
2025-09-05 07:20:00+00:00,1389.699951171875,1389.9000244140625,1388.800048828125,1388.9000244140625,133067
2025-09-05 07:25:00+00:00,1390.0,1390.300048828125,1389.5999755859375,1389.699951171875,77774
2025-09-05 07:30:00+00:00,1391.0999755859375,1392.199951171875,1389.9000244140625,1390.0,65077
2025-09-05 07:35:00+00:00,1392.4000244140625,1392.4000244140625,1391.0,1391.0999755859375,54407
2025-09-05 07:40:00+00:00,1392.0999755859375,1392.5,1391.5,1392.199951171875,41115
2025-09-05 07:45:00+00:00,1391.199951171875,1393.5,1391.199951171875,1392.0999755859375,55432
2025-09-05 07:50:00+00:00,1392.0,1392.0,1390.5,1391.300048828125,62826
2025-09-05 07:55:00+00:00,1392.300048828125,1393.0,1391.5,1392.0,55717
2025-09-05 08:00:00+00:00,1392.800048828125,1393.199951171875,1392.0,1392.300048828125,45127
2025-09-05 08:05:00+00:00,1393.0,1393.699951171875,1392.0,1392.800048828125,60451
2025-09-05 08:10:00+00:00,1393.4000244140625,1393.5,1392.800048828125,1393.0,51852
2025-09-05 08:15:00+00:00,1396.5,1397.699951171875,1393.800048828125,1393.9000244140625,118051
2025-09-05 08:20:00+00:00,1396.800048828125,1397.0,1395.5999755859375,1396.5999755859375,50496
2025-09-05 08:25:00+00:00,1398.199951171875,1399.300048828125,1396.800048828125,1396.9000244140625,60221
2025-09-05 08:30:00+00:00,1398.0999755859375,1399.5999755859375,1397.5999755859375,1398.300048828125,56063
2025-09-05 08:35:00+00:00,1396.5999755859375,1398.300048828125,1396.0,1398.0999755859375,57775
2025-09-05 08:40:00+00:00,1397.199951171875,1397.5999755859375,1396.0,1396.5,47488
2025-09-05 08:45:00+00:00,1397.800048828125,1398.0,1396.5,1397.199951171875,59058
2025-09-05 08:50:00+00:00,1399.5999755859375,1399.9000244140625,1397.800048828125,1397.800048828125,76536
2025-09-05 08:55:00+00:00,1399.5,1400.300048828125,1398.4000244140625,1399.9000244140625,103155
2025-09-05 09:00:00+00:00,1398.5999755859375,1400.4000244140625,1398.4000244140625,1399.5,75433
2025-09-05 09:05:00+00:00,1399.5,1399.800048828125,1397.0999755859375,1398.4000244140625,110159
2025-09-05 09:10:00+00:00,1400.0,1400.5,1398.9000244140625,1399.5,109317
2025-09-05 09:15:00+00:00,1400.0999755859375,1400.699951171875,1400.0,1400.0,73093
2025-09-05 09:20:00+00:00,1403.0,1403.199951171875,1400.0,1400.0,147005
2025-09-05 09:25:00+00:00,1404.300048828125,1404.5,1402.5,1402.800048828125,246007
2025-09-05 09:30:00+00:00,1402.699951171875,1404.0,1401.5999755859375,1403.9000244140625,294190
2025-09-05 09:35:00+00:00,1404.199951171875,1404.199951171875,1402.0,1402.699951171875,257767
2025-09-05 09:40:00+00:00,1401.5999755859375,1405.5999755859375,1401.4000244140625,1404.0,347413
2025-09-05 09:45:00+00:00,1401.199951171875,1402.0999755859375,1400.5,1401.5,138242
2025-09-05 09:50:00+00:00,1401.5,1402.800048828125,1401.0,1401.0999755859375,251646
2025-09-05 09:55:00+00:00,1402.800048828125,1403.5,1401.0999755859375,1401.5,0
2025-09-08 03:45:00+00:00,1403.4000244140625,1404.9000244140625,1400.0,1402.199951171875,0
2025-09-08 03:50:00+00:00,1402.4000244140625,1405.5999755859375,1402.0999755859375,1403.5,81399
2025-09-08 03:55:00+00:00,1403.300048828125,1404.0,1401.699951171875,1402.4000244140625,76681
2025-09-08 04:00:00+00:00,1403.800048828125,1404.300048828125,1403.0,1403.199951171875,55444
2025-09-08 04:05:00+00:00,1405.300048828125,1405.4000244140625,1403.800048828125,1404.199951171875,50467
2025-09-08 04:10:00+00:00,1406.5999755859375,1407.0999755859375,1405.199951171875,1405.300048828125,96084
2025-09-08 04:15:00+00:00,1406.199951171875,1406.699951171875,1405.199951171875,1406.300048828125,62832
2025-09-08 04:20:00+00:00,1402.199951171875,1406.4000244140625,1402.199951171875,1406.199951171875,39565
2025-09-08 04:25:00+00:00,1401.4000244140625,1403.4000244140625,1401.300048828125,1402.4000244140625,64268
2025-09-08 04:30:00+00:00,1402.800048828125,1403.300048828125,1401.0999755859375,1401.300048828125,26233
2025-09-08 04:35:00+00:00,1401.699951171875,1403.300048828125,1401.5999755859375,1402.9000244140625,32217
2025-09-08 04:40:00+00:00,1402.0999755859375,1404.0,1402.0999755859375,1402.199951171875,16208
2025-09-08 04:45:00+00:00,1401.5,1402.0999755859375,1401.0999755859375,1402.0999755859375,24967
2025-09-08 04:50:00+00:00,1400.5,1401.699951171875,1400.300048828125,1401.5999755859375,31715
2025-09-08 04:55:00+00:00,1399.5999755859375,1400.800048828125,1399.5,1400.4000244140625,44465
2025-09-08 05:00:00+00:00,1398.5,1399.5,1398.0,1399.5,56029
2025-09-08 05:05:00+00:00,1399.0,1399.300048828125,1397.699951171875,1398.5,35540
2025-09-08 05:10:00+00:00,1400.0,1400.0999755859375,1399.0,1399.0,28314
2025-09-08 05:15:00+00:00,1399.9000244140625,1401.5,1399.0999755859375,1400.0,39922
2025-09-08 05:20:00+00:00,1399.0999755859375,1400.0999755859375,1399.0,1400.0,27970
2025-09-08 05:25:00+00:00,1399.5,1399.800048828125,1398.199951171875,1399.0999755859375,23715
2025-09-08 05:30:00+00:00,1399.800048828125,1399.800048828125,1398.5999755859375,1399.4000244140625,15537
2025-09-08 05:35:00+00:00,1400.5,1400.699951171875,1399.0,1399.4000244140625,24246
2025-09-08 05:40:00+00:00,1402.0,1402.0999755859375,1400.5,1400.5,22476
2025-09-08 05:45:00+00:00,1400.9000244140625,1402.199951171875,1400.4000244140625,1401.800048828125,33176
2025-09-08 05:50:00+00:00,1401.4000244140625,1401.9000244140625,1400.300048828125,1401.300048828125,19896
2025-09-08 05:55:00+00:00,1402.300048828125,1402.300048828125,1401.0,1401.0,30099
2025-09-08 06:00:00+00:00,1402.300048828125,1402.9000244140625,1401.4000244140625,1402.0999755859375,24584
2025-09-08 06:05:00+00:00,1401.5999755859375,1402.4000244140625,1401.0,1402.300048828125,19077
2025-09-08 06:10:00+00:00,1402.699951171875,1402.9000244140625,1401.4000244140625,1401.5999755859375,26316
2025-09-08 06:15:00+00:00,1402.5999755859375,1403.0,1402.0,1402.699951171875,23510
2025-09-08 06:20:00+00:00,1401.699951171875,1402.9000244140625,1401.5,1402.5999755859375,35251
2025-09-08 06:25:00+00:00,1401.9000244140625,1402.199951171875,1401.199951171875,1401.800048828125,20227
2025-09-08 06:30:00+00:00,1402.9000244140625,1402.9000244140625,1401.5,1401.800048828125,20885
2025-09-08 06:35:00+00:00,1402.9000244140625,1403.199951171875,1402.300048828125,1403.0,25684
2025-09-08 06:40:00+00:00,1403.0,1403.0,1402.0999755859375,1402.800048828125,25186
2025-09-08 06:45:00+00:00,1402.699951171875,1403.199951171875,1402.0999755859375,1402.5999755859375,24710
2025-09-08 06:50:00+00:00,1401.9000244140625,1403.0,1401.800048828125,1402.5999755859375,36913
2025-09-08 06:55:00+00:00,1402.0999755859375,1402.300048828125,1401.0999755859375,1402.0999755859375,35126
2025-09-08 07:00:00+00:00,1401.0999755859375,1402.0999755859375,1400.5,1401.699951171875,34951
2025-09-08 07:05:00+00:00,1402.800048828125,1403.300048828125,1401.0999755859375,1401.0999755859375,128240
2025-09-08 07:10:00+00:00,1404.5,1405.0999755859375,1402.800048828125,1402.800048828125,129438
2025-09-08 07:15:00+00:00,1404.5999755859375,1405.300048828125,1404.4000244140625,1404.4000244140625,52392
2025-09-08 07:20:00+00:00,1406.0,1406.0,1404.4000244140625,1404.5999755859375,64389
2025-09-08 07:25:00+00:00,1406.0,1406.9000244140625,1405.699951171875,1406.0,64874
2025-09-08 07:30:00+00:00,1406.699951171875,1407.0,1405.4000244140625,1406.0,59304
2025-09-08 07:35:00+00:00,1407.9000244140625,1408.0,1406.5999755859375,1406.800048828125,63060
2025-09-08 07:40:00+00:00,1407.800048828125,1408.199951171875,1407.4000244140625,1407.9000244140625,57377
2025-09-08 07:45:00+00:00,1406.699951171875,1408.300048828125,1406.199951171875,1407.800048828125,64354
2025-09-08 07:50:00+00:00,1406.0,1407.0,1406.0,1406.5999755859375,54388
2025-09-08 07:55:00+00:00,1407.199951171875,1407.199951171875,1406.0,1406.300048828125,68210
2025-09-08 08:00:00+00:00,1407.800048828125,1408.0999755859375,1406.699951171875,1407.300048828125,72957
2025-09-08 08:05:00+00:00,1407.699951171875,1408.300048828125,1407.0,1408.0,66161
2025-09-08 08:10:00+00:00,1407.5,1407.699951171875,1406.4000244140625,1407.5999755859375,66115
2025-09-08 08:15:00+00:00,1407.0,1407.5,1406.300048828125,1407.199951171875,66132
2025-09-08 08:20:00+00:00,1406.5,1407.4000244140625,1406.0999755859375,1407.0999755859375,74708
2025-09-08 08:25:00+00:00,1407.800048828125,1408.300048828125,1406.5,1406.5,65496
2025-09-08 08:30:00+00:00,1407.0999755859375,1408.199951171875,1407.0999755859375,1408.0,67679
2025-09-08 08:35:00+00:00,1407.9000244140625,1407.9000244140625,1406.9000244140625,1407.199951171875,69732
2025-09-08 08:40:00+00:00,1407.0,1408.0,1406.5999755859375,1407.9000244140625,94534
2025-09-08 08:45:00+00:00,1407.5,1407.800048828125,1406.800048828125,1406.9000244140625,89923
2025-09-08 08:50:00+00:00,1406.699951171875,1407.5999755859375,1406.5,1407.5,83671
2025-09-08 08:55:00+00:00,1406.5,1406.800048828125,1405.9000244140625,1406.800048828125,78887
2025-09-08 09:00:00+00:00,1409.800048828125,1410.5,1406.5,1406.5,251715
2025-09-08 09:05:00+00:00,1410.0999755859375,1410.5999755859375,1409.5,1409.5999755859375,78393
2025-09-08 09:10:00+00:00,1410.199951171875,1410.5,1409.5999755859375,1410.0999755859375,64667
2025-09-08 09:15:00+00:00,1404.800048828125,1410.5,1403.5999755859375,1410.0999755859375,272821
2025-09-08 09:20:00+00:00,1407.5999755859375,1408.0,1405.0999755859375,1405.199951171875,226739
2025-09-08 09:25:00+00:00,1408.0,1408.4000244140625,1406.5,1407.800048828125,106841
2025-09-08 09:30:00+00:00,1403.4000244140625,1407.800048828125,1403.199951171875,1407.699951171875,265550
2025-09-08 09:35:00+00:00,1402.800048828125,1404.0999755859375,1402.4000244140625,1403.300048828125,218736
2025-09-08 09:40:00+00:00,1402.199951171875,1402.9000244140625,1400.699951171875,1402.800048828125,300993
2025-09-08 09:45:00+00:00,1402.0999755859375,1403.4000244140625,1401.9000244140625,1402.199951171875,231176
2025-09-08 09:50:00+00:00,1403.5,1403.5999755859375,1401.0,1402.0,292060
2025-09-08 09:55:00+00:00,1402.699951171875,1405.5,1400.300048828125,1403.4000244140625,0
2025-09-09 03:45:00+00:00,1398.699951171875,1401.9000244140625,1398.0999755859375,1401.300048828125,320320
2025-09-09 03:50:00+00:00,1398.0999755859375,1400.300048828125,1397.800048828125,1398.4000244140625,83259
2025-09-09 03:55:00+00:00,1400.5999755859375,1401.0999755859375,1397.5999755859375,1397.5999755859375,47886
2025-09-09 04:00:00+00:00,1401.699951171875,1402.4000244140625,1400.300048828125,1400.300048828125,34263
2025-09-09 04:05:00+00:00,1400.199951171875,1402.0,1400.199951171875,1401.9000244140625,32318
2025-09-09 04:10:00+00:00,1400.699951171875,1400.699951171875,1400.0999755859375,1400.699951171875,36109
2025-09-09 04:15:00+00:00,1400.800048828125,1401.5999755859375,1400.5,1401.0999755859375,19770
2025-09-09 04:20:00+00:00,1401.5,1401.5,1400.699951171875,1400.699951171875,11614
2025-09-09 04:25:00+00:00,1400.199951171875,1401.5999755859375,1400.0,1401.5,13864
2025-09-09 04:30:00+00:00,1400.300048828125,1401.0,1399.5999755859375,1400.300048828125,25770
2025-09-09 04:35:00+00:00,1399.300048828125,1400.300048828125,1399.199951171875,1400.300048828125,17419
2025-09-09 04:40:00+00:00,1399.0,1399.5,1399.0,1399.300048828125,7450
2025-09-09 04:45:00+00:00,1399.0,1399.9000244140625,1398.4000244140625,1399.199951171875,33157
2025-09-09 04:50:00+00:00,1398.300048828125,1399.0,1398.0,1399.0,18026
2025-09-09 04:55:00+00:00,1398.4000244140625,1398.5,1398.0999755859375,1398.4000244140625,7014
2025-09-09 05:00:00+00:00,1399.300048828125,1399.5,1398.199951171875,1398.300048828125,23830
2025-09-09 05:05:00+00:00,1397.699951171875,1399.5999755859375,1397.5999755859375,1399.4000244140625,24136
2025-09-09 05:10:00+00:00,1398.5,1398.800048828125,1397.4000244140625,1397.5999755859375,19655
2025-09-09 05:15:00+00:00,1398.300048828125,1398.800048828125,1398.0,1398.4000244140625,17114
2025-09-09 05:20:00+00:00,1398.4000244140625,1399.199951171875,1397.800048828125,1398.199951171875,69744
2025-09-09 05:25:00+00:00,1400.5,1400.9000244140625,1398.300048828125,1398.300048828125,17999
2025-09-09 05:30:00+00:00,1399.800048828125,1400.5999755859375,1399.800048828125,1400.5,16982
2025-09-09 05:35:00+00:00,1400.0,1400.0999755859375,1399.300048828125,1400.0,11458
2025-09-09 05:40:00+00:00,1400.0999755859375,1402.0999755859375,1399.199951171875,1400.0999755859375,140424
2025-09-09 05:45:00+00:00,1399.0999755859375,1400.4000244140625,1398.800048828125,1400.199951171875,28850
2025-09-09 05:50:00+00:00,1399.300048828125,1399.800048828125,1398.5,1399.0999755859375,21839
2025-09-09 05:55:00+00:00,1398.300048828125,1399.300048828125,1398.0999755859375,1398.699951171875,21175
2025-09-09 06:00:00+00:00,1397.9000244140625,1398.5,1397.300048828125,1398.300048828125,15451
2025-09-09 06:05:00+00:00,1397.4000244140625,1399.0,1396.5,1397.5999755859375,210996
2025-09-09 06:10:00+00:00,1398.0999755859375,1398.199951171875,1397.0999755859375,1397.300048828125,23763
2025-09-09 06:15:00+00:00,1397.5,1398.0999755859375,1397.0999755859375,1398.0999755859375,17200
2025-09-09 06:20:00+00:00,1397.5999755859375,1397.9000244140625,1397.300048828125,1397.4000244140625,9333
2025-09-09 06:25:00+00:00,1398.5999755859375,1398.800048828125,1397.5,1397.9000244140625,13761
2025-09-09 06:30:00+00:00,1397.5999755859375,1398.800048828125,1397.5999755859375,1398.5999755859375,14741
2025-09-09 06:35:00+00:00,1396.699951171875,1398.5,1395.9000244140625,1397.5,149270
2025-09-09 06:40:00+00:00,1397.199951171875,1397.5,1396.199951171875,1396.199951171875,32813
2025-09-09 06:45:00+00:00,1397.699951171875,1398.199951171875,1397.0,1397.0,77137
2025-09-09 06:50:00+00:00,1396.9000244140625,1398.800048828125,1396.699951171875,1397.5999755859375,185792
2025-09-09 06:55:00+00:00,1396.4000244140625,1397.699951171875,1395.4000244140625,1396.9000244140625,122337
2025-09-09 07:00:00+00:00,1398.300048828125,1398.5,1396.0999755859375,1396.4000244140625,97284
2025-09-09 07:05:00+00:00,1397.5999755859375,1398.9000244140625,1397.0999755859375,1398.5,166349
2025-09-09 07:10:00+00:00,1397.4000244140625,1397.9000244140625,1396.800048828125,1397.4000244140625,22562
2025-09-09 07:15:00+00:00,1398.800048828125,1399.199951171875,1397.4000244140625,1397.4000244140625,80233
2025-09-09 07:20:00+00:00,1398.5,1399.699951171875,1398.300048828125,1398.5,67302
2025-09-09 07:25:00+00:00,1398.300048828125,1398.5999755859375,1396.699951171875,1398.5999755859375,43354
2025-09-09 07:30:00+00:00,1398.699951171875,1399.5999755859375,1398.0999755859375,1398.300048828125,43644
2025-09-09 07:35:00+00:00,1399.5999755859375,1400.0,1399.0,1399.0,13789
2025-09-09 07:40:00+00:00,1399.4000244140625,1400.800048828125,1398.300048828125,1399.5999755859375,103142
2025-09-09 07:45:00+00:00,1399.300048828125,1399.9000244140625,1398.5999755859375,1399.4000244140625,32176
2025-09-09 07:50:00+00:00,1400.0,1400.5999755859375,1399.4000244140625,1399.4000244140625,21590
2025-09-09 07:55:00+00:00,1400.199951171875,1400.4000244140625,1400.0,1400.0999755859375,12353
2025-09-09 08:00:00+00:00,1400.5999755859375,1401.300048828125,1399.9000244140625,1400.300048828125,22297
2025-09-09 08:05:00+00:00,1401.199951171875,1401.5999755859375,1399.5999755859375,1400.5,44514
2025-09-09 08:10:00+00:00,1401.4000244140625,1402.199951171875,1400.5999755859375,1401.0999755859375,70975
2025-09-09 08:15:00+00:00,1400.5999755859375,1401.4000244140625,1400.0999755859375,1401.300048828125,17656
2025-09-09 08:20:00+00:00,1402.5,1403.0,1400.199951171875,1400.4000244140625,128747
2025-09-09 08:25:00+00:00,1403.300048828125,1403.300048828125,1402.0,1402.300048828125,77152
2025-09-09 08:30:00+00:00,1403.5,1404.4000244140625,1402.199951171875,1403.0999755859375,131105
2025-09-09 08:35:00+00:00,1404.699951171875,1405.5,1403.5,1404.0,210547
2025-09-09 08:40:00+00:00,1405.5,1405.5,1404.0999755859375,1404.800048828125,93164
2025-09-09 08:45:00+00:00,1405.0,1406.0,1404.800048828125,1405.0999755859375,55798
2025-09-09 08:50:00+00:00,1405.0999755859375,1405.5999755859375,1404.0999755859375,1405.199951171875,72787
2025-09-09 08:55:00+00:00,1405.5999755859375,1407.5,1404.9000244140625,1405.0,134681
2025-09-09 09:00:00+00:00,1405.199951171875,1406.9000244140625,1404.5999755859375,1406.0999755859375,109207
2025-09-09 09:05:00+00:00,1405.0999755859375,1405.5,1402.5999755859375,1405.199951171875,209242
2025-09-09 09:10:00+00:00,1404.0,1406.0,1404.0,1405.0,106725
2025-09-09 09:15:00+00:00,1405.0999755859375,1405.4000244140625,1403.4000244140625,1404.0999755859375,88963
2025-09-09 09:20:00+00:00,1406.0,1406.0999755859375,1404.300048828125,1405.199951171875,135770
2025-09-09 09:25:00+00:00,1405.800048828125,1406.9000244140625,1405.0,1406.0,158941
2025-09-09 09:30:00+00:00,1404.4000244140625,1405.9000244140625,1403.9000244140625,1405.9000244140625,357485
2025-09-09 09:35:00+00:00,1403.0,1404.5999755859375,1402.5,1404.300048828125,293723
2025-09-09 09:40:00+00:00,1404.199951171875,1405.0,1402.199951171875,1403.0,494757
2025-09-09 09:45:00+00:00,1402.4000244140625,1404.4000244140625,1402.0999755859375,1403.9000244140625,304292
2025-09-09 09:50:00+00:00,1402.9000244140625,1404.0,1402.0999755859375,1402.4000244140625,236873
2025-09-09 09:55:00+00:00,1403.0,1404.300048828125,1402.0,1403.0999755859375,217351
2025-09-10 03:45:00+00:00,1407.800048828125,1409.9000244140625,1405.5999755859375,1409.9000244140625,0
2025-09-10 03:50:00+00:00,1408.0999755859375,1409.0,1407.4000244140625,1408.0,89132
2025-09-10 03:55:00+00:00,1408.300048828125,1408.800048828125,1407.699951171875,1408.0999755859375,129047
2025-09-10 04:00:00+00:00,1408.199951171875,1408.5,1407.9000244140625,1408.5,81777
2025-09-10 04:05:00+00:00,1408.4000244140625,1408.800048828125,1407.699951171875,1408.199951171875,161242
2025-09-10 04:10:00+00:00,1409.9000244140625,1410.800048828125,1408.0999755859375,1408.4000244140625,94885
2025-09-10 04:15:00+00:00,1409.800048828125,1410.0,1407.699951171875,1409.800048828125,105344
2025-09-10 04:20:00+00:00,1409.699951171875,1410.4000244140625,1408.5,1409.699951171875,90131
2025-09-10 04:25:00+00:00,1411.4000244140625,1412.4000244140625,1409.5,1409.800048828125,155848
2025-09-10 04:30:00+00:00,1411.300048828125,1412.300048828125,1410.5999755859375,1411.300048828125,50134
2025-09-10 04:35:00+00:00,1410.300048828125,1411.800048828125,1410.300048828125,1411.199951171875,44619
2025-09-10 04:40:00+00:00,1410.0,1410.800048828125,1409.300048828125,1410.199951171875,55163
2025-09-10 04:45:00+00:00,1411.699951171875,1411.800048828125,1409.699951171875,1409.699951171875,69032
2025-09-10 04:50:00+00:00,1412.0999755859375,1412.5,1411.300048828125,1411.4000244140625,70778
2025-09-10 04:55:00+00:00,1411.5999755859375,1413.5999755859375,1411.0999755859375,1412.0999755859375,169654
2025-09-10 05:00:00+00:00,1409.5999755859375,1412.0,1409.0999755859375,1411.699951171875,96389
2025-09-10 05:05:00+00:00,1409.0,1410.0,1408.5,1409.5,59298
2025-09-10 05:10:00+00:00,1408.800048828125,1409.199951171875,1407.9000244140625,1409.0,159737
2025-09-10 05:15:00+00:00,1409.0,1409.0999755859375,1408.0999755859375,1408.699951171875,56826
2025-09-10 05:20:00+00:00,1411.199951171875,1411.699951171875,1408.5999755859375,1408.9000244140625,86408
2025-09-10 05:25:00+00:00,1409.800048828125,1411.800048828125,1409.800048828125,1411.300048828125,244975
2025-09-10 05:30:00+00:00,1409.9000244140625,1410.0,1409.800048828125,1409.9000244140625,82484
2025-09-10 05:35:00+00:00,1411.199951171875,1411.5,1409.699951171875,1409.9000244140625,49529
2025-09-10 05:40:00+00:00,1409.800048828125,1411.300048828125,1409.300048828125,1411.0999755859375,52017
2025-09-10 05:45:00+00:00,1409.300048828125,1410.0,1408.300048828125,1409.9000244140625,73014
2025-09-10 05:50:00+00:00,1408.800048828125,1409.800048828125,1408.199951171875,1409.4000244140625,83756
2025-09-10 05:55:00+00:00,1408.5999755859375,1409.199951171875,1408.5999755859375,1408.800048828125,41929
2025-09-10 06:00:00+00:00,1409.199951171875,1409.199951171875,1407.300048828125,1408.800048828125,78889
2025-09-10 06:05:00+00:00,1408.800048828125,1409.5999755859375,1408.5999755859375,1409.0999755859375,43245
2025-09-10 06:10:00+00:00,1407.9000244140625,1409.0,1407.9000244140625,1408.9000244140625,44141
2025-09-10 06:15:00+00:00,1407.699951171875,1408.0999755859375,1407.0,1407.699951171875,53465
2025-09-10 06:20:00+00:00,1407.4000244140625,1408.0,1406.0,1407.699951171875,65558
2025-09-10 06:25:00+00:00,1407.4000244140625,1407.699951171875,1406.800048828125,1407.5,48404
2025-09-10 06:30:00+00:00,1407.0,1408.0,1406.4000244140625,1407.300048828125,115349
2025-09-10 06:35:00+00:00,1407.0,1407.5999755859375,1406.300048828125,1406.9000244140625,122064
2025-09-10 06:40:00+00:00,1406.9000244140625,1407.800048828125,1406.5999755859375,1407.199951171875,45649
2025-09-10 06:45:00+00:00,1407.0,1407.699951171875,1406.5999755859375,1406.9000244140625,69309
2025-09-10 06:50:00+00:00,1407.300048828125,1407.5,1406.9000244140625,1407.300048828125,56464
2025-09-10 06:55:00+00:00,1406.9000244140625,1407.5999755859375,1406.9000244140625,1407.199951171875,63200
2025-09-10 07:00:00+00:00,1408.199951171875,1408.699951171875,1406.9000244140625,1407.0,72192
2025-09-10 07:05:00+00:00,1407.300048828125,1408.4000244140625,1406.5999755859375,1408.300048828125,74922
2025-09-10 07:10:00+00:00,1407.800048828125,1408.199951171875,1407.199951171875,1407.300048828125,59542
2025-09-10 07:15:00+00:00,1407.4000244140625,1408.199951171875,1407.0999755859375,1407.699951171875,43279
2025-09-10 07:20:00+00:00,1406.300048828125,1407.800048828125,1406.199951171875,1407.5,64275
2025-09-10 07:25:00+00:00,1406.800048828125,1407.0999755859375,1406.0999755859375,1406.300048828125,64375
2025-09-10 07:30:00+00:00,1405.9000244140625,1406.9000244140625,1405.5999755859375,1406.9000244140625,38174
2025-09-10 07:35:00+00:00,1405.5,1406.5,1405.0,1406.0,83084
2025-09-10 07:40:00+00:00,1404.800048828125,1406.300048828125,1404.5999755859375,1405.9000244140625,41076
2025-09-10 07:45:00+00:00,1404.9000244140625,1405.699951171875,1404.0,1405.0,117399
2025-09-10 07:50:00+00:00,1406.4000244140625,1406.5,1404.5999755859375,1405.0,129489
2025-09-10 07:55:00+00:00,1407.300048828125,1407.5999755859375,1406.4000244140625,1406.5,58602
2025-09-10 08:00:00+00:00,1407.0999755859375,1407.699951171875,1406.199951171875,1407.300048828125,44712
2025-09-10 08:05:00+00:00,1407.4000244140625,1407.5,1406.800048828125,1407.199951171875,28880
2025-09-10 08:10:00+00:00,1407.4000244140625,1407.5,1407.0999755859375,1407.4000244140625,41280
2025-09-10 08:15:00+00:00,1407.800048828125,1408.0,1407.300048828125,1407.5999755859375,40812
2025-09-10 08:20:00+00:00,1407.9000244140625,1408.0,1407.5,1407.800048828125,44303
2025-09-10 08:25:00+00:00,1408.4000244140625,1409.300048828125,1407.5,1407.9000244140625,91622
2025-09-10 08:30:00+00:00,1408.5,1408.5999755859375,1407.5,1408.5,54204
2025-09-10 08:35:00+00:00,1408.5,1409.800048828125,1408.0,1408.5999755859375,112416
2025-09-10 08:40:00+00:00,1408.4000244140625,1409.5,1407.9000244140625,1408.5,81256
2025-09-10 08:45:00+00:00,1405.0999755859375,1408.5,1404.5,1408.5,317703
2025-09-10 08:50:00+00:00,1405.0,1406.199951171875,1404.800048828125,1405.4000244140625,74764
2025-09-10 08:55:00+00:00,1405.5,1405.9000244140625,1403.300048828125,1405.0999755859375,151294
2025-09-10 09:00:00+00:00,1405.0,1405.9000244140625,1404.699951171875,1405.699951171875,49451
2025-09-10 09:05:00+00:00,1405.5999755859375,1405.5999755859375,1404.9000244140625,1404.9000244140625,50008
2025-09-10 09:10:00+00:00,1403.4000244140625,1405.5999755859375,1402.4000244140625,1405.5999755859375,338929
2025-09-10 09:15:00+00:00,1405.300048828125,1406.300048828125,1403.199951171875,1403.5,202335
2025-09-10 09:20:00+00:00,1405.4000244140625,1405.5,1405.0999755859375,1405.4000244140625,69945
2025-09-10 09:25:00+00:00,1403.800048828125,1405.800048828125,1402.800048828125,1405.4000244140625,247856
2025-09-10 09:30:00+00:00,1404.199951171875,1404.300048828125,1403.5999755859375,1403.699951171875,163763
2025-09-10 09:35:00+00:00,1404.5,1405.199951171875,1404.0999755859375,1404.0999755859375,208232
2025-09-10 09:40:00+00:00,1403.800048828125,1404.699951171875,1403.800048828125,1404.5,152413
2025-09-10 09:45:00+00:00,1403.300048828125,1403.9000244140625,1402.9000244140625,1403.800048828125,181482
2025-09-10 09:50:00+00:00,1404.0,1404.0,1403.300048828125,1403.300048828125,168099
2025-09-10 09:55:00+00:00,1403.199951171875,1404.199951171875,1402.5,1404.0,158623
2025-09-11 03:45:00+00:00,1402.300048828125,1402.5999755859375,1398.699951171875,1399.0,511217
2025-09-11 03:50:00+00:00,1404.300048828125,1404.800048828125,1402.0999755859375,1402.0999755859375,172566
2025-09-11 03:55:00+00:00,1404.199951171875,1405.5,1403.5,1404.0999755859375,56762
2025-09-11 04:00:00+00:00,1404.300048828125,1404.800048828125,1403.800048828125,1403.9000244140625,43076
2025-09-11 04:05:00+00:00,1404.0,1404.5,1403.300048828125,1404.199951171875,47673
2025-09-11 04:10:00+00:00,1403.800048828125,1405.0,1403.300048828125,1403.9000244140625,59290
2025-09-11 04:15:00+00:00,1404.9000244140625,1405.0,1403.9000244140625,1403.9000244140625,35717
2025-09-11 04:20:00+00:00,1405.199951171875,1405.5999755859375,1404.9000244140625,1405.0,42995
2025-09-11 04:25:00+00:00,1404.0999755859375,1405.300048828125,1404.0,1405.199951171875,37572
2025-09-11 04:30:00+00:00,1403.9000244140625,1404.5,1403.5999755859375,1404.0999755859375,29926
2025-09-11 04:35:00+00:00,1403.5999755859375,1403.9000244140625,1403.300048828125,1403.9000244140625,34246
2025-09-11 04:40:00+00:00,1403.5999755859375,1403.800048828125,1403.4000244140625,1403.5999755859375,32788
2025-09-11 04:45:00+00:00,1404.0999755859375,1404.199951171875,1403.300048828125,1403.4000244140625,32693
2025-09-11 04:50:00+00:00,1404.0999755859375,1404.4000244140625,1403.699951171875,1404.199951171875,35213
2025-09-11 04:55:00+00:00,1404.5999755859375,1405.0,1403.699951171875,1404.0,38787
2025-09-11 05:00:00+00:00,1404.5,1405.0999755859375,1404.199951171875,1404.4000244140625,41133
2025-09-11 05:05:00+00:00,1404.4000244140625,1405.0,1404.0,1404.5,23296
2025-09-11 05:10:00+00:00,1404.699951171875,1405.199951171875,1404.199951171875,1404.300048828125,25019
2025-09-11 05:15:00+00:00,1405.9000244140625,1406.300048828125,1404.5,1405.0,82146
2025-09-11 05:20:00+00:00,1405.9000244140625,1406.199951171875,1405.4000244140625,1406.0,43200
2025-09-11 05:25:00+00:00,1405.699951171875,1406.5,1405.5,1405.9000244140625,41093
2025-09-11 05:30:00+00:00,1405.5999755859375,1406.199951171875,1405.0999755859375,1405.5,137388
2025-09-11 05:35:00+00:00,1406.199951171875,1406.4000244140625,1405.5,1405.5,33606
2025-09-11 05:40:00+00:00,1405.800048828125,1406.5999755859375,1405.5,1406.300048828125,37032
2025-09-11 05:45:00+00:00,1405.199951171875,1406.0999755859375,1405.0,1405.800048828125,31725
2025-09-11 05:50:00+00:00,1403.699951171875,1405.699951171875,1403.5,1405.199951171875,117010
2025-09-11 05:55:00+00:00,1404.0999755859375,1404.5,1403.0999755859375,1403.5999755859375,35026
2025-09-11 06:00:00+00:00,1404.800048828125,1405.300048828125,1403.5,1404.0999755859375,34224
2025-09-11 06:05:00+00:00,1404.699951171875,1405.5,1403.800048828125,1404.800048828125,130319
2025-09-11 06:10:00+00:00,1405.4000244140625,1405.5,1403.4000244140625,1404.4000244140625,127526
2025-09-11 06:15:00+00:00,1404.800048828125,1405.9000244140625,1404.5999755859375,1404.9000244140625,38726
2025-09-11 06:20:00+00:00,1404.5999755859375,1405.699951171875,1404.5,1404.9000244140625,36606
2025-09-11 06:25:00+00:00,1404.5999755859375,1405.300048828125,1404.4000244140625,1404.5999755859375,45831
2025-09-11 06:30:00+00:00,1404.199951171875,1405.0999755859375,1403.5,1405.0999755859375,29413
2025-09-11 06:35:00+00:00,1404.5,1404.5,1403.800048828125,1404.300048828125,27871
2025-09-11 06:40:00+00:00,1404.9000244140625,1405.0,1403.9000244140625,1404.5,39592
2025-09-11 06:45:00+00:00,1404.9000244140625,1405.5999755859375,1404.0999755859375,1404.9000244140625,62688
2025-09-11 06:50:00+00:00,1406.0,1406.4000244140625,1403.5999755859375,1404.9000244140625,168280
2025-09-11 06:55:00+00:00,1404.800048828125,1406.300048828125,1404.5999755859375,1405.800048828125,40727
2025-09-11 07:00:00+00:00,1404.5999755859375,1405.0,1403.0999755859375,1404.9000244140625,134065
2025-09-11 07:05:00+00:00,1404.5,1404.5999755859375,1403.199951171875,1404.4000244140625,28862
2025-09-11 07:10:00+00:00,1405.0999755859375,1405.300048828125,1404.5,1404.5,22654
2025-09-11 07:15:00+00:00,1405.699951171875,1406.0,1404.800048828125,1405.300048828125,25277
2025-09-11 07:20:00+00:00,1406.4000244140625,1406.800048828125,1405.5,1406.0,35235
2025-09-11 07:25:00+00:00,1405.4000244140625,1406.800048828125,1404.199951171875,1406.4000244140625,129870
2025-09-11 07:30:00+00:00,1404.9000244140625,1405.4000244140625,1404.0999755859375,1405.4000244140625,33197
2025-09-11 07:35:00+00:00,1404.5,1404.9000244140625,1404.0,1404.9000244140625,22362
2025-09-11 07:40:00+00:00,1405.0,1405.0999755859375,1404.5,1404.800048828125,20456
2025-09-11 07:45:00+00:00,1405.5,1405.699951171875,1404.800048828125,1404.800048828125,22874
2025-09-11 07:50:00+00:00,1405.5,1406.0,1404.5,1405.5,71852
2025-09-11 07:55:00+00:00,1407.5999755859375,1407.5999755859375,1405.0999755859375,1405.0999755859375,72318
2025-09-11 08:00:00+00:00,1406.0,1407.5999755859375,1404.5999755859375,1407.5999755859375,161895
2025-09-11 08:05:00+00:00,1406.0,1406.800048828125,1405.5999755859375,1406.0,66924
2025-09-11 08:10:00+00:00,1406.5,1406.800048828125,1405.0,1406.0,149304
2025-09-11 08:15:00+00:00,1405.5999755859375,1406.699951171875,1404.5999755859375,1406.699951171875,259877
2025-09-11 08:20:00+00:00,1406.9000244140625,1407.800048828125,1404.5999755859375,1405.699951171875,273569
2025-09-11 08:25:00+00:00,1406.300048828125,1407.300048828125,1404.699951171875,1406.5999755859375,375873
2025-09-11 08:30:00+00:00,1406.9000244140625,1407.199951171875,1405.300048828125,1406.5,67679
2025-09-11 08:35:00+00:00,1406.699951171875,1407.0999755859375,1405.9000244140625,1406.800048828125,55585
2025-09-11 08:40:00+00:00,1406.300048828125,1406.9000244140625,1405.800048828125,1406.800048828125,65533
2025-09-11 08:45:00+00:00,1406.0,1406.4000244140625,1404.300048828125,1405.800048828125,205450
2025-09-11 08:50:00+00:00,1405.9000244140625,1406.9000244140625,1404.9000244140625,1406.199951171875,369777
2025-09-11 08:55:00+00:00,1404.800048828125,1406.0999755859375,1404.699951171875,1406.0999755859375,72176
2025-09-11 09:00:00+00:00,1403.0,1405.0,1399.9000244140625,1405.0,483515
2025-09-11 09:05:00+00:00,1400.0,1402.9000244140625,1399.0999755859375,1402.9000244140625,428538
2025-09-11 09:10:00+00:00,1401.4000244140625,1401.5,1399.9000244140625,1400.0,134352
2025-09-11 09:15:00+00:00,1402.0,1402.800048828125,1400.300048828125,1401.5,429269
2025-09-11 09:20:00+00:00,1402.300048828125,1402.699951171875,1399.699951171875,1401.800048828125,436106
2025-09-11 09:25:00+00:00,1403.199951171875,1403.9000244140625,1400.199951171875,1402.300048828125,455838
2025-09-11 09:30:00+00:00,1401.9000244140625,1403.199951171875,1400.699951171875,1403.199951171875,433907
2025-09-11 09:35:00+00:00,1401.800048828125,1402.699951171875,1400.5999755859375,1401.9000244140625,470216
2025-09-11 09:40:00+00:00,1400.800048828125,1403.0,1400.0999755859375,1401.800048828125,728470
2025-09-11 09:45:00+00:00,1401.9000244140625,1402.5999755859375,1400.800048828125,1400.9000244140625,424334
2025-09-11 09:50:00+00:00,1401.4000244140625,1402.199951171875,1400.300048828125,1401.9000244140625,223927
2025-09-11 09:55:00+00:00,1401.5999755859375,1401.9000244140625,1400.800048828125,1401.4000244140625,160830
2025-09-12 03:45:00+00:00,1404.0,1407.9000244140625,1403.5,1407.5999755859375,0
2025-09-12 03:50:00+00:00,1402.0,1403.800048828125,1402.0,1403.800048828125,56104
2025-09-12 03:55:00+00:00,1401.800048828125,1402.800048828125,1401.5999755859375,1402.0,50783
2025-09-12 04:00:00+00:00,1400.9000244140625,1402.0,1400.800048828125,1401.699951171875,32921
2025-09-12 04:05:00+00:00,1400.300048828125,1401.0,1400.300048828125,1400.9000244140625,23690
2025-09-12 04:10:00+00:00,1401.0,1402.0,1400.0999755859375,1400.199951171875,106195
2025-09-12 04:15:00+00:00,1403.0999755859375,1403.0999755859375,1401.0,1401.0,50097
2025-09-12 04:20:00+00:00,1402.5,1403.9000244140625,1402.0999755859375,1403.300048828125,39151
2025-09-12 04:25:00+00:00,1403.199951171875,1403.199951171875,1402.199951171875,1402.199951171875,27012
2025-09-12 04:30:00+00:00,1403.4000244140625,1403.699951171875,1403.0,1403.199951171875,28961
2025-09-12 04:35:00+00:00,1403.5999755859375,1403.5999755859375,1403.0999755859375,1403.300048828125,21591
2025-09-12 04:40:00+00:00,1403.0,1403.5999755859375,1403.0,1403.5999755859375,20110
2025-09-12 04:45:00+00:00,1402.199951171875,1403.199951171875,1402.0,1403.199951171875,34333
2025-09-12 04:50:00+00:00,1402.4000244140625,1403.199951171875,1402.199951171875,1402.300048828125,32813
2025-09-12 04:55:00+00:00,1402.199951171875,1403.199951171875,1402.0999755859375,1402.5,90185
2025-09-12 05:00:00+00:00,1402.9000244140625,1403.0,1402.199951171875,1402.199951171875,38983
2025-09-12 05:05:00+00:00,1404.199951171875,1404.5,1402.9000244140625,1403.0,25571
2025-09-12 05:10:00+00:00,1404.199951171875,1404.4000244140625,1403.800048828125,1404.199951171875,31091
2025-09-12 05:15:00+00:00,1404.800048828125,1404.9000244140625,1404.0,1404.199951171875,33620
2025-09-12 05:20:00+00:00,1404.9000244140625,1405.9000244140625,1404.300048828125,1404.699951171875,57393
2025-09-12 05:25:00+00:00,1405.199951171875,1406.300048828125,1404.5999755859375,1404.9000244140625,142696
2025-09-12 05:30:00+00:00,1406.4000244140625,1406.9000244140625,1404.199951171875,1405.0999755859375,222882
2025-09-12 05:35:00+00:00,1408.199951171875,1408.199951171875,1405.5999755859375,1406.4000244140625,169124
2025-09-12 05:40:00+00:00,1408.5,1408.800048828125,1407.5,1408.199951171875,64504
2025-09-12 05:45:00+00:00,1408.300048828125,1408.800048828125,1407.699951171875,1408.0,46043
2025-09-12 05:50:00+00:00,1409.199951171875,1409.800048828125,1408.0,1408.300048828125,279720
2025-09-12 05:55:00+00:00,1411.0999755859375,1411.300048828125,1409.0,1409.199951171875,149149
2025-09-12 06:00:00+00:00,1412.199951171875,1412.699951171875,1411.0,1411.0,190005
2025-09-12 06:05:00+00:00,1411.9000244140625,1412.300048828125,1411.5999755859375,1412.0,78656
2025-09-12 06:10:00+00:00,1412.0999755859375,1412.300048828125,1411.199951171875,1411.9000244140625,212440
2025-09-12 06:15:00+00:00,1411.5999755859375,1412.199951171875,1411.0,1412.0999755859375,61263
2025-09-12 06:20:00+00:00,1411.5,1411.9000244140625,1410.199951171875,1411.5999755859375,162072
2025-09-12 06:25:00+00:00,1411.199951171875,1411.699951171875,1410.699951171875,1411.4000244140625,51588
2025-09-12 06:30:00+00:00,1411.4000244140625,1411.699951171875,1411.199951171875,1411.199951171875,24282
2025-09-12 06:35:00+00:00,1411.699951171875,1411.800048828125,1411.0,1411.4000244140625,39468
2025-09-12 06:40:00+00:00,1412.0999755859375,1412.800048828125,1411.5999755859375,1411.5999755859375,73922
2025-09-12 06:45:00+00:00,1412.0,1412.199951171875,1411.199951171875,1411.800048828125,49688
2025-09-12 06:50:00+00:00,1412.300048828125,1412.300048828125,1411.9000244140625,1412.0999755859375,35817
2025-09-12 06:55:00+00:00,1412.0,1412.4000244140625,1411.699951171875,1412.199951171875,44984
2025-09-12 07:00:00+00:00,1413.0999755859375,1413.0999755859375,1411.9000244140625,1411.9000244140625,40673
2025-09-12 07:05:00+00:00,1414.300048828125,1414.5999755859375,1413.0,1413.0999755859375,80050
2025-09-12 07:10:00+00:00,1414.300048828125,1415.4000244140625,1414.199951171875,1414.5999755859375,97608
2025-09-12 07:15:00+00:00,1415.0999755859375,1415.199951171875,1414.0,1414.199951171875,66513
2025-09-12 07:20:00+00:00,1414.5,1415.199951171875,1414.0,1415.199951171875,104524
2025-09-12 07:25:00+00:00,1415.0,1415.300048828125,1414.300048828125,1414.300048828125,59940
2025-09-12 07:30:00+00:00,1415.0999755859375,1415.0999755859375,1414.0,1414.300048828125,33757
2025-09-12 07:35:00+00:00,1415.0999755859375,1415.0999755859375,1415.0,1415.0999755859375,43957
2025-09-12 07:40:00+00:00,1415.0,1415.300048828125,1414.5999755859375,1415.0,188836
2025-09-12 07:45:00+00:00,1415.0,1415.300048828125,1415.0,1415.0,33125
2025-09-12 07:50:00+00:00,1415.0,1415.300048828125,1415.0,1415.0,28036
2025-09-12 07:55:00+00:00,1415.0999755859375,1415.0999755859375,1414.5999755859375,1415.0999755859375,79512
2025-09-12 08:00:00+00:00,1415.0,1415.5999755859375,1414.5,1415.0999755859375,44101
2025-09-12 08:05:00+00:00,1415.0,1415.0999755859375,1415.0,1415.0,17151
2025-09-12 08:10:00+00:00,1415.0999755859375,1415.300048828125,1415.0,1415.0999755859375,42119
2025-09-12 08:15:00+00:00,1414.800048828125,1415.199951171875,1414.800048828125,1415.0,97782
2025-09-12 08:20:00+00:00,1415.800048828125,1415.800048828125,1414.5,1414.800048828125,167709
2025-09-12 08:25:00+00:00,1416.5999755859375,1417.199951171875,1415.699951171875,1416.0999755859375,38676
2025-09-12 08:30:00+00:00,1417.0999755859375,1417.800048828125,1416.0999755859375,1416.699951171875,31432
2025-09-12 08:35:00+00:00,1415.300048828125,1417.0999755859375,1415.0,1417.0999755859375,158115
2025-09-12 08:40:00+00:00,1415.5999755859375,1415.9000244140625,1415.0,1415.300048828125,42920
2025-09-12 08:45:00+00:00,1415.5999755859375,1415.800048828125,1415.0,1415.5999755859375,43594
2025-09-12 08:50:00+00:00,1416.300048828125,1416.300048828125,1415.0999755859375,1415.5,34363
2025-09-12 08:55:00+00:00,1417.0,1417.0999755859375,1416.0,1416.199951171875,101752
2025-09-12 09:00:00+00:00,1417.800048828125,1417.800048828125,1416.4000244140625,1416.699951171875,79005
2025-09-12 09:05:00+00:00,1419.199951171875,1419.300048828125,1417.5999755859375,1417.800048828125,192816
2025-09-12 09:10:00+00:00,1419.0,1419.699951171875,1418.300048828125,1419.199951171875,154869
2025-09-12 09:15:00+00:00,1419.300048828125,1419.4000244140625,1417.9000244140625,1418.9000244140625,146488
2025-09-12 09:20:00+00:00,1418.5999755859375,1419.5999755859375,1418.5,1419.4000244140625,162727
2025-09-12 09:25:00+00:00,1416.800048828125,1419.0999755859375,1416.800048828125,1418.5,172286
2025-09-12 09:30:00+00:00,1418.0999755859375,1418.5,1416.800048828125,1416.9000244140625,324579
2025-09-12 09:35:00+00:00,1418.0,1418.300048828125,1417.300048828125,1418.199951171875,283516
2025-09-12 09:40:00+00:00,1417.199951171875,1418.0,1417.0999755859375,1417.9000244140625,326840
2025-09-12 09:45:00+00:00,1417.199951171875,1417.800048828125,1417.0,1417.300048828125,340658
2025-09-12 09:50:00+00:00,1417.699951171875,1417.9000244140625,1417.199951171875,1417.300048828125,322343
2025-09-12 09:55:00+00:00,1417.699951171875,1418.199951171875,1416.5999755859375,1417.699951171875,0
2025-09-15 03:45:00+00:00,1420.199951171875,1423.5,1419.699951171875,1419.699951171875,0
2025-09-15 03:50:00+00:00,1421.9000244140625,1421.9000244140625,1419.5,1420.199951171875,123438
2025-09-15 03:55:00+00:00,1420.699951171875,1422.0,1420.5,1421.5,35647
2025-09-15 04:00:00+00:00,1419.199951171875,1421.0999755859375,1418.699951171875,1421.0999755859375,46251
2025-09-15 04:05:00+00:00,1419.800048828125,1419.800048828125,1418.5,1419.4000244140625,17964
2025-09-15 04:10:00+00:00,1419.5,1420.199951171875,1419.199951171875,1419.699951171875,25045
2025-09-15 04:15:00+00:00,1421.4000244140625,1421.4000244140625,1419.5,1419.800048828125,22595
2025-09-15 04:20:00+00:00,1421.0999755859375,1421.800048828125,1421.0,1421.699951171875,21292
2025-09-15 04:25:00+00:00,1421.9000244140625,1422.0,1420.699951171875,1421.5,22161
2025-09-15 04:30:00+00:00,1422.699951171875,1422.9000244140625,1421.199951171875,1421.5,28353
2025-09-15 04:35:00+00:00,1423.0999755859375,1423.199951171875,1421.5999755859375,1422.9000244140625,40913
2025-09-15 04:40:00+00:00,1424.4000244140625,1424.5,1422.9000244140625,1423.199951171875,50561
2025-09-15 04:45:00+00:00,1422.699951171875,1424.9000244140625,1422.0999755859375,1424.5,50363
2025-09-15 04:50:00+00:00,1421.9000244140625,1423.199951171875,1421.9000244140625,1422.5999755859375,42858
2025-09-15 04:55:00+00:00,1421.9000244140625,1423.0,1421.9000244140625,1422.0,40623
2025-09-15 05:00:00+00:00,1422.800048828125,1423.5999755859375,1421.800048828125,1421.800048828125,35655
2025-09-15 05:05:00+00:00,1422.0999755859375,1423.699951171875,1421.0999755859375,1423.199951171875,45121
2025-09-15 05:10:00+00:00,1421.4000244140625,1422.199951171875,1421.0,1421.800048828125,27511
2025-09-15 05:15:00+00:00,1423.0,1423.0,1421.5,1421.5,26526
2025-09-15 05:20:00+00:00,1423.4000244140625,1423.4000244140625,1422.199951171875,1422.699951171875,33165
2025-09-15 05:25:00+00:00,1424.4000244140625,1425.0,1423.300048828125,1423.4000244140625,44687
2025-09-15 05:30:00+00:00,1425.4000244140625,1425.4000244140625,1423.800048828125,1424.300048828125,58869
2025-09-15 05:35:00+00:00,1425.199951171875,1425.9000244140625,1424.199951171875,1425.300048828125,54289
2025-09-15 05:40:00+00:00,1424.9000244140625,1425.5999755859375,1424.800048828125,1425.199951171875,30686
2025-09-15 05:45:00+00:00,1424.5,1425.0999755859375,1424.0,1424.9000244140625,30286
2025-09-15 05:50:00+00:00,1424.4000244140625,1424.4000244140625,1423.4000244140625,1424.0,45610
2025-09-15 05:55:00+00:00,1424.699951171875,1424.699951171875,1423.0,1424.4000244140625,336625
2025-09-15 06:00:00+00:00,1424.699951171875,1425.0999755859375,1423.5,1424.699951171875,95025
2025-09-15 06:05:00+00:00,1423.199951171875,1424.800048828125,1423.199951171875,1424.699951171875,55406
2025-09-15 06:10:00+00:00,1422.5,1423.5,1422.5,1423.5,28722
2025-09-15 06:15:00+00:00,1423.300048828125,1423.300048828125,1421.9000244140625,1422.5,65978
2025-09-15 06:20:00+00:00,1425.0999755859375,1425.300048828125,1423.199951171875,1423.199951171875,110022
2025-09-15 06:25:00+00:00,1425.300048828125,1425.4000244140625,1425.0,1425.0999755859375,51480
2025-09-15 06:30:00+00:00,1425.199951171875,1425.4000244140625,1425.0,1425.0,65668
2025-09-15 06:35:00+00:00,1426.300048828125,1426.4000244140625,1425.0,1425.0999755859375,82647
2025-09-15 06:40:00+00:00,1426.199951171875,1426.5,1425.199951171875,1426.0999755859375,47132
2025-09-15 06:45:00+00:00,1425.9000244140625,1426.300048828125,1425.5,1426.199951171875,38118
2025-09-15 06:50:00+00:00,1426.300048828125,1426.300048828125,1425.0999755859375,1425.800048828125,39207
2025-09-15 06:55:00+00:00,1426.5,1426.800048828125,1425.9000244140625,1426.300048828125,43934
2025-09-15 07:00:00+00:00,1425.5999755859375,1426.5,1425.300048828125,1426.4000244140625,65447
2025-09-15 07:05:00+00:00,1425.300048828125,1425.800048828125,1425.0,1425.5999755859375,32413
2025-09-15 07:10:00+00:00,1423.9000244140625,1425.4000244140625,1423.300048828125,1425.0,80272
2025-09-15 07:15:00+00:00,1423.699951171875,1424.0999755859375,1423.0999755859375,1423.9000244140625,55462
2025-09-15 07:20:00+00:00,1423.300048828125,1424.300048828125,1422.9000244140625,1423.5,29303
2025-09-15 07:25:00+00:00,1423.0,1423.9000244140625,1422.0,1423.300048828125,71320
2025-09-15 07:30:00+00:00,1423.699951171875,1423.699951171875,1422.199951171875,1423.0,29490
2025-09-15 07:35:00+00:00,1423.5,1424.0999755859375,1423.0,1423.199951171875,41550
2025-09-15 07:40:00+00:00,1423.199951171875,1423.4000244140625,1422.4000244140625,1422.9000244140625,28544
2025-09-15 07:45:00+00:00,1422.9000244140625,1423.9000244140625,1421.699951171875,1423.0999755859375,82068
2025-09-15 07:50:00+00:00,1423.0,1423.800048828125,1421.9000244140625,1422.300048828125,70632
2025-09-15 07:55:00+00:00,1423.5999755859375,1424.0999755859375,1422.199951171875,1423.0,86179
2025-09-15 08:00:00+00:00,1423.0,1423.800048828125,1422.199951171875,1423.800048828125,37602
2025-09-15 08:05:00+00:00,1423.0,1423.199951171875,1422.300048828125,1423.0,27668
2025-09-15 08:10:00+00:00,1421.0999755859375,1423.199951171875,1419.300048828125,1423.199951171875,215841
2025-09-15 08:15:00+00:00,1421.5,1423.5,1420.5,1421.199951171875,244974
2025-09-15 08:20:00+00:00,1422.300048828125,1422.699951171875,1420.9000244140625,1421.5,103941
2025-09-15 08:25:00+00:00,1421.800048828125,1422.4000244140625,1421.4000244140625,1421.800048828125,40474
2025-09-15 08:30:00+00:00,1421.5999755859375,1421.800048828125,1421.0,1421.800048828125,39781
2025-09-15 08:35:00+00:00,1420.4000244140625,1422.300048828125,1419.300048828125,1421.5999755859375,140652
2025-09-15 08:40:00+00:00,1420.4000244140625,1420.5,1419.5,1420.4000244140625,37547
2025-09-15 08:45:00+00:00,1422.300048828125,1422.300048828125,1419.800048828125,1420.5,51274
2025-09-15 08:50:00+00:00,1420.9000244140625,1422.4000244140625,1419.800048828125,1422.300048828125,268019
2025-09-15 08:55:00+00:00,1420.300048828125,1421.5999755859375,1419.9000244140625,1420.9000244140625,42629
2025-09-15 09:00:00+00:00,1419.9000244140625,1420.4000244140625,1419.300048828125,1420.199951171875,43406
2025-09-15 09:05:00+00:00,1420.0,1420.0,1419.300048828125,1419.9000244140625,40833
2025-09-15 09:10:00+00:00,1420.800048828125,1422.300048828125,1420.0,1420.0999755859375,191658
2025-09-15 09:15:00+00:00,1420.5,1421.800048828125,1419.9000244140625,1420.800048828125,169762
2025-09-15 09:20:00+00:00,1420.0999755859375,1420.5,1419.699951171875,1420.5,76226
2025-09-15 09:25:00+00:00,1419.0,1420.0,1418.9000244140625,1420.0,80263
2025-09-15 09:30:00+00:00,1420.0,1420.199951171875,1418.699951171875,1419.0,162742
2025-09-15 09:35:00+00:00,1418.699951171875,1420.0,1418.5999755859375,1419.800048828125,120205
2025-09-15 09:40:00+00:00,1419.800048828125,1419.800048828125,1418.5999755859375,1418.699951171875,171005
2025-09-15 09:45:00+00:00,1419.300048828125,1419.699951171875,1418.9000244140625,1419.699951171875,180484
2025-09-15 09:50:00+00:00,1419.800048828125,1420.5,1419.0999755859375,1419.300048828125,223169
2025-09-15 09:55:00+00:00,1419.4000244140625,1420.0,1417.0,1420.0,0
2025-09-16 03:45:00+00:00,1420.5999755859375,1421.0,1415.5999755859375,1415.5999755859375,741771
2025-09-16 03:50:00+00:00,1420.4000244140625,1421.199951171875,1420.4000244140625,1420.9000244140625,32511
2025-09-16 03:55:00+00:00,1421.0,1421.699951171875,1420.300048828125,1420.300048828125,74544
2025-09-16 04:00:00+00:00,1422.199951171875,1422.300048828125,1420.5,1421.0,37866
2025-09-16 04:05:00+00:00,1422.0,1422.5999755859375,1421.199951171875,1422.0999755859375,38102
2025-09-16 04:10:00+00:00,1421.199951171875,1421.9000244140625,1420.9000244140625,1421.800048828125,38250
2025-09-16 04:15:00+00:00,1421.5999755859375,1421.9000244140625,1420.800048828125,1421.199951171875,29889
2025-09-16 04:20:00+00:00,1422.0999755859375,1422.0999755859375,1420.5,1421.5999755859375,30298
2025-09-16 04:25:00+00:00,1422.9000244140625,1423.0999755859375,1421.9000244140625,1422.0999755859375,65498
2025-09-16 04:30:00+00:00,1422.9000244140625,1424.9000244140625,1422.4000244140625,1422.9000244140625,129452
2025-09-16 04:35:00+00:00,1422.5999755859375,1423.199951171875,1422.5999755859375,1422.9000244140625,34158
2025-09-16 04:40:00+00:00,1421.199951171875,1422.9000244140625,1421.0,1422.699951171875,43770
2025-09-16 04:45:00+00:00,1421.0999755859375,1422.0,1421.0999755859375,1421.300048828125,36432
2025-09-16 04:50:00+00:00,1420.699951171875,1421.300048828125,1420.4000244140625,1421.0999755859375,56849
2025-09-16 04:55:00+00:00,1422.0,1422.5999755859375,1420.699951171875,1420.699951171875,77720
2025-09-16 05:00:00+00:00,1421.5,1422.0999755859375,1421.199951171875,1421.9000244140625,23810
2025-09-16 05:05:00+00:00,1421.5999755859375,1421.5999755859375,1421.4000244140625,1421.5,30655
2025-09-16 05:10:00+00:00,1421.0,1421.800048828125,1420.9000244140625,1421.800048828125,41962
2025-09-16 05:30:00+00:00,1420.5,1420.5,1420.0999755859375,1420.4000244140625,172767
2025-09-16 05:35:00+00:00,1420.199951171875,1420.5,1420.0,1420.4000244140625,53748
2025-09-16 05:40:00+00:00,1419.9000244140625,1420.300048828125,1419.0,1420.199951171875,85659
2025-09-16 05:45:00+00:00,1419.0999755859375,1420.5999755859375,1418.800048828125,1420.0,63631
2025-09-16 05:50:00+00:00,1420.0999755859375,1420.0999755859375,1418.800048828125,1418.800048828125,56698
2025-09-16 05:55:00+00:00,1420.5,1420.5,1419.9000244140625,1420.0999755859375,30565
2025-09-16 06:00:00+00:00,1420.300048828125,1420.9000244140625,1420.0,1420.800048828125,46950
2025-09-16 06:05:00+00:00,1421.199951171875,1421.5999755859375,1420.699951171875,1421.0,75220
2025-09-16 06:10:00+00:00,1419.9000244140625,1421.199951171875,1419.0,1421.0,59498
2025-09-16 06:15:00+00:00,1420.5,1420.800048828125,1418.800048828125,1419.4000244140625,89895
2025-09-16 06:20:00+00:00,1420.800048828125,1420.800048828125,1420.5,1420.699951171875,4128
2025-09-16 06:25:00+00:00,1420.199951171875,1420.699951171875,1420.0,1420.0999755859375,65301
2025-09-16 06:30:00+00:00,1420.300048828125,1420.300048828125,1419.800048828125,1420.300048828125,39952
2025-09-16 06:35:00+00:00,1419.800048828125,1420.5,1419.5,1420.0,46283
2025-09-16 06:40:00+00:00,1420.300048828125,1420.5,1419.5999755859375,1420.0,100927
2025-09-16 06:45:00+00:00,1420.0,1420.199951171875,1419.4000244140625,1420.0,60199
2025-09-16 06:50:00+00:00,1420.800048828125,1421.0999755859375,1419.800048828125,1419.800048828125,79101
2025-09-16 06:55:00+00:00,1421.5999755859375,1421.5999755859375,1420.699951171875,1420.800048828125,42198
2025-09-16 07:00:00+00:00,1421.4000244140625,1421.5999755859375,1420.5999755859375,1421.5999755859375,51056
2025-09-16 07:05:00+00:00,1421.199951171875,1421.9000244140625,1420.699951171875,1421.5,54235
2025-09-16 07:10:00+00:00,1420.300048828125,1421.199951171875,1420.300048828125,1421.199951171875,71052
2025-09-16 07:15:00+00:00,1420.199951171875,1420.4000244140625,1420.0,1420.300048828125,25248
2025-09-16 07:20:00+00:00,1419.9000244140625,1420.199951171875,1419.300048828125,1420.199951171875,40095
2025-09-16 07:25:00+00:00,1420.0,1420.300048828125,1418.800048828125,1419.9000244140625,63755
2025-09-16 07:30:00+00:00,1420.0999755859375,1420.0999755859375,1419.5999755859375,1420.0,71052
2025-09-16 07:35:00+00:00,1420.4000244140625,1420.4000244140625,1419.800048828125,1420.0999755859375,48104
2025-09-16 07:40:00+00:00,1419.800048828125,1420.4000244140625,1419.0,1420.4000244140625,125431
2025-09-16 07:45:00+00:00,1419.0999755859375,1420.0,1418.699951171875,1420.0,36342
2025-09-16 07:50:00+00:00,1419.800048828125,1419.800048828125,1418.800048828125,1419.199951171875,29697
2025-09-16 09:45:00+00:00,1422.300048828125,1422.5,1420.4000244140625,1421.699951171875,4044989
2025-09-16 09:50:00+00:00,1423.5999755859375,1423.5999755859375,1421.4000244140625,1422.300048828125,531523
2025-09-16 09:55:00+00:00,1421.5999755859375,1423.699951171875,1421.5,1423.5999755859375,282329
2025-09-17 03:45:00+00:00,1421.5999755859375,1425.5,1421.5,1422.0999755859375,0
2025-09-17 03:50:00+00:00,1422.5,1423.4000244140625,1420.5,1421.300048828125,91334
2025-09-17 03:55:00+00:00,1421.300048828125,1422.5,1420.5999755859375,1422.199951171875,45664
2025-09-17 04:00:00+00:00,1421.300048828125,1422.0,1421.199951171875,1421.199951171875,58598
2025-09-17 04:05:00+00:00,1423.9000244140625,1424.199951171875,1421.0,1421.199951171875,102819
2025-09-17 04:10:00+00:00,1424.699951171875,1425.800048828125,1423.9000244140625,1423.9000244140625,73188
2025-09-17 04:15:00+00:00,1424.699951171875,1425.0999755859375,1424.300048828125,1424.5999755859375,33733
2025-09-17 04:20:00+00:00,1423.5,1425.0,1423.5,1424.5999755859375,33404
2025-09-17 04:25:00+00:00,1423.5,1424.0,1423.0999755859375,1423.5,31897
2025-09-17 04:30:00+00:00,1423.199951171875,1424.300048828125,1423.0999755859375,1423.5,31999
2025-09-17 04:35:00+00:00,1423.5,1423.9000244140625,1423.199951171875,1423.199951171875,24111
2025-09-17 04:40:00+00:00,1423.5999755859375,1424.0,1423.4000244140625,1423.4000244140625,25299
2025-09-17 04:45:00+00:00,1421.800048828125,1423.699951171875,1421.5999755859375,1423.5999755859375,46773
2025-09-17 04:50:00+00:00,1423.5999755859375,1423.9000244140625,1421.5999755859375,1422.0,32679
2025-09-17 04:55:00+00:00,1422.0,1423.699951171875,1422.0,1423.5999755859375,37869
2025-09-17 05:00:00+00:00,1422.0,1422.300048828125,1421.5999755859375,1422.0,53910
2025-09-17 05:05:00+00:00,1422.199951171875,1422.4000244140625,1421.4000244140625,1421.9000244140625,81326
2025-09-17 05:10:00+00:00,1422.300048828125,1422.699951171875,1421.5999755859375,1422.300048828125,44552
2025-09-17 05:15:00+00:00,1422.199951171875,1423.300048828125,1422.0,1422.300048828125,43372
2025-09-17 05:20:00+00:00,1422.300048828125,1423.4000244140625,1421.5,1422.5999755859375,110649
2025-09-17 05:25:00+00:00,1421.4000244140625,1422.5,1421.0999755859375,1422.5,91341
2025-09-17 05:30:00+00:00,1421.9000244140625,1422.699951171875,1421.4000244140625,1421.4000244140625,78684
2025-09-17 05:35:00+00:00,1420.9000244140625,1421.699951171875,1420.5,1421.5999755859375,90304
2025-09-17 05:40:00+00:00,1421.0,1421.0,1420.0999755859375,1420.699951171875,64149
2025-09-17 05:45:00+00:00,1420.800048828125,1421.0,1420.0,1420.300048828125,50534
2025-09-17 05:50:00+00:00,1420.9000244140625,1421.0,1420.0,1420.300048828125,52768
2025-09-17 05:55:00+00:00,1420.800048828125,1421.4000244140625,1420.4000244140625,1420.9000244140625,44467
2025-09-17 06:00:00+00:00,1420.4000244140625,1421.5,1420.4000244140625,1420.800048828125,47655
2025-09-17 06:05:00+00:00,1419.4000244140625,1421.0999755859375,1419.4000244140625,1420.5,61026
2025-09-17 06:10:00+00:00,1419.800048828125,1420.9000244140625,1419.699951171875,1419.699951171875,58227
2025-09-17 06:15:00+00:00,1420.0999755859375,1420.800048828125,1419.4000244140625,1419.800048828125,68132
2025-09-17 06:20:00+00:00,1420.0,1421.0999755859375,1419.699951171875,1420.199951171875,90454
2025-09-17 06:25:00+00:00,1420.199951171875,1420.5999755859375,1419.5,1420.0,48959
2025-09-17 06:30:00+00:00,1419.5,1420.4000244140625,1419.5,1419.699951171875,44616
2025-09-17 06:35:00+00:00,1419.5,1420.0,1419.4000244140625,1419.5,48243
2025-09-17 06:40:00+00:00,1419.800048828125,1420.0,1419.199951171875,1419.699951171875,115702
2025-09-17 06:45:00+00:00,1420.0999755859375,1421.0,1419.5999755859375,1419.800048828125,107369
2025-09-17 06:50:00+00:00,1420.0,1420.800048828125,1419.9000244140625,1420.199951171875,143095
2025-09-17 06:55:00+00:00,1421.699951171875,1421.699951171875,1420.0999755859375,1420.0999755859375,72344
2025-09-17 07:00:00+00:00,1422.5999755859375,1424.0,1421.0,1421.5999755859375,383682
2025-09-17 07:05:00+00:00,1422.0999755859375,1423.5,1421.800048828125,1422.9000244140625,140547
2025-09-17 07:10:00+00:00,1421.5999755859375,1422.5999755859375,1421.0,1422.0,48966
2025-09-17 07:15:00+00:00,1421.300048828125,1421.800048828125,1421.0,1421.5999755859375,52337
2025-09-17 07:20:00+00:00,1421.699951171875,1421.9000244140625,1421.0,1421.300048828125,51508
2025-09-17 07:25:00+00:00,1421.800048828125,1422.0,1420.300048828125,1421.699951171875,172149
2025-09-17 07:30:00+00:00,1422.5,1422.800048828125,1421.0,1421.800048828125,152102
2025-09-17 07:35:00+00:00,1422.0,1423.0,1421.699951171875,1422.300048828125,84877
2025-09-17 07:40:00+00:00,1422.300048828125,1422.5,1421.300048828125,1422.0999755859375,52805
2025-09-17 07:45:00+00:00,1422.4000244140625,1422.4000244140625,1421.5,1421.699951171875,108355
2025-09-17 07:50:00+00:00,1422.0999755859375,1422.4000244140625,1421.300048828125,1422.4000244140625,61969
2025-09-17 07:55:00+00:00,1421.800048828125,1422.0,1421.300048828125,1421.699951171875,56501
2025-09-17 08:00:00+00:00,1421.300048828125,1421.9000244140625,1421.300048828125,1421.9000244140625,53536
2025-09-17 08:05:00+00:00,1420.5999755859375,1421.800048828125,1420.4000244140625,1421.5,86262
2025-09-17 08:10:00+00:00,1420.0999755859375,1420.5999755859375,1419.800048828125,1420.5999755859375,93812
2025-09-17 08:15:00+00:00,1420.9000244140625,1421.0999755859375,1419.4000244140625,1420.0999755859375,185625
2025-09-17 08:20:00+00:00,1420.300048828125,1421.0,1419.800048828125,1420.699951171875,69220
2025-09-17 08:25:00+00:00,1420.0999755859375,1420.4000244140625,1419.300048828125,1420.199951171875,62045
2025-09-17 08:30:00+00:00,1419.9000244140625,1420.800048828125,1419.300048828125,1419.9000244140625,79547
2025-09-17 08:35:00+00:00,1420.0999755859375,1420.4000244140625,1419.0,1420.199951171875,121304
2025-09-17 08:40:00+00:00,1420.699951171875,1421.5,1420.0,1420.300048828125,219899
2025-09-17 08:45:00+00:00,1420.5,1421.0999755859375,1420.300048828125,1420.699951171875,51049
2025-09-17 08:50:00+00:00,1419.5999755859375,1420.5,1419.4000244140625,1420.4000244140625,53025
2025-09-17 08:55:00+00:00,1419.699951171875,1419.9000244140625,1418.5999755859375,1419.699951171875,222839
2025-09-17 09:00:00+00:00,1419.699951171875,1419.9000244140625,1418.5,1419.699951171875,193799
2025-09-17 09:05:00+00:00,1420.199951171875,1420.699951171875,1419.0,1419.5999755859375,162777
2025-09-17 09:10:00+00:00,1419.699951171875,1420.5999755859375,1419.4000244140625,1420.5,120052
2025-09-17 09:15:00+00:00,1420.699951171875,1420.9000244140625,1419.4000244140625,1419.800048828125,115154
2025-09-17 09:20:00+00:00,1421.0999755859375,1421.9000244140625,1420.5,1420.699951171875,148918
2025-09-17 09:25:00+00:00,1421.4000244140625,1421.5,1420.4000244140625,1421.0,77344
2025-09-17 09:30:00+00:00,1421.5,1422.0,1421.199951171875,1421.300048828125,207235
2025-09-17 09:35:00+00:00,1420.699951171875,1421.5999755859375,1420.699951171875,1421.4000244140625,153634
2025-09-17 09:40:00+00:00,1419.5,1420.800048828125,1419.199951171875,1420.5999755859375,224131
2025-09-17 09:45:00+00:00,1418.4000244140625,1419.5,1418.0,1419.4000244140625,304258
2025-09-17 09:50:00+00:00,1417.300048828125,1418.5999755859375,1416.9000244140625,1418.5999755859375,221902
2025-09-17 09:55:00+00:00,1417.199951171875,1418.699951171875,1416.4000244140625,1417.0,178478
2025-09-18 03:45:00+00:00,1425.0999755859375,1430.5999755859375,1424.9000244140625,1430.5999755859375,0
2025-09-18 03:50:00+00:00,1423.9000244140625,1425.300048828125,1423.0,1425.300048828125,149090
2025-09-18 03:55:00+00:00,1423.4000244140625,1424.0,1423.0999755859375,1423.9000244140625,64579
2025-09-18 04:00:00+00:00,1423.9000244140625,1424.300048828125,1422.5,1423.5,114952
2025-09-18 04:05:00+00:00,1423.9000244140625,1424.0999755859375,1423.5,1423.699951171875,31144
2025-09-18 04:10:00+00:00,1423.199951171875,1424.0,1423.0,1423.699951171875,24505
2025-09-18 04:15:00+00:00,1422.5999755859375,1424.300048828125,1422.4000244140625,1423.0,86491
2025-09-18 04:20:00+00:00,1422.5999755859375,1423.0,1421.0,1422.699951171875,54655
2025-09-18 04:25:00+00:00,1423.4000244140625,1424.0999755859375,1422.300048828125,1422.699951171875,48830
2025-09-18 04:30:00+00:00,1422.5999755859375,1423.4000244140625,1421.5999755859375,1423.300048828125,60363
2025-09-18 04:35:00+00:00,1424.699951171875,1425.0,1422.5999755859375,1422.5999755859375,38542
2025-09-18 04:40:00+00:00,1424.300048828125,1424.800048828125,1423.300048828125,1424.800048828125,47493
2025-09-18 04:45:00+00:00,1424.5999755859375,1425.5999755859375,1424.199951171875,1424.4000244140625,45201
2025-09-18 04:50:00+00:00,1424.5999755859375,1425.4000244140625,1424.199951171875,1424.699951171875,22591
2025-09-18 04:55:00+00:00,1425.5999755859375,1425.699951171875,1424.300048828125,1424.5999755859375,21308
2025-09-18 05:00:00+00:00,1425.300048828125,1426.0,1425.0,1425.4000244140625,35285
2025-09-18 05:05:00+00:00,1426.0,1426.300048828125,1425.0,1425.5999755859375,32410
2025-09-18 05:10:00+00:00,1424.800048828125,1426.0,1424.300048828125,1426.0,29958
2025-09-18 05:15:00+00:00,1424.300048828125,1425.300048828125,1424.0,1424.800048828125,35512
2025-09-18 05:20:00+00:00,1424.199951171875,1425.0,1423.9000244140625,1424.4000244140625,27572
2025-09-18 05:25:00+00:00,1424.300048828125,1424.800048828125,1423.9000244140625,1424.5999755859375,24189
2025-09-18 05:30:00+00:00,1424.0,1424.699951171875,1423.5,1424.0999755859375,32221
2025-09-18 05:35:00+00:00,1423.5,1424.0,1423.0999755859375,1424.0,27305
2025-09-18 05:40:00+00:00,1423.0,1424.0,1423.0,1423.800048828125,24843
2025-09-18 05:45:00+00:00,1422.699951171875,1423.9000244140625,1422.5999755859375,1423.5999755859375,26955
2025-09-18 05:50:00+00:00,1424.0999755859375,1424.300048828125,1423.0,1423.0,36078
2025-09-18 05:55:00+00:00,1424.4000244140625,1425.0,1423.5,1423.800048828125,33490
2025-09-18 06:00:00+00:00,1424.300048828125,1424.5999755859375,1423.199951171875,1424.0,107480
2025-09-18 06:05:00+00:00,1422.800048828125,1425.0,1422.800048828125,1424.5,74947
2025-09-18 06:10:00+00:00,1422.5999755859375,1423.0,1422.5,1422.800048828125,17706
2025-09-18 06:15:00+00:00,1423.199951171875,1423.4000244140625,1422.199951171875,1422.5999755859375,37068
2025-09-18 06:20:00+00:00,1422.5,1423.199951171875,1422.199951171875,1422.699951171875,21178
2025-09-18 06:25:00+00:00,1422.5,1423.0999755859375,1422.300048828125,1423.0,19003
2025-09-18 06:30:00+00:00,1423.800048828125,1424.0999755859375,1422.5,1422.5,34335
2025-09-18 06:35:00+00:00,1424.300048828125,1424.5,1423.300048828125,1423.800048828125,33120
2025-09-18 06:40:00+00:00,1424.699951171875,1425.5999755859375,1423.9000244140625,1424.5,52444
2025-09-18 06:45:00+00:00,1425.0,1425.5,1424.4000244140625,1424.800048828125,74482
2025-09-18 06:50:00+00:00,1425.699951171875,1425.699951171875,1424.5,1425.0999755859375,33904
2025-09-18 06:55:00+00:00,1424.699951171875,1426.0999755859375,1424.0999755859375,1425.699951171875,75635
2025-09-18 07:00:00+00:00,1424.4000244140625,1425.199951171875,1424.0,1424.699951171875,38013
2025-09-18 07:05:00+00:00,1423.699951171875,1425.0,1422.199951171875,1424.199951171875,196086
2025-09-18 07:10:00+00:00,1423.199951171875,1423.699951171875,1422.199951171875,1423.199951171875,52876
2025-09-18 07:15:00+00:00,1423.5,1424.5,1422.4000244140625,1423.4000244140625,151579
2025-09-18 07:20:00+00:00,1425.0,1425.300048828125,1422.800048828125,1423.5,180648
2025-09-18 07:25:00+00:00,1425.199951171875,1425.9000244140625,1424.699951171875,1425.0,79946
2025-09-18 07:30:00+00:00,1421.5,1425.4000244140625,1419.699951171875,1425.199951171875,267036
2025-09-18 07:35:00+00:00,1422.9000244140625,1423.300048828125,1419.800048828125,1421.199951171875,123757
2025-09-18 07:40:00+00:00,1421.9000244140625,1422.9000244140625,1421.0999755859375,1422.9000244140625,66121
2025-09-18 07:45:00+00:00,1421.5999755859375,1422.0,1421.0999755859375,1421.800048828125,20685
2025-09-18 07:50:00+00:00,1421.300048828125,1421.800048828125,1421.0,1421.5999755859375,19086
2025-09-18 07:55:00+00:00,1423.199951171875,1423.300048828125,1421.300048828125,1421.300048828125,41155
2025-09-18 08:00:00+00:00,1423.4000244140625,1423.699951171875,1421.300048828125,1423.300048828125,174920
2025-09-18 08:05:00+00:00,1423.699951171875,1423.9000244140625,1422.300048828125,1423.4000244140625,69620
2025-09-18 08:10:00+00:00,1423.300048828125,1423.9000244140625,1422.5,1423.5,44920
2025-09-18 08:15:00+00:00,1422.0,1423.699951171875,1420.5,1423.4000244140625,104206
2025-09-18 08:20:00+00:00,1421.0,1422.0,1420.5,1422.0,107885
2025-09-18 08:25:00+00:00,1420.800048828125,1421.300048828125,1420.199951171875,1421.0,38720
2025-09-18 08:30:00+00:00,1420.199951171875,1420.9000244140625,1420.0,1420.5,28495
2025-09-18 08:35:00+00:00,1419.300048828125,1421.0,1417.800048828125,1420.199951171875,119243
2025-09-18 08:40:00+00:00,1420.300048828125,1421.0999755859375,1419.0999755859375,1419.0999755859375,192495
2025-09-18 08:45:00+00:00,1420.0999755859375,1420.800048828125,1419.800048828125,1420.0,42343
2025-09-18 08:50:00+00:00,1419.5999755859375,1420.5999755859375,1419.4000244140625,1420.0999755859375,70839
2025-09-18 08:55:00+00:00,1418.9000244140625,1420.5,1417.800048828125,1419.5,204530
2025-09-18 09:00:00+00:00,1417.5999755859375,1419.5999755859375,1417.5999755859375,1418.9000244140625,100305
2025-09-18 09:05:00+00:00,1416.699951171875,1417.800048828125,1415.9000244140625,1417.5,181800
2025-09-18 09:10:00+00:00,1416.4000244140625,1417.5,1415.5999755859375,1416.699951171875,200658
2025-09-18 09:15:00+00:00,1418.0999755859375,1418.5,1415.300048828125,1416.5,293582
2025-09-18 09:20:00+00:00,1418.9000244140625,1419.9000244140625,1417.5,1418.300048828125,152631
2025-09-18 09:25:00+00:00,1419.0,1420.199951171875,1418.199951171875,1419.0999755859375,253979
2025-09-18 09:30:00+00:00,1422.5999755859375,1422.800048828125,1418.9000244140625,1419.0,525304
2025-09-18 09:35:00+00:00,1422.0999755859375,1423.199951171875,1420.9000244140625,1422.5999755859375,380943
2025-09-18 09:40:00+00:00,1422.300048828125,1423.0,1421.800048828125,1421.800048828125,260990
2025-09-18 09:45:00+00:00,1422.199951171875,1423.0,1422.0999755859375,1422.199951171875,245904
2025-09-18 09:50:00+00:00,1422.9000244140625,1423.0,1421.699951171875,1422.300048828125,310578
2025-09-18 09:55:00+00:00,1422.9000244140625,1423.0,1422.0,1423.0,197703
2025-09-19 03:45:00+00:00,1410.0,1417.300048828125,1408.0999755859375,1417.300048828125,0
2025-09-19 03:50:00+00:00,1411.800048828125,1412.9000244140625,1409.9000244140625,1410.0,209305
2025-09-19 03:55:00+00:00,1412.4000244140625,1412.4000244140625,1411.0999755859375,1411.5999755859375,23419
2025-09-19 04:00:00+00:00,1410.9000244140625,1413.0999755859375,1410.699951171875,1412.300048828125,682907
2025-09-19 04:05:00+00:00,1408.5999755859375,1410.9000244140625,1407.5999755859375,1410.9000244140625,81625
2025-09-19 04:10:00+00:00,1408.0,1409.4000244140625,1407.5,1408.5999755859375,82392
2025-09-19 04:15:00+00:00,1408.0999755859375,1408.5999755859375,1407.0,1408.5999755859375,44554
2025-09-19 04:20:00+00:00,1406.800048828125,1408.199951171875,1406.0999755859375,1408.199951171875,89992
2025-09-19 04:25:00+00:00,1405.699951171875,1407.0999755859375,1405.5999755859375,1406.800048828125,77159
2025-09-19 04:30:00+00:00,1404.5,1406.0999755859375,1403.4000244140625,1406.0,90511
2025-09-19 04:35:00+00:00,1404.699951171875,1405.199951171875,1403.699951171875,1404.300048828125,58283
2025-09-19 04:40:00+00:00,1405.199951171875,1405.5999755859375,1404.5,1404.699951171875,50544
2025-09-19 04:45:00+00:00,1404.4000244140625,1405.300048828125,1404.0,1405.0999755859375,47617
2025-09-19 04:50:00+00:00,1405.699951171875,1405.800048828125,1404.0999755859375,1404.5,51803
2025-09-19 04:55:00+00:00,1406.5999755859375,1406.800048828125,1405.0999755859375,1405.4000244140625,54820
2025-09-19 05:00:00+00:00,1404.800048828125,1407.300048828125,1404.5999755859375,1406.699951171875,124204
2025-09-19 05:05:00+00:00,1405.4000244140625,1405.699951171875,1404.5999755859375,1404.9000244140625,36375
2025-09-19 05:10:00+00:00,1405.0,1405.800048828125,1404.4000244140625,1405.5999755859375,72697
2025-09-19 05:15:00+00:00,1404.800048828125,1405.300048828125,1404.300048828125,1405.300048828125,61929
2025-09-19 05:20:00+00:00,1405.5,1405.9000244140625,1404.699951171875,1404.800048828125,32667
2025-09-19 05:25:00+00:00,1404.5999755859375,1405.5,1404.0999755859375,1405.4000244140625,82938
2025-09-19 05:30:00+00:00,1404.0,1404.5,1403.5999755859375,1404.300048828125,90042
2025-09-19 05:35:00+00:00,1404.800048828125,1405.5,1403.0,1404.199951171875,110626
2025-09-19 05:40:00+00:00,1403.800048828125,1405.300048828125,1403.4000244140625,1404.699951171875,59528
2025-09-19 05:45:00+00:00,1403.5999755859375,1403.9000244140625,1403.0999755859375,1403.9000244140625,33751
2025-09-19 05:50:00+00:00,1403.5999755859375,1403.800048828125,1402.5999755859375,1403.5,35953
2025-09-19 05:55:00+00:00,1404.800048828125,1405.0999755859375,1403.699951171875,1403.699951171875,59248
2025-09-19 06:00:00+00:00,1404.0999755859375,1405.4000244140625,1403.699951171875,1404.9000244140625,46645
2025-09-19 06:05:00+00:00,1404.199951171875,1404.5,1404.0,1404.199951171875,27272
2025-09-19 06:10:00+00:00,1403.699951171875,1406.0,1402.5999755859375,1404.0999755859375,168477
2025-09-19 06:15:00+00:00,1403.4000244140625,1403.699951171875,1403.0,1403.5999755859375,35368
2025-09-19 06:20:00+00:00,1404.0999755859375,1404.300048828125,1402.9000244140625,1403.4000244140625,169549
2025-09-19 06:25:00+00:00,1403.5999755859375,1404.0,1403.0,1404.0,122140
2025-09-19 06:30:00+00:00,1403.4000244140625,1404.0,1403.199951171875,1403.5999755859375,66092
2025-09-19 06:35:00+00:00,1403.199951171875,1403.699951171875,1402.9000244140625,1403.4000244140625,88705
2025-09-19 06:40:00+00:00,1404.4000244140625,1405.0999755859375,1403.0999755859375,1403.0999755859375,155590
2025-09-19 06:45:00+00:00,1403.0,1404.5,1402.5999755859375,1404.5,121189
2025-09-19 06:50:00+00:00,1403.0999755859375,1405.0,1402.5,1403.0,152646
2025-09-19 06:55:00+00:00,1403.0999755859375,1403.5999755859375,1402.699951171875,1403.300048828125,60261
2025-09-19 07:00:00+00:00,1403.0999755859375,1403.699951171875,1402.5999755859375,1403.199951171875,51017
2025-09-19 07:05:00+00:00,1403.0999755859375,1403.300048828125,1402.5999755859375,1403.199951171875,58552
2025-09-19 07:10:00+00:00,1402.699951171875,1403.0999755859375,1402.5,1403.0999755859375,42245
2025-09-19 07:15:00+00:00,1402.5999755859375,1402.9000244140625,1402.5,1402.699951171875,49969
2025-09-19 07:20:00+00:00,1402.699951171875,1403.5,1401.300048828125,1402.699951171875,215583
2025-09-19 07:25:00+00:00,1403.300048828125,1403.9000244140625,1402.5999755859375,1402.699951171875,42382
2025-09-19 07:30:00+00:00,1403.199951171875,1403.5,1402.9000244140625,1403.4000244140625,39496
2025-09-19 07:35:00+00:00,1402.9000244140625,1403.5,1402.9000244140625,1403.199951171875,45965
2025-09-19 07:40:00+00:00,1403.300048828125,1403.5,1402.9000244140625,1403.0,54287
2025-09-19 07:45:00+00:00,1402.9000244140625,1403.699951171875,1402.699951171875,1403.199951171875,108711
2025-09-19 07:50:00+00:00,1402.5999755859375,1403.0,1402.300048828125,1402.9000244140625,89150
2025-09-19 07:55:00+00:00,1403.699951171875,1403.9000244140625,1402.5999755859375,1402.699951171875,91752
2025-09-19 08:00:00+00:00,1403.199951171875,1403.699951171875,1402.800048828125,1403.5,51429
2025-09-19 08:05:00+00:00,1402.5999755859375,1404.300048828125,1402.0,1403.199951171875,295051
2025-09-19 08:10:00+00:00,1403.199951171875,1403.5,1402.5999755859375,1402.9000244140625,57791
2025-09-19 08:15:00+00:00,1403.699951171875,1403.9000244140625,1402.5,1403.199951171875,101460
2025-09-19 08:20:00+00:00,1403.5999755859375,1403.9000244140625,1403.199951171875,1403.699951171875,54617
2025-09-19 08:25:00+00:00,1403.199951171875,1403.699951171875,1402.5,1403.699951171875,142270
2025-09-19 08:30:00+00:00,1403.0999755859375,1404.300048828125,1402.800048828125,1402.800048828125,143062
2025-09-19 08:35:00+00:00,1403.4000244140625,1403.5999755859375,1403.0,1403.199951171875,64067
2025-09-19 08:40:00+00:00,1403.4000244140625,1403.800048828125,1403.0,1403.300048828125,38743
2025-09-19 08:45:00+00:00,1403.0999755859375,1404.199951171875,1402.199951171875,1403.5999755859375,186555
2025-09-19 08:50:00+00:00,1402.300048828125,1403.0999755859375,1402.0,1403.0999755859375,206874
2025-09-19 08:55:00+00:00,1402.0,1402.5999755859375,1402.0,1402.4000244140625,58270
2025-09-19 09:00:00+00:00,1402.0999755859375,1402.800048828125,1401.5,1402.0999755859375,132106
2025-09-19 09:05:00+00:00,1401.5999755859375,1402.0999755859375,1401.199951171875,1401.9000244140625,59441
2025-09-19 09:10:00+00:00,1402.199951171875,1402.5,1401.5,1401.5999755859375,87793
2025-09-19 09:15:00+00:00,1402.4000244140625,1402.5,1402.0999755859375,1402.199951171875,58994
2025-09-19 09:20:00+00:00,1402.300048828125,1402.800048828125,1402.0999755859375,1402.300048828125,88712
2025-09-19 09:25:00+00:00,1402.300048828125,1403.0,1402.0999755859375,1402.5,94506
2025-09-19 09:30:00+00:00,1402.0999755859375,1403.0999755859375,1401.800048828125,1402.5,1108612
2025-09-19 09:35:00+00:00,1401.300048828125,1402.300048828125,1401.0,1402.0999755859375,1213163
2025-09-19 09:40:00+00:00,1401.4000244140625,1401.9000244140625,1400.5999755859375,1401.0999755859375,966240
2025-09-19 09:45:00+00:00,1402.699951171875,1402.699951171875,1401.300048828125,1401.300048828125,1011579
2025-09-19 09:50:00+00:00,1403.5,1404.5999755859375,1402.4000244140625,1402.5,1011125
2025-09-19 09:55:00+00:00,1402.199951171875,1403.800048828125,1401.300048828125,1403.5,833722
2025-09-22 03:45:00+00:00,1400.0,1404.699951171875,1397.199951171875,1404.0,0
2025-09-22 03:50:00+00:00,1400.9000244140625,1401.4000244140625,1397.9000244140625,1399.5999755859375,158492
2025-09-22 03:55:00+00:00,1400.0,1401.199951171875,1399.699951171875,1401.199951171875,80434
2025-09-22 04:00:00+00:00,1400.300048828125,1400.9000244140625,1399.5999755859375,1399.699951171875,133586
2025-09-22 04:05:00+00:00,1400.5999755859375,1401.300048828125,1399.800048828125,1400.5,143554
2025-09-22 04:10:00+00:00,1400.4000244140625,1401.9000244140625,1400.199951171875,1400.5999755859375,98438
2025-09-22 04:15:00+00:00,1400.699951171875,1402.4000244140625,1400.199951171875,1400.699951171875,215169
2025-09-22 04:20:00+00:00,1401.0,1401.0999755859375,1400.199951171875,1400.300048828125,69037
2025-09-22 04:25:00+00:00,1401.300048828125,1401.699951171875,1400.699951171875,1401.0,121845
2025-09-22 04:30:00+00:00,1401.300048828125,1401.5999755859375,1400.800048828125,1401.4000244140625,56718
2025-09-22 04:35:00+00:00,1402.5,1402.699951171875,1401.300048828125,1401.5,63664
2025-09-22 04:40:00+00:00,1403.5,1403.800048828125,1402.0999755859375,1402.800048828125,78567
2025-09-22 04:45:00+00:00,1404.699951171875,1405.199951171875,1403.300048828125,1403.4000244140625,125402
2025-09-22 04:50:00+00:00,1404.5999755859375,1404.9000244140625,1403.4000244140625,1404.800048828125,75723
2025-09-22 04:55:00+00:00,1405.4000244140625,1405.699951171875,1404.199951171875,1404.5999755859375,94209
2025-09-22 05:00:00+00:00,1404.4000244140625,1405.5,1404.4000244140625,1405.0999755859375,65146
2025-09-22 05:05:00+00:00,1403.9000244140625,1405.0,1403.5999755859375,1404.5,48823
2025-09-22 05:10:00+00:00,1404.0,1404.0999755859375,1403.4000244140625,1403.9000244140625,49603
2025-09-22 05:15:00+00:00,1403.5999755859375,1404.0,1402.699951171875,1404.0,248094
2025-09-22 05:20:00+00:00,1403.699951171875,1404.0999755859375,1403.0,1403.4000244140625,36414
2025-09-22 05:25:00+00:00,1404.0999755859375,1404.0999755859375,1403.5999755859375,1404.0,35114
2025-09-22 05:30:00+00:00,1403.800048828125,1404.5999755859375,1403.0999755859375,1404.0999755859375,37092
2025-09-22 05:35:00+00:00,1403.300048828125,1403.9000244140625,1403.0,1403.800048828125,27415
2025-09-22 05:40:00+00:00,1403.199951171875,1403.300048828125,1403.0,1403.0,24900
2025-09-22 05:45:00+00:00,1403.0999755859375,1403.300048828125,1403.0,1403.199951171875,31394
2025-09-22 05:50:00+00:00,1404.0999755859375,1404.4000244140625,1403.0,1403.0999755859375,77060
2025-09-22 05:55:00+00:00,1404.0,1404.199951171875,1403.800048828125,1404.0999755859375,32088
2025-09-22 06:00:00+00:00,1403.5,1404.0999755859375,1403.300048828125,1404.0999755859375,22259
2025-09-22 06:05:00+00:00,1403.5999755859375,1403.800048828125,1403.300048828125,1403.4000244140625,41372
2025-09-22 06:10:00+00:00,1403.4000244140625,1403.5999755859375,1403.4000244140625,1403.5,14328
2025-09-22 06:15:00+00:00,1403.5,1404.0,1403.4000244140625,1403.4000244140625,112912
2025-09-22 06:20:00+00:00,1403.9000244140625,1405.199951171875,1403.300048828125,1403.9000244140625,161275
2025-09-22 06:25:00+00:00,1403.800048828125,1404.800048828125,1403.300048828125,1404.199951171875,326144
2025-09-22 06:30:00+00:00,1404.800048828125,1405.800048828125,1402.699951171875,1403.4000244140625,171913
2025-09-22 06:35:00+00:00,1404.699951171875,1405.199951171875,1403.5,1404.800048828125,79195
2025-09-22 06:40:00+00:00,1405.300048828125,1405.800048828125,1403.4000244140625,1404.800048828125,211900
2025-09-22 06:45:00+00:00,1405.199951171875,1405.800048828125,1405.0,1405.300048828125,34044
2025-09-22 06:50:00+00:00,1405.300048828125,1405.4000244140625,1404.4000244140625,1405.199951171875,60166
2025-09-22 06:55:00+00:00,1405.300048828125,1405.300048828125,1404.199951171875,1405.0,92384
2025-09-22 07:00:00+00:00,1405.199951171875,1405.9000244140625,1405.0,1405.300048828125,26378
2025-09-22 07:05:00+00:00,1406.199951171875,1407.300048828125,1405.0,1405.300048828125,87142
2025-09-22 07:10:00+00:00,1406.5999755859375,1407.5,1406.199951171875,1406.199951171875,66032
2025-09-22 07:15:00+00:00,1407.5999755859375,1407.5999755859375,1406.5,1406.800048828125,54642
2025-09-22 07:20:00+00:00,1407.4000244140625,1408.0,1406.800048828125,1407.5999755859375,71894
2025-09-22 07:25:00+00:00,1408.0999755859375,1408.800048828125,1407.0,1407.5,122739
2025-09-22 07:30:00+00:00,1409.4000244140625,1409.5999755859375,1407.5999755859375,1408.0999755859375,209117
2025-09-22 07:35:00+00:00,1409.699951171875,1409.9000244140625,1409.0,1409.4000244140625,86433
2025-09-22 07:40:00+00:00,1409.5999755859375,1409.699951171875,1408.5999755859375,1409.5999755859375,62586
2025-09-22 07:45:00+00:00,1408.0,1409.5999755859375,1407.5,1409.5999755859375,42644
2025-09-22 07:50:00+00:00,1406.0999755859375,1408.199951171875,1406.0,1407.5,33818
2025-09-22 07:55:00+00:00,1407.0,1407.0,1405.4000244140625,1406.0999755859375,166459
2025-09-22 08:00:00+00:00,1406.4000244140625,1407.199951171875,1405.300048828125,1406.9000244140625,178982
2025-09-22 08:05:00+00:00,1406.5,1406.9000244140625,1406.0,1406.4000244140625,32639
2025-09-22 08:10:00+00:00,1406.800048828125,1407.199951171875,1405.9000244140625,1406.300048828125,22962
2025-09-22 08:15:00+00:00,1407.699951171875,1407.699951171875,1406.199951171875,1407.0,25423
2025-09-22 08:20:00+00:00,1406.300048828125,1407.800048828125,1405.699951171875,1407.4000244140625,42953
2025-09-22 08:25:00+00:00,1405.5,1407.0,1405.0,1406.199951171875,100255
2025-09-22 08:30:00+00:00,1405.5999755859375,1406.199951171875,1404.9000244140625,1405.9000244140625,143968
2025-09-22 08:35:00+00:00,1405.300048828125,1406.5,1404.4000244140625,1405.5999755859375,293494
2025-09-22 08:40:00+00:00,1407.199951171875,1407.4000244140625,1405.0999755859375,1405.0999755859375,32010
2025-09-22 08:45:00+00:00,1406.699951171875,1407.300048828125,1406.199951171875,1407.199951171875,79140
2025-09-22 08:50:00+00:00,1406.0999755859375,1406.699951171875,1406.0,1406.699951171875,37015
2025-09-22 08:55:00+00:00,1405.0,1406.300048828125,1404.199951171875,1406.199951171875,89770
2025-09-22 09:00:00+00:00,1403.4000244140625,1404.9000244140625,1402.5999755859375,1404.5,127657
2025-09-22 09:05:00+00:00,1401.9000244140625,1403.300048828125,1401.9000244140625,1403.300048828125,120229
2025-09-22 09:10:00+00:00,1400.300048828125,1401.800048828125,1400.0,1401.5999755859375,331819
2025-09-22 09:15:00+00:00,1401.199951171875,1401.300048828125,1399.800048828125,1400.699951171875,306067
2025-09-22 09:20:00+00:00,1401.699951171875,1401.9000244140625,1400.0999755859375,1401.300048828125,145404
2025-09-22 09:25:00+00:00,1402.300048828125,1402.4000244140625,1400.5,1401.800048828125,213525
2025-09-22 09:30:00+00:00,1401.300048828125,1402.5,1400.4000244140625,1401.9000244140625,330267
2025-09-22 09:35:00+00:00,1400.9000244140625,1401.5,1400.800048828125,1401.199951171875,230015
2025-09-22 09:40:00+00:00,1401.5,1401.9000244140625,1400.800048828125,1400.9000244140625,230155
2025-09-22 09:45:00+00:00,1402.0999755859375,1402.0999755859375,1401.0,1401.699951171875,209055
2025-09-22 09:50:00+00:00,1402.199951171875,1402.4000244140625,1401.5,1402.0999755859375,172182
2025-09-22 09:55:00+00:00,1402.199951171875,1402.5,1401.5,1402.0999755859375,194795
2025-09-23 03:45:00+00:00,1400.300048828125,1402.800048828125,1397.800048828125,1398.5,0
2025-09-23 03:50:00+00:00,1400.5,1401.800048828125,1400.0999755859375,1400.300048828125,127867
2025-09-23 03:55:00+00:00,1399.0,1400.800048828125,1399.0,1400.5,114910
2025-09-23 04:00:00+00:00,1398.9000244140625,1398.9000244140625,1398.0,1398.800048828125,133769
2025-09-23 04:05:00+00:00,1399.300048828125,1399.300048828125,1397.199951171875,1398.9000244140625,124557
2025-09-23 04:10:00+00:00,1398.699951171875,1399.300048828125,1396.5,1399.199951171875,156414
2025-09-23 04:15:00+00:00,1398.800048828125,1398.9000244140625,1397.800048828125,1398.699951171875,73295
2025-09-23 04:20:00+00:00,1399.0,1399.4000244140625,1398.199951171875,1398.199951171875,29099
2025-09-23 04:25:00+00:00,1400.0999755859375,1400.800048828125,1399.0,1399.0999755859375,88321
2025-09-23 04:30:00+00:00,1400.5,1400.699951171875,1400.0999755859375,1400.0999755859375,22011
2025-09-23 04:35:00+00:00,1399.9000244140625,1401.199951171875,1399.9000244140625,1400.5,52193
2025-09-23 04:40:00+00:00,1399.699951171875,1400.199951171875,1399.4000244140625,1399.9000244140625,44679
2025-09-23 04:45:00+00:00,1399.300048828125,1399.699951171875,1399.0999755859375,1399.699951171875,21008
2025-09-23 04:50:00+00:00,1397.800048828125,1399.300048828125,1397.5999755859375,1399.300048828125,153247
2025-09-23 04:55:00+00:00,1397.9000244140625,1398.0,1396.9000244140625,1397.800048828125,190438
2025-09-23 05:00:00+00:00,1398.5999755859375,1398.699951171875,1397.0,1397.9000244140625,120013
2025-09-23 05:05:00+00:00,1398.0999755859375,1398.5999755859375,1397.9000244140625,1398.5999755859375,33996
2025-09-23 05:10:00+00:00,1398.0,1398.0999755859375,1397.800048828125,1398.0999755859375,42365
2025-09-23 05:15:00+00:00,1398.9000244140625,1399.0,1397.9000244140625,1398.0,70822
2025-09-23 05:20:00+00:00,1398.4000244140625,1398.9000244140625,1398.199951171875,1398.800048828125,49986
2025-09-23 05:25:00+00:00,1398.0,1398.5999755859375,1397.699951171875,1398.199951171875,55751
2025-09-23 05:30:00+00:00,1398.5,1399.300048828125,1398.0999755859375,1398.0999755859375,69104
2025-09-23 05:35:00+00:00,1397.800048828125,1398.5999755859375,1397.5,1398.5,36070
2025-09-23 05:40:00+00:00,1397.199951171875,1398.0,1396.800048828125,1397.800048828125,40253
2025-09-23 05:45:00+00:00,1395.4000244140625,1397.199951171875,1395.300048828125,1397.199951171875,137846
2025-09-23 05:50:00+00:00,1395.4000244140625,1395.5999755859375,1395.0,1395.0999755859375,49779
2025-09-23 05:55:00+00:00,1395.699951171875,1396.199951171875,1395.5,1395.5999755859375,64377
2025-09-23 06:00:00+00:00,1396.5,1396.5999755859375,1395.300048828125,1395.5999755859375,95453
2025-09-23 06:05:00+00:00,1395.0999755859375,1396.699951171875,1395.0999755859375,1396.5999755859375,58240
2025-09-23 06:10:00+00:00,1396.4000244140625,1396.5999755859375,1394.800048828125,1395.300048828125,116630
2025-09-23 06:15:00+00:00,1396.5999755859375,1396.9000244140625,1395.800048828125,1396.300048828125,109805
2025-09-23 06:20:00+00:00,1396.800048828125,1397.0,1396.4000244140625,1396.5999755859375,39139
2025-09-23 06:25:00+00:00,1395.5999755859375,1397.300048828125,1395.5,1396.9000244140625,86724
2025-09-23 06:30:00+00:00,1394.9000244140625,1395.800048828125,1394.699951171875,1395.5,84531
2025-09-23 06:35:00+00:00,1394.800048828125,1395.0999755859375,1394.0999755859375,1394.9000244140625,141976
2025-09-23 06:40:00+00:00,1396.9000244140625,1397.0,1394.5999755859375,1394.800048828125,92277
2025-09-23 06:45:00+00:00,1396.4000244140625,1397.0999755859375,1396.4000244140625,1397.0,69166
2025-09-23 06:50:00+00:00,1396.5999755859375,1398.0,1396.199951171875,1396.4000244140625,256331
2025-09-23 06:55:00+00:00,1397.5,1398.800048828125,1396.5999755859375,1396.5999755859375,168765
2025-09-23 07:00:00+00:00,1399.5999755859375,1400.300048828125,1397.5,1397.5999755859375,157225
2025-09-23 07:05:00+00:00,1401.0999755859375,1402.0999755859375,1399.5999755859375,1399.5999755859375,215846
2025-09-23 07:10:00+00:00,1400.0999755859375,1401.5,1399.5999755859375,1401.0999755859375,129396
2025-09-23 07:15:00+00:00,1400.800048828125,1400.9000244140625,1399.5,1400.199951171875,139191
2025-09-23 07:20:00+00:00,1402.0999755859375,1402.4000244140625,1400.4000244140625,1400.699951171875,92365
2025-09-23 07:25:00+00:00,1401.199951171875,1402.199951171875,1400.9000244140625,1402.199951171875,131529
2025-09-23 07:30:00+00:00,1400.9000244140625,1402.0,1399.5999755859375,1401.199951171875,92812
2025-09-23 07:35:00+00:00,1400.0,1401.0999755859375,1399.199951171875,1400.800048828125,53824
2025-09-23 07:40:00+00:00,1399.300048828125,1400.5,1399.0,1400.300048828125,66915
2025-09-23 07:45:00+00:00,1399.0,1399.800048828125,1398.5,1399.199951171875,59757
2025-09-23 07:50:00+00:00,1397.5999755859375,1399.0,1397.199951171875,1399.0,139162
2025-09-23 07:55:00+00:00,1398.300048828125,1398.699951171875,1397.5,1397.5999755859375,120028
2025-09-23 08:00:00+00:00,1400.0999755859375,1400.0999755859375,1398.199951171875,1398.199951171875,260904
2025-09-23 08:05:00+00:00,1399.199951171875,1400.300048828125,1398.199951171875,1400.300048828125,189509
2025-09-23 08:10:00+00:00,1398.5999755859375,1399.5,1397.800048828125,1399.199951171875,117724
2025-09-23 08:15:00+00:00,1398.4000244140625,1399.0999755859375,1398.0,1398.5,133310
2025-09-23 08:20:00+00:00,1398.300048828125,1399.5999755859375,1398.199951171875,1398.4000244140625,79128
2025-09-23 08:25:00+00:00,1398.0999755859375,1398.300048828125,1397.5,1398.300048828125,75304
2025-09-23 08:30:00+00:00,1398.9000244140625,1398.9000244140625,1398.0,1398.0999755859375,71002
2025-09-23 08:35:00+00:00,1399.699951171875,1400.0,1398.5999755859375,1398.800048828125,134642
2025-09-23 08:40:00+00:00,1397.0,1399.800048828125,1396.800048828125,1399.699951171875,189105
2025-09-23 08:45:00+00:00,1397.0,1397.800048828125,1395.199951171875,1397.0,343828
2025-09-23 08:50:00+00:00,1397.4000244140625,1397.800048828125,1396.0999755859375,1397.0,123838
2025-09-23 08:55:00+00:00,1396.199951171875,1397.4000244140625,1396.0,1397.300048828125,220435
2025-09-23 09:00:00+00:00,1397.199951171875,1397.300048828125,1395.699951171875,1396.199951171875,363949
2025-09-23 09:05:00+00:00,1396.5,1398.300048828125,1396.4000244140625,1396.9000244140625,253629
2025-09-23 09:10:00+00:00,1396.5,1397.4000244140625,1396.0,1396.5,173050
2025-09-23 09:15:00+00:00,1394.699951171875,1397.0999755859375,1394.4000244140625,1396.4000244140625,491636
2025-09-23 09:20:00+00:00,1394.4000244140625,1395.800048828125,1394.4000244140625,1394.699951171875,353073
2025-09-23 09:25:00+00:00,1394.5999755859375,1395.300048828125,1394.0,1394.5999755859375,430152
2025-09-23 09:30:00+00:00,1393.9000244140625,1395.4000244140625,1393.5,1394.9000244140625,596423
2025-09-23 09:35:00+00:00,1394.0,1395.0999755859375,1393.199951171875,1394.4000244140625,777826
2025-09-23 09:40:00+00:00,1394.0,1394.800048828125,1393.199951171875,1394.0,772049
2025-09-23 09:45:00+00:00,1394.300048828125,1395.800048828125,1394.0999755859375,1394.5999755859375,595241
2025-09-23 09:50:00+00:00,1394.699951171875,1394.699951171875,1394.0999755859375,1394.5999755859375,399430
2025-09-23 09:55:00+00:00,1394.300048828125,1396.0999755859375,1394.0999755859375,1394.5,281211
2025-09-24 03:45:00+00:00,1382.5,1390.4000244140625,1380.300048828125,1389.9000244140625,0
2025-09-24 03:50:00+00:00,1384.699951171875,1384.699951171875,1381.9000244140625,1382.5,143320
2025-09-24 03:55:00+00:00,1381.699951171875,1384.5999755859375,1381.0,1384.5999755859375,158359
2025-09-24 04:00:00+00:00,1380.9000244140625,1382.4000244140625,1380.5999755859375,1381.699951171875,100831
2025-09-24 04:05:00+00:00,1380.5999755859375,1382.199951171875,1380.5999755859375,1380.800048828125,114070
2025-09-24 04:10:00+00:00,1381.0,1381.800048828125,1380.300048828125,1380.5999755859375,75273
2025-09-24 04:15:00+00:00,1380.9000244140625,1381.300048828125,1379.5,1381.0,124065
2025-09-24 04:20:00+00:00,1381.0999755859375,1381.300048828125,1380.5,1381.0,40310
2025-09-24 04:25:00+00:00,1381.0,1381.5999755859375,1380.699951171875,1381.0,49042
2025-09-24 04:30:00+00:00,1380.9000244140625,1381.9000244140625,1379.300048828125,1381.199951171875,71956
2025-09-24 04:35:00+00:00,1380.800048828125,1381.5999755859375,1380.199951171875,1380.9000244140625,42576
2025-09-24 04:40:00+00:00,1381.199951171875,1381.5,1380.5999755859375,1380.800048828125,32679
2025-09-24 04:45:00+00:00,1381.0,1381.199951171875,1380.5999755859375,1381.199951171875,61536
2025-09-24 04:50:00+00:00,1381.0,1381.300048828125,1380.0,1381.0,106403
2025-09-24 04:55:00+00:00,1380.199951171875,1380.800048828125,1380.0,1380.4000244140625,71405
2025-09-24 05:00:00+00:00,1381.699951171875,1381.699951171875,1380.0,1380.0999755859375,72469
2025-09-24 05:05:00+00:00,1380.5,1381.699951171875,1380.199951171875,1381.5999755859375,53358
2025-09-24 05:10:00+00:00,1379.4000244140625,1380.699951171875,1379.0,1380.699951171875,99422
2025-09-24 05:15:00+00:00,1378.0,1379.4000244140625,1378.0,1379.4000244140625,117846
2025-09-24 05:20:00+00:00,1377.5999755859375,1378.4000244140625,1377.0999755859375,1378.0,85026
2025-09-24 05:25:00+00:00,1378.0999755859375,1378.699951171875,1377.5,1377.699951171875,44176
2025-09-24 05:30:00+00:00,1377.5999755859375,1378.199951171875,1377.300048828125,1378.0999755859375,68865
2025-09-24 05:35:00+00:00,1377.699951171875,1378.0,1376.5,1377.5999755859375,78279
2025-09-24 05:40:00+00:00,1379.199951171875,1379.199951171875,1377.0999755859375,1377.5,65911
2025-09-24 05:45:00+00:00,1378.800048828125,1379.5,1378.5,1379.199951171875,57053
2025-09-24 05:50:00+00:00,1378.800048828125,1380.0,1378.5999755859375,1378.800048828125,125131
2025-09-24 05:55:00+00:00,1379.0999755859375,1379.199951171875,1378.5999755859375,1378.800048828125,45452
2025-09-24 06:00:00+00:00,1378.699951171875,1379.5,1378.5,1379.0999755859375,43802
2025-09-24 06:05:00+00:00,1378.199951171875,1378.9000244140625,1378.0,1378.699951171875,30057
2025-09-24 06:10:00+00:00,1378.300048828125,1378.699951171875,1378.0999755859375,1378.199951171875,31801
2025-09-24 06:15:00+00:00,1379.0999755859375,1379.199951171875,1378.4000244140625,1378.4000244140625,36714
2025-09-24 06:20:00+00:00,1379.4000244140625,1379.5,1379.0,1379.199951171875,40325
2025-09-24 06:25:00+00:00,1379.300048828125,1381.0,1379.300048828125,1379.5,72017
2025-09-24 06:30:00+00:00,1380.0999755859375,1380.300048828125,1379.300048828125,1379.5,40325
2025-09-24 06:35:00+00:00,1380.800048828125,1380.800048828125,1379.5999755859375,1380.0999755859375,59541
2025-09-24 06:40:00+00:00,1382.0,1382.199951171875,1380.5999755859375,1380.5999755859375,117345
2025-09-24 06:45:00+00:00,1382.0,1382.9000244140625,1382.0,1382.0,43830
2025-09-24 06:50:00+00:00,1381.5999755859375,1383.0999755859375,1381.300048828125,1382.0999755859375,98700
2025-09-24 06:55:00+00:00,1380.5999755859375,1381.699951171875,1380.4000244140625,1381.699951171875,65975
2025-09-24 07:00:00+00:00,1380.800048828125,1381.0999755859375,1380.0,1380.5999755859375,46549
2025-09-24 07:05:00+00:00,1380.699951171875,1381.5999755859375,1380.0999755859375,1380.5,84185
2025-09-24 07:10:00+00:00,1380.300048828125,1381.300048828125,1380.0999755859375,1380.699951171875,44488
2025-09-24 07:15:00+00:00,1381.0999755859375,1381.300048828125,1380.0,1380.199951171875,171295
2025-09-24 07:20:00+00:00,1382.0999755859375,1382.5,1381.0,1381.0,171721
2025-09-24 07:25:00+00:00,1383.0999755859375,1383.4000244140625,1382.0999755859375,1382.0999755859375,78542
2025-09-24 07:30:00+00:00,1382.9000244140625,1384.0,1382.300048828125,1383.300048828125,125111
2025-09-24 07:35:00+00:00,1383.199951171875,1383.9000244140625,1382.300048828125,1383.0999755859375,221621
2025-09-24 07:40:00+00:00,1384.699951171875,1384.699951171875,1382.800048828125,1383.199951171875,175117
2025-09-24 07:45:00+00:00,1386.199951171875,1386.9000244140625,1384.4000244140625,1385.0,203566
2025-09-24 07:50:00+00:00,1386.0,1387.300048828125,1385.4000244140625,1386.199951171875,161757
2025-09-24 07:55:00+00:00,1387.199951171875,1387.4000244140625,1384.5999755859375,1386.0999755859375,189933
2025-09-24 08:00:00+00:00,1386.4000244140625,1388.0,1385.9000244140625,1387.199951171875,85125
2025-09-24 08:05:00+00:00,1387.4000244140625,1387.800048828125,1386.0,1386.5,58358
2025-09-24 08:10:00+00:00,1386.4000244140625,1387.800048828125,1386.0,1387.4000244140625,38838
2025-09-24 08:15:00+00:00,1386.0999755859375,1386.800048828125,1385.5999755859375,1386.699951171875,46668
2025-09-24 08:20:00+00:00,1386.5,1386.800048828125,1385.300048828125,1386.199951171875,46070
2025-09-24 08:25:00+00:00,1386.0,1387.199951171875,1385.5,1386.4000244140625,112943
2025-09-24 08:30:00+00:00,1384.9000244140625,1386.0,1384.5,1385.800048828125,56936
2025-09-24 08:35:00+00:00,1384.199951171875,1385.0999755859375,1383.4000244140625,1384.699951171875,90190
2025-09-24 08:40:00+00:00,1383.4000244140625,1384.9000244140625,1382.800048828125,1383.9000244140625,108910
2025-09-24 08:45:00+00:00,1383.699951171875,1384.699951171875,1382.9000244140625,1383.5,205906
2025-09-24 08:50:00+00:00,1380.9000244140625,1383.5999755859375,1380.5,1383.300048828125,505802
2025-09-24 08:55:00+00:00,1380.4000244140625,1381.0,1380.199951171875,1380.800048828125,58335
2025-09-24 09:00:00+00:00,1380.9000244140625,1381.300048828125,1380.0,1380.4000244140625,179223
2025-09-24 09:05:00+00:00,1380.9000244140625,1381.699951171875,1380.199951171875,1380.9000244140625,190907
2025-09-24 09:10:00+00:00,1380.4000244140625,1381.699951171875,1379.9000244140625,1381.0,602809
2025-09-24 09:15:00+00:00,1380.800048828125,1381.0,1380.0,1380.800048828125,308615
2025-09-24 09:20:00+00:00,1381.0,1381.9000244140625,1380.699951171875,1380.9000244140625,273619
2025-09-24 09:25:00+00:00,1380.9000244140625,1381.5,1380.0999755859375,1381.0,97788
2025-09-24 09:30:00+00:00,1382.0,1382.699951171875,1380.4000244140625,1380.4000244140625,308063
2025-09-24 09:35:00+00:00,1381.800048828125,1382.5,1381.4000244140625,1382.199951171875,179909
2025-09-24 09:40:00+00:00,1382.5,1382.5,1381.5,1381.699951171875,203438
2025-09-24 09:45:00+00:00,1382.9000244140625,1383.0,1382.0,1382.4000244140625,263396
2025-09-24 09:50:00+00:00,1384.699951171875,1384.9000244140625,1382.9000244140625,1382.9000244140625,288228
2025-09-24 09:55:00+00:00,1384.0,1385.800048828125,1383.0,1384.9000244140625,208089
2025-09-25 03:45:00+00:00,1385.9000244140625,1387.4000244140625,1371.800048828125,1376.4000244140625,0
2025-09-25 03:50:00+00:00,1389.800048828125,1390.0999755859375,1385.4000244140625,1385.9000244140625,94291
2025-09-25 03:55:00+00:00,1389.5,1391.4000244140625,1388.9000244140625,1390.4000244140625,106799
2025-09-25 04:00:00+00:00,1387.9000244140625,1390.4000244140625,1387.0,1389.4000244140625,84028
2025-09-25 04:05:00+00:00,1388.300048828125,1388.699951171875,1385.699951171875,1387.9000244140625,94562
2025-09-25 04:10:00+00:00,1385.800048828125,1389.0,1385.4000244140625,1388.4000244140625,664199
2025-09-25 04:15:00+00:00,1386.199951171875,1386.199951171875,1384.4000244140625,1385.4000244140625,226142
2025-09-25 04:20:00+00:00,1384.5999755859375,1386.0999755859375,1384.0,1385.800048828125,64965
2025-09-25 04:25:00+00:00,1384.0,1385.0,1383.5,1384.800048828125,343229
2025-09-25 04:30:00+00:00,1381.9000244140625,1383.9000244140625,1381.5999755859375,1383.699951171875,41300
2025-09-25 04:35:00+00:00,1381.199951171875,1381.800048828125,1380.300048828125,1381.5,60788
2025-09-25 04:40:00+00:00,1380.0,1381.9000244140625,1379.5,1381.199951171875,67740
2025-09-25 04:45:00+00:00,1380.0,1380.800048828125,1379.300048828125,1380.0,60624
2025-09-25 04:50:00+00:00,1379.0999755859375,1380.0999755859375,1379.0999755859375,1379.800048828125,54387
2025-09-25 04:55:00+00:00,1378.5999755859375,1379.5999755859375,1378.0,1379.199951171875,410214
2025-09-25 05:00:00+00:00,1379.0,1379.800048828125,1378.0999755859375,1378.5999755859375,60029
2025-09-25 05:05:00+00:00,1379.0,1379.5,1378.0999755859375,1379.5,52623
2025-09-25 05:10:00+00:00,1379.0,1380.0,1378.199951171875,1378.9000244140625,1062499
2025-09-25 05:15:00+00:00,1379.0999755859375,1380.0,1379.0,1379.0999755859375,92832
2025-09-25 05:20:00+00:00,1379.0,1380.0,1378.699951171875,1379.5,122667
2025-09-25 05:25:00+00:00,1378.300048828125,1379.5,1378.0,1379.0,56100
2025-09-25 05:30:00+00:00,1378.9000244140625,1379.800048828125,1378.0999755859375,1378.4000244140625,56567
2025-09-25 05:35:00+00:00,1378.699951171875,1379.5,1378.199951171875,1378.699951171875,43215
2025-09-25 05:40:00+00:00,1380.5999755859375,1380.9000244140625,1378.699951171875,1379.0,67980
2025-09-25 05:45:00+00:00,1379.9000244140625,1381.300048828125,1379.4000244140625,1380.5,112845
2025-09-25 05:50:00+00:00,1379.9000244140625,1380.4000244140625,1379.300048828125,1379.9000244140625,114980
2025-09-25 05:55:00+00:00,1379.0,1380.0,1378.300048828125,1379.800048828125,60259
2025-09-25 06:00:00+00:00,1379.199951171875,1379.5999755859375,1378.5,1379.5999755859375,195901
2025-09-25 06:05:00+00:00,1378.800048828125,1379.199951171875,1378.300048828125,1379.199951171875,34726
2025-09-25 06:10:00+00:00,1375.0,1378.800048828125,1374.800048828125,1378.800048828125,313427
2025-09-25 06:15:00+00:00,1374.800048828125,1376.0,1374.5999755859375,1375.0,144511
2025-09-25 06:20:00+00:00,1375.0,1375.800048828125,1374.199951171875,1374.800048828125,232058
2025-09-25 06:25:00+00:00,1375.5,1376.800048828125,1374.5,1375.0,321917
2025-09-25 06:30:00+00:00,1376.4000244140625,1377.0,1375.0999755859375,1375.5999755859375,140571
2025-09-25 06:35:00+00:00,1375.800048828125,1376.4000244140625,1375.0,1376.4000244140625,90858
2025-09-25 06:40:00+00:00,1377.0999755859375,1377.800048828125,1375.5999755859375,1375.9000244140625,72018
2025-09-25 06:45:00+00:00,1377.199951171875,1378.199951171875,1376.699951171875,1377.0999755859375,193948
2025-09-25 06:50:00+00:00,1377.4000244140625,1379.0,1375.5,1377.5999755859375,940149
2025-09-25 06:55:00+00:00,1377.0,1378.5999755859375,1376.5,1377.4000244140625,191767
2025-09-25 07:00:00+00:00,1376.800048828125,1378.0,1376.0999755859375,1376.800048828125,293200
2025-09-25 07:05:00+00:00,1377.0,1377.300048828125,1376.0,1376.800048828125,103403
2025-09-25 07:10:00+00:00,1377.199951171875,1378.0999755859375,1376.4000244140625,1377.0,186917
2025-09-25 07:15:00+00:00,1377.9000244140625,1379.4000244140625,1377.0,1377.199951171875,276826
2025-09-25 07:20:00+00:00,1378.800048828125,1379.4000244140625,1377.699951171875,1377.9000244140625,118808
2025-09-25 07:25:00+00:00,1379.0999755859375,1380.199951171875,1378.699951171875,1378.800048828125,160432
2025-09-25 07:30:00+00:00,1379.9000244140625,1380.0999755859375,1379.0,1379.0,119277
2025-09-25 07:35:00+00:00,1379.699951171875,1380.5999755859375,1378.800048828125,1379.9000244140625,244710
2025-09-25 07:40:00+00:00,1379.9000244140625,1380.699951171875,1378.699951171875,1379.9000244140625,185531
2025-09-25 07:45:00+00:00,1379.0,1380.0,1377.4000244140625,1379.5999755859375,1033861
2025-09-25 07:50:00+00:00,1378.5999755859375,1379.4000244140625,1377.5999755859375,1379.0,369286
2025-09-25 07:55:00+00:00,1380.0999755859375,1380.0999755859375,1378.0,1378.5999755859375,152462
2025-09-25 08:00:00+00:00,1380.0,1381.0,1380.0,1380.0999755859375,205435
2025-09-25 08:05:00+00:00,1380.199951171875,1380.5999755859375,1379.0,1380.0999755859375,180861
2025-09-25 08:10:00+00:00,1380.0,1380.5999755859375,1379.5,1380.199951171875,112733
2025-09-25 08:15:00+00:00,1380.0999755859375,1380.9000244140625,1380.0,1380.0999755859375,92525
2025-09-25 08:20:00+00:00,1379.5,1380.0999755859375,1379.300048828125,1380.0999755859375,226172
2025-09-25 08:25:00+00:00,1377.9000244140625,1380.0,1377.9000244140625,1379.5999755859375,809216
2025-09-25 08:30:00+00:00,1378.9000244140625,1379.0,1377.699951171875,1377.9000244140625,185895
2025-09-25 08:35:00+00:00,1378.0,1379.0,1377.5,1378.9000244140625,244958
2025-09-25 08:40:00+00:00,1378.800048828125,1378.9000244140625,1377.5999755859375,1378.0,362508
2025-09-25 08:45:00+00:00,1379.300048828125,1379.4000244140625,1377.699951171875,1378.800048828125,524273
2025-09-25 08:50:00+00:00,1379.5,1380.0,1378.800048828125,1379.300048828125,207865
2025-09-25 08:55:00+00:00,1379.5,1380.5,1378.9000244140625,1379.5,266612
2025-09-25 09:00:00+00:00,1379.300048828125,1380.0999755859375,1378.9000244140625,1379.300048828125,129047
2025-09-25 09:05:00+00:00,1379.800048828125,1380.4000244140625,1378.199951171875,1379.300048828125,258695
2025-09-25 09:10:00+00:00,1379.199951171875,1379.699951171875,1378.0999755859375,1379.699951171875,251566
2025-09-25 09:15:00+00:00,1378.0,1379.4000244140625,1377.5,1379.0,408099
2025-09-25 09:20:00+00:00,1378.0,1378.4000244140625,1377.300048828125,1378.0,376193
2025-09-25 09:25:00+00:00,1378.300048828125,1378.800048828125,1377.5,1378.0,416435
2025-09-25 09:30:00+00:00,1377.0,1378.699951171875,1376.199951171875,1377.9000244140625,862260
2025-09-25 09:35:00+00:00,1374.9000244140625,1377.0999755859375,1374.5,1377.0,1038775
2025-09-25 09:40:00+00:00,1374.9000244140625,1375.9000244140625,1374.0999755859375,1374.699951171875,1057006
2025-09-25 09:45:00+00:00,1375.5,1376.5999755859375,1374.5999755859375,1375.0999755859375,966253
2025-09-25 09:50:00+00:00,1376.5999755859375,1376.699951171875,1374.699951171875,1375.5,915991
2025-09-25 09:55:00+00:00,1373.699951171875,1376.9000244140625,1373.4000244140625,1376.9000244140625,515633
2025-09-26 03:45:00+00:00,1367.0,1369.5999755859375,1363.5999755859375,1367.0,0
2025-09-26 03:50:00+00:00,1365.800048828125,1368.5,1365.800048828125,1367.5999755859375,151545
2025-09-26 03:55:00+00:00,1365.699951171875,1367.4000244140625,1365.5,1366.0,142944
2025-09-26 04:00:00+00:00,1365.0999755859375,1365.699951171875,1364.0,1365.0,736073
2025-09-26 04:05:00+00:00,1366.300048828125,1366.9000244140625,1365.199951171875,1365.300048828125,945518
2025-09-26 04:10:00+00:00,1366.800048828125,1367.5,1366.300048828125,1366.5,67789
2025-09-26 04:15:00+00:00,1366.0999755859375,1367.4000244140625,1366.0,1366.800048828125,92308
2025-09-26 04:20:00+00:00,1365.199951171875,1366.300048828125,1364.5,1365.9000244140625,1146736
2025-09-26 04:25:00+00:00,1366.0999755859375,1366.5999755859375,1365.0,1365.5999755859375,149542
2025-09-26 04:30:00+00:00,1362.5,1365.699951171875,1362.4000244140625,1365.5999755859375,82917
2025-09-26 04:35:00+00:00,1361.5,1362.800048828125,1361.199951171875,1362.199951171875,78747
2025-09-26 04:40:00+00:00,1362.300048828125,1362.300048828125,1361.199951171875,1361.4000244140625,111634
2025-09-26 04:45:00+00:00,1363.199951171875,1363.199951171875,1361.9000244140625,1362.300048828125,62514
2025-09-26 04:50:00+00:00,1364.199951171875,1364.4000244140625,1363.0,1363.199951171875,160670
2025-09-26 04:55:00+00:00,1364.5999755859375,1365.0999755859375,1364.0,1364.199951171875,97224
2025-09-26 05:00:00+00:00,1366.300048828125,1366.300048828125,1364.5,1365.5,146862
2025-09-26 05:05:00+00:00,1366.199951171875,1366.5,1365.4000244140625,1366.5,68842
2025-09-26 05:10:00+00:00,1366.9000244140625,1366.9000244140625,1365.5,1366.0,99615
2025-09-26 05:15:00+00:00,1362.4000244140625,1366.5,1362.4000244140625,1366.5,3613967
2025-09-26 05:20:00+00:00,1361.5,1363.0,1361.5,1362.5,82428
2025-09-26 05:25:00+00:00,1360.199951171875,1361.5999755859375,1360.0999755859375,1361.5999755859375,89156
2025-09-26 05:30:00+00:00,1360.4000244140625,1360.9000244140625,1359.5,1360.199951171875,102759
2025-09-26 05:35:00+00:00,1360.5,1360.9000244140625,1359.5,1360.300048828125,121189
2025-09-26 05:40:00+00:00,1359.4000244140625,1360.800048828125,1359.300048828125,1360.5,64653
2025-09-26 05:45:00+00:00,1359.5999755859375,1359.9000244140625,1359.4000244140625,1359.5,48193
2025-09-26 05:50:00+00:00,1360.5,1360.699951171875,1359.4000244140625,1359.699951171875,65755
2025-09-26 05:55:00+00:00,1360.300048828125,1360.800048828125,1360.0,1360.4000244140625,48941
2025-09-26 06:00:00+00:00,1361.5,1361.5,1360.0999755859375,1360.199951171875,66589
2025-09-26 06:05:00+00:00,1361.5,1362.0,1361.4000244140625,1361.5,57629
2025-09-26 06:10:00+00:00,1363.0,1363.5,1361.199951171875,1361.300048828125,187434
2025-09-26 06:15:00+00:00,1362.9000244140625,1364.0999755859375,1361.199951171875,1363.199951171875,225232
2025-09-26 06:20:00+00:00,1361.699951171875,1363.0,1361.199951171875,1362.9000244140625,108078
2025-09-26 06:25:00+00:00,1361.699951171875,1362.800048828125,1361.199951171875,1361.800048828125,88948
2025-09-26 06:30:00+00:00,1361.5999755859375,1363.0,1361.5999755859375,1361.5999755859375,226185
2025-09-26 06:35:00+00:00,1361.699951171875,1362.199951171875,1360.699951171875,1361.699951171875,250041
2025-09-26 06:40:00+00:00,1363.0999755859375,1363.0999755859375,1361.699951171875,1361.699951171875,77613
2025-09-26 06:45:00+00:00,1362.199951171875,1363.0999755859375,1361.800048828125,1363.0999755859375,61795
2025-09-26 06:50:00+00:00,1362.9000244140625,1363.300048828125,1362.199951171875,1362.199951171875,68199
2025-09-26 06:55:00+00:00,1362.0999755859375,1362.9000244140625,1361.5999755859375,1362.9000244140625,112609
2025-09-26 07:00:00+00:00,1363.0,1363.0,1361.9000244140625,1362.300048828125,72117
2025-09-26 07:05:00+00:00,1363.0999755859375,1363.300048828125,1362.5999755859375,1362.9000244140625,62457
2025-09-26 07:10:00+00:00,1363.5999755859375,1363.5999755859375,1363.0,1363.199951171875,74920
2025-09-26 07:15:00+00:00,1364.800048828125,1364.800048828125,1363.5,1363.5,105310
2025-09-26 07:20:00+00:00,1365.300048828125,1365.300048828125,1364.199951171875,1364.699951171875,104312
2025-09-26 07:25:00+00:00,1362.699951171875,1365.9000244140625,1362.300048828125,1365.199951171875,373031
2025-09-26 07:30:00+00:00,1363.800048828125,1363.800048828125,1362.300048828125,1362.4000244140625,115772
2025-09-26 07:35:00+00:00,1364.5999755859375,1364.9000244140625,1363.300048828125,1363.699951171875,94678
2025-09-26 07:40:00+00:00,1365.4000244140625,1365.4000244140625,1364.4000244140625,1364.699951171875,93486
2025-09-26 07:45:00+00:00,1366.0,1366.0999755859375,1364.5,1365.300048828125,227548
2025-09-26 07:50:00+00:00,1365.5999755859375,1365.9000244140625,1364.5,1365.699951171875,229755
2025-09-26 07:55:00+00:00,1364.9000244140625,1366.0,1364.699951171875,1365.5999755859375,137784
2025-09-26 08:00:00+00:00,1364.0,1365.0,1363.5,1364.5,85306
2025-09-26 08:05:00+00:00,1363.699951171875,1364.0,1363.199951171875,1364.0,69859
2025-09-26 08:10:00+00:00,1363.300048828125,1363.9000244140625,1363.0,1363.699951171875,62359
2025-09-26 08:15:00+00:00,1364.0,1364.300048828125,1363.0,1363.300048828125,101978
2025-09-26 08:20:00+00:00,1363.5999755859375,1364.800048828125,1362.699951171875,1364.0,157425
2025-09-26 08:25:00+00:00,1363.800048828125,1365.0,1362.9000244140625,1363.699951171875,146906
2025-09-26 08:30:00+00:00,1362.4000244140625,1364.0,1362.199951171875,1363.800048828125,76958
2025-09-26 08:35:00+00:00,1361.5999755859375,1362.4000244140625,1360.800048828125,1362.0,89851
2025-09-26 08:40:00+00:00,1362.0,1362.0,1361.199951171875,1361.300048828125,113362
2025-09-26 08:45:00+00:00,1360.9000244140625,1361.9000244140625,1360.699951171875,1361.800048828125,443511
2025-09-26 08:50:00+00:00,1360.0,1361.800048828125,1360.0,1361.0,464466
2025-09-26 08:55:00+00:00,1359.4000244140625,1360.699951171875,1358.800048828125,1360.0,363618
2025-09-26 09:00:00+00:00,1357.9000244140625,1359.9000244140625,1357.4000244140625,1359.5999755859375,490768
2025-09-26 09:05:00+00:00,1357.800048828125,1358.5,1357.0999755859375,1358.0,248577
2025-09-26 09:10:00+00:00,1357.800048828125,1358.699951171875,1357.5,1357.699951171875,240160
2025-09-26 09:15:00+00:00,1358.5999755859375,1358.699951171875,1357.699951171875,1357.800048828125,183826
2025-09-26 09:20:00+00:00,1357.800048828125,1359.5999755859375,1357.5999755859375,1358.5,373075
2025-09-26 09:25:00+00:00,1359.5,1359.9000244140625,1358.0,1358.0999755859375,136479
2025-09-26 09:30:00+00:00,1359.5999755859375,1359.9000244140625,1358.0999755859375,1359.699951171875,251642
2025-09-26 09:35:00+00:00,1359.300048828125,1360.300048828125,1357.5999755859375,1359.699951171875,439166
2025-09-26 09:40:00+00:00,1358.5999755859375,1359.699951171875,1358.5,1359.4000244140625,226185
2025-09-26 09:45:00+00:00,1359.199951171875,1359.800048828125,1358.800048828125,1358.800048828125,262712
2025-09-26 09:50:00+00:00,1360.300048828125,1360.300048828125,1359.0999755859375,1359.199951171875,420675
2025-09-26 09:55:00+00:00,1359.5999755859375,1362.699951171875,1359.5999755859375,1360.300048828125,280714
2025-09-29 03:45:00+00:00,1364.5,1365.0,1356.800048828125,1359.5999755859375,0
2025-09-29 03:50:00+00:00,1365.9000244140625,1366.199951171875,1364.699951171875,1364.800048828125,172679
2025-09-29 03:55:00+00:00,1365.699951171875,1366.199951171875,1363.800048828125,1365.800048828125,125659
2025-09-29 04:00:00+00:00,1364.5,1366.199951171875,1364.0,1365.699951171875,166984
2025-09-29 04:05:00+00:00,1364.5999755859375,1365.699951171875,1363.9000244140625,1365.0,212574
2025-09-29 04:10:00+00:00,1363.4000244140625,1364.4000244140625,1362.300048828125,1364.199951171875,56476
2025-09-29 04:15:00+00:00,1361.0999755859375,1363.4000244140625,1360.5,1363.300048828125,89940
2025-09-29 04:20:00+00:00,1362.0,1362.0,1360.800048828125,1360.800048828125,72557
2025-09-29 04:25:00+00:00,1362.699951171875,1363.0999755859375,1362.0,1362.0,66589
2025-09-29 04:30:00+00:00,1361.0999755859375,1362.699951171875,1360.800048828125,1362.699951171875,70992
2025-09-29 04:35:00+00:00,1361.5,1362.0999755859375,1361.0,1361.5,72928
2025-09-29 04:40:00+00:00,1361.5999755859375,1362.5,1361.199951171875,1361.699951171875,90538
2025-09-29 04:45:00+00:00,1361.5999755859375,1361.9000244140625,1359.5999755859375,1361.699951171875,119709
2025-09-29 04:50:00+00:00,1362.300048828125,1362.800048828125,1361.5999755859375,1361.800048828125,63661
2025-09-29 04:55:00+00:00,1361.199951171875,1362.300048828125,1360.699951171875,1362.0,101199
2025-09-29 05:00:00+00:00,1360.5,1361.199951171875,1360.300048828125,1361.199951171875,130491
2025-09-29 05:05:00+00:00,1359.0,1361.0999755859375,1358.699951171875,1360.300048828125,148191
2025-09-29 05:10:00+00:00,1360.0999755859375,1360.300048828125,1357.9000244140625,1359.0,137575
2025-09-29 05:15:00+00:00,1359.0999755859375,1360.9000244140625,1359.0,1360.199951171875,79893
2025-09-29 05:20:00+00:00,1360.199951171875,1360.4000244140625,1358.699951171875,1359.0,119787
2025-09-29 05:25:00+00:00,1359.5999755859375,1360.0999755859375,1358.5,1360.0999755859375,85466
2025-09-29 05:30:00+00:00,1361.0,1361.5999755859375,1359.699951171875,1359.699951171875,61066
2025-09-29 05:35:00+00:00,1360.699951171875,1361.4000244140625,1360.5,1361.0,89164
2025-09-29 05:40:00+00:00,1358.800048828125,1360.800048828125,1358.699951171875,1360.699951171875,79765
2025-09-29 05:45:00+00:00,1358.800048828125,1358.9000244140625,1358.0,1358.9000244140625,77556
2025-09-29 05:50:00+00:00,1358.199951171875,1359.199951171875,1358.199951171875,1358.800048828125,50473
2025-09-29 05:55:00+00:00,1356.4000244140625,1358.4000244140625,1356.0999755859375,1358.300048828125,57624
2025-09-29 06:00:00+00:00,1356.5999755859375,1357.0,1355.699951171875,1356.199951171875,84386
2025-09-29 06:05:00+00:00,1355.5999755859375,1356.5999755859375,1354.699951171875,1356.5999755859375,275522
2025-09-29 06:10:00+00:00,1355.0999755859375,1356.0999755859375,1354.699951171875,1355.5999755859375,106210
2025-09-29 06:15:00+00:00,1354.0,1355.5,1354.0,1355.0999755859375,119018
2025-09-29 06:20:00+00:00,1354.0,1355.0,1353.0999755859375,1353.9000244140625,266628
2025-09-29 06:25:00+00:00,1355.0,1355.9000244140625,1353.800048828125,1353.800048828125,103871
2025-09-29 06:30:00+00:00,1354.800048828125,1355.300048828125,1353.699951171875,1355.0,106808
2025-09-29 06:35:00+00:00,1353.0999755859375,1355.800048828125,1352.5999755859375,1354.9000244140625,402404
2025-09-29 06:40:00+00:00,1352.199951171875,1354.300048828125,1352.0,1353.0999755859375,113187
2025-09-29 06:45:00+00:00,1351.300048828125,1353.9000244140625,1351.300048828125,1352.0999755859375,308691
2025-09-29 06:50:00+00:00,1352.9000244140625,1353.199951171875,1351.199951171875,1351.5,112549
2025-09-29 06:55:00+00:00,1353.199951171875,1353.699951171875,1352.9000244140625,1352.9000244140625,122710
2025-09-29 07:00:00+00:00,1354.5,1354.699951171875,1351.800048828125,1353.199951171875,222404
2025-09-29 07:05:00+00:00,1352.5,1354.699951171875,1352.199951171875,1354.699951171875,175147
2025-09-29 07:10:00+00:00,1351.800048828125,1352.5999755859375,1351.300048828125,1352.4000244140625,74564
2025-09-29 07:15:00+00:00,1349.699951171875,1351.9000244140625,1349.699951171875,1351.800048828125,292215
2025-09-29 07:20:00+00:00,1350.4000244140625,1350.9000244140625,1349.4000244140625,1349.5,259458
2025-09-29 07:25:00+00:00,1349.800048828125,1351.199951171875,1349.4000244140625,1350.5,128522
2025-09-29 07:30:00+00:00,1349.800048828125,1349.800048828125,1348.0,1349.800048828125,346319
2025-09-29 07:35:00+00:00,1350.5999755859375,1350.5999755859375,1348.199951171875,1349.800048828125,305681
2025-09-29 07:40:00+00:00,1352.5999755859375,1353.0999755859375,1350.199951171875,1350.5999755859375,252257
2025-09-29 07:45:00+00:00,1350.4000244140625,1352.5999755859375,1349.800048828125,1352.5999755859375,244000
2025-09-29 07:50:00+00:00,1351.699951171875,1351.699951171875,1350.0,1350.800048828125,75028
2025-09-29 07:55:00+00:00,1352.5999755859375,1353.5,1350.199951171875,1351.300048828125,241143
2025-09-29 08:00:00+00:00,1353.9000244140625,1353.9000244140625,1352.300048828125,1352.9000244140625,111316
2025-09-29 08:05:00+00:00,1354.9000244140625,1355.0,1353.5,1353.9000244140625,62036
2025-09-29 08:10:00+00:00,1355.0,1355.300048828125,1353.0999755859375,1354.9000244140625,209184
2025-09-29 08:15:00+00:00,1356.699951171875,1357.5,1354.9000244140625,1355.0,437904
2025-09-29 08:20:00+00:00,1355.699951171875,1357.5,1355.199951171875,1356.699951171875,711699
2025-09-29 08:25:00+00:00,1355.9000244140625,1356.699951171875,1354.300048828125,1355.699951171875,207152
2025-09-29 08:30:00+00:00,1357.5,1358.5,1355.9000244140625,1355.9000244140625,100754
2025-09-29 08:35:00+00:00,1355.300048828125,1357.5999755859375,1355.0,1357.5,317557
2025-09-29 08:40:00+00:00,1355.0999755859375,1356.0,1354.699951171875,1355.300048828125,287240
2025-09-29 08:45:00+00:00,1353.300048828125,1355.9000244140625,1352.4000244140625,1355.199951171875,392840
2025-09-29 08:50:00+00:00,1353.0999755859375,1354.5999755859375,1353.0,1353.300048828125,165185
2025-09-29 08:55:00+00:00,1352.0,1353.5999755859375,1351.4000244140625,1353.199951171875,173005
2025-09-29 09:00:00+00:00,1353.0,1353.4000244140625,1350.5999755859375,1351.699951171875,491833
2025-09-29 09:05:00+00:00,1351.0999755859375,1353.0,1350.5999755859375,1353.0,434460
2025-09-29 09:10:00+00:00,1351.300048828125,1352.5,1350.699951171875,1351.0999755859375,286183
2025-09-29 09:15:00+00:00,1351.4000244140625,1352.199951171875,1350.0,1351.4000244140625,335559
2025-09-29 09:20:00+00:00,1352.300048828125,1352.4000244140625,1350.199951171875,1351.300048828125,304579
2025-09-29 09:25:00+00:00,1351.699951171875,1352.300048828125,1351.0999755859375,1352.199951171875,273927
2025-09-29 09:30:00+00:00,1347.300048828125,1351.4000244140625,1347.300048828125,1351.4000244140625,1307184
2025-09-29 09:35:00+00:00,1348.0999755859375,1349.0,1346.800048828125,1347.300048828125,1280076
2025-09-29 09:40:00+00:00,1348.0,1348.9000244140625,1347.5999755859375,1348.300048828125,1190536
2025-09-29 09:45:00+00:00,1346.9000244140625,1348.199951171875,1346.300048828125,1348.0,1372320
2025-09-29 09:50:00+00:00,1348.300048828125,1348.300048828125,1346.199951171875,1347.0,1213020
2025-09-29 09:55:00+00:00,1350.699951171875,1350.699951171875,1347.5999755859375,1348.199951171875,812886
2025-09-30 03:45:00+00:00,1352.5,1353.5999755859375,1350.5999755859375,1353.0999755859375,0
2025-09-30 03:50:00+00:00,1350.800048828125,1352.9000244140625,1349.800048828125,1352.4000244140625,271275
2025-09-30 03:55:00+00:00,1350.4000244140625,1352.0999755859375,1350.0,1350.800048828125,265372
2025-09-30 04:00:00+00:00,1348.800048828125,1350.699951171875,1348.4000244140625,1350.300048828125,161002
2025-09-30 04:05:00+00:00,1348.5,1349.300048828125,1347.5,1348.800048828125,171051
2025-09-30 04:10:00+00:00,1349.800048828125,1350.0,1347.800048828125,1348.300048828125,105917
2025-09-30 04:15:00+00:00,1350.0999755859375,1350.0999755859375,1349.0999755859375,1349.5,116118
2025-09-30 04:20:00+00:00,1350.0,1350.300048828125,1348.4000244140625,1350.0999755859375,101685
2025-09-30 04:25:00+00:00,1348.9000244140625,1350.0,1348.300048828125,1349.699951171875,113172
2025-09-30 04:30:00+00:00,1347.699951171875,1349.699951171875,1346.5999755859375,1348.9000244140625,132880
2025-09-30 04:35:00+00:00,1346.699951171875,1348.0999755859375,1346.5,1347.800048828125,68513
2025-09-30 04:40:00+00:00,1346.800048828125,1347.0,1346.5999755859375,1346.699951171875,110501
2025-09-30 04:45:00+00:00,1346.5999755859375,1347.4000244140625,1346.0,1346.800048828125,282754
2025-09-30 04:50:00+00:00,1345.5,1347.4000244140625,1345.5,1346.5999755859375,84685
2025-09-30 04:55:00+00:00,1344.699951171875,1345.699951171875,1343.0999755859375,1345.5,260695
2025-09-30 05:00:00+00:00,1345.300048828125,1345.5999755859375,1344.699951171875,1344.699951171875,63510
2025-09-30 05:05:00+00:00,1343.0999755859375,1345.4000244140625,1342.5999755859375,1345.4000244140625,149644
2025-09-30 05:10:00+00:00,1344.5999755859375,1345.0,1342.800048828125,1343.0999755859375,132797
2025-09-30 05:15:00+00:00,1345.5,1346.5,1344.199951171875,1344.5,151430
2025-09-30 05:20:00+00:00,1346.0999755859375,1346.4000244140625,1345.300048828125,1345.5,92772
2025-09-30 05:25:00+00:00,1347.199951171875,1347.800048828125,1346.0999755859375,1346.0999755859375,139835
2025-09-30 05:30:00+00:00,1347.800048828125,1348.5999755859375,1347.0,1347.300048828125,98890
2025-09-30 05:35:00+00:00,1347.800048828125,1348.0,1347.0,1348.0,93399
2025-09-30 05:40:00+00:00,1348.300048828125,1348.800048828125,1347.800048828125,1347.800048828125,85453
2025-09-30 05:45:00+00:00,1347.800048828125,1348.4000244140625,1347.0,1348.300048828125,117436
2025-09-30 05:50:00+00:00,1346.0999755859375,1348.4000244140625,1345.699951171875,1347.800048828125,118126
2025-09-30 05:55:00+00:00,1345.800048828125,1346.199951171875,1345.699951171875,1346.0999755859375,55064
2025-09-30 06:00:00+00:00,1347.0,1347.5,1345.800048828125,1345.800048828125,70940
2025-09-30 06:05:00+00:00,1347.0,1347.9000244140625,1346.5999755859375,1347.0999755859375,140949
2025-09-30 06:10:00+00:00,1345.0,1347.0999755859375,1345.0,1346.5999755859375,72637
2025-09-30 06:15:00+00:00,1345.5,1346.0999755859375,1344.0,1345.0999755859375,104116
2025-09-30 06:20:00+00:00,1344.5999755859375,1345.9000244140625,1344.0,1345.5999755859375,106473
2025-09-30 06:25:00+00:00,1344.0,1344.9000244140625,1343.800048828125,1344.5999755859375,67062
2025-09-30 06:30:00+00:00,1344.800048828125,1345.0,1343.5999755859375,1344.0,170163
2025-09-30 06:35:00+00:00,1345.300048828125,1345.699951171875,1343.5,1344.9000244140625,343502
2025-09-30 06:40:00+00:00,1345.300048828125,1345.9000244140625,1344.699951171875,1345.199951171875,91062
2025-09-30 06:45:00+00:00,1346.4000244140625,1346.699951171875,1345.199951171875,1345.300048828125,124957
2025-09-30 06:50:00+00:00,1346.9000244140625,1346.9000244140625,1345.0999755859375,1346.699951171875,243486
2025-09-30 06:55:00+00:00,1348.9000244140625,1348.9000244140625,1346.800048828125,1346.800048828125,172187
2025-09-30 07:00:00+00:00,1349.4000244140625,1349.5,1347.199951171875,1348.9000244140625,149448
2025-09-30 07:05:00+00:00,1349.300048828125,1349.9000244140625,1347.300048828125,1349.4000244140625,318569
2025-09-30 07:10:00+00:00,1348.4000244140625,1349.800048828125,1347.699951171875,1348.9000244140625,413783
2025-09-30 07:15:00+00:00,1350.0,1350.0,1348.4000244140625,1348.4000244140625,281110
2025-09-30 07:20:00+00:00,1349.9000244140625,1350.199951171875,1349.699951171875,1349.9000244140625,176409
2025-09-30 07:25:00+00:00,1349.199951171875,1350.4000244140625,1348.199951171875,1350.0,362986
2025-09-30 07:30:00+00:00,1350.0,1350.300048828125,1349.0,1349.199951171875,210103
2025-09-30 07:35:00+00:00,1352.0,1352.4000244140625,1349.699951171875,1350.0,255402
2025-09-30 07:40:00+00:00,1352.0999755859375,1352.800048828125,1351.5,1352.0,271357
2025-09-30 07:45:00+00:00,1353.0,1353.0999755859375,1351.300048828125,1352.199951171875,369222
2025-09-30 07:50:00+00:00,1353.4000244140625,1353.800048828125,1352.800048828125,1352.9000244140625,68568
2025-09-30 07:55:00+00:00,1353.0999755859375,1353.699951171875,1352.300048828125,1353.300048828125,139821
2025-09-30 08:00:00+00:00,1353.300048828125,1353.5,1351.5999755859375,1353.199951171875,310197
2025-09-30 08:05:00+00:00,1352.0,1354.5,1351.800048828125,1353.4000244140625,355032
2025-09-30 08:10:00+00:00,1353.300048828125,1353.800048828125,1351.800048828125,1352.199951171875,223855
2025-09-30 08:15:00+00:00,1352.800048828125,1353.199951171875,1352.5999755859375,1353.199951171875,70287
2025-09-30 08:20:00+00:00,1352.5999755859375,1353.5,1352.5,1352.800048828125,79838
2025-09-30 08:25:00+00:00,1352.4000244140625,1353.0,1352.300048828125,1352.5999755859375,96360
2025-09-30 08:30:00+00:00,1351.9000244140625,1353.0,1350.9000244140625,1352.699951171875,101184
2025-09-30 08:35:00+00:00,1349.5,1352.5,1349.300048828125,1351.9000244140625,356355
2025-09-30 08:40:00+00:00,1349.9000244140625,1350.0,1348.0999755859375,1349.300048828125,538906
2025-09-30 08:45:00+00:00,1348.5,1350.0,1348.199951171875,1349.5999755859375,301477
2025-09-30 08:50:00+00:00,1349.300048828125,1350.9000244140625,1347.699951171875,1348.5,449365
2025-09-30 08:55:00+00:00,1350.0,1350.5,1348.5999755859375,1349.800048828125,319165
2025-09-30 09:00:00+00:00,1352.4000244140625,1352.5,1349.300048828125,1350.0,439904
2025-09-30 09:05:00+00:00,1353.5999755859375,1355.5999755859375,1352.5,1352.5999755859375,554854
2025-09-30 09:10:00+00:00,1353.199951171875,1354.4000244140625,1352.800048828125,1353.5999755859375,202020
2025-09-30 09:15:00+00:00,1350.9000244140625,1354.0999755859375,1348.9000244140625,1353.0,680136
2025-09-30 09:20:00+00:00,1351.0,1352.0999755859375,1350.199951171875,1350.5999755859375,474557
2025-09-30 09:25:00+00:00,1351.699951171875,1352.4000244140625,1348.5999755859375,1350.5,707328
2025-09-30 09:30:00+00:00,1348.0,1351.199951171875,1347.800048828125,1351.199951171875,813245
2025-09-30 09:35:00+00:00,1349.0,1349.0,1347.300048828125,1348.0,987498
2025-09-30 09:40:00+00:00,1348.5,1349.300048828125,1347.199951171875,1348.5999755859375,1058552
2025-09-30 09:45:00+00:00,1348.199951171875,1349.0999755859375,1347.0,1349.0999755859375,1001608
2025-09-30 09:50:00+00:00,1347.4000244140625,1348.5999755859375,1347.0,1348.0999755859375,707050
2025-09-30 09:55:00+00:00,1348.0,1348.9000244140625,1346.5999755859375,1347.4000244140625,496795
2025-10-01 03:45:00+00:00,1349.199951171875,1351.0999755859375,1348.0,1351.0999755859375,0
2025-10-01 03:50:00+00:00,1352.800048828125,1353.0,1348.800048828125,1349.199951171875,317773
2025-10-01 03:55:00+00:00,1354.800048828125,1355.9000244140625,1352.800048828125,1352.800048828125,342240
2025-10-01 04:00:00+00:00,1356.199951171875,1357.5999755859375,1354.199951171875,1355.0999755859375,300064
2025-10-01 04:05:00+00:00,1356.5999755859375,1356.699951171875,1354.5,1356.4000244140625,307089
2025-10-01 04:10:00+00:00,1356.0999755859375,1357.199951171875,1355.0999755859375,1356.199951171875,370251
2025-10-01 04:15:00+00:00,1357.5999755859375,1357.5999755859375,1355.699951171875,1356.0,177321
2025-10-01 04:20:00+00:00,1358.0,1358.4000244140625,1356.800048828125,1357.5999755859375,176942
2025-10-01 04:25:00+00:00,1359.4000244140625,1359.5,1357.9000244140625,1358.0,231183
2025-10-01 04:30:00+00:00,1359.800048828125,1360.5,1357.800048828125,1359.4000244140625,430518
2025-10-01 04:35:00+00:00,1364.5999755859375,1367.0999755859375,1359.199951171875,1359.4000244140625,1070408
2025-10-01 04:40:00+00:00,1365.0,1366.199951171875,1364.199951171875,1364.199951171875,474110
2025-10-01 04:45:00+00:00,1363.4000244140625,1365.300048828125,1362.0999755859375,1365.0,371517
2025-10-01 04:50:00+00:00,1363.0999755859375,1364.9000244140625,1362.800048828125,1363.5,94614
2025-10-01 04:55:00+00:00,1364.0,1365.199951171875,1362.300048828125,1363.0999755859375,163062
2025-10-01 05:00:00+00:00,1368.699951171875,1368.9000244140625,1363.699951171875,1364.0,201868
2025-10-01 05:05:00+00:00,1370.0,1370.9000244140625,1368.5999755859375,1368.5999755859375,175974
2025-10-01 05:10:00+00:00,1369.5999755859375,1370.4000244140625,1369.300048828125,1370.0,89533
2025-10-01 05:15:00+00:00,1370.0,1370.199951171875,1369.0,1369.5999755859375,123113
2025-10-01 05:20:00+00:00,1370.0999755859375,1370.9000244140625,1369.0,1370.0,125792
2025-10-01 05:25:00+00:00,1370.0999755859375,1370.5,1369.699951171875,1370.0999755859375,85371
2025-10-01 05:30:00+00:00,1369.800048828125,1370.5999755859375,1369.199951171875,1370.4000244140625,161099
2025-10-01 05:35:00+00:00,1370.0,1370.199951171875,1369.5,1369.800048828125,114207
2025-10-01 05:40:00+00:00,1371.300048828125,1372.300048828125,1370.0,1370.0,133020
2025-10-01 05:45:00+00:00,1371.9000244140625,1372.199951171875,1370.699951171875,1371.199951171875,180124
2025-10-01 05:50:00+00:00,1371.9000244140625,1372.199951171875,1371.0999755859375,1371.9000244140625,159888
2025-10-01 05:55:00+00:00,1372.800048828125,1373.300048828125,1371.5999755859375,1371.9000244140625,160928
2025-10-01 06:00:00+00:00,1374.5999755859375,1375.0,1372.5999755859375,1372.800048828125,150538
2025-10-01 06:05:00+00:00,1374.9000244140625,1375.0,1372.4000244140625,1374.5999755859375,128012
2025-10-01 06:10:00+00:00,1376.800048828125,1377.0,1373.9000244140625,1374.9000244140625,318034
2025-10-01 06:15:00+00:00,1376.800048828125,1377.0,1375.0,1376.5999755859375,320190
2025-10-01 06:20:00+00:00,1376.4000244140625,1377.0,1375.4000244140625,1376.199951171875,346458
2025-10-01 06:25:00+00:00,1378.5999755859375,1379.300048828125,1376.300048828125,1376.4000244140625,341354
2025-10-01 06:30:00+00:00,1377.5999755859375,1378.0999755859375,1376.0999755859375,1378.0999755859375,192300
2025-10-01 06:35:00+00:00,1376.4000244140625,1378.5999755859375,1376.199951171875,1377.5999755859375,147960
2025-10-01 06:40:00+00:00,1375.0999755859375,1377.5,1375.0,1376.4000244140625,138603
2025-10-01 06:45:00+00:00,1373.4000244140625,1375.199951171875,1373.0,1374.699951171875,131322
2025-10-01 06:50:00+00:00,1371.5,1373.699951171875,1371.0,1373.4000244140625,164759
2025-10-01 06:55:00+00:00,1370.199951171875,1371.800048828125,1369.0999755859375,1371.5,394281
2025-10-01 07:00:00+00:00,1370.0,1370.5,1369.0999755859375,1370.199951171875,303310
2025-10-01 07:05:00+00:00,1371.5,1371.5999755859375,1370.0,1370.0,171671
2025-10-01 07:10:00+00:00,1371.0999755859375,1372.199951171875,1371.0,1371.5,266047
2025-10-01 07:15:00+00:00,1371.4000244140625,1372.300048828125,1369.5999755859375,1371.0999755859375,467708
2025-10-01 07:20:00+00:00,1371.5999755859375,1371.800048828125,1370.199951171875,1371.4000244140625,109199
2025-10-01 07:25:00+00:00,1369.699951171875,1372.300048828125,1369.199951171875,1371.300048828125,168129
2025-10-01 07:30:00+00:00,1370.5,1371.800048828125,1369.4000244140625,1370.199951171875,309761
2025-10-01 07:35:00+00:00,1371.0,1371.0,1369.9000244140625,1370.5,115732
2025-10-01 07:40:00+00:00,1371.0999755859375,1371.300048828125,1369.5,1371.0,141824
2025-10-01 07:45:00+00:00,1370.800048828125,1371.4000244140625,1369.4000244140625,1371.0999755859375,319830
2025-10-01 07:50:00+00:00,1370.9000244140625,1371.5999755859375,1370.0,1370.800048828125,166157
2025-10-01 07:55:00+00:00,1372.4000244140625,1372.5,1370.800048828125,1370.800048828125,121177
2025-10-01 08:00:00+00:00,1373.300048828125,1374.0999755859375,1372.199951171875,1372.199951171875,225043
2025-10-01 08:05:00+00:00,1373.5999755859375,1375.0,1372.5999755859375,1372.800048828125,453651
2025-10-01 08:10:00+00:00,1372.9000244140625,1374.5,1372.5999755859375,1373.5999755859375,183256
2025-10-01 08:15:00+00:00,1373.0999755859375,1373.4000244140625,1372.199951171875,1372.9000244140625,269104
2025-10-01 08:20:00+00:00,1372.699951171875,1373.300048828125,1371.0999755859375,1373.0999755859375,508494
2025-10-01 08:25:00+00:00,1373.199951171875,1373.5,1372.0999755859375,1372.699951171875,184503
2025-10-01 08:30:00+00:00,1374.4000244140625,1374.5999755859375,1372.5,1373.199951171875,149474
2025-10-01 08:35:00+00:00,1374.5,1374.9000244140625,1373.699951171875,1374.300048828125,155847
2025-10-01 08:40:00+00:00,1372.800048828125,1375.199951171875,1372.699951171875,1374.5999755859375,322386
2025-10-01 08:45:00+00:00,1373.0999755859375,1373.5999755859375,1371.0999755859375,1373.0,602495
2025-10-01 08:50:00+00:00,1374.0999755859375,1374.300048828125,1373.0,1373.0,219352
2025-10-01 08:55:00+00:00,1372.5,1374.0999755859375,1372.300048828125,1374.0,222036
2025-10-01 09:00:00+00:00,1372.199951171875,1372.699951171875,1371.4000244140625,1372.4000244140625,278793
2025-10-01 09:05:00+00:00,1372.800048828125,1373.5999755859375,1372.0999755859375,1372.199951171875,392925
2025-10-01 09:10:00+00:00,1372.4000244140625,1374.300048828125,1371.5999755859375,1372.800048828125,588051
2025-10-01 09:15:00+00:00,1373.0999755859375,1373.9000244140625,1371.5999755859375,1372.4000244140625,477149
2025-10-01 09:20:00+00:00,1373.0999755859375,1373.0999755859375,1372.0,1372.9000244140625,292922
2025-10-01 09:25:00+00:00,1373.0,1374.0999755859375,1370.9000244140625,1373.0,655069
2025-10-01 09:30:00+00:00,1372.300048828125,1374.0,1371.199951171875,1373.0999755859375,661345
2025-10-01 09:35:00+00:00,1371.9000244140625,1372.9000244140625,1371.4000244140625,1372.300048828125,319359
2025-10-01 09:40:00+00:00,1371.199951171875,1372.5999755859375,1371.0,1371.9000244140625,290080
2025-10-01 09:45:00+00:00,1372.0,1372.199951171875,1371.0,1371.0,363798
2025-10-01 09:50:00+00:00,1372.0999755859375,1372.4000244140625,1371.5,1372.0,277296
2025-10-01 09:55:00+00:00,1372.4000244140625,1373.0,1370.300048828125,1372.199951171875,286462
2025-10-03 03:45:00+00:00,1363.0999755859375,1369.5999755859375,1362.5999755859375,1369.5999755859375,0
2025-10-03 03:50:00+00:00,1368.300048828125,1368.300048828125,1361.300048828125,1363.0999755859375,371807
2025-10-03 03:55:00+00:00,1365.9000244140625,1368.9000244140625,1365.4000244140625,1368.4000244140625,130983
2025-10-03 04:00:00+00:00,1363.4000244140625,1365.5,1363.199951171875,1365.5,141834
2025-10-03 04:05:00+00:00,1363.5,1364.4000244140625,1363.0,1363.0999755859375,125663
2025-10-03 04:10:00+00:00,1364.699951171875,1365.800048828125,1363.5,1363.5,99245
2025-10-03 04:15:00+00:00,1365.9000244140625,1365.9000244140625,1363.5,1364.5,78744
2025-10-03 04:20:00+00:00,1370.199951171875,1370.300048828125,1365.9000244140625,1365.9000244140625,135171
2025-10-03 04:25:00+00:00,1369.699951171875,1371.0,1369.4000244140625,1370.199951171875,118867
2025-10-03 04:30:00+00:00,1369.300048828125,1370.4000244140625,1368.9000244140625,1370.0999755859375,103803
2025-10-03 04:35:00+00:00,1368.800048828125,1369.5,1368.199951171875,1369.300048828125,100645
2025-10-03 04:40:00+00:00,1368.4000244140625,1369.199951171875,1367.5,1368.9000244140625,231065
2025-10-03 04:45:00+00:00,1367.800048828125,1369.300048828125,1367.0,1368.300048828125,287692
2025-10-03 04:50:00+00:00,1366.4000244140625,1368.300048828125,1366.4000244140625,1367.800048828125,86042
2025-10-03 04:55:00+00:00,1367.4000244140625,1367.5999755859375,1365.9000244140625,1366.5999755859375,74789
2025-10-03 05:00:00+00:00,1369.300048828125,1369.300048828125,1367.199951171875,1367.300048828125,103219
2025-10-03 05:05:00+00:00,1370.199951171875,1370.4000244140625,1367.199951171875,1369.199951171875,166719
2025-10-03 05:10:00+00:00,1369.5,1370.4000244140625,1368.699951171875,1370.300048828125,68346
2025-10-03 05:15:00+00:00,1369.0999755859375,1370.199951171875,1368.0999755859375,1369.199951171875,83621
2025-10-03 05:20:00+00:00,1368.5999755859375,1369.0999755859375,1367.5999755859375,1369.0999755859375,56125
2025-10-03 05:25:00+00:00,1366.800048828125,1368.800048828125,1366.800048828125,1368.5999755859375,71248
2025-10-03 05:30:00+00:00,1367.800048828125,1368.199951171875,1366.800048828125,1366.800048828125,44369
2025-10-03 05:35:00+00:00,1368.300048828125,1369.4000244140625,1367.800048828125,1367.9000244140625,126280
2025-10-03 05:40:00+00:00,1368.699951171875,1368.9000244140625,1368.0999755859375,1368.199951171875,48342
2025-10-03 05:45:00+00:00,1369.4000244140625,1369.5999755859375,1368.699951171875,1368.699951171875,78423
2025-10-03 05:50:00+00:00,1368.5,1369.9000244140625,1368.199951171875,1369.4000244140625,123338
2025-10-03 05:55:00+00:00,1368.0999755859375,1368.5,1368.0,1368.5,58899
2025-10-03 06:00:00+00:00,1370.699951171875,1370.9000244140625,1368.0,1368.0999755859375,94464
2025-10-03 06:05:00+00:00,1369.199951171875,1371.4000244140625,1369.0,1370.800048828125,85775
2025-10-03 06:10:00+00:00,1366.699951171875,1369.0999755859375,1366.699951171875,1369.0,196027
2025-10-03 06:15:00+00:00,1368.800048828125,1369.5999755859375,1366.5999755859375,1366.800048828125,295313
2025-10-03 06:20:00+00:00,1369.0999755859375,1369.199951171875,1367.699951171875,1368.800048828125,105540
2025-10-03 06:25:00+00:00,1368.0,1370.199951171875,1367.9000244140625,1369.0999755859375,136454
2025-10-03 06:30:00+00:00,1367.800048828125,1368.300048828125,1366.4000244140625,1368.0,100652
2025-10-03 06:35:00+00:00,1368.199951171875,1368.800048828125,1366.800048828125,1367.699951171875,87314
2025-10-03 06:40:00+00:00,1368.5999755859375,1369.300048828125,1367.0,1368.199951171875,170636
2025-10-03 06:45:00+00:00,1367.300048828125,1368.5999755859375,1367.0,1368.5,96666
2025-10-03 06:50:00+00:00,1367.0,1367.699951171875,1366.5,1367.300048828125,153218
2025-10-03 06:55:00+00:00,1366.800048828125,1367.9000244140625,1366.4000244140625,1367.4000244140625,175007
2025-10-03 07:00:00+00:00,1365.4000244140625,1367.5999755859375,1365.0999755859375,1366.699951171875,235368
2025-10-03 07:05:00+00:00,1366.0999755859375,1366.0999755859375,1365.0,1365.0999755859375,105242
2025-10-03 07:10:00+00:00,1367.300048828125,1367.4000244140625,1365.9000244140625,1365.9000244140625,105811
2025-10-03 07:15:00+00:00,1368.5999755859375,1369.4000244140625,1367.300048828125,1367.4000244140625,212469
2025-10-03 07:20:00+00:00,1369.0999755859375,1369.5999755859375,1367.300048828125,1368.5999755859375,114895
2025-10-03 07:25:00+00:00,1368.699951171875,1370.199951171875,1368.4000244140625,1369.199951171875,190983
2025-10-03 07:30:00+00:00,1368.699951171875,1369.0,1367.199951171875,1368.9000244140625,162964
2025-10-03 07:35:00+00:00,1369.5999755859375,1370.0999755859375,1368.800048828125,1368.800048828125,173280
2025-10-03 07:40:00+00:00,1369.5,1370.0999755859375,1368.5999755859375,1369.800048828125,81298
2025-10-03 07:45:00+00:00,1368.4000244140625,1369.300048828125,1367.5999755859375,1369.300048828125,137406
2025-10-03 07:50:00+00:00,1367.0,1368.5,1366.300048828125,1368.300048828125,120425
2025-10-03 07:55:00+00:00,1366.300048828125,1366.9000244140625,1365.4000244140625,1366.9000244140625,85006
2025-10-03 08:00:00+00:00,1365.0999755859375,1366.5,1365.0,1366.199951171875,89509
2025-10-03 08:05:00+00:00,1364.5,1365.699951171875,1364.0999755859375,1365.0999755859375,239986
2025-10-03 08:10:00+00:00,1365.5999755859375,1366.199951171875,1364.4000244140625,1364.5,172597
2025-10-03 08:15:00+00:00,1365.5999755859375,1366.300048828125,1364.699951171875,1365.4000244140625,107335
2025-10-03 08:20:00+00:00,1365.4000244140625,1365.5999755859375,1365.199951171875,1365.5999755859375,58016
2025-10-03 08:25:00+00:00,1365.0,1366.300048828125,1364.699951171875,1365.300048828125,114302
2025-10-03 08:30:00+00:00,1364.9000244140625,1365.0,1364.4000244140625,1365.0,79516
2025-10-03 08:35:00+00:00,1364.4000244140625,1365.199951171875,1364.300048828125,1365.0,88196
2025-10-03 08:40:00+00:00,1363.4000244140625,1364.4000244140625,1363.300048828125,1364.4000244140625,95867
2025-10-03 08:45:00+00:00,1364.5,1365.5,1363.4000244140625,1363.4000244140625,189900
2025-10-03 08:50:00+00:00,1364.199951171875,1364.5999755859375,1364.0999755859375,1364.5999755859375,64152
2025-10-03 08:55:00+00:00,1364.5,1364.800048828125,1364.199951171875,1364.300048828125,108690
2025-10-03 09:00:00+00:00,1365.5,1365.800048828125,1364.300048828125,1364.4000244140625,97869
2025-10-03 09:05:00+00:00,1366.5,1366.5,1365.4000244140625,1365.4000244140625,90548
2025-10-03 09:10:00+00:00,1367.300048828125,1367.5,1366.5999755859375,1366.699951171875,143923
2025-10-03 09:15:00+00:00,1366.0999755859375,1367.5,1366.0,1367.300048828125,247577
2025-10-03 09:20:00+00:00,1367.0,1367.5999755859375,1365.0999755859375,1366.199951171875,345829
2025-10-03 09:25:00+00:00,1367.4000244140625,1367.699951171875,1366.5,1366.5,159029
2025-10-03 09:30:00+00:00,1366.0,1367.4000244140625,1365.9000244140625,1367.300048828125,335480
2025-10-03 09:35:00+00:00,1365.300048828125,1366.0,1365.0,1366.0,437187
2025-10-03 09:40:00+00:00,1365.0999755859375,1365.300048828125,1363.9000244140625,1365.300048828125,428159
2025-10-03 09:45:00+00:00,1364.9000244140625,1365.199951171875,1364.9000244140625,1365.199951171875,317496
2025-10-03 09:50:00+00:00,1365.0,1365.4000244140625,1364.9000244140625,1364.9000244140625,356899
2025-10-03 09:55:00+00:00,1365.0,1365.4000244140625,1364.0999755859375,1365.0,285712
2025-10-06 03:45:00+00:00,1369.9000244140625,1372.4000244140625,1365.300048828125,1368.0,0
2025-10-06 03:50:00+00:00,1369.5,1371.0999755859375,1367.800048828125,1369.699951171875,198081
2025-10-06 03:55:00+00:00,1369.4000244140625,1372.0999755859375,1369.0,1369.5999755859375,107659
2025-10-06 04:00:00+00:00,1368.0999755859375,1369.699951171875,1366.5999755859375,1369.699951171875,49515
2025-10-06 04:05:00+00:00,1366.5,1369.4000244140625,1366.5,1368.0,46347
2025-10-06 04:10:00+00:00,1366.9000244140625,1367.699951171875,1366.300048828125,1366.300048828125,70255
2025-10-06 04:15:00+00:00,1368.199951171875,1368.9000244140625,1366.0,1366.5,58311
2025-10-06 04:20:00+00:00,1368.0999755859375,1370.4000244140625,1367.9000244140625,1368.699951171875,73865
2025-10-06 04:25:00+00:00,1367.800048828125,1368.9000244140625,1367.5,1368.0999755859375,21206
2025-10-06 04:30:00+00:00,1369.5999755859375,1369.5999755859375,1367.5,1367.800048828125,27809
2025-10-06 04:35:00+00:00,1369.5,1369.5999755859375,1368.699951171875,1369.4000244140625,22131
2025-10-06 04:40:00+00:00,1370.4000244140625,1370.5,1368.300048828125,1369.5,134139
2025-10-06 04:45:00+00:00,1367.199951171875,1370.699951171875,1367.0999755859375,1370.300048828125,77097
2025-10-06 04:50:00+00:00,1367.199951171875,1368.0999755859375,1366.4000244140625,1367.199951171875,57341
2025-10-06 04:55:00+00:00,1367.300048828125,1367.5,1366.5,1367.199951171875,28156
2025-10-06 05:00:00+00:00,1367.300048828125,1367.4000244140625,1366.800048828125,1367.300048828125,30734
2025-10-06 05:05:00+00:00,1366.300048828125,1367.4000244140625,1366.0999755859375,1367.300048828125,18025
2025-10-06 05:10:00+00:00,1365.5,1366.300048828125,1365.5,1366.0999755859375,31343
2025-10-06 05:15:00+00:00,1364.0999755859375,1365.9000244140625,1363.4000244140625,1365.800048828125,56208
2025-10-06 05:20:00+00:00,1364.300048828125,1364.5999755859375,1363.0999755859375,1364.4000244140625,40592
2025-10-06 05:25:00+00:00,1364.5999755859375,1364.699951171875,1363.0,1364.4000244140625,101971
2025-10-06 05:30:00+00:00,1362.800048828125,1365.0,1362.5,1364.800048828125,61294
2025-10-06 05:35:00+00:00,1364.300048828125,1364.800048828125,1362.0,1362.800048828125,110237
2025-10-06 05:40:00+00:00,1366.0,1366.0999755859375,1364.0,1364.0999755859375,189403
2025-10-06 05:45:00+00:00,1364.800048828125,1366.0,1364.199951171875,1366.0,573634
2025-10-06 05:50:00+00:00,1365.300048828125,1365.300048828125,1364.0,1364.5999755859375,113735
2025-10-06 05:55:00+00:00,1365.0,1366.0999755859375,1364.800048828125,1365.5,43490
2025-10-06 06:00:00+00:00,1363.0,1365.5,1363.0,1364.800048828125,214713
2025-10-06 06:05:00+00:00,1362.199951171875,1363.4000244140625,1361.0999755859375,1362.9000244140625,130733
2025-10-06 06:10:00+00:00,1361.5,1362.5999755859375,1361.0,1361.5,56202
2025-10-06 06:15:00+00:00,1359.699951171875,1361.5,1359.699951171875,1361.4000244140625,126329
2025-10-06 06:20:00+00:00,1361.300048828125,1361.5,1359.699951171875,1359.699951171875,100247
2025-10-06 06:25:00+00:00,1363.0999755859375,1363.300048828125,1361.4000244140625,1361.5,90932
2025-10-06 06:30:00+00:00,1362.699951171875,1363.300048828125,1362.0,1363.0999755859375,32589
2025-10-06 06:35:00+00:00,1363.4000244140625,1364.0,1362.699951171875,1362.699951171875,24644
2025-10-06 06:40:00+00:00,1365.0999755859375,1365.199951171875,1363.199951171875,1363.5,208295
2025-10-06 06:45:00+00:00,1364.4000244140625,1365.9000244140625,1364.4000244140625,1365.199951171875,83105
2025-10-06 06:50:00+00:00,1365.199951171875,1365.4000244140625,1364.300048828125,1365.0999755859375,141746
2025-10-06 06:55:00+00:00,1364.5,1365.4000244140625,1364.0,1365.0,133278
2025-10-06 07:00:00+00:00,1364.800048828125,1365.199951171875,1364.0999755859375,1364.5,98293
2025-10-06 07:05:00+00:00,1364.4000244140625,1365.4000244140625,1364.0,1364.800048828125,211350
2025-10-06 07:10:00+00:00,1365.9000244140625,1366.0999755859375,1363.699951171875,1364.300048828125,242780
2025-10-06 07:15:00+00:00,1366.5,1366.5999755859375,1365.4000244140625,1365.800048828125,173197
2025-10-06 07:20:00+00:00,1367.0,1367.0999755859375,1365.5999755859375,1366.4000244140625,150839
2025-10-06 07:25:00+00:00,1367.699951171875,1368.0,1366.5999755859375,1367.0,99398
2025-10-06 07:30:00+00:00,1367.0,1367.699951171875,1366.5999755859375,1367.4000244140625,188182
2025-10-06 07:35:00+00:00,1368.9000244140625,1368.9000244140625,1366.699951171875,1367.0,274399
2025-10-06 07:40:00+00:00,1366.5999755859375,1369.699951171875,1364.9000244140625,1368.199951171875,1376118
2025-10-06 07:45:00+00:00,1364.800048828125,1367.4000244140625,1363.5,1366.5999755859375,1313070
2025-10-06 07:50:00+00:00,1363.699951171875,1364.9000244140625,1363.300048828125,1364.5999755859375,124568
2025-10-06 07:55:00+00:00,1364.300048828125,1364.9000244140625,1363.4000244140625,1363.699951171875,81135
2025-10-06 08:00:00+00:00,1365.0,1365.0,1363.199951171875,1364.800048828125,147389
2025-10-06 08:05:00+00:00,1363.800048828125,1365.0,1362.300048828125,1364.9000244140625,192018
2025-10-06 08:10:00+00:00,1363.5999755859375,1364.0,1363.300048828125,1363.800048828125,73753
2025-10-06 08:15:00+00:00,1362.9000244140625,1364.0999755859375,1362.4000244140625,1363.5999755859375,166711
2025-10-06 08:20:00+00:00,1363.5,1363.5,1361.199951171875,1362.800048828125,194193
2025-10-06 08:25:00+00:00,1363.5999755859375,1363.9000244140625,1362.5999755859375,1363.300048828125,103842
2025-10-06 08:30:00+00:00,1364.300048828125,1365.5,1362.5999755859375,1363.699951171875,216379
2025-10-06 08:35:00+00:00,1363.4000244140625,1364.699951171875,1361.699951171875,1364.300048828125,174835
2025-10-06 08:40:00+00:00,1363.5999755859375,1363.9000244140625,1362.199951171875,1363.300048828125,62144
2025-10-06 08:45:00+00:00,1362.699951171875,1363.9000244140625,1362.4000244140625,1363.5,69799
2025-10-06 08:50:00+00:00,1362.0999755859375,1363.199951171875,1362.0999755859375,1362.699951171875,74817
2025-10-06 08:55:00+00:00,1361.5,1363.0,1361.199951171875,1362.199951171875,201212
2025-10-06 09:00:00+00:00,1361.300048828125,1362.699951171875,1359.800048828125,1361.5999755859375,2075007
2025-10-06 09:05:00+00:00,1361.0,1361.300048828125,1360.199951171875,1361.300048828125,126356
2025-10-06 09:10:00+00:00,1361.199951171875,1361.699951171875,1361.0,1361.0,130795
2025-10-06 09:15:00+00:00,1360.199951171875,1361.4000244140625,1359.0999755859375,1361.4000244140625,194028
2025-10-06 09:20:00+00:00,1361.5,1361.9000244140625,1360.0999755859375,1360.4000244140625,300522
2025-10-06 09:25:00+00:00,1362.699951171875,1362.699951171875,1361.0999755859375,1361.800048828125,133381
2025-10-06 09:30:00+00:00,1362.800048828125,1363.300048828125,1361.9000244140625,1362.699951171875,178658
2025-10-06 09:35:00+00:00,1363.800048828125,1364.0,1362.5999755859375,1362.800048828125,178482
2025-10-06 09:40:00+00:00,1363.699951171875,1364.4000244140625,1363.5,1363.800048828125,158809
2025-10-06 09:45:00+00:00,1363.300048828125,1363.699951171875,1362.300048828125,1363.5,196215
2025-10-06 09:50:00+00:00,1364.0999755859375,1364.300048828125,1363.199951171875,1363.199951171875,203483
2025-10-06 09:55:00+00:00,1363.9000244140625,1364.699951171875,1362.5999755859375,1363.800048828125,248704
2025-10-07 03:45:00+00:00,1368.300048828125,1371.199951171875,1367.0,1368.4000244140625,0
2025-10-07 03:50:00+00:00,1372.800048828125,1373.0,1366.699951171875,1368.5,170067
2025-10-07 03:55:00+00:00,1374.0,1374.5999755859375,1372.4000244140625,1372.5,125112
2025-10-07 04:00:00+00:00,1376.199951171875,1376.800048828125,1373.4000244140625,1374.0999755859375,99921
2025-10-07 04:05:00+00:00,1379.0999755859375,1380.0999755859375,1375.800048828125,1376.4000244140625,292562
2025-10-07 04:10:00+00:00,1377.5999755859375,1379.199951171875,1376.5,1379.0,263757
2025-10-07 04:15:00+00:00,1378.5,1378.5,1376.0,1377.5,83879
2025-10-07 04:20:00+00:00,1377.800048828125,1378.5999755859375,1376.5999755859375,1378.199951171875,223885
2025-10-07 04:25:00+00:00,1378.0999755859375,1379.199951171875,1376.699951171875,1377.5999755859375,133002
2025-10-07 04:30:00+00:00,1377.9000244140625,1379.199951171875,1377.5999755859375,1377.699951171875,151147
2025-10-07 04:35:00+00:00,1378.5,1379.0,1377.199951171875,1377.5,172673
2025-10-07 04:40:00+00:00,1380.9000244140625,1382.0,1378.0,1378.4000244140625,257095
2025-10-07 04:45:00+00:00,1381.0999755859375,1381.699951171875,1380.0999755859375,1380.800048828125,135874
2025-10-07 04:50:00+00:00,1382.199951171875,1382.699951171875,1380.9000244140625,1381.300048828125,644290
2025-10-07 04:55:00+00:00,1382.0,1382.300048828125,1381.300048828125,1382.199951171875,121166
2025-10-07 05:00:00+00:00,1381.0,1383.0999755859375,1380.4000244140625,1382.0999755859375,118779
2025-10-07 05:05:00+00:00,1381.0,1381.5999755859375,1378.800048828125,1380.800048828125,260280
2025-10-07 05:10:00+00:00,1380.5,1381.800048828125,1379.4000244140625,1381.0,135651
2025-10-07 05:15:00+00:00,1378.5,1380.5999755859375,1378.5,1380.300048828125,77754
2025-10-07 05:20:00+00:00,1379.0999755859375,1379.5999755859375,1378.5,1378.9000244140625,67486
2025-10-07 05:25:00+00:00,1378.0,1379.4000244140625,1377.5999755859375,1379.0999755859375,109596
2025-10-07 05:30:00+00:00,1378.0999755859375,1378.5,1377.0999755859375,1378.0,77397
2025-10-07 05:35:00+00:00,1377.0999755859375,1378.0999755859375,1376.5999755859375,1378.0999755859375,46769
2025-10-07 05:40:00+00:00,1374.199951171875,1377.0999755859375,1374.0,1377.0999755859375,198679
2025-10-07 05:45:00+00:00,1375.0999755859375,1375.699951171875,1374.0999755859375,1374.0999755859375,121788
2025-10-07 05:50:00+00:00,1372.0,1376.0,1371.9000244140625,1375.0,122457
2025-10-07 05:55:00+00:00,1374.699951171875,1375.0,1372.199951171875,1372.199951171875,200326
2025-10-07 06:00:00+00:00,1375.0,1375.0,1373.199951171875,1374.9000244140625,263241
2025-10-07 06:05:00+00:00,1375.199951171875,1375.4000244140625,1373.300048828125,1375.199951171875,169001
2025-10-07 06:10:00+00:00,1376.800048828125,1377.199951171875,1374.5,1375.199951171875,183932
2025-10-07 06:15:00+00:00,1378.4000244140625,1378.4000244140625,1376.5999755859375,1376.800048828125,45478
2025-10-07 06:20:00+00:00,1377.699951171875,1379.199951171875,1376.300048828125,1378.300048828125,149737
2025-10-07 06:25:00+00:00,1377.5,1378.699951171875,1377.199951171875,1377.9000244140625,95743
2025-10-07 06:30:00+00:00,1379.0,1379.699951171875,1377.199951171875,1377.5999755859375,53645
2025-10-07 06:35:00+00:00,1378.9000244140625,1379.800048828125,1378.199951171875,1379.199951171875,98308
2025-10-07 06:40:00+00:00,1377.699951171875,1380.0,1376.4000244140625,1378.9000244140625,207274
2025-10-07 06:45:00+00:00,1378.199951171875,1379.199951171875,1377.5,1378.0999755859375,87893
2025-10-07 06:50:00+00:00,1377.699951171875,1378.5999755859375,1377.0,1378.0999755859375,106751
2025-10-07 06:55:00+00:00,1379.0,1379.5999755859375,1377.5,1378.0999755859375,174276
2025-10-07 07:00:00+00:00,1377.4000244140625,1380.300048828125,1376.5999755859375,1379.199951171875,406957
2025-10-07 07:05:00+00:00,1377.5999755859375,1378.4000244140625,1376.300048828125,1377.5,129592
2025-10-07 07:10:00+00:00,1376.699951171875,1378.199951171875,1376.699951171875,1377.699951171875,135229
2025-10-07 07:15:00+00:00,1379.199951171875,1379.199951171875,1376.800048828125,1376.800048828125,123651
2025-10-07 07:20:00+00:00,1378.4000244140625,1379.0999755859375,1377.5,1379.0,78329
2025-10-07 07:25:00+00:00,1378.5,1378.5999755859375,1377.199951171875,1378.0999755859375,199559
2025-10-07 07:30:00+00:00,1379.0,1379.5,1378.199951171875,1378.300048828125,139058
2025-10-07 07:35:00+00:00,1380.300048828125,1380.699951171875,1378.5,1379.0,112980
2025-10-07 07:40:00+00:00,1379.5,1380.699951171875,1377.9000244140625,1380.4000244140625,277089
2025-10-07 07:45:00+00:00,1380.199951171875,1380.699951171875,1378.800048828125,1379.4000244140625,233656
2025-10-07 07:50:00+00:00,1380.0,1380.4000244140625,1379.5,1380.199951171875,167406
2025-10-07 07:55:00+00:00,1380.0999755859375,1380.300048828125,1379.5999755859375,1380.0,132893
2025-10-07 08:00:00+00:00,1379.5,1380.9000244140625,1379.0999755859375,1380.0,288173
2025-10-07 08:05:00+00:00,1378.5,1380.199951171875,1377.699951171875,1379.5999755859375,196354
2025-10-07 08:10:00+00:00,1380.199951171875,1380.300048828125,1378.4000244140625,1378.4000244140625,109546
2025-10-07 08:15:00+00:00,1380.0999755859375,1380.5999755859375,1379.5999755859375,1380.0999755859375,83760
2025-10-07 08:20:00+00:00,1380.199951171875,1380.4000244140625,1378.699951171875,1380.0999755859375,169931
2025-10-07 08:25:00+00:00,1381.0999755859375,1381.4000244140625,1379.300048828125,1380.0,215903
2025-10-07 08:30:00+00:00,1381.800048828125,1381.800048828125,1380.5999755859375,1381.0999755859375,70490
2025-10-07 08:35:00+00:00,1381.0999755859375,1381.9000244140625,1380.199951171875,1381.699951171875,52001
2025-10-07 08:40:00+00:00,1380.5999755859375,1381.0999755859375,1379.0,1381.0999755859375,226602
2025-10-07 08:45:00+00:00,1380.0999755859375,1381.0,1379.5,1380.4000244140625,117201
2025-10-07 08:50:00+00:00,1382.0,1382.0999755859375,1379.5999755859375,1380.0,280604
2025-10-07 08:55:00+00:00,1380.0999755859375,1382.0999755859375,1379.199951171875,1382.0,527752
2025-10-07 09:00:00+00:00,1379.5,1380.5999755859375,1378.5,1380.0999755859375,155513
2025-10-07 09:05:00+00:00,1379.0,1380.0999755859375,1378.300048828125,1379.5,286840
2025-10-07 09:10:00+00:00,1378.0,1379.300048828125,1376.9000244140625,1379.0999755859375,242061
2025-10-07 09:15:00+00:00,1379.5999755859375,1380.0999755859375,1377.800048828125,1377.800048828125,315162
2025-10-07 09:20:00+00:00,1378.199951171875,1380.300048828125,1377.4000244140625,1379.5999755859375,332208
2025-10-07 09:25:00+00:00,1379.199951171875,1380.0999755859375,1378.199951171875,1378.4000244140625,352012
2025-10-07 09:30:00+00:00,1377.5999755859375,1379.5999755859375,1377.4000244140625,1379.199951171875,485465
2025-10-07 09:35:00+00:00,1376.0999755859375,1378.199951171875,1374.800048828125,1378.0999755859375,584735
2025-10-07 09:40:00+00:00,1376.5,1376.5,1374.4000244140625,1375.699951171875,442019
2025-10-07 09:45:00+00:00,1374.300048828125,1376.699951171875,1374.199951171875,1376.5,940731
2025-10-07 09:50:00+00:00,1373.800048828125,1375.4000244140625,1373.199951171875,1374.0999755859375,920714
2025-10-07 09:55:00+00:00,1375.0,1375.800048828125,1373.5,1373.800048828125,196941
2025-10-08 03:45:00+00:00,1376.4000244140625,1378.0,1371.300048828125,1375.300048828125,0
2025-10-08 03:50:00+00:00,1377.4000244140625,1380.4000244140625,1375.5999755859375,1376.5,118658
2025-10-08 03:55:00+00:00,1379.199951171875,1381.5999755859375,1377.4000244140625,1377.4000244140625,107756
2025-10-08 04:00:00+00:00,1375.4000244140625,1380.300048828125,1375.199951171875,1379.300048828125,594388
2025-10-08 04:05:00+00:00,1375.800048828125,1377.0,1375.0999755859375,1375.5,73263
2025-10-08 04:10:00+00:00,1375.0999755859375,1377.5999755859375,1375.0999755859375,1376.0,53165
2025-10-08 04:15:00+00:00,1374.0,1375.5999755859375,1374.0,1375.0999755859375,57568
2025-10-08 04:20:00+00:00,1375.0,1375.0,1373.0,1374.4000244140625,78214
2025-10-08 04:25:00+00:00,1376.9000244140625,1377.5,1375.0,1375.0,42973
2025-10-08 04:30:00+00:00,1374.9000244140625,1377.5,1374.5999755859375,1377.5,693025
2025-10-08 04:35:00+00:00,1376.4000244140625,1376.4000244140625,1374.300048828125,1374.300048828125,32074
2025-10-08 04:40:00+00:00,1375.0999755859375,1376.4000244140625,1374.199951171875,1376.4000244140625,36878
2025-10-08 04:45:00+00:00,1373.4000244140625,1375.0999755859375,1373.4000244140625,1375.0999755859375,36494
2025-10-08 04:50:00+00:00,1372.199951171875,1373.800048828125,1371.800048828125,1373.4000244140625,29172
2025-10-08 04:55:00+00:00,1374.0999755859375,1374.699951171875,1372.4000244140625,1372.4000244140625,21721
2025-10-08 05:00:00+00:00,1372.699951171875,1374.0999755859375,1372.5999755859375,1373.5999755859375,19309
2025-10-08 05:05:00+00:00,1374.0,1374.300048828125,1372.699951171875,1372.800048828125,18721
2025-10-08 05:10:00+00:00,1374.0999755859375,1375.199951171875,1372.5,1374.0999755859375,139658
2025-10-08 05:15:00+00:00,1374.199951171875,1374.699951171875,1373.0999755859375,1374.300048828125,150313
2025-10-08 05:20:00+00:00,1374.800048828125,1374.9000244140625,1373.199951171875,1374.300048828125,161732
2025-10-08 05:25:00+00:00,1374.5999755859375,1374.9000244140625,1373.4000244140625,1374.800048828125,114918
2025-10-08 05:30:00+00:00,1374.699951171875,1375.300048828125,1374.0,1374.9000244140625,15560
2025-10-08 05:35:00+00:00,1372.5999755859375,1375.0999755859375,1372.300048828125,1374.5999755859375,44321
2025-10-08 05:40:00+00:00,1372.300048828125,1373.4000244140625,1372.0,1372.800048828125,13629
2025-10-08 05:45:00+00:00,1370.5999755859375,1372.4000244140625,1370.300048828125,1372.199951171875,55614
2025-10-08 05:50:00+00:00,1370.4000244140625,1371.0,1370.199951171875,1370.5999755859375,19217
2025-10-08 05:55:00+00:00,1370.5,1372.699951171875,1370.4000244140625,1370.5,234783
2025-10-08 06:00:00+00:00,1369.699951171875,1371.5,1369.199951171875,1370.699951171875,109004
2025-10-08 06:05:00+00:00,1369.5999755859375,1369.699951171875,1368.699951171875,1369.699951171875,17242
2025-10-08 06:10:00+00:00,1368.699951171875,1369.800048828125,1368.699951171875,1369.5999755859375,21079
2025-10-08 06:15:00+00:00,1368.4000244140625,1368.5999755859375,1366.800048828125,1368.199951171875,31138
2025-10-08 06:20:00+00:00,1368.4000244140625,1369.0999755859375,1367.199951171875,1368.300048828125,141286
2025-10-08 06:25:00+00:00,1366.800048828125,1368.199951171875,1365.5999755859375,1368.199951171875,136054
2025-10-08 06:30:00+00:00,1365.699951171875,1367.0999755859375,1365.300048828125,1367.0999755859375,34558
2025-10-08 06:35:00+00:00,1366.4000244140625,1366.5999755859375,1365.0,1365.800048828125,59547
2025-10-08 06:40:00+00:00,1367.0999755859375,1367.300048828125,1366.0999755859375,1366.0999755859375,15573
2025-10-08 06:45:00+00:00,1367.4000244140625,1367.4000244140625,1365.800048828125,1366.699951171875,22561
2025-10-08 06:50:00+00:00,1365.800048828125,1367.5,1365.4000244140625,1367.0999755859375,22436
2025-10-08 06:55:00+00:00,1366.0,1366.699951171875,1364.4000244140625,1365.800048828125,165578
2025-10-08 07:00:00+00:00,1366.5999755859375,1366.5999755859375,1366.0,1366.0,34480
2025-10-08 07:05:00+00:00,1366.5999755859375,1368.0,1366.0999755859375,1366.5999755859375,61510
2025-10-08 07:10:00+00:00,1368.0,1368.5999755859375,1366.5999755859375,1366.5999755859375,39213
2025-10-08 07:15:00+00:00,1369.300048828125,1369.699951171875,1368.0,1368.0,32019
2025-10-08 07:20:00+00:00,1369.5,1369.9000244140625,1368.4000244140625,1369.300048828125,36126
2025-10-08 07:25:00+00:00,1369.0999755859375,1369.800048828125,1368.699951171875,1369.5,34408
2025-10-08 07:30:00+00:00,1370.0,1370.5,1369.0,1369.5,42171
2025-10-08 07:35:00+00:00,1371.800048828125,1371.9000244140625,1369.4000244140625,1370.0,38858
2025-10-08 07:40:00+00:00,1371.0,1372.800048828125,1371.0,1371.800048828125,42602
2025-10-08 07:45:00+00:00,1371.5,1372.699951171875,1369.300048828125,1371.0,115260
2025-10-08 07:50:00+00:00,1371.199951171875,1372.300048828125,1371.0,1371.5,96766
2025-10-08 07:55:00+00:00,1369.5999755859375,1371.9000244140625,1369.4000244140625,1371.199951171875,60621
2025-10-08 08:00:00+00:00,1372.0999755859375,1372.4000244140625,1369.5999755859375,1369.5999755859375,69123
2025-10-08 08:05:00+00:00,1371.9000244140625,1372.800048828125,1371.4000244140625,1372.0999755859375,48693
2025-10-08 08:10:00+00:00,1371.800048828125,1372.199951171875,1369.9000244140625,1371.9000244140625,48918
2025-10-08 08:15:00+00:00,1372.300048828125,1373.300048828125,1371.4000244140625,1371.800048828125,55400
2025-10-08 08:20:00+00:00,1371.300048828125,1373.0,1371.0,1372.0999755859375,37620
2025-10-08 08:25:00+00:00,1371.800048828125,1372.5,1370.699951171875,1371.699951171875,38326
2025-10-08 08:30:00+00:00,1371.800048828125,1372.699951171875,1370.199951171875,1372.0,56194
2025-10-08 08:35:00+00:00,1368.800048828125,1372.5,1368.699951171875,1371.9000244140625,198825
2025-10-08 08:40:00+00:00,1369.5,1370.4000244140625,1367.0999755859375,1368.699951171875,227283
2025-10-08 08:45:00+00:00,1369.300048828125,1369.800048828125,1368.0,1369.5999755859375,39741
2025-10-08 08:50:00+00:00,1369.5,1369.800048828125,1367.5999755859375,1369.4000244140625,98018
2025-10-08 08:55:00+00:00,1368.199951171875,1369.5,1366.5999755859375,1369.5,62452
2025-10-08 09:00:00+00:00,1367.800048828125,1368.800048828125,1367.199951171875,1368.199951171875,33748
2025-10-08 09:05:00+00:00,1367.800048828125,1368.300048828125,1367.300048828125,1367.800048828125,33866
2025-10-08 09:10:00+00:00,1369.0999755859375,1370.0999755859375,1367.4000244140625,1367.800048828125,106009
2025-10-08 09:15:00+00:00,1368.800048828125,1370.0,1368.0,1369.199951171875,81450
2025-10-08 09:20:00+00:00,1370.0999755859375,1370.300048828125,1368.0,1368.800048828125,206195
2025-10-08 09:25:00+00:00,1369.699951171875,1370.199951171875,1369.0,1369.5,49821
2025-10-08 09:30:00+00:00,1369.300048828125,1369.9000244140625,1369.0999755859375,1369.699951171875,125962
2025-10-08 09:35:00+00:00,1370.0,1370.199951171875,1368.699951171875,1369.300048828125,232926
2025-10-08 09:40:00+00:00,1370.199951171875,1370.5999755859375,1369.0999755859375,1370.199951171875,278005
2025-10-08 09:45:00+00:00,1370.5,1370.800048828125,1370.0,1370.4000244140625,118199
2025-10-08 09:50:00+00:00,1369.699951171875,1371.5,1369.699951171875,1370.5,735045
2025-10-08 09:55:00+00:00,1367.0,1371.5999755859375,1367.0,1369.699951171875,194293
2025-10-09 03:45:00+00:00,1368.199951171875,1368.5,1366.199951171875,1367.0999755859375,0
2025-10-09 03:50:00+00:00,1371.9000244140625,1372.0,1368.5999755859375,1368.699951171875,120396
2025-10-09 03:55:00+00:00,1371.699951171875,1372.800048828125,1370.300048828125,1372.199951171875,47762
2025-10-09 04:00:00+00:00,1371.0999755859375,1372.5,1371.0999755859375,1371.800048828125,46451
2025-10-09 04:05:00+00:00,1371.5999755859375,1371.800048828125,1370.5999755859375,1371.0999755859375,42179
2025-10-09 04:10:00+00:00,1370.5,1371.0999755859375,1369.5999755859375,1371.0999755859375,47106
2025-10-09 04:15:00+00:00,1369.800048828125,1371.4000244140625,1369.800048828125,1370.5,48741
2025-10-09 04:20:00+00:00,1369.300048828125,1369.800048828125,1368.0,1369.5999755859375,49270
2025-10-09 04:25:00+00:00,1368.699951171875,1369.800048828125,1368.4000244140625,1369.300048828125,29021
2025-10-09 04:30:00+00:00,1369.300048828125,1369.699951171875,1367.5999755859375,1368.9000244140625,36804
2025-10-09 04:35:00+00:00,1369.300048828125,1370.4000244140625,1368.9000244140625,1369.5,25615
2025-10-09 04:40:00+00:00,1368.5999755859375,1369.300048828125,1367.199951171875,1369.300048828125,34978
2025-10-09 04:45:00+00:00,1367.800048828125,1368.5999755859375,1367.5,1368.5999755859375,60087
2025-10-09 04:50:00+00:00,1369.699951171875,1369.699951171875,1366.699951171875,1367.800048828125,38189
2025-10-09 04:55:00+00:00,1368.699951171875,1370.0999755859375,1368.5999755859375,1369.5,38385
2025-10-09 05:00:00+00:00,1372.199951171875,1372.300048828125,1368.699951171875,1368.699951171875,33221
2025-10-09 05:05:00+00:00,1372.0,1372.5999755859375,1371.4000244140625,1372.300048828125,27297
2025-10-09 05:10:00+00:00,1371.699951171875,1372.4000244140625,1370.800048828125,1371.800048828125,41251
2025-10-09 05:15:00+00:00,1372.199951171875,1372.4000244140625,1371.5999755859375,1371.699951171875,26758
2025-10-09 05:20:00+00:00,1372.0999755859375,1372.199951171875,1370.300048828125,1372.199951171875,47708
2025-10-09 05:25:00+00:00,1374.5,1374.699951171875,1371.699951171875,1372.0,53409
2025-10-09 05:30:00+00:00,1374.5999755859375,1375.199951171875,1373.4000244140625,1374.5999755859375,59649
2025-10-09 05:35:00+00:00,1376.800048828125,1377.0,1374.0,1374.0,38837
2025-10-09 05:40:00+00:00,1376.9000244140625,1377.699951171875,1375.800048828125,1376.9000244140625,67606
2025-10-09 05:45:00+00:00,1377.0,1378.0,1376.5,1377.300048828125,60969
2025-10-09 05:50:00+00:00,1376.4000244140625,1377.5,1376.0,1377.300048828125,74543
2025-10-09 05:55:00+00:00,1376.0,1377.199951171875,1375.199951171875,1376.199951171875,58362
2025-10-09 06:00:00+00:00,1376.9000244140625,1377.0,1375.9000244140625,1376.4000244140625,33036
2025-10-09 06:05:00+00:00,1377.800048828125,1377.9000244140625,1376.800048828125,1377.0,57769
2025-10-09 06:10:00+00:00,1375.4000244140625,1378.0,1374.699951171875,1377.9000244140625,239184
2025-10-09 06:15:00+00:00,1377.0999755859375,1378.5,1375.0999755859375,1375.5999755859375,195215
2025-10-09 06:20:00+00:00,1375.9000244140625,1377.300048828125,1375.9000244140625,1376.699951171875,35641
2025-10-09 06:25:00+00:00,1374.5,1376.0,1374.0,1376.0,43409
2025-10-09 06:30:00+00:00,1374.4000244140625,1376.199951171875,1374.300048828125,1374.300048828125,57185
2025-10-09 06:35:00+00:00,1374.5999755859375,1375.0,1374.0,1374.300048828125,28011
2025-10-09 06:40:00+00:00,1374.9000244140625,1375.699951171875,1374.5999755859375,1374.5999755859375,23532
2025-10-09 06:45:00+00:00,1376.0,1376.4000244140625,1374.9000244140625,1375.0,44305
2025-10-09 06:50:00+00:00,1375.9000244140625,1376.300048828125,1374.800048828125,1376.0,97156
2025-10-09 06:55:00+00:00,1374.5999755859375,1376.0999755859375,1374.5999755859375,1375.9000244140625,20054
2025-10-09 07:00:00+00:00,1374.5999755859375,1375.4000244140625,1373.5999755859375,1374.800048828125,44260
2025-10-09 07:05:00+00:00,1374.0,1375.199951171875,1373.5999755859375,1374.699951171875,98152
2025-10-09 07:10:00+00:00,1374.199951171875,1375.0,1372.5999755859375,1374.0999755859375,158039
2025-10-09 07:15:00+00:00,1375.4000244140625,1375.5,1373.699951171875,1374.199951171875,83200
2025-10-09 07:20:00+00:00,1374.5,1376.4000244140625,1373.9000244140625,1375.699951171875,113152
2025-10-09 07:25:00+00:00,1374.0,1374.9000244140625,1373.5,1374.5999755859375,34216
2025-10-09 07:30:00+00:00,1374.0999755859375,1374.5999755859375,1373.5999755859375,1374.300048828125,37796
2025-10-09 07:35:00+00:00,1373.699951171875,1374.800048828125,1373.5999755859375,1374.199951171875,150083
2025-10-09 07:40:00+00:00,1373.9000244140625,1374.4000244140625,1372.5999755859375,1373.699951171875,139877
2025-10-09 07:45:00+00:00,1376.5999755859375,1376.5999755859375,1373.800048828125,1373.9000244140625,49106
2025-10-09 07:50:00+00:00,1374.800048828125,1376.800048828125,1374.199951171875,1376.0999755859375,108492
2025-10-09 07:55:00+00:00,1377.300048828125,1377.300048828125,1374.800048828125,1375.0999755859375,31527
2025-10-09 08:00:00+00:00,1377.300048828125,1378.0999755859375,1376.9000244140625,1377.300048828125,29029
2025-10-09 08:05:00+00:00,1375.800048828125,1377.699951171875,1375.0,1376.9000244140625,116744
2025-10-09 08:10:00+00:00,1376.9000244140625,1378.5999755859375,1375.699951171875,1375.699951171875,133163
2025-10-09 08:15:00+00:00,1376.4000244140625,1378.0,1376.300048828125,1377.4000244140625,55805
2025-10-09 08:20:00+00:00,1376.0999755859375,1377.0,1374.800048828125,1376.5,116484
2025-10-09 08:25:00+00:00,1377.0,1378.0,1376.0999755859375,1376.0999755859375,136166
2025-10-09 08:30:00+00:00,1377.0999755859375,1377.800048828125,1376.800048828125,1377.0,38896
2025-10-09 08:35:00+00:00,1377.199951171875,1378.0,1376.5,1377.0,101631
2025-10-09 08:40:00+00:00,1375.699951171875,1378.0,1375.5999755859375,1377.5999755859375,86229
2025-10-09 08:45:00+00:00,1375.0,1376.5999755859375,1375.0,1375.800048828125,128777
2025-10-09 08:50:00+00:00,1373.699951171875,1375.5,1373.199951171875,1375.0,47223
2025-10-09 08:55:00+00:00,1373.9000244140625,1374.5,1372.5,1373.9000244140625,161333
2025-10-09 09:00:00+00:00,1372.800048828125,1375.5,1372.800048828125,1374.300048828125,146781
2025-10-09 09:05:00+00:00,1373.9000244140625,1374.800048828125,1372.0999755859375,1372.800048828125,225984
2025-10-09 09:10:00+00:00,1373.5,1375.5,1373.4000244140625,1374.300048828125,120690
2025-10-09 09:15:00+00:00,1371.0999755859375,1373.9000244140625,1370.699951171875,1373.5,259949
2025-10-09 09:20:00+00:00,1374.5999755859375,1375.199951171875,1370.5999755859375,1371.0999755859375,306305
2025-10-09 09:25:00+00:00,1376.0,1376.199951171875,1374.0,1374.300048828125,162171
2025-10-09 09:30:00+00:00,1376.5999755859375,1377.699951171875,1375.5999755859375,1376.0,299792
2025-10-09 09:35:00+00:00,1376.699951171875,1377.199951171875,1373.5999755859375,1376.5999755859375,540335
2025-10-09 09:40:00+00:00,1375.300048828125,1377.699951171875,1375.300048828125,1376.5,397837
2025-10-09 09:45:00+00:00,1376.0999755859375,1376.9000244140625,1375.199951171875,1375.300048828125,266152
2025-10-09 09:50:00+00:00,1376.5,1376.9000244140625,1374.699951171875,1376.0,325752
2025-10-09 09:55:00+00:00,1374.800048828125,1376.699951171875,1373.699951171875,1376.5999755859375,187417
2025-10-10 03:45:00+00:00,1376.4000244140625,1377.5,1371.0999755859375,1372.300048828125,0
2025-10-10 03:50:00+00:00,1377.0999755859375,1378.4000244140625,1376.0,1376.4000244140625,94885
2025-10-10 03:55:00+00:00,1377.9000244140625,1378.699951171875,1376.800048828125,1377.699951171875,587811
2025-10-10 04:00:00+00:00,1377.0999755859375,1378.199951171875,1377.0999755859375,1378.0,46680
2025-10-10 04:05:00+00:00,1377.300048828125,1378.199951171875,1375.5,1377.0,144147
2025-10-10 04:10:00+00:00,1379.0,1379.199951171875,1377.300048828125,1377.4000244140625,38684
2025-10-10 04:15:00+00:00,1380.4000244140625,1381.4000244140625,1379.0999755859375,1379.199951171875,48786
2025-10-10 04:20:00+00:00,1379.199951171875,1380.5999755859375,1379.0999755859375,1380.300048828125,24568
2025-10-10 04:25:00+00:00,1378.0999755859375,1379.5999755859375,1378.0999755859375,1379.199951171875,141312
2025-10-10 04:30:00+00:00,1378.0,1378.9000244140625,1376.699951171875,1378.0999755859375,25112
2025-10-10 04:35:00+00:00,1377.4000244140625,1378.0999755859375,1377.0999755859375,1377.800048828125,38650
2025-10-10 04:40:00+00:00,1378.300048828125,1378.300048828125,1376.9000244140625,1377.5,19592
2025-10-10 04:45:00+00:00,1380.5999755859375,1380.800048828125,1377.699951171875,1378.0,72079
2025-10-10 04:50:00+00:00,1380.5,1381.0,1380.0,1380.699951171875,32606
2025-10-10 04:55:00+00:00,1381.0999755859375,1381.5999755859375,1380.4000244140625,1380.5,30960
2025-10-10 05:00:00+00:00,1382.0,1383.0999755859375,1380.9000244140625,1381.0999755859375,58914
2025-10-10 05:05:00+00:00,1381.0999755859375,1382.5,1381.0999755859375,1382.0,31322
2025-10-10 05:10:00+00:00,1380.4000244140625,1382.0999755859375,1380.0999755859375,1381.199951171875,232765
2025-10-10 05:15:00+00:00,1382.4000244140625,1382.4000244140625,1380.0,1380.199951171875,50341
2025-10-10 05:20:00+00:00,1384.5,1384.9000244140625,1382.300048828125,1382.4000244140625,82768
2025-10-10 05:25:00+00:00,1384.5999755859375,1385.0,1384.0,1384.5,88277
2025-10-10 05:30:00+00:00,1384.199951171875,1384.9000244140625,1383.0,1384.5999755859375,175314
2025-10-10 05:35:00+00:00,1382.4000244140625,1384.699951171875,1382.4000244140625,1384.199951171875,44280
2025-10-10 05:40:00+00:00,1384.0,1384.0999755859375,1382.4000244140625,1382.5999755859375,113856
2025-10-10 05:45:00+00:00,1382.9000244140625,1384.800048828125,1382.699951171875,1384.0999755859375,119017
2025-10-10 05:50:00+00:00,1382.699951171875,1383.199951171875,1382.4000244140625,1382.9000244140625,74841
2025-10-10 05:55:00+00:00,1381.199951171875,1383.0,1380.9000244140625,1382.5,142186
2025-10-10 06:00:00+00:00,1381.5,1381.9000244140625,1379.699951171875,1381.9000244140625,164939
2025-10-10 06:05:00+00:00,1380.5,1382.4000244140625,1380.0999755859375,1381.0,228915
2025-10-10 06:10:00+00:00,1380.4000244140625,1381.0999755859375,1380.0999755859375,1380.800048828125,27567
2025-10-10 06:15:00+00:00,1380.300048828125,1380.699951171875,1379.699951171875,1380.4000244140625,24797
2025-10-10 06:20:00+00:00,1380.699951171875,1381.0,1380.0,1380.5999755859375,34889
2025-10-10 06:25:00+00:00,1379.800048828125,1381.0,1379.5999755859375,1380.9000244140625,38465
2025-10-10 06:30:00+00:00,1380.800048828125,1381.199951171875,1379.9000244140625,1379.9000244140625,90633
2025-10-10 06:35:00+00:00,1379.9000244140625,1381.4000244140625,1379.5,1380.800048828125,25022
2025-10-10 06:40:00+00:00,1379.699951171875,1380.199951171875,1379.699951171875,1379.9000244140625,26891
2025-10-10 06:45:00+00:00,1379.4000244140625,1380.9000244140625,1379.300048828125,1379.800048828125,66196
2025-10-10 06:50:00+00:00,1381.0999755859375,1381.699951171875,1379.300048828125,1379.5999755859375,82331
2025-10-10 06:55:00+00:00,1380.199951171875,1381.800048828125,1379.9000244140625,1381.0,46375
2025-10-10 07:00:00+00:00,1380.0999755859375,1381.0999755859375,1379.699951171875,1380.0999755859375,46429
2025-10-10 07:05:00+00:00,1380.0,1381.0999755859375,1379.800048828125,1380.0999755859375,31384
2025-10-10 07:10:00+00:00,1381.199951171875,1381.5999755859375,1380.0,1380.0,52105
2025-10-10 07:15:00+00:00,1381.5999755859375,1382.5,1380.699951171875,1381.300048828125,93536
2025-10-10 07:20:00+00:00,1382.300048828125,1382.9000244140625,1381.4000244140625,1381.9000244140625,50221
2025-10-10 07:25:00+00:00,1381.300048828125,1383.0,1380.9000244140625,1382.800048828125,105490
2025-10-10 07:30:00+00:00,1381.300048828125,1382.199951171875,1381.0,1381.300048828125,50910
2025-10-10 07:35:00+00:00,1380.800048828125,1382.0,1380.300048828125,1381.0,69201
2025-10-10 07:40:00+00:00,1381.199951171875,1381.5999755859375,1379.5999755859375,1380.699951171875,129844
2025-10-10 07:45:00+00:00,1382.4000244140625,1383.5,1381.0,1381.5,71472
2025-10-10 07:50:00+00:00,1383.5,1384.5,1382.0999755859375,1382.5,160263
2025-10-10 07:55:00+00:00,1382.300048828125,1384.199951171875,1380.699951171875,1383.699951171875,217862
2025-10-10 08:00:00+00:00,1383.9000244140625,1383.9000244140625,1382.4000244140625,1382.4000244140625,63106
2025-10-10 08:05:00+00:00,1384.199951171875,1384.5,1383.0999755859375,1384.0,107118
2025-10-10 08:10:00+00:00,1383.199951171875,1384.4000244140625,1383.0,1384.0,28911
2025-10-10 08:15:00+00:00,1382.0999755859375,1383.9000244140625,1381.5999755859375,1383.0999755859375,38084
2025-10-10 08:20:00+00:00,1382.5,1382.800048828125,1381.5,1381.9000244140625,66014
2025-10-10 08:25:00+00:00,1381.800048828125,1383.300048828125,1381.800048828125,1382.0,69417
2025-10-10 08:30:00+00:00,1384.0,1384.4000244140625,1381.5,1381.9000244140625,63779
2025-10-10 08:35:00+00:00,1383.0999755859375,1384.800048828125,1383.0999755859375,1384.0,133351
2025-10-10 08:40:00+00:00,1382.800048828125,1383.5,1382.199951171875,1383.0999755859375,46801
2025-10-10 08:45:00+00:00,1382.0999755859375,1383.699951171875,1382.0,1382.5,98270
2025-10-10 08:50:00+00:00,1383.0999755859375,1383.699951171875,1382.0999755859375,1382.5,30639
2025-10-10 08:55:00+00:00,1383.800048828125,1384.0,1382.699951171875,1383.0999755859375,64273
2025-10-10 09:00:00+00:00,1382.800048828125,1384.0,1382.4000244140625,1383.199951171875,41429
2025-10-10 09:05:00+00:00,1382.199951171875,1383.0,1382.0,1382.800048828125,53761
2025-10-10 09:10:00+00:00,1381.199951171875,1382.5999755859375,1381.0,1382.0,38573
2025-10-10 09:15:00+00:00,1381.4000244140625,1381.800048828125,1379.699951171875,1381.699951171875,226632
2025-10-10 09:20:00+00:00,1381.5,1381.800048828125,1380.9000244140625,1381.5,71550
2025-10-10 09:25:00+00:00,1382.0,1382.0,1380.699951171875,1381.5,62940
2025-10-10 09:30:00+00:00,1380.4000244140625,1382.0,1380.4000244140625,1381.9000244140625,96495
2025-10-10 09:35:00+00:00,1379.300048828125,1380.9000244140625,1378.9000244140625,1380.9000244140625,140315
2025-10-10 09:40:00+00:00,1380.9000244140625,1381.199951171875,1379.300048828125,1379.300048828125,162926
2025-10-10 09:45:00+00:00,1379.5999755859375,1381.5,1379.5,1380.800048828125,224514
2025-10-10 09:50:00+00:00,1380.5,1381.199951171875,1379.5999755859375,1379.800048828125,419508
2025-10-10 09:55:00+00:00,1380.4000244140625,1381.4000244140625,1379.0,1380.5,153630
2025-10-13 03:45:00+00:00,1383.0999755859375,1386.199951171875,1376.300048828125,1376.699951171875,0
2025-10-13 03:50:00+00:00,1383.5999755859375,1385.4000244140625,1382.300048828125,1383.0999755859375,80623
2025-10-13 03:55:00+00:00,1381.0999755859375,1383.300048828125,1381.0999755859375,1382.9000244140625,40271
2025-10-13 04:00:00+00:00,1376.800048828125,1382.199951171875,1376.4000244140625,1381.0,66443
2025-10-13 04:05:00+00:00,1378.9000244140625,1379.5999755859375,1375.0999755859375,1376.5999755859375,60374
2025-10-13 04:10:00+00:00,1380.0,1380.9000244140625,1379.300048828125,1379.300048828125,37864
2025-10-13 04:15:00+00:00,1380.5999755859375,1381.699951171875,1379.300048828125,1380.0,37102
2025-10-13 04:20:00+00:00,1378.5999755859375,1380.800048828125,1378.199951171875,1380.800048828125,20709
2025-10-13 04:25:00+00:00,1378.300048828125,1379.0,1378.0,1378.5999755859375,17816
2025-10-13 04:30:00+00:00,1377.4000244140625,1378.699951171875,1376.5999755859375,1378.199951171875,22022
2025-10-13 04:35:00+00:00,1378.699951171875,1378.699951171875,1376.5,1377.4000244140625,25042
2025-10-13 04:40:00+00:00,1379.0,1379.199951171875,1378.0999755859375,1378.699951171875,13392
2025-10-13 04:45:00+00:00,1379.5999755859375,1379.800048828125,1378.5999755859375,1379.0,39477
2025-10-13 04:50:00+00:00,1379.0,1379.199951171875,1378.0,1378.9000244140625,22566
2025-10-13 04:55:00+00:00,1381.699951171875,1382.4000244140625,1379.0,1379.0,58215
2025-10-13 05:00:00+00:00,1380.5999755859375,1382.5999755859375,1380.0,1381.800048828125,71027
2025-10-13 05:05:00+00:00,1382.9000244140625,1382.9000244140625,1380.5999755859375,1381.0,28199
2025-10-13 05:10:00+00:00,1380.699951171875,1383.0999755859375,1380.699951171875,1382.5999755859375,63029
2025-10-13 05:15:00+00:00,1380.4000244140625,1381.0999755859375,1380.0,1380.800048828125,23637
2025-10-13 05:20:00+00:00,1381.0,1381.5,1380.199951171875,1380.5,20485
2025-10-13 05:25:00+00:00,1380.0999755859375,1381.4000244140625,1379.0999755859375,1380.699951171875,47676
2025-10-13 05:30:00+00:00,1380.800048828125,1380.800048828125,1379.300048828125,1380.300048828125,24813
2025-10-13 05:35:00+00:00,1380.800048828125,1381.4000244140625,1380.300048828125,1380.800048828125,21177
2025-10-13 05:40:00+00:00,1380.199951171875,1381.5,1379.800048828125,1380.800048828125,119164
2025-10-13 05:45:00+00:00,1378.9000244140625,1380.4000244140625,1378.5,1379.9000244140625,42234
2025-10-13 05:50:00+00:00,1377.800048828125,1379.300048828125,1377.699951171875,1378.9000244140625,64387
2025-10-13 05:55:00+00:00,1378.5999755859375,1378.5999755859375,1377.699951171875,1377.800048828125,64245
2025-10-13 06:00:00+00:00,1378.199951171875,1379.0,1378.0,1378.5,203741
2025-10-13 06:05:00+00:00,1377.800048828125,1379.199951171875,1377.0999755859375,1378.199951171875,73817
2025-10-13 06:10:00+00:00,1378.5999755859375,1379.0,1377.800048828125,1377.9000244140625,49133
2025-10-13 06:15:00+00:00,1379.0,1380.0999755859375,1378.5999755859375,1378.5999755859375,62104
2025-10-13 06:20:00+00:00,1379.199951171875,1379.5,1378.5999755859375,1379.0999755859375,30206
2025-10-13 06:25:00+00:00,1380.5999755859375,1380.5999755859375,1379.199951171875,1379.199951171875,237540
2025-10-13 06:30:00+00:00,1379.5,1381.4000244140625,1378.0,1380.5999755859375,357786
2025-10-13 06:35:00+00:00,1378.699951171875,1379.800048828125,1378.5999755859375,1379.5,28317
2025-10-13 06:40:00+00:00,1379.5,1381.199951171875,1379.0,1379.0,119157
2025-10-13 06:45:00+00:00,1379.800048828125,1379.9000244140625,1378.5,1379.300048828125,134256
2025-10-13 06:50:00+00:00,1379.0999755859375,1379.800048828125,1379.0999755859375,1379.5,26799
2025-10-13 06:55:00+00:00,1380.0999755859375,1380.699951171875,1379.4000244140625,1379.4000244140625,25885
2025-10-13 07:00:00+00:00,1379.300048828125,1380.5,1379.0999755859375,1380.5,40345
2025-10-13 07:05:00+00:00,1379.5999755859375,1380.4000244140625,1378.800048828125,1379.300048828125,137892
2025-10-13 07:10:00+00:00,1380.0999755859375,1380.800048828125,1379.4000244140625,1379.5999755859375,177348
2025-10-13 07:15:00+00:00,1377.300048828125,1380.5,1377.199951171875,1380.0,333971
2025-10-13 07:20:00+00:00,1378.9000244140625,1379.199951171875,1376.699951171875,1377.4000244140625,207662
2025-10-13 07:25:00+00:00,1379.199951171875,1379.800048828125,1378.5,1378.9000244140625,70125
2025-10-13 07:30:00+00:00,1378.300048828125,1379.800048828125,1377.800048828125,1379.4000244140625,204256
2025-10-13 07:35:00+00:00,1378.800048828125,1379.199951171875,1377.5,1378.0999755859375,150285
2025-10-13 07:40:00+00:00,1379.5,1380.0,1378.699951171875,1378.800048828125,220813
2025-10-13 07:45:00+00:00,1377.5,1379.9000244140625,1377.4000244140625,1379.699951171875,164849
2025-10-13 07:50:00+00:00,1376.4000244140625,1378.0,1375.9000244140625,1377.699951171875,361504
2025-10-13 07:55:00+00:00,1377.5,1377.800048828125,1376.0999755859375,1376.4000244140625,81579
2025-10-13 08:00:00+00:00,1377.5,1378.5999755859375,1376.9000244140625,1377.5,166326
2025-10-13 08:05:00+00:00,1377.300048828125,1377.5999755859375,1376.4000244140625,1377.5999755859375,85076
2025-10-13 08:10:00+00:00,1377.300048828125,1377.699951171875,1377.0,1377.199951171875,41221
2025-10-13 08:15:00+00:00,1377.4000244140625,1377.800048828125,1376.300048828125,1377.199951171875,123192
2025-10-13 08:20:00+00:00,1376.699951171875,1377.800048828125,1375.4000244140625,1377.5999755859375,211688
2025-10-13 08:25:00+00:00,1375.800048828125,1377.0999755859375,1375.300048828125,1376.300048828125,194364
2025-10-13 08:30:00+00:00,1377.5999755859375,1377.800048828125,1375.800048828125,1375.800048828125,137371
2025-10-13 08:35:00+00:00,1378.5999755859375,1379.300048828125,1377.5,1377.5,51059
2025-10-13 08:40:00+00:00,1377.800048828125,1379.300048828125,1377.800048828125,1378.5,64962
2025-10-13 08:45:00+00:00,1377.4000244140625,1378.800048828125,1376.9000244140625,1378.199951171875,160309
2025-10-13 08:50:00+00:00,1379.4000244140625,1379.9000244140625,1376.800048828125,1377.5,200991
2025-10-13 08:55:00+00:00,1380.699951171875,1382.0,1379.0,1379.5,241289
2025-10-13 09:00:00+00:00,1381.5,1382.0,1380.699951171875,1380.800048828125,90183
2025-10-13 09:05:00+00:00,1381.4000244140625,1381.9000244140625,1381.0999755859375,1381.300048828125,71003
2025-10-13 09:10:00+00:00,1381.0,1381.5,1379.0,1381.4000244140625,252297
2025-10-13 09:15:00+00:00,1380.0999755859375,1381.5,1379.5999755859375,1381.0,114065
2025-10-13 09:20:00+00:00,1381.699951171875,1381.699951171875,1379.0999755859375,1380.199951171875,338056
2025-10-13 09:25:00+00:00,1381.5999755859375,1382.199951171875,1380.0999755859375,1381.5,237700
2025-10-13 09:30:00+00:00,1378.0,1381.699951171875,1378.0,1381.5999755859375,322279
2025-10-13 09:35:00+00:00,1378.9000244140625,1379.300048828125,1378.0,1378.0,219284
2025-10-13 09:40:00+00:00,1379.699951171875,1379.699951171875,1378.5,1378.699951171875,199527
2025-10-13 09:45:00+00:00,1380.0999755859375,1380.4000244140625,1379.0999755859375,1379.4000244140625,188358
2025-10-13 09:50:00+00:00,1380.0999755859375,1380.699951171875,1379.0999755859375,1379.9000244140625,166204
2025-10-13 09:55:00+00:00,1381.0999755859375,1381.0999755859375,1379.5999755859375,1379.9000244140625,106065
2025-10-14 03:45:00+00:00,1383.9000244140625,1387.0,1382.4000244140625,1384.0,0
2025-10-14 03:50:00+00:00,1387.0999755859375,1387.5,1383.5999755859375,1383.5999755859375,90919
2025-10-14 03:55:00+00:00,1385.5,1387.5,1385.300048828125,1386.5999755859375,88091
2025-10-14 04:00:00+00:00,1384.0999755859375,1385.800048828125,1384.0,1385.5,54879
2025-10-14 04:05:00+00:00,1382.300048828125,1384.4000244140625,1382.0,1384.0999755859375,56781
2025-10-14 04:10:00+00:00,1382.199951171875,1383.5999755859375,1381.0999755859375,1382.199951171875,46597
2025-10-14 04:15:00+00:00,1380.699951171875,1382.5999755859375,1380.300048828125,1382.199951171875,51052
2025-10-14 04:20:00+00:00,1381.300048828125,1381.9000244140625,1380.4000244140625,1380.699951171875,29985
2025-10-14 04:25:00+00:00,1380.9000244140625,1381.5,1380.0,1381.300048828125,47249
2025-10-14 04:30:00+00:00,1379.9000244140625,1382.0,1379.300048828125,1380.5999755859375,42914
2025-10-14 04:35:00+00:00,1379.699951171875,1380.0,1378.300048828125,1379.800048828125,33877
2025-10-14 04:40:00+00:00,1379.199951171875,1379.9000244140625,1379.0,1379.0999755859375,22414
2025-10-14 04:45:00+00:00,1379.0999755859375,1379.9000244140625,1378.5,1379.0999755859375,20355
2025-10-14 04:50:00+00:00,1379.0999755859375,1379.5999755859375,1378.0,1379.0999755859375,28853
2025-10-14 04:55:00+00:00,1381.199951171875,1381.199951171875,1379.199951171875,1379.5,35237
2025-10-14 05:00:00+00:00,1381.5,1381.5999755859375,1380.5,1381.199951171875,25157
2025-10-14 05:05:00+00:00,1382.5999755859375,1382.699951171875,1381.0999755859375,1381.199951171875,138324
2025-10-14 05:10:00+00:00,1381.0,1383.300048828125,1380.0999755859375,1382.199951171875,363445
2025-10-14 05:15:00+00:00,1379.9000244140625,1382.0,1379.5999755859375,1381.0,90306
2025-10-14 05:20:00+00:00,1380.300048828125,1380.300048828125,1379.199951171875,1379.5999755859375,37708
2025-10-14 05:25:00+00:00,1379.5,1381.199951171875,1379.0,1380.4000244140625,207084
2025-10-14 05:30:00+00:00,1378.699951171875,1379.5,1378.300048828125,1379.5,69220
2025-10-14 05:35:00+00:00,1377.5999755859375,1379.4000244140625,1376.5,1378.699951171875,115062
2025-10-14 05:40:00+00:00,1377.0999755859375,1377.800048828125,1376.5,1377.300048828125,112322
2025-10-14 05:45:00+00:00,1376.5,1377.9000244140625,1376.5,1377.199951171875,30898
2025-10-14 05:50:00+00:00,1376.4000244140625,1378.0,1375.9000244140625,1376.5,60832
2025-10-14 05:55:00+00:00,1376.4000244140625,1376.5999755859375,1375.0999755859375,1376.300048828125,116182
2025-10-14 06:00:00+00:00,1376.0,1376.5,1375.699951171875,1375.9000244140625,31375
2025-10-14 06:05:00+00:00,1376.5999755859375,1376.800048828125,1375.5999755859375,1376.0,81671
2025-10-14 06:10:00+00:00,1376.699951171875,1378.0,1376.300048828125,1376.699951171875,80531
2025-10-14 06:15:00+00:00,1377.4000244140625,1378.0,1376.4000244140625,1376.4000244140625,57731
2025-10-14 06:20:00+00:00,1377.9000244140625,1378.0,1376.699951171875,1377.4000244140625,134630
2025-10-14 06:25:00+00:00,1376.9000244140625,1378.9000244140625,1376.4000244140625,1377.9000244140625,111047
2025-10-14 06:30:00+00:00,1378.0,1378.800048828125,1376.699951171875,1376.9000244140625,286584
2025-10-14 06:35:00+00:00,1376.9000244140625,1378.0,1375.800048828125,1377.9000244140625,242354
2025-10-14 06:40:00+00:00,1376.5,1376.9000244140625,1375.800048828125,1376.4000244140625,41248
2025-10-14 06:45:00+00:00,1376.5,1377.0,1375.5,1376.5,50914
2025-10-14 06:50:00+00:00,1378.800048828125,1378.9000244140625,1376.0,1376.5,62850
2025-10-14 06:55:00+00:00,1377.300048828125,1378.9000244140625,1377.300048828125,1378.4000244140625,74025
2025-10-14 07:00:00+00:00,1379.300048828125,1379.5,1377.300048828125,1377.300048828125,77396
2025-10-14 07:05:00+00:00,1378.0999755859375,1380.0,1378.0999755859375,1378.9000244140625,264760
2025-10-14 07:10:00+00:00,1377.199951171875,1379.0,1377.0999755859375,1378.199951171875,323733
2025-10-14 07:15:00+00:00,1378.300048828125,1378.5999755859375,1377.0999755859375,1377.199951171875,48000
2025-10-14 07:20:00+00:00,1378.300048828125,1378.800048828125,1377.9000244140625,1377.9000244140625,73028
2025-10-14 07:25:00+00:00,1378.0999755859375,1379.300048828125,1378.0999755859375,1378.4000244140625,48804
2025-10-14 07:30:00+00:00,1379.0,1379.300048828125,1377.300048828125,1378.300048828125,154926
2025-10-14 07:35:00+00:00,1377.4000244140625,1379.699951171875,1376.699951171875,1378.699951171875,62564
2025-10-14 07:40:00+00:00,1378.0,1378.800048828125,1376.5,1377.0999755859375,283835
2025-10-14 07:45:00+00:00,1377.800048828125,1378.4000244140625,1377.5,1377.5,45535
2025-10-14 07:50:00+00:00,1379.0,1379.0,1377.199951171875,1377.800048828125,30905
2025-10-14 07:55:00+00:00,1379.0,1379.5,1378.5999755859375,1378.699951171875,24298
2025-10-14 08:00:00+00:00,1380.9000244140625,1380.9000244140625,1379.0,1379.0,94323
2025-10-14 08:05:00+00:00,1380.0,1382.0999755859375,1379.199951171875,1380.5999755859375,304122
2025-10-14 08:10:00+00:00,1380.0,1381.300048828125,1379.9000244140625,1379.9000244140625,36904
2025-10-14 08:15:00+00:00,1381.800048828125,1382.300048828125,1378.5999755859375,1380.5,409219
2025-10-14 08:20:00+00:00,1380.4000244140625,1382.0,1380.199951171875,1382.0,137303
2025-10-14 08:25:00+00:00,1382.0,1382.0,1380.199951171875,1380.4000244140625,59518
2025-10-14 08:30:00+00:00,1383.699951171875,1383.699951171875,1381.800048828125,1381.800048828125,92440
2025-10-14 08:35:00+00:00,1382.699951171875,1383.9000244140625,1382.300048828125,1383.5999755859375,90112
2025-10-14 08:40:00+00:00,1384.0999755859375,1384.0999755859375,1381.199951171875,1382.800048828125,318862
2025-10-14 08:45:00+00:00,1382.699951171875,1385.199951171875,1381.699951171875,1384.300048828125,370465
2025-10-14 08:50:00+00:00,1384.800048828125,1384.800048828125,1382.5,1382.5,135483
2025-10-14 08:55:00+00:00,1383.9000244140625,1384.9000244140625,1383.9000244140625,1384.699951171875,102811
2025-10-14 09:00:00+00:00,1384.0,1384.5999755859375,1383.5,1383.9000244140625,74535
2025-10-14 09:05:00+00:00,1383.4000244140625,1385.199951171875,1383.300048828125,1384.0,271060
2025-10-14 09:10:00+00:00,1385.5,1385.9000244140625,1382.5999755859375,1383.5999755859375,325053
2025-10-14 09:15:00+00:00,1384.699951171875,1386.0,1382.5999755859375,1385.4000244140625,306205
2025-10-14 09:20:00+00:00,1384.300048828125,1384.800048828125,1383.699951171875,1384.5999755859375,47960
2025-10-14 09:25:00+00:00,1384.9000244140625,1384.9000244140625,1382.4000244140625,1384.0999755859375,182031
2025-10-14 09:30:00+00:00,1383.5999755859375,1385.300048828125,1383.199951171875,1384.9000244140625,450005
2025-10-14 09:35:00+00:00,1383.4000244140625,1385.199951171875,1383.0,1383.4000244140625,466182
2025-10-14 09:40:00+00:00,1384.9000244140625,1385.0,1382.9000244140625,1383.5999755859375,339782
2025-10-14 09:45:00+00:00,1385.0999755859375,1385.800048828125,1383.5999755859375,1384.699951171875,355144
2025-10-14 09:50:00+00:00,1383.4000244140625,1385.300048828125,1383.0,1385.199951171875,272400
2025-10-14 09:55:00+00:00,1384.0999755859375,1384.800048828125,1382.199951171875,1383.4000244140625,194910
2025-10-15 03:45:00+00:00,1391.4000244140625,1391.4000244140625,1386.5999755859375,1386.5999755859375,0
2025-10-15 03:50:00+00:00,1389.9000244140625,1391.699951171875,1389.9000244140625,1391.5,174315
2025-10-15 03:55:00+00:00,1389.5,1390.0,1388.4000244140625,1390.0,95575
2025-10-15 04:00:00+00:00,1389.300048828125,1391.5,1389.199951171875,1389.5,83662
2025-10-15 04:05:00+00:00,1386.9000244140625,1389.300048828125,1386.800048828125,1389.0999755859375,84368
2025-10-15 04:10:00+00:00,1386.5,1387.5,1385.5,1386.9000244140625,120036
2025-10-15 04:15:00+00:00,1387.5,1387.800048828125,1386.5,1386.5,38654
2025-10-15 04:20:00+00:00,1388.199951171875,1388.5999755859375,1387.0999755859375,1387.5,46860
2025-10-15 04:25:00+00:00,1387.699951171875,1388.9000244140625,1387.5999755859375,1388.199951171875,43364
2025-10-15 04:30:00+00:00,1387.5,1388.4000244140625,1387.0,1387.800048828125,18328
2025-10-15 04:35:00+00:00,1388.5999755859375,1388.5999755859375,1387.4000244140625,1387.4000244140625,29211
2025-10-15 04:40:00+00:00,1389.800048828125,1389.9000244140625,1388.5999755859375,1388.5999755859375,17214
2025-10-15 04:45:00+00:00,1390.199951171875,1390.300048828125,1389.0999755859375,1389.800048828125,41586
2025-10-15 04:50:00+00:00,1390.800048828125,1391.5,1389.5,1390.0999755859375,49135
2025-10-15 04:55:00+00:00,1390.699951171875,1391.4000244140625,1390.199951171875,1390.9000244140625,49002
2025-10-15 05:00:00+00:00,1393.300048828125,1393.5,1390.5,1390.699951171875,124609
2025-10-15 05:05:00+00:00,1393.0999755859375,1394.5,1393.0,1393.5,95089
2025-10-15 05:10:00+00:00,1393.0999755859375,1394.0,1392.800048828125,1393.0999755859375,144472
2025-10-15 05:15:00+00:00,1393.0999755859375,1393.699951171875,1393.0,1393.0,33065
2025-10-15 05:20:00+00:00,1393.4000244140625,1394.0,1393.0,1393.300048828125,98862
2025-10-15 05:25:00+00:00,1393.9000244140625,1393.9000244140625,1392.5999755859375,1393.4000244140625,115371
2025-10-15 05:30:00+00:00,1392.5999755859375,1394.0,1392.300048828125,1393.800048828125,153564
2025-10-15 05:35:00+00:00,1391.0,1392.800048828125,1390.800048828125,1392.699951171875,42379
2025-10-15 05:40:00+00:00,1391.0999755859375,1391.300048828125,1390.5999755859375,1391.0,18701
2025-10-15 05:45:00+00:00,1391.5999755859375,1391.800048828125,1390.9000244140625,1391.199951171875,24791
2025-10-15 05:50:00+00:00,1392.0,1392.0,1391.0,1391.699951171875,32207
2025-10-15 05:55:00+00:00,1392.0999755859375,1392.5999755859375,1391.0999755859375,1391.9000244140625,24373
2025-10-15 06:00:00+00:00,1391.4000244140625,1392.4000244140625,1391.0,1392.0999755859375,24811
2025-10-15 06:05:00+00:00,1390.5999755859375,1391.4000244140625,1389.699951171875,1391.300048828125,32422
2025-10-15 06:10:00+00:00,1389.4000244140625,1390.800048828125,1389.4000244140625,1390.5999755859375,28700
2025-10-15 06:15:00+00:00,1391.5999755859375,1391.5999755859375,1388.800048828125,1389.4000244140625,66397
2025-10-15 06:20:00+00:00,1391.199951171875,1392.300048828125,1390.5999755859375,1391.5999755859375,97923
2025-10-15 06:25:00+00:00,1391.699951171875,1392.9000244140625,1390.9000244140625,1390.9000244140625,84644
2025-10-15 06:30:00+00:00,1390.0,1391.699951171875,1390.0,1391.5999755859375,67932
2025-10-15 06:35:00+00:00,1391.300048828125,1391.9000244140625,1389.5999755859375,1389.9000244140625,141865
2025-10-15 06:40:00+00:00,1389.300048828125,1391.199951171875,1389.0999755859375,1391.199951171875,93153
2025-10-15 06:45:00+00:00,1389.800048828125,1391.199951171875,1388.699951171875,1389.699951171875,103728
2025-10-15 06:50:00+00:00,1389.800048828125,1390.4000244140625,1388.5999755859375,1389.699951171875,159865
2025-10-15 06:55:00+00:00,1392.300048828125,1392.4000244140625,1389.699951171875,1389.800048828125,217365
2025-10-15 07:00:00+00:00,1392.0999755859375,1392.4000244140625,1391.0,1392.199951171875,58107
2025-10-15 07:05:00+00:00,1393.0,1393.199951171875,1392.0,1392.0999755859375,153601
2025-10-15 07:10:00+00:00,1394.0,1394.199951171875,1393.0,1393.0,103517
2025-10-15 07:15:00+00:00,1393.5,1394.0999755859375,1392.699951171875,1394.0,155482
2025-10-15 07:20:00+00:00,1395.800048828125,1395.9000244140625,1393.5,1393.5,143298
2025-10-15 07:25:00+00:00,1396.300048828125,1396.300048828125,1395.5,1395.800048828125,72820
2025-10-15 07:30:00+00:00,1395.9000244140625,1396.9000244140625,1395.5999755859375,1396.300048828125,82717
2025-10-15 07:35:00+00:00,1397.0,1397.4000244140625,1395.800048828125,1395.800048828125,66003
2025-10-15 07:40:00+00:00,1396.0999755859375,1397.199951171875,1396.0999755859375,1397.0,44967
2025-10-15 07:45:00+00:00,1396.4000244140625,1396.5999755859375,1396.0999755859375,1396.0999755859375,34416
2025-10-15 07:50:00+00:00,1396.800048828125,1397.800048828125,1396.199951171875,1396.4000244140625,85764
2025-10-15 07:55:00+00:00,1398.0,1399.0999755859375,1396.5999755859375,1396.9000244140625,236124
2025-10-15 08:00:00+00:00,1398.800048828125,1399.0999755859375,1398.0,1398.0999755859375,54335
2025-10-15 08:05:00+00:00,1399.199951171875,1399.5,1398.5999755859375,1398.9000244140625,87387
2025-10-15 08:10:00+00:00,1399.5,1399.699951171875,1398.5,1399.0999755859375,89029
2025-10-15 08:15:00+00:00,1398.4000244140625,1399.9000244140625,1398.4000244140625,1399.4000244140625,86438
2025-10-15 08:20:00+00:00,1398.199951171875,1400.0,1398.0999755859375,1398.4000244140625,108901
2025-10-15 08:25:00+00:00,1398.4000244140625,1399.0,1397.9000244140625,1398.300048828125,73767
2025-10-15 08:30:00+00:00,1397.800048828125,1398.800048828125,1397.0999755859375,1398.4000244140625,77793
2025-10-15 08:35:00+00:00,1397.800048828125,1398.9000244140625,1396.9000244140625,1397.699951171875,171673
2025-10-15 08:40:00+00:00,1398.5999755859375,1399.199951171875,1397.800048828125,1397.9000244140625,120769
2025-10-15 08:45:00+00:00,1398.4000244140625,1399.5,1397.0999755859375,1398.5999755859375,210437
2025-10-15 08:50:00+00:00,1398.0999755859375,1399.699951171875,1397.800048828125,1398.5999755859375,170450
2025-10-15 08:55:00+00:00,1398.9000244140625,1399.0,1397.9000244140625,1398.0999755859375,48554
2025-10-15 09:00:00+00:00,1398.9000244140625,1399.4000244140625,1397.199951171875,1399.0,173838
2025-10-15 09:05:00+00:00,1397.300048828125,1399.300048828125,1397.199951171875,1398.9000244140625,230611
2025-10-15 09:10:00+00:00,1397.5,1398.0,1396.9000244140625,1397.300048828125,127961
2025-10-15 09:15:00+00:00,1395.5,1397.9000244140625,1395.0,1397.5,155430
2025-10-15 09:20:00+00:00,1395.800048828125,1396.5,1394.800048828125,1395.5999755859375,238243
2025-10-15 09:25:00+00:00,1395.300048828125,1396.199951171875,1395.300048828125,1395.699951171875,102547
2025-10-15 09:30:00+00:00,1397.800048828125,1397.800048828125,1395.4000244140625,1395.4000244140625,361582
2025-10-15 09:35:00+00:00,1397.5999755859375,1397.800048828125,1396.4000244140625,1397.699951171875,271126
2025-10-15 09:40:00+00:00,1398.699951171875,1398.9000244140625,1397.4000244140625,1397.699951171875,292127
2025-10-15 09:45:00+00:00,1398.800048828125,1399.5,1398.4000244140625,1398.800048828125,379049
2025-10-15 09:50:00+00:00,1399.4000244140625,1399.699951171875,1398.699951171875,1398.800048828125,341388
2025-10-15 09:55:00+00:00,1398.4000244140625,1400.300048828125,1397.199951171875,1399.4000244140625,325338
2025-10-16 03:45:00+00:00,1403.800048828125,1410.0,1403.4000244140625,1406.699951171875,0
2025-10-16 03:50:00+00:00,1401.9000244140625,1403.5999755859375,1400.199951171875,1403.0,346824
2025-10-16 03:55:00+00:00,1401.5999755859375,1403.0999755859375,1399.5,1401.699951171875,113034
2025-10-16 04:00:00+00:00,1403.5,1403.699951171875,1400.5999755859375,1401.699951171875,214372
2025-10-16 04:05:00+00:00,1402.699951171875,1404.5,1402.5,1403.5999755859375,179879
2025-10-16 04:10:00+00:00,1402.199951171875,1402.800048828125,1400.5,1402.699951171875,95885
2025-10-16 04:15:00+00:00,1402.699951171875,1403.300048828125,1402.0,1402.0,78328
2025-10-16 04:20:00+00:00,1402.5,1402.699951171875,1400.699951171875,1402.699951171875,57549
2025-10-16 04:25:00+00:00,1403.4000244140625,1403.4000244140625,1402.0,1402.5999755859375,46783
2025-10-16 04:30:00+00:00,1404.300048828125,1405.5,1402.699951171875,1403.0999755859375,84221
2025-10-16 04:35:00+00:00,1402.0999755859375,1404.4000244140625,1402.0999755859375,1404.300048828125,48739
2025-10-16 04:40:00+00:00,1402.5999755859375,1402.800048828125,1402.0,1402.199951171875,38952
2025-10-16 04:45:00+00:00,1405.0999755859375,1405.699951171875,1402.5,1402.5,267139
2025-10-16 04:50:00+00:00,1406.0,1406.699951171875,1405.0,1405.0,119159
2025-10-16 04:55:00+00:00,1405.4000244140625,1406.5,1405.4000244140625,1405.699951171875,51780
2025-10-16 05:00:00+00:00,1406.4000244140625,1407.0,1405.4000244140625,1405.4000244140625,38791
2025-10-16 05:05:00+00:00,1406.699951171875,1406.9000244140625,1406.199951171875,1406.5999755859375,25773
2025-10-16 05:10:00+00:00,1407.0999755859375,1407.199951171875,1406.0,1406.5999755859375,50464
2025-10-16 05:15:00+00:00,1407.199951171875,1407.800048828125,1407.0999755859375,1407.199951171875,42643
2025-10-16 05:20:00+00:00,1406.9000244140625,1407.300048828125,1406.699951171875,1407.300048828125,46457
2025-10-16 05:25:00+00:00,1407.0,1407.0,1406.0999755859375,1406.9000244140625,12779
2025-10-16 05:30:00+00:00,1406.300048828125,1407.0,1406.300048828125,1407.0,32677
2025-10-16 05:35:00+00:00,1405.9000244140625,1406.9000244140625,1405.800048828125,1406.699951171875,23398
2025-10-16 05:40:00+00:00,1405.199951171875,1406.199951171875,1405.0,1405.9000244140625,41285
2025-10-16 05:45:00+00:00,1404.9000244140625,1405.300048828125,1404.699951171875,1405.0,23213
2025-10-16 05:50:00+00:00,1405.0,1405.0,1404.699951171875,1404.9000244140625,27210
2025-10-16 05:55:00+00:00,1405.5999755859375,1406.0999755859375,1404.9000244140625,1405.0,58075
2025-10-16 06:00:00+00:00,1405.0999755859375,1406.699951171875,1404.9000244140625,1405.5,41546
2025-10-16 06:05:00+00:00,1405.4000244140625,1405.699951171875,1405.0,1405.0,24334
2025-10-16 06:10:00+00:00,1405.5999755859375,1405.800048828125,1405.0,1405.0,26970
2025-10-16 06:15:00+00:00,1405.9000244140625,1406.5,1405.4000244140625,1405.5999755859375,22015
2025-10-16 06:20:00+00:00,1405.699951171875,1406.0999755859375,1405.300048828125,1405.9000244140625,27948
2025-10-16 06:25:00+00:00,1405.199951171875,1405.9000244140625,1404.9000244140625,1405.699951171875,76406
2025-10-16 06:30:00+00:00,1406.9000244140625,1407.5,1405.0999755859375,1405.199951171875,128857
2025-10-16 06:35:00+00:00,1407.199951171875,1407.5,1406.4000244140625,1406.800048828125,66476
2025-10-16 06:40:00+00:00,1408.5,1408.9000244140625,1407.0999755859375,1407.0999755859375,94983
2025-10-16 06:45:00+00:00,1410.5,1410.9000244140625,1408.800048828125,1408.800048828125,145913
2025-10-16 06:50:00+00:00,1411.699951171875,1411.800048828125,1410.4000244140625,1410.5,104551
2025-10-16 06:55:00+00:00,1412.0,1412.800048828125,1411.699951171875,1411.9000244140625,106625
2025-10-16 07:00:00+00:00,1413.699951171875,1414.0,1411.9000244140625,1412.199951171875,103130
2025-10-16 07:05:00+00:00,1413.699951171875,1413.800048828125,1412.9000244140625,1413.800048828125,89304
2025-10-16 07:10:00+00:00,1413.9000244140625,1415.0,1413.5999755859375,1413.699951171875,118692
2025-10-16 07:15:00+00:00,1412.9000244140625,1414.0,1412.0999755859375,1413.9000244140625,129782
2025-10-16 07:20:00+00:00,1414.4000244140625,1415.0,1412.9000244140625,1412.9000244140625,160054
2025-10-16 07:25:00+00:00,1413.0,1414.5,1412.4000244140625,1414.4000244140625,143956
2025-10-16 07:30:00+00:00,1413.199951171875,1414.199951171875,1412.199951171875,1413.0,223054
2025-10-16 07:35:00+00:00,1414.5999755859375,1414.699951171875,1412.199951171875,1413.199951171875,182164
2025-10-16 07:40:00+00:00,1415.5999755859375,1415.699951171875,1413.800048828125,1414.5999755859375,207686
2025-10-16 07:45:00+00:00,1414.199951171875,1416.0999755859375,1414.199951171875,1415.5999755859375,163395
2025-10-16 07:50:00+00:00,1416.0999755859375,1416.9000244140625,1414.199951171875,1414.5,293302
2025-10-16 07:55:00+00:00,1417.300048828125,1417.800048828125,1415.9000244140625,1416.0999755859375,163221
2025-10-16 08:00:00+00:00,1416.5999755859375,1417.699951171875,1416.0999755859375,1417.300048828125,123443
2025-10-16 08:05:00+00:00,1414.9000244140625,1416.800048828125,1414.800048828125,1416.5999755859375,94047
2025-10-16 08:10:00+00:00,1415.199951171875,1415.5999755859375,1414.0999755859375,1414.699951171875,178077
2025-10-16 08:15:00+00:00,1414.300048828125,1415.699951171875,1414.0999755859375,1414.9000244140625,100514
2025-10-16 08:20:00+00:00,1414.0999755859375,1415.4000244140625,1413.800048828125,1414.300048828125,251271
2025-10-16 08:25:00+00:00,1414.5999755859375,1414.9000244140625,1413.5,1414.0999755859375,175377
2025-10-16 08:30:00+00:00,1416.9000244140625,1416.9000244140625,1414.4000244140625,1414.5999755859375,229798
2025-10-16 08:35:00+00:00,1417.5,1417.800048828125,1416.0999755859375,1416.800048828125,191916
2025-10-16 08:40:00+00:00,1415.800048828125,1417.699951171875,1415.5,1417.199951171875,193790
2025-10-16 08:45:00+00:00,1416.4000244140625,1417.0,1415.4000244140625,1415.800048828125,109540
2025-10-16 08:50:00+00:00,1418.699951171875,1418.699951171875,1416.0,1416.5999755859375,257404
2025-10-16 08:55:00+00:00,1417.0999755859375,1418.699951171875,1417.0999755859375,1418.5999755859375,185946
2025-10-16 09:00:00+00:00,1417.699951171875,1418.5999755859375,1416.5,1417.5,175220
2025-10-16 09:05:00+00:00,1418.5,1418.9000244140625,1416.800048828125,1417.300048828125,265428
2025-10-16 09:10:00+00:00,1418.4000244140625,1418.9000244140625,1416.699951171875,1418.199951171875,229864
2025-10-16 09:15:00+00:00,1417.5999755859375,1418.699951171875,1416.0999755859375,1418.4000244140625,367753
2025-10-16 09:20:00+00:00,1417.5999755859375,1418.0,1416.5999755859375,1417.5999755859375,305820
2025-10-16 09:25:00+00:00,1416.800048828125,1418.0,1415.9000244140625,1417.4000244140625,349664
2025-10-16 09:30:00+00:00,1417.5999755859375,1418.300048828125,1416.300048828125,1416.800048828125,641700
2025-10-16 09:35:00+00:00,1417.0,1417.699951171875,1415.9000244140625,1417.5999755859375,553432
2025-10-16 09:40:00+00:00,1417.300048828125,1417.300048828125,1415.5,1416.4000244140625,337349
2025-10-16 09:45:00+00:00,1418.0,1418.199951171875,1416.800048828125,1416.800048828125,415720
2025-10-16 09:50:00+00:00,1417.800048828125,1418.4000244140625,1416.800048828125,1418.0,386884
2025-10-16 09:55:00+00:00,1417.300048828125,1418.0999755859375,1417.0,1417.5999755859375,268160
2025-10-17 03:45:00+00:00,1414.9000244140625,1416.300048828125,1413.0,1413.0,0
2025-10-17 03:50:00+00:00,1414.199951171875,1414.699951171875,1412.5,1414.5999755859375,210710
2025-10-17 03:55:00+00:00,1419.199951171875,1419.300048828125,1414.0,1414.0999755859375,246132
2025-10-17 04:00:00+00:00,1423.4000244140625,1423.800048828125,1418.699951171875,1419.199951171875,409130
2025-10-17 04:05:00+00:00,1420.9000244140625,1424.4000244140625,1420.5999755859375,1423.4000244140625,235380
2025-10-17 04:10:00+00:00,1420.300048828125,1421.4000244140625,1419.199951171875,1420.9000244140625,120139
2025-10-17 04:15:00+00:00,1417.0,1421.199951171875,1417.0,1420.199951171875,119418
2025-10-17 04:20:00+00:00,1418.800048828125,1419.0999755859375,1416.0,1417.0,93818
2025-10-17 04:25:00+00:00,1420.0999755859375,1421.0,1418.300048828125,1418.800048828125,90832
2025-10-17 04:30:00+00:00,1421.300048828125,1421.4000244140625,1419.5999755859375,1420.0999755859375,69180
2025-10-17 04:35:00+00:00,1422.9000244140625,1423.0,1420.5999755859375,1421.300048828125,134391
2025-10-17 04:40:00+00:00,1424.0999755859375,1424.9000244140625,1422.199951171875,1422.5,182202
2025-10-17 04:45:00+00:00,1425.0999755859375,1425.699951171875,1423.9000244140625,1424.300048828125,134164
2025-10-17 04:50:00+00:00,1425.300048828125,1426.5,1424.800048828125,1425.0999755859375,242598
2025-10-17 04:55:00+00:00,1425.199951171875,1425.699951171875,1424.800048828125,1425.300048828125,52235
2025-10-17 05:00:00+00:00,1427.0,1427.4000244140625,1425.199951171875,1425.199951171875,104674
2025-10-17 05:05:00+00:00,1428.0,1428.5,1427.0999755859375,1427.5999755859375,142417
2025-10-17 05:10:00+00:00,1427.699951171875,1428.4000244140625,1427.0,1427.9000244140625,124293
2025-10-17 05:15:00+00:00,1426.5,1428.0999755859375,1425.5999755859375,1427.5,104674
2025-10-17 05:20:00+00:00,1428.5999755859375,1428.800048828125,1426.0,1426.300048828125,137505
2025-10-17 05:25:00+00:00,1428.800048828125,1429.5,1427.5999755859375,1428.5999755859375,176629
2025-10-17 05:30:00+00:00,1427.5,1430.0,1427.0999755859375,1428.4000244140625,115830
2025-10-17 05:35:00+00:00,1427.4000244140625,1428.199951171875,1426.5,1427.5999755859375,89031
2025-10-17 05:40:00+00:00,1427.4000244140625,1428.0,1427.300048828125,1427.4000244140625,123612
2025-10-17 05:45:00+00:00,1427.800048828125,1428.800048828125,1427.4000244140625,1427.4000244140625,66994
2025-10-17 05:50:00+00:00,1427.699951171875,1428.4000244140625,1427.699951171875,1427.699951171875,81166
2025-10-17 05:55:00+00:00,1428.9000244140625,1429.300048828125,1427.5999755859375,1427.9000244140625,110445
2025-10-17 06:00:00+00:00,1428.4000244140625,1430.5999755859375,1428.199951171875,1428.9000244140625,307066
2025-10-17 06:05:00+00:00,1429.5999755859375,1430.699951171875,1428.5,1428.5,232939
2025-10-17 06:10:00+00:00,1430.0,1430.5,1428.5999755859375,1429.5999755859375,242308
2025-10-17 06:15:00+00:00,1428.699951171875,1430.0999755859375,1427.4000244140625,1430.0999755859375,118874
2025-10-17 06:20:00+00:00,1429.5999755859375,1429.5999755859375,1426.0999755859375,1428.5,448887
2025-10-17 06:25:00+00:00,1428.5,1429.9000244140625,1428.0,1429.4000244140625,300517
2025-10-17 06:30:00+00:00,1429.5999755859375,1430.0999755859375,1428.300048828125,1428.800048828125,94820
2025-10-17 06:35:00+00:00,1430.0,1430.300048828125,1429.0,1429.699951171875,203840
2025-10-17 06:40:00+00:00,1430.4000244140625,1431.0,1429.300048828125,1430.300048828125,246030
2025-10-17 06:45:00+00:00,1429.800048828125,1430.800048828125,1427.699951171875,1430.199951171875,352629
2025-10-17 06:50:00+00:00,1428.300048828125,1430.800048828125,1427.800048828125,1429.800048828125,300371
2025-10-17 06:55:00+00:00,1429.199951171875,1429.4000244140625,1427.9000244140625,1428.4000244140625,106211
2025-10-17 07:00:00+00:00,1429.0,1429.699951171875,1428.0999755859375,1429.0999755859375,128353
2025-10-17 07:05:00+00:00,1427.699951171875,1429.0999755859375,1427.5,1429.0999755859375,96598
2025-10-17 07:10:00+00:00,1427.5999755859375,1428.9000244140625,1427.0,1427.699951171875,175572
2025-10-17 07:15:00+00:00,1425.5,1428.5,1423.4000244140625,1427.0999755859375,375140
2025-10-17 07:20:00+00:00,1423.4000244140625,1425.800048828125,1422.4000244140625,1425.5,258473
2025-10-17 07:25:00+00:00,1423.5999755859375,1424.4000244140625,1422.199951171875,1423.0999755859375,126501
2025-10-17 07:30:00+00:00,1423.0,1425.300048828125,1422.5999755859375,1423.9000244140625,197023
2025-10-17 07:35:00+00:00,1423.4000244140625,1424.0,1422.199951171875,1423.0999755859375,132747
2025-10-17 07:40:00+00:00,1424.300048828125,1425.5,1422.5999755859375,1423.300048828125,752536
2025-10-17 07:45:00+00:00,1424.699951171875,1425.5,1423.9000244140625,1424.5999755859375,226816
2025-10-17 07:50:00+00:00,1425.5999755859375,1426.5,1424.199951171875,1424.800048828125,114448
2025-10-17 07:55:00+00:00,1424.5,1426.699951171875,1424.4000244140625,1425.199951171875,252875
2025-10-17 08:00:00+00:00,1424.800048828125,1425.5,1423.5,1424.300048828125,278862
2025-10-17 08:05:00+00:00,1422.300048828125,1424.800048828125,1421.800048828125,1424.800048828125,217402
2025-10-17 08:10:00+00:00,1425.5,1425.5999755859375,1422.0999755859375,1422.4000244140625,412737
2025-10-17 08:15:00+00:00,1422.800048828125,1425.800048828125,1422.300048828125,1425.5,221916
2025-10-17 08:20:00+00:00,1421.4000244140625,1423.199951171875,1420.0999755859375,1423.0,215655
2025-10-17 08:25:00+00:00,1423.699951171875,1423.800048828125,1421.0,1421.0999755859375,228658
2025-10-17 08:30:00+00:00,1423.699951171875,1424.5,1422.5999755859375,1423.9000244140625,122830
2025-10-17 08:35:00+00:00,1424.0,1424.5,1422.5999755859375,1423.699951171875,97753
2025-10-17 08:40:00+00:00,1424.5,1427.4000244140625,1423.9000244140625,1424.0,384698
2025-10-17 08:45:00+00:00,1427.0,1427.4000244140625,1422.199951171875,1424.5,164742
2025-10-17 08:50:00+00:00,1429.5999755859375,1429.800048828125,1426.9000244140625,1427.0,359703
2025-10-17 08:55:00+00:00,1425.0999755859375,1430.5,1425.0999755859375,1429.5999755859375,505704
2025-10-17 09:00:00+00:00,1430.199951171875,1430.9000244140625,1424.300048828125,1425.199951171875,211723
2025-10-17 09:05:00+00:00,1432.4000244140625,1432.5999755859375,1430.0,1430.199951171875,299902
2025-10-17 09:10:00+00:00,1435.800048828125,1436.199951171875,1432.4000244140625,1432.4000244140625,327427
2025-10-17 09:15:00+00:00,1437.300048828125,1438.5999755859375,1435.800048828125,1435.800048828125,541726
2025-10-17 09:20:00+00:00,1437.800048828125,1439.5999755859375,1437.0999755859375,1437.4000244140625,666069
2025-10-17 09:25:00+00:00,1437.199951171875,1437.9000244140625,1435.9000244140625,1437.800048828125,283427
2025-10-17 09:30:00+00:00,1436.800048828125,1437.699951171875,1435.0999755859375,1437.0,262292
2025-10-17 09:35:00+00:00,1437.0999755859375,1438.5,1436.699951171875,1436.800048828125,251403
2025-10-17 09:40:00+00:00,1436.4000244140625,1436.9000244140625,1435.5999755859375,1436.5,292850
2025-10-17 09:45:00+00:00,1436.4000244140625,1437.4000244140625,1435.800048828125,1436.4000244140625,272141
2025-10-17 09:50:00+00:00,1435.5,1437.0999755859375,1435.0,1436.4000244140625,301373
2025-10-17 09:55:00+00:00,1437.0999755859375,1438.800048828125,1435.0,1435.5,227784
2025-10-20 03:45:00+00:00,1410.199951171875,1434.800048828125,1400.0,1434.800048828125,0
2025-10-20 03:50:00+00:00,1403.800048828125,1410.9000244140625,1402.0999755859375,1410.0,343770
2025-10-20 03:55:00+00:00,1408.0,1408.0,1402.199951171875,1403.699951171875,884843
2025-10-20 04:00:00+00:00,1412.0,1412.300048828125,1406.5,1408.199951171875,821797
2025-10-20 04:05:00+00:00,1411.5,1415.199951171875,1411.5,1412.0999755859375,1200416
2025-10-20 04:10:00+00:00,1410.9000244140625,1412.4000244140625,1410.0,1411.800048828125,270000
2025-10-20 04:15:00+00:00,1409.0,1411.5,1407.0,1410.9000244140625,303451
2025-10-20 04:20:00+00:00,1404.9000244140625,1408.9000244140625,1403.199951171875,1408.9000244140625,499731
2025-10-20 04:25:00+00:00,1405.300048828125,1406.0,1403.5,1405.0,183827
2025-10-20 04:30:00+00:00,1406.0,1407.0,1404.5999755859375,1405.199951171875,127129
2025-10-20 04:35:00+00:00,1406.300048828125,1407.0,1406.0,1406.0,100317
2025-10-20 04:40:00+00:00,1407.4000244140625,1407.5,1405.9000244140625,1406.4000244140625,97032
2025-10-20 04:45:00+00:00,1405.9000244140625,1407.300048828125,1405.5999755859375,1407.199951171875,201653
2025-10-20 04:50:00+00:00,1406.5999755859375,1406.5999755859375,1404.5999755859375,1406.0,374895
2025-10-20 04:55:00+00:00,1405.800048828125,1407.0,1404.9000244140625,1406.5999755859375,101100
2025-10-20 05:00:00+00:00,1406.0,1406.0999755859375,1404.300048828125,1405.800048828125,113037
2025-10-20 05:05:00+00:00,1406.5,1407.199951171875,1405.699951171875,1406.0,87237
2025-10-20 05:10:00+00:00,1407.5999755859375,1408.199951171875,1405.800048828125,1406.4000244140625,194164
2025-10-20 05:15:00+00:00,1408.199951171875,1409.800048828125,1407.5999755859375,1407.800048828125,194856
2025-10-20 05:20:00+00:00,1405.5999755859375,1408.4000244140625,1405.300048828125,1408.199951171875,174812
2025-10-20 05:25:00+00:00,1404.800048828125,1405.699951171875,1403.699951171875,1405.5999755859375,281923
2025-10-20 05:30:00+00:00,1404.0,1405.300048828125,1403.5999755859375,1404.800048828125,385594
2025-10-20 05:35:00+00:00,1401.5999755859375,1404.5999755859375,1401.199951171875,1404.0999755859375,144875
2025-10-20 05:40:00+00:00,1401.800048828125,1402.9000244140625,1401.5,1401.699951171875,129127
2025-10-20 05:45:00+00:00,1402.5999755859375,1403.0999755859375,1401.800048828125,1401.800048828125,153991
2025-10-20 05:50:00+00:00,1403.0,1403.9000244140625,1402.300048828125,1402.5999755859375,256271
2025-10-20 05:55:00+00:00,1402.699951171875,1403.4000244140625,1402.199951171875,1403.0,94797
2025-10-20 06:00:00+00:00,1401.800048828125,1403.4000244140625,1401.300048828125,1402.699951171875,182806
2025-10-20 06:05:00+00:00,1402.4000244140625,1402.9000244140625,1401.699951171875,1402.0,51329
2025-10-20 06:10:00+00:00,1403.4000244140625,1404.0,1402.0,1402.0999755859375,117081
2025-10-20 06:15:00+00:00,1403.9000244140625,1403.9000244140625,1402.800048828125,1403.0,50473
2025-10-20 06:20:00+00:00,1402.5999755859375,1403.800048828125,1402.199951171875,1403.5,120426
2025-10-20 06:25:00+00:00,1403.0999755859375,1403.5,1402.300048828125,1403.0,111813
2025-10-20 06:30:00+00:00,1403.5999755859375,1404.0999755859375,1402.800048828125,1403.0,172340
2025-10-20 06:35:00+00:00,1403.5999755859375,1404.0999755859375,1403.0,1403.800048828125,86949
2025-10-20 06:40:00+00:00,1404.0,1404.4000244140625,1403.5,1403.5999755859375,86830
2025-10-20 06:45:00+00:00,1404.5,1405.0,1403.699951171875,1404.0,183782
2025-10-20 06:50:00+00:00,1404.0,1405.0,1403.9000244140625,1404.4000244140625,156931
2025-10-20 06:55:00+00:00,1404.0,1404.699951171875,1403.4000244140625,1404.0,212233
2025-10-20 07:00:00+00:00,1404.300048828125,1404.4000244140625,1403.4000244140625,1404.0,108934
2025-10-20 07:05:00+00:00,1402.699951171875,1404.9000244140625,1402.5,1403.800048828125,369096
2025-10-20 07:10:00+00:00,1402.4000244140625,1403.300048828125,1402.0,1402.800048828125,167406
2025-10-20 07:15:00+00:00,1401.5999755859375,1402.5999755859375,1400.800048828125,1402.300048828125,736191
2025-10-20 07:20:00+00:00,1401.5999755859375,1402.199951171875,1401.300048828125,1402.0999755859375,130902
2025-10-20 07:25:00+00:00,1399.4000244140625,1401.699951171875,1398.699951171875,1401.699951171875,313485
2025-10-20 07:30:00+00:00,1400.0999755859375,1400.800048828125,1399.199951171875,1399.5,284899
2025-10-20 07:35:00+00:00,1400.0,1400.5999755859375,1399.699951171875,1400.300048828125,204616
2025-10-20 07:40:00+00:00,1400.0,1400.5999755859375,1399.800048828125,1399.9000244140625,93368
2025-10-20 07:45:00+00:00,1401.0999755859375,1401.0999755859375,1399.9000244140625,1400.0999755859375,78370
2025-10-20 07:50:00+00:00,1400.800048828125,1401.4000244140625,1400.0,1401.199951171875,122956
2025-10-20 07:55:00+00:00,1401.0999755859375,1401.300048828125,1400.0999755859375,1400.5999755859375,146153
2025-10-20 08:00:00+00:00,1401.0,1401.5999755859375,1400.4000244140625,1400.699951171875,209134
2025-10-20 08:05:00+00:00,1401.5,1401.5999755859375,1400.300048828125,1400.699951171875,74075
2025-10-20 08:10:00+00:00,1401.5999755859375,1401.800048828125,1401.0,1401.4000244140625,92796
2025-10-20 08:15:00+00:00,1400.5999755859375,1402.4000244140625,1400.5999755859375,1401.0999755859375,119603
2025-10-20 08:20:00+00:00,1400.5999755859375,1401.300048828125,1400.0,1400.699951171875,225851
2025-10-20 08:25:00+00:00,1400.4000244140625,1401.0,1400.0999755859375,1400.699951171875,60195
2025-10-20 08:30:00+00:00,1401.199951171875,1401.300048828125,1400.0999755859375,1400.4000244140625,154204
2025-10-20 08:35:00+00:00,1399.9000244140625,1401.300048828125,1399.9000244140625,1401.300048828125,153183
2025-10-20 08:40:00+00:00,1400.9000244140625,1400.9000244140625,1399.0999755859375,1399.699951171875,98450
2025-10-20 08:45:00+00:00,1398.800048828125,1401.5,1398.699951171875,1400.9000244140625,273443
2025-10-20 08:50:00+00:00,1398.5,1399.9000244140625,1398.0999755859375,1398.800048828125,302224
2025-10-20 08:55:00+00:00,1396.800048828125,1399.0,1396.4000244140625,1398.699951171875,298705
2025-10-20 09:00:00+00:00,1394.699951171875,1397.0,1394.0999755859375,1396.5,997387
2025-10-20 09:05:00+00:00,1393.800048828125,1395.0,1393.5,1394.5999755859375,417459
2025-10-20 09:10:00+00:00,1394.5999755859375,1394.800048828125,1392.800048828125,1393.699951171875,360942
2025-10-20 09:15:00+00:00,1393.9000244140625,1394.4000244140625,1393.4000244140625,1394.300048828125,386525
2025-10-20 09:20:00+00:00,1390.0,1394.0,1389.5,1393.800048828125,706340
2025-10-20 09:25:00+00:00,1389.699951171875,1390.9000244140625,1389.4000244140625,1389.9000244140625,549651
2025-10-20 09:30:00+00:00,1389.699951171875,1390.699951171875,1389.300048828125,1389.800048828125,698301
2025-10-20 09:35:00+00:00,1390.699951171875,1391.5,1389.699951171875,1389.800048828125,618046
2025-10-20 09:40:00+00:00,1390.0,1391.199951171875,1389.4000244140625,1390.5,736080
2025-10-20 09:45:00+00:00,1390.0999755859375,1390.5,1389.199951171875,1390.0,730371
2025-10-20 09:50:00+00:00,1390.4000244140625,1390.5999755859375,1389.4000244140625,1390.0,656226
2025-10-20 09:55:00+00:00,1393.0,1393.0,1390.199951171875,1390.300048828125,452159
2025-10-21 08:05:00+00:00,1384.5,1384.5,1384.5,1384.5,0
2025-10-21 08:15:00+00:00,1386.4000244140625,1386.800048828125,1376.9000244140625,1382.199951171875,707395
2025-10-21 08:20:00+00:00,1382.800048828125,1387.300048828125,1382.5,1386.5,548146
2025-10-21 08:25:00+00:00,1382.5999755859375,1383.5,1381.699951171875,1383.0,280668
2025-10-21 08:30:00+00:00,1384.800048828125,1386.199951171875,1382.5999755859375,1382.9000244140625,328167
2025-10-21 08:35:00+00:00,1386.699951171875,1387.5999755859375,1384.5,1384.800048828125,136789
2025-10-21 08:40:00+00:00,1386.0,1386.9000244140625,1385.0999755859375,1386.699951171875,126657
2025-10-21 08:45:00+00:00,1383.5999755859375,1385.9000244140625,1383.5,1385.9000244140625,184503
2025-10-21 08:50:00+00:00,1383.0,1384.300048828125,1382.0999755859375,1383.5999755859375,182138
2025-10-21 08:55:00+00:00,1382.0,1383.0,1381.4000244140625,1382.800048828125,111843
2025-10-21 09:00:00+00:00,1380.800048828125,1382.5,1380.0,1382.0,277256
2025-10-21 09:05:00+00:00,1380.699951171875,1381.9000244140625,1379.800048828125,1381.4000244140625,204900
2025-10-21 09:10:00+00:00,1381.300048828125,1381.300048828125,1380.0999755859375,1380.5,125361
2025-10-21 09:15:00+00:00,1382.0,1382.0,1381.300048828125,1381.300048828125,3949
2025-10-23 03:45:00+00:00,1384.5999755859375,1388.5,1384.0,1386.300048828125,0
2025-10-23 03:50:00+00:00,1387.0,1387.0,1383.5,1384.4000244140625,322109
2025-10-23 03:55:00+00:00,1388.800048828125,1388.800048828125,1385.5,1387.0,294575
2025-10-23 04:00:00+00:00,1389.4000244140625,1389.800048828125,1387.5999755859375,1388.9000244140625,330168
2025-10-23 04:05:00+00:00,1388.4000244140625,1389.5999755859375,1388.4000244140625,1389.0999755859375,173444
2025-10-23 04:10:00+00:00,1387.0999755859375,1388.800048828125,1386.5999755859375,1388.199951171875,133246
2025-10-23 04:15:00+00:00,1387.4000244140625,1388.0,1386.300048828125,1387.199951171875,114420
2025-10-23 04:20:00+00:00,1386.5,1387.699951171875,1385.199951171875,1387.4000244140625,143246
2025-10-23 04:25:00+00:00,1386.0999755859375,1386.5999755859375,1385.0,1386.5,249528
2025-10-23 04:30:00+00:00,1385.800048828125,1386.5999755859375,1385.5999755859375,1386.0999755859375,271530
2025-10-23 04:35:00+00:00,1386.5999755859375,1386.800048828125,1385.699951171875,1386.0999755859375,113486
2025-10-23 04:40:00+00:00,1387.0999755859375,1387.699951171875,1386.0,1386.699951171875,85448
2025-10-23 04:45:00+00:00,1386.0,1387.4000244140625,1385.5999755859375,1387.199951171875,77112
2025-10-23 04:50:00+00:00,1385.0,1386.0999755859375,1384.5999755859375,1386.0999755859375,206689
2025-10-23 04:55:00+00:00,1383.800048828125,1385.300048828125,1383.699951171875,1385.0,96812
2025-10-23 05:00:00+00:00,1383.4000244140625,1383.9000244140625,1382.800048828125,1383.800048828125,105209
2025-10-23 05:05:00+00:00,1384.4000244140625,1384.5,1382.5999755859375,1383.4000244140625,101772
2025-10-23 05:10:00+00:00,1384.0,1384.699951171875,1381.5,1384.5,486143
2025-10-23 05:15:00+00:00,1383.199951171875,1384.0999755859375,1383.0,1384.0999755859375,78375
2025-10-23 05:20:00+00:00,1382.9000244140625,1384.0,1382.5,1383.300048828125,87445
2025-10-23 05:25:00+00:00,1383.699951171875,1383.800048828125,1382.0,1382.800048828125,98238
2025-10-23 05:30:00+00:00,1384.0999755859375,1385.0,1383.699951171875,1383.699951171875,102513
2025-10-23 05:35:00+00:00,1383.5,1384.199951171875,1383.0999755859375,1384.0999755859375,59247
2025-10-23 05:40:00+00:00,1384.5,1384.5,1383.5,1383.800048828125,59512
2025-10-23 05:45:00+00:00,1385.199951171875,1385.4000244140625,1384.199951171875,1384.5,87123
2025-10-23 05:50:00+00:00,1386.300048828125,1386.800048828125,1384.800048828125,1385.300048828125,130291
2025-10-23 05:55:00+00:00,1386.0,1386.800048828125,1386.0,1386.300048828125,83934
2025-10-23 06:00:00+00:00,1383.4000244140625,1386.5,1383.300048828125,1386.199951171875,209424
2025-10-23 06:05:00+00:00,1381.800048828125,1383.5999755859375,1381.300048828125,1383.5999755859375,193492
2025-10-23 06:10:00+00:00,1382.0,1382.0999755859375,1380.5999755859375,1381.699951171875,319701
2025-10-23 06:15:00+00:00,1383.0,1383.300048828125,1381.5,1382.0,287150
2025-10-23 06:20:00+00:00,1380.699951171875,1383.300048828125,1380.5,1383.0999755859375,304492
2025-10-23 06:25:00+00:00,1381.0,1381.199951171875,1379.4000244140625,1380.5999755859375,251101
2025-10-23 06:30:00+00:00,1380.800048828125,1381.5999755859375,1380.0,1380.5,251571
2025-10-23 06:35:00+00:00,1379.4000244140625,1381.199951171875,1379.0999755859375,1381.0,242252
2025-10-23 06:40:00+00:00,1380.0,1380.800048828125,1379.0999755859375,1379.300048828125,147893
2025-10-23 06:45:00+00:00,1379.0,1380.300048828125,1379.0,1379.5,123693
2025-10-23 06:50:00+00:00,1379.4000244140625,1380.0,1378.199951171875,1379.0,248549
2025-10-23 06:55:00+00:00,1378.9000244140625,1379.4000244140625,1378.4000244140625,1379.0999755859375,145994
2025-10-23 07:00:00+00:00,1379.699951171875,1380.0999755859375,1378.5,1378.9000244140625,220803
2025-10-23 07:05:00+00:00,1379.5,1380.5999755859375,1379.300048828125,1380.0999755859375,152499
2025-10-23 07:10:00+00:00,1378.699951171875,1379.5999755859375,1378.0999755859375,1379.5999755859375,921176
2025-10-23 07:15:00+00:00,1378.5,1380.199951171875,1377.4000244140625,1378.699951171875,847824
2025-10-23 07:20:00+00:00,1376.4000244140625,1379.199951171875,1376.4000244140625,1378.5,351865
2025-10-23 07:25:00+00:00,1374.4000244140625,1377.0999755859375,1374.300048828125,1376.4000244140625,182264
2025-10-23 07:30:00+00:00,1373.800048828125,1375.0,1373.800048828125,1374.4000244140625,262087
2025-10-23 07:35:00+00:00,1372.199951171875,1374.0,1372.0,1373.9000244140625,253875
2025-10-23 07:40:00+00:00,1374.0,1375.0,1371.300048828125,1372.199951171875,481710
2025-10-23 07:45:00+00:00,1374.0999755859375,1375.0,1373.300048828125,1373.9000244140625,202044
2025-10-23 07:50:00+00:00,1373.300048828125,1375.199951171875,1372.300048828125,1374.0999755859375,227321
2025-10-23 07:55:00+00:00,1373.0999755859375,1373.800048828125,1372.699951171875,1373.300048828125,113485
2025-10-23 08:00:00+00:00,1371.199951171875,1373.199951171875,1371.199951171875,1373.0999755859375,118622
2025-10-23 08:05:00+00:00,1371.199951171875,1372.300048828125,1370.300048828125,1371.300048828125,215917
2025-10-23 08:10:00+00:00,1371.699951171875,1373.300048828125,1371.0,1371.199951171875,125140
2025-10-23 08:15:00+00:00,1370.0999755859375,1371.699951171875,1370.0,1371.699951171875,127208
2025-10-23 08:20:00+00:00,1369.0,1371.199951171875,1368.5999755859375,1370.0999755859375,210634
2025-10-23 08:25:00+00:00,1367.9000244140625,1369.300048828125,1367.5999755859375,1368.800048828125,162671
2025-10-23 08:30:00+00:00,1367.0,1367.5999755859375,1365.199951171875,1367.5999755859375,206012
2025-10-23 08:35:00+00:00,1368.0,1368.300048828125,1366.300048828125,1367.0,148604
2025-10-23 08:40:00+00:00,1366.0,1368.199951171875,1365.0999755859375,1368.0,237682
2025-10-23 08:45:00+00:00,1363.800048828125,1366.5,1363.800048828125,1366.0,409296
2025-10-23 08:50:00+00:00,1361.699951171875,1363.9000244140625,1361.300048828125,1363.800048828125,178798
2025-10-23 08:55:00+00:00,1361.9000244140625,1362.9000244140625,1360.699951171875,1361.4000244140625,353085
2025-10-23 09:00:00+00:00,1362.0999755859375,1364.0999755859375,1361.199951171875,1362.0,308257
2025-10-23 09:05:00+00:00,1363.699951171875,1364.300048828125,1362.0,1362.199951171875,327262
2025-10-23 09:10:00+00:00,1364.699951171875,1365.5,1362.5,1363.5999755859375,575822
2025-10-23 09:15:00+00:00,1366.0,1367.0999755859375,1364.199951171875,1364.699951171875,233693
2025-10-23 09:20:00+00:00,1365.199951171875,1365.9000244140625,1363.9000244140625,1365.699951171875,272977
2025-10-23 09:25:00+00:00,1365.0999755859375,1365.5,1363.5,1365.0999755859375,273980
2025-10-23 09:30:00+00:00,1362.199951171875,1365.0999755859375,1362.0,1365.0,568650
2025-10-23 09:35:00+00:00,1363.699951171875,1364.5,1362.0,1362.199951171875,604646
2025-10-23 09:40:00+00:00,1363.0999755859375,1363.9000244140625,1362.5,1363.800048828125,479198
2025-10-23 09:45:00+00:00,1364.5,1365.0999755859375,1362.5999755859375,1363.0,573722
2025-10-23 09:50:00+00:00,1363.199951171875,1365.199951171875,1363.199951171875,1364.5,450080
2025-10-23 09:55:00+00:00,1364.300048828125,1364.4000244140625,1363.0999755859375,1363.199951171875,639910
2025-10-24 03:45:00+00:00,1375.5,1376.4000244140625,1370.5999755859375,1370.5999755859375,0
2025-10-24 03:50:00+00:00,1376.0999755859375,1377.5999755859375,1375.0999755859375,1375.5,260622
2025-10-24 03:55:00+00:00,1375.0,1377.199951171875,1372.199951171875,1376.800048828125,343250
2025-10-24 04:00:00+00:00,1373.199951171875,1375.199951171875,1373.0999755859375,1375.0,113471
2025-10-24 04:05:00+00:00,1375.5,1375.5,1372.300048828125,1373.199951171875,67664
2025-10-24 04:10:00+00:00,1375.9000244140625,1376.800048828125,1373.699951171875,1375.4000244140625,146462
2025-10-24 04:15:00+00:00,1374.5,1376.4000244140625,1374.5,1375.699951171875,70813
2025-10-24 04:20:00+00:00,1376.0999755859375,1376.199951171875,1374.0999755859375,1374.5,115982
2025-10-24 04:25:00+00:00,1378.199951171875,1378.4000244140625,1375.5999755859375,1375.800048828125,133019
2025-10-24 04:30:00+00:00,1377.5999755859375,1378.0999755859375,1377.199951171875,1378.0,86283
2025-10-24 04:35:00+00:00,1380.0,1380.5,1377.4000244140625,1377.699951171875,112707
2025-10-24 04:40:00+00:00,1381.300048828125,1381.300048828125,1379.300048828125,1380.0,448342
2025-10-24 04:45:00+00:00,1379.4000244140625,1381.5,1379.300048828125,1381.0999755859375,146841
2025-10-24 04:50:00+00:00,1378.699951171875,1379.5999755859375,1377.0,1379.4000244140625,270984
2025-10-24 04:55:00+00:00,1378.5999755859375,1379.9000244140625,1378.4000244140625,1378.699951171875,69352
2025-10-24 05:00:00+00:00,1379.5,1379.9000244140625,1378.4000244140625,1378.699951171875,49912
2025-10-24 05:05:00+00:00,1379.5999755859375,1379.9000244140625,1379.0999755859375,1379.5,32521
2025-10-24 05:10:00+00:00,1378.0,1379.9000244140625,1377.800048828125,1379.5999755859375,120910
2025-10-24 05:15:00+00:00,1379.9000244140625,1380.5,1377.9000244140625,1377.9000244140625,88898
2025-10-24 05:20:00+00:00,1380.0,1380.5,1379.0,1379.9000244140625,221996
2025-10-24 05:25:00+00:00,1380.300048828125,1380.300048828125,1379.4000244140625,1380.0999755859375,26332
2025-10-24 05:30:00+00:00,1378.9000244140625,1381.0,1378.800048828125,1380.0,70765
2025-10-24 05:35:00+00:00,1376.199951171875,1378.9000244140625,1375.0999755859375,1378.800048828125,178831
2025-10-24 05:40:00+00:00,1375.699951171875,1377.0,1374.699951171875,1376.199951171875,187009
2025-10-24 05:45:00+00:00,1375.5999755859375,1376.199951171875,1375.0,1375.699951171875,48990
2025-10-24 05:50:00+00:00,1378.0,1378.0,1375.300048828125,1375.800048828125,135668
2025-10-24 05:55:00+00:00,1374.699951171875,1378.0,1374.300048828125,1378.0,224279
2025-10-24 06:00:00+00:00,1375.699951171875,1376.800048828125,1374.300048828125,1374.9000244140625,138611
2025-10-24 06:05:00+00:00,1375.4000244140625,1376.5,1374.300048828125,1375.5,84062
2025-10-24 06:10:00+00:00,1376.0,1376.699951171875,1375.0999755859375,1375.4000244140625,90305
2025-10-24 06:15:00+00:00,1376.5999755859375,1377.4000244140625,1375.800048828125,1376.0,59690
2025-10-24 06:20:00+00:00,1376.9000244140625,1377.5,1376.300048828125,1376.4000244140625,51719
2025-10-24 06:25:00+00:00,1375.0999755859375,1377.0,1374.9000244140625,1376.699951171875,179734
2025-10-24 06:30:00+00:00,1375.5,1376.0,1374.800048828125,1375.0999755859375,187194
2025-10-24 06:35:00+00:00,1378.4000244140625,1378.4000244140625,1375.5,1375.5,154926
2025-10-24 06:40:00+00:00,1378.5999755859375,1379.199951171875,1377.5,1378.4000244140625,67486
2025-10-24 06:45:00+00:00,1378.5,1379.300048828125,1378.0,1378.800048828125,94556
2025-10-24 06:50:00+00:00,1379.5999755859375,1380.0,1378.5,1378.5,77047
2025-10-24 06:55:00+00:00,1378.0,1380.0,1378.0,1379.800048828125,373641
2025-10-24 07:00:00+00:00,1378.0999755859375,1378.5999755859375,1377.699951171875,1378.199951171875,79201
2025-10-24 07:05:00+00:00,1378.699951171875,1378.9000244140625,1378.0,1378.0999755859375,69537
2025-10-24 07:10:00+00:00,1377.5,1378.9000244140625,1377.4000244140625,1378.9000244140625,100747
2025-10-24 07:15:00+00:00,1377.300048828125,1377.800048828125,1377.300048828125,1377.5999755859375,68725
2025-10-24 07:20:00+00:00,1376.5999755859375,1377.699951171875,1376.4000244140625,1377.5999755859375,116481
2025-10-24 07:25:00+00:00,1376.0,1376.9000244140625,1375.800048828125,1376.5,69079
2025-10-24 07:30:00+00:00,1376.300048828125,1376.9000244140625,1375.5999755859375,1376.0,71126
2025-10-24 07:35:00+00:00,1376.0,1376.800048828125,1375.699951171875,1376.199951171875,60413
2025-10-24 07:40:00+00:00,1377.5999755859375,1377.699951171875,1376.0,1376.0999755859375,50281
2025-10-24 07:45:00+00:00,1376.199951171875,1377.800048828125,1376.0999755859375,1377.5999755859375,185932
2025-10-24 07:50:00+00:00,1374.0,1376.300048828125,1374.0,1376.0,114075
2025-10-24 07:55:00+00:00,1372.5999755859375,1374.199951171875,1372.4000244140625,1374.199951171875,82161
2025-10-24 08:00:00+00:00,1372.5,1373.5,1372.199951171875,1372.800048828125,78326
2025-10-24 08:05:00+00:00,1370.5,1373.9000244140625,1370.199951171875,1372.5,148684
2025-10-24 08:10:00+00:00,1369.4000244140625,1371.300048828125,1369.199951171875,1370.5,88867
2025-10-24 08:15:00+00:00,1369.800048828125,1370.699951171875,1369.4000244140625,1369.4000244140625,56050
2025-10-24 08:20:00+00:00,1372.5999755859375,1372.5999755859375,1369.4000244140625,1369.800048828125,96416
2025-10-24 08:25:00+00:00,1371.4000244140625,1372.5999755859375,1370.9000244140625,1372.199951171875,99290
2025-10-24 08:30:00+00:00,1371.800048828125,1372.0999755859375,1371.199951171875,1371.5999755859375,47440
2025-10-24 08:35:00+00:00,1372.199951171875,1372.800048828125,1371.4000244140625,1371.800048828125,57429
2025-10-24 08:40:00+00:00,1372.5,1374.0999755859375,1372.0999755859375,1372.0999755859375,142420
2025-10-24 08:45:00+00:00,1371.5,1372.9000244140625,1371.5,1372.9000244140625,125875
2025-10-24 08:50:00+00:00,1371.5999755859375,1372.9000244140625,1371.0999755859375,1371.800048828125,115371
2025-10-24 08:55:00+00:00,1372.9000244140625,1373.5,1371.4000244140625,1371.699951171875,70502
2025-10-24 09:00:00+00:00,1371.699951171875,1373.5999755859375,1371.5999755859375,1372.9000244140625,137073
2025-10-24 09:05:00+00:00,1370.800048828125,1373.0,1370.699951171875,1371.9000244140625,148108
2025-10-24 09:10:00+00:00,1371.5,1371.800048828125,1370.800048828125,1370.800048828125,74664
2025-10-24 09:15:00+00:00,1372.699951171875,1372.9000244140625,1371.4000244140625,1371.4000244140625,81206
2025-10-24 09:20:00+00:00,1373.800048828125,1373.800048828125,1372.4000244140625,1372.800048828125,79139
2025-10-24 09:25:00+00:00,1374.4000244140625,1374.9000244140625,1373.4000244140625,1373.699951171875,96124
2025-10-24 09:30:00+00:00,1376.5,1377.300048828125,1374.4000244140625,1374.4000244140625,458884
2025-10-24 09:35:00+00:00,1378.699951171875,1378.9000244140625,1376.300048828125,1376.5,228797
2025-10-24 09:40:00+00:00,1378.5,1378.699951171875,1377.699951171875,1378.5,392908
2025-10-24 09:45:00+00:00,1378.5,1378.800048828125,1377.800048828125,1378.5,293246
2025-10-24 09:50:00+00:00,1379.0,1379.5,1378.4000244140625,1378.5999755859375,279305
2025-10-24 09:55:00+00:00,1377.699951171875,1379.300048828125,1377.0,1379.0,208619
2025-10-27 03:45:00+00:00,1382.9000244140625,1386.800048828125,1381.5999755859375,1382.300048828125,0
2025-10-27 03:50:00+00:00,1383.5999755859375,1384.5,1382.5,1382.800048828125,193424
2025-10-27 03:55:00+00:00,1383.0999755859375,1384.0,1382.300048828125,1383.800048828125,118877
2025-10-27 04:00:00+00:00,1383.4000244140625,1384.5,1383.0999755859375,1383.300048828125,110111
2025-10-27 04:05:00+00:00,1382.5999755859375,1383.800048828125,1382.0,1383.4000244140625,106790
2025-10-27 04:10:00+00:00,1381.0999755859375,1383.0999755859375,1381.0999755859375,1382.5999755859375,117902
2025-10-27 04:15:00+00:00,1380.199951171875,1381.0999755859375,1379.199951171875,1381.0999755859375,166432
2025-10-27 04:20:00+00:00,1378.5,1380.0999755859375,1378.5,1380.0,100403
2025-10-27 04:25:00+00:00,1378.300048828125,1379.300048828125,1378.0999755859375,1378.5,61632
2025-10-27 04:30:00+00:00,1377.5,1378.9000244140625,1376.5999755859375,1378.300048828125,63840
2025-10-27 04:35:00+00:00,1380.0999755859375,1380.699951171875,1377.300048828125,1377.5,77732
2025-10-27 04:40:00+00:00,1380.800048828125,1381.5,1380.0,1380.0999755859375,68229
2025-10-27 04:45:00+00:00,1381.699951171875,1381.699951171875,1380.4000244140625,1381.0,63521
2025-10-27 04:50:00+00:00,1380.699951171875,1381.699951171875,1380.300048828125,1381.4000244140625,91404
2025-10-27 04:55:00+00:00,1381.300048828125,1381.699951171875,1380.0,1380.699951171875,78994
2025-10-27 05:00:00+00:00,1382.0999755859375,1382.0999755859375,1381.0,1381.300048828125,49807
2025-10-27 05:05:00+00:00,1382.5,1382.9000244140625,1382.0,1382.0,90133
2025-10-27 05:10:00+00:00,1381.0,1382.5999755859375,1381.0,1382.5,84562
2025-10-27 05:15:00+00:00,1381.0,1381.5,1381.0,1381.0,77601
2025-10-27 05:20:00+00:00,1380.5,1381.4000244140625,1379.699951171875,1381.0,127156
2025-10-27 05:25:00+00:00,1380.300048828125,1380.699951171875,1379.4000244140625,1380.5999755859375,155429
2025-10-27 05:30:00+00:00,1380.300048828125,1381.0999755859375,1380.0,1380.199951171875,97154
2025-10-27 05:35:00+00:00,1380.699951171875,1381.0999755859375,1380.199951171875,1380.9000244140625,76836
2025-10-27 05:40:00+00:00,1381.0,1381.4000244140625,1380.5999755859375,1381.199951171875,79277
2025-10-27 05:45:00+00:00,1380.699951171875,1381.4000244140625,1380.5,1381.0,71381
2025-10-27 05:50:00+00:00,1380.5999755859375,1381.300048828125,1380.4000244140625,1380.699951171875,74172
2025-10-27 05:55:00+00:00,1380.5,1381.300048828125,1380.4000244140625,1381.0999755859375,80164
2025-10-27 06:00:00+00:00,1380.5,1381.0999755859375,1380.300048828125,1380.5,112368
2025-10-27 06:05:00+00:00,1380.5,1381.199951171875,1380.300048828125,1380.4000244140625,171308
2025-10-27 06:10:00+00:00,1378.4000244140625,1381.0,1377.300048828125,1380.4000244140625,135184
2025-10-27 06:15:00+00:00,1379.199951171875,1379.4000244140625,1378.0,1378.699951171875,117643
2025-10-27 06:20:00+00:00,1379.0999755859375,1379.800048828125,1378.5999755859375,1379.199951171875,108932
2025-10-27 06:25:00+00:00,1381.199951171875,1381.199951171875,1379.0999755859375,1379.0999755859375,224626
2025-10-27 06:30:00+00:00,1381.5,1381.9000244140625,1380.5999755859375,1381.199951171875,118694
2025-10-27 06:35:00+00:00,1379.800048828125,1381.699951171875,1379.699951171875,1381.5,115990
2025-10-27 06:40:00+00:00,1379.800048828125,1380.300048828125,1379.5999755859375,1379.800048828125,117737
2025-10-27 06:45:00+00:00,1379.800048828125,1380.0999755859375,1379.5999755859375,1380.0,115621
2025-10-27 06:50:00+00:00,1379.699951171875,1380.0,1379.0,1379.800048828125,80012
2025-10-27 06:55:00+00:00,1379.5,1379.9000244140625,1378.699951171875,1379.0999755859375,99892
2025-10-27 07:00:00+00:00,1380.4000244140625,1380.5999755859375,1379.0,1379.5,93865
2025-10-27 07:05:00+00:00,1379.9000244140625,1380.699951171875,1379.5,1380.4000244140625,164340
2025-10-27 07:10:00+00:00,1378.800048828125,1380.199951171875,1378.699951171875,1379.9000244140625,383606
2025-10-27 07:15:00+00:00,1378.5999755859375,1379.5,1378.5999755859375,1379.4000244140625,132942
2025-10-27 07:20:00+00:00,1378.4000244140625,1379.5,1378.0,1378.5999755859375,130656
2025-10-27 07:25:00+00:00,1377.5999755859375,1378.5,1377.5,1378.0,168062
2025-10-27 07:30:00+00:00,1377.800048828125,1378.4000244140625,1377.300048828125,1377.5999755859375,100181
2025-10-27 07:35:00+00:00,1377.300048828125,1378.4000244140625,1377.300048828125,1377.800048828125,118235
2025-10-27 07:40:00+00:00,1377.0999755859375,1377.800048828125,1376.4000244140625,1377.5,224442
2025-10-27 07:45:00+00:00,1375.9000244140625,1377.0999755859375,1374.5999755859375,1377.0,202944
2025-10-27 07:50:00+00:00,1375.5999755859375,1376.0,1374.0,1376.0,122703
2025-10-27 07:55:00+00:00,1375.699951171875,1376.300048828125,1375.5,1375.5999755859375,116364
2025-10-27 08:00:00+00:00,1376.199951171875,1376.300048828125,1375.199951171875,1375.9000244140625,106417
2025-10-27 08:05:00+00:00,1377.0,1377.4000244140625,1376.0,1376.199951171875,118207
2025-10-27 08:10:00+00:00,1377.0999755859375,1377.5999755859375,1376.5,1377.0,110446
2025-10-27 08:15:00+00:00,1377.4000244140625,1377.5999755859375,1376.800048828125,1377.5999755859375,101820
2025-10-27 08:20:00+00:00,1377.300048828125,1379.199951171875,1377.300048828125,1377.4000244140625,192402
2025-10-27 08:25:00+00:00,1378.5999755859375,1379.0999755859375,1377.199951171875,1377.699951171875,163672
2025-10-27 08:30:00+00:00,1378.9000244140625,1379.0,1377.699951171875,1378.5999755859375,179927
2025-10-27 08:35:00+00:00,1378.800048828125,1379.300048828125,1378.4000244140625,1379.0,208682
2025-10-27 08:40:00+00:00,1378.0,1379.0,1377.699951171875,1378.699951171875,170752
2025-10-27 08:45:00+00:00,1380.0999755859375,1380.199951171875,1378.0999755859375,1378.300048828125,296620
2025-10-27 08:50:00+00:00,1380.4000244140625,1380.800048828125,1379.300048828125,1380.199951171875,157640
2025-10-27 08:55:00+00:00,1380.0,1380.5999755859375,1379.5999755859375,1380.4000244140625,117107
2025-10-27 09:00:00+00:00,1379.0,1380.0999755859375,1378.5999755859375,1380.0,120936
2025-10-27 09:05:00+00:00,1378.0999755859375,1379.300048828125,1378.0,1379.300048828125,118990
2025-10-27 09:10:00+00:00,1378.5,1378.699951171875,1377.699951171875,1378.0999755859375,180808
2025-10-27 09:15:00+00:00,1376.199951171875,1378.5999755859375,1376.199951171875,1378.4000244140625,289407
2025-10-27 09:20:00+00:00,1377.699951171875,1378.0,1376.0999755859375,1376.199951171875,180415
2025-10-27 09:25:00+00:00,1377.5999755859375,1377.699951171875,1377.0,1377.699951171875,171321
2025-10-27 09:30:00+00:00,1377.199951171875,1378.5999755859375,1377.199951171875,1377.5,355709
2025-10-27 09:35:00+00:00,1378.300048828125,1378.699951171875,1376.5,1377.4000244140625,387012
2025-10-27 09:40:00+00:00,1377.5999755859375,1378.300048828125,1376.300048828125,1378.300048828125,305524
2025-10-27 09:45:00+00:00,1378.0,1378.0999755859375,1377.199951171875,1377.5999755859375,347875
2025-10-27 09:50:00+00:00,1377.300048828125,1378.199951171875,1375.5,1378.0,369276
2025-10-27 09:55:00+00:00,1379.4000244140625,1379.4000244140625,1376.9000244140625,1377.199951171875,322459
2025-10-28 03:45:00+00:00,1369.5,1373.9000244140625,1368.4000244140625,1372.0,0
2025-10-28 03:50:00+00:00,1365.5,1370.0,1361.9000244140625,1369.4000244140625,695919
2025-10-28 03:55:00+00:00,1363.5999755859375,1366.5,1363.199951171875,1365.4000244140625,323123
2025-10-28 04:00:00+00:00,1366.0,1366.0999755859375,1362.300048828125,1363.5,468382
2025-10-28 04:05:00+00:00,1366.0999755859375,1366.5999755859375,1365.4000244140625,1366.0,310357
2025-10-28 04:10:00+00:00,1363.5,1366.300048828125,1363.0,1366.0999755859375,622827
2025-10-28 04:15:00+00:00,1364.300048828125,1364.699951171875,1363.199951171875,1363.300048828125,243529
2025-10-28 04:20:00+00:00,1363.199951171875,1364.699951171875,1362.699951171875,1363.9000244140625,236301
2025-10-28 04:25:00+00:00,1363.800048828125,1364.0999755859375,1362.800048828125,1363.300048828125,180344
2025-10-28 04:30:00+00:00,1360.5999755859375,1364.0,1360.5,1363.9000244140625,309824
2025-10-28 04:35:00+00:00,1359.800048828125,1361.4000244140625,1359.199951171875,1360.4000244140625,443734
2025-10-28 04:40:00+00:00,1360.0,1360.199951171875,1359.0,1359.800048828125,175023
2025-10-28 04:45:00+00:00,1359.9000244140625,1360.5,1359.800048828125,1360.0,326371
2025-10-28 04:50:00+00:00,1359.800048828125,1360.800048828125,1359.5,1359.9000244140625,118916
2025-10-28 04:55:00+00:00,1359.9000244140625,1360.0,1359.5999755859375,1359.800048828125,124114
2025-10-28 05:00:00+00:00,1359.5999755859375,1360.0,1359.0999755859375,1360.0,114476
2025-10-28 05:05:00+00:00,1359.4000244140625,1360.0,1359.199951171875,1359.4000244140625,96179
2025-10-28 05:10:00+00:00,1359.699951171875,1359.9000244140625,1359.0,1359.4000244140625,98847
2025-10-28 05:15:00+00:00,1359.9000244140625,1360.0,1359.300048828125,1359.5,85495
2025-10-28 05:20:00+00:00,1359.0,1359.9000244140625,1358.300048828125,1359.9000244140625,130996
2025-10-28 05:25:00+00:00,1359.0,1359.0,1357.800048828125,1359.0,83532
2025-10-28 05:30:00+00:00,1357.4000244140625,1359.0,1357.0999755859375,1358.800048828125,96047
2025-10-28 05:35:00+00:00,1357.5999755859375,1357.699951171875,1357.0,1357.5,89325
2025-10-28 05:40:00+00:00,1357.800048828125,1358.0,1357.199951171875,1357.5999755859375,96060
2025-10-28 05:45:00+00:00,1359.0,1359.300048828125,1357.300048828125,1357.800048828125,185164
2025-10-28 05:50:00+00:00,1359.5,1360.0,1358.699951171875,1359.199951171875,121035
2025-10-28 05:55:00+00:00,1359.5999755859375,1361.300048828125,1359.300048828125,1359.4000244140625,393268
2025-10-28 06:00:00+00:00,1359.5999755859375,1360.0,1359.5,1359.5999755859375,109942
2025-10-28 06:05:00+00:00,1360.0,1360.0,1359.4000244140625,1359.5999755859375,239487
2025-10-28 06:10:00+00:00,1358.9000244140625,1360.0999755859375,1358.5,1360.0999755859375,659942
2025-10-28 06:15:00+00:00,1360.0,1360.0999755859375,1358.300048828125,1358.9000244140625,221681
2025-10-28 06:20:00+00:00,1359.0,1360.4000244140625,1358.800048828125,1360.0,144814
2025-10-28 06:25:00+00:00,1357.800048828125,1359.300048828125,1357.800048828125,1359.0,104793
2025-10-28 06:30:00+00:00,1357.199951171875,1357.9000244140625,1356.699951171875,1357.800048828125,139399
2025-10-28 06:35:00+00:00,1357.699951171875,1357.699951171875,1356.300048828125,1357.0,121474
2025-10-28 06:40:00+00:00,1358.9000244140625,1358.9000244140625,1356.699951171875,1357.699951171875,280010
2025-10-28 06:45:00+00:00,1359.0,1359.699951171875,1357.5,1358.9000244140625,312912
2025-10-28 06:50:00+00:00,1359.9000244140625,1360.0,1358.5,1359.0,233937
2025-10-28 06:55:00+00:00,1359.800048828125,1360.0999755859375,1359.5,1359.699951171875,192341
2025-10-28 07:00:00+00:00,1360.0,1360.0999755859375,1359.199951171875,1359.800048828125,268481
2025-10-28 07:05:00+00:00,1361.0,1361.800048828125,1359.800048828125,1360.0,240357
2025-10-28 07:10:00+00:00,1360.800048828125,1361.5,1360.5,1360.9000244140625,325568
2025-10-28 07:15:00+00:00,1359.9000244140625,1361.699951171875,1359.699951171875,1360.800048828125,513437
2025-10-28 07:20:00+00:00,1360.699951171875,1360.9000244140625,1359.699951171875,1360.0,264322
2025-10-28 07:25:00+00:00,1360.199951171875,1361.5999755859375,1359.699951171875,1360.699951171875,324909
2025-10-28 07:30:00+00:00,1360.300048828125,1361.0999755859375,1359.800048828125,1360.0,507486
2025-10-28 07:35:00+00:00,1362.699951171875,1363.0,1359.800048828125,1360.300048828125,315471
2025-10-28 07:40:00+00:00,1362.5,1362.800048828125,1362.0,1362.699951171875,142618
2025-10-28 07:45:00+00:00,1363.0,1364.5,1361.9000244140625,1362.4000244140625,272534
2025-10-28 07:50:00+00:00,1364.5,1364.699951171875,1362.4000244140625,1363.0,158649
2025-10-28 07:55:00+00:00,1364.300048828125,1365.300048828125,1363.800048828125,1364.300048828125,160529
2025-10-28 08:00:00+00:00,1363.800048828125,1365.800048828125,1363.800048828125,1364.4000244140625,216887
2025-10-28 08:05:00+00:00,1362.699951171875,1364.300048828125,1362.300048828125,1363.9000244140625,233880
2025-10-28 08:10:00+00:00,1361.4000244140625,1363.0999755859375,1361.300048828125,1362.800048828125,244497
2025-10-28 08:15:00+00:00,1363.9000244140625,1364.5,1361.0,1361.0999755859375,424507
2025-10-28 08:20:00+00:00,1362.5999755859375,1364.4000244140625,1361.9000244140625,1363.800048828125,196123
2025-10-28 08:25:00+00:00,1363.199951171875,1363.9000244140625,1361.5,1362.5999755859375,202282
2025-10-28 08:30:00+00:00,1361.5999755859375,1364.0,1361.4000244140625,1363.199951171875,297871
2025-10-28 08:35:00+00:00,1362.0,1362.9000244140625,1360.5,1361.5999755859375,326193
2025-10-28 08:40:00+00:00,1361.199951171875,1362.699951171875,1359.9000244140625,1362.0999755859375,828227
2025-10-28 08:45:00+00:00,1360.0,1361.4000244140625,1359.699951171875,1361.199951171875,536236
2025-10-28 08:50:00+00:00,1360.0,1360.800048828125,1359.5,1360.0999755859375,321958
2025-10-28 08:55:00+00:00,1358.5,1360.699951171875,1357.800048828125,1360.0,494930
2025-10-28 09:00:00+00:00,1358.0,1358.9000244140625,1357.5,1358.699951171875,601032
2025-10-28 09:05:00+00:00,1359.0999755859375,1359.800048828125,1357.5,1358.0,401518
2025-10-28 09:10:00+00:00,1357.9000244140625,1359.699951171875,1357.800048828125,1359.199951171875,398064
2025-10-28 09:15:00+00:00,1358.300048828125,1360.199951171875,1357.9000244140625,1357.9000244140625,502671
2025-10-28 09:20:00+00:00,1358.699951171875,1359.4000244140625,1358.0,1358.300048828125,507192
2025-10-28 09:25:00+00:00,1360.0,1360.4000244140625,1358.4000244140625,1358.699951171875,582770
2025-10-28 09:30:00+00:00,1361.0999755859375,1361.699951171875,1360.0,1360.0999755859375,983083
2025-10-28 09:35:00+00:00,1361.5999755859375,1361.800048828125,1359.9000244140625,1361.0,979703
2025-10-28 09:40:00+00:00,1365.0,1365.0,1360.300048828125,1361.0,1271373
2025-10-28 09:45:00+00:00,1363.9000244140625,1366.0,1363.5,1365.0,1126158
2025-10-28 09:50:00+00:00,1365.0,1365.699951171875,1363.199951171875,1364.0,827246
2025-10-28 09:55:00+00:00,1366.199951171875,1366.5,1365.0,1365.0,485669
2025-10-29 03:45:00+00:00,1365.4000244140625,1367.699951171875,1363.0999755859375,1364.5999755859375,0
2025-10-29 03:50:00+00:00,1364.300048828125,1367.0,1362.5,1365.4000244140625,529958
2025-10-29 03:55:00+00:00,1364.699951171875,1365.9000244140625,1363.9000244140625,1364.199951171875,175662
2025-10-29 04:00:00+00:00,1364.5999755859375,1365.699951171875,1364.199951171875,1364.800048828125,914705
2025-10-29 04:05:00+00:00,1363.5,1364.9000244140625,1363.0,1364.5999755859375,101151
2025-10-29 04:10:00+00:00,1364.0999755859375,1364.5,1362.699951171875,1362.699951171875,267754
2025-10-29 04:15:00+00:00,1363.5,1365.0,1363.0999755859375,1364.5,165657
2025-10-29 04:20:00+00:00,1364.9000244140625,1365.0,1363.300048828125,1363.300048828125,70937
2025-10-29 04:25:00+00:00,1365.4000244140625,1365.4000244140625,1365.0,1365.0999755859375,56181
2025-10-29 04:30:00+00:00,1363.800048828125,1365.9000244140625,1363.699951171875,1365.300048828125,297535
2025-10-29 04:35:00+00:00,1364.0,1364.199951171875,1363.0999755859375,1363.800048828125,66549
2025-10-29 04:40:00+00:00,1361.699951171875,1364.5,1361.4000244140625,1363.699951171875,167755
2025-10-29 04:45:00+00:00,1361.9000244140625,1362.4000244140625,1361.5999755859375,1361.9000244140625,65462
2025-10-29 04:50:00+00:00,1363.199951171875,1363.9000244140625,1361.9000244140625,1362.0,96974
2025-10-29 04:55:00+00:00,1363.699951171875,1364.0,1362.699951171875,1363.0999755859375,527487
2025-10-29 05:00:00+00:00,1365.300048828125,1365.5,1363.5999755859375,1363.5999755859375,70172
2025-10-29 05:05:00+00:00,1364.5,1365.5,1364.5,1365.0999755859375,234264
2025-10-29 05:10:00+00:00,1364.800048828125,1365.0999755859375,1363.4000244140625,1364.5999755859375,172955
2025-10-29 05:15:00+00:00,1365.0,1365.300048828125,1364.4000244140625,1364.9000244140625,367299
2025-10-29 05:20:00+00:00,1364.0,1365.0999755859375,1363.800048828125,1365.0,88811
2025-10-29 05:25:00+00:00,1363.9000244140625,1364.0999755859375,1363.5,1364.0,58192
2025-10-29 05:30:00+00:00,1362.5,1363.699951171875,1362.0,1363.699951171875,227110
2025-10-29 05:35:00+00:00,1361.9000244140625,1362.9000244140625,1361.4000244140625,1362.5,286847
2025-10-29 05:40:00+00:00,1361.800048828125,1362.0,1361.5999755859375,1361.800048828125,185693
2025-10-29 05:45:00+00:00,1361.9000244140625,1362.0,1361.699951171875,1361.9000244140625,90153
2025-10-29 05:50:00+00:00,1362.0,1363.0,1361.699951171875,1361.9000244140625,246890
2025-10-29 05:55:00+00:00,1361.699951171875,1362.300048828125,1361.5,1362.0,182061
2025-10-29 06:00:00+00:00,1361.0999755859375,1362.0,1361.0999755859375,1361.699951171875,181738
2025-10-29 06:05:00+00:00,1360.0,1361.300048828125,1360.0,1361.0999755859375,219568
2025-10-29 06:10:00+00:00,1360.0,1360.4000244140625,1359.300048828125,1360.300048828125,257784
2025-10-29 06:15:00+00:00,1360.4000244140625,1360.800048828125,1359.699951171875,1359.9000244140625,234229
2025-10-29 06:20:00+00:00,1359.5,1361.199951171875,1359.4000244140625,1360.300048828125,513383
2025-10-29 06:25:00+00:00,1359.699951171875,1360.0,1359.0,1359.699951171875,274865
2025-10-29 06:30:00+00:00,1359.5,1360.0999755859375,1358.4000244140625,1359.699951171875,568686
2025-10-29 06:35:00+00:00,1362.4000244140625,1362.800048828125,1359.699951171875,1359.800048828125,198481
2025-10-29 06:40:00+00:00,1364.5,1364.9000244140625,1362.199951171875,1362.4000244140625,277448
2025-10-29 06:45:00+00:00,1365.199951171875,1365.5,1363.9000244140625,1364.4000244140625,130442
2025-10-29 06:50:00+00:00,1364.800048828125,1365.4000244140625,1364.5,1365.199951171875,74467
2025-10-29 06:55:00+00:00,1364.9000244140625,1365.5,1364.5,1364.699951171875,219633
2025-10-29 07:00:00+00:00,1364.4000244140625,1366.4000244140625,1364.0999755859375,1364.800048828125,772760
2025-10-29 07:05:00+00:00,1364.0999755859375,1365.199951171875,1363.0999755859375,1364.5,94005
2025-10-29 07:10:00+00:00,1364.0999755859375,1365.9000244140625,1364.0,1364.199951171875,139284
2025-10-29 07:15:00+00:00,1365.800048828125,1365.9000244140625,1364.0,1364.0999755859375,251430
2025-10-29 07:20:00+00:00,1365.5,1365.9000244140625,1365.0,1365.9000244140625,49199
2025-10-29 07:25:00+00:00,1365.199951171875,1365.9000244140625,1365.0,1365.4000244140625,47800
2025-10-29 07:30:00+00:00,1364.9000244140625,1365.9000244140625,1364.5,1365.0999755859375,236061
2025-10-29 07:35:00+00:00,1366.0,1366.4000244140625,1364.5999755859375,1365.300048828125,121559
2025-10-29 07:40:00+00:00,1367.0,1367.300048828125,1366.0,1366.0999755859375,129508
2025-10-29 07:45:00+00:00,1367.0999755859375,1367.5,1366.5,1367.0,131070
2025-10-29 07:50:00+00:00,1367.0,1367.800048828125,1366.699951171875,1367.0999755859375,99401
2025-10-29 07:55:00+00:00,1366.0999755859375,1367.300048828125,1366.0999755859375,1367.300048828125,357683
2025-10-29 08:00:00+00:00,1368.0,1368.300048828125,1366.0,1366.0999755859375,124050
2025-10-29 08:05:00+00:00,1370.300048828125,1370.4000244140625,1367.9000244140625,1368.199951171875,172318
2025-10-29 08:10:00+00:00,1369.800048828125,1370.699951171875,1369.199951171875,1370.300048828125,255683
2025-10-29 08:15:00+00:00,1369.5,1370.800048828125,1369.0,1369.800048828125,134560
2025-10-29 08:20:00+00:00,1369.5,1370.0,1369.199951171875,1369.4000244140625,52580
2025-10-29 08:25:00+00:00,1369.699951171875,1370.0,1369.0999755859375,1369.4000244140625,101520
2025-10-29 08:30:00+00:00,1369.199951171875,1370.4000244140625,1369.199951171875,1369.699951171875,78968
2025-10-29 08:35:00+00:00,1369.0999755859375,1370.0999755859375,1368.699951171875,1369.300048828125,101157
2025-10-29 08:40:00+00:00,1369.4000244140625,1369.800048828125,1368.4000244140625,1369.0999755859375,66265
2025-10-29 08:45:00+00:00,1370.300048828125,1371.5999755859375,1369.300048828125,1369.4000244140625,317814
2025-10-29 08:50:00+00:00,1370.0,1370.300048828125,1370.0,1370.300048828125,206314
2025-10-29 08:55:00+00:00,1370.300048828125,1370.4000244140625,1370.0,1370.0999755859375,243249
2025-10-29 09:00:00+00:00,1369.0999755859375,1370.5999755859375,1369.0999755859375,1370.199951171875,105586
2025-10-29 09:05:00+00:00,1370.4000244140625,1370.800048828125,1368.5999755859375,1369.0,159145
2025-10-29 09:10:00+00:00,1370.300048828125,1370.699951171875,1369.699951171875,1370.5,157577
2025-10-29 09:15:00+00:00,1369.199951171875,1370.4000244140625,1369.0999755859375,1370.300048828125,377988
2025-10-29 09:20:00+00:00,1370.0999755859375,1370.4000244140625,1368.5,1369.199951171875,130241
2025-10-29 09:25:00+00:00,1369.9000244140625,1370.300048828125,1369.5999755859375,1370.0999755859375,111631
2025-10-29 09:30:00+00:00,1369.9000244140625,1370.0,1369.5,1370.0,140346
2025-10-29 09:35:00+00:00,1369.4000244140625,1370.5,1369.4000244140625,1370.0,198945
2025-10-29 09:40:00+00:00,1370.0,1370.0,1369.0,1369.5999755859375,123093
2025-10-29 09:45:00+00:00,1370.300048828125,1370.5999755859375,1369.5999755859375,1370.0,223482
2025-10-29 09:50:00+00:00,1371.0,1371.300048828125,1370.0,1370.300048828125,296323
2025-10-29 09:55:00+00:00,1370.4000244140625,1371.699951171875,1370.4000244140625,1371.0,165596
2025-10-30 03:45:00+00:00,1368.699951171875,1369.800048828125,1364.0,1364.0,0
2025-10-30 03:50:00+00:00,1370.0,1370.0,1367.4000244140625,1368.199951171875,119811
2025-10-30 03:55:00+00:00,1368.5999755859375,1370.0,1368.0999755859375,1370.0,63073
2025-10-30 04:00:00+00:00,1365.800048828125,1368.5999755859375,1365.5999755859375,1368.5999755859375,49255
2025-10-30 04:05:00+00:00,1365.5,1366.800048828125,1365.5,1365.699951171875,63066
2025-10-30 04:10:00+00:00,1364.4000244140625,1366.199951171875,1364.0999755859375,1365.0999755859375,110126
2025-10-30 04:15:00+00:00,1364.0999755859375,1364.5,1364.0,1364.4000244140625,51804
2025-10-30 04:20:00+00:00,1363.0,1365.0,1363.0,1364.199951171875,81331
2025-10-30 04:25:00+00:00,1362.5,1363.0999755859375,1362.0999755859375,1363.0999755859375,76681
2025-10-30 04:30:00+00:00,1363.9000244140625,1364.5999755859375,1362.0,1362.5,97299
2025-10-30 04:35:00+00:00,1364.800048828125,1365.199951171875,1363.5999755859375,1364.5,82466
2025-10-30 04:40:00+00:00,1365.800048828125,1366.0,1364.0999755859375,1364.9000244140625,607474
2025-10-30 04:45:00+00:00,1363.699951171875,1366.699951171875,1363.5999755859375,1365.699951171875,77411
2025-10-30 04:50:00+00:00,1364.800048828125,1365.5999755859375,1363.5999755859375,1363.5999755859375,37826
2025-10-30 04:55:00+00:00,1364.699951171875,1365.0999755859375,1364.4000244140625,1364.800048828125,18846
2025-10-30 05:00:00+00:00,1364.800048828125,1365.5,1364.199951171875,1364.699951171875,20314
2025-10-30 05:05:00+00:00,1364.199951171875,1365.4000244140625,1364.199951171875,1364.699951171875,30733
2025-10-30 05:10:00+00:00,1363.800048828125,1364.5,1363.5,1364.0999755859375,35541
2025-10-30 05:15:00+00:00,1364.0,1364.699951171875,1363.800048828125,1363.9000244140625,31326
2025-10-30 05:20:00+00:00,1363.9000244140625,1364.9000244140625,1363.800048828125,1364.300048828125,52929
2025-10-30 05:25:00+00:00,1363.9000244140625,1364.5999755859375,1363.0,1363.9000244140625,176466
2025-10-30 05:30:00+00:00,1363.699951171875,1363.9000244140625,1363.0,1363.9000244140625,112154
2025-10-30 05:35:00+00:00,1363.5999755859375,1364.699951171875,1363.5,1363.5999755859375,87225
2025-10-30 05:40:00+00:00,1363.9000244140625,1364.0,1363.5,1363.5999755859375,160951
2025-10-30 05:45:00+00:00,1363.699951171875,1364.0,1363.5,1364.0,225167
2025-10-30 05:50:00+00:00,1364.300048828125,1364.5,1363.5,1363.5999755859375,90260
2025-10-30 05:55:00+00:00,1363.699951171875,1364.4000244140625,1363.0999755859375,1364.4000244140625,216644
2025-10-30 06:00:00+00:00,1364.0,1364.300048828125,1363.199951171875,1363.699951171875,87520
2025-10-30 06:05:00+00:00,1363.800048828125,1364.199951171875,1363.5,1364.0,35609
2025-10-30 06:10:00+00:00,1365.5,1365.9000244140625,1363.699951171875,1363.9000244140625,224519
2025-10-30 06:15:00+00:00,1365.0,1365.699951171875,1364.9000244140625,1365.0,96179
2025-10-30 06:20:00+00:00,1364.0,1365.699951171875,1363.5,1365.0999755859375,116112
2025-10-30 06:25:00+00:00,1363.9000244140625,1364.699951171875,1363.4000244140625,1364.0999755859375,124510
2025-10-30 06:30:00+00:00,1365.5999755859375,1365.9000244140625,1363.9000244140625,1363.9000244140625,45230
2025-10-30 06:35:00+00:00,1366.0,1366.699951171875,1365.5999755859375,1365.5999755859375,79793
2025-10-30 06:40:00+00:00,1366.0,1366.199951171875,1365.699951171875,1365.9000244140625,42182
2025-10-30 06:45:00+00:00,1364.9000244140625,1366.0,1364.800048828125,1365.9000244140625,71199
2025-10-30 06:50:00+00:00,1367.5,1367.5999755859375,1364.699951171875,1365.0999755859375,84462
2025-10-30 06:55:00+00:00,1367.0,1367.699951171875,1366.800048828125,1367.300048828125,46644
2025-10-30 07:00:00+00:00,1366.5999755859375,1367.0,1364.9000244140625,1367.0,82586
2025-10-30 07:05:00+00:00,1366.4000244140625,1366.800048828125,1366.0,1366.5,25927
2025-10-30 07:10:00+00:00,1366.5,1366.800048828125,1366.0,1366.300048828125,114256
2025-10-30 07:15:00+00:00,1366.9000244140625,1367.0,1366.0,1366.300048828125,46602
2025-10-30 07:20:00+00:00,1366.699951171875,1367.199951171875,1366.0999755859375,1366.9000244140625,25370
2025-10-30 07:25:00+00:00,1366.0999755859375,1367.0999755859375,1365.800048828125,1366.800048828125,38360
2025-10-30 07:30:00+00:00,1365.699951171875,1366.9000244140625,1365.4000244140625,1366.199951171875,57666
2025-10-30 07:35:00+00:00,1365.4000244140625,1366.5999755859375,1365.0,1365.699951171875,101898
2025-10-30 07:40:00+00:00,1365.800048828125,1366.5,1365.0,1365.4000244140625,117841
2025-10-30 07:45:00+00:00,1366.199951171875,1366.9000244140625,1365.5999755859375,1365.800048828125,93838
2025-10-30 07:50:00+00:00,1365.5,1366.800048828125,1365.199951171875,1366.199951171875,99066
2025-10-30 07:55:00+00:00,1365.5,1367.199951171875,1365.199951171875,1365.5999755859375,246239
2025-10-30 08:00:00+00:00,1366.0999755859375,1366.5999755859375,1365.0,1365.800048828125,98234
2025-10-30 08:05:00+00:00,1366.300048828125,1367.0,1365.4000244140625,1366.0999755859375,53847
2025-10-30 08:10:00+00:00,1366.300048828125,1366.5,1365.0,1366.4000244140625,59143
2025-10-30 08:15:00+00:00,1365.5,1366.199951171875,1365.0999755859375,1365.5999755859375,18006
2025-10-30 08:20:00+00:00,1365.800048828125,1366.699951171875,1365.4000244140625,1365.4000244140625,42509
2025-10-30 08:25:00+00:00,1365.800048828125,1366.199951171875,1364.4000244140625,1365.9000244140625,129268
2025-10-30 08:30:00+00:00,1365.0999755859375,1366.199951171875,1364.9000244140625,1365.800048828125,35776
2025-10-30 08:35:00+00:00,1365.0,1365.5,1364.699951171875,1365.0,30107
2025-10-30 08:40:00+00:00,1365.199951171875,1365.9000244140625,1364.699951171875,1365.0,36222
2025-10-30 08:45:00+00:00,1364.5999755859375,1365.5,1363.5999755859375,1365.4000244140625,111271
2025-10-30 08:50:00+00:00,1365.300048828125,1366.0999755859375,1364.0,1364.5,147009
2025-10-30 08:55:00+00:00,1365.0,1366.0,1364.699951171875,1365.300048828125,39014
2025-10-30 09:00:00+00:00,1363.5999755859375,1366.4000244140625,1363.300048828125,1365.0999755859375,209107
2025-10-30 09:05:00+00:00,1363.5,1366.0,1363.300048828125,1363.699951171875,235980
2025-10-30 09:10:00+00:00,1363.5999755859375,1364.5,1363.0,1363.5,180427
2025-10-30 09:15:00+00:00,1362.300048828125,1364.300048828125,1362.0,1363.5,249724
2025-10-30 09:20:00+00:00,1362.5999755859375,1362.9000244140625,1362.0999755859375,1362.5,149287
2025-10-30 09:25:00+00:00,1362.0999755859375,1363.199951171875,1361.800048828125,1362.5,200548
2025-10-30 09:30:00+00:00,1362.0999755859375,1364.199951171875,1362.0,1362.199951171875,315431
2025-10-30 09:35:00+00:00,1362.5999755859375,1363.800048828125,1361.800048828125,1362.199951171875,525862
2025-10-30 09:40:00+00:00,1362.300048828125,1363.5,1362.0999755859375,1362.699951171875,353859
2025-10-30 09:45:00+00:00,1362.0,1362.5,1361.300048828125,1362.4000244140625,388059
2025-10-30 09:50:00+00:00,1361.699951171875,1362.5999755859375,1361.5999755859375,1362.0999755859375,270667
2025-10-30 09:55:00+00:00,1362.4000244140625,1362.5,1361.5999755859375,1361.800048828125,208404
2025-10-31 03:45:00+00:00,1358.199951171875,1360.0,1356.199951171875,1357.9000244140625,0
2025-10-31 03:50:00+00:00,1358.199951171875,1358.5,1356.199951171875,1357.0999755859375,261759
2025-10-31 03:55:00+00:00,1357.5,1359.4000244140625,1357.5,1358.4000244140625,463442
2025-10-31 04:00:00+00:00,1359.5999755859375,1359.5999755859375,1356.800048828125,1357.9000244140625,332316
2025-10-31 04:05:00+00:00,1360.5999755859375,1361.9000244140625,1359.199951171875,1359.199951171875,188906
2025-10-31 04:10:00+00:00,1359.300048828125,1360.800048828125,1358.9000244140625,1360.5999755859375,141313
2025-10-31 04:15:00+00:00,1358.5,1359.300048828125,1357.5999755859375,1359.0999755859375,145906
2025-10-31 04:20:00+00:00,1360.0999755859375,1360.5,1358.5,1358.5,134927
2025-10-31 04:25:00+00:00,1361.0,1361.0999755859375,1359.699951171875,1360.0999755859375,196671
2025-10-31 04:30:00+00:00,1357.5,1361.4000244140625,1356.5999755859375,1361.0999755859375,347353
2025-10-31 04:35:00+00:00,1356.5,1358.0,1356.0999755859375,1357.199951171875,128799
2025-10-31 04:40:00+00:00,1356.300048828125,1357.699951171875,1356.300048828125,1356.5,42923
2025-10-31 04:45:00+00:00,1354.5999755859375,1356.0999755859375,1354.0,1356.0999755859375,340316
2025-10-31 04:50:00+00:00,1353.300048828125,1355.0999755859375,1353.0,1354.300048828125,120953
2025-10-31 04:55:00+00:00,1353.9000244140625,1354.0,1353.0999755859375,1353.300048828125,39556
2025-10-31 05:00:00+00:00,1351.699951171875,1354.0999755859375,1351.0,1353.800048828125,95902
2025-10-31 05:05:00+00:00,1350.5999755859375,1352.0,1349.9000244140625,1351.699951171875,189227
2025-10-31 05:10:00+00:00,1350.699951171875,1351.300048828125,1349.9000244140625,1350.5999755859375,172399
2025-10-31 05:15:00+00:00,1350.300048828125,1351.0,1350.0,1350.5999755859375,77247
2025-10-31 05:20:00+00:00,1349.800048828125,1351.300048828125,1349.699951171875,1350.199951171875,79545
2025-10-31 05:25:00+00:00,1347.9000244140625,1349.9000244140625,1347.199951171875,1349.800048828125,190718
2025-10-31 05:30:00+00:00,1347.699951171875,1348.5999755859375,1346.5999755859375,1348.0,107751
2025-10-31 05:35:00+00:00,1347.0999755859375,1348.0999755859375,1347.0,1347.699951171875,98562
2025-10-31 05:40:00+00:00,1347.199951171875,1347.5999755859375,1346.0999755859375,1346.9000244140625,83545
2025-10-31 05:45:00+00:00,1346.0999755859375,1347.199951171875,1345.0999755859375,1347.0999755859375,405820
2025-10-31 05:50:00+00:00,1346.300048828125,1347.5,1345.5999755859375,1346.0999755859375,160414
2025-10-31 05:55:00+00:00,1346.4000244140625,1347.199951171875,1346.0999755859375,1346.0999755859375,105158
2025-10-31 06:00:00+00:00,1347.5,1347.699951171875,1345.5999755859375,1346.300048828125,81727
2025-10-31 06:05:00+00:00,1348.5,1348.5,1347.199951171875,1347.199951171875,61756
2025-10-31 06:10:00+00:00,1348.4000244140625,1348.9000244140625,1347.5999755859375,1348.5,202285
2025-10-31 06:15:00+00:00,1348.300048828125,1348.5,1347.9000244140625,1348.300048828125,60879
2025-10-31 06:20:00+00:00,1349.0999755859375,1349.4000244140625,1348.0999755859375,1348.300048828125,56377
2025-10-31 06:25:00+00:00,1349.4000244140625,1349.5,1348.800048828125,1349.199951171875,46917
2025-10-31 06:30:00+00:00,1350.0999755859375,1350.199951171875,1349.0999755859375,1349.4000244140625,64078
2025-10-31 06:35:00+00:00,1350.199951171875,1350.199951171875,1349.4000244140625,1350.199951171875,86920
2025-10-31 06:40:00+00:00,1348.800048828125,1352.0,1348.300048828125,1350.0999755859375,104357
2025-10-31 06:45:00+00:00,1350.4000244140625,1350.5,1348.5999755859375,1348.5999755859375,43719
2025-10-31 06:50:00+00:00,1348.4000244140625,1350.4000244140625,1348.199951171875,1350.300048828125,156975
2025-10-31 06:55:00+00:00,1348.5,1349.300048828125,1348.0,1348.199951171875,66552
2025-10-31 07:00:00+00:00,1348.699951171875,1349.199951171875,1348.0,1348.300048828125,137630
2025-10-31 07:05:00+00:00,1349.0999755859375,1349.5,1348.199951171875,1348.5,47434
2025-10-31 07:10:00+00:00,1348.199951171875,1349.9000244140625,1348.0,1349.5,213984
2025-10-31 07:15:00+00:00,1348.0999755859375,1349.0999755859375,1348.0,1348.0999755859375,320160
2025-10-31 07:20:00+00:00,1349.300048828125,1349.4000244140625,1348.0,1348.0,54950
2025-10-31 07:25:00+00:00,1348.800048828125,1350.4000244140625,1348.800048828125,1349.300048828125,157539
2025-10-31 07:30:00+00:00,1350.0,1350.199951171875,1348.5999755859375,1349.199951171875,50684
2025-10-31 07:35:00+00:00,1349.0999755859375,1350.300048828125,1348.699951171875,1350.0,124248
2025-10-31 07:40:00+00:00,1348.5999755859375,1349.699951171875,1348.5999755859375,1349.0999755859375,79794
2025-10-31 07:45:00+00:00,1349.0999755859375,1349.199951171875,1348.5,1348.5999755859375,78740
2025-10-31 07:50:00+00:00,1349.0999755859375,1349.0999755859375,1348.199951171875,1348.5999755859375,65940
2025-10-31 07:55:00+00:00,1346.0,1349.0999755859375,1345.9000244140625,1349.0999755859375,252703
2025-10-31 08:00:00+00:00,1347.0,1347.0999755859375,1345.5999755859375,1345.800048828125,510641
2025-10-31 08:05:00+00:00,1346.300048828125,1347.4000244140625,1345.9000244140625,1347.0,131148
2025-10-31 08:10:00+00:00,1346.800048828125,1347.0,1346.0,1346.199951171875,69017
2025-10-31 08:15:00+00:00,1347.0999755859375,1347.199951171875,1346.0999755859375,1346.5,61848
2025-10-31 08:20:00+00:00,1347.5,1347.5,1346.199951171875,1346.5999755859375,62783
2025-10-31 08:25:00+00:00,1349.0,1349.199951171875,1347.0,1347.0,152876
2025-10-31 08:30:00+00:00,1347.800048828125,1349.199951171875,1347.5,1348.5,160123
2025-10-31 08:35:00+00:00,1348.0999755859375,1348.4000244140625,1346.5,1347.800048828125,147590
2025-10-31 08:40:00+00:00,1347.0999755859375,1348.0999755859375,1346.5999755859375,1348.0999755859375,84416
2025-10-31 08:45:00+00:00,1347.199951171875,1347.5999755859375,1346.0999755859375,1347.0,88721
2025-10-31 08:50:00+00:00,1348.199951171875,1348.199951171875,1346.5999755859375,1347.0,89801
2025-10-31 08:55:00+00:00,1349.9000244140625,1349.9000244140625,1347.5999755859375,1348.0,166752
2025-10-31 09:00:00+00:00,1348.5,1349.9000244140625,1348.0,1349.9000244140625,112281
2025-10-31 09:05:00+00:00,1349.199951171875,1349.199951171875,1347.300048828125,1348.300048828125,284168
2025-10-31 09:10:00+00:00,1349.0,1350.0,1348.5,1349.0,126959
2025-10-31 09:15:00+00:00,1348.699951171875,1349.4000244140625,1348.0,1348.5999755859375,128890
2025-10-31 09:20:00+00:00,1346.699951171875,1349.199951171875,1346.5999755859375,1348.699951171875,284574
2025-10-31 09:25:00+00:00,1347.699951171875,1348.0999755859375,1346.800048828125,1346.800048828125,138482
2025-10-31 09:30:00+00:00,1346.0,1347.699951171875,1345.800048828125,1347.699951171875,992371
2025-10-31 09:35:00+00:00,1345.4000244140625,1346.4000244140625,1345.300048828125,1346.0,969522
2025-10-31 09:40:00+00:00,1345.199951171875,1345.9000244140625,1345.0,1345.4000244140625,895341
2025-10-31 09:45:00+00:00,1344.5999755859375,1345.699951171875,1344.5999755859375,1345.300048828125,886632
2025-10-31 09:50:00+00:00,1344.300048828125,1344.800048828125,1343.699951171875,1344.699951171875,944814
2025-10-31 09:55:00+00:00,1345.300048828125,1345.9000244140625,1343.5,1344.0999755859375,537341
2025-11-03 03:45:00+00:00,1342.300048828125,1344.0,1340.5999755859375,1341.699951171875,0
2025-11-03 03:50:00+00:00,1343.0,1344.0,1342.300048828125,1342.4000244140625,111061
2025-11-03 03:55:00+00:00,1341.4000244140625,1343.5999755859375,1341.0999755859375,1342.5999755859375,170212
2025-11-03 04:00:00+00:00,1339.199951171875,1341.199951171875,1338.199951171875,1341.199951171875,461299
2025-11-03 04:05:00+00:00,1342.199951171875,1342.9000244140625,1338.300048828125,1339.300048828125,364008
2025-11-03 04:10:00+00:00,1345.199951171875,1345.199951171875,1342.199951171875,1342.199951171875,136381
2025-11-03 04:15:00+00:00,1347.199951171875,1348.0,1345.0,1345.0999755859375,132832
2025-11-03 04:20:00+00:00,1345.5,1348.5999755859375,1345.5,1347.0999755859375,110426
2025-11-03 04:25:00+00:00,1346.0999755859375,1346.4000244140625,1344.9000244140625,1345.5,113283
2025-11-03 04:30:00+00:00,1343.0,1346.0,1343.0,1346.0,85132
2025-11-03 04:35:00+00:00,1342.800048828125,1344.5,1341.4000244140625,1343.0999755859375,739622
2025-11-03 04:40:00+00:00,1343.300048828125,1344.5,1342.800048828125,1342.800048828125,69413
2025-11-03 04:45:00+00:00,1343.0999755859375,1344.199951171875,1342.199951171875,1343.199951171875,89359
2025-11-03 04:50:00+00:00,1343.800048828125,1344.0999755859375,1342.0999755859375,1343.5,537798
2025-11-03 04:55:00+00:00,1344.0,1344.699951171875,1342.9000244140625,1343.5999755859375,58357
2025-11-03 05:00:00+00:00,1343.800048828125,1344.5,1343.5999755859375,1344.0,52778
2025-11-03 05:05:00+00:00,1345.800048828125,1346.800048828125,1343.5999755859375,1343.699951171875,109955
2025-11-03 05:10:00+00:00,1346.199951171875,1347.5,1345.300048828125,1345.5999755859375,497816
2025-11-03 05:15:00+00:00,1346.0,1347.0,1345.5999755859375,1346.699951171875,266155
2025-11-03 05:20:00+00:00,1345.4000244140625,1346.0999755859375,1345.0,1346.0999755859375,157487
2025-11-03 05:25:00+00:00,1345.300048828125,1346.0,1345.0,1345.5,242657
2025-11-03 05:30:00+00:00,1345.0,1345.300048828125,1344.4000244140625,1345.300048828125,85835
2025-11-03 05:35:00+00:00,1346.5999755859375,1347.5,1344.800048828125,1345.5,112687
2025-11-03 05:40:00+00:00,1345.199951171875,1346.5999755859375,1345.0,1346.5999755859375,54681
2025-11-03 05:45:00+00:00,1346.699951171875,1346.699951171875,1344.699951171875,1345.0999755859375,63612
2025-11-03 05:50:00+00:00,1346.199951171875,1346.5,1345.0999755859375,1346.199951171875,58807
2025-11-03 05:55:00+00:00,1344.5999755859375,1346.4000244140625,1344.0,1345.9000244140625,55820
2025-11-03 06:00:00+00:00,1344.699951171875,1344.9000244140625,1344.300048828125,1344.5,38767
2025-11-03 06:05:00+00:00,1343.0999755859375,1344.5999755859375,1343.0999755859375,1344.5999755859375,113058
2025-11-03 06:10:00+00:00,1341.5999755859375,1343.5,1341.5999755859375,1343.0,240903
2025-11-03 06:15:00+00:00,1342.0,1342.5,1341.0,1341.5999755859375,227228
2025-11-03 06:20:00+00:00,1343.300048828125,1343.5999755859375,1341.5,1342.0999755859375,71464
2025-11-03 06:25:00+00:00,1344.9000244140625,1346.300048828125,1343.5999755859375,1343.699951171875,153999
2025-11-03 06:30:00+00:00,1344.5999755859375,1345.5999755859375,1344.5999755859375,1344.9000244140625,46958
2025-11-03 06:35:00+00:00,1344.199951171875,1344.9000244140625,1344.199951171875,1344.5,27390
2025-11-03 06:40:00+00:00,1344.0,1344.699951171875,1343.5,1344.0,69840
2025-11-03 06:45:00+00:00,1344.9000244140625,1344.9000244140625,1343.699951171875,1344.0,29876
2025-11-03 06:50:00+00:00,1344.199951171875,1345.9000244140625,1344.199951171875,1345.0,203896
2025-11-03 06:55:00+00:00,1343.5999755859375,1344.199951171875,1343.0999755859375,1344.0999755859375,112064
2025-11-03 07:00:00+00:00,1343.0,1343.800048828125,1341.9000244140625,1343.5999755859375,259353
2025-11-03 07:05:00+00:00,1343.5999755859375,1343.699951171875,1342.5,1343.0,40383
2025-11-03 07:10:00+00:00,1344.9000244140625,1344.9000244140625,1343.5,1343.5,123501
2025-11-03 07:15:00+00:00,1345.9000244140625,1346.199951171875,1344.5,1344.5,38123
2025-11-03 07:20:00+00:00,1345.5,1346.4000244140625,1344.9000244140625,1345.9000244140625,72731
2025-11-03 07:25:00+00:00,1345.800048828125,1346.5,1345.199951171875,1345.199951171875,43489
2025-11-03 07:30:00+00:00,1345.800048828125,1346.0,1345.0999755859375,1345.800048828125,53797
2025-11-03 07:35:00+00:00,1346.199951171875,1346.4000244140625,1345.0,1345.5,50763
2025-11-03 07:40:00+00:00,1346.300048828125,1346.800048828125,1345.800048828125,1346.199951171875,47261
2025-11-03 07:45:00+00:00,1346.5999755859375,1346.9000244140625,1346.199951171875,1346.300048828125,100577
2025-11-03 07:50:00+00:00,1347.0,1347.800048828125,1346.5,1346.5999755859375,73395
2025-11-03 07:55:00+00:00,1348.0999755859375,1348.0999755859375,1346.4000244140625,1347.0,87453
2025-11-03 08:00:00+00:00,1350.0,1350.0,1348.0,1348.0,147734
2025-11-03 08:05:00+00:00,1348.4000244140625,1351.5,1348.4000244140625,1350.0,114605
2025-11-03 08:10:00+00:00,1348.199951171875,1350.199951171875,1348.0999755859375,1348.300048828125,147554
2025-11-03 08:15:00+00:00,1345.699951171875,1348.699951171875,1345.5999755859375,1348.199951171875,210562
2025-11-03 08:20:00+00:00,1346.4000244140625,1347.199951171875,1345.0999755859375,1345.800048828125,168968
2025-11-03 08:25:00+00:00,1349.4000244140625,1349.5999755859375,1346.300048828125,1346.300048828125,83581
2025-11-03 08:30:00+00:00,1348.699951171875,1349.800048828125,1348.5,1349.300048828125,48073
2025-11-03 08:35:00+00:00,1347.199951171875,1349.4000244140625,1346.5,1349.0,129144
2025-11-03 08:40:00+00:00,1349.0,1349.0,1346.4000244140625,1347.199951171875,181185
2025-11-03 08:45:00+00:00,1349.0999755859375,1350.0999755859375,1348.9000244140625,1349.0,271422
2025-11-03 08:50:00+00:00,1349.699951171875,1350.0,1349.0999755859375,1349.0999755859375,68538
2025-11-03 08:55:00+00:00,1348.5,1349.699951171875,1348.5,1349.199951171875,28361
2025-11-03 09:00:00+00:00,1347.300048828125,1348.699951171875,1347.0999755859375,1348.5,57402
2025-11-03 09:05:00+00:00,1346.5,1347.300048828125,1346.199951171875,1347.300048828125,77052
2025-11-03 09:10:00+00:00,1346.4000244140625,1346.9000244140625,1346.0,1346.4000244140625,67139
2025-11-03 09:15:00+00:00,1345.300048828125,1346.699951171875,1345.199951171875,1346.5,166485
2025-11-03 09:20:00+00:00,1346.0999755859375,1346.5,1344.9000244140625,1345.199951171875,142473
2025-11-03 09:25:00+00:00,1345.5999755859375,1346.300048828125,1345.5999755859375,1346.0999755859375,85987
2025-11-03 09:30:00+00:00,1345.0999755859375,1346.199951171875,1344.800048828125,1345.800048828125,179028
2025-11-03 09:35:00+00:00,1346.0999755859375,1346.4000244140625,1344.300048828125,1345.0,288575
2025-11-03 09:40:00+00:00,1346.0999755859375,1346.800048828125,1345.5,1346.0999755859375,200370
2025-11-03 09:45:00+00:00,1346.5999755859375,1347.0999755859375,1345.9000244140625,1346.0999755859375,186718
2025-11-03 09:50:00+00:00,1347.0,1347.199951171875,1346.0,1346.5,216973
2025-11-03 09:55:00+00:00,1348.0,1349.800048828125,1346.800048828125,1346.800048828125,279839
2025-11-04 03:45:00+00:00,1347.5999755859375,1349.800048828125,1345.5999755859375,1345.5999755859375,0
2025-11-04 03:50:00+00:00,1347.5,1347.5,1346.0,1347.4000244140625,77455
2025-11-04 03:55:00+00:00,1345.0,1347.300048828125,1344.5999755859375,1347.300048828125,63967
2025-11-04 04:00:00+00:00,1342.0999755859375,1344.4000244140625,1341.5,1344.4000244140625,87780
2025-11-04 04:05:00+00:00,1342.9000244140625,1343.199951171875,1341.5,1342.0999755859375,82374
2025-11-04 04:10:00+00:00,1342.199951171875,1342.9000244140625,1341.699951171875,1342.5,55617
2025-11-04 04:15:00+00:00,1341.0999755859375,1342.5999755859375,1340.699951171875,1342.199951171875,57926
2025-11-04 04:20:00+00:00,1341.699951171875,1341.699951171875,1340.699951171875,1341.0999755859375,38973
2025-11-04 04:25:00+00:00,1341.699951171875,1342.0,1341.300048828125,1341.5999755859375,50274
2025-11-04 04:30:00+00:00,1342.0999755859375,1342.5999755859375,1341.699951171875,1341.699951171875,30002
2025-11-04 04:35:00+00:00,1340.699951171875,1342.0,1340.300048828125,1342.0,74901
2025-11-04 04:40:00+00:00,1341.4000244140625,1341.4000244140625,1340.199951171875,1340.800048828125,46675
2025-11-04 04:45:00+00:00,1341.5999755859375,1341.800048828125,1339.300048828125,1341.199951171875,92440
2025-11-04 04:50:00+00:00,1342.699951171875,1342.800048828125,1341.4000244140625,1341.5,28541
2025-11-04 04:55:00+00:00,1342.0,1343.0,1342.0,1342.800048828125,42130
2025-11-04 05:00:00+00:00,1341.9000244140625,1342.4000244140625,1341.5999755859375,1342.0999755859375,38855
2025-11-04 05:05:00+00:00,1341.0999755859375,1341.9000244140625,1341.0,1341.699951171875,37663
2025-11-04 05:10:00+00:00,1341.199951171875,1341.5,1340.699951171875,1340.800048828125,647455
2025-11-04 05:15:00+00:00,1340.800048828125,1341.300048828125,1340.0999755859375,1340.9000244140625,61537
2025-11-04 05:20:00+00:00,1340.800048828125,1341.0999755859375,1340.5,1340.5999755859375,65219
2025-11-04 05:25:00+00:00,1341.5999755859375,1341.9000244140625,1340.800048828125,1340.800048828125,369248
2025-11-04 05:30:00+00:00,1340.0999755859375,1342.4000244140625,1340.0,1341.5,134251
2025-11-04 05:35:00+00:00,1339.300048828125,1340.4000244140625,1339.0999755859375,1340.0999755859375,138532
2025-11-04 05:40:00+00:00,1339.300048828125,1339.9000244140625,1339.0,1339.300048828125,71675
2025-11-04 05:45:00+00:00,1339.199951171875,1340.0,1339.199951171875,1339.199951171875,167341
2025-11-04 05:50:00+00:00,1338.5,1340.0,1338.5,1339.300048828125,199918
2025-11-04 05:55:00+00:00,1339.0,1339.0,1337.199951171875,1338.5,150505
2025-11-04 06:00:00+00:00,1335.300048828125,1339.0,1335.300048828125,1339.0,492769
2025-11-04 06:05:00+00:00,1335.0999755859375,1336.9000244140625,1334.300048828125,1335.699951171875,258108
2025-11-04 06:10:00+00:00,1335.300048828125,1335.5,1334.5999755859375,1335.199951171875,104462
2025-11-04 06:15:00+00:00,1334.5,1335.699951171875,1334.0,1335.300048828125,126158
2025-11-04 06:20:00+00:00,1335.0,1335.0,1333.699951171875,1334.0999755859375,430888
2025-11-04 06:25:00+00:00,1333.800048828125,1335.0,1333.699951171875,1334.800048828125,106260
2025-11-04 06:30:00+00:00,1334.699951171875,1335.0,1333.5,1334.0,121923
2025-11-04 06:35:00+00:00,1335.800048828125,1336.4000244140625,1334.0999755859375,1334.300048828125,649932
2025-11-04 06:40:00+00:00,1336.800048828125,1336.9000244140625,1335.4000244140625,1336.300048828125,106331
2025-11-04 06:45:00+00:00,1336.199951171875,1337.300048828125,1335.0999755859375,1336.800048828125,245841
2025-11-04 06:50:00+00:00,1335.5999755859375,1336.5,1335.0999755859375,1336.199951171875,212630
2025-11-04 06:55:00+00:00,1335.300048828125,1336.300048828125,1335.0,1335.199951171875,122401
2025-11-04 07:00:00+00:00,1335.4000244140625,1336.0999755859375,1334.9000244140625,1335.4000244140625,73929
2025-11-04 07:05:00+00:00,1335.5999755859375,1336.0999755859375,1335.0,1335.300048828125,165557
2025-11-04 07:10:00+00:00,1335.699951171875,1336.5,1335.0,1335.9000244140625,108596
2025-11-04 07:15:00+00:00,1336.4000244140625,1338.199951171875,1335.9000244140625,1336.0999755859375,203654
2025-11-04 07:20:00+00:00,1334.5999755859375,1336.5999755859375,1334.4000244140625,1336.5999755859375,413254
2025-11-04 07:25:00+00:00,1335.300048828125,1335.800048828125,1334.199951171875,1334.800048828125,302553
2025-11-04 07:30:00+00:00,1336.5,1336.5999755859375,1334.5,1335.0,178109
2025-11-04 07:35:00+00:00,1336.199951171875,1337.800048828125,1335.699951171875,1336.5999755859375,173460
2025-11-04 07:40:00+00:00,1334.800048828125,1336.300048828125,1334.5999755859375,1336.0,163720
2025-11-04 07:45:00+00:00,1335.300048828125,1335.5999755859375,1334.5,1334.800048828125,176830
2025-11-04 07:50:00+00:00,1336.4000244140625,1336.5999755859375,1334.699951171875,1335.4000244140625,214269
2025-11-04 07:55:00+00:00,1337.5,1337.9000244140625,1335.5999755859375,1336.5,389454
2025-11-04 08:00:00+00:00,1337.5999755859375,1339.4000244140625,1336.4000244140625,1337.5999755859375,154415
2025-11-04 08:05:00+00:00,1339.0,1339.0999755859375,1337.300048828125,1337.9000244140625,123004
2025-11-04 08:10:00+00:00,1337.9000244140625,1339.0,1337.4000244140625,1339.0,83748
2025-11-04 08:15:00+00:00,1337.699951171875,1338.4000244140625,1337.300048828125,1337.9000244140625,83643
2025-11-04 08:20:00+00:00,1338.0,1338.5,1337.199951171875,1337.699951171875,115587
2025-11-04 08:25:00+00:00,1338.0,1339.0,1337.5999755859375,1338.0,84592
2025-11-04 08:30:00+00:00,1337.699951171875,1338.4000244140625,1337.4000244140625,1337.800048828125,80947
2025-11-04 08:35:00+00:00,1337.9000244140625,1338.199951171875,1337.300048828125,1337.9000244140625,88452
2025-11-04 08:40:00+00:00,1337.5,1338.0,1337.300048828125,1338.0,340404
2025-11-04 08:45:00+00:00,1337.5999755859375,1338.0,1337.0999755859375,1337.5999755859375,103066
2025-11-04 08:50:00+00:00,1337.4000244140625,1338.0,1337.0,1337.4000244140625,249567
2025-11-04 08:55:00+00:00,1337.699951171875,1338.0,1337.0,1337.699951171875,187571
2025-11-04 09:00:00+00:00,1337.0,1338.300048828125,1336.800048828125,1337.5,94047
2025-11-04 09:05:00+00:00,1337.300048828125,1338.5999755859375,1336.800048828125,1337.5,184252
2025-11-04 09:10:00+00:00,1337.5999755859375,1337.699951171875,1336.9000244140625,1337.4000244140625,179514
2025-11-04 09:15:00+00:00,1337.5,1337.9000244140625,1336.9000244140625,1337.5,155050
2025-11-04 09:20:00+00:00,1336.5,1338.5,1336.4000244140625,1337.300048828125,219065
2025-11-04 09:25:00+00:00,1337.4000244140625,1337.800048828125,1336.199951171875,1337.0,108444
2025-11-04 09:30:00+00:00,1336.5,1338.9000244140625,1336.0999755859375,1337.5,762570
2025-11-04 09:35:00+00:00,1337.9000244140625,1338.9000244140625,1336.199951171875,1336.4000244140625,1091519
2025-11-04 09:40:00+00:00,1338.0999755859375,1338.5,1337.0,1338.0999755859375,386987
2025-11-04 09:45:00+00:00,1336.4000244140625,1338.0999755859375,1335.4000244140625,1337.800048828125,485172
2025-11-04 09:50:00+00:00,1337.0999755859375,1337.699951171875,1336.5,1336.5,453184
2025-11-04 09:55:00+00:00,1335.4000244140625,1337.5999755859375,1333.4000244140625,1337.0999755859375,595196
2025-11-06 03:45:00+00:00,1338.699951171875,1341.5999755859375,1334.5999755859375,1334.5999755859375,0
2025-11-06 03:50:00+00:00,1335.9000244140625,1339.0,1333.9000244140625,1338.5999755859375,644596
2025-11-06 03:55:00+00:00,1332.0,1335.9000244140625,1331.5,1335.9000244140625,384794
2025-11-06 04:00:00+00:00,1333.0999755859375,1333.5,1331.5,1332.0,292901
2025-11-06 04:05:00+00:00,1332.5999755859375,1333.199951171875,1331.0999755859375,1333.0999755859375,400591
2025-11-06 04:10:00+00:00,1329.699951171875,1332.199951171875,1328.5,1332.199951171875,567521
2025-11-06 04:15:00+00:00,1330.300048828125,1331.4000244140625,1329.199951171875,1330.0,236941
2025-11-06 04:20:00+00:00,1330.5,1332.0,1329.699951171875,1330.199951171875,559317
2025-11-06 04:25:00+00:00,1332.0,1332.5,1329.800048828125,1330.800048828125,201436
2025-11-06 04:30:00+00:00,1331.5,1332.699951171875,1331.300048828125,1332.300048828125,176198
2025-11-06 04:35:00+00:00,1330.699951171875,1331.800048828125,1330.4000244140625,1331.5,185857
2025-11-06 04:40:00+00:00,1330.199951171875,1330.9000244140625,1329.4000244140625,1330.5999755859375,173291
2025-11-06 04:45:00+00:00,1329.4000244140625,1330.199951171875,1329.0,1330.0,178019
2025-11-06 04:50:00+00:00,1328.0,1329.9000244140625,1327.5999755859375,1329.300048828125,354387
2025-11-06 04:55:00+00:00,1327.800048828125,1328.5999755859375,1327.300048828125,1327.800048828125,165428
2025-11-06 05:00:00+00:00,1326.800048828125,1327.800048828125,1326.5999755859375,1327.800048828125,282192
2025-11-06 05:05:00+00:00,1325.199951171875,1327.4000244140625,1325.0999755859375,1326.9000244140625,517495
2025-11-06 05:10:00+00:00,1326.4000244140625,1326.699951171875,1324.5,1325.4000244140625,490866
2025-11-06 05:15:00+00:00,1326.199951171875,1326.800048828125,1325.199951171875,1326.5,172986
2025-11-06 05:20:00+00:00,1326.5,1326.699951171875,1325.9000244140625,1326.199951171875,154043
2025-11-06 05:25:00+00:00,1325.9000244140625,1326.699951171875,1325.699951171875,1326.300048828125,176646
2025-11-06 05:30:00+00:00,1327.800048828125,1328.0999755859375,1325.4000244140625,1325.800048828125,184822
2025-11-06 05:35:00+00:00,1327.0999755859375,1328.199951171875,1327.0999755859375,1328.0,164829
2025-11-06 05:40:00+00:00,1325.0999755859375,1327.300048828125,1325.0,1327.0999755859375,286360
2025-11-06 05:45:00+00:00,1322.699951171875,1325.4000244140625,1322.4000244140625,1325.0,363140
2025-11-06 05:50:00+00:00,1323.199951171875,1323.5,1322.4000244140625,1322.5,184598
2025-11-06 05:55:00+00:00,1322.5999755859375,1323.5,1321.4000244140625,1323.199951171875,362944
2025-11-06 06:00:00+00:00,1322.5999755859375,1323.0,1322.0,1322.699951171875,226800
2025-11-06 06:05:00+00:00,1322.5,1322.800048828125,1321.699951171875,1322.5999755859375,214040
2025-11-06 06:10:00+00:00,1322.0,1322.800048828125,1321.5,1322.5,196327
2025-11-06 06:15:00+00:00,1321.800048828125,1322.300048828125,1321.5,1321.800048828125,267048
2025-11-06 06:20:00+00:00,1320.5,1322.0,1320.0999755859375,1321.699951171875,491369
2025-11-06 06:25:00+00:00,1321.4000244140625,1321.5999755859375,1318.800048828125,1320.5,432054
2025-11-06 06:30:00+00:00,1321.800048828125,1322.0999755859375,1321.0,1321.4000244140625,202361
2025-11-06 06:35:00+00:00,1319.699951171875,1322.0,1319.4000244140625,1321.5,440064
2025-11-06 06:40:00+00:00,1320.0,1320.300048828125,1319.4000244140625,1319.9000244140625,145374
2025-11-06 06:45:00+00:00,1320.800048828125,1320.9000244140625,1319.0,1320.0,314826
2025-11-06 06:50:00+00:00,1319.800048828125,1321.0,1318.199951171875,1320.9000244140625,486513
2025-11-06 06:55:00+00:00,1318.699951171875,1320.0,1318.5999755859375,1320.0,141864
2025-11-06 07:00:00+00:00,1319.199951171875,1319.4000244140625,1318.4000244140625,1318.9000244140625,207919
2025-11-06 07:05:00+00:00,1317.800048828125,1319.4000244140625,1317.5999755859375,1319.300048828125,439363
2025-11-06 07:10:00+00:00,1318.0999755859375,1318.199951171875,1317.5999755859375,1317.5999755859375,618490
2025-11-06 07:15:00+00:00,1319.9000244140625,1319.9000244140625,1317.5,1318.0,668264
2025-11-06 07:20:00+00:00,1322.4000244140625,1322.5,1319.699951171875,1320.0,211564
2025-11-06 07:25:00+00:00,1323.199951171875,1323.9000244140625,1322.199951171875,1322.4000244140625,209069
2025-11-06 07:30:00+00:00,1322.699951171875,1324.0,1321.5,1323.0999755859375,266080
2025-11-06 07:35:00+00:00,1320.0999755859375,1323.300048828125,1319.9000244140625,1322.699951171875,412244
2025-11-06 07:40:00+00:00,1321.4000244140625,1321.5999755859375,1319.4000244140625,1320.300048828125,186570
2025-11-06 07:45:00+00:00,1321.5999755859375,1323.300048828125,1321.300048828125,1321.300048828125,193850
2025-11-06 07:50:00+00:00,1323.5999755859375,1323.800048828125,1321.5,1321.5999755859375,191200
2025-11-06 07:55:00+00:00,1323.0,1323.699951171875,1322.5999755859375,1323.5999755859375,159301
2025-11-06 08:00:00+00:00,1323.300048828125,1324.5999755859375,1322.4000244140625,1323.199951171875,307767
2025-11-06 08:05:00+00:00,1323.0999755859375,1324.699951171875,1322.699951171875,1323.300048828125,272950
2025-11-06 08:10:00+00:00,1323.300048828125,1324.300048828125,1322.5,1323.199951171875,217521
2025-11-06 08:15:00+00:00,1322.800048828125,1324.0,1322.300048828125,1323.300048828125,256139
2025-11-06 08:20:00+00:00,1322.699951171875,1323.9000244140625,1322.300048828125,1322.800048828125,176759
2025-11-06 08:25:00+00:00,1324.5999755859375,1324.5999755859375,1322.300048828125,1322.699951171875,188048
2025-11-06 08:30:00+00:00,1323.800048828125,1325.800048828125,1323.4000244140625,1324.4000244140625,245786
2025-11-06 08:35:00+00:00,1325.4000244140625,1325.5,1323.699951171875,1323.699951171875,243722
2025-11-06 08:40:00+00:00,1325.800048828125,1326.699951171875,1325.0999755859375,1325.4000244140625,271730
2025-11-06 08:45:00+00:00,1325.300048828125,1326.0999755859375,1324.5999755859375,1325.800048828125,221291
2025-11-06 08:50:00+00:00,1323.9000244140625,1325.300048828125,1323.4000244140625,1325.300048828125,201946
2025-11-06 08:55:00+00:00,1324.0,1324.300048828125,1322.800048828125,1324.0999755859375,168994
2025-11-06 09:00:00+00:00,1325.4000244140625,1325.4000244140625,1324.0999755859375,1324.0999755859375,97945
2025-11-06 09:05:00+00:00,1323.199951171875,1325.4000244140625,1322.9000244140625,1325.300048828125,227447
2025-11-06 09:10:00+00:00,1322.199951171875,1323.300048828125,1321.5999755859375,1323.199951171875,377930
2025-11-06 09:15:00+00:00,1321.0,1323.0999755859375,1321.0,1322.4000244140625,311607
2025-11-06 09:20:00+00:00,1322.300048828125,1323.0,1321.0,1321.0,259245
2025-11-06 09:25:00+00:00,1321.9000244140625,1322.699951171875,1319.9000244140625,1322.4000244140625,561372
2025-11-06 09:30:00+00:00,1320.0,1321.5999755859375,1319.699951171875,1321.5999755859375,552672
2025-11-06 09:35:00+00:00,1320.4000244140625,1320.9000244140625,1319.300048828125,1320.0,489157
2025-11-06 09:40:00+00:00,1320.199951171875,1320.4000244140625,1319.699951171875,1320.199951171875,414940
2025-11-06 09:45:00+00:00,1320.5,1320.9000244140625,1319.699951171875,1320.199951171875,683120
2025-11-06 09:50:00+00:00,1321.199951171875,1322.0,1320.4000244140625,1320.5,435322
2025-11-06 09:55:00+00:00,1320.300048828125,1321.4000244140625,1319.0999755859375,1321.300048828125,342048
2025-11-07 03:45:00+00:00,1323.800048828125,1324.800048828125,1318.5999755859375,1320.4000244140625,0
2025-11-07 03:50:00+00:00,1323.699951171875,1324.5,1322.800048828125,1323.4000244140625,147850
2025-11-07 03:55:00+00:00,1326.0999755859375,1327.199951171875,1323.5999755859375,1323.800048828125,117926
2025-11-07 04:00:00+00:00,1327.199951171875,1327.5,1325.9000244140625,1326.5,73070
2025-11-07 04:05:00+00:00,1328.300048828125,1328.5,1326.300048828125,1327.199951171875,57336
2025-11-07 04:10:00+00:00,1328.800048828125,1329.0,1326.199951171875,1328.4000244140625,91783
2025-11-07 04:15:00+00:00,1331.5999755859375,1331.5999755859375,1327.699951171875,1328.800048828125,107568
2025-11-07 04:20:00+00:00,1330.9000244140625,1331.9000244140625,1330.0,1331.5,99149
2025-11-07 04:25:00+00:00,1331.300048828125,1331.4000244140625,1330.199951171875,1331.0,58787
2025-11-07 04:30:00+00:00,1330.0,1331.699951171875,1330.0,1331.300048828125,73143
2025-11-07 04:35:00+00:00,1329.699951171875,1331.199951171875,1329.5999755859375,1330.199951171875,51115
2025-11-07 04:40:00+00:00,1330.4000244140625,1331.199951171875,1329.5999755859375,1329.5999755859375,43977
2025-11-07 04:45:00+00:00,1330.9000244140625,1331.199951171875,1330.0999755859375,1330.5,56466
2025-11-07 04:50:00+00:00,1331.300048828125,1331.800048828125,1330.800048828125,1330.800048828125,35022
2025-11-07 04:55:00+00:00,1331.0,1331.5,1330.699951171875,1330.9000244140625,30539
2025-11-07 05:00:00+00:00,1331.0,1331.199951171875,1330.300048828125,1331.0,49930
2025-11-07 05:05:00+00:00,1330.4000244140625,1331.0,1330.0,1331.0,54408
2025-11-07 05:10:00+00:00,1332.5999755859375,1332.5999755859375,1330.300048828125,1330.5,124057
2025-11-07 05:15:00+00:00,1332.699951171875,1333.4000244140625,1332.300048828125,1332.5999755859375,102067
2025-11-07 05:20:00+00:00,1332.0999755859375,1333.300048828125,1332.0999755859375,1332.699951171875,87369
2025-11-07 05:25:00+00:00,1331.300048828125,1333.0,1331.0,1332.199951171875,51225
2025-11-07 05:30:00+00:00,1332.699951171875,1332.800048828125,1330.5999755859375,1331.0,47681
2025-11-07 05:35:00+00:00,1332.9000244140625,1333.0,1331.9000244140625,1332.4000244140625,56220
2025-11-07 05:40:00+00:00,1334.5999755859375,1335.300048828125,1332.9000244140625,1333.0,246795
2025-11-07 05:45:00+00:00,1335.5,1337.0999755859375,1334.699951171875,1335.0,306046
2025-11-07 05:50:00+00:00,1335.699951171875,1336.5,1335.199951171875,1335.9000244140625,97009
2025-11-07 05:55:00+00:00,1335.800048828125,1336.199951171875,1335.199951171875,1335.800048828125,71428
2025-11-07 06:00:00+00:00,1337.5999755859375,1338.5,1335.800048828125,1335.800048828125,86915
2025-11-07 06:05:00+00:00,1337.0,1337.699951171875,1336.300048828125,1337.699951171875,58474
2025-11-07 06:10:00+00:00,1340.5,1340.5,1337.0,1337.0,455494
2025-11-07 06:15:00+00:00,1339.699951171875,1341.5999755859375,1339.0999755859375,1340.300048828125,217509
2025-11-07 06:20:00+00:00,1340.0999755859375,1340.9000244140625,1339.300048828125,1339.699951171875,187788
2025-11-07 06:25:00+00:00,1340.199951171875,1340.5999755859375,1340.0,1340.4000244140625,65227
2025-11-07 06:30:00+00:00,1340.4000244140625,1341.0999755859375,1340.0,1340.199951171875,62987
2025-11-07 06:35:00+00:00,1340.300048828125,1340.699951171875,1340.0,1340.5,39085
2025-11-07 06:40:00+00:00,1340.0999755859375,1340.699951171875,1339.699951171875,1340.0,82788
2025-11-07 06:45:00+00:00,1340.0,1340.9000244140625,1340.0,1340.0999755859375,81685
2025-11-07 06:50:00+00:00,1340.0999755859375,1340.4000244140625,1340.0,1340.0,33282
2025-11-07 06:55:00+00:00,1340.699951171875,1340.699951171875,1340.0,1340.0,32850
2025-11-07 07:00:00+00:00,1342.0999755859375,1342.800048828125,1340.5999755859375,1340.5999755859375,66813
2025-11-07 07:05:00+00:00,1343.0,1343.4000244140625,1342.0,1342.0999755859375,64159
2025-11-07 07:10:00+00:00,1342.699951171875,1343.0,1341.4000244140625,1343.0,58971
2025-11-07 07:15:00+00:00,1341.5,1343.0999755859375,1341.300048828125,1342.699951171875,64028
2025-11-07 07:20:00+00:00,1342.4000244140625,1343.4000244140625,1341.300048828125,1341.300048828125,59206
2025-11-07 07:25:00+00:00,1342.800048828125,1342.9000244140625,1341.9000244140625,1342.4000244140625,35408
2025-11-07 07:30:00+00:00,1343.0999755859375,1344.0,1342.5999755859375,1342.699951171875,102272
2025-11-07 07:35:00+00:00,1341.0,1343.4000244140625,1340.300048828125,1343.0999755859375,84702
2025-11-07 07:40:00+00:00,1340.300048828125,1341.0999755859375,1339.199951171875,1341.0999755859375,79951
2025-11-07 07:45:00+00:00,1339.9000244140625,1341.0,1339.5999755859375,1340.4000244140625,81522
2025-11-07 07:50:00+00:00,1340.4000244140625,1340.800048828125,1339.9000244140625,1340.0999755859375,53484
2025-11-07 07:55:00+00:00,1343.5,1343.9000244140625,1340.0999755859375,1340.4000244140625,77138
2025-11-07 08:00:00+00:00,1342.9000244140625,1344.0,1342.199951171875,1343.5999755859375,115673
2025-11-07 08:05:00+00:00,1342.9000244140625,1343.9000244140625,1342.0,1343.0,66861
2025-11-07 08:10:00+00:00,1342.5999755859375,1343.0999755859375,1342.0999755859375,1342.9000244140625,56263
2025-11-07 08:15:00+00:00,1342.0,1343.0999755859375,1342.0,1342.5,53951
2025-11-07 08:20:00+00:00,1342.199951171875,1342.4000244140625,1341.5,1342.0,55834
2025-11-07 08:25:00+00:00,1341.0999755859375,1342.0999755859375,1340.5,1342.0,65400
2025-11-07 08:30:00+00:00,1340.300048828125,1341.4000244140625,1339.5,1341.0999755859375,127251
2025-11-07 08:35:00+00:00,1341.199951171875,1341.4000244140625,1340.0999755859375,1340.300048828125,70954
2025-11-07 08:40:00+00:00,1341.300048828125,1341.800048828125,1340.699951171875,1341.199951171875,92989
2025-11-07 08:45:00+00:00,1341.300048828125,1341.4000244140625,1340.699951171875,1341.300048828125,46749
2025-11-07 08:50:00+00:00,1342.699951171875,1343.0,1341.199951171875,1341.199951171875,73955
2025-11-07 08:55:00+00:00,1343.699951171875,1344.0,1342.5,1342.699951171875,58111
2025-11-07 09:00:00+00:00,1342.699951171875,1344.0,1342.699951171875,1343.800048828125,53407
2025-11-07 09:05:00+00:00,1342.800048828125,1342.9000244140625,1342.0999755859375,1342.5999755859375,69796
2025-11-07 09:10:00+00:00,1344.0,1344.0,1342.5999755859375,1342.800048828125,87243
2025-11-07 09:15:00+00:00,1342.5,1344.0,1342.4000244140625,1344.0,68550
2025-11-07 09:20:00+00:00,1342.300048828125,1343.0999755859375,1342.0999755859375,1342.800048828125,97405
2025-11-07 09:25:00+00:00,1343.0,1343.4000244140625,1341.9000244140625,1342.4000244140625,147610
2025-11-07 09:30:00+00:00,1342.5999755859375,1343.5,1342.300048828125,1342.699951171875,254491
2025-11-07 09:35:00+00:00,1342.300048828125,1342.699951171875,1341.5999755859375,1342.5999755859375,223457
2025-11-07 09:40:00+00:00,1343.199951171875,1343.199951171875,1342.0999755859375,1342.300048828125,200961
2025-11-07 09:45:00+00:00,1343.9000244140625,1344.300048828125,1343.0999755859375,1343.199951171875,239132
2025-11-07 09:50:00+00:00,1343.699951171875,1344.199951171875,1343.0,1343.800048828125,284062
2025-11-07 09:55:00+00:00,1342.5999755859375,1343.699951171875,1341.5,1343.699951171875,219971
2025-11-10 03:45:00+00:00,1344.0,1347.9000244140625,1342.5999755859375,1342.5999755859375,0
2025-11-10 03:50:00+00:00,1342.800048828125,1344.699951171875,1342.199951171875,1343.699951171875,107674
2025-11-10 03:55:00+00:00,1344.0,1344.699951171875,1342.199951171875,1342.300048828125,67990
2025-11-10 04:00:00+00:00,1344.5,1346.0,1343.9000244140625,1344.0999755859375,104454
2025-11-10 04:05:00+00:00,1345.699951171875,1345.699951171875,1344.5999755859375,1344.699951171875,31108
2025-11-10 04:10:00+00:00,1345.5999755859375,1346.199951171875,1345.0,1345.699951171875,54222
2025-11-10 04:15:00+00:00,1347.0999755859375,1347.0999755859375,1345.5,1345.699951171875,51703
2025-11-10 04:20:00+00:00,1346.199951171875,1347.0999755859375,1346.199951171875,1347.0,35641
2025-11-10 04:25:00+00:00,1343.0,1346.199951171875,1343.0,1346.199951171875,65630
2025-11-10 04:30:00+00:00,1343.0999755859375,1344.0999755859375,1343.0,1343.300048828125,22482
2025-11-10 04:35:00+00:00,1343.800048828125,1344.199951171875,1343.0999755859375,1343.0999755859375,48523
2025-11-10 04:40:00+00:00,1343.9000244140625,1344.4000244140625,1343.0999755859375,1343.9000244140625,84086
2025-11-10 04:45:00+00:00,1343.5,1344.0,1342.199951171875,1343.9000244140625,138912
2025-11-10 04:50:00+00:00,1344.0999755859375,1344.4000244140625,1343.199951171875,1343.5,46519
2025-11-10 04:55:00+00:00,1346.0,1346.0,1344.0999755859375,1344.300048828125,81854
2025-11-10 05:00:00+00:00,1346.699951171875,1347.300048828125,1345.0,1346.300048828125,368134
2025-11-10 05:05:00+00:00,1345.800048828125,1346.699951171875,1345.0999755859375,1346.300048828125,180865
2025-11-10 05:10:00+00:00,1345.199951171875,1346.699951171875,1345.0999755859375,1346.5,53229
2025-11-10 05:15:00+00:00,1344.5999755859375,1345.0,1344.0,1345.0,84415
2025-11-10 05:20:00+00:00,1344.4000244140625,1344.800048828125,1343.4000244140625,1344.5999755859375,73557
2025-11-10 05:25:00+00:00,1344.300048828125,1344.699951171875,1344.0999755859375,1344.5,41190
2025-11-10 05:30:00+00:00,1344.4000244140625,1345.0,1344.0,1344.300048828125,50578
2025-11-10 05:35:00+00:00,1343.199951171875,1344.800048828125,1343.0999755859375,1344.4000244140625,122087
2025-11-10 05:40:00+00:00,1343.800048828125,1343.800048828125,1342.5,1343.0999755859375,82703
2025-11-10 05:45:00+00:00,1343.800048828125,1344.0999755859375,1342.800048828125,1343.5999755859375,228611
2025-11-10 05:50:00+00:00,1345.4000244140625,1345.9000244140625,1343.0999755859375,1343.699951171875,365614
2025-11-10 05:55:00+00:00,1345.0999755859375,1345.9000244140625,1345.0,1345.4000244140625,128054
2025-11-10 06:00:00+00:00,1345.0999755859375,1345.4000244140625,1345.0,1345.4000244140625,47158
2025-11-10 06:05:00+00:00,1343.699951171875,1345.0999755859375,1343.5999755859375,1345.0,206389
2025-11-10 06:10:00+00:00,1343.0999755859375,1344.0,1343.0,1343.699951171875,20132
2025-11-10 06:15:00+00:00,1343.5999755859375,1343.699951171875,1343.199951171875,1343.199951171875,24399
2025-11-10 06:20:00+00:00,1343.5,1344.0,1343.199951171875,1343.4000244140625,29777
2025-11-10 06:25:00+00:00,1342.0999755859375,1343.5,1342.0,1343.4000244140625,48725
2025-11-10 06:30:00+00:00,1342.300048828125,1343.0999755859375,1341.9000244140625,1342.0,49772
2025-11-10 06:35:00+00:00,1342.5,1343.0,1342.0,1342.0999755859375,49011
2025-11-10 06:40:00+00:00,1342.0,1343.0,1342.0,1343.0,22433
2025-11-10 06:45:00+00:00,1342.300048828125,1342.699951171875,1341.5,1341.9000244140625,86035
2025-11-10 06:50:00+00:00,1343.0,1343.9000244140625,1342.300048828125,1342.699951171875,54885
2025-11-10 06:55:00+00:00,1343.0,1343.800048828125,1342.5999755859375,1343.0999755859375,35810
2025-11-10 07:00:00+00:00,1343.0999755859375,1343.5999755859375,1342.699951171875,1343.0999755859375,27390
2025-11-10 07:05:00+00:00,1343.699951171875,1344.0,1342.5999755859375,1343.0999755859375,77098
2025-11-10 07:10:00+00:00,1345.0999755859375,1345.5,1343.800048828125,1343.800048828125,62135
2025-11-10 07:15:00+00:00,1346.0,1346.300048828125,1345.0999755859375,1345.199951171875,93756
2025-11-10 07:20:00+00:00,1346.199951171875,1346.300048828125,1346.0,1346.199951171875,42852
2025-11-10 07:25:00+00:00,1346.0999755859375,1346.4000244140625,1346.0,1346.300048828125,80216
2025-11-10 07:30:00+00:00,1345.199951171875,1346.0999755859375,1344.300048828125,1346.0999755859375,145750
2025-11-10 07:35:00+00:00,1345.199951171875,1345.199951171875,1345.0999755859375,1345.199951171875,76304
2025-11-10 07:40:00+00:00,1345.199951171875,1345.199951171875,1345.0999755859375,1345.0999755859375,177304
2025-11-10 07:45:00+00:00,1345.699951171875,1346.0999755859375,1345.0999755859375,1345.0999755859375,35470
2025-11-10 07:50:00+00:00,1345.5,1345.800048828125,1345.0999755859375,1345.699951171875,350289
2025-11-10 07:55:00+00:00,1345.800048828125,1346.0,1345.300048828125,1345.4000244140625,55861
2025-11-10 08:00:00+00:00,1345.5999755859375,1346.0,1345.5,1345.800048828125,68050
2025-11-10 08:05:00+00:00,1346.0,1346.0,1345.5,1345.5999755859375,52673
2025-11-10 08:10:00+00:00,1345.0,1346.0999755859375,1345.0,1345.699951171875,63542
2025-11-10 08:15:00+00:00,1346.199951171875,1346.300048828125,1344.5,1345.0,410135
2025-11-10 08:20:00+00:00,1346.0,1346.199951171875,1345.699951171875,1346.199951171875,45024
2025-11-10 08:25:00+00:00,1346.0,1346.199951171875,1345.800048828125,1346.0,56635
2025-11-10 08:30:00+00:00,1346.5999755859375,1346.800048828125,1345.800048828125,1346.0,117477
2025-11-10 08:35:00+00:00,1346.4000244140625,1346.699951171875,1346.0999755859375,1346.4000244140625,129370
2025-11-10 08:40:00+00:00,1348.300048828125,1348.4000244140625,1346.4000244140625,1346.4000244140625,87678
2025-11-10 08:45:00+00:00,1349.0999755859375,1349.4000244140625,1348.4000244140625,1348.4000244140625,91398
2025-11-10 08:50:00+00:00,1348.9000244140625,1349.5,1348.199951171875,1349.0999755859375,254908
2025-11-10 08:55:00+00:00,1348.9000244140625,1349.5999755859375,1348.4000244140625,1349.0999755859375,113214
2025-11-10 09:00:00+00:00,1349.0,1349.4000244140625,1348.5999755859375,1348.9000244140625,60433
2025-11-10 09:05:00+00:00,1349.199951171875,1349.5999755859375,1348.300048828125,1349.0999755859375,92265
2025-11-10 09:10:00+00:00,1348.300048828125,1349.4000244140625,1348.199951171875,1349.0,205763
2025-11-10 09:15:00+00:00,1348.5,1349.0999755859375,1347.4000244140625,1348.300048828125,151281
2025-11-10 09:20:00+00:00,1349.0,1349.199951171875,1348.0,1348.5999755859375,126976
2025-11-10 09:25:00+00:00,1348.699951171875,1349.199951171875,1348.0999755859375,1349.0,89861
2025-11-10 09:30:00+00:00,1348.9000244140625,1349.0,1347.0999755859375,1348.5999755859375,268648
2025-11-10 09:35:00+00:00,1347.5,1349.4000244140625,1347.4000244140625,1349.0999755859375,247086
2025-11-10 09:40:00+00:00,1347.5999755859375,1348.300048828125,1347.199951171875,1347.699951171875,231182
2025-11-10 09:45:00+00:00,1348.199951171875,1348.5999755859375,1347.5999755859375,1347.5999755859375,263041
2025-11-10 09:50:00+00:00,1347.699951171875,1348.199951171875,1347.5,1348.0999755859375,193434
2025-11-10 09:55:00+00:00,1347.5999755859375,1347.9000244140625,1346.5,1347.699951171875,191315
2025-11-11 03:45:00+00:00,1353.5999755859375,1354.699951171875,1348.0999755859375,1348.5,0
2025-11-11 03:50:00+00:00,1352.800048828125,1353.4000244140625,1350.9000244140625,1353.199951171875,81201
2025-11-11 03:55:00+00:00,1350.4000244140625,1352.5999755859375,1350.0,1352.5999755859375,80432
2025-11-11 04:00:00+00:00,1349.9000244140625,1351.0,1349.300048828125,1350.300048828125,94089
2025-11-11 04:05:00+00:00,1352.9000244140625,1352.9000244140625,1349.4000244140625,1349.800048828125,53007
2025-11-11 04:10:00+00:00,1353.4000244140625,1353.800048828125,1352.4000244140625,1352.5,59202
2025-11-11 04:15:00+00:00,1352.199951171875,1353.5,1352.199951171875,1353.4000244140625,65925
2025-11-11 04:20:00+00:00,1350.199951171875,1352.199951171875,1350.199951171875,1352.0,63171
2025-11-11 04:25:00+00:00,1350.9000244140625,1351.4000244140625,1350.199951171875,1350.199951171875,56756
2025-11-11 04:30:00+00:00,1349.4000244140625,1350.800048828125,1349.4000244140625,1350.699951171875,55742
2025-11-11 04:35:00+00:00,1350.300048828125,1350.4000244140625,1348.5999755859375,1349.300048828125,62947
2025-11-11 04:40:00+00:00,1349.4000244140625,1350.9000244140625,1348.9000244140625,1350.5,56461
2025-11-11 04:45:00+00:00,1351.0,1351.0,1348.5999755859375,1349.4000244140625,113130
2025-11-11 04:50:00+00:00,1349.5999755859375,1351.5,1349.199951171875,1351.199951171875,144624
2025-11-11 04:55:00+00:00,1349.9000244140625,1350.800048828125,1349.199951171875,1349.5,42103
2025-11-11 05:00:00+00:00,1349.5999755859375,1350.5999755859375,1349.0,1349.0999755859375,47218
2025-11-11 05:05:00+00:00,1349.0,1349.5,1348.0,1349.5,61076
2025-11-11 05:10:00+00:00,1349.0999755859375,1349.0999755859375,1348.300048828125,1348.9000244140625,64808
2025-11-11 05:15:00+00:00,1348.9000244140625,1349.699951171875,1348.699951171875,1349.0,43006
2025-11-11 05:20:00+00:00,1351.300048828125,1351.5999755859375,1348.699951171875,1348.9000244140625,90486
2025-11-11 05:25:00+00:00,1351.9000244140625,1352.5,1351.0,1351.199951171875,63852
2025-11-11 05:30:00+00:00,1351.9000244140625,1352.9000244140625,1351.5,1351.800048828125,68674
2025-11-11 05:35:00+00:00,1351.5999755859375,1352.0,1351.199951171875,1351.800048828125,90550
2025-11-11 05:40:00+00:00,1351.800048828125,1352.0,1350.9000244140625,1351.5999755859375,158010
2025-11-11 05:45:00+00:00,1350.9000244140625,1352.0,1350.5,1351.699951171875,46234
2025-11-11 05:50:00+00:00,1349.9000244140625,1351.0,1349.9000244140625,1350.699951171875,77993
2025-11-11 05:55:00+00:00,1349.800048828125,1350.0,1349.5999755859375,1349.9000244140625,44491
2025-11-11 06:00:00+00:00,1350.0999755859375,1350.4000244140625,1349.800048828125,1350.0,40703
2025-11-11 06:05:00+00:00,1350.800048828125,1351.0,1349.699951171875,1349.9000244140625,63807
2025-11-11 06:10:00+00:00,1350.9000244140625,1351.0999755859375,1350.4000244140625,1350.699951171875,44939
2025-11-11 06:15:00+00:00,1350.699951171875,1351.300048828125,1350.5,1350.5999755859375,45030
2025-11-11 06:20:00+00:00,1349.9000244140625,1350.800048828125,1349.0999755859375,1350.800048828125,58444
2025-11-11 06:25:00+00:00,1349.300048828125,1350.300048828125,1348.5999755859375,1349.800048828125,50694
2025-11-11 06:30:00+00:00,1349.800048828125,1349.800048828125,1348.5999755859375,1349.300048828125,44339
2025-11-11 06:35:00+00:00,1351.5,1351.5999755859375,1349.4000244140625,1349.800048828125,83239
2025-11-11 06:40:00+00:00,1351.4000244140625,1351.4000244140625,1350.0,1351.300048828125,63343
2025-11-11 06:45:00+00:00,1351.5,1351.5,1350.0,1351.300048828125,69581
2025-11-11 06:50:00+00:00,1351.800048828125,1352.0,1351.0999755859375,1351.5,43573
2025-11-11 06:55:00+00:00,1352.0999755859375,1352.800048828125,1350.9000244140625,1351.199951171875,58167
2025-11-11 07:00:00+00:00,1353.0,1353.0999755859375,1351.9000244140625,1352.0999755859375,104018
2025-11-11 07:05:00+00:00,1353.4000244140625,1353.4000244140625,1352.199951171875,1353.0,103560
2025-11-11 07:10:00+00:00,1353.5,1353.5999755859375,1352.300048828125,1353.0999755859375,95237
2025-11-11 07:15:00+00:00,1354.0999755859375,1354.0999755859375,1352.9000244140625,1353.5999755859375,87228
2025-11-11 07:20:00+00:00,1353.4000244140625,1354.0,1353.300048828125,1353.800048828125,58920
2025-11-11 07:25:00+00:00,1353.0999755859375,1353.699951171875,1352.300048828125,1353.699951171875,49467
2025-11-11 07:30:00+00:00,1353.199951171875,1353.800048828125,1352.300048828125,1353.4000244140625,46314
2025-11-11 07:35:00+00:00,1354.0,1354.4000244140625,1353.0,1353.199951171875,74859
2025-11-11 07:40:00+00:00,1355.0,1355.0,1353.0999755859375,1353.800048828125,73833
2025-11-11 07:45:00+00:00,1355.5,1356.0,1354.9000244140625,1355.0,84285
2025-11-11 07:50:00+00:00,1356.800048828125,1356.800048828125,1355.4000244140625,1355.5,64062
2025-11-11 07:55:00+00:00,1356.4000244140625,1356.9000244140625,1355.800048828125,1356.5999755859375,92878
2025-11-11 08:00:00+00:00,1356.9000244140625,1357.5,1356.0,1356.0,71910
2025-11-11 08:05:00+00:00,1358.0999755859375,1358.5,1356.5,1356.9000244140625,238625
2025-11-11 08:10:00+00:00,1358.0,1358.5999755859375,1357.4000244140625,1358.0999755859375,137383
2025-11-11 08:15:00+00:00,1360.0999755859375,1360.300048828125,1357.699951171875,1358.0,208406
2025-11-11 08:20:00+00:00,1360.0999755859375,1360.4000244140625,1358.5999755859375,1360.0999755859375,131050
2025-11-11 08:25:00+00:00,1356.5,1360.199951171875,1355.800048828125,1360.0999755859375,277747
2025-11-11 08:30:00+00:00,1357.300048828125,1358.0,1356.0999755859375,1356.5,80253
2025-11-11 08:35:00+00:00,1357.5,1357.800048828125,1357.0999755859375,1357.0999755859375,75201
2025-11-11 08:40:00+00:00,1355.800048828125,1357.5999755859375,1355.5,1357.5,45943
2025-11-11 08:45:00+00:00,1357.699951171875,1357.699951171875,1355.699951171875,1356.0999755859375,126854
2025-11-11 08:50:00+00:00,1357.4000244140625,1357.699951171875,1356.699951171875,1357.699951171875,188715
2025-11-11 08:55:00+00:00,1357.199951171875,1357.800048828125,1356.300048828125,1357.4000244140625,35764
2025-11-11 09:00:00+00:00,1356.9000244140625,1357.699951171875,1356.0999755859375,1357.0999755859375,57421
2025-11-11 09:05:00+00:00,1354.199951171875,1356.9000244140625,1354.0999755859375,1356.9000244140625,159256
2025-11-11 09:10:00+00:00,1355.5999755859375,1356.5,1354.199951171875,1354.199951171875,78666
2025-11-11 09:15:00+00:00,1356.199951171875,1356.4000244140625,1355.0,1355.5999755859375,133516
2025-11-11 09:20:00+00:00,1356.4000244140625,1357.0999755859375,1356.0,1356.199951171875,157302
2025-11-11 09:25:00+00:00,1356.300048828125,1357.0999755859375,1356.0,1356.4000244140625,135502
2025-11-11 09:30:00+00:00,1357.699951171875,1358.199951171875,1356.699951171875,1356.699951171875,263349
2025-11-11 09:35:00+00:00,1357.699951171875,1359.0,1357.199951171875,1357.699951171875,480784
2025-11-11 09:40:00+00:00,1358.5999755859375,1359.0,1356.5,1358.0999755859375,433303
2025-11-11 09:45:00+00:00,1358.300048828125,1359.0,1357.300048828125,1358.5999755859375,270934
2025-11-11 09:50:00+00:00,1358.699951171875,1359.0,1358.0999755859375,1358.5,306091
2025-11-11 09:55:00+00:00,1359.0,1359.300048828125,1357.5,1359.0,352307
2025-11-12 03:45:00+00:00,1361.199951171875,1369.9000244140625,1360.4000244140625,1369.9000244140625,0
2025-11-12 03:50:00+00:00,1364.4000244140625,1364.9000244140625,1361.0,1361.300048828125,151475
2025-11-12 03:55:00+00:00,1359.0999755859375,1364.4000244140625,1359.0999755859375,1364.4000244140625,90251
2025-11-12 04:00:00+00:00,1359.4000244140625,1360.0,1358.5999755859375,1359.0,75101
2025-11-12 04:05:00+00:00,1358.9000244140625,1359.5,1358.9000244140625,1359.5,61867
2025-11-12 04:10:00+00:00,1359.199951171875,1360.0,1358.800048828125,1359.0999755859375,39594
2025-11-12 04:15:00+00:00,1358.5999755859375,1359.5,1358.199951171875,1359.0999755859375,38178
2025-11-12 04:20:00+00:00,1359.300048828125,1360.0,1358.5,1359.0999755859375,40944
2025-11-12 04:25:00+00:00,1360.5,1360.5,1358.800048828125,1359.300048828125,73368
2025-11-12 04:30:00+00:00,1359.9000244140625,1361.0,1359.199951171875,1360.5,62029
2025-11-12 04:35:00+00:00,1359.800048828125,1360.300048828125,1359.199951171875,1359.9000244140625,45817
2025-11-12 04:40:00+00:00,1359.5,1360.0,1359.0999755859375,1359.800048828125,54327
2025-11-12 04:45:00+00:00,1359.5,1360.0,1359.0999755859375,1359.800048828125,101095
2025-11-12 04:50:00+00:00,1358.800048828125,1359.9000244140625,1358.199951171875,1359.5,61686
2025-11-12 04:55:00+00:00,1358.199951171875,1359.300048828125,1357.5999755859375,1358.5999755859375,125218
2025-11-12 05:00:00+00:00,1360.0,1360.0,1358.0,1358.300048828125,61390
2025-11-12 05:05:00+00:00,1360.699951171875,1360.800048828125,1359.800048828125,1360.0,27342
2025-11-12 05:10:00+00:00,1360.699951171875,1361.4000244140625,1360.0,1360.699951171875,44572
2025-11-12 05:15:00+00:00,1360.699951171875,1361.0,1360.4000244140625,1360.699951171875,28944
2025-11-12 05:20:00+00:00,1360.4000244140625,1361.0,1359.699951171875,1360.800048828125,134669
2025-11-12 05:25:00+00:00,1360.0999755859375,1360.4000244140625,1359.699951171875,1359.9000244140625,56732
2025-11-12 05:30:00+00:00,1360.0,1361.5999755859375,1359.199951171875,1360.0999755859375,120050
2025-11-12 05:35:00+00:00,1360.0,1360.5999755859375,1359.9000244140625,1360.0,93209
2025-11-12 05:40:00+00:00,1360.0999755859375,1360.4000244140625,1359.9000244140625,1360.0,43472
2025-11-12 05:45:00+00:00,1360.199951171875,1360.5,1359.5,1360.0,74941
2025-11-12 05:50:00+00:00,1361.0999755859375,1362.0,1359.699951171875,1360.199951171875,187016
2025-11-12 05:55:00+00:00,1361.4000244140625,1361.4000244140625,1360.699951171875,1361.0999755859375,38343
2025-11-12 06:00:00+00:00,1361.9000244140625,1362.0,1360.5999755859375,1361.0,47411
2025-11-12 06:05:00+00:00,1361.199951171875,1362.699951171875,1360.800048828125,1361.9000244140625,102408
2025-11-12 06:10:00+00:00,1360.5,1361.5,1360.0999755859375,1361.199951171875,83050
2025-11-12 06:15:00+00:00,1360.300048828125,1361.0999755859375,1360.0999755859375,1360.5,37415
2025-11-12 06:20:00+00:00,1360.699951171875,1361.0,1360.0999755859375,1360.300048828125,61767
2025-11-12 06:25:00+00:00,1360.5,1361.199951171875,1360.0,1360.300048828125,158888
2025-11-12 06:30:00+00:00,1359.0999755859375,1360.5,1358.0,1360.4000244140625,300747
2025-11-12 06:35:00+00:00,1359.699951171875,1359.800048828125,1358.5,1359.0999755859375,88034
2025-11-12 06:40:00+00:00,1360.0,1360.0999755859375,1359.0,1359.699951171875,138302
2025-11-12 06:45:00+00:00,1360.0,1361.0999755859375,1359.5999755859375,1360.0999755859375,214457
2025-11-12 06:50:00+00:00,1360.0,1360.199951171875,1359.800048828125,1360.0999755859375,46838
2025-11-12 06:55:00+00:00,1361.0,1361.5,1359.9000244140625,1360.0999755859375,201447
2025-11-12 07:00:00+00:00,1360.5999755859375,1361.300048828125,1360.4000244140625,1361.300048828125,139014
2025-11-12 07:05:00+00:00,1360.5999755859375,1361.0999755859375,1360.5,1361.0999755859375,57376
2025-11-12 07:10:00+00:00,1362.0,1362.199951171875,1360.699951171875,1361.0999755859375,156000
2025-11-12 07:15:00+00:00,1363.0,1363.300048828125,1361.5999755859375,1362.0,97800
2025-11-12 07:20:00+00:00,1363.4000244140625,1364.0,1362.0999755859375,1363.0,145953
2025-11-12 07:25:00+00:00,1365.0999755859375,1365.300048828125,1363.199951171875,1363.199951171875,485831
2025-11-12 07:30:00+00:00,1365.199951171875,1365.9000244140625,1365.0,1365.0999755859375,103267
2025-11-12 07:35:00+00:00,1364.800048828125,1365.300048828125,1364.199951171875,1365.199951171875,230804
2025-11-12 07:40:00+00:00,1365.4000244140625,1365.9000244140625,1364.699951171875,1364.699951171875,162533
2025-11-12 07:45:00+00:00,1366.5,1366.5999755859375,1365.0999755859375,1365.5999755859375,363176
2025-11-12 07:50:00+00:00,1366.5,1367.199951171875,1366.0,1366.4000244140625,321837
2025-11-12 07:55:00+00:00,1364.0,1366.9000244140625,1363.4000244140625,1366.300048828125,413177
2025-11-12 08:00:00+00:00,1362.0999755859375,1364.0,1361.199951171875,1364.0,52123
2025-11-12 08:05:00+00:00,1362.199951171875,1362.800048828125,1360.699951171875,1362.199951171875,130183
2025-11-12 08:10:00+00:00,1361.5,1362.699951171875,1360.5999755859375,1362.0999755859375,128617
2025-11-12 08:15:00+00:00,1362.5,1362.699951171875,1361.199951171875,1361.5999755859375,32501
2025-11-12 08:20:00+00:00,1362.9000244140625,1363.0,1362.4000244140625,1362.5,30969
2025-11-12 08:25:00+00:00,1362.5,1362.9000244140625,1362.0999755859375,1362.9000244140625,33749
2025-11-12 08:30:00+00:00,1362.300048828125,1363.0999755859375,1361.5,1362.5,67004
2025-11-12 08:35:00+00:00,1360.699951171875,1362.300048828125,1360.4000244140625,1362.0,132131
2025-11-12 08:40:00+00:00,1361.800048828125,1361.800048828125,1360.199951171875,1360.699951171875,108648
2025-11-12 08:45:00+00:00,1361.5,1361.9000244140625,1361.0,1361.800048828125,60971
2025-11-12 08:50:00+00:00,1361.0999755859375,1361.5,1360.699951171875,1361.199951171875,31123
2025-11-12 08:55:00+00:00,1361.800048828125,1362.4000244140625,1361.0,1361.0999755859375,191573
2025-11-12 09:00:00+00:00,1362.300048828125,1362.699951171875,1361.5999755859375,1361.800048828125,77623
2025-11-12 09:05:00+00:00,1361.199951171875,1362.5,1361.0999755859375,1362.4000244140625,33150
2025-11-12 09:10:00+00:00,1361.199951171875,1361.4000244140625,1360.199951171875,1361.0999755859375,169183
2025-11-12 09:15:00+00:00,1361.199951171875,1361.5,1360.9000244140625,1361.199951171875,28658
2025-11-12 09:20:00+00:00,1362.699951171875,1362.9000244140625,1360.800048828125,1361.300048828125,86568
2025-11-12 09:25:00+00:00,1362.5,1363.0,1361.5,1362.699951171875,99572
2025-11-12 09:30:00+00:00,1360.0,1362.5999755859375,1359.800048828125,1362.5999755859375,245654
2025-11-12 09:35:00+00:00,1360.5999755859375,1361.0,1360.0,1360.0999755859375,261356
2025-11-12 09:40:00+00:00,1358.699951171875,1360.5999755859375,1358.300048828125,1360.5,270574
2025-11-12 09:45:00+00:00,1357.300048828125,1358.699951171875,1357.300048828125,1358.5999755859375,253999
2025-11-12 09:50:00+00:00,1357.699951171875,1358.5,1357.199951171875,1357.300048828125,308276
2025-11-12 09:55:00+00:00,1358.9000244140625,1358.9000244140625,1355.9000244140625,1358.0999755859375,270268
2025-11-13 03:45:00+00:00,1365.800048828125,1366.4000244140625,1360.0,1360.0,0
2025-11-13 03:50:00+00:00,1368.300048828125,1368.4000244140625,1363.300048828125,1365.300048828125,298718
2025-11-13 03:55:00+00:00,1368.300048828125,1369.699951171875,1367.199951171875,1368.0,326956
2025-11-13 04:00:00+00:00,1369.5,1370.800048828125,1368.199951171875,1368.199951171875,363025
2025-11-13 04:05:00+00:00,1369.9000244140625,1370.5999755859375,1368.9000244140625,1369.4000244140625,173178
2025-11-13 04:10:00+00:00,1374.9000244140625,1374.9000244140625,1369.800048828125,1369.800048828125,257358
2025-11-13 04:15:00+00:00,1375.300048828125,1376.0999755859375,1374.0,1374.9000244140625,407197
2025-11-13 04:20:00+00:00,1375.0999755859375,1376.0,1374.5999755859375,1375.5,117813
2025-11-13 04:25:00+00:00,1375.5,1375.5,1375.0,1375.0999755859375,103944
2025-11-13 04:30:00+00:00,1376.0999755859375,1376.800048828125,1375.199951171875,1375.5,136366
2025-11-13 04:35:00+00:00,1382.0,1382.0,1375.9000244140625,1376.0999755859375,1566141
2025-11-13 04:40:00+00:00,1382.0,1383.5,1381.0,1382.0,388932
2025-11-13 04:45:00+00:00,1385.0,1385.199951171875,1381.699951171875,1382.0,705684
2025-11-13 04:50:00+00:00,1385.5,1385.9000244140625,1384.0999755859375,1385.199951171875,777381
2025-11-13 04:55:00+00:00,1383.9000244140625,1385.4000244140625,1382.9000244140625,1385.0999755859375,212618
2025-11-13 05:00:00+00:00,1385.9000244140625,1386.0,1383.699951171875,1383.800048828125,141891
2025-11-13 05:05:00+00:00,1385.5999755859375,1385.9000244140625,1384.800048828125,1385.9000244140625,71939
2025-11-13 05:10:00+00:00,1385.9000244140625,1386.199951171875,1385.300048828125,1385.5999755859375,106118
2025-11-13 05:15:00+00:00,1385.699951171875,1386.0,1385.300048828125,1385.9000244140625,75537
2025-11-13 05:20:00+00:00,1385.300048828125,1386.0,1385.300048828125,1385.5,81121
2025-11-13 05:25:00+00:00,1385.5,1385.800048828125,1385.0999755859375,1385.4000244140625,76740
2025-11-13 05:30:00+00:00,1386.4000244140625,1386.5999755859375,1385.199951171875,1385.5999755859375,152839
2025-11-13 05:35:00+00:00,1386.300048828125,1386.800048828125,1386.0,1386.5,158253
2025-11-13 05:40:00+00:00,1385.300048828125,1386.699951171875,1385.300048828125,1386.4000244140625,128819
2025-11-13 05:45:00+00:00,1385.4000244140625,1385.5999755859375,1385.0999755859375,1385.300048828125,157209
2025-11-13 05:50:00+00:00,1385.199951171875,1385.699951171875,1385.0999755859375,1385.4000244140625,132482
2025-11-13 05:55:00+00:00,1386.0999755859375,1386.199951171875,1385.199951171875,1385.300048828125,97062
2025-11-13 06:00:00+00:00,1386.300048828125,1386.4000244140625,1385.0999755859375,1386.0999755859375,125839
2025-11-13 06:05:00+00:00,1386.9000244140625,1387.0,1385.800048828125,1386.199951171875,86109
2025-11-13 06:10:00+00:00,1386.699951171875,1387.0,1386.199951171875,1386.800048828125,75522
2025-11-13 06:15:00+00:00,1387.699951171875,1387.800048828125,1386.4000244140625,1386.800048828125,194202
2025-11-13 06:20:00+00:00,1388.0,1388.0999755859375,1387.0,1387.699951171875,128652
2025-11-13 06:25:00+00:00,1387.9000244140625,1388.300048828125,1387.5,1387.9000244140625,213437
2025-11-13 06:30:00+00:00,1387.199951171875,1388.0,1387.199951171875,1388.0,184241
2025-11-13 06:35:00+00:00,1388.5999755859375,1388.800048828125,1387.199951171875,1387.199951171875,386014
2025-11-13 06:40:00+00:00,1388.699951171875,1389.300048828125,1388.0999755859375,1388.5999755859375,318578
2025-11-13 06:45:00+00:00,1389.4000244140625,1389.800048828125,1388.699951171875,1388.699951171875,147347
2025-11-13 06:50:00+00:00,1390.0999755859375,1390.300048828125,1389.0,1389.300048828125,250325
2025-11-13 06:55:00+00:00,1390.0999755859375,1390.199951171875,1389.300048828125,1390.0999755859375,514417
2025-11-13 07:00:00+00:00,1389.5,1390.199951171875,1389.199951171875,1390.0,880320
2025-11-13 07:05:00+00:00,1389.0,1390.0999755859375,1387.4000244140625,1389.5,424448
2025-11-13 07:10:00+00:00,1387.5,1389.300048828125,1386.5999755859375,1389.0,221768
2025-11-13 07:15:00+00:00,1387.5,1388.0,1386.800048828125,1387.5,281648
2025-11-13 07:20:00+00:00,1387.0,1388.0,1386.0999755859375,1387.4000244140625,96460
2025-11-13 07:25:00+00:00,1389.0999755859375,1389.9000244140625,1386.4000244140625,1387.0,124653
2025-11-13 07:30:00+00:00,1389.800048828125,1389.9000244140625,1388.800048828125,1389.5,116690
2025-11-13 07:35:00+00:00,1390.0,1390.0,1389.0999755859375,1389.800048828125,72010
2025-11-13 07:40:00+00:00,1389.699951171875,1390.0,1389.0999755859375,1389.800048828125,77311
2025-11-13 07:45:00+00:00,1389.9000244140625,1390.0,1388.9000244140625,1389.800048828125,115932
2025-11-13 07:50:00+00:00,1390.0,1390.199951171875,1388.800048828125,1389.9000244140625,136846
2025-11-13 07:55:00+00:00,1389.9000244140625,1390.300048828125,1389.800048828125,1390.0999755859375,182765
2025-11-13 08:00:00+00:00,1389.4000244140625,1390.300048828125,1389.0999755859375,1389.9000244140625,97328
2025-11-13 08:05:00+00:00,1389.9000244140625,1390.199951171875,1389.4000244140625,1389.4000244140625,75300
2025-11-13 08:10:00+00:00,1389.5,1390.4000244140625,1389.4000244140625,1389.9000244140625,85785
2025-11-13 08:15:00+00:00,1390.0,1390.199951171875,1389.5,1389.5,70783
2025-11-13 08:20:00+00:00,1390.0,1390.0999755859375,1389.699951171875,1390.0,94061
2025-11-13 08:25:00+00:00,1387.9000244140625,1390.0,1387.5999755859375,1390.0,129411
2025-11-13 08:30:00+00:00,1386.0,1387.5999755859375,1386.0,1387.5999755859375,237386
2025-11-13 08:35:00+00:00,1387.0,1387.800048828125,1386.199951171875,1386.199951171875,115055
2025-11-13 08:40:00+00:00,1386.9000244140625,1387.5,1386.0,1387.199951171875,118159
2025-11-13 08:45:00+00:00,1387.9000244140625,1388.0,1386.800048828125,1387.0,113032
2025-11-13 08:50:00+00:00,1387.300048828125,1388.0,1385.5999755859375,1387.9000244140625,190524
2025-11-13 08:55:00+00:00,1387.0999755859375,1387.5,1386.5,1387.300048828125,75615
2025-11-13 09:00:00+00:00,1386.800048828125,1387.5999755859375,1386.5999755859375,1387.300048828125,247350
2025-11-13 09:05:00+00:00,1385.0999755859375,1386.800048828125,1384.9000244140625,1386.800048828125,234214
2025-11-13 09:10:00+00:00,1385.4000244140625,1386.5,1385.0,1385.199951171875,289832
2025-11-13 09:15:00+00:00,1385.800048828125,1387.0,1385.5,1385.800048828125,226557
2025-11-13 09:20:00+00:00,1385.300048828125,1386.300048828125,1385.199951171875,1385.699951171875,358116
2025-11-13 09:25:00+00:00,1385.5999755859375,1386.4000244140625,1385.0999755859375,1385.9000244140625,214944
2025-11-13 09:30:00+00:00,1385.800048828125,1386.0,1385.0999755859375,1385.5,326373
2025-11-13 09:35:00+00:00,1385.699951171875,1386.5,1385.300048828125,1385.800048828125,288728
2025-11-13 09:40:00+00:00,1385.5999755859375,1386.5,1385.300048828125,1385.699951171875,408005
2025-11-13 09:45:00+00:00,1385.9000244140625,1387.5,1385.4000244140625,1385.5999755859375,334259
2025-11-13 09:50:00+00:00,1386.0,1386.300048828125,1385.300048828125,1385.800048828125,331355
2025-11-13 09:55:00+00:00,1385.9000244140625,1386.5999755859375,1385.300048828125,1386.199951171875,263184
2025-11-14 03:45:00+00:00,1379.199951171875,1381.199951171875,1375.0999755859375,1375.0999755859375,0
2025-11-14 03:50:00+00:00,1377.800048828125,1379.0,1377.199951171875,1379.0,83386
2025-11-14 03:55:00+00:00,1379.5,1379.5,1376.5999755859375,1377.300048828125,89870
2025-11-14 04:00:00+00:00,1380.199951171875,1380.199951171875,1378.199951171875,1379.4000244140625,63765
2025-11-14 04:05:00+00:00,1377.800048828125,1380.5999755859375,1377.4000244140625,1380.0999755859375,59573
2025-11-14 04:10:00+00:00,1378.0999755859375,1378.800048828125,1377.300048828125,1378.0,24816
2025-11-14 04:15:00+00:00,1377.0999755859375,1378.4000244140625,1377.0999755859375,1378.0999755859375,26792
2025-11-14 04:20:00+00:00,1375.9000244140625,1377.0,1375.5999755859375,1376.800048828125,46326
2025-11-14 04:25:00+00:00,1376.5999755859375,1377.4000244140625,1375.5,1375.5,30790
2025-11-14 04:30:00+00:00,1374.0,1376.199951171875,1373.0,1376.199951171875,77482
2025-11-14 04:35:00+00:00,1373.5,1374.300048828125,1373.5,1373.9000244140625,28763
2025-11-14 04:40:00+00:00,1372.199951171875,1373.5999755859375,1371.9000244140625,1373.5999755859375,61907
2025-11-14 04:45:00+00:00,1372.199951171875,1373.4000244140625,1371.699951171875,1372.0999755859375,67308
2025-11-14 04:50:00+00:00,1371.5,1372.5,1371.5,1372.0999755859375,52248
2025-11-14 04:55:00+00:00,1371.4000244140625,1372.300048828125,1371.199951171875,1371.5,47260
2025-11-14 05:00:00+00:00,1371.0,1372.0,1371.0,1371.5,46412
2025-11-14 05:05:00+00:00,1369.800048828125,1371.0999755859375,1369.699951171875,1371.0999755859375,73286
2025-11-14 05:10:00+00:00,1370.0,1370.300048828125,1369.0999755859375,1369.800048828125,61404
2025-11-14 05:15:00+00:00,1371.0,1371.300048828125,1370.0,1370.0,58493
2025-11-14 05:20:00+00:00,1373.300048828125,1373.300048828125,1370.800048828125,1371.0,86073
2025-11-14 05:25:00+00:00,1372.9000244140625,1373.4000244140625,1372.199951171875,1372.9000244140625,62902
2025-11-14 05:30:00+00:00,1374.0,1374.4000244140625,1372.9000244140625,1372.9000244140625,146510
2025-11-14 05:35:00+00:00,1373.4000244140625,1374.0999755859375,1373.0999755859375,1374.0,131319
2025-11-14 05:40:00+00:00,1373.5,1374.0999755859375,1373.0999755859375,1373.4000244140625,49252
2025-11-14 05:45:00+00:00,1371.4000244140625,1374.199951171875,1371.0999755859375,1373.5999755859375,68191
2025-11-14 05:50:00+00:00,1370.800048828125,1372.0999755859375,1370.699951171875,1371.4000244140625,54896
2025-11-14 05:55:00+00:00,1370.4000244140625,1371.0,1370.4000244140625,1370.699951171875,49445
2025-11-14 06:00:00+00:00,1370.0999755859375,1370.699951171875,1370.0999755859375,1370.4000244140625,39250
2025-11-14 06:05:00+00:00,1368.800048828125,1370.199951171875,1368.5999755859375,1370.0999755859375,337906
2025-11-14 06:10:00+00:00,1368.699951171875,1369.199951171875,1368.0,1368.800048828125,73301
2025-11-14 06:15:00+00:00,1368.4000244140625,1368.9000244140625,1368.0,1368.199951171875,79421
2025-11-14 06:20:00+00:00,1367.5,1368.699951171875,1367.5,1368.4000244140625,66459
2025-11-14 06:25:00+00:00,1368.300048828125,1368.4000244140625,1367.0999755859375,1367.5,65962
2025-11-14 06:30:00+00:00,1368.0,1369.0,1367.300048828125,1368.0,143673
2025-11-14 06:35:00+00:00,1367.800048828125,1368.800048828125,1367.300048828125,1368.0,139351
2025-11-14 06:40:00+00:00,1368.5,1369.5999755859375,1367.800048828125,1367.800048828125,189376
2025-11-14 06:45:00+00:00,1367.800048828125,1368.5,1367.5,1368.5,133992
2025-11-14 06:50:00+00:00,1368.800048828125,1369.5,1367.699951171875,1367.800048828125,101437
2025-11-14 06:55:00+00:00,1368.699951171875,1369.5999755859375,1368.300048828125,1368.800048828125,60463
2025-11-14 07:00:00+00:00,1367.800048828125,1369.0999755859375,1367.800048828125,1368.699951171875,55951
2025-11-14 07:05:00+00:00,1368.0,1368.9000244140625,1367.5999755859375,1367.9000244140625,83477
2025-11-14 07:10:00+00:00,1368.4000244140625,1368.699951171875,1367.5,1368.0,89624
2025-11-14 07:15:00+00:00,1367.5,1368.4000244140625,1367.0999755859375,1368.4000244140625,60170
2025-11-14 07:20:00+00:00,1367.699951171875,1368.0,1367.300048828125,1367.5,64936
2025-11-14 07:25:00+00:00,1368.0999755859375,1368.4000244140625,1367.4000244140625,1367.5999755859375,57415
2025-11-14 07:30:00+00:00,1368.300048828125,1368.800048828125,1367.300048828125,1367.5999755859375,46164
2025-11-14 07:35:00+00:00,1367.5,1368.699951171875,1367.300048828125,1368.0999755859375,47730
2025-11-14 07:40:00+00:00,1366.9000244140625,1368.0,1366.0999755859375,1367.5,86588
2025-11-14 07:45:00+00:00,1367.4000244140625,1368.4000244140625,1366.199951171875,1366.800048828125,57766
2025-11-14 07:50:00+00:00,1367.5,1368.300048828125,1367.300048828125,1367.800048828125,60381
2025-11-14 07:55:00+00:00,1368.0,1368.699951171875,1368.0,1368.0,62470
2025-11-14 08:00:00+00:00,1366.9000244140625,1368.199951171875,1366.5,1368.0,51258
2025-11-14 08:05:00+00:00,1365.699951171875,1367.0999755859375,1365.199951171875,1366.5,59236
2025-11-14 08:10:00+00:00,1364.300048828125,1366.300048828125,1364.300048828125,1365.5999755859375,133093
2025-11-14 08:15:00+00:00,1364.5,1365.0,1364.0,1364.699951171875,79165
2025-11-14 08:20:00+00:00,1364.0,1364.9000244140625,1364.0,1364.699951171875,39191
2025-11-14 08:25:00+00:00,1364.0,1364.699951171875,1363.5999755859375,1364.0,54520
2025-11-14 08:30:00+00:00,1364.4000244140625,1364.9000244140625,1364.0,1364.300048828125,38988
2025-11-14 08:35:00+00:00,1364.199951171875,1365.0,1364.0,1364.4000244140625,64092
2025-11-14 08:40:00+00:00,1363.9000244140625,1364.5,1363.5,1364.199951171875,39624
2025-11-14 08:45:00+00:00,1364.0999755859375,1364.5,1363.300048828125,1363.9000244140625,81242
2025-11-14 08:50:00+00:00,1364.5,1365.0,1363.9000244140625,1364.5,337739
2025-11-14 08:55:00+00:00,1366.5,1367.699951171875,1364.4000244140625,1364.4000244140625,102722
2025-11-14 09:00:00+00:00,1367.0999755859375,1367.699951171875,1366.0,1366.5,72351
2025-11-14 09:05:00+00:00,1368.0,1368.300048828125,1367.0,1367.0,130613
2025-11-14 09:10:00+00:00,1367.0,1368.199951171875,1366.9000244140625,1368.0999755859375,59455
2025-11-14 09:15:00+00:00,1367.0999755859375,1367.199951171875,1366.300048828125,1367.199951171875,100979
2025-11-14 09:20:00+00:00,1366.5,1367.4000244140625,1365.199951171875,1367.0,246771
2025-11-14 09:25:00+00:00,1365.4000244140625,1366.9000244140625,1365.0999755859375,1366.9000244140625,61087
2025-11-14 09:30:00+00:00,1371.9000244140625,1372.0,1365.9000244140625,1365.9000244140625,702236
2025-11-14 09:35:00+00:00,1374.300048828125,1374.300048828125,1371.5999755859375,1372.0,631248
2025-11-14 09:40:00+00:00,1373.9000244140625,1374.800048828125,1372.5999755859375,1374.300048828125,632973
2025-11-14 09:45:00+00:00,1373.4000244140625,1374.5999755859375,1373.0,1374.199951171875,600797
2025-11-14 09:50:00+00:00,1374.0,1374.5,1373.199951171875,1373.800048828125,608522
2025-11-14 09:55:00+00:00,1373.0,1374.800048828125,1372.0,1374.4000244140625,410707
