Price,Close,High,Low,Open,Volume
Ticker,INFY.NS,INFY.NS,INFY.NS,INFY.NS,INFY.NS
Datetime,,,,,
2025-08-20 03:45:00+00:00,1462.0999755859375,1462.4000244140625,1443.199951171875,1447.4000244140625,293413
2025-08-20 04:00:00+00:00,1463.5,1465.300048828125,1457.5,1462.4000244140625,403385
2025-08-20 04:15:00+00:00,1464.9000244140625,1465.5999755859375,1462.5999755859375,1463.5,239197
2025-08-20 04:30:00+00:00,1471.0,1471.5999755859375,1464.5,1464.800048828125,357826
2025-08-20 04:45:00+00:00,1477.9000244140625,1478.9000244140625,1469.5,1471.699951171875,1022353
2025-08-20 05:00:00+00:00,1480.699951171875,1481.9000244140625,1476.5,1478.199951171875,1072174
2025-08-20 05:15:00+00:00,1478.5999755859375,1482.9000244140625,1478.0,1480.699951171875,314983
2025-08-20 05:30:00+00:00,1480.0,1481.300048828125,1478.4000244140625,1478.5999755859375,126116
2025-08-20 05:45:00+00:00,1480.199951171875,1480.5,1478.0,1479.9000244140625,166680
2025-08-20 06:00:00+00:00,1484.199951171875,1484.199951171875,1480.199951171875,1480.5,282459
2025-08-20 06:15:00+00:00,1485.800048828125,1486.0,1482.0999755859375,1484.5,311455
2025-08-20 06:30:00+00:00,1486.4000244140625,1487.0,1484.5,1485.5,264615
2025-08-20 06:45:00+00:00,1485.0,1487.0,1483.4000244140625,1486.4000244140625,267721
2025-08-20 07:00:00+00:00,1486.199951171875,1487.0,1484.9000244140625,1485.0,201340
2025-08-20 07:15:00+00:00,1487.0,1487.4000244140625,1485.5,1486.199951171875,186047
2025-08-20 07:30:00+00:00,1487.5,1487.699951171875,1485.800048828125,1486.9000244140625,222624
2025-08-20 07:45:00+00:00,1484.5999755859375,1489.5,1484.0,1487.300048828125,401141
2025-08-20 08:00:00+00:00,1484.4000244140625,1486.9000244140625,1483.300048828125,1484.300048828125,192188
2025-08-20 08:15:00+00:00,1483.4000244140625,1484.5999755859375,1481.5,1484.4000244140625,241676
2025-08-20 08:30:00+00:00,1485.699951171875,1487.699951171875,1483.300048828125,1483.699951171875,408580
2025-08-20 08:45:00+00:00,1492.0999755859375,1492.800048828125,1485.300048828125,1485.5999755859375,627324
2025-08-20 09:00:00+00:00,1496.5999755859375,1497.4000244140625,1490.5999755859375,1492.0999755859375,458354
2025-08-20 09:15:00+00:00,1497.199951171875,1499.0,1495.9000244140625,1496.5,735190
2025-08-20 09:30:00+00:00,1496.5,1498.0,1495.0999755859375,1497.199951171875,671043
2025-08-20 09:45:00+00:00,1496.4000244140625,1496.800048828125,1494.0999755859375,1496.5,713721
2025-08-21 03:45:00+00:00,1489.0999755859375,1503.5,1484.800048828125,1503.5,802100
2025-08-21 04:00:00+00:00,1487.0999755859375,1490.5,1485.800048828125,1488.5999755859375,177458
2025-08-21 04:15:00+00:00,1490.699951171875,1491.4000244140625,1486.9000244140625,1487.5,155611
2025-08-21 04:30:00+00:00,1493.9000244140625,1495.5999755859375,1488.5999755859375,1490.5999755859375,513490
2025-08-21 04:45:00+00:00,1502.199951171875,1502.199951171875,1493.4000244140625,1493.9000244140625,369709
2025-08-21 05:00:00+00:00,1499.9000244140625,1502.699951171875,1498.699951171875,1502.199951171875,348345
2025-08-21 05:15:00+00:00,1498.0,1500.0,1495.9000244140625,1500.0,218426
2025-08-21 05:30:00+00:00,1499.800048828125,1500.0999755859375,1497.699951171875,1497.9000244140625,147501
2025-08-21 05:45:00+00:00,1500.300048828125,1501.199951171875,1499.0999755859375,1499.9000244140625,105004
2025-08-21 06:00:00+00:00,1501.0,1501.5,1498.199951171875,1500.300048828125,124217
2025-08-21 06:15:00+00:00,1500.9000244140625,1501.0,1497.300048828125,1501.0,369424
2025-08-21 06:30:00+00:00,1501.300048828125,1503.199951171875,1500.0,1501.0,326476
2025-08-21 06:45:00+00:00,1499.800048828125,1501.5999755859375,1499.0,1501.0,147854
2025-08-21 07:00:00+00:00,1501.699951171875,1501.699951171875,1498.5,1499.800048828125,194343
2025-08-21 07:15:00+00:00,1498.9000244140625,1502.5999755859375,1498.4000244140625,1501.699951171875,192825
2025-08-21 07:30:00+00:00,1500.699951171875,1501.5999755859375,1498.0,1498.800048828125,149407
2025-08-21 07:45:00+00:00,1497.4000244140625,1501.199951171875,1497.199951171875,1500.5999755859375,97671
2025-08-21 08:00:00+00:00,1497.0,1497.699951171875,1493.9000244140625,1497.4000244140625,201098
2025-08-21 08:15:00+00:00,1496.0,1497.0,1494.5999755859375,1496.800048828125,130998
2025-08-21 08:30:00+00:00,1497.0999755859375,1498.0,1495.5,1496.0,141640
2025-08-21 08:45:00+00:00,1497.5999755859375,1499.0,1497.0,1497.0999755859375,176059
2025-08-21 09:00:00+00:00,1495.300048828125,1497.5999755859375,1494.300048828125,1497.5,277609
2025-08-21 09:15:00+00:00,1496.4000244140625,1497.5,1494.699951171875,1495.300048828125,281825
2025-08-21 09:30:00+00:00,1496.5999755859375,1497.4000244140625,1495.4000244140625,1496.5999755859375,551947
2025-08-21 09:45:00+00:00,1495.0,1497.0999755859375,1494.5999755859375,1496.5,364019
2025-08-22 03:45:00+00:00,1495.4000244140625,1503.0999755859375,1492.699951171875,1499.300048828125,529178
2025-08-22 04:00:00+00:00,1496.0,1496.699951171875,1491.699951171875,1495.0,369914
2025-08-22 04:15:00+00:00,1492.5999755859375,1496.4000244140625,1487.9000244140625,1496.0,451986
2025-08-22 04:30:00+00:00,1492.0,1492.9000244140625,1489.9000244140625,1492.4000244140625,132950
2025-08-22 04:45:00+00:00,1490.0999755859375,1491.9000244140625,1487.800048828125,1491.4000244140625,186146
2025-08-22 05:00:00+00:00,1491.4000244140625,1492.4000244140625,1490.300048828125,1490.5,72965
2025-08-22 05:15:00+00:00,1492.0,1492.800048828125,1491.300048828125,1491.300048828125,55686
2025-08-22 05:30:00+00:00,1494.699951171875,1495.0,1492.0,1492.0,170627
2025-08-22 05:45:00+00:00,1496.0,1497.0,1494.0,1494.800048828125,136777
2025-08-22 06:00:00+00:00,1495.5999755859375,1496.699951171875,1494.199951171875,1496.0999755859375,126468
2025-08-22 06:15:00+00:00,1497.800048828125,1498.0,1495.0999755859375,1495.0999755859375,107684
2025-08-22 06:30:00+00:00,1493.5,1497.9000244140625,1492.5999755859375,1497.800048828125,188481
2025-08-22 06:45:00+00:00,1495.800048828125,1495.800048828125,1493.0999755859375,1493.5,77543
2025-08-22 07:00:00+00:00,1496.300048828125,1499.5999755859375,1495.5,1495.800048828125,273658
2025-08-22 07:15:00+00:00,1494.300048828125,1496.800048828125,1494.0,1496.199951171875,81876
2025-08-22 07:30:00+00:00,1492.9000244140625,1495.5999755859375,1492.0,1494.5,106285
2025-08-22 07:45:00+00:00,1492.5999755859375,1493.199951171875,1491.0,1492.699951171875,115618
2025-08-22 08:00:00+00:00,1493.300048828125,1495.300048828125,1492.5,1492.5999755859375,202531
2025-08-22 08:15:00+00:00,1490.5,1493.0,1490.0,1492.9000244140625,214257
2025-08-22 08:30:00+00:00,1490.699951171875,1492.300048828125,1490.0999755859375,1490.5,183465
2025-08-22 08:45:00+00:00,1490.0999755859375,1491.4000244140625,1489.0999755859375,1490.699951171875,221450
2025-08-22 09:00:00+00:00,1489.0,1490.0999755859375,1488.0,1490.0999755859375,266793
2025-08-22 09:15:00+00:00,1489.199951171875,1489.5999755859375,1488.300048828125,1489.0,245165
2025-08-22 09:30:00+00:00,1487.4000244140625,1489.300048828125,1486.0999755859375,1489.199951171875,586371
2025-08-22 09:45:00+00:00,1487.9000244140625,1489.4000244140625,1487.300048828125,1487.4000244140625,438662
2025-08-25 03:45:00+00:00,1517.9000244140625,1519.699951171875,1508.5999755859375,1515.699951171875,391568
2025-08-25 04:00:00+00:00,1527.4000244140625,1528.9000244140625,1517.5,1517.5,1100376
2025-08-25 04:15:00+00:00,1523.699951171875,1528.699951171875,1522.199951171875,1527.4000244140625,516174
2025-08-25 04:30:00+00:00,1521.9000244140625,1524.699951171875,1519.199951171875,1523.5999755859375,353925
2025-08-25 04:45:00+00:00,1520.199951171875,1525.9000244140625,1519.5999755859375,1521.5,307605
2025-08-25 05:00:00+00:00,1532.800048828125,1532.800048828125,1519.800048828125,1520.199951171875,389367
2025-08-25 05:15:00+00:00,1532.4000244140625,1535.699951171875,1531.5999755859375,1532.800048828125,377932
2025-08-25 05:30:00+00:00,1535.199951171875,1535.699951171875,1531.0999755859375,1532.4000244140625,226695
2025-08-25 05:45:00+00:00,1534.5,1535.5999755859375,1532.4000244140625,1535.4000244140625,190882
2025-08-25 06:00:00+00:00,1534.800048828125,1535.199951171875,1533.199951171875,1534.5,184212
2025-08-25 06:15:00+00:00,1536.5,1536.5,1533.699951171875,1534.5999755859375,322094
2025-08-25 06:30:00+00:00,1534.9000244140625,1537.5,1534.0999755859375,1536.5,386856
2025-08-25 06:45:00+00:00,1535.4000244140625,1535.9000244140625,1534.199951171875,1534.800048828125,220309
2025-08-25 07:00:00+00:00,1535.5999755859375,1536.0,1534.0999755859375,1535.5,185258
2025-08-25 07:15:00+00:00,1536.800048828125,1537.0,1535.0,1535.5999755859375,240320
2025-08-25 07:30:00+00:00,1537.5999755859375,1537.5999755859375,1534.9000244140625,1536.800048828125,258309
2025-08-25 07:45:00+00:00,1536.9000244140625,1537.5999755859375,1536.0,1537.5,300582
2025-08-25 08:00:00+00:00,1537.300048828125,1538.0,1536.5,1537.0,382394
2025-08-25 08:15:00+00:00,1536.300048828125,1539.0,1536.199951171875,1537.199951171875,724375
2025-08-25 08:30:00+00:00,1534.699951171875,1537.699951171875,1534.5,1536.300048828125,380265
2025-08-25 08:45:00+00:00,1534.0999755859375,1537.4000244140625,1533.0999755859375,1534.699951171875,338518
2025-08-25 09:00:00+00:00,1528.800048828125,1534.5,1526.800048828125,1534.0,1186182
2025-08-25 09:15:00+00:00,1531.800048828125,1532.4000244140625,1529.0,1529.0999755859375,235176
2025-08-25 09:30:00+00:00,1532.699951171875,1533.300048828125,1529.0,1531.9000244140625,442743
2025-08-25 09:45:00+00:00,1532.0999755859375,1534.800048828125,1531.9000244140625,1532.300048828125,508150
2025-08-26 03:45:00+00:00,1532.199951171875,1535.4000244140625,1522.800048828125,1524.5,224107
2025-08-26 04:00:00+00:00,1532.300048828125,1538.199951171875,1530.199951171875,1532.5999755859375,398812
2025-08-26 04:15:00+00:00,1532.300048828125,1536.5999755859375,1531.5999755859375,1532.4000244140625,141376
2025-08-26 04:30:00+00:00,1530.0,1532.4000244140625,1528.300048828125,1532.4000244140625,252937
2025-08-26 04:45:00+00:00,1531.0999755859375,1534.5999755859375,1529.5,1530.0999755859375,212090
2025-08-26 05:00:00+00:00,1532.800048828125,1533.800048828125,1530.199951171875,1531.5999755859375,124195
2025-08-26 05:15:00+00:00,1530.300048828125,1532.199951171875,1529.300048828125,1532.0999755859375,222483
2025-08-26 05:30:00+00:00,1531.5999755859375,1532.5999755859375,1530.0999755859375,1530.199951171875,110371
2025-08-26 05:45:00+00:00,1534.199951171875,1535.0,1531.4000244140625,1531.800048828125,172783
2025-08-26 06:00:00+00:00,1533.199951171875,1535.699951171875,1531.4000244140625,1535.0,207564
2025-08-26 06:15:00+00:00,1526.699951171875,1534.199951171875,1524.5999755859375,1533.5999755859375,271009
2025-08-26 06:30:00+00:00,1524.5999755859375,1526.9000244140625,1522.4000244140625,1526.199951171875,168982
2025-08-26 06:45:00+00:00,1521.199951171875,1525.0,1520.4000244140625,1524.800048828125,197656
2025-08-26 07:00:00+00:00,1522.0,1523.0,1519.4000244140625,1521.199951171875,210817
2025-08-26 07:15:00+00:00,1522.699951171875,1524.5999755859375,1521.199951171875,1522.0,170156
2025-08-26 07:30:00+00:00,1525.5,1526.0999755859375,1522.300048828125,1522.5999755859375,234441
2025-08-26 07:45:00+00:00,1527.0,1527.5,1524.0,1525.0,456270
2025-08-26 08:00:00+00:00,1525.199951171875,1528.0,1524.0,1527.4000244140625,215671
2025-08-26 08:15:00+00:00,1522.0,1525.800048828125,1521.0999755859375,1525.800048828125,318554
2025-08-26 08:30:00+00:00,1521.5999755859375,1523.5,1520.5,1521.9000244140625,243030
2025-08-26 08:45:00+00:00,1522.5,1522.5999755859375,1518.699951171875,1521.5999755859375,300576
2025-08-26 09:00:00+00:00,1528.199951171875,1530.5,1522.4000244140625,1522.5,824095
2025-08-26 09:15:00+00:00,1526.699951171875,1529.0,1525.0999755859375,1528.300048828125,556497
2025-08-26 09:30:00+00:00,1527.699951171875,1532.4000244140625,1523.0,1526.199951171875,5422901
2025-08-26 09:45:00+00:00,1528.5,1534.0,1526.300048828125,1527.699951171875,4075231
2025-08-28 03:45:00+00:00,1513.5,1526.699951171875,1509.5,1524.5,227765
2025-08-28 04:00:00+00:00,1515.9000244140625,1515.9000244140625,1511.300048828125,1513.199951171875,141684
2025-08-28 04:15:00+00:00,1511.300048828125,1516.5,1511.199951171875,1515.800048828125,117713
2025-08-28 04:30:00+00:00,1506.5,1512.5,1506.199951171875,1511.300048828125,183927
2025-08-28 04:45:00+00:00,1508.5999755859375,1509.4000244140625,1504.4000244140625,1506.5,245620
2025-08-28 05:00:00+00:00,1510.800048828125,1511.4000244140625,1508.199951171875,1508.5,180542
2025-08-28 05:15:00+00:00,1510.9000244140625,1512.5,1508.199951171875,1510.5,165194
2025-08-28 05:30:00+00:00,1509.5999755859375,1511.5,1507.4000244140625,1510.9000244140625,235412
2025-08-28 05:45:00+00:00,1504.4000244140625,1510.4000244140625,1504.0,1509.9000244140625,291527
2025-08-28 06:00:00+00:00,1505.0999755859375,1506.800048828125,1503.5,1504.199951171875,164093
2025-08-28 06:15:00+00:00,1506.300048828125,1506.5999755859375,1503.699951171875,1505.0999755859375,120662
2025-08-28 06:30:00+00:00,1504.4000244140625,1506.300048828125,1503.5999755859375,1506.300048828125,171308
2025-08-28 06:45:00+00:00,1501.699951171875,1504.699951171875,1501.5,1504.4000244140625,117597
2025-08-28 07:00:00+00:00,1501.800048828125,1503.199951171875,1501.5999755859375,1501.699951171875,108978
2025-08-28 07:15:00+00:00,1501.9000244140625,1504.0,1501.699951171875,1501.699951171875,140383
2025-08-28 07:30:00+00:00,1502.9000244140625,1503.5,1501.5,1501.9000244140625,74030
2025-08-28 07:45:00+00:00,1503.5999755859375,1503.800048828125,1502.0999755859375,1502.800048828125,56619
2025-08-28 08:00:00+00:00,1504.199951171875,1505.0999755859375,1502.5,1503.5,96044
2025-08-28 08:15:00+00:00,1504.800048828125,1505.4000244140625,1503.0999755859375,1504.300048828125,80428
2025-08-28 08:30:00+00:00,1505.199951171875,1506.0,1503.9000244140625,1504.699951171875,159827
2025-08-28 08:45:00+00:00,1504.699951171875,1506.0999755859375,1502.0,1504.5999755859375,188417
2025-08-28 09:00:00+00:00,1501.9000244140625,1504.699951171875,1501.4000244140625,1504.699951171875,176106
2025-08-28 09:15:00+00:00,1500.5999755859375,1502.699951171875,1499.9000244140625,1501.9000244140625,392193
2025-08-28 09:30:00+00:00,1500.5999755859375,1501.5999755859375,1498.0999755859375,1500.5,770310
2025-08-28 09:45:00+00:00,1500.0,1503.0,1499.0,1500.699951171875,541452
2025-08-29 03:45:00+00:00,1487.800048828125,1498.5999755859375,1487.800048828125,1495.9000244140625,435770
2025-08-29 04:00:00+00:00,1483.4000244140625,1490.9000244140625,1483.0,1488.5999755859375,251190
2025-08-29 04:15:00+00:00,1478.9000244140625,1484.9000244140625,1478.9000244140625,1483.4000244140625,381473
2025-08-29 04:30:00+00:00,1478.300048828125,1481.4000244140625,1478.300048828125,1478.9000244140625,432833
2025-08-29 04:45:00+00:00,1481.0,1481.9000244140625,1478.0999755859375,1478.5,189849
2025-08-29 05:00:00+00:00,1485.199951171875,1490.199951171875,1480.699951171875,1481.5999755859375,662788
2025-08-29 05:15:00+00:00,1486.0999755859375,1486.300048828125,1483.5999755859375,1485.199951171875,392536
2025-08-29 05:30:00+00:00,1487.0,1490.0999755859375,1484.4000244140625,1486.0,723736
2025-08-29 05:45:00+00:00,1485.0,1488.4000244140625,1483.199951171875,1487.300048828125,192132
2025-08-29 06:00:00+00:00,1485.5,1487.4000244140625,1484.4000244140625,1485.0,240793
2025-08-29 06:15:00+00:00,1481.4000244140625,1485.5,1481.4000244140625,1485.5,111306
2025-08-29 06:30:00+00:00,1480.800048828125,1481.800048828125,1479.699951171875,1481.5,144354
2025-08-29 06:45:00+00:00,1478.5,1481.800048828125,1478.0999755859375,1480.5999755859375,92050
2025-08-29 07:00:00+00:00,1480.9000244140625,1480.9000244140625,1478.0,1478.199951171875,128856
2025-08-29 07:15:00+00:00,1481.0999755859375,1482.9000244140625,1480.0,1480.9000244140625,124626
2025-08-29 07:30:00+00:00,1480.0999755859375,1481.300048828125,1476.199951171875,1481.300048828125,591872
2025-08-29 07:45:00+00:00,1479.4000244140625,1481.5,1477.0,1480.0999755859375,286125
2025-08-29 08:00:00+00:00,1477.0999755859375,1479.5999755859375,1477.0,1479.4000244140625,148336
2025-08-29 08:15:00+00:00,1473.300048828125,1477.199951171875,1473.0,1477.0,169034
2025-08-29 08:30:00+00:00,1473.0999755859375,1474.800048828125,1472.0,1473.4000244140625,244911
2025-08-29 08:45:00+00:00,1470.199951171875,1473.699951171875,1470.0,1473.199951171875,235322
2025-08-29 09:00:00+00:00,1470.199951171875,1471.4000244140625,1468.5,1470.199951171875,241744
2025-08-29 09:15:00+00:00,1471.0,1471.5999755859375,1469.5,1470.300048828125,225290
2025-08-29 09:30:00+00:00,1469.5,1472.0,1468.5,1471.0,832593
2025-08-29 09:45:00+00:00,1469.0,1470.5,1467.699951171875,1469.5,688788
2025-09-01 03:45:00+00:00,1498.5,1501.4000244140625,1477.199951171875,1477.199951171875,265448
2025-09-01 04:00:00+00:00,1495.300048828125,1501.800048828125,1493.5999755859375,1499.199951171875,258996
2025-09-01 04:15:00+00:00,1495.699951171875,1497.5999755859375,1494.0,1495.4000244140625,175386
2025-09-01 04:30:00+00:00,1497.199951171875,1498.0,1495.199951171875,1495.699951171875,120314
2025-09-01 04:45:00+00:00,1499.800048828125,1500.800048828125,1495.5,1497.199951171875,188003
2025-09-01 05:00:00+00:00,1496.4000244140625,1500.5,1495.0999755859375,1499.800048828125,186983
2025-09-01 05:15:00+00:00,1497.699951171875,1498.300048828125,1495.0,1496.4000244140625,105035
2025-09-01 05:30:00+00:00,1498.300048828125,1499.0,1495.5,1497.800048828125,105193
2025-09-01 05:45:00+00:00,1498.0,1498.9000244140625,1496.5,1498.699951171875,95914
2025-09-01 06:00:00+00:00,1497.0,1498.4000244140625,1495.800048828125,1498.0999755859375,89561
2025-09-01 06:15:00+00:00,1495.9000244140625,1498.5999755859375,1495.5999755859375,1497.5,86551
2025-09-01 06:30:00+00:00,1496.5999755859375,1498.0999755859375,1495.300048828125,1496.0,61369
2025-09-01 06:45:00+00:00,1496.699951171875,1497.9000244140625,1495.800048828125,1496.5,102956
2025-09-01 07:00:00+00:00,1491.699951171875,1497.0,1491.300048828125,1496.5999755859375,147157
2025-09-01 07:15:00+00:00,1495.699951171875,1495.9000244140625,1491.0,1491.800048828125,123521
2025-09-01 07:30:00+00:00,1497.0,1498.800048828125,1495.5,1495.800048828125,97992
2025-09-01 07:45:00+00:00,1494.4000244140625,1497.300048828125,1492.699951171875,1496.9000244140625,64743
2025-09-01 08:00:00+00:00,1495.800048828125,1496.5,1494.300048828125,1494.5,60112
2025-09-01 08:15:00+00:00,1496.0,1496.800048828125,1494.800048828125,1495.699951171875,63666
2025-09-01 08:30:00+00:00,1500.800048828125,1501.199951171875,1494.4000244140625,1495.9000244140625,518059
2025-09-01 08:45:00+00:00,1499.4000244140625,1501.4000244140625,1498.0999755859375,1500.5,152433
2025-09-01 09:00:00+00:00,1500.300048828125,1503.0999755859375,1499.0999755859375,1499.0999755859375,143102
2025-09-01 09:15:00+00:00,1500.699951171875,1501.0,1498.199951171875,1500.4000244140625,147151
2025-09-01 09:30:00+00:00,1498.5999755859375,1500.699951171875,1498.0,1500.699951171875,430222
2025-09-01 09:45:00+00:00,1499.4000244140625,1500.9000244140625,1498.0999755859375,1499.199951171875,477857
2025-09-02 03:45:00+00:00,1490.5999755859375,1497.0999755859375,1486.300048828125,1497.0999755859375,139172
2025-09-02 04:00:00+00:00,1490.9000244140625,1491.5999755859375,1488.800048828125,1490.5999755859375,65112
2025-09-02 04:15:00+00:00,1495.4000244140625,1495.5,1490.300048828125,1491.0,159912
2025-09-02 04:30:00+00:00,1496.5,1498.0,1494.800048828125,1495.0999755859375,91889
2025-09-02 04:45:00+00:00,1496.699951171875,1497.300048828125,1494.0,1496.5,109542
2025-09-02 05:00:00+00:00,1497.5,1497.699951171875,1494.0999755859375,1496.199951171875,86514
2025-09-02 05:15:00+00:00,1497.5999755859375,1498.0,1496.4000244140625,1497.5,72328
2025-09-02 05:30:00+00:00,1497.800048828125,1499.300048828125,1497.0,1497.5,153901
2025-09-02 05:45:00+00:00,1496.5,1498.0999755859375,1496.199951171875,1497.9000244140625,69908
2025-09-02 06:00:00+00:00,1500.9000244140625,1501.0,1496.300048828125,1496.9000244140625,100636
2025-09-02 06:15:00+00:00,1502.5,1504.9000244140625,1500.9000244140625,1501.0,151386
2025-09-02 06:30:00+00:00,1507.5,1508.0,1502.4000244140625,1502.5,316454
2025-09-02 06:45:00+00:00,1511.199951171875,1512.699951171875,1505.0999755859375,1507.199951171875,507559
2025-09-02 07:00:00+00:00,1508.9000244140625,1512.5,1508.9000244140625,1511.199951171875,240684
2025-09-02 07:15:00+00:00,1509.0,1510.4000244140625,1506.5,1508.9000244140625,152043
2025-09-02 07:30:00+00:00,1507.5,1509.5999755859375,1505.0999755859375,1508.199951171875,180175
2025-09-02 07:45:00+00:00,1507.0999755859375,1508.699951171875,1505.5,1507.0999755859375,214785
2025-09-02 08:00:00+00:00,1505.0999755859375,1509.5,1504.0999755859375,1507.4000244140625,268754
2025-09-02 08:15:00+00:00,1499.5999755859375,1506.699951171875,1498.800048828125,1505.0,321860
2025-09-02 08:30:00+00:00,1496.4000244140625,1500.9000244140625,1495.0,1499.5999755859375,292516
2025-09-02 08:45:00+00:00,1495.0,1500.0,1493.9000244140625,1496.5,309587
2025-09-02 09:00:00+00:00,1500.800048828125,1502.300048828125,1494.9000244140625,1494.9000244140625,274716
2025-09-02 09:15:00+00:00,1500.0999755859375,1502.9000244140625,1498.0,1500.800048828125,235417
2025-09-02 09:30:00+00:00,1498.800048828125,1501.0,1498.0,1500.0,350262
2025-09-02 09:45:00+00:00,1495.0,1499.300048828125,1493.0999755859375,1498.800048828125,234625
2025-09-03 03:45:00+00:00,1489.300048828125,1496.699951171875,1482.0999755859375,1496.699951171875,513955
2025-09-03 04:00:00+00:00,1482.199951171875,1489.800048828125,1481.0,1489.4000244140625,181164
2025-09-03 04:15:00+00:00,1480.5,1482.5999755859375,1478.5,1482.5,166616
2025-09-03 04:30:00+00:00,1480.0,1481.4000244140625,1478.0,1480.5,200617
2025-09-03 04:45:00+00:00,1479.5,1480.300048828125,1478.5,1480.0,108259
2025-09-03 05:00:00+00:00,1475.5,1479.699951171875,1475.0999755859375,1479.5999755859375,197872
2025-09-03 05:15:00+00:00,1476.199951171875,1476.5,1475.199951171875,1476.0,90310
2025-09-03 05:30:00+00:00,1475.0,1476.4000244140625,1473.0,1476.4000244140625,278538
2025-09-03 05:45:00+00:00,1475.9000244140625,1477.800048828125,1473.5,1474.800048828125,167770
2025-09-03 06:00:00+00:00,1475.9000244140625,1476.5999755859375,1474.5,1475.9000244140625,108621
2025-09-03 06:15:00+00:00,1480.0999755859375,1480.4000244140625,1475.199951171875,1476.0,161638
2025-09-03 06:30:00+00:00,1480.5999755859375,1481.5999755859375,1479.199951171875,1480.0,262381
2025-09-03 06:45:00+00:00,1480.199951171875,1481.300048828125,1479.800048828125,1480.5,285234
2025-09-03 07:00:00+00:00,1477.4000244140625,1480.699951171875,1476.5999755859375,1480.0,124191
2025-09-03 07:15:00+00:00,1474.9000244140625,1477.699951171875,1474.800048828125,1477.300048828125,116904
2025-09-03 07:30:00+00:00,1475.0999755859375,1477.0999755859375,1474.5999755859375,1475.0,128767
2025-09-03 07:45:00+00:00,1478.199951171875,1478.5,1475.0999755859375,1475.300048828125,127349
2025-09-03 08:00:00+00:00,1477.5,1478.5999755859375,1475.5999755859375,1478.300048828125,84093
2025-09-03 08:15:00+00:00,1478.0999755859375,1478.9000244140625,1477.0999755859375,1477.5,98005
2025-09-03 08:30:00+00:00,1477.300048828125,1478.5999755859375,1477.0,1478.0,78697
2025-09-03 08:45:00+00:00,1477.5,1478.699951171875,1477.199951171875,1477.199951171875,93052
2025-09-03 09:00:00+00:00,1476.5,1478.4000244140625,1476.199951171875,1477.5999755859375,130910
2025-09-03 09:15:00+00:00,1477.199951171875,1478.0,1476.4000244140625,1476.5,115676
2025-09-03 09:30:00+00:00,1479.199951171875,1480.0,1477.4000244140625,1477.4000244140625,399012
2025-09-03 09:45:00+00:00,1480.0,1480.0,1478.5,1479.199951171875,402672
2025-09-04 03:45:00+00:00,1475.9000244140625,1483.800048828125,1475.0,1481.199951171875,455374
2025-09-04 04:00:00+00:00,1471.800048828125,1477.0999755859375,1471.800048828125,1475.800048828125,237741
2025-09-04 04:15:00+00:00,1473.699951171875,1476.5999755859375,1470.5999755859375,1471.5,468075
2025-09-04 04:30:00+00:00,1471.5,1474.0999755859375,1471.300048828125,1473.699951171875,97693
2025-09-04 04:45:00+00:00,1470.4000244140625,1472.5,1470.0,1471.5,129107
2025-09-04 05:00:00+00:00,1468.4000244140625,1470.800048828125,1468.0,1470.4000244140625,114852
2025-09-04 05:15:00+00:00,1471.0,1471.0999755859375,1467.800048828125,1468.4000244140625,83590
2025-09-04 05:30:00+00:00,1469.4000244140625,1472.0,1469.0999755859375,1471.0999755859375,96188
2025-09-04 05:45:00+00:00,1469.199951171875,1469.5999755859375,1467.9000244140625,1469.4000244140625,82454
2025-09-04 06:00:00+00:00,1469.699951171875,1471.199951171875,1467.300048828125,1469.300048828125,233593
2025-09-04 06:15:00+00:00,1469.800048828125,1472.0,1469.0,1469.800048828125,129671
2025-09-04 06:30:00+00:00,1472.9000244140625,1474.5,1469.699951171875,1469.800048828125,400078
2025-09-04 06:45:00+00:00,1467.4000244140625,1473.5,1467.0,1473.0,118462
2025-09-04 07:00:00+00:00,1469.0999755859375,1469.4000244140625,1466.9000244140625,1467.300048828125,156459
2025-09-04 07:15:00+00:00,1469.9000244140625,1470.0,1467.800048828125,1469.300048828125,60209
2025-09-04 07:30:00+00:00,1469.0,1472.199951171875,1468.0,1469.9000244140625,195216
2025-09-04 07:45:00+00:00,1469.699951171875,1471.5999755859375,1468.800048828125,1469.4000244140625,124417
2025-09-04 08:00:00+00:00,1468.300048828125,1470.699951171875,1468.0,1469.699951171875,201274
2025-09-04 08:15:00+00:00,1467.0,1468.800048828125,1465.9000244140625,1468.300048828125,195332
2025-09-04 08:30:00+00:00,1466.300048828125,1467.699951171875,1465.699951171875,1467.0,159109
2025-09-04 08:45:00+00:00,1463.300048828125,1467.5,1463.0999755859375,1466.300048828125,242780
2025-09-04 09:00:00+00:00,1464.699951171875,1465.9000244140625,1462.0,1463.300048828125,297934
2025-09-04 09:15:00+00:00,1464.699951171875,1468.4000244140625,1462.699951171875,1464.699951171875,535989
2025-09-04 09:30:00+00:00,1461.5999755859375,1466.800048828125,1461.0,1464.699951171875,558820
2025-09-04 09:45:00+00:00,1461.5,1463.9000244140625,1460.5999755859375,1461.5999755859375,410849
2025-09-05 03:45:00+00:00,1468.0,1472.699951171875,1464.699951171875,1469.0999755859375,219478
2025-09-05 04:00:00+00:00,1468.4000244140625,1472.5999755859375,1468.0999755859375,1468.199951171875,58745
2025-09-05 04:15:00+00:00,1470.4000244140625,1472.199951171875,1466.9000244140625,1468.300048828125,50854
2025-09-05 04:30:00+00:00,1443.800048828125,1470.300048828125,1439.699951171875,1470.300048828125,508008
2025-09-05 04:45:00+00:00,1448.199951171875,1449.800048828125,1433.4000244140625,1444.300048828125,517591
2025-09-05 05:00:00+00:00,1444.800048828125,1449.800048828125,1440.0,1447.9000244140625,299805
2025-09-05 05:15:00+00:00,1444.699951171875,1450.0,1442.300048828125,1444.800048828125,395356
2025-09-05 05:30:00+00:00,1443.5,1449.300048828125,1442.699951171875,1444.5999755859375,124175
2025-09-05 05:45:00+00:00,1442.5999755859375,1445.9000244140625,1442.0999755859375,1443.5,101353
2025-09-05 06:00:00+00:00,1438.5,1444.4000244140625,1438.5,1442.4000244140625,169484
2025-09-05 06:15:00+00:00,1440.300048828125,1440.5,1437.0,1438.9000244140625,235843
2025-09-05 06:30:00+00:00,1440.0,1442.4000244140625,1438.5,1440.300048828125,96910
2025-09-05 06:45:00+00:00,1440.5999755859375,1441.9000244140625,1439.4000244140625,1440.0,136410
2025-09-05 07:00:00+00:00,1440.0999755859375,1441.800048828125,1439.0,1440.9000244140625,94716
2025-09-05 07:15:00+00:00,1440.199951171875,1440.5999755859375,1438.0,1440.5999755859375,110038
2025-09-05 07:30:00+00:00,1442.0,1442.199951171875,1439.5999755859375,1440.300048828125,90716
2025-09-05 07:45:00+00:00,1440.800048828125,1443.800048828125,1440.0,1442.199951171875,106471
2025-09-05 08:00:00+00:00,1441.5999755859375,1441.699951171875,1439.5999755859375,1441.300048828125,106563
2025-09-05 08:15:00+00:00,1444.4000244140625,1445.800048828125,1441.199951171875,1441.199951171875,125595
2025-09-05 08:30:00+00:00,1444.5,1446.199951171875,1443.800048828125,1444.800048828125,287596
2025-09-05 08:45:00+00:00,1444.800048828125,1446.5,1443.0999755859375,1444.0,167246
2025-09-05 09:00:00+00:00,1443.0999755859375,1445.4000244140625,1442.0,1445.0999755859375,466273
2025-09-05 09:15:00+00:00,1442.5,1444.0999755859375,1441.5999755859375,1443.0,132221
2025-09-05 09:30:00+00:00,1443.4000244140625,1445.5,1442.300048828125,1442.5999755859375,357659
2025-09-05 09:45:00+00:00,1444.5,1446.199951171875,1442.699951171875,1443.5,507377
2025-09-08 03:45:00+00:00,1447.9000244140625,1457.800048828125,1445.0,1453.4000244140625,197604
2025-09-08 04:00:00+00:00,1447.199951171875,1450.5,1445.0,1447.9000244140625,127333
2025-09-08 04:15:00+00:00,1442.4000244140625,1449.0,1441.9000244140625,1447.199951171875,117935
2025-09-08 04:30:00+00:00,1438.4000244140625,1443.9000244140625,1438.0,1442.4000244140625,100499
2025-09-08 04:45:00+00:00,1440.4000244140625,1441.800048828125,1438.0,1438.4000244140625,96106
2025-09-08 05:00:00+00:00,1440.5999755859375,1442.300048828125,1439.0999755859375,1440.5,112287
2025-09-08 05:15:00+00:00,1435.699951171875,1441.9000244140625,1435.5,1440.5999755859375,98165
2025-09-08 05:30:00+00:00,1436.0,1436.800048828125,1435.199951171875,1435.800048828125,60834
2025-09-08 05:45:00+00:00,1436.300048828125,1438.4000244140625,1434.199951171875,1436.0,84019
2025-09-08 06:00:00+00:00,1435.5999755859375,1436.9000244140625,1435.0,1436.199951171875,53547
2025-09-08 06:15:00+00:00,1434.300048828125,1436.0999755859375,1434.0,1435.5,68763
2025-09-08 06:30:00+00:00,1436.699951171875,1436.800048828125,1434.199951171875,1434.199951171875,74520
2025-09-08 06:45:00+00:00,1433.199951171875,1437.0,1433.0,1436.5,112379
2025-09-08 07:00:00+00:00,1435.0999755859375,1436.699951171875,1433.0,1433.0,78034
2025-09-08 07:15:00+00:00,1435.9000244140625,1436.4000244140625,1434.699951171875,1435.0999755859375,57329
2025-09-08 07:30:00+00:00,1435.5999755859375,1436.5,1435.0,1435.800048828125,51860
2025-09-08 07:45:00+00:00,1435.4000244140625,1435.9000244140625,1434.0999755859375,1435.5999755859375,63562
2025-09-08 08:00:00+00:00,1434.5,1436.0,1434.0999755859375,1435.300048828125,59022
2025-09-08 08:15:00+00:00,1433.800048828125,1434.699951171875,1433.0,1434.699951171875,84981
2025-09-08 08:30:00+00:00,1433.0,1434.699951171875,1432.199951171875,1433.800048828125,107751
2025-09-08 08:45:00+00:00,1433.300048828125,1434.4000244140625,1432.0,1433.0999755859375,182928
2025-09-08 09:00:00+00:00,1432.5,1435.199951171875,1432.0999755859375,1433.199951171875,159447
2025-09-08 09:15:00+00:00,1432.0999755859375,1432.699951171875,1428.5,1432.5,386621
2025-09-08 09:30:00+00:00,1431.800048828125,1433.199951171875,1429.4000244140625,1432.0999755859375,477707
2025-09-08 09:45:00+00:00,1435.9000244140625,1436.0,1431.800048828125,1431.9000244140625,517685
2025-09-09 03:45:00+00:00,1480.800048828125,1483.0999755859375,1472.5,1477.9000244140625,1961928
2025-09-09 04:00:00+00:00,1487.199951171875,1489.0,1480.0999755859375,1480.4000244140625,806245
2025-09-09 04:15:00+00:00,1487.9000244140625,1490.0,1484.0999755859375,1486.300048828125,492139
2025-09-09 04:30:00+00:00,1487.0,1489.0,1484.5,1487.5,388009
2025-09-09 04:45:00+00:00,1493.0999755859375,1495.0,1486.800048828125,1487.0,677536
2025-09-09 05:00:00+00:00,1495.5999755859375,1496.300048828125,1493.0,1493.5,339064
2025-09-09 05:15:00+00:00,1495.699951171875,1497.9000244140625,1493.5,1495.5999755859375,473943
2025-09-09 05:30:00+00:00,1496.699951171875,1497.5999755859375,1495.5,1495.699951171875,280104
2025-09-09 05:45:00+00:00,1501.699951171875,1502.699951171875,1495.300048828125,1496.699951171875,563818
2025-09-09 06:00:00+00:00,1497.0,1502.5,1496.300048828125,1501.699951171875,439522
2025-09-09 06:15:00+00:00,1496.5,1497.300048828125,1494.0,1497.0,379348
2025-09-09 06:30:00+00:00,1498.199951171875,1498.699951171875,1495.5,1497.699951171875,211177
2025-09-09 06:45:00+00:00,1498.5,1501.699951171875,1498.0,1498.0999755859375,299359
2025-09-09 07:00:00+00:00,1499.800048828125,1500.300048828125,1498.0,1498.5,278702
2025-09-09 07:15:00+00:00,1499.0999755859375,1501.5,1498.0,1499.9000244140625,236748
2025-09-09 07:30:00+00:00,1499.300048828125,1500.0,1497.9000244140625,1499.0,203067
2025-09-09 07:45:00+00:00,1498.800048828125,1501.0,1498.800048828125,1499.5,148574
2025-09-09 08:00:00+00:00,1496.199951171875,1499.800048828125,1495.5999755859375,1498.9000244140625,253632
2025-09-09 08:15:00+00:00,1500.0,1500.5,1495.0,1496.0,356119
2025-09-09 08:30:00+00:00,1503.199951171875,1505.5,1499.4000244140625,1500.4000244140625,828118
2025-09-09 08:45:00+00:00,1501.9000244140625,1503.199951171875,1500.199951171875,1502.5999755859375,259272
2025-09-09 09:00:00+00:00,1501.0,1503.199951171875,1500.0,1502.0,404274
2025-09-09 09:15:00+00:00,1501.5999755859375,1507.0,1500.5999755859375,1501.0,625660
2025-09-09 09:30:00+00:00,1504.699951171875,1505.0,1501.5,1501.699951171875,1095995
2025-09-09 09:45:00+00:00,1503.5,1506.699951171875,1501.300048828125,1505.0999755859375,1068776
2025-09-10 03:45:00+00:00,1523.0,1526.5,1509.5999755859375,1512.9000244140625,663899
2025-09-10 04:00:00+00:00,1526.0,1527.699951171875,1521.0,1522.300048828125,338210
2025-09-10 04:15:00+00:00,1522.9000244140625,1527.0,1522.5,1526.0,225992
2025-09-10 04:30:00+00:00,1524.0,1527.699951171875,1522.800048828125,1522.800048828125,199661
2025-09-10 04:45:00+00:00,1531.5,1532.0,1523.4000244140625,1524.0,262663
2025-09-10 05:00:00+00:00,1533.5999755859375,1534.0,1530.300048828125,1531.5,220707
2025-09-10 05:15:00+00:00,1532.699951171875,1533.9000244140625,1530.800048828125,1533.0999755859375,101194
2025-09-10 05:30:00+00:00,1533.199951171875,1534.9000244140625,1531.5,1532.699951171875,118161
2025-09-10 05:45:00+00:00,1532.0,1533.4000244140625,1529.0999755859375,1533.0999755859375,170845
2025-09-10 06:00:00+00:00,1528.699951171875,1532.4000244140625,1528.0999755859375,1531.9000244140625,147309
2025-09-10 06:15:00+00:00,1528.0,1528.9000244140625,1524.300048828125,1528.5999755859375,217289
2025-09-10 06:30:00+00:00,1530.4000244140625,1530.9000244140625,1526.5999755859375,1528.0,282330
2025-09-10 06:45:00+00:00,1531.0,1531.0,1528.199951171875,1530.300048828125,184654
2025-09-10 07:00:00+00:00,1529.0,1531.0,1527.300048828125,1530.9000244140625,165146
2025-09-10 07:15:00+00:00,1530.699951171875,1530.800048828125,1527.5,1528.699951171875,163294
2025-09-10 07:30:00+00:00,1532.0999755859375,1532.800048828125,1529.5,1530.5,191510
2025-09-10 07:45:00+00:00,1532.300048828125,1533.0,1530.699951171875,1532.0999755859375,170772
2025-09-10 08:00:00+00:00,1531.4000244140625,1532.4000244140625,1530.0999755859375,1532.300048828125,145297
2025-09-10 08:15:00+00:00,1531.0,1532.800048828125,1530.0,1531.5,218008
2025-09-10 08:30:00+00:00,1531.0,1532.699951171875,1530.0,1531.0,275054
2025-09-10 08:45:00+00:00,1530.5,1531.0,1528.5999755859375,1531.0,302632
2025-09-10 09:00:00+00:00,1529.699951171875,1531.4000244140625,1528.9000244140625,1530.5,348405
2025-09-10 09:15:00+00:00,1530.800048828125,1532.699951171875,1529.800048828125,1529.800048828125,324796
2025-09-10 09:30:00+00:00,1533.0999755859375,1533.0999755859375,1530.800048828125,1530.800048828125,546347
2025-09-10 09:45:00+00:00,1532.699951171875,1534.0999755859375,1531.5999755859375,1533.0999755859375,810876
2025-09-11 03:45:00+00:00,1516.800048828125,1525.0999755859375,1514.0,1519.800048828125,965584
2025-09-11 04:00:00+00:00,1517.199951171875,1519.5,1514.0,1517.0,270253
2025-09-11 04:15:00+00:00,1511.5,1517.199951171875,1510.300048828125,1517.199951171875,316349
2025-09-11 04:30:00+00:00,1509.5999755859375,1511.800048828125,1508.5,1511.5999755859375,258413
2025-09-11 04:45:00+00:00,1513.199951171875,1513.9000244140625,1509.5999755859375,1509.9000244140625,161339
2025-09-11 05:00:00+00:00,1511.9000244140625,1516.199951171875,1511.4000244140625,1513.300048828125,130202
2025-09-11 05:15:00+00:00,1512.4000244140625,1513.199951171875,1511.0,1511.9000244140625,104148
2025-09-11 05:30:00+00:00,1510.0,1513.4000244140625,1509.5,1512.4000244140625,245360
2025-09-11 05:45:00+00:00,1512.5999755859375,1514.800048828125,1509.699951171875,1510.0,150487
2025-09-11 06:00:00+00:00,1509.0999755859375,1513.0,1508.0999755859375,1512.800048828125,191065
2025-09-11 06:15:00+00:00,1510.5,1511.0,1508.0,1509.0999755859375,110612
2025-09-11 06:30:00+00:00,1511.300048828125,1512.699951171875,1510.300048828125,1510.5,145465
2025-09-11 06:45:00+00:00,1513.0,1513.0,1510.199951171875,1511.300048828125,225913
2025-09-11 07:00:00+00:00,1512.199951171875,1513.9000244140625,1511.5999755859375,1512.4000244140625,193253
2025-09-11 07:15:00+00:00,1512.5999755859375,1513.199951171875,1511.0999755859375,1512.199951171875,222459
2025-09-11 07:30:00+00:00,1513.0999755859375,1513.300048828125,1511.699951171875,1512.5999755859375,124812
2025-09-11 07:45:00+00:00,1513.5,1513.5,1511.9000244140625,1513.0,153303
2025-09-11 08:00:00+00:00,1512.9000244140625,1513.5,1511.800048828125,1513.5,215678
2025-09-11 08:15:00+00:00,1511.800048828125,1513.9000244140625,1510.5999755859375,1512.699951171875,469989
2025-09-11 08:30:00+00:00,1512.0,1512.5,1510.5,1511.9000244140625,137636
2025-09-11 08:45:00+00:00,1512.9000244140625,1513.5,1510.9000244140625,1512.0,372920
2025-09-11 09:00:00+00:00,1511.5,1513.0,1510.300048828125,1513.0,397846
2025-09-11 09:15:00+00:00,1510.300048828125,1512.199951171875,1508.800048828125,1511.5,734715
2025-09-11 09:30:00+00:00,1510.0,1511.4000244140625,1506.699951171875,1510.800048828125,999780
2025-09-11 09:45:00+00:00,1511.9000244140625,1513.199951171875,1509.0,1509.800048828125,705330
2025-09-12 03:45:00+00:00,1538.4000244140625,1542.9000244140625,1530.0,1534.0,3775462
2025-09-12 04:00:00+00:00,1523.699951171875,1538.5,1523.0,1538.5,1266753
2025-09-12 04:15:00+00:00,1526.699951171875,1529.5,1523.4000244140625,1523.9000244140625,621941
2025-09-12 04:30:00+00:00,1529.5999755859375,1530.0,1526.5999755859375,1526.5999755859375,376328
2025-09-12 04:45:00+00:00,1530.0999755859375,1531.0,1528.199951171875,1529.5,277824
2025-09-12 05:00:00+00:00,1529.9000244140625,1531.0,1528.9000244140625,1530.0999755859375,224353
2025-09-12 05:15:00+00:00,1527.5,1529.9000244140625,1526.800048828125,1529.9000244140625,234055
2025-09-12 05:30:00+00:00,1527.9000244140625,1529.0999755859375,1527.4000244140625,1527.5,294912
2025-09-12 05:45:00+00:00,1528.300048828125,1529.199951171875,1527.0,1527.9000244140625,295204
2025-09-12 06:00:00+00:00,1527.699951171875,1528.5999755859375,1527.5,1528.300048828125,148824
2025-09-12 06:15:00+00:00,1527.199951171875,1528.4000244140625,1527.0,1527.699951171875,151323
2025-09-12 06:30:00+00:00,1525.0,1527.5,1525.0,1527.199951171875,184007
2025-09-12 06:45:00+00:00,1528.5,1528.5,1525.0,1525.0999755859375,204794
2025-09-12 07:00:00+00:00,1529.0,1529.199951171875,1527.5,1528.4000244140625,431353
2025-09-12 07:15:00+00:00,1528.5,1529.300048828125,1527.4000244140625,1528.9000244140625,177566
2025-09-12 07:30:00+00:00,1529.0,1529.0,1527.5,1528.5,228729
2025-09-12 07:45:00+00:00,1529.0,1529.0,1527.300048828125,1528.9000244140625,247134
2025-09-12 08:00:00+00:00,1529.4000244140625,1529.4000244140625,1527.9000244140625,1529.0,244772
2025-09-12 08:15:00+00:00,1528.9000244140625,1529.4000244140625,1527.800048828125,1529.300048828125,252235
2025-09-12 08:30:00+00:00,1527.800048828125,1529.0,1527.5,1528.9000244140625,285672
2025-09-12 08:45:00+00:00,1525.5,1527.800048828125,1525.0,1527.699951171875,340645
2025-09-12 09:00:00+00:00,1525.0,1525.699951171875,1522.5,1525.5999755859375,443094
2025-09-12 09:15:00+00:00,1523.699951171875,1525.0,1523.0,1524.9000244140625,320160
2025-09-12 09:30:00+00:00,1526.5,1526.5999755859375,1522.699951171875,1523.699951171875,853299
2025-09-12 09:45:00+00:00,1525.0,1527.300048828125,1524.199951171875,1526.5,969029
2025-09-15 03:45:00+00:00,1506.5999755859375,1524.0,1501.5999755859375,1524.0,324231
2025-09-15 04:00:00+00:00,1508.800048828125,1509.699951171875,1506.0,1506.300048828125,255844
2025-09-15 04:15:00+00:00,1509.0999755859375,1510.199951171875,1506.5,1508.699951171875,218079
2025-09-15 04:30:00+00:00,1506.699951171875,1509.4000244140625,1506.199951171875,1509.300048828125,151352
2025-09-15 04:45:00+00:00,1506.199951171875,1507.199951171875,1506.0,1506.5999755859375,163318
2025-09-15 05:00:00+00:00,1504.5999755859375,1506.300048828125,1504.199951171875,1506.0999755859375,215791
2025-09-15 05:15:00+00:00,1505.0999755859375,1505.4000244140625,1503.0,1504.0,162947
2025-09-15 05:30:00+00:00,1505.4000244140625,1505.699951171875,1504.5,1505.300048828125,122036
2025-09-15 05:45:00+00:00,1505.199951171875,1505.4000244140625,1504.699951171875,1505.4000244140625,88514
2025-09-15 06:00:00+00:00,1508.699951171875,1509.5,1504.800048828125,1505.0,168023
2025-09-15 06:15:00+00:00,1509.800048828125,1509.9000244140625,1507.5999755859375,1508.699951171875,354896
2025-09-15 06:30:00+00:00,1509.699951171875,1510.0,1508.4000244140625,1509.5999755859375,145703
2025-09-15 06:45:00+00:00,1512.0999755859375,1513.699951171875,1509.699951171875,1509.699951171875,233103
2025-09-15 07:00:00+00:00,1510.300048828125,1512.4000244140625,1510.0,1512.0999755859375,115584
2025-09-15 07:15:00+00:00,1511.699951171875,1512.4000244140625,1510.0,1510.0,120310
2025-09-15 07:30:00+00:00,1513.199951171875,1515.300048828125,1511.300048828125,1511.699951171875,186435
2025-09-15 07:45:00+00:00,1513.9000244140625,1515.4000244140625,1512.5,1513.199951171875,198544
2025-09-15 08:00:00+00:00,1511.4000244140625,1515.0,1510.199951171875,1513.9000244140625,165797
2025-09-15 08:15:00+00:00,1512.9000244140625,1514.9000244140625,1511.0999755859375,1511.4000244140625,221019
2025-09-15 08:30:00+00:00,1510.5,1513.4000244140625,1510.5,1512.5,164243
2025-09-15 08:45:00+00:00,1510.699951171875,1512.4000244140625,1510.0,1510.5999755859375,220651
2025-09-15 09:00:00+00:00,1511.699951171875,1513.0999755859375,1509.4000244140625,1510.699951171875,281458
2025-09-15 09:15:00+00:00,1510.0999755859375,1511.699951171875,1509.0999755859375,1511.5999755859375,190023
2025-09-15 09:30:00+00:00,1507.300048828125,1510.699951171875,1507.199951171875,1510.199951171875,462470
2025-09-15 09:45:00+00:00,1509.4000244140625,1509.699951171875,1506.5999755859375,1507.300048828125,489412
2025-09-16 03:45:00+00:00,1507.0,1511.199951171875,1504.5,1508.5,614797
2025-09-16 04:00:00+00:00,1507.5,1510.0,1506.9000244140625,1507.0,251619
2025-09-16 04:15:00+00:00,1509.300048828125,1509.300048828125,1505.699951171875,1507.4000244140625,265033
2025-09-16 04:30:00+00:00,1506.9000244140625,1511.0,1506.800048828125,1509.300048828125,264162
2025-09-16 04:45:00+00:00,1506.0,1507.800048828125,1504.5999755859375,1506.800048828125,281995
2025-09-16 05:00:00+00:00,1504.5,1506.5,1504.0999755859375,1506.0,236094
2025-09-16 05:30:00+00:00,1504.9000244140625,1504.9000244140625,1504.0,1504.4000244140625,432109
2025-09-16 05:45:00+00:00,1506.0,1506.9000244140625,1504.5999755859375,1504.800048828125,239999
2025-09-16 06:00:00+00:00,1504.5999755859375,1505.0,1504.5,1505.0,181852
2025-09-16 06:15:00+00:00,1504.699951171875,1505.0,1503.5999755859375,1504.300048828125,223160
2025-09-16 06:30:00+00:00,1505.800048828125,1506.699951171875,1504.5,1504.699951171875,375149
2025-09-16 06:45:00+00:00,1506.0,1507.5,1505.0,1505.5999755859375,350278
2025-09-16 07:00:00+00:00,1506.300048828125,1507.699951171875,1505.5,1506.4000244140625,262337
2025-09-16 07:15:00+00:00,1506.5999755859375,1507.9000244140625,1506.0,1506.800048828125,280423
2025-09-16 07:30:00+00:00,1506.5999755859375,1506.9000244140625,1505.5,1506.5999755859375,114335
2025-09-16 07:45:00+00:00,1506.0999755859375,1506.5999755859375,1505.800048828125,1506.199951171875,79055
2025-09-16 08:15:00+00:00,1505.0999755859375,1505.4000244140625,1505.0,1505.300048828125,313327
2025-09-16 08:30:00+00:00,1505.5999755859375,1505.699951171875,1504.0999755859375,1505.199951171875,203100
2025-09-16 08:45:00+00:00,1505.300048828125,1505.699951171875,1505.0,1505.5999755859375,14435
2025-09-16 09:45:00+00:00,1511.300048828125,1511.300048828125,1511.300048828125,1511.300048828125,0
2025-09-17 03:45:00+00:00,1523.0,1523.0,1514.5999755859375,1518.0,341729
2025-09-17 04:00:00+00:00,1518.4000244140625,1524.0,1518.0,1523.0,148189
2025-09-17 04:15:00+00:00,1517.5,1518.5999755859375,1515.0,1518.5999755859375,154114
2025-09-17 04:30:00+00:00,1516.5999755859375,1518.199951171875,1516.300048828125,1517.5999755859375,92874
2025-09-17 04:45:00+00:00,1516.5,1517.300048828125,1515.5,1516.5,82803
2025-09-17 05:00:00+00:00,1518.0,1520.0,1516.5,1516.5999755859375,91764
2025-09-17 05:15:00+00:00,1519.300048828125,1519.4000244140625,1516.800048828125,1517.699951171875,79757
2025-09-17 05:30:00+00:00,1519.5999755859375,1520.199951171875,1518.5,1519.300048828125,102830
2025-09-17 05:45:00+00:00,1522.0,1522.0,1519.0,1519.5,95621
2025-09-17 06:00:00+00:00,1522.0,1522.5,1519.9000244140625,1521.9000244140625,141789
2025-09-17 06:15:00+00:00,1522.800048828125,1523.9000244140625,1521.800048828125,1521.800048828125,147728
2025-09-17 06:30:00+00:00,1522.800048828125,1523.5999755859375,1521.300048828125,1523.0999755859375,116027
2025-09-17 06:45:00+00:00,1524.0,1524.300048828125,1520.5999755859375,1522.800048828125,163130
2025-09-17 07:00:00+00:00,1522.699951171875,1524.9000244140625,1522.0999755859375,1524.0,185496
2025-09-17 07:15:00+00:00,1522.800048828125,1523.9000244140625,1522.5,1522.699951171875,164567
2025-09-17 07:30:00+00:00,1525.5999755859375,1526.699951171875,1522.4000244140625,1522.800048828125,210411
2025-09-17 07:45:00+00:00,1524.199951171875,1525.5999755859375,1523.800048828125,1525.5,185548
2025-09-17 08:00:00+00:00,1520.5999755859375,1524.199951171875,1520.0999755859375,1524.199951171875,215156
2025-09-17 08:15:00+00:00,1522.0999755859375,1522.5999755859375,1519.699951171875,1520.5999755859375,195372
2025-09-17 08:30:00+00:00,1521.5,1523.300048828125,1520.300048828125,1522.0999755859375,227550
2025-09-17 08:45:00+00:00,1521.4000244140625,1523.0999755859375,1518.0999755859375,1521.4000244140625,298165
2025-09-17 09:00:00+00:00,1520.800048828125,1522.5,1518.300048828125,1521.4000244140625,262508
2025-09-17 09:15:00+00:00,1522.5999755859375,1522.800048828125,1520.199951171875,1520.800048828125,196523
2025-09-17 09:30:00+00:00,1524.0,1524.5999755859375,1521.699951171875,1522.5999755859375,448521
2025-09-17 09:45:00+00:00,1521.5999755859375,1524.5,1518.0,1524.0,446198
2025-09-18 03:45:00+00:00,1553.0,1554.699951171875,1545.199951171875,1548.0999755859375,750876
2025-09-18 04:00:00+00:00,1552.4000244140625,1553.800048828125,1548.800048828125,1553.5999755859375,356647
2025-09-18 04:15:00+00:00,1550.9000244140625,1553.800048828125,1549.699951171875,1552.800048828125,273383
2025-09-18 04:30:00+00:00,1544.0,1550.699951171875,1542.0999755859375,1550.4000244140625,361918
2025-09-18 04:45:00+00:00,1545.9000244140625,1546.0,1543.5,1543.699951171875,141532
2025-09-18 05:00:00+00:00,1548.9000244140625,1548.9000244140625,1545.0,1545.699951171875,178021
2025-09-18 05:15:00+00:00,1547.0999755859375,1549.800048828125,1546.9000244140625,1548.9000244140625,135843
2025-09-18 05:30:00+00:00,1545.699951171875,1548.0,1545.5,1547.5,130254
2025-09-18 05:45:00+00:00,1544.800048828125,1546.4000244140625,1543.699951171875,1545.699951171875,143813
2025-09-18 06:00:00+00:00,1544.699951171875,1546.0,1541.0,1544.800048828125,273392
2025-09-18 06:15:00+00:00,1545.9000244140625,1546.0,1543.699951171875,1544.5,116112
2025-09-18 06:30:00+00:00,1549.800048828125,1550.0999755859375,1545.0999755859375,1545.800048828125,209359
2025-09-18 06:45:00+00:00,1547.9000244140625,1552.9000244140625,1547.300048828125,1549.9000244140625,297984
2025-09-18 07:00:00+00:00,1544.9000244140625,1548.300048828125,1543.699951171875,1547.800048828125,239382
2025-09-18 07:15:00+00:00,1544.0999755859375,1546.800048828125,1543.199951171875,1544.9000244140625,214802
2025-09-18 07:30:00+00:00,1543.199951171875,1544.9000244140625,1541.699951171875,1544.199951171875,218303
2025-09-18 07:45:00+00:00,1542.699951171875,1543.800048828125,1540.5999755859375,1543.199951171875,194721
2025-09-18 08:00:00+00:00,1543.5,1543.5,1541.5,1542.800048828125,261480
2025-09-18 08:15:00+00:00,1543.5,1544.5,1542.4000244140625,1543.5,245023
2025-09-18 08:30:00+00:00,1540.5,1543.5,1539.0,1543.5,428486
2025-09-18 08:45:00+00:00,1539.199951171875,1541.0,1538.5,1540.5999755859375,353041
2025-09-18 09:00:00+00:00,1540.300048828125,1541.0,1538.699951171875,1539.5999755859375,457859
2025-09-18 09:15:00+00:00,1540.800048828125,1542.5,1539.0,1540.199951171875,609815
2025-09-18 09:30:00+00:00,1539.199951171875,1542.4000244140625,1538.5,1540.9000244140625,874124
2025-09-18 09:45:00+00:00,1541.0999755859375,1543.5,1538.800048828125,1539.0999755859375,595502
2025-09-19 03:45:00+00:00,1532.0,1550.4000244140625,1530.699951171875,1544.9000244140625,314050
2025-09-19 04:00:00+00:00,1528.9000244140625,1532.300048828125,1526.5,1532.0,215361
2025-09-19 04:15:00+00:00,1526.4000244140625,1529.800048828125,1526.0,1528.800048828125,138124
2025-09-19 04:30:00+00:00,1529.0999755859375,1529.5,1525.0,1526.4000244140625,147742
2025-09-19 04:45:00+00:00,1527.5999755859375,1529.0,1526.199951171875,1529.0,92110
2025-09-19 05:00:00+00:00,1525.699951171875,1528.5999755859375,1525.5,1527.5999755859375,122903
2025-09-19 05:15:00+00:00,1524.0,1526.199951171875,1523.300048828125,1525.800048828125,140333
2025-09-19 05:30:00+00:00,1524.9000244140625,1526.699951171875,1523.4000244140625,1523.699951171875,117580
2025-09-19 05:45:00+00:00,1525.0,1525.5999755859375,1524.0,1525.0,68121
2025-09-19 06:00:00+00:00,1524.0,1526.699951171875,1523.4000244140625,1525.0999755859375,136498
2025-09-19 06:15:00+00:00,1523.199951171875,1524.300048828125,1522.0,1524.0,122250
2025-09-19 06:30:00+00:00,1521.800048828125,1523.199951171875,1521.0999755859375,1523.0999755859375,95706
2025-09-19 06:45:00+00:00,1521.4000244140625,1522.4000244140625,1520.300048828125,1521.699951171875,164034
2025-09-19 07:00:00+00:00,1522.0999755859375,1522.0999755859375,1520.4000244140625,1521.5,89917
2025-09-19 07:15:00+00:00,1522.0,1523.5999755859375,1521.0999755859375,1522.0999755859375,173598
2025-09-19 07:30:00+00:00,1522.9000244140625,1523.0999755859375,1521.699951171875,1522.0,110558
2025-09-19 07:45:00+00:00,1525.300048828125,1525.5,1522.5999755859375,1522.9000244140625,116231
2025-09-19 08:00:00+00:00,1525.4000244140625,1527.0,1523.800048828125,1527.0,283603
2025-09-19 08:15:00+00:00,1525.300048828125,1526.199951171875,1524.9000244140625,1525.300048828125,201741
2025-09-19 08:30:00+00:00,1530.4000244140625,1530.4000244140625,1525.5,1525.5,411275
2025-09-19 08:45:00+00:00,1526.300048828125,1530.699951171875,1525.800048828125,1530.300048828125,336358
2025-09-19 09:00:00+00:00,1526.800048828125,1528.0,1525.800048828125,1526.4000244140625,297426
2025-09-19 09:15:00+00:00,1527.4000244140625,1528.5999755859375,1526.0,1526.699951171875,290130
2025-09-19 09:30:00+00:00,1540.699951171875,1541.0,1527.0999755859375,1527.0999755859375,4394850
2025-09-19 09:45:00+00:00,1544.0,1547.300048828125,1540.199951171875,1540.5,3838352
2025-09-22 03:45:00+00:00,1504.0,1504.0999755859375,1486.0,1492.699951171875,1407026
2025-09-22 04:00:00+00:00,1512.0,1514.4000244140625,1502.0999755859375,1503.9000244140625,1205137
2025-09-22 04:15:00+00:00,1513.300048828125,1514.199951171875,1511.5,1512.0,795400
2025-09-22 04:30:00+00:00,1507.5,1514.0999755859375,1507.4000244140625,1513.0,608505
2025-09-22 04:45:00+00:00,1501.5999755859375,1507.5999755859375,1501.0999755859375,1507.5999755859375,824597
2025-09-22 05:00:00+00:00,1501.0999755859375,1502.5999755859375,1498.0,1501.300048828125,649592
2025-09-22 05:15:00+00:00,1501.800048828125,1502.199951171875,1498.5999755859375,1501.0999755859375,385903
2025-09-22 05:30:00+00:00,1501.0999755859375,1502.0999755859375,1497.4000244140625,1501.800048828125,526529
2025-09-22 05:45:00+00:00,1500.0,1501.699951171875,1498.5,1501.0999755859375,288732
2025-09-22 06:00:00+00:00,1500.5999755859375,1501.5,1499.5999755859375,1500.199951171875,257880
2025-09-22 06:15:00+00:00,1498.5999755859375,1501.0,1498.5999755859375,1501.0,478437
2025-09-22 06:30:00+00:00,1501.4000244140625,1503.0,1498.5999755859375,1498.9000244140625,533636
2025-09-22 06:45:00+00:00,1501.0,1502.4000244140625,1500.0,1501.4000244140625,409593
2025-09-22 07:00:00+00:00,1500.300048828125,1501.5,1500.0,1501.0,316879
2025-09-22 07:15:00+00:00,1498.199951171875,1500.300048828125,1497.5,1500.300048828125,454147
2025-09-22 07:30:00+00:00,1499.5999755859375,1500.0999755859375,1498.0,1498.0999755859375,296397
2025-09-22 07:45:00+00:00,1499.800048828125,1500.199951171875,1498.0999755859375,1499.699951171875,328297
2025-09-22 08:00:00+00:00,1495.199951171875,1500.0,1495.0999755859375,1499.800048828125,341384
2025-09-22 08:15:00+00:00,1491.5,1495.300048828125,1490.4000244140625,1495.199951171875,540230
2025-09-22 08:30:00+00:00,1495.0999755859375,1497.300048828125,1491.5999755859375,1491.5999755859375,440938
2025-09-22 08:45:00+00:00,1492.0999755859375,1495.300048828125,1492.0,1495.0999755859375,292439
2025-09-22 09:00:00+00:00,1491.5999755859375,1492.699951171875,1491.0,1492.699951171875,249781
2025-09-22 09:15:00+00:00,1496.5,1496.5,1490.699951171875,1491.800048828125,469931
2025-09-22 09:30:00+00:00,1500.5,1501.699951171875,1495.4000244140625,1496.5999755859375,732856
2025-09-22 09:45:00+00:00,1500.9000244140625,1502.0,1499.300048828125,1500.800048828125,749376
2025-09-23 03:45:00+00:00,1503.0999755859375,1512.199951171875,1500.0,1502.0,392690
2025-09-23 04:00:00+00:00,1502.800048828125,1505.800048828125,1500.0,1503.300048828125,437130
2025-09-23 04:15:00+00:00,1497.300048828125,1503.0,1497.300048828125,1502.5999755859375,286838
2025-09-23 04:30:00+00:00,1497.199951171875,1498.5999755859375,1496.300048828125,1497.5,238989
2025-09-23 04:45:00+00:00,1499.800048828125,1499.9000244140625,1497.0999755859375,1497.300048828125,236776
2025-09-23 05:00:00+00:00,1496.699951171875,1500.9000244140625,1496.5999755859375,1499.800048828125,221432
2025-09-23 05:15:00+00:00,1496.0,1497.699951171875,1495.800048828125,1496.800048828125,227092
2025-09-23 05:30:00+00:00,1495.4000244140625,1497.300048828125,1495.0999755859375,1496.0,175901
2025-09-23 05:45:00+00:00,1497.5999755859375,1498.5999755859375,1493.800048828125,1495.300048828125,274324
2025-09-23 06:00:00+00:00,1497.0,1498.0,1495.9000244140625,1497.699951171875,180643
2025-09-23 06:15:00+00:00,1500.199951171875,1500.5,1496.800048828125,1497.0,231930
2025-09-23 06:30:00+00:00,1504.5,1504.5,1500.0999755859375,1500.0999755859375,259731
2025-09-23 06:45:00+00:00,1501.9000244140625,1504.9000244140625,1501.5,1504.5,268259
2025-09-23 07:00:00+00:00,1503.0999755859375,1506.9000244140625,1501.199951171875,1501.699951171875,331177
2025-09-23 07:15:00+00:00,1503.0999755859375,1504.0999755859375,1502.0,1503.300048828125,207465
2025-09-23 07:30:00+00:00,1503.0999755859375,1504.699951171875,1502.9000244140625,1503.199951171875,248412
2025-09-23 07:45:00+00:00,1503.199951171875,1503.4000244140625,1501.800048828125,1503.0999755859375,200728
2025-09-23 08:00:00+00:00,1505.4000244140625,1506.300048828125,1502.699951171875,1503.0999755859375,277326
2025-09-23 08:15:00+00:00,1503.300048828125,1505.9000244140625,1502.9000244140625,1505.4000244140625,132390
2025-09-23 08:30:00+00:00,1502.199951171875,1506.800048828125,1501.9000244140625,1503.0999755859375,273306
2025-09-23 08:45:00+00:00,1502.699951171875,1504.4000244140625,1500.699951171875,1502.199951171875,307151
2025-09-23 09:00:00+00:00,1501.5,1503.199951171875,1500.800048828125,1502.699951171875,380683
2025-09-23 09:15:00+00:00,1498.0999755859375,1501.5999755859375,1497.699951171875,1501.5999755859375,615151
2025-09-23 09:30:00+00:00,1497.5,1498.5,1494.0999755859375,1498.300048828125,1382826
2025-09-23 09:45:00+00:00,1500.5999755859375,1500.5999755859375,1496.199951171875,1497.699951171875,1216870
2025-09-24 03:45:00+00:00,1493.300048828125,1496.0,1490.800048828125,1490.800048828125,183811
2025-09-24 04:00:00+00:00,1490.0999755859375,1494.5,1490.0,1493.5999755859375,197266
2025-09-24 04:15:00+00:00,1490.699951171875,1491.5,1489.0,1490.0999755859375,146203
2025-09-24 04:30:00+00:00,1490.699951171875,1493.199951171875,1490.4000244140625,1490.5999755859375,112985
2025-09-24 04:45:00+00:00,1489.5,1492.5999755859375,1489.5,1490.800048828125,155103
2025-09-24 05:00:00+00:00,1486.800048828125,1490.5,1486.199951171875,1489.5,156836
2025-09-24 05:15:00+00:00,1485.300048828125,1487.0,1485.199951171875,1486.699951171875,99291
2025-09-24 05:30:00+00:00,1486.0,1486.199951171875,1483.0999755859375,1485.199951171875,137699
2025-09-24 05:45:00+00:00,1483.5,1486.699951171875,1483.4000244140625,1485.9000244140625,84729
2025-09-24 06:00:00+00:00,1483.5,1484.9000244140625,1483.300048828125,1483.5,75639
2025-09-24 06:15:00+00:00,1485.0,1485.800048828125,1483.5,1483.5999755859375,134829
2025-09-24 06:30:00+00:00,1487.9000244140625,1488.199951171875,1484.5,1485.5,114809
2025-09-24 06:45:00+00:00,1488.800048828125,1489.9000244140625,1487.5999755859375,1487.5999755859375,126835
2025-09-24 07:00:00+00:00,1488.0999755859375,1489.699951171875,1487.9000244140625,1489.0999755859375,134809
2025-09-24 07:15:00+00:00,1488.199951171875,1489.0999755859375,1486.800048828125,1488.0999755859375,65585
2025-09-24 07:30:00+00:00,1489.4000244140625,1489.699951171875,1488.199951171875,1488.5,80374
2025-09-24 07:45:00+00:00,1489.199951171875,1490.0999755859375,1488.199951171875,1489.699951171875,95865
2025-09-24 08:00:00+00:00,1490.9000244140625,1491.800048828125,1488.5999755859375,1489.0999755859375,182163
2025-09-24 08:15:00+00:00,1490.5999755859375,1491.9000244140625,1489.699951171875,1491.4000244140625,111640
2025-09-24 08:30:00+00:00,1491.300048828125,1491.5,1490.0,1490.800048828125,93097
2025-09-24 08:45:00+00:00,1491.300048828125,1492.300048828125,1490.300048828125,1491.300048828125,158948
2025-09-24 09:00:00+00:00,1491.5,1493.300048828125,1489.9000244140625,1491.300048828125,320196
2025-09-24 09:15:00+00:00,1490.5,1492.800048828125,1490.199951171875,1491.699951171875,200185
2025-09-24 09:30:00+00:00,1494.9000244140625,1494.9000244140625,1490.5999755859375,1490.5999755859375,546034
2025-09-24 09:45:00+00:00,1494.5999755859375,1496.5,1494.0,1494.800048828125,605698
2025-09-25 03:45:00+00:00,1496.9000244140625,1502.699951171875,1489.0,1489.0,316571
2025-09-25 04:00:00+00:00,1502.699951171875,1502.699951171875,1496.5,1496.9000244140625,322470
2025-09-25 04:15:00+00:00,1499.0,1502.5999755859375,1498.0999755859375,1502.5999755859375,214328
2025-09-25 04:30:00+00:00,1500.199951171875,1500.800048828125,1498.199951171875,1499.0999755859375,211957
2025-09-25 04:45:00+00:00,1498.5999755859375,1500.300048828125,1496.800048828125,1500.199951171875,220152
2025-09-25 05:00:00+00:00,1496.800048828125,1498.800048828125,1495.300048828125,1498.5,168112
2025-09-25 05:15:00+00:00,1497.5999755859375,1497.5999755859375,1495.300048828125,1496.5,161543
2025-09-25 05:30:00+00:00,1497.0999755859375,1498.199951171875,1496.699951171875,1497.5999755859375,126727
2025-09-25 05:45:00+00:00,1497.5,1498.5999755859375,1496.800048828125,1497.300048828125,116676
2025-09-25 06:00:00+00:00,1494.4000244140625,1497.699951171875,1494.199951171875,1497.5,114354
2025-09-25 06:15:00+00:00,1492.300048828125,1494.800048828125,1492.0999755859375,1494.4000244140625,210923
2025-09-25 06:30:00+00:00,1492.5999755859375,1493.199951171875,1490.300048828125,1492.4000244140625,215434
2025-09-25 06:45:00+00:00,1491.0,1493.5999755859375,1490.4000244140625,1492.5,153121
2025-09-25 07:00:00+00:00,1484.4000244140625,1490.699951171875,1483.9000244140625,1490.5,229650
2025-09-25 07:15:00+00:00,1483.199951171875,1484.9000244140625,1482.0,1484.300048828125,271975
2025-09-25 07:30:00+00:00,1485.0,1486.4000244140625,1483.300048828125,1483.300048828125,188814
2025-09-25 07:45:00+00:00,1483.800048828125,1485.4000244140625,1483.0,1485.0999755859375,267870
2025-09-25 08:00:00+00:00,1483.5,1484.4000244140625,1482.300048828125,1483.800048828125,235266
2025-09-25 08:15:00+00:00,1480.0,1484.800048828125,1479.9000244140625,1483.5999755859375,349750
2025-09-25 08:30:00+00:00,1478.9000244140625,1480.0,1476.5,1480.0,434066
2025-09-25 08:45:00+00:00,1481.5,1482.199951171875,1478.800048828125,1479.0,384389
2025-09-25 09:00:00+00:00,1485.4000244140625,1486.0999755859375,1481.300048828125,1481.5,428225
2025-09-25 09:15:00+00:00,1481.9000244140625,1487.0,1480.800048828125,1485.5,467540
2025-09-25 09:30:00+00:00,1485.0,1485.5,1480.5,1482.0,1480725
2025-09-25 09:45:00+00:00,1491.0999755859375,1491.800048828125,1484.4000244140625,1485.0999755859375,1714030
2025-09-26 03:45:00+00:00,1467.699951171875,1478.300048828125,1460.5,1477.300048828125,449561
2025-09-26 04:00:00+00:00,1459.300048828125,1467.4000244140625,1458.0,1467.0999755859375,390437
2025-09-26 04:15:00+00:00,1464.0,1464.199951171875,1458.199951171875,1459.0,295381
2025-09-26 04:30:00+00:00,1460.199951171875,1464.0999755859375,1458.5999755859375,1464.0,244587
2025-09-26 04:45:00+00:00,1463.5999755859375,1464.199951171875,1458.9000244140625,1460.199951171875,313799
2025-09-26 05:00:00+00:00,1464.0999755859375,1464.699951171875,1462.5999755859375,1463.5999755859375,139925
2025-09-26 05:15:00+00:00,1464.0999755859375,1465.5999755859375,1463.0,1464.0999755859375,166423
2025-09-26 05:30:00+00:00,1463.9000244140625,1465.0,1462.5,1464.0,512769
2025-09-26 05:45:00+00:00,1463.0999755859375,1464.199951171875,1462.4000244140625,1463.9000244140625,176730
2025-09-26 06:00:00+00:00,1460.0,1463.300048828125,1459.300048828125,1463.0999755859375,310914
2025-09-26 06:15:00+00:00,1460.699951171875,1462.0,1459.0,1460.5,205605
2025-09-26 06:30:00+00:00,1459.4000244140625,1460.9000244140625,1458.9000244140625,1460.699951171875,185764
2025-09-26 06:45:00+00:00,1459.699951171875,1460.0,1458.9000244140625,1459.300048828125,196719
2025-09-26 07:00:00+00:00,1459.800048828125,1460.4000244140625,1458.9000244140625,1459.5999755859375,166040
2025-09-26 07:15:00+00:00,1463.0,1464.0,1459.300048828125,1459.800048828125,306995
2025-09-26 07:30:00+00:00,1462.300048828125,1464.300048828125,1461.5999755859375,1463.0999755859375,151556
2025-09-26 07:45:00+00:00,1461.4000244140625,1462.699951171875,1460.699951171875,1462.4000244140625,151409
2025-09-26 08:00:00+00:00,1460.199951171875,1461.5,1459.4000244140625,1461.4000244140625,188724
2025-09-26 08:15:00+00:00,1455.4000244140625,1460.199951171875,1455.0999755859375,1460.199951171875,374650
2025-09-26 08:30:00+00:00,1445.800048828125,1455.5,1445.0999755859375,1455.4000244140625,487740
2025-09-26 08:45:00+00:00,1443.5999755859375,1446.199951171875,1441.4000244140625,1445.9000244140625,435326
2025-09-26 09:00:00+00:00,1448.0,1448.300048828125,1443.5,1443.5999755859375,403417
2025-09-26 09:15:00+00:00,1448.0999755859375,1450.5,1446.5,1447.9000244140625,330929
2025-09-26 09:30:00+00:00,1445.5,1449.300048828125,1445.5,1448.199951171875,575082
2025-09-26 09:45:00+00:00,1452.199951171875,1454.5999755859375,1444.800048828125,1445.5999755859375,827378
2025-09-29 03:45:00+00:00,1459.0999755859375,1463.5,1453.699951171875,1462.199951171875,169181
2025-09-29 04:00:00+00:00,1461.9000244140625,1462.0,1456.0999755859375,1459.300048828125,123223
2025-09-29 04:15:00+00:00,1460.699951171875,1463.199951171875,1460.0,1461.9000244140625,117802
2025-09-29 04:30:00+00:00,1463.0999755859375,1463.0999755859375,1459.0,1460.5,93298
2025-09-29 04:45:00+00:00,1460.0,1464.5999755859375,1458.0,1463.199951171875,119362
2025-09-29 05:00:00+00:00,1460.199951171875,1464.0,1459.0,1460.0,75432
2025-09-29 05:15:00+00:00,1460.800048828125,1463.5999755859375,1459.800048828125,1460.199951171875,81836
2025-09-29 05:30:00+00:00,1458.5,1462.300048828125,1458.5,1460.699951171875,52256
2025-09-29 05:45:00+00:00,1456.199951171875,1458.699951171875,1455.9000244140625,1458.5,97180
2025-09-29 06:00:00+00:00,1453.199951171875,1456.5,1451.0999755859375,1456.5,169801
2025-09-29 06:15:00+00:00,1449.0999755859375,1453.0999755859375,1448.800048828125,1452.5999755859375,134927
2025-09-29 06:30:00+00:00,1448.300048828125,1450.5,1447.5999755859375,1449.0999755859375,99992
2025-09-29 06:45:00+00:00,1449.699951171875,1450.5999755859375,1447.5999755859375,1448.199951171875,114640
2025-09-29 07:00:00+00:00,1444.0999755859375,1449.5,1443.699951171875,1448.9000244140625,77498
2025-09-29 07:15:00+00:00,1449.5,1449.5,1442.9000244140625,1444.0999755859375,274852
2025-09-29 07:30:00+00:00,1453.5,1454.0999755859375,1447.699951171875,1449.300048828125,402802
2025-09-29 07:45:00+00:00,1454.0999755859375,1456.800048828125,1450.300048828125,1453.5,335871
2025-09-29 08:00:00+00:00,1450.699951171875,1454.9000244140625,1449.0,1454.199951171875,131425
2025-09-29 08:15:00+00:00,1453.800048828125,1456.9000244140625,1450.199951171875,1450.4000244140625,511589
2025-09-29 08:30:00+00:00,1452.800048828125,1455.199951171875,1452.5,1453.9000244140625,142075
2025-09-29 08:45:00+00:00,1451.800048828125,1457.0,1451.5999755859375,1452.9000244140625,457864
2025-09-29 09:00:00+00:00,1450.199951171875,1453.0,1450.0999755859375,1451.699951171875,229600
2025-09-29 09:15:00+00:00,1451.0999755859375,1452.0,1449.5,1450.300048828125,176759
2025-09-29 09:30:00+00:00,1439.5999755859375,1450.9000244140625,1439.5,1450.9000244140625,3635852
2025-09-29 09:45:00+00:00,1449.199951171875,1453.0,1436.699951171875,1439.800048828125,2303165
2025-09-30 03:45:00+00:00,1441.800048828125,1448.5,1440.800048828125,1444.199951171875,142613
2025-09-30 04:00:00+00:00,1441.5,1443.699951171875,1438.4000244140625,1441.5,168169
2025-09-30 04:15:00+00:00,1448.0,1448.5999755859375,1440.5999755859375,1441.800048828125,236475
2025-09-30 04:30:00+00:00,1444.5999755859375,1448.800048828125,1443.199951171875,1448.300048828125,129608
2025-09-30 04:45:00+00:00,1444.699951171875,1446.699951171875,1443.0,1444.5,139851
2025-09-30 05:00:00+00:00,1446.5,1447.0,1443.5999755859375,1444.699951171875,152342
2025-09-30 05:15:00+00:00,1447.300048828125,1448.4000244140625,1444.5999755859375,1446.5,117255
2025-09-30 05:30:00+00:00,1450.5999755859375,1450.800048828125,1447.199951171875,1447.5,99869
2025-09-30 05:45:00+00:00,1448.300048828125,1451.9000244140625,1447.9000244140625,1450.699951171875,97159
2025-09-30 06:00:00+00:00,1446.199951171875,1449.0999755859375,1445.699951171875,1448.300048828125,110029
2025-09-30 06:15:00+00:00,1444.300048828125,1446.5,1443.5,1446.0999755859375,124716
2025-09-30 06:30:00+00:00,1441.9000244140625,1445.699951171875,1441.5999755859375,1444.300048828125,179890
2025-09-30 06:45:00+00:00,1445.699951171875,1447.800048828125,1441.300048828125,1441.9000244140625,141556
2025-09-30 07:00:00+00:00,1445.5,1447.9000244140625,1444.0,1445.800048828125,173669
2025-09-30 07:15:00+00:00,1444.5,1446.199951171875,1443.5999755859375,1445.5,191752
2025-09-30 07:30:00+00:00,1444.5,1447.5,1443.800048828125,1444.5,162199
2025-09-30 07:45:00+00:00,1445.300048828125,1447.9000244140625,1444.5,1445.199951171875,194378
2025-09-30 08:00:00+00:00,1445.199951171875,1446.9000244140625,1443.699951171875,1445.199951171875,358910
2025-09-30 08:15:00+00:00,1444.699951171875,1446.0,1444.199951171875,1445.0,126208
2025-09-30 08:30:00+00:00,1445.0,1446.4000244140625,1441.5,1444.5999755859375,490776
2025-09-30 08:45:00+00:00,1442.0,1445.300048828125,1441.5,1445.0999755859375,408944
2025-09-30 09:00:00+00:00,1442.300048828125,1444.4000244140625,1441.0,1442.0,353881
2025-09-30 09:15:00+00:00,1441.0,1443.5,1439.199951171875,1442.300048828125,433342
2025-09-30 09:30:00+00:00,1441.699951171875,1443.5999755859375,1440.0,1440.699951171875,1321826
2025-09-30 09:45:00+00:00,1442.5999755859375,1442.9000244140625,1440.300048828125,1441.699951171875,1167976
2025-10-01 03:45:00+00:00,1435.5,1445.5999755859375,1430.4000244140625,1443.5,158268
2025-10-01 04:00:00+00:00,1435.9000244140625,1437.4000244140625,1432.5999755859375,1435.5999755859375,120253
2025-10-01 04:15:00+00:00,1431.5999755859375,1438.699951171875,1431.5999755859375,1436.0999755859375,190263
2025-10-01 04:30:00+00:00,1431.0,1432.0999755859375,1427.4000244140625,1431.5999755859375,257959
2025-10-01 04:45:00+00:00,1432.0,1432.0,1429.199951171875,1431.0,112046
2025-10-01 05:00:00+00:00,1431.4000244140625,1433.9000244140625,1430.5999755859375,1432.800048828125,95917
2025-10-01 05:15:00+00:00,1438.0999755859375,1439.0,1430.5999755859375,1430.5999755859375,175276
2025-10-01 05:30:00+00:00,1436.9000244140625,1440.0,1436.300048828125,1438.199951171875,175464
2025-10-01 05:45:00+00:00,1439.300048828125,1440.699951171875,1436.5,1437.300048828125,192172
2025-10-01 06:00:00+00:00,1440.4000244140625,1440.5999755859375,1438.300048828125,1439.199951171875,189228
2025-10-01 06:15:00+00:00,1440.800048828125,1442.199951171875,1439.0999755859375,1440.5,90370
2025-10-01 06:30:00+00:00,1441.699951171875,1444.800048828125,1439.0999755859375,1440.5999755859375,115456
2025-10-01 06:45:00+00:00,1438.300048828125,1442.300048828125,1435.199951171875,1441.699951171875,278231
2025-10-01 07:00:00+00:00,1434.0999755859375,1438.0999755859375,1434.0,1438.0999755859375,122521
2025-10-01 07:15:00+00:00,1435.0999755859375,1437.0,1433.0,1434.0999755859375,170357
2025-10-01 07:30:00+00:00,1434.4000244140625,1436.5999755859375,1433.0,1435.0,174292
2025-10-01 07:45:00+00:00,1435.4000244140625,1436.699951171875,1433.0999755859375,1434.5,172057
2025-10-01 08:00:00+00:00,1433.800048828125,1435.699951171875,1433.0999755859375,1435.5999755859375,252213
2025-10-01 08:15:00+00:00,1432.5999755859375,1434.800048828125,1430.800048828125,1433.800048828125,200814
2025-10-01 08:30:00+00:00,1435.9000244140625,1435.9000244140625,1431.699951171875,1432.699951171875,194267
2025-10-01 08:45:00+00:00,1441.800048828125,1443.5999755859375,1435.0,1436.300048828125,453069
2025-10-01 09:00:00+00:00,1446.5999755859375,1448.800048828125,1442.0,1442.0,471712
2025-10-01 09:15:00+00:00,1445.5,1449.5,1443.0,1446.5,424890
2025-10-01 09:30:00+00:00,1445.300048828125,1446.800048828125,1444.0,1445.4000244140625,652409
2025-10-01 09:45:00+00:00,1445.800048828125,1448.199951171875,1444.4000244140625,1445.5,574272
2025-10-03 03:45:00+00:00,1438.0,1441.800048828125,1433.800048828125,1438.800048828125,308311
2025-10-03 04:00:00+00:00,1440.800048828125,1441.0,1435.0,1438.0999755859375,645776
2025-10-03 04:15:00+00:00,1442.0,1443.699951171875,1440.199951171875,1440.9000244140625,247608
2025-10-03 04:30:00+00:00,1439.300048828125,1442.9000244140625,1438.5,1442.0999755859375,197455
2025-10-03 04:45:00+00:00,1442.800048828125,1442.800048828125,1438.5,1440.0,205461
2025-10-03 05:00:00+00:00,1439.300048828125,1444.300048828125,1439.300048828125,1442.800048828125,174356
2025-10-03 05:15:00+00:00,1441.800048828125,1442.800048828125,1438.0,1439.5,155373
2025-10-03 05:30:00+00:00,1440.800048828125,1443.5,1440.800048828125,1442.0,138141
2025-10-03 05:45:00+00:00,1443.0999755859375,1444.0,1440.800048828125,1440.800048828125,151889
2025-10-03 06:00:00+00:00,1443.699951171875,1444.5,1442.5,1443.0999755859375,134127
2025-10-03 06:15:00+00:00,1444.5999755859375,1445.699951171875,1443.5,1443.699951171875,143453
2025-10-03 06:30:00+00:00,1443.5,1445.5,1441.0,1444.699951171875,198243
2025-10-03 06:45:00+00:00,1440.0,1443.5,1439.4000244140625,1443.5,200449
2025-10-03 07:00:00+00:00,1439.800048828125,1440.0999755859375,1438.0,1440.0,224371
2025-10-03 07:15:00+00:00,1441.800048828125,1441.800048828125,1439.300048828125,1439.800048828125,166872
2025-10-03 07:30:00+00:00,1444.4000244140625,1445.0999755859375,1440.0999755859375,1441.9000244140625,318888
2025-10-03 07:45:00+00:00,1442.5,1444.4000244140625,1441.300048828125,1444.4000244140625,138768
2025-10-03 08:00:00+00:00,1441.800048828125,1442.800048828125,1440.9000244140625,1442.4000244140625,150135
2025-10-03 08:15:00+00:00,1441.0,1442.5,1441.0,1441.9000244140625,153035
2025-10-03 08:30:00+00:00,1440.0,1442.699951171875,1440.0,1441.300048828125,152673
2025-10-03 08:45:00+00:00,1441.4000244140625,1441.5999755859375,1440.0,1440.0999755859375,180572
2025-10-03 09:00:00+00:00,1446.699951171875,1446.9000244140625,1441.4000244140625,1441.5,305246
2025-10-03 09:15:00+00:00,1448.0,1448.199951171875,1445.4000244140625,1446.699951171875,378931
2025-10-03 09:30:00+00:00,1446.5999755859375,1448.199951171875,1446.0,1448.199951171875,646130
2025-10-03 09:45:00+00:00,1446.5999755859375,1447.9000244140625,1445.0,1446.5,724918
2025-10-06 03:45:00+00:00,1449.5,1453.9000244140625,1442.699951171875,1446.0,107821
2025-10-06 04:00:00+00:00,1452.9000244140625,1453.300048828125,1448.0,1449.4000244140625,120909
2025-10-06 04:15:00+00:00,1453.300048828125,1456.0,1451.0,1453.0999755859375,212975
2025-10-06 04:30:00+00:00,1455.300048828125,1455.5,1451.5,1452.5999755859375,84670
2025-10-06 04:45:00+00:00,1458.5,1461.0,1455.5,1455.5,188695
2025-10-06 05:00:00+00:00,1459.4000244140625,1462.300048828125,1457.5999755859375,1458.800048828125,101807
2025-10-06 05:15:00+00:00,1458.0999755859375,1462.0999755859375,1457.0,1460.0999755859375,74986
2025-10-06 05:30:00+00:00,1463.0,1463.0,1457.5,1457.5,128047
2025-10-06 05:45:00+00:00,1465.800048828125,1466.699951171875,1460.300048828125,1463.0,177244
2025-10-06 06:00:00+00:00,1466.0,1467.5999755859375,1465.0,1466.0999755859375,94959
2025-10-06 06:15:00+00:00,1464.9000244140625,1466.300048828125,1461.4000244140625,1465.800048828125,120117
2025-10-06 06:30:00+00:00,1463.4000244140625,1467.0,1463.0,1464.9000244140625,105602
2025-10-06 06:45:00+00:00,1461.0,1465.9000244140625,1460.4000244140625,1463.5,138150
2025-10-06 07:00:00+00:00,1459.9000244140625,1461.199951171875,1458.0999755859375,1460.9000244140625,153751
2025-10-06 07:15:00+00:00,1463.0,1463.800048828125,1459.5,1460.5,131960
2025-10-06 07:30:00+00:00,1466.800048828125,1467.0999755859375,1462.199951171875,1463.0999755859375,109627
2025-10-06 07:45:00+00:00,1465.0999755859375,1467.800048828125,1463.300048828125,1466.5999755859375,100164
2025-10-06 08:00:00+00:00,1468.0,1469.5,1465.199951171875,1465.199951171875,159077
2025-10-06 08:15:00+00:00,1468.699951171875,1469.0,1463.0999755859375,1467.5999755859375,238576
2025-10-06 08:30:00+00:00,1470.5,1471.9000244140625,1467.699951171875,1469.0999755859375,167232
2025-10-06 08:45:00+00:00,1467.199951171875,1470.800048828125,1466.300048828125,1470.199951171875,156960
2025-10-06 09:00:00+00:00,1472.0,1474.5999755859375,1466.9000244140625,1466.9000244140625,265278
2025-10-06 09:15:00+00:00,1472.800048828125,1475.0,1469.4000244140625,1472.300048828125,211402
2025-10-06 09:30:00+00:00,1474.5999755859375,1476.4000244140625,1472.800048828125,1472.9000244140625,434388
2025-10-06 09:45:00+00:00,1476.0,1478.800048828125,1472.0,1474.699951171875,664757
2025-10-07 03:45:00+00:00,1468.5,1482.699951171875,1467.0,1481.0,221098
2025-10-07 04:00:00+00:00,1467.9000244140625,1469.0,1464.0,1468.199951171875,130018
2025-10-07 04:15:00+00:00,1471.300048828125,1472.800048828125,1465.5,1467.699951171875,169336
2025-10-07 04:30:00+00:00,1466.5999755859375,1472.199951171875,1465.9000244140625,1471.300048828125,189314
2025-10-07 04:45:00+00:00,1464.199951171875,1466.699951171875,1461.0999755859375,1466.699951171875,149722
2025-10-07 05:00:00+00:00,1465.199951171875,1466.5999755859375,1463.5999755859375,1464.4000244140625,111937
2025-10-07 05:15:00+00:00,1464.0999755859375,1465.5,1463.699951171875,1465.199951171875,95261
2025-10-07 05:30:00+00:00,1464.5999755859375,1465.199951171875,1463.0,1464.4000244140625,93944
2025-10-07 05:45:00+00:00,1463.699951171875,1464.5999755859375,1462.0,1464.5999755859375,166686
2025-10-07 06:00:00+00:00,1461.5,1465.5,1460.0999755859375,1464.0,227004
2025-10-07 06:15:00+00:00,1461.5,1462.300048828125,1460.5,1461.300048828125,96651
2025-10-07 06:30:00+00:00,1460.300048828125,1463.0,1459.4000244140625,1461.5999755859375,138316
2025-10-07 06:45:00+00:00,1458.800048828125,1460.199951171875,1457.0,1460.0999755859375,178803
2025-10-07 07:00:00+00:00,1465.0,1466.0,1457.5999755859375,1458.800048828125,241477
2025-10-07 07:15:00+00:00,1466.0,1466.699951171875,1463.800048828125,1464.9000244140625,210818
2025-10-07 07:30:00+00:00,1464.800048828125,1466.5,1464.4000244140625,1465.5999755859375,168010
2025-10-07 07:45:00+00:00,1465.300048828125,1468.699951171875,1464.699951171875,1464.800048828125,165473
2025-10-07 08:00:00+00:00,1465.199951171875,1465.5999755859375,1462.4000244140625,1465.300048828125,137383
2025-10-07 08:15:00+00:00,1463.9000244140625,1466.9000244140625,1463.0,1465.5,127932
2025-10-07 08:30:00+00:00,1468.9000244140625,1469.199951171875,1463.4000244140625,1463.9000244140625,126796
2025-10-07 08:45:00+00:00,1462.0999755859375,1469.5999755859375,1461.4000244140625,1468.9000244140625,180767
2025-10-07 09:00:00+00:00,1460.699951171875,1465.4000244140625,1460.300048828125,1462.0,328142
2025-10-07 09:15:00+00:00,1463.0,1463.9000244140625,1458.800048828125,1460.699951171875,282705
2025-10-07 09:30:00+00:00,1454.800048828125,1464.699951171875,1454.0999755859375,1463.300048828125,809165
2025-10-07 09:45:00+00:00,1458.5,1459.300048828125,1454.699951171875,1454.699951171875,620450
2025-10-08 03:45:00+00:00,1487.300048828125,1487.9000244140625,1456.5,1458.0999755859375,419334
2025-10-08 04:00:00+00:00,1489.0999755859375,1492.0,1486.0,1487.800048828125,386503
2025-10-08 04:15:00+00:00,1487.699951171875,1492.4000244140625,1485.300048828125,1489.800048828125,232061
2025-10-08 04:30:00+00:00,1486.5,1489.0999755859375,1483.5,1487.5999755859375,129818
2025-10-08 04:45:00+00:00,1487.0,1488.300048828125,1483.0,1486.5,111066
2025-10-08 05:00:00+00:00,1489.199951171875,1490.0,1486.0,1487.0,109910
2025-10-08 05:15:00+00:00,1486.0,1489.699951171875,1485.0,1489.5999755859375,98694
2025-10-08 05:30:00+00:00,1485.699951171875,1488.0,1484.300048828125,1485.800048828125,93908
2025-10-08 05:45:00+00:00,1484.699951171875,1487.5999755859375,1484.0,1485.0999755859375,83734
2025-10-08 06:00:00+00:00,1484.5999755859375,1487.5999755859375,1484.5,1484.699951171875,39876
2025-10-08 06:15:00+00:00,1485.0,1487.9000244140625,1484.0,1484.5999755859375,103945
2025-10-08 06:30:00+00:00,1484.5,1485.300048828125,1482.199951171875,1485.300048828125,93721
2025-10-08 06:45:00+00:00,1484.9000244140625,1485.0999755859375,1482.0999755859375,1485.0,75659
2025-10-08 07:00:00+00:00,1484.800048828125,1485.5,1482.199951171875,1484.800048828125,72923
2025-10-08 07:15:00+00:00,1489.300048828125,1489.5,1484.699951171875,1484.800048828125,148781
2025-10-08 07:30:00+00:00,1491.0,1491.0,1488.4000244140625,1489.300048828125,163463
2025-10-08 07:45:00+00:00,1493.9000244140625,1496.800048828125,1490.0,1490.5999755859375,306893
2025-10-08 08:00:00+00:00,1494.0,1495.0,1492.300048828125,1493.5,117679
2025-10-08 08:15:00+00:00,1492.9000244140625,1494.300048828125,1491.5,1494.0,87509
2025-10-08 08:30:00+00:00,1491.800048828125,1494.5,1490.0,1492.699951171875,142039
2025-10-08 08:45:00+00:00,1493.0,1494.5,1491.199951171875,1492.0,98009
2025-10-08 09:00:00+00:00,1496.5999755859375,1497.9000244140625,1492.0,1493.0999755859375,170918
2025-10-08 09:15:00+00:00,1495.5,1497.4000244140625,1494.9000244140625,1497.0,240635
2025-10-08 09:30:00+00:00,1494.800048828125,1497.4000244140625,1493.5999755859375,1495.5999755859375,442877
2025-10-08 09:45:00+00:00,1492.0,1495.5,1492.0,1494.300048828125,422897
2025-10-09 03:45:00+00:00,1499.4000244140625,1509.0,1496.800048828125,1499.300048828125,245259
2025-10-09 04:00:00+00:00,1500.0,1502.0,1495.5999755859375,1499.4000244140625,200623
2025-10-09 04:15:00+00:00,1493.300048828125,1501.0,1493.0,1499.9000244140625,140679
2025-10-09 04:30:00+00:00,1490.300048828125,1495.5999755859375,1488.5999755859375,1493.199951171875,144820
2025-10-09 04:45:00+00:00,1495.5999755859375,1498.0999755859375,1487.0999755859375,1490.5999755859375,227373
2025-10-09 05:00:00+00:00,1492.0,1498.199951171875,1491.199951171875,1495.699951171875,133527
2025-10-09 05:15:00+00:00,1492.800048828125,1494.0999755859375,1490.199951171875,1492.300048828125,64788
2025-10-09 05:30:00+00:00,1499.0,1504.0,1492.5,1493.0999755859375,496655
2025-10-09 05:45:00+00:00,1498.300048828125,1499.0,1494.5,1498.800048828125,120793
2025-10-09 06:00:00+00:00,1502.199951171875,1503.699951171875,1497.5,1498.4000244140625,235237
2025-10-09 06:15:00+00:00,1502.199951171875,1505.0,1500.800048828125,1501.699951171875,225406
2025-10-09 06:30:00+00:00,1503.4000244140625,1505.800048828125,1501.0,1502.0999755859375,150555
2025-10-09 06:45:00+00:00,1506.699951171875,1507.9000244140625,1502.800048828125,1503.5999755859375,276224
2025-10-09 07:00:00+00:00,1510.0999755859375,1514.0,1505.0,1507.0,414065
2025-10-09 07:15:00+00:00,1510.9000244140625,1512.699951171875,1509.9000244140625,1510.0,233510
2025-10-09 07:30:00+00:00,1504.800048828125,1511.5,1504.0,1511.4000244140625,250215
2025-10-09 07:45:00+00:00,1501.300048828125,1506.0,1501.0,1505.0,141630
2025-10-09 08:00:00+00:00,1498.300048828125,1503.5,1497.199951171875,1501.9000244140625,125240
2025-10-09 08:15:00+00:00,1501.0999755859375,1503.0999755859375,1498.0999755859375,1498.4000244140625,128301
2025-10-09 08:30:00+00:00,1499.4000244140625,1502.9000244140625,1499.4000244140625,1501.5999755859375,128435
2025-10-09 08:45:00+00:00,1505.4000244140625,1505.5,1499.0999755859375,1499.4000244140625,251596
2025-10-09 09:00:00+00:00,1509.199951171875,1511.4000244140625,1503.5,1505.0999755859375,378500
2025-10-09 09:15:00+00:00,1511.0,1511.800048828125,1508.5,1509.5999755859375,428841
2025-10-09 09:30:00+00:00,1507.0999755859375,1512.5,1507.0,1511.0999755859375,823307
2025-10-09 09:45:00+00:00,1510.0,1511.0,1505.199951171875,1507.0,605689
2025-10-10 03:45:00+00:00,1507.9000244140625,1521.699951171875,1499.199951171875,1510.4000244140625,469878
2025-10-10 04:00:00+00:00,1514.300048828125,1515.9000244140625,1506.0999755859375,1508.0,183869
2025-10-10 04:15:00+00:00,1512.0,1515.0999755859375,1508.0,1514.5,122782
2025-10-10 04:30:00+00:00,1516.300048828125,1516.5,1511.199951171875,1512.4000244140625,90842
2025-10-10 04:45:00+00:00,1516.5,1518.800048828125,1513.5,1516.199951171875,104624
2025-10-10 05:00:00+00:00,1513.800048828125,1517.0999755859375,1513.199951171875,1516.0999755859375,58461
2025-10-10 05:15:00+00:00,1517.699951171875,1517.699951171875,1512.5999755859375,1514.0,84609
2025-10-10 05:30:00+00:00,1517.9000244140625,1518.0,1513.699951171875,1517.199951171875,120498
2025-10-10 05:45:00+00:00,1514.5,1519.0,1513.0999755859375,1518.0,238174
2025-10-10 06:00:00+00:00,1515.5,1518.9000244140625,1513.0999755859375,1515.0,160973
2025-10-10 06:15:00+00:00,1512.0,1517.5,1511.5,1515.5,67404
2025-10-10 06:30:00+00:00,1512.199951171875,1514.4000244140625,1511.0,1512.699951171875,57276
2025-10-10 06:45:00+00:00,1512.699951171875,1514.4000244140625,1511.800048828125,1512.199951171875,47216
2025-10-10 07:00:00+00:00,1512.5,1512.9000244140625,1509.0999755859375,1512.5999755859375,82692
2025-10-10 07:15:00+00:00,1512.5,1513.199951171875,1510.0,1512.199951171875,73753
2025-10-10 07:30:00+00:00,1509.300048828125,1512.9000244140625,1508.5,1512.300048828125,111168
2025-10-10 07:45:00+00:00,1510.0,1514.199951171875,1509.0,1509.300048828125,174807
2025-10-10 08:00:00+00:00,1512.800048828125,1514.699951171875,1510.0,1510.199951171875,82051
2025-10-10 08:15:00+00:00,1512.9000244140625,1514.0,1511.699951171875,1512.9000244140625,55727
2025-10-10 08:30:00+00:00,1512.5999755859375,1513.300048828125,1510.0999755859375,1512.9000244140625,57584
2025-10-10 08:45:00+00:00,1514.0999755859375,1515.0,1511.0,1512.5999755859375,135331
2025-10-10 09:00:00+00:00,1515.300048828125,1516.0,1513.800048828125,1514.0999755859375,102150
2025-10-10 09:15:00+00:00,1514.0999755859375,1515.300048828125,1510.800048828125,1515.300048828125,185986
2025-10-10 09:30:00+00:00,1514.699951171875,1516.0,1512.5,1513.5999755859375,225172
2025-10-10 09:45:00+00:00,1512.0,1516.9000244140625,1511.5999755859375,1514.800048828125,241777
2025-10-13 03:45:00+00:00,1501.300048828125,1504.4000244140625,1494.5,1499.0,146425
2025-10-13 04:00:00+00:00,1497.699951171875,1501.9000244140625,1496.5,1501.0,153032
2025-10-13 04:15:00+00:00,1495.800048828125,1499.5999755859375,1495.199951171875,1497.699951171875,106236
2025-10-13 04:30:00+00:00,1494.5,1497.5,1494.0999755859375,1496.5999755859375,87635
2025-10-13 04:45:00+00:00,1493.9000244140625,1495.4000244140625,1492.0,1494.5,105125
2025-10-13 05:00:00+00:00,1492.199951171875,1494.5999755859375,1491.199951171875,1493.300048828125,91870
2025-10-13 05:15:00+00:00,1488.800048828125,1493.0,1488.5,1492.800048828125,145899
2025-10-13 05:30:00+00:00,1488.4000244140625,1489.5999755859375,1487.199951171875,1488.800048828125,79783
2025-10-13 05:45:00+00:00,1487.800048828125,1489.0999755859375,1487.0999755859375,1488.5999755859375,84174
2025-10-13 06:00:00+00:00,1484.0999755859375,1487.800048828125,1483.4000244140625,1487.800048828125,140044
2025-10-13 06:15:00+00:00,1487.699951171875,1487.699951171875,1484.0,1484.0,94310
2025-10-13 06:30:00+00:00,1485.5,1487.699951171875,1485.0,1487.199951171875,123648
2025-10-13 06:45:00+00:00,1485.9000244140625,1486.4000244140625,1484.199951171875,1485.5,101197
2025-10-13 07:00:00+00:00,1487.9000244140625,1487.9000244140625,1484.0999755859375,1486.0999755859375,244782
2025-10-13 07:15:00+00:00,1487.5,1489.300048828125,1484.5,1488.4000244140625,209408
2025-10-13 07:30:00+00:00,1488.800048828125,1489.0,1486.0999755859375,1487.5,211295
2025-10-13 07:45:00+00:00,1486.5,1489.800048828125,1486.300048828125,1488.800048828125,197604
2025-10-13 08:00:00+00:00,1489.699951171875,1490.800048828125,1486.5,1486.5,257195
2025-10-13 08:15:00+00:00,1489.699951171875,1492.0,1488.0,1489.800048828125,302828
2025-10-13 08:30:00+00:00,1490.199951171875,1492.0,1488.5999755859375,1489.0999755859375,167202
2025-10-13 08:45:00+00:00,1496.5999755859375,1497.9000244140625,1489.0,1489.5,432138
2025-10-13 09:00:00+00:00,1499.5999755859375,1501.300048828125,1495.800048828125,1496.0999755859375,419987
2025-10-13 09:15:00+00:00,1497.5999755859375,1500.0999755859375,1495.300048828125,1499.5999755859375,279772
2025-10-13 09:30:00+00:00,1492.800048828125,1498.0,1491.5999755859375,1497.9000244140625,631169
2025-10-13 09:45:00+00:00,1492.9000244140625,1494.5,1490.699951171875,1492.800048828125,741051
2025-10-14 03:45:00+00:00,1509.800048828125,1511.199951171875,1499.5999755859375,1504.5,257037
2025-10-14 04:00:00+00:00,1508.5,1514.4000244140625,1507.699951171875,1509.4000244140625,226316
2025-10-14 04:15:00+00:00,1495.699951171875,1508.4000244140625,1495.0999755859375,1508.4000244140625,218073
2025-10-14 04:30:00+00:00,1491.5999755859375,1498.800048828125,1490.699951171875,1495.699951171875,218408
2025-10-14 04:45:00+00:00,1492.800048828125,1493.800048828125,1490.0999755859375,1492.199951171875,150797
2025-10-14 05:00:00+00:00,1492.199951171875,1495.5,1490.0999755859375,1493.0,238625
2025-10-14 05:15:00+00:00,1492.5,1494.9000244140625,1491.800048828125,1492.199951171875,129496
2025-10-14 05:30:00+00:00,1491.199951171875,1492.9000244140625,1490.0999755859375,1492.800048828125,95115
2025-10-14 05:45:00+00:00,1489.9000244140625,1491.800048828125,1486.5,1491.0,174482
2025-10-14 06:00:00+00:00,1491.699951171875,1492.5,1488.0,1489.5999755859375,101420
2025-10-14 06:15:00+00:00,1491.9000244140625,1492.5,1490.0,1491.699951171875,67394
2025-10-14 06:30:00+00:00,1489.9000244140625,1495.199951171875,1488.300048828125,1491.9000244140625,201581
2025-10-14 06:45:00+00:00,1490.5,1492.0,1489.0,1489.300048828125,87763
2025-10-14 07:00:00+00:00,1488.5,1493.4000244140625,1487.800048828125,1490.5,220175
2025-10-14 07:15:00+00:00,1491.5999755859375,1492.4000244140625,1487.9000244140625,1488.300048828125,87484
2025-10-14 07:30:00+00:00,1489.800048828125,1492.5999755859375,1487.699951171875,1491.5,161046
2025-10-14 07:45:00+00:00,1491.699951171875,1492.0,1488.5,1489.800048828125,83476
2025-10-14 08:00:00+00:00,1493.5,1494.9000244140625,1491.0,1491.699951171875,171699
2025-10-14 08:15:00+00:00,1494.5999755859375,1495.699951171875,1491.699951171875,1493.5,286076
2025-10-14 08:30:00+00:00,1496.0,1497.4000244140625,1493.300048828125,1494.5,234669
2025-10-14 08:45:00+00:00,1501.300048828125,1504.4000244140625,1493.5999755859375,1496.199951171875,351938
2025-10-14 09:00:00+00:00,1494.9000244140625,1502.0,1494.0999755859375,1501.4000244140625,281059
2025-10-14 09:15:00+00:00,1493.300048828125,1498.5,1491.199951171875,1495.0999755859375,229701
2025-10-14 09:30:00+00:00,1489.300048828125,1494.300048828125,1487.0999755859375,1493.300048828125,550117
2025-10-14 09:45:00+00:00,1487.199951171875,1494.0,1486.699951171875,1489.800048828125,564546
2025-10-15 03:45:00+00:00,1486.5,1488.0,1480.199951171875,1482.800048828125,289762
2025-10-15 04:00:00+00:00,1478.199951171875,1486.5,1476.0,1486.4000244140625,404389
2025-10-15 04:15:00+00:00,1470.9000244140625,1478.300048828125,1470.0999755859375,1478.199951171875,244591
2025-10-15 04:30:00+00:00,1473.0,1474.0,1468.0,1470.5,291633
2025-10-15 04:45:00+00:00,1472.0999755859375,1474.0,1471.0999755859375,1473.5999755859375,157893
2025-10-15 05:00:00+00:00,1474.300048828125,1474.9000244140625,1471.0,1472.0999755859375,267193
2025-10-15 05:15:00+00:00,1472.0999755859375,1474.5,1469.4000244140625,1474.4000244140625,320648
2025-10-15 05:30:00+00:00,1470.5,1474.5,1469.699951171875,1472.199951171875,223239
2025-10-15 05:45:00+00:00,1472.0,1472.0,1468.5,1470.5,169009
2025-10-15 06:00:00+00:00,1472.0999755859375,1473.4000244140625,1470.0999755859375,1472.0,214043
2025-10-15 06:15:00+00:00,1472.199951171875,1473.699951171875,1470.5,1472.0999755859375,101939
2025-10-15 06:30:00+00:00,1472.0999755859375,1474.300048828125,1471.0999755859375,1472.0999755859375,161640
2025-10-15 06:45:00+00:00,1472.800048828125,1473.5,1470.699951171875,1472.199951171875,151381
2025-10-15 07:00:00+00:00,1474.5,1474.5,1472.5,1473.199951171875,120053
2025-10-15 07:15:00+00:00,1475.0,1475.5999755859375,1472.0,1474.0,166936
2025-10-15 07:30:00+00:00,1473.699951171875,1475.0999755859375,1472.5,1475.0,118826
2025-10-15 07:45:00+00:00,1477.0,1478.0999755859375,1473.0999755859375,1473.699951171875,237367
2025-10-15 08:00:00+00:00,1476.0999755859375,1477.9000244140625,1475.4000244140625,1477.0,86663
2025-10-15 08:15:00+00:00,1475.0999755859375,1477.5,1475.0,1475.800048828125,128136
2025-10-15 08:30:00+00:00,1477.699951171875,1478.4000244140625,1475.0,1475.4000244140625,176468
2025-10-15 08:45:00+00:00,1476.800048828125,1478.9000244140625,1475.0,1477.5999755859375,281008
2025-10-15 09:00:00+00:00,1475.4000244140625,1476.9000244140625,1474.0999755859375,1476.199951171875,242835
2025-10-15 09:15:00+00:00,1475.4000244140625,1475.800048828125,1471.0999755859375,1475.4000244140625,286056
2025-10-15 09:30:00+00:00,1474.5999755859375,1475.5,1473.199951171875,1475.5,793275
2025-10-15 09:45:00+00:00,1474.5,1475.0,1473.4000244140625,1474.5999755859375,836012
2025-10-16 03:45:00+00:00,1465.5,1473.9000244140625,1460.5,1473.199951171875,523453
2025-10-16 04:00:00+00:00,1465.0999755859375,1470.4000244140625,1464.5,1465.5,455959
2025-10-16 04:15:00+00:00,1467.9000244140625,1468.4000244140625,1464.699951171875,1465.300048828125,201418
2025-10-16 04:30:00+00:00,1465.199951171875,1468.199951171875,1464.5,1468.0,151733
2025-10-16 04:45:00+00:00,1465.699951171875,1466.0,1463.0999755859375,1465.0999755859375,226948
2025-10-16 05:00:00+00:00,1466.0999755859375,1466.4000244140625,1463.0999755859375,1465.699951171875,315332
2025-10-16 05:15:00+00:00,1470.9000244140625,1471.0,1466.0,1466.0999755859375,397340
2025-10-16 05:30:00+00:00,1470.800048828125,1471.5,1469.4000244140625,1470.5,161942
2025-10-16 05:45:00+00:00,1469.0,1472.199951171875,1467.199951171875,1470.5,283596
2025-10-16 06:00:00+00:00,1467.0999755859375,1471.0,1466.5999755859375,1468.5999755859375,135505
2025-10-16 06:15:00+00:00,1466.199951171875,1468.5,1466.0999755859375,1467.0,90650
2025-10-16 06:30:00+00:00,1467.5999755859375,1467.9000244140625,1464.5,1466.0999755859375,150603
2025-10-16 06:45:00+00:00,1468.0,1468.699951171875,1467.0,1467.5,112420
2025-10-16 07:00:00+00:00,1467.5,1468.9000244140625,1466.9000244140625,1468.0,108287
2025-10-16 07:15:00+00:00,1467.9000244140625,1468.4000244140625,1466.5,1467.5,148703
2025-10-16 07:30:00+00:00,1467.199951171875,1468.5999755859375,1464.0999755859375,1467.800048828125,161734
2025-10-16 07:45:00+00:00,1466.699951171875,1467.9000244140625,1462.5,1467.199951171875,293911
2025-10-16 08:00:00+00:00,1466.800048828125,1467.199951171875,1465.199951171875,1466.5999755859375,148945
2025-10-16 08:15:00+00:00,1467.699951171875,1467.9000244140625,1464.300048828125,1466.699951171875,268682
2025-10-16 08:30:00+00:00,1468.5999755859375,1471.0,1467.0,1467.4000244140625,274123
2025-10-16 08:45:00+00:00,1473.300048828125,1473.300048828125,1467.800048828125,1468.5999755859375,275654
2025-10-16 09:00:00+00:00,1470.699951171875,1473.9000244140625,1468.4000244140625,1473.300048828125,283669
2025-10-16 09:15:00+00:00,1471.5,1472.0999755859375,1469.300048828125,1470.699951171875,279243
2025-10-16 09:30:00+00:00,1472.0999755859375,1474.5,1471.0999755859375,1471.699951171875,656376
2025-10-16 09:45:00+00:00,1470.0,1474.5,1463.9000244140625,1472.0,1326187
2025-10-17 03:45:00+00:00,1453.300048828125,1458.0999755859375,1447.5,1450.0,891394
2025-10-17 04:00:00+00:00,1450.800048828125,1453.300048828125,1446.199951171875,1453.300048828125,831069
2025-10-17 04:15:00+00:00,1444.699951171875,1451.0,1443.0999755859375,1450.800048828125,672676
2025-10-17 04:30:00+00:00,1447.0999755859375,1447.199951171875,1442.5,1444.5,617116
2025-10-17 04:45:00+00:00,1444.9000244140625,1448.0,1444.0999755859375,1447.0,503542
2025-10-17 05:00:00+00:00,1442.300048828125,1444.9000244140625,1440.0999755859375,1444.800048828125,889372
2025-10-17 05:15:00+00:00,1444.800048828125,1444.800048828125,1441.5,1442.199951171875,465212
2025-10-17 05:30:00+00:00,1446.5999755859375,1446.9000244140625,1444.0,1444.4000244140625,541550
2025-10-17 05:45:00+00:00,1449.0,1449.199951171875,1446.0,1446.5999755859375,1051714
2025-10-17 06:00:00+00:00,1445.5,1451.9000244140625,1445.199951171875,1448.800048828125,566716
2025-10-17 06:15:00+00:00,1445.4000244140625,1446.300048828125,1441.0,1445.4000244140625,527942
2025-10-17 06:30:00+00:00,1444.5999755859375,1445.5,1443.800048828125,1445.4000244140625,212410
2025-10-17 06:45:00+00:00,1445.199951171875,1446.199951171875,1443.0999755859375,1444.5999755859375,287360
2025-10-17 07:00:00+00:00,1442.800048828125,1445.300048828125,1442.0,1445.199951171875,511167
2025-10-17 07:15:00+00:00,1439.0,1443.699951171875,1437.0,1443.199951171875,721601
2025-10-17 07:30:00+00:00,1438.0999755859375,1440.0,1436.800048828125,1439.0,594048
2025-10-17 07:45:00+00:00,1437.4000244140625,1440.199951171875,1436.5,1438.0999755859375,442971
2025-10-17 08:00:00+00:00,1437.300048828125,1438.199951171875,1434.300048828125,1437.5999755859375,694293
2025-10-17 08:15:00+00:00,1437.9000244140625,1438.0,1434.699951171875,1437.300048828125,419817
2025-10-17 08:30:00+00:00,1438.800048828125,1439.699951171875,1437.5,1437.9000244140625,309180
2025-10-17 08:45:00+00:00,1438.199951171875,1440.0,1437.300048828125,1438.0999755859375,392011
2025-10-17 09:00:00+00:00,1440.5,1440.800048828125,1437.5,1438.5,396450
2025-10-17 09:15:00+00:00,1442.5,1442.5,1440.0,1440.5,535322
2025-10-17 09:30:00+00:00,1441.0,1443.300048828125,1440.800048828125,1442.0,991695
2025-10-17 09:45:00+00:00,1440.0999755859375,1441.300048828125,1440.0,1441.0,1297158
2025-10-20 03:45:00+00:00,1458.199951171875,1461.4000244140625,1451.0,1451.0,414475
2025-10-20 04:00:00+00:00,1461.0999755859375,1463.300048828125,1456.0,1458.5,383690
2025-10-20 04:15:00+00:00,1463.0,1464.5,1454.699951171875,1460.5999755859375,380364
2025-10-20 04:30:00+00:00,1465.199951171875,1465.800048828125,1461.5999755859375,1463.0999755859375,285059
2025-10-20 04:45:00+00:00,1458.4000244140625,1467.0,1458.4000244140625,1465.5,233990
2025-10-20 05:00:00+00:00,1459.699951171875,1463.300048828125,1457.5,1458.800048828125,371507
2025-10-20 05:15:00+00:00,1459.199951171875,1460.9000244140625,1457.0,1459.800048828125,117996
2025-10-20 05:30:00+00:00,1461.300048828125,1461.9000244140625,1458.0999755859375,1458.5,108255
2025-10-20 05:45:00+00:00,1460.5,1461.5,1456.800048828125,1460.9000244140625,133908
2025-10-20 06:00:00+00:00,1465.5999755859375,1467.0,1460.199951171875,1460.9000244140625,314371
2025-10-20 06:15:00+00:00,1462.0999755859375,1466.199951171875,1461.5999755859375,1465.9000244140625,181854
2025-10-20 06:30:00+00:00,1460.5999755859375,1464.5,1460.0999755859375,1462.300048828125,113524
2025-10-20 06:45:00+00:00,1457.800048828125,1461.5,1457.4000244140625,1460.5999755859375,135585
2025-10-20 07:00:00+00:00,1460.0999755859375,1460.699951171875,1457.0,1457.5,133642
2025-10-20 07:15:00+00:00,1460.699951171875,1461.5999755859375,1459.5,1460.0,136164
2025-10-20 07:30:00+00:00,1460.5,1462.5999755859375,1459.4000244140625,1460.699951171875,160416
2025-10-20 07:45:00+00:00,1461.199951171875,1463.0,1459.0999755859375,1460.5,196431
2025-10-20 08:00:00+00:00,1459.0999755859375,1461.4000244140625,1458.300048828125,1461.199951171875,132455
2025-10-20 08:15:00+00:00,1457.800048828125,1459.5999755859375,1456.699951171875,1459.0999755859375,207591
2025-10-20 08:30:00+00:00,1458.699951171875,1458.699951171875,1456.5,1458.0,178746
2025-10-20 08:45:00+00:00,1458.0999755859375,1460.800048828125,1457.5,1458.699951171875,242781
2025-10-20 09:00:00+00:00,1459.800048828125,1460.800048828125,1457.4000244140625,1458.0999755859375,286151
2025-10-20 09:15:00+00:00,1461.5,1463.0,1459.199951171875,1459.800048828125,380124
2025-10-20 09:30:00+00:00,1460.300048828125,1462.199951171875,1459.0,1461.9000244140625,627909
2025-10-20 09:45:00+00:00,1462.699951171875,1463.0,1459.300048828125,1460.5,619147
2025-10-21 08:00:00+00:00,1478.0,1478.0,1478.0,1478.0,0
2025-10-21 08:15:00+00:00,1475.9000244140625,1483.9000244140625,1475.0,1483.0,704519
2025-10-21 08:30:00+00:00,1473.5999755859375,1476.5,1473.0,1475.9000244140625,321253
2025-10-21 08:45:00+00:00,1472.5,1475.0,1472.4000244140625,1474.0,216913
2025-10-21 09:00:00+00:00,1470.9000244140625,1473.0,1470.0999755859375,1472.9000244140625,245744
2025-10-21 09:15:00+00:00,1472.4000244140625,1472.4000244140625,1471.0,1471.0,1958
2025-10-23 03:45:00+00:00,1518.0,1519.0999755859375,1509.300048828125,1509.300048828125,1816921
2025-10-23 04:00:00+00:00,1525.300048828125,1527.0,1516.5,1518.300048828125,1549057
2025-10-23 04:15:00+00:00,1529.9000244140625,1531.0,1521.0,1525.5,954942
2025-10-23 04:30:00+00:00,1532.9000244140625,1535.0,1529.0999755859375,1529.5999755859375,1115387
2025-10-23 04:45:00+00:00,1533.0999755859375,1535.0,1531.199951171875,1533.0999755859375,686083
2025-10-23 05:00:00+00:00,1542.800048828125,1543.5,1533.199951171875,1533.4000244140625,1260881
2025-10-23 05:15:00+00:00,1541.300048828125,1542.800048828125,1537.0999755859375,1542.699951171875,569686
2025-10-23 05:30:00+00:00,1541.5,1543.4000244140625,1539.300048828125,1541.300048828125,418009
2025-10-23 05:45:00+00:00,1534.300048828125,1542.5,1533.5,1541.4000244140625,745999
2025-10-23 06:00:00+00:00,1534.9000244140625,1535.9000244140625,1533.199951171875,1534.5999755859375,655788
2025-10-23 06:15:00+00:00,1541.699951171875,1542.0,1534.9000244140625,1534.9000244140625,726041
2025-10-23 06:30:00+00:00,1542.5,1542.800048828125,1540.5,1542.0,459079
2025-10-23 06:45:00+00:00,1539.9000244140625,1542.4000244140625,1537.9000244140625,1542.199951171875,325523
2025-10-23 07:00:00+00:00,1543.0999755859375,1544.0,1539.800048828125,1539.9000244140625,404603
2025-10-23 07:15:00+00:00,1542.199951171875,1546.0,1541.0999755859375,1543.0999755859375,509996
2025-10-23 07:30:00+00:00,1542.5,1543.0,1540.699951171875,1542.300048828125,343543
2025-10-23 07:45:00+00:00,1541.300048828125,1543.5,1540.699951171875,1542.199951171875,266384
2025-10-23 08:00:00+00:00,1541.4000244140625,1542.5999755859375,1538.0,1541.4000244140625,347302
2025-10-23 08:15:00+00:00,1538.199951171875,1542.0,1538.199951171875,1541.5,182796
2025-10-23 08:30:00+00:00,1536.5,1538.5,1535.9000244140625,1538.300048828125,348851
2025-10-23 08:45:00+00:00,1537.5,1539.4000244140625,1536.0999755859375,1536.0999755859375,426077
2025-10-23 09:00:00+00:00,1538.699951171875,1539.5,1533.300048828125,1537.5,661821
2025-10-23 09:15:00+00:00,1535.300048828125,1539.5,1534.699951171875,1538.800048828125,559337
2025-10-23 09:30:00+00:00,1527.0,1535.5,1526.5,1535.300048828125,1590216
2025-10-23 09:45:00+00:00,1525.0,1528.4000244140625,1525.0,1526.800048828125,1730342
2025-10-24 03:45:00+00:00,1524.699951171875,1540.9000244140625,1523.199951171875,1540.0,534597
2025-10-24 04:00:00+00:00,1531.4000244140625,1531.5999755859375,1523.199951171875,1525.199951171875,488968
2025-10-24 04:15:00+00:00,1532.800048828125,1532.9000244140625,1528.0,1531.4000244140625,267526
2025-10-24 04:30:00+00:00,1527.5,1534.0,1527.5,1532.9000244140625,240174
2025-10-24 04:45:00+00:00,1525.699951171875,1527.9000244140625,1525.0,1527.5,286231
2025-10-24 05:00:00+00:00,1521.0,1525.699951171875,1520.5,1525.699951171875,247382
2025-10-24 05:15:00+00:00,1523.5,1523.5,1519.5999755859375,1520.9000244140625,310135
2025-10-24 05:30:00+00:00,1525.5,1526.0,1521.5,1523.5,292189
2025-10-24 05:45:00+00:00,1524.300048828125,1527.0,1523.5999755859375,1525.5,192126
2025-10-24 06:00:00+00:00,1527.199951171875,1527.5,1523.5,1524.0999755859375,220870
2025-10-24 06:15:00+00:00,1525.5,1527.4000244140625,1524.9000244140625,1527.199951171875,126140
2025-10-24 06:30:00+00:00,1526.199951171875,1528.0,1524.0,1525.4000244140625,178983
2025-10-24 06:45:00+00:00,1525.0,1527.0999755859375,1524.699951171875,1526.300048828125,259093
2025-10-24 07:00:00+00:00,1526.5999755859375,1527.300048828125,1524.5,1524.800048828125,165484
2025-10-24 07:15:00+00:00,1525.300048828125,1527.0,1524.699951171875,1526.5,135775
2025-10-24 07:30:00+00:00,1525.5,1527.300048828125,1525.0,1525.300048828125,160224
2025-10-24 07:45:00+00:00,1522.0999755859375,1526.5999755859375,1522.0999755859375,1525.5,325410
2025-10-24 08:00:00+00:00,1519.0999755859375,1522.800048828125,1519.0999755859375,1522.0,307886
2025-10-24 08:15:00+00:00,1519.300048828125,1521.5999755859375,1518.0,1519.0999755859375,204874
2025-10-24 08:30:00+00:00,1519.0999755859375,1520.5999755859375,1518.0999755859375,1519.300048828125,179618
2025-10-24 08:45:00+00:00,1520.5,1521.0999755859375,1518.5999755859375,1519.0999755859375,210291
2025-10-24 09:00:00+00:00,1523.0,1523.4000244140625,1520.300048828125,1520.5,304468
2025-10-24 09:15:00+00:00,1522.0999755859375,1523.199951171875,1521.5999755859375,1522.699951171875,289611
2025-10-24 09:30:00+00:00,1526.300048828125,1527.199951171875,1522.0,1522.300048828125,863040
2025-10-24 09:45:00+00:00,1523.9000244140625,1526.5,1522.699951171875,1526.0999755859375,911532
2025-10-27 03:45:00+00:00,1508.0999755859375,1509.699951171875,1498.199951171875,1507.0,345954
2025-10-27 04:00:00+00:00,1511.699951171875,1512.199951171875,1506.4000244140625,1508.5,532165
2025-10-27 04:15:00+00:00,1513.0,1515.199951171875,1509.0,1511.699951171875,315819
2025-10-27 04:30:00+00:00,1515.0,1515.0,1511.300048828125,1512.9000244140625,211949
2025-10-27 04:45:00+00:00,1512.699951171875,1515.0,1511.5,1514.800048828125,89081
2025-10-27 05:00:00+00:00,1511.0999755859375,1513.0999755859375,1509.199951171875,1512.699951171875,210378
2025-10-27 05:15:00+00:00,1512.300048828125,1512.9000244140625,1510.199951171875,1511.0999755859375,154709
2025-10-27 05:30:00+00:00,1510.5999755859375,1513.4000244140625,1510.0999755859375,1512.300048828125,190565
2025-10-27 05:45:00+00:00,1511.0,1511.4000244140625,1508.5,1510.5999755859375,288496
2025-10-27 06:00:00+00:00,1508.199951171875,1511.0999755859375,1508.0999755859375,1511.0,148854
2025-10-27 06:15:00+00:00,1508.5999755859375,1509.800048828125,1505.300048828125,1508.0999755859375,268584
2025-10-27 06:30:00+00:00,1505.800048828125,1508.5,1505.199951171875,1508.199951171875,162448
2025-10-27 06:45:00+00:00,1505.0999755859375,1507.0999755859375,1504.800048828125,1505.5999755859375,193256
2025-10-27 07:00:00+00:00,1504.800048828125,1505.4000244140625,1504.0,1505.0999755859375,155684
2025-10-27 07:15:00+00:00,1505.300048828125,1505.300048828125,1504.5,1504.9000244140625,88881
2025-10-27 07:30:00+00:00,1503.199951171875,1505.5,1502.5999755859375,1505.199951171875,131771
2025-10-27 07:45:00+00:00,1503.199951171875,1503.300048828125,1501.0,1503.199951171875,158512
2025-10-27 08:00:00+00:00,1504.4000244140625,1504.5,1502.5999755859375,1503.0,99664
2025-10-27 08:15:00+00:00,1503.699951171875,1505.0,1503.5,1504.0999755859375,140641
2025-10-27 08:30:00+00:00,1501.699951171875,1504.9000244140625,1501.5,1503.699951171875,233350
2025-10-27 08:45:00+00:00,1503.9000244140625,1505.4000244140625,1501.5999755859375,1501.800048828125,285514
2025-10-27 09:00:00+00:00,1505.0999755859375,1505.199951171875,1502.5999755859375,1503.800048828125,403272
2025-10-27 09:15:00+00:00,1503.4000244140625,1505.300048828125,1501.5999755859375,1505.199951171875,432376
2025-10-27 09:30:00+00:00,1505.5,1505.9000244140625,1502.0999755859375,1503.5,591762
2025-10-27 09:45:00+00:00,1504.9000244140625,1505.9000244140625,1504.4000244140625,1505.9000244140625,844580
2025-10-28 03:45:00+00:00,1503.0,1505.5999755859375,1498.800048828125,1498.800048828125,249856
2025-10-28 04:00:00+00:00,1503.199951171875,1505.5,1502.699951171875,1503.0,291306
2025-10-28 04:15:00+00:00,1499.800048828125,1503.199951171875,1498.0999755859375,1503.199951171875,249159
2025-10-28 04:30:00+00:00,1498.699951171875,1500.0,1495.0,1499.300048828125,262186
2025-10-28 04:45:00+00:00,1498.199951171875,1499.0999755859375,1496.4000244140625,1498.699951171875,101151
2025-10-28 05:00:00+00:00,1496.4000244140625,1498.199951171875,1495.0,1498.199951171875,169484
2025-10-28 05:15:00+00:00,1494.0999755859375,1496.699951171875,1493.199951171875,1496.199951171875,166293
2025-10-28 05:30:00+00:00,1493.300048828125,1494.5999755859375,1492.5,1494.5,132120
2025-10-28 05:45:00+00:00,1496.0,1496.5,1493.0,1493.199951171875,147398
2025-10-28 06:00:00+00:00,1496.0,1497.5,1495.800048828125,1496.0,193907
2025-10-28 06:15:00+00:00,1493.800048828125,1496.800048828125,1493.800048828125,1496.0,182386
2025-10-28 06:30:00+00:00,1491.5,1493.9000244140625,1490.5,1493.800048828125,162654
2025-10-28 06:45:00+00:00,1493.4000244140625,1493.800048828125,1490.800048828125,1491.4000244140625,200075
2025-10-28 07:00:00+00:00,1496.9000244140625,1497.0,1493.4000244140625,1493.5,139613
2025-10-28 07:15:00+00:00,1498.0999755859375,1499.5,1496.300048828125,1497.0,286712
2025-10-28 07:30:00+00:00,1496.5,1499.5,1495.5,1498.0,177237
2025-10-28 07:45:00+00:00,1498.699951171875,1499.300048828125,1495.5999755859375,1497.0999755859375,130804
2025-10-28 08:00:00+00:00,1494.800048828125,1498.9000244140625,1494.800048828125,1498.699951171875,103555
2025-10-28 08:15:00+00:00,1494.9000244140625,1496.9000244140625,1493.199951171875,1494.300048828125,231132
2025-10-28 08:30:00+00:00,1493.5,1496.4000244140625,1491.699951171875,1494.9000244140625,281335
2025-10-28 08:45:00+00:00,1492.300048828125,1493.9000244140625,1491.0999755859375,1493.4000244140625,334090
2025-10-28 09:00:00+00:00,1492.300048828125,1494.0,1491.0999755859375,1492.0,357090
2025-10-28 09:15:00+00:00,1494.5999755859375,1495.5,1491.199951171875,1492.300048828125,519638
2025-10-28 09:30:00+00:00,1502.0,1502.699951171875,1494.5,1494.5999755859375,1639658
2025-10-28 09:45:00+00:00,1502.199951171875,1503.199951171875,1499.0999755859375,1501.9000244140625,1072105
2025-10-29 03:45:00+00:00,1506.0999755859375,1506.9000244140625,1497.199951171875,1500.9000244140625,158513
2025-10-29 04:00:00+00:00,1502.300048828125,1506.0999755859375,1501.0,1506.0,161539
2025-10-29 04:15:00+00:00,1499.0,1503.4000244140625,1499.0,1502.0999755859375,204354
2025-10-29 04:30:00+00:00,1504.5999755859375,1505.0,1499.0,1499.0,161692
2025-10-29 04:45:00+00:00,1513.9000244140625,1513.9000244140625,1503.4000244140625,1504.5999755859375,476901
2025-10-29 05:00:00+00:00,1515.4000244140625,1516.800048828125,1511.699951171875,1513.699951171875,238748
2025-10-29 05:15:00+00:00,1516.800048828125,1517.5999755859375,1514.0,1515.4000244140625,256098
2025-10-29 05:30:00+00:00,1514.5999755859375,1520.199951171875,1514.300048828125,1516.5999755859375,275147
2025-10-29 05:45:00+00:00,1515.0999755859375,1515.0999755859375,1512.0999755859375,1514.5999755859375,146159
2025-10-29 06:00:00+00:00,1515.699951171875,1515.800048828125,1513.699951171875,1515.0999755859375,112938
2025-10-29 06:15:00+00:00,1513.0,1516.0,1512.800048828125,1515.699951171875,93268
2025-10-29 06:30:00+00:00,1513.5,1514.699951171875,1512.4000244140625,1513.0,114142
2025-10-29 06:45:00+00:00,1514.9000244140625,1514.9000244140625,1513.0999755859375,1513.4000244140625,106304
2025-10-29 07:00:00+00:00,1513.5999755859375,1515.0,1513.300048828125,1514.800048828125,107888
2025-10-29 07:15:00+00:00,1514.699951171875,1514.699951171875,1513.199951171875,1513.699951171875,94196
2025-10-29 07:30:00+00:00,1513.699951171875,1515.0,1513.0,1514.699951171875,144505
2025-10-29 07:45:00+00:00,1513.300048828125,1514.0999755859375,1512.9000244140625,1513.699951171875,81687
2025-10-29 08:00:00+00:00,1514.0,1514.300048828125,1512.5,1513.300048828125,95120
2025-10-29 08:15:00+00:00,1512.800048828125,1514.199951171875,1512.0,1513.800048828125,138984
2025-10-29 08:30:00+00:00,1512.9000244140625,1513.199951171875,1512.0,1512.800048828125,100466
2025-10-29 08:45:00+00:00,1512.0,1514.0999755859375,1511.5,1512.800048828125,186913
2025-10-29 09:00:00+00:00,1509.9000244140625,1512.199951171875,1509.5999755859375,1511.800048828125,222909
2025-10-29 09:15:00+00:00,1510.0,1510.0,1507.5999755859375,1509.9000244140625,261272
2025-10-29 09:30:00+00:00,1510.0,1510.9000244140625,1509.4000244140625,1509.9000244140625,409925
2025-10-29 09:45:00+00:00,1511.5,1512.199951171875,1509.5999755859375,1510.0,374942
2025-10-30 03:45:00+00:00,1502.300048828125,1507.0999755859375,1500.5,1506.699951171875,253236
2025-10-30 04:00:00+00:00,1494.800048828125,1502.0,1494.0,1502.0,334078
2025-10-30 04:15:00+00:00,1491.199951171875,1495.4000244140625,1490.0999755859375,1494.9000244140625,266640
2025-10-30 04:30:00+00:00,1492.800048828125,1493.0999755859375,1490.5999755859375,1491.199951171875,178553
2025-10-30 04:45:00+00:00,1494.5,1495.4000244140625,1491.699951171875,1492.800048828125,116841
2025-10-30 05:00:00+00:00,1496.300048828125,1496.9000244140625,1493.5999755859375,1494.5999755859375,82825
2025-10-30 05:15:00+00:00,1497.0,1497.199951171875,1495.0,1496.300048828125,198618
2025-10-30 05:30:00+00:00,1498.4000244140625,1500.0,1496.0,1497.300048828125,346965
2025-10-30 05:45:00+00:00,1501.5999755859375,1502.800048828125,1497.199951171875,1498.5,174602
2025-10-30 06:00:00+00:00,1500.300048828125,1502.199951171875,1498.5,1501.5999755859375,64980
2025-10-30 06:15:00+00:00,1497.300048828125,1501.5,1496.199951171875,1499.9000244140625,118357
2025-10-30 06:30:00+00:00,1498.5,1499.0,1496.699951171875,1497.300048828125,61090
2025-10-30 06:45:00+00:00,1496.199951171875,1498.5999755859375,1496.0,1498.5,51245
2025-10-30 07:00:00+00:00,1497.0999755859375,1497.9000244140625,1495.0999755859375,1496.199951171875,68525
2025-10-30 07:15:00+00:00,1492.699951171875,1497.4000244140625,1492.699951171875,1497.0,109437
2025-10-30 07:30:00+00:00,1492.5,1494.0999755859375,1492.0,1493.0,146400
2025-10-30 07:45:00+00:00,1492.199951171875,1494.699951171875,1492.0,1492.800048828125,118309
2025-10-30 08:00:00+00:00,1490.800048828125,1492.199951171875,1490.4000244140625,1492.0999755859375,163591
2025-10-30 08:15:00+00:00,1491.800048828125,1492.5,1490.199951171875,1490.800048828125,119593
2025-10-30 08:30:00+00:00,1491.0999755859375,1492.300048828125,1490.5,1491.800048828125,179182
2025-10-30 08:45:00+00:00,1491.800048828125,1493.800048828125,1490.5999755859375,1491.0,218133
2025-10-30 09:00:00+00:00,1492.300048828125,1492.5999755859375,1490.0,1491.5999755859375,390131
2025-10-30 09:15:00+00:00,1490.199951171875,1493.0,1489.0999755859375,1492.4000244140625,420944
2025-10-30 09:30:00+00:00,1493.699951171875,1495.0,1490.0999755859375,1490.4000244140625,684664
2025-10-30 09:45:00+00:00,1493.800048828125,1495.9000244140625,1492.0,1494.0,531163
2025-10-31 03:45:00+00:00,1495.9000244140625,1496.5,1487.199951171875,1489.800048828125,173492
2025-10-31 04:00:00+00:00,1496.9000244140625,1497.0,1494.699951171875,1495.9000244140625,137282
2025-10-31 04:15:00+00:00,1495.0,1497.0,1493.0,1496.9000244140625,89395
2025-10-31 04:30:00+00:00,1491.199951171875,1495.300048828125,1490.199951171875,1495.300048828125,96747
2025-10-31 04:45:00+00:00,1488.5999755859375,1491.199951171875,1488.4000244140625,1491.0,110676
2025-10-31 05:00:00+00:00,1488.0999755859375,1488.800048828125,1486.0999755859375,1488.5999755859375,121314
2025-10-31 05:15:00+00:00,1487.0999755859375,1488.300048828125,1487.0999755859375,1488.199951171875,99263
2025-10-31 05:30:00+00:00,1486.5999755859375,1487.199951171875,1485.199951171875,1487.0999755859375,112525
2025-10-31 05:45:00+00:00,1486.9000244140625,1487.5,1486.300048828125,1486.699951171875,66891
2025-10-31 06:00:00+00:00,1487.4000244140625,1488.199951171875,1486.4000244140625,1486.5,77411
2025-10-31 06:15:00+00:00,1486.9000244140625,1487.800048828125,1486.699951171875,1487.300048828125,99444
2025-10-31 06:30:00+00:00,1485.800048828125,1488.300048828125,1485.800048828125,1487.0,118860
2025-10-31 06:45:00+00:00,1484.0,1486.4000244140625,1484.0,1485.699951171875,107897
2025-10-31 07:00:00+00:00,1487.0,1487.9000244140625,1484.0999755859375,1484.300048828125,229766
2025-10-31 07:15:00+00:00,1488.699951171875,1490.4000244140625,1487.0,1487.0,261376
2025-10-31 07:30:00+00:00,1487.0,1488.5999755859375,1486.9000244140625,1488.199951171875,187999
2025-10-31 07:45:00+00:00,1484.800048828125,1487.9000244140625,1484.0,1487.0,139779
2025-10-31 08:00:00+00:00,1483.699951171875,1485.0,1482.800048828125,1484.800048828125,110902
2025-10-31 08:15:00+00:00,1484.0999755859375,1485.300048828125,1482.5,1483.300048828125,170492
2025-10-31 08:30:00+00:00,1484.300048828125,1484.699951171875,1482.4000244140625,1484.0,122260
2025-10-31 08:45:00+00:00,1484.800048828125,1485.4000244140625,1483.0,1484.0,98006
2025-10-31 09:00:00+00:00,1483.0999755859375,1485.0,1480.800048828125,1485.0,178829
2025-10-31 09:15:00+00:00,1482.800048828125,1485.0,1481.9000244140625,1483.199951171875,178318
2025-10-31 09:30:00+00:00,1481.5,1483.800048828125,1481.300048828125,1482.5999755859375,778848
2025-10-31 09:45:00+00:00,1481.9000244140625,1482.5,1480.9000244140625,1481.5,789355
2025-11-03 03:45:00+00:00,1478.0,1484.800048828125,1476.199951171875,1484.800048828125,139309
2025-11-03 04:00:00+00:00,1477.800048828125,1479.5,1475.0999755859375,1477.800048828125,177451
2025-11-03 04:15:00+00:00,1478.0999755859375,1480.0,1476.4000244140625,1477.5999755859375,100036
2025-11-03 04:30:00+00:00,1476.5,1479.0,1476.300048828125,1478.0,75470
2025-11-03 04:45:00+00:00,1477.5,1477.5,1474.699951171875,1476.5,122956
2025-11-03 05:00:00+00:00,1478.0999755859375,1478.9000244140625,1476.199951171875,1477.5,88515
2025-11-03 05:15:00+00:00,1480.0999755859375,1480.0999755859375,1477.5,1478.199951171875,167089
2025-11-03 05:30:00+00:00,1484.0,1485.4000244140625,1480.0,1480.0999755859375,239355
2025-11-03 05:45:00+00:00,1487.699951171875,1490.300048828125,1482.9000244140625,1483.9000244140625,394356
2025-11-03 06:00:00+00:00,1483.0,1488.0,1482.300048828125,1488.0,282983
2025-11-03 06:15:00+00:00,1480.5999755859375,1483.4000244140625,1480.0,1482.300048828125,298925
2025-11-03 06:30:00+00:00,1478.0999755859375,1481.0,1478.0,1480.5999755859375,190316
2025-11-03 06:45:00+00:00,1478.5,1482.300048828125,1476.0999755859375,1478.0999755859375,220190
2025-11-03 07:00:00+00:00,1479.199951171875,1480.199951171875,1476.5,1478.800048828125,224841
2025-11-03 07:15:00+00:00,1480.800048828125,1481.800048828125,1479.0999755859375,1479.5,125302
2025-11-03 07:30:00+00:00,1480.4000244140625,1481.4000244140625,1480.0,1480.800048828125,124439
2025-11-03 07:45:00+00:00,1481.4000244140625,1483.699951171875,1480.300048828125,1480.4000244140625,230173
2025-11-03 08:00:00+00:00,1482.0,1482.5999755859375,1480.5999755859375,1481.800048828125,103476
2025-11-03 08:15:00+00:00,1481.800048828125,1482.4000244140625,1479.5,1482.0,176293
2025-11-03 08:30:00+00:00,1480.800048828125,1482.9000244140625,1480.0,1481.800048828125,96122
2025-11-03 08:45:00+00:00,1482.0,1484.199951171875,1480.699951171875,1480.800048828125,244111
2025-11-03 09:00:00+00:00,1483.300048828125,1484.800048828125,1482.0999755859375,1482.5999755859375,134869
2025-11-03 09:15:00+00:00,1483.0999755859375,1484.4000244140625,1480.5999755859375,1483.5999755859375,207694
2025-11-03 09:30:00+00:00,1485.5,1485.699951171875,1482.5999755859375,1483.0999755859375,540378
2025-11-03 09:45:00+00:00,1487.0,1489.4000244140625,1485.0,1485.5,553154
2025-11-04 03:45:00+00:00,1476.4000244140625,1481.699951171875,1474.0999755859375,1479.0,247490
2025-11-04 04:00:00+00:00,1476.5999755859375,1477.5,1472.5,1476.5,232263
2025-11-04 04:15:00+00:00,1473.0,1477.0999755859375,1472.0999755859375,1476.5,215035
2025-11-04 04:30:00+00:00,1474.800048828125,1476.5,1472.4000244140625,1472.5,221003
2025-11-04 04:45:00+00:00,1478.0999755859375,1478.300048828125,1473.800048828125,1474.699951171875,385979
2025-11-04 05:00:00+00:00,1475.199951171875,1478.4000244140625,1475.199951171875,1478.0,224349
2025-11-04 05:15:00+00:00,1476.5,1477.699951171875,1475.300048828125,1475.300048828125,228007
2025-11-04 05:30:00+00:00,1470.699951171875,1477.300048828125,1470.199951171875,1476.199951171875,368335
2025-11-04 05:45:00+00:00,1470.5,1471.5,1468.300048828125,1470.699951171875,216563
2025-11-04 06:00:00+00:00,1472.0999755859375,1472.4000244140625,1470.0,1470.5,132996
2025-11-04 06:15:00+00:00,1471.300048828125,1472.300048828125,1470.9000244140625,1472.0,133546
2025-11-04 06:30:00+00:00,1472.800048828125,1473.300048828125,1470.9000244140625,1471.199951171875,117214
2025-11-04 06:45:00+00:00,1471.699951171875,1473.0,1471.0,1472.5,154636
2025-11-04 07:00:00+00:00,1472.800048828125,1472.9000244140625,1470.5999755859375,1471.5,170378
2025-11-04 07:15:00+00:00,1472.0999755859375,1473.4000244140625,1470.699951171875,1472.800048828125,144629
2025-11-04 07:30:00+00:00,1472.0,1473.0999755859375,1471.300048828125,1472.0999755859375,105692
2025-11-04 07:45:00+00:00,1471.5,1473.0,1471.5,1472.0,165932
2025-11-04 08:00:00+00:00,1472.9000244140625,1474.5999755859375,1471.5,1471.5999755859375,190398
2025-11-04 08:15:00+00:00,1471.300048828125,1473.0,1471.0,1473.0,141310
2025-11-04 08:30:00+00:00,1468.5,1471.4000244140625,1468.5,1471.0,229417
2025-11-04 08:45:00+00:00,1466.0999755859375,1469.0999755859375,1466.0,1468.5,392383
2025-11-04 09:00:00+00:00,1466.0,1468.4000244140625,1466.0,1466.199951171875,336609
2025-11-04 09:15:00+00:00,1464.199951171875,1466.0999755859375,1463.0,1466.0999755859375,613569
2025-11-04 09:30:00+00:00,1468.9000244140625,1469.699951171875,1464.0999755859375,1464.300048828125,1729708
2025-11-04 09:45:00+00:00,1468.0,1470.0,1465.5999755859375,1468.800048828125,1277201
2025-11-06 03:45:00+00:00,1477.199951171875,1483.0,1475.0999755859375,1477.699951171875,168699
2025-11-06 04:00:00+00:00,1471.699951171875,1479.4000244140625,1471.0999755859375,1477.300048828125,232927
2025-11-06 04:15:00+00:00,1475.5999755859375,1475.5999755859375,1469.5,1471.5,231467
2025-11-06 04:30:00+00:00,1473.199951171875,1476.199951171875,1471.5999755859375,1475.9000244140625,156094
2025-11-06 04:45:00+00:00,1473.0,1474.9000244140625,1471.699951171875,1473.300048828125,160316
2025-11-06 05:00:00+00:00,1471.4000244140625,1473.800048828125,1470.0999755859375,1473.199951171875,180639
2025-11-06 05:15:00+00:00,1473.5999755859375,1474.0999755859375,1470.4000244140625,1471.300048828125,202450
2025-11-06 05:30:00+00:00,1474.699951171875,1475.4000244140625,1473.199951171875,1473.800048828125,268224
2025-11-06 05:45:00+00:00,1475.0,1475.5999755859375,1474.199951171875,1474.699951171875,434565
2025-11-06 06:00:00+00:00,1474.0,1475.5999755859375,1472.0,1475.0999755859375,353937
2025-11-06 06:15:00+00:00,1473.5,1475.4000244140625,1472.699951171875,1474.0,307273
2025-11-06 06:30:00+00:00,1470.0999755859375,1475.199951171875,1470.0999755859375,1474.0,164644
2025-11-06 06:45:00+00:00,1470.5,1473.199951171875,1470.0,1470.199951171875,213983
2025-11-06 07:00:00+00:00,1474.4000244140625,1475.699951171875,1469.699951171875,1470.5999755859375,237892
2025-11-06 07:15:00+00:00,1476.4000244140625,1477.9000244140625,1474.199951171875,1474.5,217254
2025-11-06 07:30:00+00:00,1476.9000244140625,1478.5,1473.699951171875,1476.4000244140625,252053
2025-11-06 07:45:00+00:00,1476.0,1478.0,1474.0,1477.0999755859375,195347
2025-11-06 08:00:00+00:00,1474.5999755859375,1477.0,1473.0999755859375,1476.0,216044
2025-11-06 08:15:00+00:00,1472.9000244140625,1474.699951171875,1470.5,1474.5,220107
2025-11-06 08:30:00+00:00,1472.0999755859375,1473.0,1470.199951171875,1473.0,248567
2025-11-06 08:45:00+00:00,1470.5999755859375,1472.9000244140625,1468.699951171875,1472.0999755859375,244424
2025-11-06 09:00:00+00:00,1471.800048828125,1471.800048828125,1469.800048828125,1470.5999755859375,217254
2025-11-06 09:15:00+00:00,1471.0999755859375,1473.199951171875,1470.0999755859375,1471.800048828125,316791
2025-11-06 09:30:00+00:00,1467.4000244140625,1471.300048828125,1465.800048828125,1471.300048828125,1195142
2025-11-06 09:45:00+00:00,1466.0,1467.5999755859375,1462.0,1467.300048828125,901634
2025-11-07 03:45:00+00:00,1458.0,1475.0,1451.5,1470.0,432562
2025-11-07 04:00:00+00:00,1455.199951171875,1458.5999755859375,1449.300048828125,1458.300048828125,491310
2025-11-07 04:15:00+00:00,1453.0999755859375,1456.199951171875,1453.0,1455.4000244140625,219483
2025-11-07 04:30:00+00:00,1455.0999755859375,1455.300048828125,1450.5999755859375,1453.5,307523
2025-11-07 04:45:00+00:00,1456.199951171875,1456.199951171875,1453.699951171875,1455.0999755859375,145926
2025-11-07 05:00:00+00:00,1458.199951171875,1458.5,1456.0,1456.199951171875,228620
2025-11-07 05:15:00+00:00,1459.199951171875,1460.0,1457.699951171875,1457.9000244140625,216785
2025-11-07 05:30:00+00:00,1462.199951171875,1462.800048828125,1458.5,1459.199951171875,257244
2025-11-07 05:45:00+00:00,1463.0,1463.9000244140625,1461.199951171875,1462.4000244140625,342587
2025-11-07 06:00:00+00:00,1461.4000244140625,1463.800048828125,1460.300048828125,1463.0,233761
2025-11-07 06:15:00+00:00,1460.0999755859375,1461.4000244140625,1457.5999755859375,1461.4000244140625,612811
2025-11-07 06:30:00+00:00,1463.300048828125,1463.9000244140625,1459.800048828125,1460.0999755859375,255413
2025-11-07 06:45:00+00:00,1466.699951171875,1467.5999755859375,1462.699951171875,1462.699951171875,301244
2025-11-07 07:00:00+00:00,1466.5999755859375,1467.0,1465.0,1466.699951171875,229525
2025-11-07 07:15:00+00:00,1466.5,1467.800048828125,1465.0,1466.5999755859375,244378
2025-11-07 07:30:00+00:00,1469.0,1469.199951171875,1466.0999755859375,1466.5999755859375,325413
2025-11-07 07:45:00+00:00,1474.9000244140625,1475.199951171875,1468.9000244140625,1469.0999755859375,283567
2025-11-07 08:00:00+00:00,1475.300048828125,1477.0,1474.9000244140625,1475.0,312516
2025-11-07 08:15:00+00:00,1475.0,1476.199951171875,1474.0,1475.0,196887
2025-11-07 08:30:00+00:00,1473.5999755859375,1475.699951171875,1473.0999755859375,1475.0,390971
2025-11-07 08:45:00+00:00,1479.5999755859375,1480.0,1473.0,1474.0999755859375,243472
2025-11-07 09:00:00+00:00,1478.199951171875,1480.800048828125,1475.0999755859375,1479.9000244140625,366345
2025-11-07 09:15:00+00:00,1477.4000244140625,1480.0,1475.800048828125,1478.4000244140625,328373
2025-11-07 09:30:00+00:00,1475.800048828125,1480.300048828125,1474.300048828125,1477.9000244140625,645029
2025-11-07 09:45:00+00:00,1476.800048828125,1478.5,1475.5,1475.800048828125,621781
2025-11-10 03:45:00+00:00,1494.0999755859375,1503.699951171875,1491.0,1491.0999755859375,600642
2025-11-10 04:00:00+00:00,1491.699951171875,1494.9000244140625,1490.5,1494.0999755859375,329318
2025-11-10 04:15:00+00:00,1497.0,1500.800048828125,1491.9000244140625,1491.9000244140625,434546
2025-11-10 04:30:00+00:00,1503.5999755859375,1504.5,1496.0999755859375,1496.5999755859375,453028
2025-11-10 04:45:00+00:00,1516.0,1516.9000244140625,1502.9000244140625,1502.9000244140625,1182876
2025-11-10 05:00:00+00:00,1514.4000244140625,1518.4000244140625,1510.0999755859375,1516.300048828125,508480
2025-11-10 05:15:00+00:00,1516.9000244140625,1518.0,1513.0,1514.0999755859375,383009
2025-11-10 05:30:00+00:00,1518.199951171875,1518.9000244140625,1515.300048828125,1517.0,382424
2025-11-10 05:45:00+00:00,1516.800048828125,1519.0,1516.0999755859375,1518.0999755859375,286975
2025-11-10 06:00:00+00:00,1515.4000244140625,1519.5999755859375,1515.0,1517.0,300122
2025-11-10 06:15:00+00:00,1516.199951171875,1517.0,1515.0999755859375,1515.4000244140625,159178
2025-11-10 06:30:00+00:00,1515.9000244140625,1518.0999755859375,1515.5,1515.699951171875,171283
2025-11-10 06:45:00+00:00,1516.9000244140625,1518.4000244140625,1515.5,1516.0999755859375,161629
2025-11-10 07:00:00+00:00,1518.5999755859375,1519.0,1516.300048828125,1516.9000244140625,153031
2025-11-10 07:15:00+00:00,1518.0,1519.0,1517.300048828125,1518.300048828125,231020
2025-11-10 07:30:00+00:00,1518.0,1519.300048828125,1517.0,1518.0,337545
2025-11-10 07:45:00+00:00,1519.199951171875,1519.9000244140625,1518.0,1518.0,267505
2025-11-10 08:00:00+00:00,1517.199951171875,1519.9000244140625,1517.0,1519.199951171875,227604
2025-11-10 08:15:00+00:00,1516.5,1518.0,1515.0999755859375,1517.0,270489
2025-11-10 08:30:00+00:00,1518.4000244140625,1519.0,1516.300048828125,1516.5,215983
2025-11-10 08:45:00+00:00,1519.199951171875,1519.5,1517.199951171875,1518.4000244140625,252172
2025-11-10 09:00:00+00:00,1519.0999755859375,1520.0,1518.199951171875,1519.199951171875,299900
2025-11-10 09:15:00+00:00,1518.199951171875,1520.0,1518.0999755859375,1519.0999755859375,270973
2025-11-10 09:30:00+00:00,1512.0,1518.199951171875,1511.4000244140625,1518.199951171875,665465
2025-11-10 09:45:00+00:00,1514.800048828125,1515.0,1510.0,1512.0,624749
2025-11-11 03:45:00+00:00,1518.4000244140625,1529.0,1516.5,1525.300048828125,614390
2025-11-11 04:00:00+00:00,1515.800048828125,1518.5,1511.5,1517.699951171875,509913
2025-11-11 04:15:00+00:00,1518.0999755859375,1518.5,1513.5,1515.800048828125,346922
2025-11-11 04:30:00+00:00,1518.699951171875,1520.9000244140625,1517.5,1518.300048828125,539584
2025-11-11 04:45:00+00:00,1514.800048828125,1519.699951171875,1514.4000244140625,1518.0999755859375,404068
2025-11-11 05:00:00+00:00,1514.0,1515.800048828125,1511.0999755859375,1514.9000244140625,612640
2025-11-11 05:15:00+00:00,1520.0,1520.9000244140625,1513.199951171875,1514.300048828125,706643
2025-11-11 05:30:00+00:00,1520.300048828125,1521.0,1519.5,1520.0,345110
2025-11-11 05:45:00+00:00,1518.199951171875,1521.0,1517.800048828125,1520.0999755859375,278064
2025-11-11 06:00:00+00:00,1518.4000244140625,1519.9000244140625,1516.5,1518.199951171875,218843
2025-11-11 06:15:00+00:00,1518.199951171875,1519.5,1517.5999755859375,1518.800048828125,221995
2025-11-11 06:30:00+00:00,1519.4000244140625,1519.9000244140625,1518.0,1518.300048828125,264068
2025-11-11 06:45:00+00:00,1521.0,1521.0,1518.5,1519.4000244140625,319738
2025-11-11 07:00:00+00:00,1523.0,1524.0,1520.5,1521.0,466140
2025-11-11 07:15:00+00:00,1523.0999755859375,1524.0,1522.0,1523.0999755859375,360971
2025-11-11 07:30:00+00:00,1524.5,1524.800048828125,1521.699951171875,1523.4000244140625,411641
2025-11-11 07:45:00+00:00,1525.5,1526.800048828125,1524.0,1524.0999755859375,343609
2025-11-11 08:00:00+00:00,1527.0,1528.0,1525.0999755859375,1525.5,396015
2025-11-11 08:15:00+00:00,1528.199951171875,1529.5,1526.300048828125,1527.0,474532
2025-11-11 08:30:00+00:00,1528.800048828125,1530.4000244140625,1527.5999755859375,1528.0,523166
2025-11-11 08:45:00+00:00,1531.0,1531.5,1528.300048828125,1528.300048828125,567117
2025-11-11 09:00:00+00:00,1528.800048828125,1531.699951171875,1528.699951171875,1530.9000244140625,609237
2025-11-11 09:15:00+00:00,1530.0,1530.5999755859375,1528.0,1528.800048828125,607550
2025-11-11 09:30:00+00:00,1528.800048828125,1532.699951171875,1528.0,1530.0,1525504
2025-11-11 09:45:00+00:00,1531.5,1533.0,1528.0,1528.9000244140625,1197292
2025-11-12 03:45:00+00:00,1548.5,1548.9000244140625,1538.5999755859375,1541.0,570258
2025-11-12 04:00:00+00:00,1544.5,1549.199951171875,1541.0,1547.800048828125,591854
2025-11-12 04:15:00+00:00,1550.800048828125,1551.0,1543.699951171875,1543.800048828125,626788
2025-11-12 04:30:00+00:00,1549.800048828125,1553.0999755859375,1548.4000244140625,1550.800048828125,809877
2025-11-12 04:45:00+00:00,1549.300048828125,1551.5999755859375,1547.5999755859375,1549.300048828125,438792
2025-11-12 05:00:00+00:00,1553.300048828125,1553.5,1548.9000244140625,1549.0,411459
2025-11-12 05:15:00+00:00,1554.4000244140625,1557.5,1553.0,1553.0,803564
2025-11-12 05:30:00+00:00,1551.0,1554.5,1551.0,1554.0999755859375,310138
2025-11-12 05:45:00+00:00,1549.0,1551.5,1548.800048828125,1551.300048828125,361192
2025-11-12 06:00:00+00:00,1550.9000244140625,1551.0,1549.0,1549.5,251733
2025-11-12 06:15:00+00:00,1551.5,1553.0,1550.5999755859375,1551.0999755859375,316249
2025-11-12 06:30:00+00:00,1552.0999755859375,1552.4000244140625,1549.0999755859375,1551.699951171875,312315
2025-11-12 06:45:00+00:00,1550.300048828125,1552.199951171875,1550.300048828125,1552.199951171875,364776
2025-11-12 07:00:00+00:00,1551.0,1552.4000244140625,1550.0999755859375,1550.4000244140625,328484
2025-11-12 07:15:00+00:00,1552.5,1552.800048828125,1550.0,1550.9000244140625,583380
2025-11-12 07:30:00+00:00,1554.800048828125,1555.0,1551.5999755859375,1552.800048828125,526966
2025-11-12 07:45:00+00:00,1556.5,1556.800048828125,1554.0999755859375,1554.800048828125,690538
2025-11-12 08:00:00+00:00,1555.4000244140625,1556.5999755859375,1553.5,1556.5,470335
2025-11-12 08:15:00+00:00,1553.0,1555.800048828125,1553.0,1555.4000244140625,324517
2025-11-12 08:30:00+00:00,1551.9000244140625,1554.0,1551.0,1553.0,385149
2025-11-12 08:45:00+00:00,1552.0999755859375,1553.5999755859375,1550.5,1551.9000244140625,649026
2025-11-12 09:00:00+00:00,1552.300048828125,1554.0,1552.0,1552.0,571877
2025-11-12 09:15:00+00:00,1553.300048828125,1554.0,1552.0999755859375,1552.4000244140625,575892
2025-11-12 09:30:00+00:00,1552.0999755859375,1555.4000244140625,1552.0,1553.5,1272572
2025-11-12 09:45:00+00:00,1552.0,1553.0,1548.0,1552.5999755859375,1578694
2025-11-13 03:45:00+00:00,1536.0,1555.0999755859375,1532.199951171875,1555.0999755859375,594387
2025-11-13 04:00:00+00:00,1534.199951171875,1535.9000244140625,1530.5999755859375,1535.9000244140625,609956
2025-11-13 04:15:00+00:00,1540.0,1540.5,1533.5,1534.199951171875,703774
2025-11-13 04:30:00+00:00,1540.5,1541.9000244140625,1539.0,1539.9000244140625,552882
2025-11-13 04:45:00+00:00,1541.0,1542.5,1540.0,1540.699951171875,737863
2025-11-13 05:00:00+00:00,1546.5999755859375,1546.800048828125,1541.0,1541.199951171875,521377
2025-11-13 05:15:00+00:00,1548.4000244140625,1548.4000244140625,1544.0999755859375,1546.5999755859375,529637
2025-11-13 05:30:00+00:00,1549.300048828125,1549.9000244140625,1546.5999755859375,1548.4000244140625,526614
2025-11-13 05:45:00+00:00,1548.199951171875,1550.0999755859375,1547.5,1549.199951171875,590226
2025-11-13 06:00:00+00:00,1548.699951171875,1550.199951171875,1547.199951171875,1548.0,591629
2025-11-13 06:15:00+00:00,1546.0999755859375,1550.0999755859375,1545.199951171875,1549.199951171875,387151
2025-11-13 06:30:00+00:00,1547.699951171875,1548.9000244140625,1545.199951171875,1547.0,477369
2025-11-13 06:45:00+00:00,1550.199951171875,1550.300048828125,1547.5,1547.5999755859375,450356
2025-11-13 07:00:00+00:00,1549.199951171875,1550.300048828125,1548.0,1550.199951171875,431692
2025-11-13 07:15:00+00:00,1551.199951171875,1551.699951171875,1549.0,1549.0,515179
2025-11-13 07:30:00+00:00,1553.300048828125,1553.699951171875,1550.5999755859375,1551.199951171875,508373
2025-11-13 07:45:00+00:00,1552.0999755859375,1553.4000244140625,1551.0999755859375,1553.300048828125,428269
2025-11-13 08:00:00+00:00,1555.5,1555.699951171875,1551.199951171875,1551.699951171875,634257
2025-11-13 08:15:00+00:00,1551.300048828125,1556.0,1551.0999755859375,1555.699951171875,847537
2025-11-13 08:30:00+00:00,1549.5999755859375,1551.800048828125,1546.5,1551.4000244140625,1373379
2025-11-13 08:45:00+00:00,1550.199951171875,1550.699951171875,1549.0,1549.699951171875,899210
2025-11-13 09:00:00+00:00,1551.199951171875,1551.9000244140625,1549.0,1550.0999755859375,1320861
2025-11-13 09:15:00+00:00,1544.0,1551.5,1543.0999755859375,1551.5,1307783
2025-11-13 09:30:00+00:00,1541.0,1545.5,1540.5,1543.9000244140625,1593706
2025-11-13 09:45:00+00:00,1540.0,1543.699951171875,1538.5,1540.9000244140625,1862700
2025-11-14 03:45:00+00:00,1516.0,1529.699951171875,1515.4000244140625,1517.5,298810
2025-11-14 04:00:00+00:00,1512.0,1518.4000244140625,1512.0,1516.0,373255
2025-11-14 04:15:00+00:00,1507.0,1513.0,1505.5,1512.0999755859375,370859
2025-11-14 04:30:00+00:00,1504.5,1508.0,1501.199951171875,1507.0999755859375,360702
2025-11-14 04:45:00+00:00,1504.4000244140625,1506.800048828125,1503.800048828125,1504.5,187170
2025-11-14 05:00:00+00:00,1501.800048828125,1504.800048828125,1501.5,1504.4000244140625,189110
2025-11-14 05:15:00+00:00,1505.9000244140625,1506.5,1501.0999755859375,1501.800048828125,250351
2025-11-14 05:30:00+00:00,1510.199951171875,1511.5999755859375,1505.5,1505.800048828125,462079
2025-11-14 05:45:00+00:00,1507.0,1511.5,1506.300048828125,1510.5,457674
2025-11-14 06:00:00+00:00,1502.5999755859375,1508.0,1502.4000244140625,1507.0,150411
2025-11-14 06:15:00+00:00,1502.5,1504.800048828125,1502.199951171875,1502.9000244140625,121304
2025-11-14 06:30:00+00:00,1502.5,1503.4000244140625,1501.0,1502.5999755859375,198409
2025-11-14 06:45:00+00:00,1501.5,1502.699951171875,1501.5,1502.5,139994
2025-11-14 07:00:00+00:00,1497.5,1502.0,1496.0999755859375,1501.5999755859375,338180
2025-11-14 07:15:00+00:00,1494.5,1498.5,1494.5,1497.5,237192
2025-11-14 07:30:00+00:00,1493.5999755859375,1495.699951171875,1492.199951171875,1494.9000244140625,274852
2025-11-14 07:45:00+00:00,1493.9000244140625,1494.5,1492.199951171875,1493.5999755859375,172101
2025-11-14 08:00:00+00:00,1491.199951171875,1495.199951171875,1490.9000244140625,1493.9000244140625,264049
2025-11-14 08:15:00+00:00,1490.0999755859375,1491.300048828125,1489.4000244140625,1491.199951171875,465388
2025-11-14 08:30:00+00:00,1490.199951171875,1491.800048828125,1490.0,1490.199951171875,249032
2025-11-14 08:45:00+00:00,1493.0999755859375,1493.699951171875,1490.0,1490.4000244140625,290539
2025-11-14 09:00:00+00:00,1492.199951171875,1493.4000244140625,1491.300048828125,1493.0999755859375,290585
2025-11-14 09:15:00+00:00,1492.199951171875,1492.699951171875,1490.4000244140625,1492.300048828125,365649
2025-11-14 09:30:00+00:00,1503.5999755859375,1504.5999755859375,1493.699951171875,1493.699951171875,1412227
2025-11-14 09:45:00+00:00,1505.800048828125,1507.0,1502.5999755859375,1503.5,1261074
