Price,Close,High,Low,Open,Volume
Ticker,ITC.NS,ITC.NS,ITC.NS,ITC.NS,ITC.NS
Datetime,,,,,
2025-08-20 03:45:00+00:00,407.5,408.5,407.1499938964844,408.5,529447
2025-08-20 04:00:00+00:00,408.6000061035156,408.6000061035156,407.29998779296875,407.5,437628
2025-08-20 04:15:00+00:00,408.04998779296875,408.6000061035156,407.79998779296875,408.5,260764
2025-08-20 04:30:00+00:00,408.8999938964844,409.1499938964844,408.20001220703125,408.20001220703125,361062
2025-08-20 04:45:00+00:00,409.75,410.1499938964844,408.54998779296875,408.95001220703125,510357
2025-08-20 05:00:00+00:00,409.79998779296875,410.04998779296875,409.5,409.79998779296875,346157
2025-08-20 05:15:00+00:00,409.0,409.79998779296875,408.8999938964844,409.70001220703125,561600
2025-08-20 05:30:00+00:00,409.3999938964844,409.6499938964844,408.95001220703125,409.0,2528838
2025-08-20 05:45:00+00:00,409.6499938964844,409.75,409.1000061035156,409.3999938964844,406607
2025-08-20 06:00:00+00:00,409.3500061035156,409.8999938964844,409.29998779296875,409.6499938964844,672629
2025-08-20 06:15:00+00:00,408.6000061035156,409.45001220703125,408.25,409.45001220703125,613620
2025-08-20 06:30:00+00:00,408.79998779296875,409.1499938964844,408.25,408.70001220703125,552835
2025-08-20 06:45:00+00:00,408.29998779296875,409.20001220703125,408.0,408.79998779296875,749639
2025-08-20 07:00:00+00:00,408.1499938964844,408.54998779296875,408.0,408.3999938964844,311495
2025-08-20 07:15:00+00:00,408.3500061035156,408.3999938964844,407.8999938964844,408.04998779296875,362223
2025-08-20 07:30:00+00:00,407.75,408.45001220703125,407.6000061035156,408.20001220703125,388806
2025-08-20 07:45:00+00:00,407.45001220703125,407.8999938964844,407.3500061035156,407.70001220703125,437667
2025-08-20 08:00:00+00:00,407.95001220703125,408.20001220703125,407.45001220703125,407.45001220703125,391107
2025-08-20 08:15:00+00:00,407.8999938964844,408.3999938964844,407.8500061035156,407.95001220703125,561916
2025-08-20 08:30:00+00:00,407.95001220703125,408.0,407.70001220703125,408.0,694374
2025-08-20 08:45:00+00:00,407.3999938964844,407.95001220703125,407.29998779296875,407.8500061035156,814980
2025-08-20 09:00:00+00:00,406.8999938964844,407.3999938964844,406.5,407.3999938964844,1153059
2025-08-20 09:15:00+00:00,406.70001220703125,406.95001220703125,406.3999938964844,406.8999938964844,882657
2025-08-20 09:30:00+00:00,406.0,406.70001220703125,405.95001220703125,406.70001220703125,1402216
2025-08-20 09:45:00+00:00,406.1499938964844,406.25,405.6000061035156,406.0,1757407
2025-08-21 03:45:00+00:00,405.25,406.79998779296875,405.04998779296875,406.1000061035156,900105
2025-08-21 04:00:00+00:00,405.5,405.54998779296875,404.70001220703125,405.25,2331397
2025-08-21 04:15:00+00:00,406.1000061035156,406.1499938964844,405.3999938964844,405.54998779296875,254981
2025-08-21 04:30:00+00:00,406.1499938964844,406.45001220703125,406.0,406.1000061035156,306478
2025-08-21 04:45:00+00:00,406.29998779296875,406.45001220703125,406.1499938964844,406.20001220703125,234335
2025-08-21 05:00:00+00:00,406.1499938964844,406.6000061035156,406.1000061035156,406.3500061035156,794179
2025-08-21 05:15:00+00:00,406.3999938964844,406.45001220703125,405.70001220703125,406.1499938964844,327353
2025-08-21 05:30:00+00:00,405.70001220703125,406.6499938964844,405.6000061035156,406.3999938964844,394643
2025-08-21 05:45:00+00:00,405.6000061035156,405.8999938964844,405.6000061035156,405.6000061035156,186476
2025-08-21 06:00:00+00:00,406.20001220703125,406.45001220703125,405.54998779296875,405.6000061035156,699922
2025-08-21 06:15:00+00:00,405.8999938964844,406.25,405.6000061035156,406.25,334862
2025-08-21 06:30:00+00:00,405.95001220703125,406.0,405.70001220703125,405.8999938964844,176909
2025-08-21 06:45:00+00:00,405.95001220703125,406.0,405.8500061035156,405.8500061035156,155845
2025-08-21 07:00:00+00:00,406.3500061035156,406.45001220703125,405.79998779296875,405.8999938964844,350727
2025-08-21 07:15:00+00:00,406.0,406.3999938964844,405.8999938964844,406.29998779296875,334513
2025-08-21 07:30:00+00:00,406.3999938964844,406.5,405.95001220703125,406.0,333149
2025-08-21 07:45:00+00:00,406.3999938964844,406.70001220703125,406.29998779296875,406.45001220703125,328672
2025-08-21 08:00:00+00:00,406.25,406.6499938964844,405.8999938964844,406.45001220703125,492795
2025-08-21 08:15:00+00:00,406.54998779296875,406.6000061035156,406.25,406.25,197651
2025-08-21 08:30:00+00:00,405.95001220703125,406.75,403.54998779296875,406.6499938964844,1424629
2025-08-21 08:45:00+00:00,404.79998779296875,406.54998779296875,404.70001220703125,405.95001220703125,746259
2025-08-21 09:00:00+00:00,404.79998779296875,405.20001220703125,404.3999938964844,404.79998779296875,600845
2025-08-21 09:15:00+00:00,404.8500061035156,405.20001220703125,404.70001220703125,404.79998779296875,783014
2025-08-21 09:30:00+00:00,405.04998779296875,405.8999938964844,404.8999938964844,404.8999938964844,1058233
2025-08-21 09:45:00+00:00,406.0,406.25,405.1000061035156,405.1000061035156,1244194
2025-08-22 03:45:00+00:00,402.6000061035156,406.20001220703125,402.54998779296875,406.20001220703125,1028523
2025-08-22 04:00:00+00:00,402.1000061035156,402.6000061035156,402.1000061035156,402.6000061035156,499417
2025-08-22 04:15:00+00:00,401.79998779296875,402.20001220703125,401.3999938964844,402.20001220703125,535437
2025-08-22 04:30:00+00:00,401.75,402.04998779296875,401.5,401.8500061035156,315207
2025-08-22 04:45:00+00:00,400.5,401.75,400.1000061035156,401.75,1015603
2025-08-22 05:00:00+00:00,400.0,400.6499938964844,399.8500061035156,400.5,812103
2025-08-22 05:15:00+00:00,400.0,400.04998779296875,399.95001220703125,400.0,334061
2025-08-22 05:30:00+00:00,399.95001220703125,400.0,399.79998779296875,400.0,266804
2025-08-22 05:45:00+00:00,400.0,400.0,399.8500061035156,399.8999938964844,327137
2025-08-22 06:00:00+00:00,399.95001220703125,400.0,399.8500061035156,400.0,309179
2025-08-22 06:15:00+00:00,399.95001220703125,400.0,399.8999938964844,400.0,405044
2025-08-22 06:30:00+00:00,399.95001220703125,400.0,399.8500061035156,399.95001220703125,414163
2025-08-22 06:45:00+00:00,400.20001220703125,400.29998779296875,399.8999938964844,400.0,535449
2025-08-22 07:00:00+00:00,399.0,400.5,398.70001220703125,400.20001220703125,1339037
2025-08-22 07:15:00+00:00,398.3500061035156,399.04998779296875,398.1000061035156,399.0,974666
2025-08-22 07:30:00+00:00,398.6000061035156,398.70001220703125,398.1000061035156,398.3500061035156,219809
2025-08-22 07:45:00+00:00,398.95001220703125,399.04998779296875,398.5,398.6000061035156,203690
2025-08-22 08:00:00+00:00,398.70001220703125,399.04998779296875,398.54998779296875,398.95001220703125,259114
2025-08-22 08:15:00+00:00,399.0,399.0,398.5,398.70001220703125,235382
2025-08-22 08:30:00+00:00,398.8500061035156,399.04998779296875,398.79998779296875,399.0,200392
2025-08-22 08:45:00+00:00,398.70001220703125,398.8500061035156,398.3999938964844,398.8500061035156,286574
2025-08-22 09:00:00+00:00,398.20001220703125,398.70001220703125,397.6000061035156,398.70001220703125,597166
2025-08-22 09:15:00+00:00,398.6000061035156,398.6000061035156,398.1000061035156,398.29998779296875,308639
2025-08-22 09:30:00+00:00,398.29998779296875,398.70001220703125,398.29998779296875,398.6000061035156,635543
2025-08-22 09:45:00+00:00,398.29998779296875,398.5,398.0,398.25,1019630
2025-08-25 03:45:00+00:00,397.0,399.25,396.8999938964844,399.20001220703125,313945
2025-08-25 04:00:00+00:00,396.6000061035156,397.54998779296875,396.3500061035156,397.0,741936
2025-08-25 04:15:00+00:00,396.8500061035156,397.25,396.5,396.6000061035156,353783
2025-08-25 04:30:00+00:00,397.5,397.75,396.79998779296875,396.79998779296875,339283
2025-08-25 04:45:00+00:00,397.75,397.75,397.1499938964844,397.5,240553
2025-08-25 05:00:00+00:00,398.8999938964844,399.3500061035156,398.1000061035156,398.1499938964844,351129
2025-08-25 05:15:00+00:00,399.29998779296875,399.3999938964844,398.75,398.8500061035156,235570
2025-08-25 05:30:00+00:00,399.70001220703125,399.8999938964844,399.20001220703125,399.3999938964844,491419
2025-08-25 05:45:00+00:00,399.95001220703125,400.0,399.6000061035156,399.70001220703125,350559
2025-08-25 06:00:00+00:00,400.04998779296875,400.1000061035156,399.79998779296875,399.95001220703125,461436
2025-08-25 06:15:00+00:00,400.5,400.54998779296875,399.6000061035156,400.1000061035156,538731
2025-08-25 06:30:00+00:00,399.8500061035156,400.5,399.54998779296875,400.5,543441
2025-08-25 06:45:00+00:00,399.3999938964844,399.8999938964844,399.29998779296875,399.79998779296875,263835
2025-08-25 07:00:00+00:00,399.75,399.8500061035156,399.25,399.3999938964844,231679
2025-08-25 07:15:00+00:00,399.79998779296875,400.0,399.6499938964844,399.8500061035156,342369
2025-08-25 07:30:00+00:00,399.79998779296875,399.8500061035156,399.29998779296875,399.79998779296875,382427
2025-08-25 07:45:00+00:00,399.95001220703125,400.0,399.6499938964844,399.75,334293
2025-08-25 08:00:00+00:00,400.0,400.0,399.79998779296875,400.0,255788
2025-08-25 08:15:00+00:00,399.8999938964844,400.20001220703125,399.8999938964844,400.0,308497
2025-08-25 08:30:00+00:00,399.8999938964844,400.1000061035156,399.75,400.0,292111
2025-08-25 08:45:00+00:00,400.0,400.04998779296875,399.75,399.8999938964844,426240
2025-08-25 09:00:00+00:00,399.8999938964844,400.04998779296875,399.3999938964844,400.0,431179
2025-08-25 09:15:00+00:00,400.0,400.04998779296875,399.79998779296875,399.8999938964844,329044
2025-08-25 09:30:00+00:00,398.95001220703125,400.04998779296875,398.8999938964844,399.95001220703125,867016
2025-08-25 09:45:00+00:00,399.04998779296875,399.6499938964844,398.95001220703125,398.95001220703125,694197
2025-08-26 03:45:00+00:00,399.1000061035156,399.8999938964844,398.54998779296875,399.0,290786
2025-08-26 04:00:00+00:00,399.0,399.45001220703125,398.79998779296875,399.1000061035156,293150
2025-08-26 04:15:00+00:00,399.6499938964844,399.6499938964844,398.8999938964844,399.0,276960
2025-08-26 04:30:00+00:00,399.3999938964844,399.6499938964844,399.3500061035156,399.6499938964844,194453
2025-08-26 04:45:00+00:00,399.54998779296875,399.54998779296875,399.3500061035156,399.3500061035156,141406
2025-08-26 05:00:00+00:00,399.54998779296875,399.6000061035156,399.45001220703125,399.54998779296875,196322
2025-08-26 05:15:00+00:00,399.79998779296875,399.79998779296875,399.5,399.54998779296875,289603
2025-08-26 05:30:00+00:00,399.75,400.0,399.6000061035156,399.75,323207
2025-08-26 05:45:00+00:00,399.95001220703125,399.95001220703125,399.70001220703125,399.79998779296875,117474
2025-08-26 06:00:00+00:00,399.75,399.95001220703125,399.6000061035156,399.95001220703125,137688
2025-08-26 06:15:00+00:00,399.8999938964844,400.0,399.70001220703125,399.75,236144
2025-08-26 06:30:00+00:00,399.79998779296875,400.04998779296875,399.75,399.95001220703125,201954
2025-08-26 06:45:00+00:00,399.8999938964844,400.0,399.6499938964844,399.79998779296875,119886
2025-08-26 07:00:00+00:00,399.54998779296875,399.95001220703125,399.45001220703125,399.8999938964844,133968
2025-08-26 07:15:00+00:00,399.95001220703125,400.04998779296875,399.45001220703125,399.5,287036
2025-08-26 07:30:00+00:00,399.8999938964844,400.04998779296875,399.79998779296875,400.0,260342
2025-08-26 07:45:00+00:00,401.8999938964844,402.1499938964844,399.79998779296875,399.8999938964844,925340
2025-08-26 08:00:00+00:00,402.8999938964844,403.25,401.54998779296875,401.79998779296875,635339
2025-08-26 08:15:00+00:00,403.1499938964844,403.3999938964844,402.6000061035156,402.8999938964844,442473
2025-08-26 08:30:00+00:00,403.0,403.79998779296875,402.70001220703125,403.20001220703125,671025
2025-08-26 08:45:00+00:00,403.0,403.29998779296875,402.3500061035156,403.04998779296875,564194
2025-08-26 09:00:00+00:00,404.04998779296875,404.1499938964844,402.75,402.95001220703125,767429
2025-08-26 09:15:00+00:00,404.29998779296875,405.3999938964844,403.70001220703125,404.1000061035156,1233466
2025-08-26 09:30:00+00:00,403.0,404.20001220703125,402.1499938964844,404.20001220703125,2857751
2025-08-26 09:45:00+00:00,403.29998779296875,403.54998779296875,402.79998779296875,403.0,2116372
2025-08-28 03:45:00+00:00,401.0,403.95001220703125,400.3500061035156,403.70001220703125,470355
2025-08-28 04:00:00+00:00,401.04998779296875,401.1499938964844,400.29998779296875,401.0,313877
2025-08-28 04:15:00+00:00,401.3999938964844,402.79998779296875,401.0,401.0,635506
2025-08-28 04:30:00+00:00,401.0,401.79998779296875,400.8999938964844,401.3999938964844,173170
2025-08-28 04:45:00+00:00,400.8999938964844,401.1000061035156,400.6499938964844,400.8999938964844,253419
2025-08-28 05:00:00+00:00,400.6000061035156,401.1000061035156,400.54998779296875,400.8999938964844,348969
2025-08-28 05:15:00+00:00,401.6499938964844,401.79998779296875,400.3999938964844,400.6000061035156,425674
2025-08-28 05:30:00+00:00,401.6000061035156,402.1000061035156,401.3999938964844,401.6499938964844,837633
2025-08-28 05:45:00+00:00,401.5,401.70001220703125,401.5,401.6000061035156,180018
2025-08-28 06:00:00+00:00,402.25,402.3999938964844,401.5,401.6000061035156,322378
2025-08-28 06:15:00+00:00,401.75,402.45001220703125,401.5,402.20001220703125,444479
2025-08-28 06:30:00+00:00,402.0,402.0,401.75,401.79998779296875,255889
2025-08-28 06:45:00+00:00,401.79998779296875,402.0,401.5,402.0,182064
2025-08-28 07:00:00+00:00,402.1000061035156,402.1000061035156,401.6000061035156,401.79998779296875,401400
2025-08-28 07:15:00+00:00,401.8500061035156,402.20001220703125,401.70001220703125,402.1000061035156,208747
2025-08-28 07:30:00+00:00,402.1499938964844,402.25,401.5,401.8500061035156,304319
2025-08-28 07:45:00+00:00,401.5,402.25,401.25,402.1499938964844,366745
2025-08-28 08:00:00+00:00,401.6499938964844,401.75,401.0,401.5,340986
2025-08-28 08:15:00+00:00,401.45001220703125,402.0,401.29998779296875,401.6499938964844,637118
2025-08-28 08:30:00+00:00,402.04998779296875,402.25,401.29998779296875,401.45001220703125,510879
2025-08-28 08:45:00+00:00,402.0,402.1499938964844,401.20001220703125,401.95001220703125,437376
2025-08-28 09:00:00+00:00,400.6000061035156,402.0,400.54998779296875,402.0,647100
2025-08-28 09:15:00+00:00,401.70001220703125,401.75,400.0,400.6000061035156,1033999
2025-08-28 09:30:00+00:00,400.75,401.8500061035156,400.1499938964844,401.70001220703125,1374779
2025-08-28 09:45:00+00:00,400.79998779296875,401.3999938964844,400.3999938964844,400.79998779296875,1019486
2025-08-29 03:45:00+00:00,406.54998779296875,407.29998779296875,402.04998779296875,402.25,912989
2025-08-29 04:00:00+00:00,407.29998779296875,408.1000061035156,406.20001220703125,406.54998779296875,3081621
2025-08-29 04:15:00+00:00,405.3999938964844,407.54998779296875,405.3500061035156,407.29998779296875,1496299
2025-08-29 04:30:00+00:00,404.8999938964844,406.1000061035156,403.8500061035156,405.3999938964844,2099742
2025-08-29 04:45:00+00:00,406.0,406.0,404.75,404.8999938964844,2013822
2025-08-29 05:00:00+00:00,406.29998779296875,406.45001220703125,405.6000061035156,406.20001220703125,612828
2025-08-29 05:15:00+00:00,406.0,406.3999938964844,406.0,406.29998779296875,347932
2025-08-29 05:30:00+00:00,406.8999938964844,407.1499938964844,406.04998779296875,406.04998779296875,766096
2025-08-29 05:45:00+00:00,406.75,407.04998779296875,406.6000061035156,406.8500061035156,254741
2025-08-29 06:00:00+00:00,407.1499938964844,407.1499938964844,406.6499938964844,406.75,588957
2025-08-29 06:15:00+00:00,407.04998779296875,407.3500061035156,407.0,407.1000061035156,899131
2025-08-29 06:30:00+00:00,406.5,407.04998779296875,406.45001220703125,407.0,320557
2025-08-29 06:45:00+00:00,406.54998779296875,406.6000061035156,406.3999938964844,406.5,397969
2025-08-29 07:00:00+00:00,407.1499938964844,407.45001220703125,406.5,406.54998779296875,370477
2025-08-29 07:15:00+00:00,408.25,408.29998779296875,407.04998779296875,407.04998779296875,572750
2025-08-29 07:30:00+00:00,408.1499938964844,408.75,407.79998779296875,408.25,469817
2025-08-29 07:45:00+00:00,409.1499938964844,409.20001220703125,408.0,408.1499938964844,1205071
2025-08-29 08:00:00+00:00,408.95001220703125,409.45001220703125,408.75,409.20001220703125,707063
2025-08-29 08:15:00+00:00,409.29998779296875,409.45001220703125,408.8500061035156,408.95001220703125,728656
2025-08-29 08:30:00+00:00,410.1499938964844,410.20001220703125,409.1499938964844,409.1499938964844,1106330
2025-08-29 08:45:00+00:00,409.3999938964844,410.1499938964844,409.1499938964844,410.1499938964844,873791
2025-08-29 09:00:00+00:00,409.3999938964844,409.75,409.25,409.3999938964844,688838
2025-08-29 09:15:00+00:00,410.25,410.3999938964844,409.29998779296875,409.29998779296875,618440
2025-08-29 09:30:00+00:00,409.5,410.25,409.29998779296875,410.1000061035156,1459598
2025-08-29 09:45:00+00:00,409.5,410.04998779296875,409.3999938964844,409.5,1658068
2025-09-01 03:45:00+00:00,408.70001220703125,410.1499938964844,408.25,409.75,324681
2025-09-01 04:00:00+00:00,409.29998779296875,409.3500061035156,408.29998779296875,408.70001220703125,305336
2025-09-01 04:15:00+00:00,409.1000061035156,409.8500061035156,408.75,409.3999938964844,204480
2025-09-01 04:30:00+00:00,408.95001220703125,409.25,408.79998779296875,409.04998779296875,123454
2025-09-01 04:45:00+00:00,409.1499938964844,409.25,408.79998779296875,408.8500061035156,166747
2025-09-01 05:00:00+00:00,407.70001220703125,409.25,407.54998779296875,409.25,322417
2025-09-01 05:15:00+00:00,407.54998779296875,408.1000061035156,407.3999938964844,407.6499938964844,133035
2025-09-01 05:30:00+00:00,407.3999938964844,407.8999938964844,407.3999938964844,407.5,163934
2025-09-01 05:45:00+00:00,406.45001220703125,407.6499938964844,406.3999938964844,407.45001220703125,464791
2025-09-01 06:00:00+00:00,405.8999938964844,406.75,405.70001220703125,406.5,411166
2025-09-01 06:15:00+00:00,405.79998779296875,406.0,405.5,405.8500061035156,362511
2025-09-01 06:30:00+00:00,405.6499938964844,405.8999938964844,405.25,405.75,288237
2025-09-01 06:45:00+00:00,405.54998779296875,405.70001220703125,405.29998779296875,405.54998779296875,206494
2025-09-01 07:00:00+00:00,405.1499938964844,405.6000061035156,405.04998779296875,405.6000061035156,338928
2025-09-01 07:15:00+00:00,405.20001220703125,405.3500061035156,405.0,405.1499938964844,224330
2025-09-01 07:30:00+00:00,405.20001220703125,405.3500061035156,405.0,405.20001220703125,207091
2025-09-01 07:45:00+00:00,405.04998779296875,405.3999938964844,405.0,405.1499938964844,300240
2025-09-01 08:00:00+00:00,405.5,405.5,405.04998779296875,405.04998779296875,241643
2025-09-01 08:15:00+00:00,405.75,405.75,405.1499938964844,405.3500061035156,696776
2025-09-01 08:30:00+00:00,405.79998779296875,406.20001220703125,405.29998779296875,405.70001220703125,1590652
2025-09-01 08:45:00+00:00,405.54998779296875,406.04998779296875,405.5,405.79998779296875,668111
2025-09-01 09:00:00+00:00,405.3500061035156,406.0,405.29998779296875,405.70001220703125,1151004
2025-09-01 09:15:00+00:00,405.95001220703125,406.0,405.29998779296875,405.3500061035156,518060
2025-09-01 09:30:00+00:00,405.8999938964844,406.0,405.6499938964844,405.95001220703125,821215
2025-09-01 09:45:00+00:00,405.6000061035156,406.1000061035156,405.5,406.0,1498415
2025-09-02 03:45:00+00:00,405.25,406.79998779296875,405.1000061035156,406.1000061035156,775905
2025-09-02 04:00:00+00:00,406.45001220703125,407.29998779296875,405.1499938964844,405.3500061035156,1162398
2025-09-02 04:15:00+00:00,406.1000061035156,406.6499938964844,405.8500061035156,406.54998779296875,586766
2025-09-02 04:30:00+00:00,406.79998779296875,406.95001220703125,406.1499938964844,406.1499938964844,676272
2025-09-02 04:45:00+00:00,407.29998779296875,407.79998779296875,406.54998779296875,406.8500061035156,803076
2025-09-02 05:00:00+00:00,406.1499938964844,407.6499938964844,406.04998779296875,407.29998779296875,1130837
2025-09-02 05:15:00+00:00,406.25,406.3500061035156,406.0,406.1499938964844,547415
2025-09-02 05:30:00+00:00,406.75,407.20001220703125,406.3500061035156,406.3500061035156,818152
2025-09-02 05:45:00+00:00,407.0,407.29998779296875,406.6499938964844,406.79998779296875,561256
2025-09-02 06:00:00+00:00,407.0,407.3500061035156,406.8999938964844,407.0,448606
2025-09-02 06:15:00+00:00,406.79998779296875,407.1499938964844,406.79998779296875,407.04998779296875,240329
2025-09-02 06:30:00+00:00,406.04998779296875,406.8500061035156,406.0,406.79998779296875,421403
2025-09-02 06:45:00+00:00,406.1000061035156,406.1000061035156,405.29998779296875,406.0,478178
2025-09-02 07:00:00+00:00,406.29998779296875,406.3500061035156,405.45001220703125,406.1000061035156,490355
2025-09-02 07:15:00+00:00,406.70001220703125,406.75,406.1499938964844,406.29998779296875,436162
2025-09-02 07:30:00+00:00,406.6499938964844,406.8999938964844,406.3500061035156,406.70001220703125,391341
2025-09-02 07:45:00+00:00,405.79998779296875,406.8500061035156,405.79998779296875,406.75,399280
2025-09-02 08:00:00+00:00,406.0,406.70001220703125,405.6499938964844,405.8500061035156,441529
2025-09-02 08:15:00+00:00,405.0,406.1000061035156,405.0,405.95001220703125,443388
2025-09-02 08:30:00+00:00,405.1000061035156,405.45001220703125,404.5,405.0,766427
2025-09-02 08:45:00+00:00,405.5,406.0,405.0,405.0,797728
2025-09-02 09:00:00+00:00,406.5,407.3999938964844,405.3999938964844,405.54998779296875,879763
2025-09-02 09:15:00+00:00,406.8500061035156,407.0,405.8999938964844,406.5,3029789
2025-09-02 09:30:00+00:00,406.6499938964844,407.1499938964844,406.45001220703125,406.8999938964844,902255
2025-09-02 09:45:00+00:00,407.0,407.0,406.3999938964844,406.6499938964844,1041584
2025-09-03 03:45:00+00:00,409.20001220703125,409.3999938964844,407.29998779296875,407.79998779296875,330621
2025-09-03 04:00:00+00:00,408.79998779296875,409.5,408.75,409.1000061035156,426229
2025-09-03 04:15:00+00:00,408.29998779296875,408.79998779296875,407.54998779296875,408.79998779296875,406208
2025-09-03 04:30:00+00:00,410.45001220703125,410.79998779296875,408.1000061035156,408.29998779296875,1127990
2025-09-03 04:45:00+00:00,409.5,410.70001220703125,409.3999938964844,410.45001220703125,491943
2025-09-03 05:00:00+00:00,408.8999938964844,409.45001220703125,408.70001220703125,409.45001220703125,228248
2025-09-03 05:15:00+00:00,409.6000061035156,409.70001220703125,408.6499938964844,408.79998779296875,484905
2025-09-03 05:30:00+00:00,410.0,410.25,409.20001220703125,409.6000061035156,1102294
2025-09-03 05:45:00+00:00,409.6499938964844,410.25,409.54998779296875,409.95001220703125,569888
2025-09-03 06:00:00+00:00,409.95001220703125,410.29998779296875,409.25,409.6499938964844,427867
2025-09-03 06:15:00+00:00,410.0,410.0,409.45001220703125,409.95001220703125,183528
2025-09-03 06:30:00+00:00,410.8500061035156,411.3999938964844,409.75,409.79998779296875,935402
2025-09-03 06:45:00+00:00,411.1499938964844,411.20001220703125,410.70001220703125,410.79998779296875,324370
2025-09-03 07:00:00+00:00,413.0,413.20001220703125,411.1000061035156,411.1499938964844,1185700
2025-09-03 07:15:00+00:00,412.04998779296875,413.20001220703125,411.8500061035156,413.0,306689
2025-09-03 07:30:00+00:00,412.0,412.1499938964844,411.70001220703125,412.04998779296875,151351
2025-09-03 07:45:00+00:00,411.5,412.45001220703125,411.1499938964844,412.0,206804
2025-09-03 08:00:00+00:00,412.20001220703125,412.25,411.3500061035156,411.5,188832
2025-09-03 08:15:00+00:00,411.75,412.29998779296875,411.5,412.20001220703125,588975
2025-09-03 08:30:00+00:00,411.70001220703125,411.79998779296875,411.5,411.6499938964844,217347
2025-09-03 08:45:00+00:00,411.29998779296875,411.75,411.20001220703125,411.70001220703125,273497
2025-09-03 09:00:00+00:00,411.6000061035156,411.70001220703125,411.0,411.20001220703125,436669
2025-09-03 09:15:00+00:00,411.29998779296875,412.0,411.04998779296875,411.54998779296875,421521
2025-09-03 09:30:00+00:00,412.20001220703125,412.25,411.3500061035156,411.45001220703125,561205
2025-09-03 09:45:00+00:00,411.1000061035156,412.25,410.8500061035156,412.20001220703125,829440
2025-09-04 03:45:00+00:00,420.8999938964844,423.29998779296875,417.8500061035156,421.8999938964844,5042826
2025-09-04 04:00:00+00:00,419.8999938964844,421.25,419.54998779296875,420.8999938964844,3303285
2025-09-04 04:15:00+00:00,418.5,420.0,418.29998779296875,419.8999938964844,1084153
2025-09-04 04:30:00+00:00,418.0,419.0,417.54998779296875,418.6000061035156,1210527
2025-09-04 04:45:00+00:00,418.1000061035156,418.8500061035156,418.0,418.04998779296875,917599
2025-09-04 05:00:00+00:00,417.95001220703125,418.3999938964844,417.20001220703125,418.0,725050
2025-09-04 05:15:00+00:00,417.3500061035156,418.20001220703125,417.1000061035156,417.95001220703125,361448
2025-09-04 05:30:00+00:00,417.3999938964844,417.79998779296875,416.8999938964844,417.3500061035156,630558
2025-09-04 05:45:00+00:00,416.45001220703125,417.5,416.1499938964844,417.45001220703125,995166
2025-09-04 06:00:00+00:00,415.29998779296875,416.3999938964844,415.29998779296875,416.3500061035156,660398
2025-09-04 06:15:00+00:00,415.5,415.8500061035156,415.1000061035156,415.29998779296875,348709
2025-09-04 06:30:00+00:00,415.79998779296875,416.54998779296875,415.20001220703125,415.5,585874
2025-09-04 06:45:00+00:00,416.0,416.04998779296875,415.29998779296875,415.8999938964844,456939
2025-09-04 07:00:00+00:00,417.3500061035156,417.3999938964844,415.8500061035156,416.0,564022
2025-09-04 07:15:00+00:00,417.8999938964844,417.8999938964844,416.8500061035156,417.3500061035156,417259
2025-09-04 07:30:00+00:00,416.79998779296875,417.95001220703125,416.6499938964844,417.75,282416
2025-09-04 07:45:00+00:00,416.8500061035156,417.04998779296875,416.70001220703125,416.70001220703125,226087
2025-09-04 08:00:00+00:00,416.3500061035156,417.0,416.1000061035156,416.79998779296875,253418
2025-09-04 08:15:00+00:00,416.3999938964844,416.70001220703125,416.0,416.29998779296875,444817
2025-09-04 08:30:00+00:00,416.3999938964844,416.70001220703125,416.1000061035156,416.3999938964844,230402
2025-09-04 08:45:00+00:00,415.20001220703125,416.5,415.0,416.3999938964844,990423
2025-09-04 09:00:00+00:00,416.20001220703125,416.25,415.20001220703125,415.29998779296875,655711
2025-09-04 09:15:00+00:00,415.79998779296875,416.25,415.0,416.20001220703125,539837
2025-09-04 09:30:00+00:00,415.8500061035156,416.0,415.3500061035156,415.75,1069233
2025-09-04 09:45:00+00:00,415.8999938964844,416.6499938964844,415.5,415.75,1312866
2025-09-05 03:45:00+00:00,407.79998779296875,416.3500061035156,407.75,415.70001220703125,633848
2025-09-05 04:00:00+00:00,407.0,408.3999938964844,406.3999938964844,407.75,1008478
2025-09-05 04:15:00+00:00,407.8999938964844,408.1000061035156,406.20001220703125,406.95001220703125,452625
2025-09-05 04:30:00+00:00,406.5,407.95001220703125,406.29998779296875,407.95001220703125,425035
2025-09-05 04:45:00+00:00,406.8999938964844,407.45001220703125,406.1000061035156,406.1499938964844,333285
2025-09-05 05:00:00+00:00,406.6499938964844,407.29998779296875,406.1000061035156,406.8500061035156,861242
2025-09-05 05:15:00+00:00,406.5,406.95001220703125,406.29998779296875,406.6499938964844,242510
2025-09-05 05:30:00+00:00,406.29998779296875,406.54998779296875,405.54998779296875,406.5,841570
2025-09-05 05:45:00+00:00,406.0,406.3999938964844,405.6000061035156,406.29998779296875,1040471
2025-09-05 06:00:00+00:00,406.0,406.3999938964844,405.8500061035156,406.0,388016
2025-09-05 06:15:00+00:00,406.3999938964844,406.3999938964844,406.0,406.0,550594
2025-09-05 06:30:00+00:00,406.75,407.0,406.29998779296875,406.3999938964844,247643
2025-09-05 06:45:00+00:00,406.6499938964844,406.8999938964844,406.5,406.70001220703125,152286
2025-09-05 07:00:00+00:00,406.0,406.95001220703125,406.0,406.6000061035156,516463
2025-09-05 07:15:00+00:00,405.1499938964844,406.1000061035156,404.3999938964844,406.04998779296875,1365826
2025-09-05 07:30:00+00:00,405.5,405.70001220703125,405.1499938964844,405.1499938964844,1367818
2025-09-05 07:45:00+00:00,405.25,405.54998779296875,405.0,405.3999938964844,396369
2025-09-05 08:00:00+00:00,406.1499938964844,406.20001220703125,405.1499938964844,405.29998779296875,523918
2025-09-05 08:15:00+00:00,407.8500061035156,408.0,406.29998779296875,406.29998779296875,617028
2025-09-05 08:30:00+00:00,406.8999938964844,407.95001220703125,406.6499938964844,407.8999938964844,535199
2025-09-05 08:45:00+00:00,407.0,407.5,406.5,406.8999938964844,481334
2025-09-05 09:00:00+00:00,406.8999938964844,407.1499938964844,406.54998779296875,407.0,466430
2025-09-05 09:15:00+00:00,406.95001220703125,407.20001220703125,406.79998779296875,406.79998779296875,451252
2025-09-05 09:30:00+00:00,407.29998779296875,407.6000061035156,406.5,407.0,839984
2025-09-05 09:45:00+00:00,407.79998779296875,407.95001220703125,407.25,407.3500061035156,728012
2025-09-08 03:45:00+00:00,408.3999938964844,409.0,407.3999938964844,408.1499938964844,239818
2025-09-08 04:00:00+00:00,410.29998779296875,410.5,408.3999938964844,408.3999938964844,372584
2025-09-08 04:15:00+00:00,409.3500061035156,410.3999938964844,409.3500061035156,410.29998779296875,253980
2025-09-08 04:30:00+00:00,408.54998779296875,409.54998779296875,408.3999938964844,409.3500061035156,184628
2025-09-08 04:45:00+00:00,407.6499938964844,408.6499938964844,407.6000061035156,408.6000061035156,167773
2025-09-08 05:00:00+00:00,407.8999938964844,408.1499938964844,407.5,407.79998779296875,289210
2025-09-08 05:15:00+00:00,407.8500061035156,408.1000061035156,407.6499938964844,407.95001220703125,167520
2025-09-08 05:30:00+00:00,407.75,408.1000061035156,407.70001220703125,407.8999938964844,126888
2025-09-08 05:45:00+00:00,407.54998779296875,407.8999938964844,407.45001220703125,407.70001220703125,98879
2025-09-08 06:00:00+00:00,407.75,407.8999938964844,407.5,407.54998779296875,514758
2025-09-08 06:15:00+00:00,408.0,408.0,407.54998779296875,407.70001220703125,102554
2025-09-08 06:30:00+00:00,407.95001220703125,408.0,407.6499938964844,407.95001220703125,182991
2025-09-08 06:45:00+00:00,407.75,408.0,407.6499938964844,408.0,161975
2025-09-08 07:00:00+00:00,407.95001220703125,408.1000061035156,407.75,407.79998779296875,218298
2025-09-08 07:15:00+00:00,407.95001220703125,408.04998779296875,407.79998779296875,407.95001220703125,142853
2025-09-08 07:30:00+00:00,407.95001220703125,408.0,407.79998779296875,408.0,153853
2025-09-08 07:45:00+00:00,407.8999938964844,408.04998779296875,407.70001220703125,408.0,190488
2025-09-08 08:00:00+00:00,407.8500061035156,408.1499938964844,407.75,408.0,249764
2025-09-08 08:15:00+00:00,408.04998779296875,408.1499938964844,407.70001220703125,407.95001220703125,257439
2025-09-08 08:30:00+00:00,408.70001220703125,408.70001220703125,407.95001220703125,408.0,289407
2025-09-08 08:45:00+00:00,408.79998779296875,409.1000061035156,408.54998779296875,408.70001220703125,272458
2025-09-08 09:00:00+00:00,408.70001220703125,409.1499938964844,408.6000061035156,408.8500061035156,379552
2025-09-08 09:15:00+00:00,407.54998779296875,408.75,406.8500061035156,408.70001220703125,1196733
2025-09-08 09:30:00+00:00,407.70001220703125,407.75,407.3500061035156,407.6499938964844,397642
2025-09-08 09:45:00+00:00,407.8999938964844,408.04998779296875,407.04998779296875,407.70001220703125,510988
2025-09-09 03:45:00+00:00,408.0,408.25,407.3999938964844,408.1000061035156,407487
2025-09-09 04:00:00+00:00,408.3500061035156,408.6499938964844,407.6499938964844,408.1499938964844,235919
2025-09-09 04:15:00+00:00,408.5,408.6499938964844,408.1000061035156,408.3999938964844,129822
2025-09-09 04:30:00+00:00,408.6000061035156,408.8500061035156,408.45001220703125,408.70001220703125,102979
2025-09-09 04:45:00+00:00,408.3500061035156,408.6499938964844,408.1000061035156,408.6000061035156,142693
2025-09-09 05:00:00+00:00,408.5,408.6000061035156,408.04998779296875,408.3500061035156,101508
2025-09-09 05:15:00+00:00,409.29998779296875,409.29998779296875,408.3500061035156,408.45001220703125,270990
2025-09-09 05:30:00+00:00,409.45001220703125,409.8500061035156,409.0,409.25,441601
2025-09-09 05:45:00+00:00,409.6000061035156,409.8999938964844,409.25,409.3500061035156,337823
2025-09-09 06:00:00+00:00,409.79998779296875,410.1000061035156,409.54998779296875,409.70001220703125,428342
2025-09-09 06:15:00+00:00,410.04998779296875,410.1000061035156,409.5,409.75,298810
2025-09-09 06:30:00+00:00,409.95001220703125,410.04998779296875,409.3500061035156,410.0,398385
2025-09-09 06:45:00+00:00,410.0,410.25,409.70001220703125,409.8500061035156,193224
2025-09-09 07:00:00+00:00,410.1000061035156,410.3500061035156,410.0,410.1000061035156,273947
2025-09-09 07:15:00+00:00,410.04998779296875,410.79998779296875,410.0,410.1499938964844,341479
2025-09-09 07:30:00+00:00,410.0,410.1499938964844,409.79998779296875,410.1000061035156,269976
2025-09-09 07:45:00+00:00,410.25,410.3500061035156,409.79998779296875,409.8999938964844,147673
2025-09-09 08:00:00+00:00,410.3999938964844,410.54998779296875,410.1499938964844,410.25,215635
2025-09-09 08:15:00+00:00,410.20001220703125,410.45001220703125,410.0,410.29998779296875,149011
2025-09-09 08:30:00+00:00,410.70001220703125,410.8999938964844,409.95001220703125,410.1000061035156,354439
2025-09-09 08:45:00+00:00,410.6499938964844,410.8999938964844,410.45001220703125,410.70001220703125,354964
2025-09-09 09:00:00+00:00,409.8999938964844,410.75,409.6000061035156,410.75,583153
2025-09-09 09:15:00+00:00,410.1000061035156,410.3999938964844,409.6499938964844,409.8999938964844,568348
2025-09-09 09:30:00+00:00,410.04998779296875,410.45001220703125,409.6499938964844,410.1000061035156,1205616
2025-09-09 09:45:00+00:00,410.04998779296875,410.29998779296875,409.3500061035156,410.04998779296875,557879
2025-09-10 03:45:00+00:00,410.79998779296875,411.20001220703125,409.6499938964844,410.54998779296875,672617
2025-09-10 04:00:00+00:00,410.8500061035156,410.8500061035156,410.25,410.8500061035156,222649
2025-09-10 04:15:00+00:00,409.3999938964844,410.8999938964844,409.3500061035156,410.8500061035156,306317
2025-09-10 04:30:00+00:00,409.45001220703125,409.6499938964844,408.95001220703125,409.5,237788
2025-09-10 04:45:00+00:00,409.45001220703125,409.6000061035156,409.25,409.45001220703125,177802
2025-09-10 05:00:00+00:00,409.25,409.95001220703125,409.0,409.5,197987
2025-09-10 05:15:00+00:00,409.25,409.5,409.1499938964844,409.3500061035156,200609
2025-09-10 05:30:00+00:00,410.1499938964844,410.1499938964844,409.1000061035156,409.29998779296875,511886
2025-09-10 05:45:00+00:00,410.0,410.1499938964844,409.54998779296875,410.1000061035156,469439
2025-09-10 06:00:00+00:00,411.0,411.1499938964844,409.8500061035156,410.0,555131
2025-09-10 06:15:00+00:00,411.3500061035156,411.5,411.0,411.1000061035156,305040
2025-09-10 06:30:00+00:00,411.04998779296875,411.45001220703125,410.70001220703125,411.3500061035156,803738
2025-09-10 06:45:00+00:00,411.95001220703125,412.20001220703125,410.8999938964844,411.04998779296875,423358
2025-09-10 07:00:00+00:00,412.0,412.25,411.54998779296875,412.0,354033
2025-09-10 07:15:00+00:00,412.3999938964844,412.3999938964844,411.8999938964844,412.0,246798
2025-09-10 07:30:00+00:00,412.0,412.29998779296875,412.0,412.29998779296875,210612
2025-09-10 07:45:00+00:00,412.04998779296875,412.20001220703125,411.5,412.04998779296875,279053
2025-09-10 08:00:00+00:00,412.1000061035156,412.25,412.0,412.0,218333
2025-09-10 08:15:00+00:00,412.25,412.3500061035156,412.0,412.1000061035156,234826
2025-09-10 08:30:00+00:00,412.3999938964844,412.6499938964844,412.1000061035156,412.29998779296875,229916
2025-09-10 08:45:00+00:00,411.8999938964844,412.45001220703125,411.6000061035156,412.45001220703125,349472
2025-09-10 09:00:00+00:00,411.1000061035156,412.25,411.1000061035156,411.8500061035156,610732
2025-09-10 09:15:00+00:00,412.1499938964844,412.3500061035156,411.1499938964844,411.1499938964844,336054
2025-09-10 09:30:00+00:00,413.25,413.5,412.1000061035156,412.1499938964844,537358
2025-09-10 09:45:00+00:00,413.04998779296875,413.70001220703125,412.70001220703125,413.25,383838
2025-09-11 03:45:00+00:00,414.3999938964844,415.79998779296875,413.54998779296875,413.8999938964844,359537
2025-09-11 04:00:00+00:00,414.5,414.75,414.1000061035156,414.3999938964844,184178
2025-09-11 04:15:00+00:00,414.3999938964844,414.70001220703125,414.04998779296875,414.45001220703125,172939
2025-09-11 04:30:00+00:00,414.1000061035156,414.5,414.0,414.3999938964844,161747
2025-09-11 04:45:00+00:00,414.8500061035156,415.29998779296875,414.1000061035156,414.20001220703125,1130219
2025-09-11 05:00:00+00:00,415.5,416.0,414.70001220703125,414.8500061035156,301834
2025-09-11 05:15:00+00:00,415.45001220703125,415.95001220703125,415.29998779296875,415.3500061035156,171040
2025-09-11 05:30:00+00:00,415.79998779296875,415.95001220703125,415.5,415.5,234471
2025-09-11 05:45:00+00:00,415.3500061035156,415.8999938964844,415.20001220703125,415.79998779296875,160982
2025-09-11 06:00:00+00:00,415.54998779296875,415.6000061035156,415.0,415.3500061035156,340165
2025-09-11 06:15:00+00:00,415.95001220703125,416.0,415.20001220703125,415.54998779296875,320990
2025-09-11 06:30:00+00:00,416.29998779296875,416.5,415.8999938964844,415.95001220703125,307763
2025-09-11 06:45:00+00:00,416.0,416.3500061035156,415.70001220703125,416.20001220703125,182413
2025-09-11 07:00:00+00:00,416.6000061035156,416.6000061035156,415.6000061035156,415.95001220703125,380660
2025-09-11 07:15:00+00:00,416.20001220703125,416.6000061035156,416.1000061035156,416.5,194108
2025-09-11 07:30:00+00:00,416.5,416.6000061035156,416.04998779296875,416.3500061035156,210594
2025-09-11 07:45:00+00:00,416.29998779296875,416.6000061035156,416.1499938964844,416.54998779296875,175679
2025-09-11 08:00:00+00:00,416.04998779296875,416.5,416.0,416.25,169461
2025-09-11 08:15:00+00:00,416.20001220703125,416.45001220703125,415.95001220703125,416.1000061035156,167246
2025-09-11 08:30:00+00:00,416.3500061035156,416.54998779296875,416.0,416.3999938964844,155344
2025-09-11 08:45:00+00:00,416.5,416.54998779296875,416.1000061035156,416.3500061035156,184980
2025-09-11 09:00:00+00:00,416.1499938964844,416.5,415.79998779296875,416.29998779296875,420412
2025-09-11 09:15:00+00:00,416.1499938964844,416.70001220703125,415.6499938964844,416.1499938964844,611564
2025-09-11 09:30:00+00:00,415.0,416.1499938964844,414.6000061035156,416.1499938964844,866949
2025-09-11 09:45:00+00:00,415.5,415.6000061035156,414.29998779296875,415.0,707190
2025-09-12 03:45:00+00:00,413.95001220703125,415.20001220703125,413.75,415.20001220703125,185645
2025-09-12 04:00:00+00:00,414.79998779296875,414.8999938964844,413.8999938964844,413.8999938964844,150048
2025-09-12 04:15:00+00:00,414.29998779296875,415.0,414.29998779296875,414.95001220703125,172952
2025-09-12 04:30:00+00:00,413.20001220703125,414.45001220703125,413.1000061035156,414.3500061035156,314708
2025-09-12 04:45:00+00:00,414.1499938964844,414.20001220703125,412.8999938964844,413.1499938964844,341013
2025-09-12 05:00:00+00:00,414.45001220703125,414.45001220703125,413.70001220703125,414.1499938964844,156798
2025-09-12 05:15:00+00:00,414.95001220703125,415.0,414.1499938964844,414.3999938964844,196041
2025-09-12 05:30:00+00:00,416.04998779296875,416.1000061035156,414.75,414.95001220703125,701710
2025-09-12 05:45:00+00:00,416.6000061035156,416.75,415.70001220703125,415.95001220703125,963671
2025-09-12 06:00:00+00:00,415.8999938964844,416.70001220703125,415.8500061035156,416.6499938964844,201993
2025-09-12 06:15:00+00:00,416.0,416.3500061035156,415.6000061035156,415.8500061035156,320166
2025-09-12 06:30:00+00:00,415.0,416.0,414.8999938964844,416.0,314373
2025-09-12 06:45:00+00:00,415.3500061035156,415.6000061035156,414.70001220703125,414.8999938964844,488018
2025-09-12 07:00:00+00:00,414.45001220703125,415.45001220703125,414.3500061035156,415.3999938964844,568386
2025-09-12 07:15:00+00:00,414.3999938964844,414.70001220703125,414.04998779296875,414.3999938964844,194872
2025-09-12 07:30:00+00:00,414.20001220703125,414.5,414.1000061035156,414.29998779296875,106111
2025-09-12 07:45:00+00:00,414.79998779296875,415.1000061035156,414.1499938964844,414.25,279136
2025-09-12 08:00:00+00:00,414.8999938964844,415.1499938964844,414.70001220703125,414.8500061035156,147415
2025-09-12 08:15:00+00:00,414.79998779296875,414.8999938964844,414.54998779296875,414.75,244305
2025-09-12 08:30:00+00:00,414.54998779296875,414.8999938964844,414.45001220703125,414.79998779296875,125121
2025-09-12 08:45:00+00:00,414.6000061035156,414.70001220703125,414.3999938964844,414.5,106122
2025-09-12 09:00:00+00:00,413.8500061035156,414.6000061035156,413.8500061035156,414.5,170493
2025-09-12 09:15:00+00:00,413.75,414.0,413.6499938964844,413.8500061035156,296979
2025-09-12 09:30:00+00:00,413.79998779296875,414.3500061035156,413.70001220703125,413.79998779296875,382603
2025-09-12 09:45:00+00:00,413.75,413.8999938964844,413.25,413.79998779296875,422282
2025-09-15 03:45:00+00:00,413.95001220703125,414.20001220703125,413.3999938964844,413.5,130897
2025-09-15 04:00:00+00:00,413.70001220703125,413.95001220703125,413.1000061035156,413.8500061035156,192395
2025-09-15 04:15:00+00:00,413.54998779296875,414.0,413.45001220703125,413.5,98494
2025-09-15 04:30:00+00:00,413.29998779296875,413.5,413.1000061035156,413.45001220703125,111618
2025-09-15 04:45:00+00:00,413.1499938964844,413.5,412.75,413.5,134216
2025-09-15 05:00:00+00:00,413.25,413.5,413.0,413.1000061035156,156666
2025-09-15 05:15:00+00:00,413.8999938964844,413.95001220703125,413.25,413.3999938964844,398399
2025-09-15 05:30:00+00:00,412.8500061035156,414.25,412.79998779296875,413.8999938964844,712841
2025-09-15 05:45:00+00:00,412.70001220703125,412.95001220703125,412.54998779296875,412.8500061035156,84455
2025-09-15 06:00:00+00:00,412.70001220703125,412.8999938964844,412.3500061035156,412.3500061035156,143379
2025-09-15 06:15:00+00:00,412.79998779296875,413.0,412.6000061035156,412.70001220703125,137745
2025-09-15 06:30:00+00:00,412.5,413.0,412.45001220703125,412.95001220703125,123172
2025-09-15 06:45:00+00:00,412.20001220703125,412.70001220703125,412.20001220703125,412.5,150308
2025-09-15 07:00:00+00:00,411.8500061035156,412.29998779296875,411.79998779296875,412.29998779296875,200195
2025-09-15 07:15:00+00:00,413.0,413.1000061035156,411.75,411.75,617472
2025-09-15 07:30:00+00:00,413.0,413.0,412.5,413.0,136986
2025-09-15 07:45:00+00:00,413.3500061035156,413.5,412.70001220703125,413.0,148200
2025-09-15 08:00:00+00:00,413.04998779296875,413.5,412.75,413.29998779296875,308942
2025-09-15 08:15:00+00:00,413.3999938964844,413.8500061035156,413.04998779296875,413.04998779296875,301682
2025-09-15 08:30:00+00:00,412.8500061035156,413.54998779296875,412.75,413.25,100197
2025-09-15 08:45:00+00:00,412.45001220703125,413.0,412.29998779296875,412.95001220703125,137305
2025-09-15 09:00:00+00:00,412.8999938964844,413.6000061035156,412.1499938964844,412.3999938964844,359708
2025-09-15 09:15:00+00:00,412.6499938964844,413.1000061035156,412.5,412.95001220703125,161928
2025-09-15 09:30:00+00:00,412.6000061035156,412.8500061035156,412.5,412.6499938964844,226770
2025-09-15 09:45:00+00:00,412.79998779296875,412.79998779296875,412.5,412.54998779296875,328081
2025-09-16 03:45:00+00:00,412.95001220703125,414.04998779296875,412.1000061035156,413.20001220703125,111050
2025-09-16 04:00:00+00:00,413.6499938964844,413.75,412.79998779296875,412.95001220703125,137137
2025-09-16 04:15:00+00:00,413.8999938964844,413.95001220703125,413.54998779296875,413.6000061035156,204705
2025-09-16 04:30:00+00:00,413.8500061035156,414.0,413.54998779296875,413.8500061035156,376546
2025-09-16 04:45:00+00:00,413.79998779296875,414.0,413.54998779296875,414.0,108445
2025-09-16 05:00:00+00:00,413.54998779296875,413.8999938964844,413.54998779296875,413.75,83260
2025-09-16 05:15:00+00:00,413.79998779296875,413.79998779296875,413.6000061035156,413.70001220703125,57451
2025-09-16 05:30:00+00:00,413.75,413.95001220703125,413.5,413.8999938964844,97018
2025-09-16 05:45:00+00:00,413.6499938964844,413.79998779296875,413.45001220703125,413.6499938964844,72106
2025-09-16 06:00:00+00:00,413.45001220703125,413.79998779296875,413.3999938964844,413.75,74028
2025-09-16 06:15:00+00:00,413.0,413.6000061035156,412.8999938964844,413.29998779296875,154403
2025-09-16 06:30:00+00:00,413.1000061035156,413.3999938964844,412.8999938964844,412.95001220703125,248068
2025-09-16 06:45:00+00:00,413.5,413.6499938964844,412.79998779296875,413.1000061035156,208611
2025-09-16 07:00:00+00:00,413.04998779296875,413.79998779296875,413.0,413.54998779296875,244983
2025-09-16 07:15:00+00:00,413.5,413.54998779296875,412.95001220703125,413.20001220703125,134403
2025-09-16 07:30:00+00:00,413.0,413.75,412.95001220703125,413.5,352099
2025-09-16 07:45:00+00:00,413.1499938964844,413.29998779296875,412.70001220703125,412.95001220703125,423003
2025-09-16 08:00:00+00:00,412.70001220703125,413.29998779296875,412.6499938964844,413.1499938964844,143432
2025-09-16 08:15:00+00:00,412.6000061035156,413.04998779296875,412.6000061035156,412.75,320129
2025-09-16 08:30:00+00:00,413.0,413.0,412.3500061035156,412.79998779296875,368986
2025-09-16 08:45:00+00:00,412.29998779296875,413.29998779296875,412.1499938964844,413.04998779296875,452730
2025-09-16 09:00:00+00:00,412.8500061035156,413.0,412.0,412.20001220703125,364313
2025-09-16 09:30:00+00:00,413.20001220703125,413.6499938964844,412.3999938964844,412.79998779296875,2101995
2025-09-16 09:45:00+00:00,413.6499938964844,413.79998779296875,412.70001220703125,413.20001220703125,1040624
2025-09-17 03:45:00+00:00,413.29998779296875,414.6000061035156,413.25,414.25,275707
2025-09-17 04:00:00+00:00,411.5,413.75,411.45001220703125,413.3500061035156,437424
2025-09-17 04:15:00+00:00,411.3999938964844,412.25,410.8500061035156,411.45001220703125,424423
2025-09-17 04:30:00+00:00,410.8500061035156,411.3999938964844,410.8500061035156,411.29998779296875,301486
2025-09-17 04:45:00+00:00,411.8500061035156,412.3999938964844,410.45001220703125,410.6499938964844,1130041
2025-09-17 05:00:00+00:00,411.04998779296875,411.8500061035156,410.8999938964844,411.8500061035156,365368
2025-09-17 05:15:00+00:00,411.70001220703125,411.70001220703125,411.0,411.04998779296875,232818
2025-09-17 05:30:00+00:00,411.8999938964844,412.0,411.25,411.79998779296875,271905
2025-09-17 05:45:00+00:00,411.1499938964844,412.0,411.1000061035156,411.95001220703125,312622
2025-09-17 06:00:00+00:00,411.04998779296875,411.6499938964844,411.0,411.1499938964844,460288
2025-09-17 06:15:00+00:00,411.25,411.8500061035156,411.0,411.04998779296875,474740
2025-09-17 06:30:00+00:00,410.70001220703125,411.54998779296875,410.54998779296875,411.20001220703125,422840
2025-09-17 06:45:00+00:00,411.04998779296875,411.04998779296875,410.6000061035156,410.79998779296875,294749
2025-09-17 07:00:00+00:00,410.54998779296875,411.3500061035156,410.5,411.04998779296875,589464
2025-09-17 07:15:00+00:00,409.8999938964844,410.70001220703125,409.8999938964844,410.6000061035156,728341
2025-09-17 07:30:00+00:00,409.6000061035156,410.0,409.5,409.95001220703125,263204
2025-09-17 07:45:00+00:00,409.79998779296875,410.25,409.54998779296875,409.54998779296875,575418
2025-09-17 08:00:00+00:00,409.5,409.8999938964844,409.29998779296875,409.70001220703125,317315
2025-09-17 08:15:00+00:00,408.3999938964844,409.54998779296875,408.04998779296875,409.54998779296875,1537210
2025-09-17 08:30:00+00:00,409.0,409.1499938964844,408.1000061035156,408.29998779296875,633932
2025-09-17 08:45:00+00:00,408.79998779296875,409.3500061035156,408.45001220703125,409.04998779296875,513158
2025-09-17 09:00:00+00:00,408.75,409.1499938964844,408.5,408.8500061035156,597144
2025-09-17 09:15:00+00:00,408.79998779296875,408.95001220703125,408.6499938964844,408.8500061035156,582672
2025-09-17 09:30:00+00:00,409.1000061035156,409.25,408.70001220703125,408.8500061035156,1291380
2025-09-17 09:45:00+00:00,410.0,410.1000061035156,409.1000061035156,409.1000061035156,1078832
2025-09-18 03:45:00+00:00,411.45001220703125,412.3500061035156,410.1000061035156,411.0,421111
2025-09-18 04:00:00+00:00,411.54998779296875,412.45001220703125,411.3500061035156,411.3500061035156,398977
2025-09-18 04:15:00+00:00,411.75,411.95001220703125,411.3999938964844,411.5,248971
2025-09-18 04:30:00+00:00,411.5,412.1499938964844,411.1499938964844,411.8500061035156,296077
2025-09-18 04:45:00+00:00,412.0,412.5,411.3500061035156,411.45001220703125,314633
2025-09-18 05:00:00+00:00,411.6000061035156,412.1499938964844,411.54998779296875,412.1000061035156,226375
2025-09-18 05:15:00+00:00,411.70001220703125,411.79998779296875,411.45001220703125,411.6000061035156,202022
2025-09-18 05:30:00+00:00,412.8500061035156,412.95001220703125,411.79998779296875,411.79998779296875,888154
2025-09-18 05:45:00+00:00,412.3999938964844,413.04998779296875,412.25,412.8500061035156,291630
2025-09-18 06:00:00+00:00,411.3999938964844,412.5,411.3500061035156,412.3999938964844,293957
2025-09-18 06:15:00+00:00,411.75,411.79998779296875,411.20001220703125,411.3999938964844,385289
2025-09-18 06:30:00+00:00,411.45001220703125,411.8999938964844,411.29998779296875,411.79998779296875,409908
2025-09-18 06:45:00+00:00,411.29998779296875,411.79998779296875,411.0,411.5,415227
2025-09-18 07:00:00+00:00,411.1000061035156,411.6499938964844,410.75,411.29998779296875,191728
2025-09-18 07:15:00+00:00,411.3999938964844,411.8500061035156,411.1000061035156,411.25,2438972
2025-09-18 07:30:00+00:00,411.29998779296875,411.6000061035156,411.1000061035156,411.3999938964844,209108
2025-09-18 07:45:00+00:00,411.25,411.5,411.04998779296875,411.25,162445
2025-09-18 08:00:00+00:00,411.1499938964844,411.45001220703125,411.04998779296875,411.29998779296875,150439
2025-09-18 08:15:00+00:00,410.8500061035156,411.25,410.8500061035156,411.1499938964844,809149
2025-09-18 08:30:00+00:00,410.95001220703125,411.6499938964844,410.8500061035156,411.04998779296875,777025
2025-09-18 08:45:00+00:00,410.6499938964844,411.1499938964844,410.3999938964844,411.04998779296875,321584
2025-09-18 09:00:00+00:00,410.8999938964844,411.1499938964844,410.3500061035156,410.79998779296875,501623
2025-09-18 09:15:00+00:00,411.6499938964844,411.6499938964844,410.79998779296875,411.0,449668
2025-09-18 09:30:00+00:00,412.3999938964844,412.54998779296875,411.29998779296875,411.8500061035156,2971440
2025-09-18 09:45:00+00:00,411.54998779296875,412.6000061035156,411.54998779296875,412.3999938964844,1631436
2025-09-19 03:45:00+00:00,410.75,412.6000061035156,410.6499938964844,412.3500061035156,145156
2025-09-19 04:00:00+00:00,410.29998779296875,411.0,410.1499938964844,410.8500061035156,179078
2025-09-19 04:15:00+00:00,409.95001220703125,410.70001220703125,409.95001220703125,410.20001220703125,138913
2025-09-19 04:30:00+00:00,410.5,410.6000061035156,409.8500061035156,409.95001220703125,116108
2025-09-19 04:45:00+00:00,410.5,410.6499938964844,410.29998779296875,410.45001220703125,90792
2025-09-19 05:00:00+00:00,410.20001220703125,410.79998779296875,410.1499938964844,410.54998779296875,90958
2025-09-19 05:15:00+00:00,410.29998779296875,410.45001220703125,410.04998779296875,410.25,73073
2025-09-19 05:30:00+00:00,410.1499938964844,410.6499938964844,410.04998779296875,410.3999938964844,84681
2025-09-19 05:45:00+00:00,411.04998779296875,411.1000061035156,410.0,410.1499938964844,245104
2025-09-19 06:00:00+00:00,410.54998779296875,411.20001220703125,410.25,411.0,504230
2025-09-19 06:15:00+00:00,410.6000061035156,411.0,410.25,410.6000061035156,648986
2025-09-19 06:30:00+00:00,410.20001220703125,410.79998779296875,409.8999938964844,410.6000061035156,885715
2025-09-19 06:45:00+00:00,410.25,410.3999938964844,409.95001220703125,410.29998779296875,148526
2025-09-19 07:00:00+00:00,409.95001220703125,410.45001220703125,409.75,410.25,208984
2025-09-19 07:15:00+00:00,410.1499938964844,410.3999938964844,409.8500061035156,409.95001220703125,155867
2025-09-19 07:30:00+00:00,410.3999938964844,410.54998779296875,410.1000061035156,410.1499938964844,143261
2025-09-19 07:45:00+00:00,410.20001220703125,410.5,410.04998779296875,410.3999938964844,141713
2025-09-19 08:00:00+00:00,410.04998779296875,410.3999938964844,409.79998779296875,410.29998779296875,154055
2025-09-19 08:15:00+00:00,409.95001220703125,410.29998779296875,409.79998779296875,410.0,177613
2025-09-19 08:30:00+00:00,409.54998779296875,410.0,409.54998779296875,409.95001220703125,407332
2025-09-19 08:45:00+00:00,409.6499938964844,410.04998779296875,409.25,409.6499938964844,894375
2025-09-19 09:00:00+00:00,410.25,410.3500061035156,409.0,409.75,1250907
2025-09-19 09:15:00+00:00,410.8999938964844,410.95001220703125,410.04998779296875,410.20001220703125,397556
2025-09-19 09:30:00+00:00,410.5,411.75,410.0,410.8999938964844,6551073
2025-09-19 09:45:00+00:00,410.6499938964844,410.79998779296875,409.6000061035156,410.5,5473585
2025-09-22 03:45:00+00:00,409.6499938964844,411.0,409.3999938964844,410.6499938964844,234839
2025-09-22 04:00:00+00:00,409.79998779296875,410.25,409.54998779296875,409.54998779296875,239553
2025-09-22 04:15:00+00:00,409.75,409.8999938964844,409.3500061035156,409.70001220703125,201980
2025-09-22 04:30:00+00:00,409.79998779296875,410.04998779296875,409.6499938964844,409.70001220703125,93145
2025-09-22 04:45:00+00:00,409.8999938964844,409.8999938964844,409.6000061035156,409.75,85013
2025-09-22 05:00:00+00:00,410.1000061035156,410.20001220703125,409.75,409.8999938964844,132218
2025-09-22 05:15:00+00:00,409.95001220703125,410.1499938964844,409.79998779296875,410.1499938964844,86875
2025-09-22 05:30:00+00:00,409.3500061035156,410.0,409.3500061035156,410.0,116263
2025-09-22 05:45:00+00:00,408.8999938964844,409.79998779296875,408.79998779296875,409.29998779296875,1309726
2025-09-22 06:00:00+00:00,408.75,409.04998779296875,408.3500061035156,408.95001220703125,493824
2025-09-22 06:15:00+00:00,408.5,409.0,408.5,408.75,130791
2025-09-22 06:30:00+00:00,408.75,408.95001220703125,408.5,408.5,94078
2025-09-22 06:45:00+00:00,408.6499938964844,408.95001220703125,408.6000061035156,408.75,89260
2025-09-22 07:00:00+00:00,408.0,408.79998779296875,407.8999938964844,408.6000061035156,365514
2025-09-22 07:15:00+00:00,407.75,408.04998779296875,407.5,407.8999938964844,215247
2025-09-22 07:30:00+00:00,407.3500061035156,407.8500061035156,407.1499938964844,407.79998779296875,187520
2025-09-22 07:45:00+00:00,407.04998779296875,407.3999938964844,406.8500061035156,407.3500061035156,358469
2025-09-22 08:00:00+00:00,407.25,407.45001220703125,406.8500061035156,407.0,360940
2025-09-22 08:15:00+00:00,407.20001220703125,407.3999938964844,407.0,407.3500061035156,252050
2025-09-22 08:30:00+00:00,407.1000061035156,407.45001220703125,406.79998779296875,407.20001220703125,430083
2025-09-22 08:45:00+00:00,406.8500061035156,407.20001220703125,406.70001220703125,407.04998779296875,385356
2025-09-22 09:00:00+00:00,406.6000061035156,407.0,406.5,406.79998779296875,389912
2025-09-22 09:15:00+00:00,406.6499938964844,407.0,406.04998779296875,406.3500061035156,572167
2025-09-22 09:30:00+00:00,406.70001220703125,407.25,406.5,406.6000061035156,991966
2025-09-22 09:45:00+00:00,406.95001220703125,407.3500061035156,406.54998779296875,406.6499938964844,813324
2025-09-23 03:45:00+00:00,405.29998779296875,408.0,405.25,408.0,221717
2025-09-23 04:00:00+00:00,404.29998779296875,405.45001220703125,404.29998779296875,405.45001220703125,473789
2025-09-23 04:15:00+00:00,404.3500061035156,404.5,403.79998779296875,404.29998779296875,372541
2025-09-23 04:30:00+00:00,403.70001220703125,404.3500061035156,403.6000061035156,404.3500061035156,337587
2025-09-23 04:45:00+00:00,403.54998779296875,403.8500061035156,403.1000061035156,403.75,284182
2025-09-23 05:00:00+00:00,402.95001220703125,403.6000061035156,402.79998779296875,403.54998779296875,504753
2025-09-23 05:15:00+00:00,403.1000061035156,403.20001220703125,402.75,403.0,425827
2025-09-23 05:30:00+00:00,402.79998779296875,403.25,402.75,403.20001220703125,226825
2025-09-23 05:45:00+00:00,402.3999938964844,403.0,402.3500061035156,402.8500061035156,224656
2025-09-23 06:00:00+00:00,403.20001220703125,403.20001220703125,402.25,402.3999938964844,301067
2025-09-23 06:15:00+00:00,403.54998779296875,403.6499938964844,403.0,403.20001220703125,396779
2025-09-23 06:30:00+00:00,403.29998779296875,403.6000061035156,402.95001220703125,403.3999938964844,739510
2025-09-23 06:45:00+00:00,403.1499938964844,403.29998779296875,402.79998779296875,403.29998779296875,438583
2025-09-23 07:00:00+00:00,404.04998779296875,404.3999938964844,403.0,403.1499938964844,697759
2025-09-23 07:15:00+00:00,404.04998779296875,404.29998779296875,403.8500061035156,404.0,458459
2025-09-23 07:30:00+00:00,404.20001220703125,404.6000061035156,403.95001220703125,404.04998779296875,378407
2025-09-23 07:45:00+00:00,404.5,404.6000061035156,404.0,404.20001220703125,429931
2025-09-23 08:00:00+00:00,404.20001220703125,404.75,403.8999938964844,404.5,484364
2025-09-23 08:15:00+00:00,404.04998779296875,404.3500061035156,403.8500061035156,404.29998779296875,384223
2025-09-23 08:30:00+00:00,404.1499938964844,404.5,403.79998779296875,404.0,622468
2025-09-23 08:45:00+00:00,404.20001220703125,404.29998779296875,403.29998779296875,404.1000061035156,693715
2025-09-23 09:00:00+00:00,404.20001220703125,404.45001220703125,403.8500061035156,404.20001220703125,669208
2025-09-23 09:15:00+00:00,403.54998779296875,404.25,403.1499938964844,404.25,1016343
2025-09-23 09:30:00+00:00,403.20001220703125,403.70001220703125,402.8999938964844,403.5,2021438
2025-09-23 09:45:00+00:00,404.0,404.0,402.79998779296875,403.3500061035156,1886442
2025-09-24 03:45:00+00:00,402.3999938964844,404.25,402.25,404.0,192581
2025-09-24 04:00:00+00:00,402.3999938964844,402.6000061035156,402.04998779296875,402.5,222934
2025-09-24 04:15:00+00:00,402.29998779296875,402.54998779296875,402.1000061035156,402.25,166811
2025-09-24 04:30:00+00:00,402.8999938964844,402.95001220703125,402.20001220703125,402.29998779296875,150437
2025-09-24 04:45:00+00:00,402.54998779296875,403.3500061035156,402.5,402.79998779296875,136348
2025-09-24 05:00:00+00:00,401.95001220703125,402.6000061035156,401.70001220703125,402.54998779296875,307616
2025-09-24 05:15:00+00:00,402.04998779296875,402.04998779296875,401.75,401.95001220703125,171708
2025-09-24 05:30:00+00:00,402.04998779296875,402.20001220703125,401.75,402.0,294664
2025-09-24 05:45:00+00:00,401.8999938964844,402.20001220703125,401.6000061035156,402.04998779296875,357556
2025-09-24 06:00:00+00:00,402.0,402.0,401.5,401.8500061035156,400368
2025-09-24 06:15:00+00:00,401.95001220703125,402.0,401.70001220703125,402.0,104017
2025-09-24 06:30:00+00:00,402.0,402.0,401.70001220703125,402.0,384199
2025-09-24 06:45:00+00:00,401.8500061035156,402.25,401.75,402.0,691655
2025-09-24 07:00:00+00:00,401.8500061035156,401.95001220703125,401.6499938964844,401.8999938964844,162778
2025-09-24 07:15:00+00:00,401.79998779296875,401.8999938964844,401.6000061035156,401.8500061035156,252761
2025-09-24 07:30:00+00:00,401.8999938964844,401.95001220703125,401.6000061035156,401.8500061035156,166062
2025-09-24 07:45:00+00:00,401.95001220703125,402.0,401.79998779296875,401.8999938964844,2384630
2025-09-24 08:00:00+00:00,401.8999938964844,401.95001220703125,401.75,401.95001220703125,228281
2025-09-24 08:15:00+00:00,401.70001220703125,402.0,401.6000061035156,401.8999938964844,223325
2025-09-24 08:30:00+00:00,401.70001220703125,401.95001220703125,401.5,401.75,494959
2025-09-24 08:45:00+00:00,401.5,401.79998779296875,401.3500061035156,401.70001220703125,378127
2025-09-24 09:00:00+00:00,401.1000061035156,401.54998779296875,400.79998779296875,401.5,593184
2025-09-24 09:15:00+00:00,401.1000061035156,401.3500061035156,400.8999938964844,401.29998779296875,1487512
2025-09-24 09:30:00+00:00,401.0,401.25,400.8500061035156,401.1000061035156,752450
2025-09-24 09:45:00+00:00,401.0,401.20001220703125,400.79998779296875,401.0,1409914
2025-09-25 03:45:00+00:00,402.25,402.3999938964844,400.70001220703125,401.1499938964844,866112
2025-09-25 04:00:00+00:00,402.29998779296875,402.75,401.95001220703125,402.20001220703125,1228866
2025-09-25 04:15:00+00:00,401.29998779296875,402.3999938964844,401.1499938964844,402.1499938964844,225949
2025-09-25 04:30:00+00:00,400.29998779296875,401.3500061035156,400.29998779296875,401.3500061035156,411544
2025-09-25 04:45:00+00:00,400.70001220703125,400.95001220703125,400.1000061035156,400.3500061035156,352863
2025-09-25 05:00:00+00:00,400.29998779296875,400.8500061035156,399.70001220703125,400.75,488785
2025-09-25 05:15:00+00:00,400.25,400.3999938964844,400.0,400.1499938964844,200577
2025-09-25 05:30:00+00:00,400.04998779296875,400.5,399.8500061035156,400.3500061035156,978806
2025-09-25 05:45:00+00:00,400.0,400.5,399.75,400.04998779296875,695079
2025-09-25 06:00:00+00:00,399.95001220703125,401.0,399.79998779296875,400.0,1001882
2025-09-25 06:15:00+00:00,400.70001220703125,400.79998779296875,400.0,400.04998779296875,425288
2025-09-25 06:30:00+00:00,400.75,400.8500061035156,399.95001220703125,400.70001220703125,1010329
2025-09-25 06:45:00+00:00,399.8500061035156,400.79998779296875,399.6499938964844,400.75,947203
2025-09-25 07:00:00+00:00,398.8999938964844,400.0,398.8999938964844,399.79998779296875,543374
2025-09-25 07:15:00+00:00,398.8999938964844,399.0,398.29998779296875,399.0,1040006
2025-09-25 07:30:00+00:00,398.8500061035156,399.1000061035156,398.6499938964844,398.95001220703125,380926
2025-09-25 07:45:00+00:00,398.29998779296875,399.0,398.04998779296875,398.95001220703125,585989
2025-09-25 08:00:00+00:00,398.3999938964844,398.6000061035156,398.0,398.29998779296875,402581
2025-09-25 08:15:00+00:00,398.6000061035156,399.0,398.3999938964844,398.45001220703125,487257
2025-09-25 08:30:00+00:00,398.95001220703125,399.6000061035156,398.54998779296875,398.70001220703125,943448
2025-09-25 08:45:00+00:00,399.25,399.79998779296875,398.8999938964844,398.8999938964844,662356
2025-09-25 09:00:00+00:00,399.8500061035156,400.1499938964844,398.8999938964844,399.3999938964844,1685829
2025-09-25 09:15:00+00:00,399.54998779296875,400.29998779296875,399.1499938964844,399.8500061035156,2105192
2025-09-25 09:30:00+00:00,400.6000061035156,400.70001220703125,399.04998779296875,399.70001220703125,2215240
2025-09-25 09:45:00+00:00,400.1000061035156,401.0,400.04998779296875,400.6000061035156,1840777
2025-09-26 03:45:00+00:00,401.6499938964844,401.75,399.79998779296875,401.5,441464
2025-09-26 04:00:00+00:00,400.5,401.70001220703125,400.29998779296875,401.6499938964844,291601
2025-09-26 04:15:00+00:00,401.0,401.25,400.29998779296875,400.5,166148
2025-09-26 04:30:00+00:00,400.95001220703125,401.20001220703125,400.6000061035156,401.20001220703125,87522
2025-09-26 04:45:00+00:00,402.0,402.25,400.8500061035156,400.95001220703125,288743
2025-09-26 05:00:00+00:00,402.1000061035156,402.1000061035156,401.75,402.0,186214
2025-09-26 05:15:00+00:00,402.25,402.29998779296875,401.8500061035156,402.1000061035156,272501
2025-09-26 05:30:00+00:00,402.3500061035156,402.95001220703125,402.04998779296875,402.25,947148
2025-09-26 05:45:00+00:00,401.0,402.95001220703125,401.0,402.29998779296875,637492
2025-09-26 06:00:00+00:00,401.70001220703125,401.8999938964844,400.95001220703125,401.04998779296875,595211
2025-09-26 06:15:00+00:00,402.5,402.54998779296875,401.5,401.8999938964844,345254
2025-09-26 06:30:00+00:00,402.79998779296875,403.1000061035156,402.3999938964844,402.54998779296875,544809
2025-09-26 06:45:00+00:00,402.3500061035156,402.8999938964844,402.1499938964844,402.79998779296875,459265
2025-09-26 07:00:00+00:00,404.0,404.3500061035156,402.20001220703125,402.29998779296875,1775029
2025-09-26 07:15:00+00:00,405.0,405.29998779296875,404.0,404.04998779296875,1286248
2025-09-26 07:30:00+00:00,404.79998779296875,405.3500061035156,404.54998779296875,405.04998779296875,628370
2025-09-26 07:45:00+00:00,405.1499938964844,405.25,404.6000061035156,404.79998779296875,467633
2025-09-26 08:00:00+00:00,404.95001220703125,405.3500061035156,404.75,405.1000061035156,345597
2025-09-26 08:15:00+00:00,404.5,405.20001220703125,404.5,404.95001220703125,420355
2025-09-26 08:30:00+00:00,404.95001220703125,405.0,404.20001220703125,404.5,354038
2025-09-26 08:45:00+00:00,404.3999938964844,405.0,404.20001220703125,404.95001220703125,341108
2025-09-26 09:00:00+00:00,405.20001220703125,405.29998779296875,404.3999938964844,404.45001220703125,528423
2025-09-26 09:15:00+00:00,404.3999938964844,405.29998779296875,404.3500061035156,405.25,862612
2025-09-26 09:30:00+00:00,405.1499938964844,405.25,404.3500061035156,404.3500061035156,969461
2025-09-26 09:45:00+00:00,405.1000061035156,405.45001220703125,404.95001220703125,405.25,911055
2025-09-29 03:45:00+00:00,403.6499938964844,406.25,403.3500061035156,406.04998779296875,239937
2025-09-29 04:00:00+00:00,404.8999938964844,405.0,403.3999938964844,403.6499938964844,236999
2025-09-29 04:15:00+00:00,406.1000061035156,406.1000061035156,404.8999938964844,404.8999938964844,291172
2025-09-29 04:30:00+00:00,406.45001220703125,406.5,405.8999938964844,406.1499938964844,468772
2025-09-29 04:45:00+00:00,406.20001220703125,407.1000061035156,406.1000061035156,406.5,242912
2025-09-29 05:00:00+00:00,406.6000061035156,406.95001220703125,406.04998779296875,406.1000061035156,133551
2025-09-29 05:15:00+00:00,406.5,406.8500061035156,405.45001220703125,406.5,811974
2025-09-29 05:30:00+00:00,405.8500061035156,406.6000061035156,405.70001220703125,406.45001220703125,188093
2025-09-29 05:45:00+00:00,406.1000061035156,406.29998779296875,405.75,405.8500061035156,230774
2025-09-29 06:00:00+00:00,405.25,406.29998779296875,405.0,406.29998779296875,567931
2025-09-29 06:15:00+00:00,405.70001220703125,405.75,404.95001220703125,405.29998779296875,174996
2025-09-29 06:30:00+00:00,404.6000061035156,405.79998779296875,404.54998779296875,405.79998779296875,729459
2025-09-29 06:45:00+00:00,405.6499938964844,405.70001220703125,404.6499938964844,404.6499938964844,291721
2025-09-29 07:00:00+00:00,404.75,405.75,404.3999938964844,405.70001220703125,354928
2025-09-29 07:15:00+00:00,405.0,405.0,404.3500061035156,404.70001220703125,192032
2025-09-29 07:30:00+00:00,405.8999938964844,406.0,404.8999938964844,404.95001220703125,629173
2025-09-29 07:45:00+00:00,405.8999938964844,405.95001220703125,405.3500061035156,405.8999938964844,221274
2025-09-29 08:00:00+00:00,405.6000061035156,406.0,405.1499938964844,405.75,300196
2025-09-29 08:15:00+00:00,405.6000061035156,405.75,404.95001220703125,405.5,309661
2025-09-29 08:30:00+00:00,405.3500061035156,405.6499938964844,404.75,405.6499938964844,227487
2025-09-29 08:45:00+00:00,404.3999938964844,405.45001220703125,404.3500061035156,405.3999938964844,242383
2025-09-29 09:00:00+00:00,404.45001220703125,404.8999938964844,404.25,404.6000061035156,285753
2025-09-29 09:15:00+00:00,405.0,405.0,404.25,404.54998779296875,229421
2025-09-29 09:30:00+00:00,407.6000061035156,407.8500061035156,405.04998779296875,405.04998779296875,6310211
2025-09-29 09:45:00+00:00,404.3999938964844,408.0,404.20001220703125,407.6000061035156,5512905
2025-09-30 03:45:00+00:00,404.95001220703125,406.04998779296875,404.45001220703125,405.45001220703125,259296
2025-09-30 04:00:00+00:00,404.04998779296875,405.20001220703125,403.3999938964844,404.75,326923
2025-09-30 04:15:00+00:00,403.79998779296875,404.1499938964844,403.54998779296875,403.79998779296875,135498
2025-09-30 04:30:00+00:00,402.45001220703125,403.8500061035156,402.20001220703125,403.79998779296875,245365
2025-09-30 04:45:00+00:00,403.04998779296875,403.54998779296875,402.45001220703125,402.6000061035156,194484
2025-09-30 05:00:00+00:00,402.6499938964844,403.04998779296875,402.20001220703125,403.04998779296875,209075
2025-09-30 05:15:00+00:00,402.54998779296875,402.8500061035156,402.20001220703125,402.6499938964844,152078
2025-09-30 05:30:00+00:00,403.1499938964844,403.20001220703125,402.3500061035156,402.3999938964844,157638
2025-09-30 05:45:00+00:00,403.3500061035156,403.8500061035156,403.04998779296875,403.1499938964844,154700
2025-09-30 06:00:00+00:00,402.54998779296875,403.6000061035156,402.54998779296875,403.3999938964844,268937
2025-09-30 06:15:00+00:00,402.5,402.75,402.45001220703125,402.54998779296875,160714
2025-09-30 06:30:00+00:00,402.75,402.75,402.3999938964844,402.5,175587
2025-09-30 06:45:00+00:00,403.0,403.45001220703125,402.54998779296875,402.6499938964844,250449
2025-09-30 07:00:00+00:00,403.0,403.20001220703125,402.75,403.0,235025
2025-09-30 07:15:00+00:00,402.45001220703125,403.0,402.25,403.0,254902
2025-09-30 07:30:00+00:00,402.3500061035156,402.5,401.8500061035156,402.5,525471
2025-09-30 07:45:00+00:00,401.6000061035156,402.5,401.45001220703125,402.29998779296875,416213
2025-09-30 08:00:00+00:00,400.79998779296875,401.8999938964844,400.45001220703125,401.6499938964844,591881
2025-09-30 08:15:00+00:00,400.8500061035156,401.1000061035156,400.54998779296875,400.70001220703125,239321
2025-09-30 08:30:00+00:00,401.0,401.1499938964844,400.45001220703125,400.95001220703125,410299
2025-09-30 08:45:00+00:00,401.3500061035156,401.54998779296875,400.45001220703125,400.8999938964844,354607
2025-09-30 09:00:00+00:00,401.5,402.1000061035156,401.0,401.45001220703125,398546
2025-09-30 09:15:00+00:00,401.95001220703125,402.04998779296875,401.0,401.54998779296875,655831
2025-09-30 09:30:00+00:00,401.54998779296875,401.95001220703125,401.3500061035156,401.8500061035156,1224023
2025-09-30 09:45:00+00:00,401.75,401.79998779296875,401.25,401.54998779296875,995344
2025-10-01 03:45:00+00:00,402.20001220703125,402.5,401.0,401.75,163963
2025-10-01 04:00:00+00:00,401.29998779296875,402.3999938964844,400.8999938964844,402.20001220703125,315045
2025-10-01 04:15:00+00:00,401.3500061035156,401.6000061035156,401.04998779296875,401.29998779296875,406954
2025-10-01 04:30:00+00:00,400.04998779296875,401.5,399.8500061035156,401.45001220703125,407615
2025-10-01 04:45:00+00:00,400.20001220703125,400.3999938964844,399.8999938964844,400.04998779296875,411315
2025-10-01 05:00:00+00:00,400.25,401.0,400.1499938964844,400.20001220703125,401625
2025-10-01 05:15:00+00:00,400.54998779296875,400.6499938964844,400.04998779296875,400.29998779296875,286601
2025-10-01 05:30:00+00:00,400.54998779296875,401.3500061035156,400.5,400.6499938964844,709015
2025-10-01 05:45:00+00:00,400.25,401.0,399.95001220703125,400.70001220703125,399189
2025-10-01 06:00:00+00:00,402.79998779296875,402.8999938964844,400.1499938964844,400.25,1395964
2025-10-01 06:15:00+00:00,402.29998779296875,403.20001220703125,401.8999938964844,402.79998779296875,1458549
2025-10-01 06:30:00+00:00,403.6499938964844,403.8999938964844,401.95001220703125,402.0,726605
2025-10-01 06:45:00+00:00,404.54998779296875,404.70001220703125,403.75,403.75,570411
2025-10-01 07:00:00+00:00,404.29998779296875,404.8500061035156,403.8999938964844,404.54998779296875,564797
2025-10-01 07:15:00+00:00,404.3999938964844,404.8500061035156,404.20001220703125,404.29998779296875,498110
2025-10-01 07:30:00+00:00,405.5,405.54998779296875,404.04998779296875,404.3999938964844,465679
2025-10-01 07:45:00+00:00,405.1499938964844,405.6000061035156,404.75,405.5,558991
2025-10-01 08:00:00+00:00,404.8999938964844,405.20001220703125,404.6499938964844,405.20001220703125,614731
2025-10-01 08:15:00+00:00,405.3500061035156,405.79998779296875,404.6000061035156,404.8999938964844,563909
2025-10-01 08:30:00+00:00,405.5,405.8500061035156,405.29998779296875,405.5,677850
2025-10-01 08:45:00+00:00,405.75,405.8500061035156,405.0,405.5,787214
2025-10-01 09:00:00+00:00,405.75,406.0,405.25,405.79998779296875,909159
2025-10-01 09:15:00+00:00,405.70001220703125,405.8500061035156,405.20001220703125,405.75,897067
2025-10-01 09:30:00+00:00,405.54998779296875,405.70001220703125,405.29998779296875,405.6499938964844,1702585
2025-10-01 09:45:00+00:00,404.79998779296875,406.0,404.29998779296875,405.54998779296875,1540831
2025-10-03 03:45:00+00:00,402.6499938964844,404.75,402.3999938964844,404.75,228781
2025-10-03 04:00:00+00:00,403.8999938964844,405.0,402.3999938964844,402.70001220703125,682709
2025-10-03 04:15:00+00:00,404.04998779296875,405.1499938964844,403.75,403.8500061035156,696023
2025-10-03 04:30:00+00:00,403.79998779296875,404.5,403.5,404.25,680297
2025-10-03 04:45:00+00:00,403.8500061035156,403.95001220703125,403.1499938964844,403.79998779296875,677964
2025-10-03 05:00:00+00:00,403.3500061035156,404.0,403.20001220703125,403.75,601082
2025-10-03 05:15:00+00:00,404.3500061035156,404.3999938964844,403.1499938964844,403.3999938964844,628668
2025-10-03 05:30:00+00:00,404.6000061035156,404.70001220703125,404.20001220703125,404.3500061035156,522776
2025-10-03 05:45:00+00:00,404.75,404.79998779296875,404.25,404.6000061035156,533825
2025-10-03 06:00:00+00:00,404.70001220703125,405.0,404.1000061035156,404.75,738096
2025-10-03 06:15:00+00:00,404.29998779296875,405.0,404.29998779296875,404.70001220703125,533985
2025-10-03 06:30:00+00:00,404.1000061035156,404.75,404.0,404.25,665297
2025-10-03 06:45:00+00:00,403.8999938964844,404.20001220703125,403.45001220703125,404.1000061035156,617088
2025-10-03 07:00:00+00:00,404.0,404.1499938964844,403.70001220703125,403.8999938964844,701632
2025-10-03 07:15:00+00:00,404.29998779296875,404.45001220703125,403.79998779296875,404.0,564828
2025-10-03 07:30:00+00:00,404.29998779296875,404.3500061035156,403.6499938964844,404.3500061035156,699516
2025-10-03 07:45:00+00:00,404.95001220703125,405.5,404.25,404.29998779296875,1788168
2025-10-03 08:00:00+00:00,404.54998779296875,405.25,404.3999938964844,405.1000061035156,1854910
2025-10-03 08:15:00+00:00,404.5,404.8999938964844,404.3500061035156,404.6000061035156,973215
2025-10-03 08:30:00+00:00,404.45001220703125,404.75,404.3999938964844,404.54998779296875,398060
2025-10-03 08:45:00+00:00,403.6499938964844,404.45001220703125,403.25,404.25,310405
2025-10-03 09:00:00+00:00,404.3999938964844,404.45001220703125,403.6499938964844,403.6499938964844,215891
2025-10-03 09:15:00+00:00,404.25,404.45001220703125,404.1499938964844,404.3999938964844,190576
2025-10-03 09:30:00+00:00,404.45001220703125,404.45001220703125,404.20001220703125,404.20001220703125,380107
2025-10-03 09:45:00+00:00,404.6000061035156,404.6000061035156,404.0,404.45001220703125,848637
2025-10-06 03:45:00+00:00,402.20001220703125,403.70001220703125,402.20001220703125,402.8999938964844,141282
2025-10-06 04:00:00+00:00,403.0,403.20001220703125,402.1499938964844,402.3999938964844,284683
2025-10-06 04:15:00+00:00,401.20001220703125,403.0,401.1000061035156,402.8999938964844,468472
2025-10-06 04:30:00+00:00,401.0,401.25,400.79998779296875,401.25,408968
2025-10-06 04:45:00+00:00,401.25,401.3500061035156,400.8500061035156,400.95001220703125,840864
2025-10-06 05:00:00+00:00,400.8999938964844,401.29998779296875,400.79998779296875,401.25,255602
2025-10-06 05:15:00+00:00,401.0,401.1000061035156,400.3999938964844,400.79998779296875,274623
2025-10-06 05:30:00+00:00,401.0,401.0,400.79998779296875,401.0,249881
2025-10-06 05:45:00+00:00,400.79998779296875,401.0,400.6499938964844,400.95001220703125,129177
2025-10-06 06:00:00+00:00,400.8999938964844,401.1499938964844,400.6499938964844,400.8500061035156,202426
2025-10-06 06:15:00+00:00,400.8999938964844,401.29998779296875,400.79998779296875,401.0,451230
2025-10-06 06:30:00+00:00,401.0,401.0,400.75,400.8999938964844,208829
2025-10-06 06:45:00+00:00,400.5,401.0,400.45001220703125,401.0,307469
2025-10-06 07:00:00+00:00,399.95001220703125,400.5,399.79998779296875,400.5,1210241
2025-10-06 07:15:00+00:00,400.0,400.29998779296875,399.95001220703125,400.1000061035156,401802
2025-10-06 07:30:00+00:00,400.20001220703125,400.3500061035156,399.8999938964844,400.04998779296875,556571
2025-10-06 07:45:00+00:00,401.0,401.0,399.95001220703125,400.20001220703125,1052756
2025-10-06 08:00:00+00:00,401.0,401.45001220703125,400.8500061035156,401.0,1306171
2025-10-06 08:15:00+00:00,401.0,401.20001220703125,400.6000061035156,401.0,509508
2025-10-06 08:30:00+00:00,400.1000061035156,401.1000061035156,399.95001220703125,401.0,1337041
2025-10-06 08:45:00+00:00,399.8500061035156,400.20001220703125,399.8500061035156,400.1000061035156,626892
2025-10-06 09:00:00+00:00,400.20001220703125,400.6499938964844,399.8500061035156,399.95001220703125,568337
2025-10-06 09:15:00+00:00,400.6000061035156,400.8999938964844,400.1499938964844,400.20001220703125,570954
2025-10-06 09:30:00+00:00,400.5,400.75,400.45001220703125,400.70001220703125,634565
2025-10-06 09:45:00+00:00,401.0,401.20001220703125,400.5,400.6000061035156,770764
2025-10-07 03:45:00+00:00,401.0,402.5,401.0,402.20001220703125,306650
2025-10-07 04:00:00+00:00,400.95001220703125,401.0,400.70001220703125,401.0,466973
2025-10-07 04:15:00+00:00,401.70001220703125,402.0,400.8999938964844,400.95001220703125,614994
2025-10-07 04:30:00+00:00,401.3999938964844,402.1000061035156,400.8500061035156,401.70001220703125,967122
2025-10-07 04:45:00+00:00,401.8500061035156,401.8500061035156,401.20001220703125,401.29998779296875,343207
2025-10-07 05:00:00+00:00,401.0,401.95001220703125,400.8999938964844,401.79998779296875,358707
2025-10-07 05:15:00+00:00,400.79998779296875,401.1499938964844,400.70001220703125,401.1000061035156,429265
2025-10-07 05:30:00+00:00,400.79998779296875,401.0,400.45001220703125,400.8500061035156,364075
2025-10-07 05:45:00+00:00,400.0,401.0,399.75,400.95001220703125,412342
2025-10-07 06:00:00+00:00,399.8999938964844,400.1499938964844,399.6000061035156,399.95001220703125,401234
2025-10-07 06:15:00+00:00,399.95001220703125,400.3999938964844,399.79998779296875,399.95001220703125,272317
2025-10-07 06:30:00+00:00,400.20001220703125,400.45001220703125,399.8999938964844,400.0,228137
2025-10-07 06:45:00+00:00,400.45001220703125,400.5,400.0,400.25,150588
2025-10-07 07:00:00+00:00,400.04998779296875,400.6499938964844,399.8999938964844,400.45001220703125,433041
2025-10-07 07:15:00+00:00,400.04998779296875,400.5,399.95001220703125,400.04998779296875,314692
2025-10-07 07:30:00+00:00,401.0,401.0,400.0,400.04998779296875,288004
2025-10-07 07:45:00+00:00,401.20001220703125,401.45001220703125,400.8500061035156,401.0,221500
2025-10-07 08:00:00+00:00,401.0,401.25,400.5,401.25,204437
2025-10-07 08:15:00+00:00,400.79998779296875,401.1499938964844,400.75,401.0,361813
2025-10-07 08:30:00+00:00,401.0,401.0,400.6000061035156,400.79998779296875,225022
2025-10-07 08:45:00+00:00,399.8500061035156,401.0,399.70001220703125,400.95001220703125,947654
2025-10-07 09:00:00+00:00,400.0,400.1000061035156,399.75,399.8500061035156,554747
2025-10-07 09:15:00+00:00,399.95001220703125,400.1499938964844,399.8500061035156,399.95001220703125,779396
2025-10-07 09:30:00+00:00,399.6499938964844,400.1000061035156,399.54998779296875,399.95001220703125,1220673
2025-10-07 09:45:00+00:00,399.95001220703125,400.0,399.54998779296875,399.6499938964844,1295496
2025-10-08 03:45:00+00:00,400.0,400.5,399.0,400.45001220703125,159380
2025-10-08 04:00:00+00:00,399.8999938964844,400.04998779296875,399.79998779296875,400.0,333699
2025-10-08 04:15:00+00:00,400.45001220703125,400.45001220703125,399.8999938964844,399.95001220703125,322821
2025-10-08 04:30:00+00:00,401.3500061035156,401.70001220703125,400.3500061035156,400.45001220703125,440532
2025-10-08 04:45:00+00:00,400.95001220703125,401.29998779296875,400.5,401.29998779296875,180027
2025-10-08 05:00:00+00:00,400.0,400.8500061035156,399.95001220703125,400.8500061035156,235498
2025-10-08 05:15:00+00:00,399.8999938964844,400.0,399.79998779296875,399.95001220703125,202450
2025-10-08 05:30:00+00:00,399.5,399.95001220703125,399.29998779296875,399.8500061035156,181776
2025-10-08 05:45:00+00:00,398.8500061035156,399.54998779296875,398.75,399.5,248624
2025-10-08 06:00:00+00:00,398.6499938964844,399.1000061035156,398.45001220703125,398.79998779296875,499846
2025-10-08 06:15:00+00:00,398.6000061035156,398.95001220703125,398.3999938964844,398.54998779296875,228132
2025-10-08 06:30:00+00:00,398.5,398.95001220703125,398.3500061035156,398.54998779296875,233947
2025-10-08 06:45:00+00:00,398.25,398.6000061035156,398.1000061035156,398.5,139424
2025-10-08 07:00:00+00:00,398.5,398.54998779296875,398.1499938964844,398.25,193030
2025-10-08 07:15:00+00:00,399.25,399.29998779296875,398.45001220703125,398.45001220703125,283669
2025-10-08 07:30:00+00:00,399.6000061035156,399.75,398.95001220703125,399.25,184653
2025-10-08 07:45:00+00:00,399.70001220703125,400.0,398.8999938964844,399.6000061035156,711767
2025-10-08 08:00:00+00:00,399.8999938964844,399.95001220703125,399.6499938964844,399.70001220703125,238051
2025-10-08 08:15:00+00:00,399.95001220703125,400.0,399.8500061035156,399.8999938964844,245576
2025-10-08 08:30:00+00:00,399.20001220703125,400.0,398.3999938964844,400.0,480087
2025-10-08 08:45:00+00:00,399.1000061035156,399.3999938964844,398.8999938964844,399.20001220703125,302128
2025-10-08 09:00:00+00:00,399.1000061035156,399.45001220703125,398.8500061035156,399.1000061035156,270404
2025-10-08 09:15:00+00:00,399.5,399.54998779296875,399.0,399.25,541327
2025-10-08 09:30:00+00:00,399.95001220703125,400.0,399.29998779296875,399.45001220703125,643698
2025-10-08 09:45:00+00:00,399.5,400.0,399.45001220703125,399.8999938964844,642066
2025-10-09 03:45:00+00:00,399.8500061035156,400.0,399.1499938964844,399.45001220703125,551579
2025-10-09 04:00:00+00:00,399.95001220703125,400.0,399.54998779296875,399.8999938964844,244541
2025-10-09 04:15:00+00:00,399.8999938964844,399.95001220703125,399.70001220703125,399.8999938964844,88100
2025-10-09 04:30:00+00:00,400.45001220703125,400.75,399.79998779296875,399.8999938964844,836593
2025-10-09 04:45:00+00:00,400.79998779296875,401.3999938964844,400.45001220703125,400.45001220703125,322999
2025-10-09 05:00:00+00:00,400.5,400.8500061035156,400.25,400.70001220703125,387694
2025-10-09 05:15:00+00:00,400.1000061035156,400.95001220703125,399.8999938964844,400.54998779296875,1308025
2025-10-09 05:30:00+00:00,400.0,400.79998779296875,399.79998779296875,400.1000061035156,1632644
2025-10-09 05:45:00+00:00,400.0,400.1000061035156,399.54998779296875,399.8999938964844,234275
2025-10-09 06:00:00+00:00,399.95001220703125,400.04998779296875,399.6499938964844,400.0,465540
2025-10-09 06:15:00+00:00,399.54998779296875,399.95001220703125,399.3999938964844,399.8500061035156,380039
2025-10-09 06:30:00+00:00,399.20001220703125,399.8500061035156,399.20001220703125,399.70001220703125,252044
2025-10-09 06:45:00+00:00,399.3999938964844,399.6000061035156,399.04998779296875,399.20001220703125,268588
2025-10-09 07:00:00+00:00,399.20001220703125,399.54998779296875,399.04998779296875,399.3999938964844,278904
2025-10-09 07:15:00+00:00,399.6499938964844,399.8999938964844,399.25,399.25,466748
2025-10-09 07:30:00+00:00,399.8999938964844,399.95001220703125,399.54998779296875,399.6000061035156,204192
2025-10-09 07:45:00+00:00,399.95001220703125,399.95001220703125,399.75,399.8999938964844,153095
2025-10-09 08:00:00+00:00,399.95001220703125,400.0,399.8999938964844,399.95001220703125,632051
2025-10-09 08:15:00+00:00,399.8999938964844,400.0,399.8999938964844,400.0,936778
2025-10-09 08:30:00+00:00,399.79998779296875,400.6499938964844,399.70001220703125,400.0,1464964
2025-10-09 08:45:00+00:00,399.8500061035156,400.0,399.45001220703125,399.79998779296875,507608
2025-10-09 09:00:00+00:00,399.8999938964844,400.0,399.6499938964844,399.8500061035156,519703
2025-10-09 09:15:00+00:00,400.0,400.0,399.70001220703125,399.95001220703125,445735
2025-10-09 09:30:00+00:00,400.0,400.0,399.79998779296875,400.0,1513606
2025-10-09 09:45:00+00:00,399.3500061035156,400.0,399.3500061035156,399.8500061035156,1287274
2025-10-10 03:45:00+00:00,401.6499938964844,402.6000061035156,399.6000061035156,400.45001220703125,1341859
2025-10-10 04:00:00+00:00,402.1499938964844,403.1499938964844,401.70001220703125,401.70001220703125,1060000
2025-10-10 04:15:00+00:00,402.8500061035156,403.1000061035156,402.0,402.20001220703125,362376
2025-10-10 04:30:00+00:00,402.29998779296875,403.0,401.8500061035156,402.8999938964844,736012
2025-10-10 04:45:00+00:00,402.0,402.75,401.75,402.3500061035156,312596
2025-10-10 05:00:00+00:00,401.45001220703125,402.1499938964844,401.25,402.1499938964844,412967
2025-10-10 05:15:00+00:00,401.8999938964844,402.0,401.5,401.5,194667
2025-10-10 05:30:00+00:00,402.25,402.25,401.70001220703125,401.95001220703125,616688
2025-10-10 05:45:00+00:00,402.1000061035156,402.6000061035156,402.0,402.25,518076
2025-10-10 06:00:00+00:00,403.0,403.54998779296875,402.1000061035156,402.25,681829
2025-10-10 06:15:00+00:00,403.45001220703125,403.79998779296875,402.8999938964844,402.8999938964844,384045
2025-10-10 06:30:00+00:00,403.20001220703125,403.75,402.8999938964844,403.75,201587
2025-10-10 06:45:00+00:00,402.70001220703125,403.29998779296875,402.54998779296875,403.20001220703125,1008075
2025-10-10 07:00:00+00:00,402.6000061035156,402.8500061035156,402.20001220703125,402.70001220703125,445461
2025-10-10 07:15:00+00:00,402.5,403.0,401.95001220703125,402.70001220703125,563521
2025-10-10 07:30:00+00:00,402.0,402.79998779296875,401.8999938964844,402.54998779296875,411030
2025-10-10 07:45:00+00:00,402.45001220703125,402.45001220703125,401.8500061035156,401.95001220703125,732033
2025-10-10 08:00:00+00:00,402.0,402.95001220703125,401.8999938964844,402.3500061035156,529843
2025-10-10 08:15:00+00:00,402.1499938964844,402.6000061035156,401.8500061035156,401.95001220703125,330982
2025-10-10 08:30:00+00:00,401.8999938964844,402.20001220703125,401.79998779296875,402.1499938964844,166151
2025-10-10 08:45:00+00:00,402.29998779296875,402.29998779296875,401.79998779296875,402.0,434985
2025-10-10 09:00:00+00:00,401.95001220703125,402.29998779296875,401.8500061035156,402.29998779296875,338061
2025-10-10 09:15:00+00:00,402.70001220703125,402.75,401.75,402.0,809582
2025-10-10 09:30:00+00:00,402.54998779296875,403.1499938964844,402.54998779296875,402.75,886208
2025-10-10 09:45:00+00:00,402.3999938964844,403.0,402.3999938964844,402.6499938964844,1066228
2025-10-13 03:45:00+00:00,400.45001220703125,400.70001220703125,399.6499938964844,400.0,474853
2025-10-13 04:00:00+00:00,400.54998779296875,400.70001220703125,400.0,400.45001220703125,209715
2025-10-13 04:15:00+00:00,400.54998779296875,400.8500061035156,400.25,400.45001220703125,193929
2025-10-13 04:30:00+00:00,400.25,400.6000061035156,400.04998779296875,400.54998779296875,208294
2025-10-13 04:45:00+00:00,400.1000061035156,400.25,399.70001220703125,400.20001220703125,339283
2025-10-13 05:00:00+00:00,400.0,400.45001220703125,399.79998779296875,400.1000061035156,494570
2025-10-13 05:15:00+00:00,400.0,400.0,399.6499938964844,400.0,135257
2025-10-13 05:30:00+00:00,399.8500061035156,400.0,399.6000061035156,400.0,195207
2025-10-13 05:45:00+00:00,399.0,399.79998779296875,398.95001220703125,399.79998779296875,420646
2025-10-13 06:00:00+00:00,399.0,399.0,398.8500061035156,399.0,299727
2025-10-13 06:15:00+00:00,398.95001220703125,399.04998779296875,398.8500061035156,398.95001220703125,191665
2025-10-13 06:30:00+00:00,399.1499938964844,399.45001220703125,398.95001220703125,399.0,216027
2025-10-13 06:45:00+00:00,399.0,399.25,398.70001220703125,399.1000061035156,189438
2025-10-13 07:00:00+00:00,399.1000061035156,399.20001220703125,398.79998779296875,399.0,234910
2025-10-13 07:15:00+00:00,399.54998779296875,399.54998779296875,398.6000061035156,399.04998779296875,285772
2025-10-13 07:30:00+00:00,399.70001220703125,399.70001220703125,398.70001220703125,399.5,376364
2025-10-13 07:45:00+00:00,399.6499938964844,399.8999938964844,399.1499938964844,399.6499938964844,282322
2025-10-13 08:00:00+00:00,399.70001220703125,399.8500061035156,399.3999938964844,399.6499938964844,222235
2025-10-13 08:15:00+00:00,399.3999938964844,399.8999938964844,399.20001220703125,399.6499938964844,358250
2025-10-13 08:30:00+00:00,399.6499938964844,399.95001220703125,399.3999938964844,399.3999938964844,250264
2025-10-13 08:45:00+00:00,399.75,400.0,399.45001220703125,399.79998779296875,468703
2025-10-13 09:00:00+00:00,399.6499938964844,399.8999938964844,399.54998779296875,399.75,250914
2025-10-13 09:15:00+00:00,399.6499938964844,399.79998779296875,399.5,399.79998779296875,321583
2025-10-13 09:30:00+00:00,399.04998779296875,399.70001220703125,398.8500061035156,399.6499938964844,560734
2025-10-13 09:45:00+00:00,399.25,399.5,398.95001220703125,399.0,794833
2025-10-14 03:45:00+00:00,399.79998779296875,400.45001220703125,399.25,400.45001220703125,259511
2025-10-14 04:00:00+00:00,399.5,400.0,399.1499938964844,399.8500061035156,299804
2025-10-14 04:15:00+00:00,398.70001220703125,399.70001220703125,398.45001220703125,399.45001220703125,365751
2025-10-14 04:30:00+00:00,398.0,399.0,397.6499938964844,398.70001220703125,517536
2025-10-14 04:45:00+00:00,397.8999938964844,398.0,397.5,397.8999938964844,218693
2025-10-14 05:00:00+00:00,397.8500061035156,398.1000061035156,397.5,398.0,200287
2025-10-14 05:15:00+00:00,397.75,398.0,397.45001220703125,398.0,156788
2025-10-14 05:30:00+00:00,397.8500061035156,397.8500061035156,397.3999938964844,397.6000061035156,195807
2025-10-14 05:45:00+00:00,397.6499938964844,397.79998779296875,397.45001220703125,397.79998779296875,259247
2025-10-14 06:00:00+00:00,397.95001220703125,398.0,397.3500061035156,397.5,224344
2025-10-14 06:15:00+00:00,398.1000061035156,398.3999938964844,397.54998779296875,397.95001220703125,216451
2025-10-14 06:30:00+00:00,398.3500061035156,398.8500061035156,398.0,398.20001220703125,530245
2025-10-14 06:45:00+00:00,398.04998779296875,398.54998779296875,397.79998779296875,398.3500061035156,184470
2025-10-14 07:00:00+00:00,398.1000061035156,398.70001220703125,397.8500061035156,398.04998779296875,435021
2025-10-14 07:15:00+00:00,398.0,398.3500061035156,397.8999938964844,398.04998779296875,289736
2025-10-14 07:30:00+00:00,397.45001220703125,398.25,397.25,398.04998779296875,401119
2025-10-14 07:45:00+00:00,397.45001220703125,397.8999938964844,397.20001220703125,397.6000061035156,306251
2025-10-14 08:00:00+00:00,397.45001220703125,397.95001220703125,397.25,397.3999938964844,381041
2025-10-14 08:15:00+00:00,397.29998779296875,397.79998779296875,397.0,397.5,422629
2025-10-14 08:30:00+00:00,397.0,397.5,396.54998779296875,397.3999938964844,526278
2025-10-14 08:45:00+00:00,397.25,397.5,396.3500061035156,397.0,539434
2025-10-14 09:00:00+00:00,397.75,398.45001220703125,397.25,397.29998779296875,526952
2025-10-14 09:15:00+00:00,397.75,398.1000061035156,397.0,397.79998779296875,558300
2025-10-14 09:30:00+00:00,396.75,397.8500061035156,396.6000061035156,397.75,858928
2025-10-14 09:45:00+00:00,396.70001220703125,397.0,396.25,396.79998779296875,1100280
2025-10-15 03:45:00+00:00,399.79998779296875,400.0,397.79998779296875,397.79998779296875,413365
2025-10-15 04:00:00+00:00,399.0,400.0,399.0,399.79998779296875,476441
2025-10-15 04:15:00+00:00,399.25,399.6499938964844,399.1000061035156,399.1499938964844,152606
2025-10-15 04:30:00+00:00,399.6000061035156,399.75,398.75,399.25,162031
2025-10-15 04:45:00+00:00,399.70001220703125,400.0,399.5,399.75,323504
2025-10-15 05:00:00+00:00,400.1499938964844,400.79998779296875,399.8999938964844,399.8999938964844,1549172
2025-10-15 05:15:00+00:00,400.45001220703125,400.6000061035156,399.70001220703125,400.1499938964844,1568542
2025-10-15 05:30:00+00:00,399.75,400.8500061035156,399.70001220703125,400.45001220703125,486933
2025-10-15 05:45:00+00:00,399.95001220703125,399.95001220703125,399.1499938964844,399.70001220703125,452836
2025-10-15 06:00:00+00:00,399.3500061035156,399.8999938964844,399.1499938964844,399.8500061035156,211233
2025-10-15 06:15:00+00:00,399.6000061035156,399.6000061035156,399.25,399.29998779296875,268187
2025-10-15 06:30:00+00:00,398.8999938964844,399.75,398.8999938964844,399.70001220703125,411721
2025-10-15 06:45:00+00:00,399.6499938964844,399.75,398.8500061035156,399.04998779296875,443504
2025-10-15 07:00:00+00:00,400.0,400.0,399.54998779296875,399.75,489852
2025-10-15 07:15:00+00:00,399.8999938964844,400.0,399.3999938964844,399.8999938964844,1243860
2025-10-15 07:30:00+00:00,399.70001220703125,400.0,399.70001220703125,400.0,239221
2025-10-15 07:45:00+00:00,399.8999938964844,400.0,399.6000061035156,399.8500061035156,735847
2025-10-15 08:00:00+00:00,399.6000061035156,399.95001220703125,399.6000061035156,399.8999938964844,281026
2025-10-15 08:15:00+00:00,399.45001220703125,399.8500061035156,399.25,399.8500061035156,373444
2025-10-15 08:30:00+00:00,399.5,399.75,399.20001220703125,399.29998779296875,504145
2025-10-15 08:45:00+00:00,399.45001220703125,399.70001220703125,399.20001220703125,399.5,456427
2025-10-15 09:00:00+00:00,399.6000061035156,399.8500061035156,399.29998779296875,399.45001220703125,787251
2025-10-15 09:15:00+00:00,399.5,399.79998779296875,399.3500061035156,399.54998779296875,698591
2025-10-15 09:30:00+00:00,399.79998779296875,400.0,399.54998779296875,399.54998779296875,1295314
2025-10-15 09:45:00+00:00,400.29998779296875,400.5,399.6499938964844,399.8999938964844,1766373
2025-10-16 03:45:00+00:00,401.29998779296875,401.5,399.6000061035156,399.8999938964844,836131
2025-10-16 04:00:00+00:00,400.8500061035156,401.79998779296875,400.3999938964844,401.29998779296875,1010975
2025-10-16 04:15:00+00:00,402.29998779296875,402.6000061035156,400.6000061035156,401.0,2638412
2025-10-16 04:30:00+00:00,401.20001220703125,402.6000061035156,401.1000061035156,402.25,775178
2025-10-16 04:45:00+00:00,401.95001220703125,402.0,400.70001220703125,401.20001220703125,858573
2025-10-16 05:00:00+00:00,401.8500061035156,402.0,401.6499938964844,402.0,188161
2025-10-16 05:15:00+00:00,402.0,402.25,401.45001220703125,401.95001220703125,509376
2025-10-16 05:30:00+00:00,401.8500061035156,402.1000061035156,401.70001220703125,401.95001220703125,271438
2025-10-16 05:45:00+00:00,403.04998779296875,403.79998779296875,401.79998779296875,401.79998779296875,977088
2025-10-16 06:00:00+00:00,402.25,403.1000061035156,402.20001220703125,403.1000061035156,217820
2025-10-16 06:15:00+00:00,403.25,404.5,402.1499938964844,402.25,983245
2025-10-16 06:30:00+00:00,403.75,403.75,402.70001220703125,403.25,645487
2025-10-16 06:45:00+00:00,404.0,404.6499938964844,403.1499938964844,403.70001220703125,628949
2025-10-16 07:00:00+00:00,403.3500061035156,404.25,403.29998779296875,404.0,472084
2025-10-16 07:15:00+00:00,403.6000061035156,404.0,403.25,403.3500061035156,511097
2025-10-16 07:30:00+00:00,403.79998779296875,404.04998779296875,403.45001220703125,403.6000061035156,710079
2025-10-16 07:45:00+00:00,403.3999938964844,404.20001220703125,403.1499938964844,403.79998779296875,772007
2025-10-16 08:00:00+00:00,403.6499938964844,403.8500061035156,402.79998779296875,403.5,1654204
2025-10-16 08:15:00+00:00,404.54998779296875,404.6499938964844,403.29998779296875,403.6499938964844,854961
2025-10-16 08:30:00+00:00,404.1499938964844,404.6000061035156,404.1000061035156,404.54998779296875,1009491
2025-10-16 08:45:00+00:00,404.3500061035156,404.8999938964844,404.0,404.20001220703125,1084809
2025-10-16 09:00:00+00:00,404.8999938964844,404.95001220703125,404.3500061035156,404.3500061035156,649903
2025-10-16 09:15:00+00:00,405.20001220703125,405.54998779296875,404.75,404.8999938964844,1305604
2025-10-16 09:30:00+00:00,404.8500061035156,405.3999938964844,404.70001220703125,405.20001220703125,1052516
2025-10-16 09:45:00+00:00,405.6000061035156,405.6499938964844,404.75,404.8999938964844,1599419
2025-10-17 03:45:00+00:00,408.1499938964844,408.3500061035156,405.3500061035156,405.75,873204
2025-10-17 04:00:00+00:00,408.29998779296875,408.54998779296875,407.29998779296875,408.1499938964844,384628
2025-10-17 04:15:00+00:00,407.70001220703125,408.70001220703125,407.3500061035156,408.29998779296875,227451
2025-10-17 04:30:00+00:00,408.8999938964844,409.1499938964844,407.79998779296875,407.79998779296875,343828
2025-10-17 04:45:00+00:00,410.0,410.3500061035156,408.75,408.95001220703125,1146725
2025-10-17 05:00:00+00:00,410.20001220703125,410.20001220703125,409.6000061035156,410.1000061035156,452888
2025-10-17 05:15:00+00:00,410.20001220703125,410.29998779296875,409.8999938964844,410.1499938964844,280552
2025-10-17 05:30:00+00:00,411.0,411.20001220703125,409.95001220703125,410.1499938964844,2779719
2025-10-17 05:45:00+00:00,412.20001220703125,412.20001220703125,410.6000061035156,411.1000061035156,1465332
2025-10-17 06:00:00+00:00,411.5,412.3999938964844,411.20001220703125,412.1000061035156,1355624
2025-10-17 06:15:00+00:00,412.45001220703125,412.5,411.0,411.5,825719
2025-10-17 06:30:00+00:00,413.04998779296875,413.20001220703125,412.25,412.29998779296875,789440
2025-10-17 06:45:00+00:00,413.3999938964844,413.8500061035156,412.6000061035156,413.04998779296875,793864
2025-10-17 07:00:00+00:00,413.0,413.6000061035156,412.8500061035156,413.3999938964844,624572
2025-10-17 07:15:00+00:00,412.20001220703125,413.75,411.79998779296875,413.04998779296875,671026
2025-10-17 07:30:00+00:00,412.3500061035156,412.79998779296875,412.0,412.25,375282
2025-10-17 07:45:00+00:00,412.6499938964844,412.79998779296875,411.79998779296875,412.5,652437
2025-10-17 08:00:00+00:00,413.1499938964844,413.45001220703125,412.0,412.79998779296875,629893
2025-10-17 08:15:00+00:00,413.29998779296875,413.45001220703125,412.54998779296875,413.1499938964844,437364
2025-10-17 08:30:00+00:00,413.0,413.45001220703125,412.8500061035156,413.3500061035156,606282
2025-10-17 08:45:00+00:00,413.1000061035156,413.54998779296875,412.6499938964844,413.1499938964844,632430
2025-10-17 09:00:00+00:00,413.20001220703125,413.5,412.6000061035156,413.20001220703125,719346
2025-10-17 09:15:00+00:00,412.8500061035156,413.5,412.29998779296875,413.1000061035156,999939
2025-10-17 09:30:00+00:00,412.29998779296875,412.95001220703125,412.29998779296875,412.79998779296875,759027
2025-10-17 09:45:00+00:00,411.70001220703125,412.45001220703125,411.1000061035156,412.29998779296875,1817494
2025-10-20 03:45:00+00:00,413.8500061035156,414.70001220703125,412.54998779296875,412.54998779296875,357038
2025-10-20 04:00:00+00:00,414.3500061035156,414.45001220703125,413.54998779296875,414.0,417617
2025-10-20 04:15:00+00:00,413.6499938964844,414.6000061035156,413.20001220703125,414.29998779296875,451353
2025-10-20 04:30:00+00:00,414.0,414.25,413.29998779296875,413.6000061035156,308598
2025-10-20 04:45:00+00:00,413.45001220703125,414.25,413.3500061035156,414.0,267853
2025-10-20 05:00:00+00:00,413.8999938964844,414.0,413.29998779296875,413.3999938964844,195308
2025-10-20 05:15:00+00:00,413.45001220703125,414.3999938964844,412.79998779296875,413.8999938964844,1172398
2025-10-20 05:30:00+00:00,413.1499938964844,414.1000061035156,412.95001220703125,413.29998779296875,892660
2025-10-20 05:45:00+00:00,412.5,413.3999938964844,412.04998779296875,413.25,876466
2025-10-20 06:00:00+00:00,411.8500061035156,412.79998779296875,411.54998779296875,412.6000061035156,324923
2025-10-20 06:15:00+00:00,412.5,413.0,411.70001220703125,411.79998779296875,245796
2025-10-20 06:30:00+00:00,411.8999938964844,412.8500061035156,411.8500061035156,412.45001220703125,531090
2025-10-20 06:45:00+00:00,412.5,412.5,411.29998779296875,412.0,385170
2025-10-20 07:00:00+00:00,412.3500061035156,413.0,412.25,412.45001220703125,366592
2025-10-20 07:15:00+00:00,413.25,413.45001220703125,412.45001220703125,412.45001220703125,201841
2025-10-20 07:30:00+00:00,413.20001220703125,413.70001220703125,413.04998779296875,413.29998779296875,300064
2025-10-20 07:45:00+00:00,413.45001220703125,413.45001220703125,412.54998779296875,413.1499938964844,234907
2025-10-20 08:00:00+00:00,412.75,413.6000061035156,412.6000061035156,413.45001220703125,493285
2025-10-20 08:15:00+00:00,412.8500061035156,413.1000061035156,412.29998779296875,412.70001220703125,420177
2025-10-20 08:30:00+00:00,412.6499938964844,413.1000061035156,412.3500061035156,412.8500061035156,491472
2025-10-20 08:45:00+00:00,412.29998779296875,412.95001220703125,412.1499938964844,412.6000061035156,823944
2025-10-20 09:00:00+00:00,412.5,412.8999938964844,412.04998779296875,412.29998779296875,737821
2025-10-20 09:15:00+00:00,413.04998779296875,413.20001220703125,412.1499938964844,412.5,727731
2025-10-20 09:30:00+00:00,413.1000061035156,413.20001220703125,412.70001220703125,412.95001220703125,689096
2025-10-20 09:45:00+00:00,413.04998779296875,413.54998779296875,412.6000061035156,412.95001220703125,797613
2025-10-21 08:00:00+00:00,413.5,413.5,413.5,413.5,0
2025-10-21 08:15:00+00:00,412.8999938964844,413.5,412.5,413.3999938964844,429789
2025-10-21 08:30:00+00:00,412.95001220703125,413.25,412.6000061035156,413.0,233275
2025-10-21 08:45:00+00:00,412.8999938964844,413.20001220703125,412.5,413.0,210933
2025-10-21 09:00:00+00:00,412.79998779296875,413.1000061035156,412.3999938964844,412.79998779296875,236098
2025-10-21 09:15:00+00:00,412.8500061035156,412.8500061035156,412.5,412.5,1078
2025-10-23 03:45:00+00:00,416.25,416.29998779296875,413.70001220703125,414.8999938964844,639138
2025-10-23 04:00:00+00:00,418.45001220703125,419.25,416.25,416.29998779296875,1877712
2025-10-23 04:15:00+00:00,417.75,418.79998779296875,417.6000061035156,418.45001220703125,749332
2025-10-23 04:30:00+00:00,419.0,419.3999938964844,417.8500061035156,417.8999938964844,843918
2025-10-23 04:45:00+00:00,419.04998779296875,419.25,418.6000061035156,419.0,1111706
2025-10-23 05:00:00+00:00,419.20001220703125,420.3999938964844,418.70001220703125,419.04998779296875,2263412
2025-10-23 05:15:00+00:00,418.75,419.5,418.3999938964844,419.25,906710
2025-10-23 05:30:00+00:00,418.70001220703125,419.3999938964844,418.25,418.79998779296875,1390952
2025-10-23 05:45:00+00:00,419.0,419.5,418.5,418.79998779296875,551549
2025-10-23 06:00:00+00:00,418.3999938964844,419.0,418.3999938964844,419.0,469651
2025-10-23 06:15:00+00:00,418.8999938964844,419.0,418.3999938964844,418.45001220703125,376107
2025-10-23 06:30:00+00:00,418.0,419.29998779296875,417.8999938964844,419.0,729456
2025-10-23 06:45:00+00:00,418.6499938964844,418.75,417.75,418.0,415403
2025-10-23 07:00:00+00:00,417.5,418.70001220703125,417.25,418.70001220703125,651679
2025-10-23 07:15:00+00:00,416.8999938964844,417.95001220703125,416.8999938964844,417.5,635883
2025-10-23 07:30:00+00:00,417.20001220703125,417.3999938964844,416.3500061035156,416.8500061035156,787591
2025-10-23 07:45:00+00:00,416.6499938964844,417.54998779296875,416.5,417.1499938964844,508044
2025-10-23 08:00:00+00:00,415.95001220703125,416.75,415.6499938964844,416.70001220703125,636018
2025-10-23 08:15:00+00:00,415.20001220703125,416.0,415.0,415.8999938964844,571221
2025-10-23 08:30:00+00:00,415.0,415.3500061035156,414.54998779296875,415.20001220703125,457863
2025-10-23 08:45:00+00:00,415.45001220703125,415.70001220703125,414.75,415.0,851933
2025-10-23 09:00:00+00:00,416.0,416.20001220703125,414.8500061035156,415.3999938964844,852315
2025-10-23 09:15:00+00:00,415.70001220703125,416.3999938964844,414.8999938964844,416.04998779296875,893761
2025-10-23 09:30:00+00:00,415.3999938964844,416.1499938964844,415.3500061035156,415.70001220703125,2141957
2025-10-23 09:45:00+00:00,415.95001220703125,416.70001220703125,415.3500061035156,415.5,2058366
2025-10-24 03:45:00+00:00,414.5,415.95001220703125,413.6000061035156,415.95001220703125,614093
2025-10-24 04:00:00+00:00,414.8999938964844,415.3500061035156,414.25,414.6000061035156,268670
2025-10-24 04:15:00+00:00,414.6499938964844,414.8999938964844,414.1499938964844,414.8500061035156,212952
2025-10-24 04:30:00+00:00,414.6000061035156,414.8500061035156,414.45001220703125,414.6499938964844,348651
2025-10-24 04:45:00+00:00,414.20001220703125,414.6499938964844,413.79998779296875,414.6000061035156,656093
2025-10-24 05:00:00+00:00,414.79998779296875,415.0,414.0,414.1499938964844,635738
2025-10-24 05:15:00+00:00,414.8500061035156,414.95001220703125,414.5,414.75,467498
2025-10-24 05:30:00+00:00,414.8500061035156,415.1499938964844,414.29998779296875,414.8500061035156,539535
2025-10-24 05:45:00+00:00,414.3999938964844,414.8999938964844,414.3500061035156,414.8500061035156,493709
2025-10-24 06:00:00+00:00,414.95001220703125,415.20001220703125,414.1000061035156,414.5,1586802
2025-10-24 06:15:00+00:00,415.20001220703125,415.70001220703125,414.8500061035156,415.0,282710
2025-10-24 06:30:00+00:00,416.0,416.0,414.8999938964844,415.20001220703125,444122
2025-10-24 06:45:00+00:00,416.45001220703125,416.70001220703125,415.6000061035156,416.04998779296875,227072
2025-10-24 07:00:00+00:00,415.79998779296875,416.6000061035156,415.54998779296875,416.3999938964844,314192
2025-10-24 07:15:00+00:00,415.29998779296875,415.79998779296875,415.04998779296875,415.79998779296875,185091
2025-10-24 07:30:00+00:00,416.0,416.20001220703125,414.8500061035156,415.29998779296875,918792
2025-10-24 07:45:00+00:00,416.0,416.29998779296875,415.8500061035156,416.0,372853
2025-10-24 08:00:00+00:00,416.45001220703125,416.5,415.95001220703125,416.0,647818
2025-10-24 08:15:00+00:00,416.5,416.6000061035156,415.95001220703125,416.29998779296875,784970
2025-10-24 08:30:00+00:00,416.45001220703125,417.0,415.95001220703125,416.70001220703125,593511
2025-10-24 08:45:00+00:00,416.29998779296875,416.75,416.25,416.45001220703125,271405
2025-10-24 09:00:00+00:00,415.8999938964844,416.6499938964844,415.75,416.25,1048820
2025-10-24 09:15:00+00:00,415.8500061035156,416.0,415.6000061035156,415.79998779296875,677714
2025-10-24 09:30:00+00:00,416.8500061035156,417.3500061035156,415.8500061035156,415.95001220703125,1024198
2025-10-24 09:45:00+00:00,417.5,417.95001220703125,416.75,416.8500061035156,874081
2025-10-27 03:45:00+00:00,417.79998779296875,419.0,416.6000061035156,417.54998779296875,340661
2025-10-27 04:00:00+00:00,418.6000061035156,419.20001220703125,417.6000061035156,417.79998779296875,468164
2025-10-27 04:15:00+00:00,418.70001220703125,418.79998779296875,418.29998779296875,418.5,245247
2025-10-27 04:30:00+00:00,418.8500061035156,419.5,418.20001220703125,418.70001220703125,347153
2025-10-27 04:45:00+00:00,419.1499938964844,419.75,418.6499938964844,419.0,580237
2025-10-27 05:00:00+00:00,418.8999938964844,419.29998779296875,418.6000061035156,419.29998779296875,131513
2025-10-27 05:15:00+00:00,419.8999938964844,420.29998779296875,418.75,419.0,430741
2025-10-27 05:30:00+00:00,420.04998779296875,420.20001220703125,419.0,420.0,410735
2025-10-27 05:45:00+00:00,420.29998779296875,420.54998779296875,419.8500061035156,420.0,393661
2025-10-27 06:00:00+00:00,420.0,420.5,419.95001220703125,420.3500061035156,249327
2025-10-27 06:15:00+00:00,421.3999938964844,421.3999938964844,419.70001220703125,420.0,562592
2025-10-27 06:30:00+00:00,422.29998779296875,422.29998779296875,421.3999938964844,421.70001220703125,511207
2025-10-27 06:45:00+00:00,422.04998779296875,422.70001220703125,421.8500061035156,422.3500061035156,338921
2025-10-27 07:00:00+00:00,421.95001220703125,422.3500061035156,421.8500061035156,421.95001220703125,1137355
2025-10-27 07:15:00+00:00,421.5,422.1000061035156,421.25,421.95001220703125,447024
2025-10-27 07:30:00+00:00,421.6499938964844,421.75,421.1499938964844,421.45001220703125,262349
2025-10-27 07:45:00+00:00,421.6000061035156,421.75,421.04998779296875,421.6000061035156,290781
2025-10-27 08:00:00+00:00,421.6499938964844,422.0,421.3500061035156,421.6000061035156,301500
2025-10-27 08:15:00+00:00,421.75,422.20001220703125,421.45001220703125,421.75,300573
2025-10-27 08:30:00+00:00,421.25,422.0,421.20001220703125,421.6499938964844,305490
2025-10-27 08:45:00+00:00,421.70001220703125,422.1000061035156,421.20001220703125,421.25,419164
2025-10-27 09:00:00+00:00,420.54998779296875,422.0,420.45001220703125,421.79998779296875,425969
2025-10-27 09:15:00+00:00,419.8999938964844,420.75,419.6000061035156,420.6000061035156,744930
2025-10-27 09:30:00+00:00,420.0,420.20001220703125,419.79998779296875,419.8999938964844,647950
2025-10-27 09:45:00+00:00,421.0,421.5,420.04998779296875,420.1499938964844,1045905
2025-10-28 03:45:00+00:00,420.25,421.6499938964844,420.04998779296875,421.25,435848
2025-10-28 04:00:00+00:00,420.54998779296875,421.29998779296875,419.79998779296875,420.29998779296875,695555
2025-10-28 04:15:00+00:00,420.20001220703125,421.20001220703125,419.79998779296875,420.6499938964844,286198
2025-10-28 04:30:00+00:00,419.6499938964844,420.29998779296875,419.1000061035156,420.1000061035156,297029
2025-10-28 04:45:00+00:00,419.1499938964844,419.6499938964844,419.04998779296875,419.6499938964844,242911
2025-10-28 05:00:00+00:00,418.3999938964844,419.1499938964844,418.20001220703125,419.1499938964844,239770
2025-10-28 05:15:00+00:00,417.8999938964844,418.6000061035156,417.8500061035156,418.3999938964844,205311
2025-10-28 05:30:00+00:00,417.54998779296875,418.0,417.54998779296875,417.8999938964844,200933
2025-10-28 05:45:00+00:00,417.3500061035156,418.0,417.3500061035156,417.54998779296875,307932
2025-10-28 06:00:00+00:00,417.0,417.6000061035156,416.8500061035156,417.3500061035156,459045
2025-10-28 06:15:00+00:00,417.20001220703125,417.8500061035156,416.70001220703125,417.04998779296875,1223547
2025-10-28 06:30:00+00:00,417.20001220703125,417.3999938964844,416.25,417.29998779296875,482250
2025-10-28 06:45:00+00:00,417.1000061035156,417.6499938964844,416.79998779296875,417.20001220703125,1171456
2025-10-28 07:00:00+00:00,418.3500061035156,418.45001220703125,416.95001220703125,417.1000061035156,652650
2025-10-28 07:15:00+00:00,418.45001220703125,418.95001220703125,417.54998779296875,418.3500061035156,778837
2025-10-28 07:30:00+00:00,418.0,418.8999938964844,417.8500061035156,418.45001220703125,297355
2025-10-28 07:45:00+00:00,418.70001220703125,418.95001220703125,417.6499938964844,418.0,305321
2025-10-28 08:00:00+00:00,417.3500061035156,419.0,417.3500061035156,418.70001220703125,238373
2025-10-28 08:15:00+00:00,416.8500061035156,417.95001220703125,416.70001220703125,417.3999938964844,288031
2025-10-28 08:30:00+00:00,417.1000061035156,417.3999938964844,416.5,416.95001220703125,487909
2025-10-28 08:45:00+00:00,416.54998779296875,417.20001220703125,416.0,417.1000061035156,707021
2025-10-28 09:00:00+00:00,416.29998779296875,416.70001220703125,416.1000061035156,416.3999938964844,616366
2025-10-28 09:15:00+00:00,416.20001220703125,416.70001220703125,415.8999938964844,416.3500061035156,895258
2025-10-28 09:30:00+00:00,417.79998779296875,418.45001220703125,416.29998779296875,416.29998779296875,2714352
2025-10-28 09:45:00+00:00,417.95001220703125,418.75,417.0,417.8500061035156,2274451
2025-10-29 03:45:00+00:00,417.6499938964844,418.6499938964844,417.0,418.25,121916
2025-10-29 04:00:00+00:00,416.5,418.0,416.3500061035156,417.79998779296875,114212
2025-10-29 04:15:00+00:00,417.04998779296875,417.29998779296875,416.04998779296875,416.54998779296875,103677
2025-10-29 04:30:00+00:00,418.45001220703125,418.6499938964844,417.1499938964844,417.1499938964844,295741
2025-10-29 04:45:00+00:00,419.1499938964844,419.1499938964844,418.20001220703125,418.5,215309
2025-10-29 05:00:00+00:00,419.3500061035156,419.3999938964844,418.6499938964844,419.0,137670
2025-10-29 05:15:00+00:00,419.6000061035156,419.75,418.79998779296875,419.3999938964844,462125
2025-10-29 05:30:00+00:00,418.79998779296875,419.75,418.79998779296875,419.75,366978
2025-10-29 05:45:00+00:00,418.3999938964844,418.75,417.8999938964844,418.75,320968
2025-10-29 06:00:00+00:00,417.79998779296875,418.6000061035156,417.70001220703125,418.29998779296875,320766
2025-10-29 06:15:00+00:00,418.04998779296875,418.04998779296875,417.5,417.79998779296875,194840
2025-10-29 06:30:00+00:00,418.1499938964844,418.54998779296875,417.79998779296875,418.1000061035156,767539
2025-10-29 06:45:00+00:00,418.20001220703125,418.6000061035156,417.8500061035156,418.25,587508
2025-10-29 07:00:00+00:00,418.0,418.3500061035156,417.54998779296875,418.25,433768
2025-10-29 07:15:00+00:00,418.8999938964844,419.0,417.8999938964844,418.0,364860
2025-10-29 07:30:00+00:00,419.20001220703125,419.54998779296875,418.3500061035156,418.95001220703125,515864
2025-10-29 07:45:00+00:00,419.20001220703125,419.45001220703125,418.75,419.20001220703125,327026
2025-10-29 08:00:00+00:00,419.1000061035156,419.3999938964844,418.79998779296875,419.1000061035156,317366
2025-10-29 08:15:00+00:00,419.6499938964844,419.70001220703125,418.79998779296875,419.1000061035156,323451
2025-10-29 08:30:00+00:00,419.45001220703125,419.70001220703125,419.0,419.6000061035156,397831
2025-10-29 08:45:00+00:00,420.20001220703125,420.95001220703125,419.45001220703125,419.45001220703125,949151
2025-10-29 09:00:00+00:00,420.1499938964844,420.3500061035156,419.79998779296875,420.20001220703125,481882
2025-10-29 09:15:00+00:00,420.95001220703125,421.0,419.5,420.1000061035156,927653
2025-10-29 09:30:00+00:00,421.6499938964844,421.8999938964844,420.8500061035156,421.0,1048853
2025-10-29 09:45:00+00:00,421.8500061035156,422.20001220703125,421.29998779296875,421.6499938964844,1264531
2025-10-30 03:45:00+00:00,418.8500061035156,421.25,416.20001220703125,421.25,460976
2025-10-30 04:00:00+00:00,417.5,418.70001220703125,416.95001220703125,418.6499938964844,348506
2025-10-30 04:15:00+00:00,418.8999938964844,419.1000061035156,417.1499938964844,417.45001220703125,288615
2025-10-30 04:30:00+00:00,421.04998779296875,421.20001220703125,418.8999938964844,419.0,751712
2025-10-30 04:45:00+00:00,420.6499938964844,421.3999938964844,420.54998779296875,421.04998779296875,830125
2025-10-30 05:00:00+00:00,421.0,421.54998779296875,420.20001220703125,420.6499938964844,324361
2025-10-30 05:15:00+00:00,420.0,421.29998779296875,419.8999938964844,421.0,549404
2025-10-30 05:30:00+00:00,420.54998779296875,420.75,419.6499938964844,420.0,895741
2025-10-30 05:45:00+00:00,420.3500061035156,420.6000061035156,420.0,420.54998779296875,1084920
2025-10-30 06:00:00+00:00,419.3999938964844,420.3999938964844,419.3999938964844,420.25,542202
2025-10-30 06:15:00+00:00,419.0,419.70001220703125,418.8500061035156,419.3999938964844,221800
2025-10-30 06:30:00+00:00,419.0,419.54998779296875,418.79998779296875,419.20001220703125,275924
2025-10-30 06:45:00+00:00,419.79998779296875,419.95001220703125,418.54998779296875,418.8999938964844,346763
2025-10-30 07:00:00+00:00,419.20001220703125,419.79998779296875,418.95001220703125,419.70001220703125,131634
2025-10-30 07:15:00+00:00,419.0,419.20001220703125,418.75,419.20001220703125,116732
2025-10-30 07:30:00+00:00,419.0,419.20001220703125,418.79998779296875,419.1000061035156,222453
2025-10-30 07:45:00+00:00,418.54998779296875,419.3500061035156,418.3500061035156,419.0,326746
2025-10-30 08:00:00+00:00,418.45001220703125,418.8999938964844,418.0,418.54998779296875,205896
2025-10-30 08:15:00+00:00,418.5,419.1000061035156,418.25,418.5,322194
2025-10-30 08:30:00+00:00,418.70001220703125,418.8999938964844,418.29998779296875,418.5,199618
2025-10-30 08:45:00+00:00,418.5,419.1000061035156,418.3999938964844,418.70001220703125,436875
2025-10-30 09:00:00+00:00,419.5,419.5,418.3500061035156,418.5,501368
2025-10-30 09:15:00+00:00,418.45001220703125,419.70001220703125,418.0,419.5,663165
2025-10-30 09:30:00+00:00,418.45001220703125,418.8999938964844,417.8500061035156,418.29998779296875,1149986
2025-10-30 09:45:00+00:00,419.3500061035156,419.54998779296875,418.45001220703125,418.54998779296875,1400543
2025-10-31 03:45:00+00:00,420.79998779296875,423.95001220703125,418.6000061035156,419.45001220703125,622286
2025-10-31 04:00:00+00:00,424.25,425.1499938964844,421.0,421.5,2149364
2025-10-31 04:15:00+00:00,425.79998779296875,425.8999938964844,423.75,424.29998779296875,1296819
2025-10-31 04:30:00+00:00,425.1499938964844,425.8500061035156,424.3500061035156,425.8500061035156,775840
2025-10-31 04:45:00+00:00,424.75,425.8500061035156,424.3999938964844,425.04998779296875,421119
2025-10-31 05:00:00+00:00,425.29998779296875,425.29998779296875,423.29998779296875,424.75,924374
2025-10-31 05:15:00+00:00,425.5,426.3999938964844,425.04998779296875,425.3999938964844,1258087
2025-10-31 05:30:00+00:00,424.3999938964844,425.5,423.79998779296875,425.5,556250
2025-10-31 05:45:00+00:00,423.8999938964844,424.29998779296875,423.5,424.20001220703125,240530
2025-10-31 06:00:00+00:00,423.75,424.1499938964844,423.3500061035156,423.8999938964844,420257
2025-10-31 06:15:00+00:00,423.8999938964844,423.95001220703125,423.3999938964844,423.70001220703125,353563
2025-10-31 06:30:00+00:00,422.8500061035156,424.54998779296875,422.6499938964844,423.8999938964844,331078
2025-10-31 06:45:00+00:00,421.8999938964844,423.29998779296875,421.79998779296875,422.70001220703125,299333
2025-10-31 07:00:00+00:00,420.8999938964844,422.20001220703125,420.70001220703125,421.8999938964844,422532
2025-10-31 07:15:00+00:00,421.04998779296875,421.25,420.29998779296875,420.8999938964844,539858
2025-10-31 07:30:00+00:00,420.8500061035156,421.25,420.70001220703125,420.8500061035156,264719
2025-10-31 07:45:00+00:00,419.75,421.0,419.54998779296875,420.79998779296875,346471
2025-10-31 08:00:00+00:00,420.3500061035156,420.45001220703125,419.5,419.75,225093
2025-10-31 08:15:00+00:00,420.8999938964844,421.0,420.04998779296875,420.3500061035156,334657
2025-10-31 08:30:00+00:00,420.6499938964844,421.20001220703125,420.29998779296875,420.95001220703125,456479
2025-10-31 08:45:00+00:00,420.1499938964844,420.70001220703125,419.8500061035156,420.6499938964844,348042
2025-10-31 09:00:00+00:00,420.54998779296875,421.20001220703125,420.0,420.20001220703125,482012
2025-10-31 09:15:00+00:00,420.29998779296875,420.8999938964844,420.0,420.5,611068
2025-10-31 09:30:00+00:00,420.3999938964844,421.04998779296875,419.95001220703125,420.29998779296875,1672266
2025-10-31 09:45:00+00:00,420.3500061035156,420.70001220703125,419.5,420.45001220703125,1879112
2025-11-03 03:45:00+00:00,418.75,420.25,416.3999938964844,419.79998779296875,252232
2025-11-03 04:00:00+00:00,419.29998779296875,421.6499938964844,418.3999938964844,418.6000061035156,396780
2025-11-03 04:15:00+00:00,419.0,420.75,418.8999938964844,419.29998779296875,193378
2025-11-03 04:30:00+00:00,417.95001220703125,419.0,417.8500061035156,419.0,445526
2025-11-03 04:45:00+00:00,417.45001220703125,417.79998779296875,417.04998779296875,417.75,218389
2025-11-03 05:00:00+00:00,418.20001220703125,418.54998779296875,417.3500061035156,417.54998779296875,347439
2025-11-03 05:15:00+00:00,417.75,418.54998779296875,417.75,418.20001220703125,225714
2025-11-03 05:30:00+00:00,417.0,418.1499938964844,416.8999938964844,417.95001220703125,202650
2025-11-03 05:45:00+00:00,416.04998779296875,417.1499938964844,416.0,417.0,249720
2025-11-03 06:00:00+00:00,415.1000061035156,416.0,414.8500061035156,415.8999938964844,252474
2025-11-03 06:15:00+00:00,414.1499938964844,415.5,414.1499938964844,415.1000061035156,207137
2025-11-03 06:30:00+00:00,413.95001220703125,414.5,413.5,414.29998779296875,308569
2025-11-03 06:45:00+00:00,414.0,414.0,413.45001220703125,413.8500061035156,300235
2025-11-03 07:00:00+00:00,414.6499938964844,414.70001220703125,413.79998779296875,414.0,351436
2025-11-03 07:15:00+00:00,414.6000061035156,414.70001220703125,414.29998779296875,414.54998779296875,147246
2025-11-03 07:30:00+00:00,414.20001220703125,414.8999938964844,414.0,414.6000061035156,175356
2025-11-03 07:45:00+00:00,414.0,414.3500061035156,413.79998779296875,414.20001220703125,270256
2025-11-03 08:00:00+00:00,413.79998779296875,414.04998779296875,413.6499938964844,413.79998779296875,196795
2025-11-03 08:15:00+00:00,414.29998779296875,414.3999938964844,413.6499938964844,413.79998779296875,119719
2025-11-03 08:30:00+00:00,414.1000061035156,414.8999938964844,414.1000061035156,414.25,226851
2025-11-03 08:45:00+00:00,414.3500061035156,414.6499938964844,414.1499938964844,414.1499938964844,346512
2025-11-03 09:00:00+00:00,414.1499938964844,414.5,413.95001220703125,414.3999938964844,195855
2025-11-03 09:15:00+00:00,413.8999938964844,414.1499938964844,413.6499938964844,414.04998779296875,424080
2025-11-03 09:30:00+00:00,414.0,414.1499938964844,413.8999938964844,413.95001220703125,503362
2025-11-03 09:45:00+00:00,414.0,414.04998779296875,413.6000061035156,414.04998779296875,696478
2025-11-04 03:45:00+00:00,413.04998779296875,414.5,412.8500061035156,414.20001220703125,162271
2025-11-04 04:00:00+00:00,412.3999938964844,413.0,412.20001220703125,413.0,225234
2025-11-04 04:15:00+00:00,411.6000061035156,412.5,411.1000061035156,412.5,224945
2025-11-04 04:30:00+00:00,411.04998779296875,412.3999938964844,410.75,411.6000061035156,391403
2025-11-04 04:45:00+00:00,411.70001220703125,411.95001220703125,410.79998779296875,411.1499938964844,190572
2025-11-04 05:00:00+00:00,412.3500061035156,412.70001220703125,411.79998779296875,411.8999938964844,216920
2025-11-04 05:15:00+00:00,412.79998779296875,412.8999938964844,412.29998779296875,412.3999938964844,250146
2025-11-04 05:30:00+00:00,412.25,412.95001220703125,412.04998779296875,412.8500061035156,174548
2025-11-04 05:45:00+00:00,411.20001220703125,412.6000061035156,411.20001220703125,412.45001220703125,226157
2025-11-04 06:00:00+00:00,411.0,411.5,410.79998779296875,411.25,141273
2025-11-04 06:15:00+00:00,410.75,411.5,410.54998779296875,411.0,283486
2025-11-04 06:30:00+00:00,411.1499938964844,411.20001220703125,410.70001220703125,410.75,155237
2025-11-04 06:45:00+00:00,410.8500061035156,411.54998779296875,410.79998779296875,411.20001220703125,111193
2025-11-04 07:00:00+00:00,410.8999938964844,411.54998779296875,410.79998779296875,410.8999938964844,260650
2025-11-04 07:15:00+00:00,410.95001220703125,411.29998779296875,410.75,410.8999938964844,215621
2025-11-04 07:30:00+00:00,410.25,411.1000061035156,410.20001220703125,411.1000061035156,465240
2025-11-04 07:45:00+00:00,410.1000061035156,410.45001220703125,409.8999938964844,410.29998779296875,463328
2025-11-04 08:00:00+00:00,410.04998779296875,410.29998779296875,409.8999938964844,410.04998779296875,351352
2025-11-04 08:15:00+00:00,409.8999938964844,410.04998779296875,409.70001220703125,410.04998779296875,348396
2025-11-04 08:30:00+00:00,409.20001220703125,409.95001220703125,408.8999938964844,409.95001220703125,395532
2025-11-04 08:45:00+00:00,409.1000061035156,409.3999938964844,408.8999938964844,409.20001220703125,437972
2025-11-04 09:00:00+00:00,408.79998779296875,409.6000061035156,408.75,409.1000061035156,643603
2025-11-04 09:15:00+00:00,408.6499938964844,409.0,408.3999938964844,408.8999938964844,793178
2025-11-04 09:30:00+00:00,409.0,409.29998779296875,408.3500061035156,408.6499938964844,1640373
2025-11-04 09:45:00+00:00,408.8999938964844,409.29998779296875,408.54998779296875,409.0,1083621
2025-11-06 03:45:00+00:00,412.0,413.1499938964844,409.6499938964844,409.6499938964844,177496
2025-11-06 04:00:00+00:00,410.6000061035156,412.1000061035156,410.1000061035156,412.1000061035156,165863
2025-11-06 04:15:00+00:00,410.70001220703125,410.95001220703125,410.20001220703125,410.6000061035156,110591
2025-11-06 04:30:00+00:00,409.3999938964844,410.95001220703125,409.3999938964844,410.8999938964844,174846
2025-11-06 04:45:00+00:00,409.1499938964844,409.70001220703125,409.04998779296875,409.3999938964844,123984
2025-11-06 05:00:00+00:00,409.1000061035156,409.3500061035156,408.6000061035156,409.1499938964844,263986
2025-11-06 05:15:00+00:00,408.8999938964844,409.29998779296875,408.6000061035156,409.1000061035156,275999
2025-11-06 05:30:00+00:00,408.3999938964844,409.3999938964844,408.3999938964844,408.8999938964844,428934
2025-11-06 05:45:00+00:00,407.75,408.54998779296875,407.54998779296875,408.54998779296875,234410
2025-11-06 06:00:00+00:00,407.1499938964844,407.8500061035156,407.04998779296875,407.75,127980
2025-11-06 06:15:00+00:00,407.1000061035156,407.3500061035156,406.79998779296875,407.04998779296875,274589
2025-11-06 06:30:00+00:00,406.75,407.5,406.54998779296875,407.3500061035156,197101
2025-11-06 06:45:00+00:00,407.1000061035156,407.45001220703125,406.6000061035156,406.6000061035156,265354
2025-11-06 07:00:00+00:00,407.1499938964844,408.0,406.79998779296875,407.1000061035156,280001
2025-11-06 07:15:00+00:00,409.6000061035156,409.75,407.04998779296875,407.1000061035156,548175
2025-11-06 07:30:00+00:00,408.3999938964844,409.75,408.3999938964844,409.75,288434
2025-11-06 07:45:00+00:00,408.29998779296875,409.1499938964844,408.1499938964844,408.5,337770
2025-11-06 08:00:00+00:00,407.79998779296875,408.6000061035156,407.6000061035156,408.25,157002
2025-11-06 08:15:00+00:00,408.0,408.6000061035156,407.6499938964844,407.79998779296875,285323
2025-11-06 08:30:00+00:00,408.45001220703125,408.45001220703125,407.0,408.0,498530
2025-11-06 08:45:00+00:00,408.5,408.75,407.54998779296875,408.3999938964844,603031
2025-11-06 09:00:00+00:00,408.04998779296875,408.6000061035156,407.29998779296875,408.54998779296875,452754
2025-11-06 09:15:00+00:00,408.0,408.3500061035156,407.54998779296875,408.04998779296875,884865
2025-11-06 09:30:00+00:00,407.1000061035156,408.0,406.70001220703125,408.0,1105030
2025-11-06 09:45:00+00:00,408.5,408.8500061035156,406.6499938964844,407.1000061035156,1414651
2025-11-07 03:45:00+00:00,408.54998779296875,408.6000061035156,406.5,406.5,210282
2025-11-07 04:00:00+00:00,408.6000061035156,409.0,407.8500061035156,408.6499938964844,252064
2025-11-07 04:15:00+00:00,407.6000061035156,409.1000061035156,407.3999938964844,408.75,195069
2025-11-07 04:30:00+00:00,408.0,408.20001220703125,407.5,407.6000061035156,119046
2025-11-07 04:45:00+00:00,407.5,408.0,407.3999938964844,407.79998779296875,75519
2025-11-07 05:00:00+00:00,406.75,407.75,406.54998779296875,407.5,156853
2025-11-07 05:15:00+00:00,406.29998779296875,406.95001220703125,405.8500061035156,406.8500061035156,258451
2025-11-07 05:30:00+00:00,406.6499938964844,406.8999938964844,406.04998779296875,406.29998779296875,193979
2025-11-07 05:45:00+00:00,406.0,406.79998779296875,405.8999938964844,406.70001220703125,236650
2025-11-07 06:00:00+00:00,406.0,407.0,405.6499938964844,406.0,340876
2025-11-07 06:15:00+00:00,405.8500061035156,406.0,405.54998779296875,405.95001220703125,103341
2025-11-07 06:30:00+00:00,405.79998779296875,406.0,405.70001220703125,405.8500061035156,121231
2025-11-07 06:45:00+00:00,405.54998779296875,405.95001220703125,405.3999938964844,405.8999938964844,105018
2025-11-07 07:00:00+00:00,405.3999938964844,405.6499938964844,405.20001220703125,405.54998779296875,147312
2025-11-07 07:15:00+00:00,404.70001220703125,405.45001220703125,404.54998779296875,405.45001220703125,318635
2025-11-07 07:30:00+00:00,404.3999938964844,405.0,404.0,404.79998779296875,411378
2025-11-07 07:45:00+00:00,405.20001220703125,405.3500061035156,404.0,404.45001220703125,491046
2025-11-07 08:00:00+00:00,404.70001220703125,405.45001220703125,404.45001220703125,405.3999938964844,344346
2025-11-07 08:15:00+00:00,404.20001220703125,404.79998779296875,404.1000061035156,404.75,489207
2025-11-07 08:30:00+00:00,404.04998779296875,404.3500061035156,404.0,404.29998779296875,221662
2025-11-07 08:45:00+00:00,405.20001220703125,405.3500061035156,403.95001220703125,404.04998779296875,398772
2025-11-07 09:00:00+00:00,404.8999938964844,405.25,404.75,405.25,251038
2025-11-07 09:15:00+00:00,404.45001220703125,404.95001220703125,404.3500061035156,404.8500061035156,381399
2025-11-07 09:30:00+00:00,404.0,404.6000061035156,403.70001220703125,404.6000061035156,1085539
2025-11-07 09:45:00+00:00,404.04998779296875,404.5,403.75,404.1499938964844,1386861
2025-11-10 03:45:00+00:00,405.75,406.20001220703125,404.1000061035156,404.1000061035156,155592
2025-11-10 04:00:00+00:00,405.5,406.20001220703125,403.8500061035156,405.8500061035156,250278
2025-11-10 04:15:00+00:00,406.3999938964844,406.6499938964844,405.5,405.5,292980
2025-11-10 04:30:00+00:00,406.3500061035156,406.5,406.1000061035156,406.45001220703125,122787
2025-11-10 04:45:00+00:00,406.70001220703125,406.79998779296875,406.3500061035156,406.3500061035156,121406
2025-11-10 05:00:00+00:00,406.75,407.04998779296875,406.5,406.75,143073
2025-11-10 05:15:00+00:00,406.1499938964844,406.75,405.8999938964844,406.6499938964844,276930
2025-11-10 05:30:00+00:00,406.0,406.1499938964844,405.8999938964844,406.1499938964844,149757
2025-11-10 05:45:00+00:00,405.79998779296875,406.0,405.79998779296875,406.0,155460
2025-11-10 06:00:00+00:00,405.75,406.0,405.6499938964844,405.8999938964844,151691
2025-11-10 06:15:00+00:00,406.0,406.0,405.6499938964844,405.75,142537
2025-11-10 06:30:00+00:00,405.8500061035156,406.0,405.79998779296875,406.0,195414
2025-11-10 06:45:00+00:00,406.0,406.0,405.75,405.95001220703125,130739
2025-11-10 07:00:00+00:00,406.0,406.0,405.8999938964844,406.0,133096
2025-11-10 07:15:00+00:00,405.5,406.0,405.5,406.0,162393
2025-11-10 07:30:00+00:00,406.0,406.0,405.3999938964844,405.54998779296875,232562
2025-11-10 07:45:00+00:00,406.0,406.20001220703125,405.8999938964844,406.0,166737
2025-11-10 08:00:00+00:00,405.54998779296875,406.0,405.3500061035156,406.0,247120
2025-11-10 08:15:00+00:00,405.45001220703125,405.6000061035156,405.0,405.54998779296875,329785
2025-11-10 08:30:00+00:00,406.0,406.0,405.04998779296875,405.45001220703125,404840
2025-11-10 08:45:00+00:00,406.0,406.45001220703125,405.8999938964844,406.0,559551
2025-11-10 09:00:00+00:00,405.5,406.1499938964844,405.3999938964844,406.0,269410
2025-11-10 09:15:00+00:00,405.75,405.8999938964844,405.0,405.5,530830
2025-11-10 09:30:00+00:00,405.29998779296875,406.0,405.20001220703125,405.6000061035156,710238
2025-11-10 09:45:00+00:00,406.0,406.20001220703125,405.3500061035156,405.3500061035156,425015
2025-11-11 03:45:00+00:00,405.54998779296875,407.29998779296875,405.25,406.5,166855
2025-11-11 04:00:00+00:00,406.3999938964844,406.45001220703125,405.25,405.45001220703125,139369
2025-11-11 04:15:00+00:00,406.70001220703125,406.8999938964844,406.04998779296875,406.45001220703125,105905
2025-11-11 04:30:00+00:00,407.20001220703125,407.8999938964844,406.54998779296875,406.8500061035156,387348
2025-11-11 04:45:00+00:00,406.29998779296875,407.20001220703125,406.1499938964844,407.1000061035156,103136
2025-11-11 05:00:00+00:00,405.25,406.29998779296875,405.1000061035156,406.29998779296875,5727431
2025-11-11 05:15:00+00:00,405.3999938964844,405.54998779296875,404.70001220703125,405.25,169316
2025-11-11 05:30:00+00:00,405.1499938964844,405.8999938964844,405.0,405.3999938964844,92251
2025-11-11 05:45:00+00:00,405.8999938964844,405.95001220703125,405.1499938964844,405.3500061035156,85067
2025-11-11 06:00:00+00:00,406.1499938964844,406.20001220703125,405.6000061035156,405.8999938964844,255952
2025-11-11 06:15:00+00:00,406.1000061035156,406.45001220703125,406.04998779296875,406.04998779296875,164911
2025-11-11 06:30:00+00:00,406.3999938964844,406.75,406.1000061035156,406.25,153898
2025-11-11 06:45:00+00:00,406.3500061035156,406.6000061035156,406.0,406.3999938964844,97445
2025-11-11 07:00:00+00:00,406.0,406.54998779296875,405.8500061035156,406.54998779296875,166626
2025-11-11 07:15:00+00:00,405.79998779296875,406.29998779296875,405.45001220703125,406.1499938964844,170199
2025-11-11 07:30:00+00:00,405.95001220703125,406.25,405.79998779296875,405.79998779296875,154429
2025-11-11 07:45:00+00:00,405.75,406.20001220703125,405.70001220703125,405.95001220703125,128198
2025-11-11 08:00:00+00:00,406.54998779296875,406.8999938964844,405.95001220703125,405.95001220703125,398335
2025-11-11 08:15:00+00:00,406.45001220703125,407.20001220703125,406.25,406.54998779296875,359701
2025-11-11 08:30:00+00:00,406.54998779296875,406.8999938964844,406.3999938964844,406.45001220703125,190940
2025-11-11 08:45:00+00:00,407.3999938964844,407.3999938964844,406.29998779296875,406.54998779296875,372429
2025-11-11 09:00:00+00:00,406.95001220703125,407.54998779296875,406.6000061035156,407.29998779296875,373121
2025-11-11 09:15:00+00:00,406.6499938964844,407.3999938964844,406.5,406.8999938964844,341973
2025-11-11 09:30:00+00:00,407.0,407.20001220703125,406.45001220703125,406.6499938964844,880718
2025-11-11 09:45:00+00:00,406.8500061035156,407.29998779296875,406.6499938964844,406.8500061035156,642841
2025-11-12 03:45:00+00:00,406.0,408.0,405.75,408.0,300242
2025-11-12 04:00:00+00:00,406.70001220703125,407.0,406.1499938964844,406.29998779296875,340791
2025-11-12 04:15:00+00:00,407.1000061035156,407.20001220703125,406.79998779296875,406.8500061035156,219170
2025-11-12 04:30:00+00:00,406.0,407.25,405.8500061035156,407.1000061035156,201312
2025-11-12 04:45:00+00:00,406.54998779296875,406.6000061035156,405.79998779296875,406.0,121435
2025-11-12 05:00:00+00:00,406.8500061035156,407.0,406.45001220703125,406.54998779296875,186844
2025-11-12 05:15:00+00:00,407.04998779296875,407.04998779296875,406.6499938964844,406.70001220703125,206664
2025-11-12 05:30:00+00:00,406.6499938964844,407.04998779296875,406.6000061035156,407.04998779296875,168948
2025-11-12 05:45:00+00:00,407.1499938964844,407.29998779296875,406.6499938964844,406.6499938964844,325535
2025-11-12 06:00:00+00:00,407.0,407.29998779296875,406.6499938964844,407.25,371120
2025-11-12 06:15:00+00:00,406.95001220703125,407.1499938964844,406.75,407.1499938964844,220728
2025-11-12 06:30:00+00:00,407.0,407.29998779296875,406.79998779296875,406.95001220703125,160831
2025-11-12 06:45:00+00:00,407.04998779296875,407.20001220703125,406.8500061035156,407.1000061035156,228440
2025-11-12 07:00:00+00:00,407.0,407.29998779296875,406.75,407.04998779296875,203498
2025-11-12 07:15:00+00:00,406.8999938964844,407.0,406.70001220703125,406.95001220703125,134877
2025-11-12 07:30:00+00:00,407.04998779296875,407.04998779296875,406.75,406.8500061035156,292740
2025-11-12 07:45:00+00:00,406.79998779296875,407.1499938964844,406.5,406.8500061035156,190249
2025-11-12 08:00:00+00:00,406.75,407.04998779296875,406.3999938964844,406.70001220703125,322730
2025-11-12 08:15:00+00:00,406.95001220703125,407.04998779296875,406.6499938964844,406.8500061035156,283828
2025-11-12 08:30:00+00:00,406.20001220703125,407.0,406.0,407.0,343435
2025-11-12 08:45:00+00:00,406.75,406.79998779296875,406.20001220703125,406.25,541789
2025-11-12 09:00:00+00:00,406.79998779296875,407.04998779296875,406.45001220703125,406.75,601543
2025-11-12 09:15:00+00:00,407.0,407.1499938964844,406.79998779296875,407.0,316001
2025-11-12 09:30:00+00:00,407.04998779296875,407.20001220703125,406.75,406.8500061035156,636989
2025-11-12 09:45:00+00:00,407.0,407.45001220703125,406.70001220703125,407.04998779296875,823609
2025-11-13 03:45:00+00:00,405.6499938964844,407.5,404.6000061035156,407.0,236045
2025-11-13 04:00:00+00:00,405.25,405.6499938964844,405.04998779296875,405.6000061035156,116848
2025-11-13 04:15:00+00:00,405.6000061035156,405.70001220703125,405.25,405.25,88423
2025-11-13 04:30:00+00:00,405.70001220703125,405.79998779296875,405.54998779296875,405.70001220703125,134994
2025-11-13 04:45:00+00:00,405.70001220703125,405.75,405.25,405.75,124408
2025-11-13 05:00:00+00:00,405.6000061035156,405.70001220703125,405.5,405.70001220703125,72354
2025-11-13 05:15:00+00:00,405.70001220703125,405.70001220703125,405.5,405.6000061035156,196631
2025-11-13 05:30:00+00:00,406.5,406.5,405.6499938964844,405.70001220703125,255293
2025-11-13 05:45:00+00:00,406.3500061035156,406.5,406.1499938964844,406.45001220703125,111279
2025-11-13 06:00:00+00:00,406.5,406.5,406.1000061035156,406.3500061035156,86228
2025-11-13 06:15:00+00:00,407.0,407.1000061035156,406.29998779296875,406.5,160625
2025-11-13 06:30:00+00:00,407.0,407.25,406.8500061035156,407.25,304722
2025-11-13 06:45:00+00:00,406.8500061035156,407.20001220703125,406.79998779296875,407.04998779296875,121388
2025-11-13 07:00:00+00:00,406.8500061035156,407.1000061035156,406.3999938964844,406.8500061035156,205808
2025-11-13 07:15:00+00:00,406.8500061035156,407.0,406.3999938964844,406.8999938964844,262661
2025-11-13 07:30:00+00:00,407.1000061035156,407.1499938964844,406.8500061035156,406.8500061035156,147845
2025-11-13 07:45:00+00:00,407.0,407.25,407.0,407.04998779296875,259351
2025-11-13 08:00:00+00:00,407.25,407.5,406.95001220703125,407.1499938964844,147959
2025-11-13 08:15:00+00:00,406.5,407.3999938964844,406.45001220703125,407.29998779296875,296929
2025-11-13 08:30:00+00:00,406.20001220703125,406.79998779296875,405.79998779296875,406.54998779296875,291581
2025-11-13 08:45:00+00:00,407.0,407.0,406.1000061035156,406.1499938964844,310705
2025-11-13 09:00:00+00:00,407.04998779296875,407.3500061035156,406.20001220703125,407.0,747373
2025-11-13 09:15:00+00:00,406.29998779296875,407.04998779296875,406.04998779296875,407.0,381115
2025-11-13 09:30:00+00:00,405.6000061035156,406.20001220703125,405.3500061035156,406.1499938964844,647069
2025-11-13 09:45:00+00:00,405.79998779296875,406.25,405.1499938964844,405.6000061035156,776259
2025-11-14 03:45:00+00:00,404.3999938964844,404.54998779296875,401.75,404.5,52009376
2025-11-14 04:00:00+00:00,405.75,406.95001220703125,404.5,404.54998779296875,862818
2025-11-14 04:15:00+00:00,405.6499938964844,406.0,405.1499938964844,405.5,196020
2025-11-14 04:30:00+00:00,403.95001220703125,405.79998779296875,403.70001220703125,405.75,302796
2025-11-14 04:45:00+00:00,404.25,404.79998779296875,403.79998779296875,404.04998779296875,160564
2025-11-14 05:00:00+00:00,404.6499938964844,404.70001220703125,403.75,404.20001220703125,194375
2025-11-14 05:15:00+00:00,406.1499938964844,406.3999938964844,404.6499938964844,404.70001220703125,299014
2025-11-14 05:30:00+00:00,406.0,406.3999938964844,405.6000061035156,406.20001220703125,173859
2025-11-14 05:45:00+00:00,406.1000061035156,406.29998779296875,405.6000061035156,406.0,220276
2025-11-14 06:00:00+00:00,405.6499938964844,406.25,405.54998779296875,406.0,187804
2025-11-14 06:15:00+00:00,405.3500061035156,405.8500061035156,405.20001220703125,405.75,172291
2025-11-14 06:30:00+00:00,406.3999938964844,406.3999938964844,405.20001220703125,405.3999938964844,164157
2025-11-14 06:45:00+00:00,406.3999938964844,406.5,405.54998779296875,406.29998779296875,197268
2025-11-14 07:00:00+00:00,406.0,406.5,405.95001220703125,406.5,268157
2025-11-14 07:15:00+00:00,405.79998779296875,406.29998779296875,405.45001220703125,406.04998779296875,320908
2025-11-14 07:30:00+00:00,406.0,406.25,405.5,405.6499938964844,251290
2025-11-14 07:45:00+00:00,406.0,406.29998779296875,405.6499938964844,406.1499938964844,323851
2025-11-14 08:00:00+00:00,404.75,406.0,404.75,405.79998779296875,293574
2025-11-14 08:15:00+00:00,404.6000061035156,405.04998779296875,404.3500061035156,404.95001220703125,250924
2025-11-14 08:30:00+00:00,404.79998779296875,405.0,404.3500061035156,404.8500061035156,229070
2025-11-14 08:45:00+00:00,405.75,406.0,404.6000061035156,404.79998779296875,348986
2025-11-14 09:00:00+00:00,405.6000061035156,406.0,405.3999938964844,405.75,351233
2025-11-14 09:15:00+00:00,405.1000061035156,405.8999938964844,404.95001220703125,405.54998779296875,461961
2025-11-14 09:30:00+00:00,408.6499938964844,408.6499938964844,405.5,405.5,2727196
2025-11-14 09:45:00+00:00,408.1499938964844,408.75,408.0,408.6499938964844,2322920
