Price,Close,High,Low,Open,Volume
Ticker,KOTAKBANK.NS,KOTAKBANK.NS,KOTAKBANK.NS,KOTAKBANK.NS,KOTAKBANK.NS
Datetime,,,,,
2025-11-06 03:45:00+00:00,2094.39990234375,2096.699951171875,2075.10009765625,2075.10009765625,0
2025-11-06 03:46:00+00:00,2094.0,2095.10009765625,2092.800048828125,2093.5,27468
2025-11-06 03:47:00+00:00,2100.5,2103.800048828125,2094.0,2094.0,24305
2025-11-06 03:48:00+00:00,2096.300048828125,2101.199951171875,2096.10009765625,2101.199951171875,13528
2025-11-06 03:49:00+00:00,2098.10009765625,2099.5,2095.89990234375,2095.89990234375,12943
2025-11-06 03:50:00+00:00,2097.5,2099.0,2096.300048828125,2097.60009765625,3930
2025-11-06 03:51:00+00:00,2095.300048828125,2098.300048828125,2095.0,2098.300048828125,3395
2025-11-06 03:52:00+00:00,2096.800048828125,2098.699951171875,2096.800048828125,2098.39990234375,6674
2025-11-06 03:53:00+00:00,2097.300048828125,2097.60009765625,2095.89990234375,2096.699951171875,4539
2025-11-06 03:54:00+00:00,2098.199951171875,2098.60009765625,2097.39990234375,2097.39990234375,3084
2025-11-06 03:55:00+00:00,2095.10009765625,2097.800048828125,2094.60009765625,2097.199951171875,6875
2025-11-06 03:56:00+00:00,2095.199951171875,2096.10009765625,2094.800048828125,2094.800048828125,5034
2025-11-06 03:57:00+00:00,2092.89990234375,2095.10009765625,2092.699951171875,2095.10009765625,4312
2025-11-06 03:58:00+00:00,2093.300048828125,2093.39990234375,2092.5,2092.60009765625,1336
2025-11-06 03:59:00+00:00,2093.10009765625,2093.5,2093.0,2093.39990234375,2023
2025-11-06 04:00:00+00:00,2092.300048828125,2092.39990234375,2092.0,2092.0,2898
2025-11-06 04:01:00+00:00,2092.60009765625,2093.60009765625,2092.5,2092.5,5223
2025-11-06 04:02:00+00:00,2091.699951171875,2092.199951171875,2091.39990234375,2091.39990234375,3134
2025-11-06 04:03:00+00:00,2090.800048828125,2091.5,2090.800048828125,2091.300048828125,2959
2025-11-06 04:04:00+00:00,2091.39990234375,2091.39990234375,2090.60009765625,2090.699951171875,2255
2025-11-06 04:05:00+00:00,2091.39990234375,2092.5,2091.0,2092.5,4746
2025-11-06 04:06:00+00:00,2089.60009765625,2092.39990234375,2089.60009765625,2092.39990234375,3139
2025-11-06 04:07:00+00:00,2089.39990234375,2089.60009765625,2088.199951171875,2089.300048828125,2962
2025-11-06 04:08:00+00:00,2089.699951171875,2090.39990234375,2089.699951171875,2089.699951171875,8800
2025-11-06 04:09:00+00:00,2089.800048828125,2090.10009765625,2089.800048828125,2089.89990234375,1840
2025-11-06 04:10:00+00:00,2089.60009765625,2090.199951171875,2089.60009765625,2089.89990234375,2683
2025-11-06 04:11:00+00:00,2089.199951171875,2089.5,2089.199951171875,2089.199951171875,1589
2025-11-06 04:12:00+00:00,2090.10009765625,2090.10009765625,2088.39990234375,2089.0,3405
2025-11-06 04:13:00+00:00,2090.89990234375,2090.89990234375,2090.300048828125,2090.60009765625,1056
2025-11-06 04:14:00+00:00,2091.0,2091.800048828125,2090.89990234375,2090.89990234375,3401
2025-11-06 04:15:00+00:00,2089.89990234375,2091.0,2089.5,2091.0,1706
2025-11-06 04:16:00+00:00,2091.10009765625,2091.199951171875,2090.0,2090.0,1950
2025-11-06 04:17:00+00:00,2091.800048828125,2091.800048828125,2090.89990234375,2091.0,1311
2025-11-06 04:18:00+00:00,2092.0,2093.89990234375,2092.0,2093.89990234375,5840
2025-11-06 04:19:00+00:00,2091.10009765625,2092.199951171875,2091.10009765625,2091.5,2282
2025-11-06 04:20:00+00:00,2093.699951171875,2093.699951171875,2089.39990234375,2089.39990234375,4187
2025-11-06 04:21:00+00:00,2094.60009765625,2094.800048828125,2093.89990234375,2093.89990234375,3266
2025-11-06 04:22:00+00:00,2093.199951171875,2094.60009765625,2093.199951171875,2094.60009765625,2152
2025-11-06 04:23:00+00:00,2094.39990234375,2095.39990234375,2094.0,2094.0,2748
2025-11-06 04:24:00+00:00,2094.60009765625,2094.60009765625,2094.199951171875,2094.300048828125,1825
2025-11-06 04:25:00+00:00,2094.300048828125,2095.699951171875,2094.199951171875,2095.10009765625,1833
2025-11-06 04:26:00+00:00,2094.0,2095.0,2093.800048828125,2095.0,710
2025-11-06 04:27:00+00:00,2094.199951171875,2094.300048828125,2093.800048828125,2094.0,1929
2025-11-06 04:28:00+00:00,2095.5,2095.699951171875,2093.89990234375,2094.10009765625,2325
2025-11-06 04:29:00+00:00,2095.5,2096.0,2095.10009765625,2095.800048828125,937
2025-11-06 04:30:00+00:00,2095.800048828125,2096.800048828125,2095.60009765625,2095.60009765625,2731
2025-11-06 04:31:00+00:00,2093.89990234375,2096.300048828125,2093.800048828125,2096.300048828125,3597
2025-11-06 04:32:00+00:00,2094.199951171875,2096.199951171875,2093.800048828125,2093.800048828125,4321
2025-11-06 04:33:00+00:00,2093.10009765625,2095.0,2093.10009765625,2095.0,1279
2025-11-06 04:34:00+00:00,2091.5,2093.800048828125,2091.5,2093.800048828125,1989
2025-11-06 04:35:00+00:00,2092.199951171875,2092.89990234375,2091.60009765625,2092.89990234375,1236
2025-11-06 04:36:00+00:00,2092.199951171875,2092.199951171875,2091.5,2092.199951171875,1174
2025-11-06 04:37:00+00:00,2091.300048828125,2092.39990234375,2091.300048828125,2092.199951171875,1554
2025-11-06 04:38:00+00:00,2090.199951171875,2092.0,2090.199951171875,2092.0,1432
2025-11-06 04:39:00+00:00,2090.0,2090.800048828125,2089.5,2090.800048828125,1549
2025-11-06 04:40:00+00:00,2089.0,2090.0,2088.699951171875,2089.5,1418
2025-11-06 04:41:00+00:00,2087.39990234375,2089.39990234375,2087.39990234375,2089.39990234375,1775
2025-11-06 04:42:00+00:00,2088.0,2088.0,2087.199951171875,2087.60009765625,3619
2025-11-06 04:43:00+00:00,2088.60009765625,2088.89990234375,2088.10009765625,2088.89990234375,4914
2025-11-06 04:44:00+00:00,2088.699951171875,2088.89990234375,2088.699951171875,2088.89990234375,1191
2025-11-06 04:45:00+00:00,2089.60009765625,2089.800048828125,2087.60009765625,2087.699951171875,3394
2025-11-06 04:46:00+00:00,2089.39990234375,2090.60009765625,2089.10009765625,2089.10009765625,2057
2025-11-06 04:47:00+00:00,2089.89990234375,2090.0,2088.800048828125,2088.800048828125,842
2025-11-06 04:48:00+00:00,2090.0,2090.60009765625,2089.800048828125,2089.89990234375,2857
2025-11-06 04:49:00+00:00,2089.60009765625,2090.10009765625,2089.60009765625,2090.10009765625,3046
2025-11-06 04:50:00+00:00,2089.60009765625,2089.60009765625,2089.60009765625,2089.60009765625,766
2025-11-06 04:51:00+00:00,2091.60009765625,2091.60009765625,2089.5,2089.5,10782
2025-11-06 04:52:00+00:00,2092.39990234375,2092.39990234375,2091.699951171875,2091.699951171875,1297
2025-11-06 04:53:00+00:00,2091.89990234375,2092.39990234375,2091.89990234375,2092.10009765625,2377
2025-11-06 04:54:00+00:00,2091.199951171875,2092.199951171875,2091.199951171875,2091.89990234375,940
2025-11-06 04:55:00+00:00,2094.0,2094.0,2090.800048828125,2090.800048828125,1661
2025-11-06 04:56:00+00:00,2092.199951171875,2093.5,2091.89990234375,2093.5,4589
2025-11-06 04:57:00+00:00,2092.89990234375,2093.39990234375,2092.199951171875,2092.199951171875,1700
2025-11-06 04:58:00+00:00,2093.300048828125,2093.60009765625,2092.89990234375,2092.89990234375,3176
2025-11-06 04:59:00+00:00,2092.300048828125,2093.39990234375,2091.89990234375,2093.39990234375,2306
2025-11-06 05:00:00+00:00,2092.5,2092.60009765625,2092.300048828125,2092.5,1034
2025-11-06 05:01:00+00:00,2092.39990234375,2092.5,2092.199951171875,2092.5,990
2025-11-06 05:02:00+00:00,2093.800048828125,2094.300048828125,2093.699951171875,2093.699951171875,6578
2025-11-06 05:03:00+00:00,2093.699951171875,2094.0,2093.39990234375,2093.60009765625,1689
2025-11-06 05:04:00+00:00,2093.699951171875,2093.89990234375,2093.39990234375,2093.89990234375,1152
2025-11-06 05:05:00+00:00,2093.199951171875,2093.5,2092.89990234375,2093.5,2137
2025-11-06 05:06:00+00:00,2093.60009765625,2093.60009765625,2093.10009765625,2093.199951171875,1528
2025-11-06 05:07:00+00:00,2094.699951171875,2095.0,2093.5,2093.60009765625,6165
2025-11-06 05:08:00+00:00,2094.60009765625,2094.800048828125,2093.60009765625,2094.800048828125,1301
2025-11-06 05:09:00+00:00,2095.10009765625,2095.300048828125,2094.60009765625,2094.60009765625,1941
2025-11-06 05:10:00+00:00,2095.300048828125,2095.300048828125,2094.89990234375,2094.89990234375,899
2025-11-06 05:11:00+00:00,2095.10009765625,2095.300048828125,2095.0,2095.300048828125,1165
2025-11-06 05:12:00+00:00,2094.5,2095.10009765625,2094.300048828125,2095.0,1814
2025-11-06 05:13:00+00:00,2094.5,2094.5,2094.300048828125,2094.39990234375,1071
2025-11-06 05:14:00+00:00,2094.0,2094.5,2094.0,2094.5,1579
2025-11-06 05:15:00+00:00,2094.0,2094.5,2093.89990234375,2094.5,1121
2025-11-06 05:16:00+00:00,2095.5,2095.5,2094.0,2094.0,6197
2025-11-06 05:17:00+00:00,2094.300048828125,2096.0,2094.199951171875,2095.60009765625,2384
2025-11-06 05:18:00+00:00,2094.89990234375,2095.89990234375,2093.89990234375,2094.39990234375,2051
2025-11-06 05:19:00+00:00,2095.800048828125,2095.89990234375,2094.60009765625,2094.89990234375,1227
2025-11-06 05:20:00+00:00,2096.300048828125,2096.60009765625,2095.89990234375,2095.89990234375,2784
2025-11-06 05:21:00+00:00,2096.39990234375,2096.60009765625,2095.89990234375,2096.39990234375,3343
2025-11-06 05:22:00+00:00,2096.39990234375,2096.39990234375,2095.5,2096.199951171875,748
2025-11-06 05:23:00+00:00,2096.60009765625,2096.60009765625,2096.10009765625,2096.39990234375,1047
2025-11-06 05:24:00+00:00,2096.60009765625,2096.60009765625,2096.5,2096.60009765625,1512
2025-11-06 05:25:00+00:00,2096.60009765625,2098.0,2096.300048828125,2096.60009765625,14387
2025-11-06 05:26:00+00:00,2095.89990234375,2096.39990234375,2095.300048828125,2096.0,4227
2025-11-06 05:27:00+00:00,2096.5,2097.0,2095.39990234375,2095.800048828125,3907
2025-11-06 05:28:00+00:00,2096.60009765625,2097.10009765625,2096.300048828125,2096.60009765625,1416
2025-11-06 05:29:00+00:00,2097.0,2097.5,2096.300048828125,2096.5,2309
2025-11-06 05:30:00+00:00,2096.60009765625,2096.89990234375,2096.39990234375,2096.89990234375,6178
2025-11-06 05:31:00+00:00,2096.300048828125,2096.60009765625,2095.89990234375,2096.60009765625,2508
2025-11-06 05:32:00+00:00,2094.5,2096.5,2094.300048828125,2096.5,2701
2025-11-06 05:33:00+00:00,2096.199951171875,2096.199951171875,2094.300048828125,2094.300048828125,1518
2025-11-06 05:34:00+00:00,2096.10009765625,2096.199951171875,2095.800048828125,2096.199951171875,757
2025-11-06 05:35:00+00:00,2096.199951171875,2096.39990234375,2096.0,2096.199951171875,1402
2025-11-06 05:36:00+00:00,2096.699951171875,2096.800048828125,2095.699951171875,2095.699951171875,4016
2025-11-06 05:37:00+00:00,2096.89990234375,2096.89990234375,2095.89990234375,2096.699951171875,1911
2025-11-06 05:38:00+00:00,2096.60009765625,2097.800048828125,2096.5,2096.89990234375,6502
2025-11-06 05:39:00+00:00,2095.699951171875,2096.699951171875,2095.0,2096.699951171875,2431
2025-11-06 05:40:00+00:00,2095.699951171875,2096.199951171875,2094.89990234375,2096.10009765625,2156
2025-11-06 05:41:00+00:00,2096.60009765625,2096.699951171875,2096.199951171875,2096.300048828125,1714
2025-11-06 05:42:00+00:00,2096.800048828125,2097.199951171875,2096.5,2096.60009765625,3328
2025-11-06 05:43:00+00:00,2096.199951171875,2096.89990234375,2096.199951171875,2096.800048828125,1102
2025-11-06 05:44:00+00:00,2095.89990234375,2096.0,2095.89990234375,2096.0,856
2025-11-06 05:45:00+00:00,2095.300048828125,2095.89990234375,2095.300048828125,2095.89990234375,820
2025-11-06 05:46:00+00:00,2095.0,2095.0,2094.699951171875,2094.800048828125,1290
2025-11-06 05:47:00+00:00,2095.39990234375,2095.39990234375,2094.89990234375,2095.0,1143
2025-11-06 05:48:00+00:00,2095.39990234375,2095.5,2094.89990234375,2095.5,964
2025-11-06 05:49:00+00:00,2095.300048828125,2095.300048828125,2094.300048828125,2095.199951171875,1400
2025-11-06 05:50:00+00:00,2094.39990234375,2095.0,2094.199951171875,2095.0,2251
2025-11-06 05:51:00+00:00,2094.89990234375,2094.89990234375,2094.10009765625,2094.300048828125,1867
2025-11-06 05:52:00+00:00,2094.5,2094.89990234375,2093.699951171875,2094.89990234375,813
2025-11-06 05:53:00+00:00,2095.0,2095.0,2093.89990234375,2094.5,987
2025-11-06 05:54:00+00:00,2093.0,2095.0,2092.300048828125,2095.0,20613
2025-11-06 05:55:00+00:00,2094.39990234375,2094.5,2093.0,2093.699951171875,1983
2025-11-06 05:56:00+00:00,2093.60009765625,2094.699951171875,2093.0,2094.10009765625,1802
2025-11-06 05:57:00+00:00,2093.5,2093.5,2092.699951171875,2092.800048828125,1522
2025-11-06 05:58:00+00:00,2093.800048828125,2094.10009765625,2093.0,2093.39990234375,1540
2025-11-06 05:59:00+00:00,2094.800048828125,2094.800048828125,2093.0,2093.0,1490
2025-11-06 06:00:00+00:00,2093.89990234375,2094.800048828125,2093.699951171875,2094.800048828125,1680
2025-11-06 06:01:00+00:00,2094.699951171875,2094.800048828125,2093.89990234375,2093.89990234375,1869
2025-11-06 06:02:00+00:00,2094.89990234375,2095.0,2093.699951171875,2094.5,2190
2025-11-06 06:03:00+00:00,2094.199951171875,2094.800048828125,2094.10009765625,2094.800048828125,1081
2025-11-06 06:04:00+00:00,2094.60009765625,2095.0,2094.199951171875,2094.199951171875,5219
2025-11-06 06:05:00+00:00,2092.10009765625,2095.0,2092.10009765625,2095.0,35297
2025-11-06 06:06:00+00:00,2093.0,2093.0,2092.199951171875,2092.89990234375,6408
2025-11-06 06:07:00+00:00,2093.0,2093.300048828125,2092.89990234375,2093.0,2868
2025-11-06 06:08:00+00:00,2093.0,2093.0,2092.89990234375,2093.0,2679
2025-11-06 06:09:00+00:00,2092.89990234375,2093.0,2092.89990234375,2093.0,1433
2025-11-06 06:10:00+00:00,2093.0,2093.0,2092.89990234375,2092.89990234375,777
2025-11-06 06:11:00+00:00,2093.0,2093.0,2092.89990234375,2093.0,6614
2025-11-06 06:12:00+00:00,2092.89990234375,2093.0,2092.199951171875,2092.89990234375,1272
2025-11-06 06:13:00+00:00,2093.0,2093.0,2092.89990234375,2092.89990234375,1734
2025-11-06 06:14:00+00:00,2093.0,2093.0,2092.60009765625,2092.60009765625,13651
2025-11-06 06:15:00+00:00,2092.39990234375,2093.0,2092.39990234375,2093.0,5495
2025-11-06 06:16:00+00:00,2092.5,2092.800048828125,2092.39990234375,2092.800048828125,804
2025-11-06 06:17:00+00:00,2092.60009765625,2092.60009765625,2092.39990234375,2092.5,970
2025-11-06 06:18:00+00:00,2093.0,2093.0,2092.199951171875,2092.800048828125,1242
2025-11-06 06:19:00+00:00,2093.0,2093.0,2092.89990234375,2093.0,1266
2025-11-06 06:20:00+00:00,2093.0,2093.0,2092.89990234375,2093.0,1336
2025-11-06 06:21:00+00:00,2093.0,2093.0,2093.0,2093.0,1671
2025-11-06 06:22:00+00:00,2092.0,2093.0,2092.0,2093.0,6492
2025-11-06 06:23:00+00:00,2091.800048828125,2092.0,2091.699951171875,2091.89990234375,1423
2025-11-06 06:24:00+00:00,2090.300048828125,2092.0,2090.300048828125,2091.800048828125,6708
2025-11-06 06:25:00+00:00,2091.800048828125,2092.0,2091.0,2091.199951171875,2456
2025-11-06 06:26:00+00:00,2091.89990234375,2092.0,2091.199951171875,2091.199951171875,1645
2025-11-06 06:27:00+00:00,2090.89990234375,2091.89990234375,2090.89990234375,2091.10009765625,1274
2025-11-06 06:28:00+00:00,2091.10009765625,2091.300048828125,2090.300048828125,2091.10009765625,1060
2025-11-06 06:29:00+00:00,2091.10009765625,2091.10009765625,2090.5,2091.10009765625,1494
2025-11-06 06:30:00+00:00,2092.0,2093.0,2091.5,2091.5,8346
2025-11-06 06:31:00+00:00,2090.800048828125,2091.5,2090.39990234375,2091.5,2014
2025-11-06 06:32:00+00:00,2090.699951171875,2090.800048828125,2090.0,2090.800048828125,1456
2025-11-06 06:33:00+00:00,2088.39990234375,2089.5,2088.39990234375,2089.0,2029
2025-11-06 06:34:00+00:00,2087.89990234375,2088.800048828125,2086.800048828125,2088.5,6362
2025-11-06 06:35:00+00:00,2087.60009765625,2087.60009765625,2086.699951171875,2087.39990234375,2015
2025-11-06 06:36:00+00:00,2088.0,2088.0,2087.0,2087.60009765625,2466
2025-11-06 06:37:00+00:00,2090.300048828125,2090.5,2087.60009765625,2088.0,10711
2025-11-06 06:38:00+00:00,2089.60009765625,2089.800048828125,2088.60009765625,2089.5,1309
2025-11-06 06:39:00+00:00,2089.39990234375,2089.60009765625,2088.89990234375,2089.60009765625,1201
2025-11-06 06:40:00+00:00,2088.5,2089.5,2088.5,2089.39990234375,999
2025-11-06 06:41:00+00:00,2087.800048828125,2089.300048828125,2087.199951171875,2089.0,12065
2025-11-06 06:42:00+00:00,2089.199951171875,2089.699951171875,2087.5,2087.89990234375,17565
2025-11-06 06:43:00+00:00,2087.0,2089.199951171875,2086.39990234375,2089.199951171875,9313
2025-11-06 06:44:00+00:00,2086.89990234375,2087.0,2086.800048828125,2087.0,794
2025-11-06 06:45:00+00:00,2087.0,2087.0,2086.800048828125,2086.800048828125,1955
2025-11-06 06:46:00+00:00,2087.0,2087.0,2086.699951171875,2086.89990234375,3610
2025-11-06 06:47:00+00:00,2088.89990234375,2089.0,2086.800048828125,2087.0,24896
2025-11-06 06:48:00+00:00,2087.699951171875,2089.800048828125,2087.699951171875,2089.10009765625,9317
2025-11-06 06:49:00+00:00,2088.0,2088.60009765625,2087.60009765625,2087.699951171875,2129
2025-11-06 06:50:00+00:00,2087.10009765625,2088.800048828125,2086.699951171875,2088.0,2806
2025-11-06 06:51:00+00:00,2087.0,2087.699951171875,2086.800048828125,2087.10009765625,2060
2025-11-06 06:52:00+00:00,2086.89990234375,2087.0,2086.89990234375,2087.0,1411
2025-11-06 06:53:00+00:00,2084.300048828125,2087.0,2083.60009765625,2087.0,10308
2025-11-06 06:54:00+00:00,2085.5,2085.699951171875,2084.5,2084.89990234375,1975
2025-11-06 06:55:00+00:00,2084.60009765625,2085.5,2084.5,2085.5,1270
2025-11-06 06:56:00+00:00,2084.39990234375,2084.60009765625,2084.300048828125,2084.60009765625,1969
2025-11-06 06:57:00+00:00,2083.800048828125,2084.300048828125,2083.39990234375,2084.300048828125,2185
2025-11-06 06:58:00+00:00,2083.5,2084.10009765625,2083.39990234375,2083.89990234375,1222
2025-11-06 06:59:00+00:00,2084.60009765625,2084.60009765625,2083.5,2083.5,2030
2025-11-06 07:00:00+00:00,2084.0,2084.800048828125,2084.0,2084.60009765625,2493
2025-11-06 07:01:00+00:00,2085.0,2085.0,2083.39990234375,2083.89990234375,1775
2025-11-06 07:02:00+00:00,2085.0,2085.0,2084.699951171875,2084.89990234375,6647
2025-11-06 07:03:00+00:00,2086.5,2086.699951171875,2084.89990234375,2085.0,11582
2025-11-06 07:04:00+00:00,2084.800048828125,2086.699951171875,2084.5,2086.5,2376
2025-11-06 07:05:00+00:00,2083.300048828125,2084.800048828125,2082.60009765625,2084.800048828125,4397
2025-11-06 07:06:00+00:00,2082.89990234375,2083.199951171875,2081.699951171875,2082.5,5795
2025-11-06 07:07:00+00:00,2083.300048828125,2083.300048828125,2082.699951171875,2083.0,1834
2025-11-06 07:08:00+00:00,2082.39990234375,2083.5,2082.10009765625,2083.300048828125,2634
2025-11-06 07:09:00+00:00,2082.800048828125,2082.800048828125,2081.10009765625,2082.199951171875,3693
2025-11-06 07:10:00+00:00,2082.60009765625,2083.39990234375,2080.10009765625,2082.60009765625,32957
2025-11-06 07:11:00+00:00,2083.0,2083.60009765625,2082.300048828125,2083.0,4353
2025-11-06 07:12:00+00:00,2083.0,2083.300048828125,2082.300048828125,2083.0,5228
2025-11-06 07:13:00+00:00,2083.0,2084.300048828125,2082.300048828125,2083.0,15839
2025-11-06 07:14:00+00:00,2083.0,2083.0,2082.5,2083.0,6552
2025-11-06 07:15:00+00:00,2081.60009765625,2084.699951171875,2081.5,2083.0,8299
2025-11-06 07:16:00+00:00,2085.0,2085.0,2081.60009765625,2081.60009765625,7339
2025-11-06 07:17:00+00:00,2085.0,2085.300048828125,2084.60009765625,2085.10009765625,2737
2025-11-06 07:18:00+00:00,2087.5,2087.5,2084.800048828125,2085.0,4239
2025-11-06 07:19:00+00:00,2089.60009765625,2089.60009765625,2087.89990234375,2087.89990234375,4320
2025-11-06 07:20:00+00:00,2088.300048828125,2089.60009765625,2087.89990234375,2089.60009765625,1943
2025-11-06 07:21:00+00:00,2087.0,2088.300048828125,2086.60009765625,2088.300048828125,1329
2025-11-06 07:22:00+00:00,2087.300048828125,2087.300048828125,2086.699951171875,2086.89990234375,1872
2025-11-06 07:23:00+00:00,2086.699951171875,2087.300048828125,2086.10009765625,2087.199951171875,3955
2025-11-06 07:24:00+00:00,2086.89990234375,2088.0,2085.10009765625,2086.699951171875,9107
2025-11-06 07:25:00+00:00,2086.10009765625,2087.39990234375,2086.0,2087.10009765625,3226
2025-11-06 07:26:00+00:00,2086.0,2087.5,2086.0,2086.10009765625,2255
2025-11-06 07:27:00+00:00,2085.60009765625,2086.199951171875,2085.5,2086.10009765625,1486
2025-11-06 07:28:00+00:00,2086.60009765625,2086.699951171875,2085.60009765625,2085.699951171875,1385
2025-11-06 07:29:00+00:00,2086.699951171875,2087.10009765625,2085.800048828125,2086.5,1658
2025-11-06 07:30:00+00:00,2086.300048828125,2086.800048828125,2085.5,2086.800048828125,4281
2025-11-06 07:31:00+00:00,2086.699951171875,2087.39990234375,2085.699951171875,2086.300048828125,2721
2025-11-06 07:32:00+00:00,2087.300048828125,2087.5,2086.39990234375,2086.699951171875,3633
2025-11-06 07:33:00+00:00,2086.89990234375,2088.0,2086.60009765625,2087.39990234375,4938
2025-11-06 07:34:00+00:00,2086.89990234375,2087.800048828125,2086.5,2086.89990234375,4139
2025-11-06 07:35:00+00:00,2086.89990234375,2087.800048828125,2086.800048828125,2087.0,3550
2025-11-06 07:36:00+00:00,2087.300048828125,2087.800048828125,2086.5,2086.89990234375,3434
2025-11-06 07:37:00+00:00,2086.89990234375,2087.5,2086.60009765625,2086.699951171875,2018
2025-11-06 07:38:00+00:00,2087.10009765625,2087.800048828125,2086.800048828125,2086.89990234375,1560
2025-11-06 07:39:00+00:00,2087.60009765625,2088.0,2087.10009765625,2087.199951171875,3371
2025-11-06 07:40:00+00:00,2086.89990234375,2088.0,2086.89990234375,2087.60009765625,2125
2025-11-06 07:41:00+00:00,2087.199951171875,2088.0,2086.5,2087.10009765625,8148
2025-11-06 07:42:00+00:00,2086.699951171875,2088.0,2086.5,2087.10009765625,11155
2025-11-06 07:43:00+00:00,2086.5,2087.199951171875,2085.5,2086.699951171875,8336
2025-11-06 07:44:00+00:00,2086.699951171875,2087.0,2086.199951171875,2086.5,1984
2025-11-06 07:45:00+00:00,2087.199951171875,2087.199951171875,2086.10009765625,2086.800048828125,3421
2025-11-06 07:46:00+00:00,2086.800048828125,2087.300048828125,2086.5,2086.5,1231
2025-11-06 07:47:00+00:00,2086.10009765625,2087.5,2086.10009765625,2086.800048828125,2473
2025-11-06 07:48:00+00:00,2085.60009765625,2087.0,2085.60009765625,2086.199951171875,1864
2025-11-06 07:49:00+00:00,2085.60009765625,2086.199951171875,2085.10009765625,2085.800048828125,2043
2025-11-06 07:50:00+00:00,2085.39990234375,2086.10009765625,2085.199951171875,2085.5,1267
2025-11-06 07:51:00+00:00,2086.0,2086.699951171875,2085.89990234375,2086.699951171875,2098
2025-11-06 07:52:00+00:00,2086.39990234375,2086.800048828125,2085.800048828125,2086.0,1823
2025-11-06 07:53:00+00:00,2085.89990234375,2087.10009765625,2085.800048828125,2086.5,1532
2025-11-06 07:54:00+00:00,2086.5,2087.39990234375,2086.0,2086.0,2656
2025-11-06 07:55:00+00:00,2086.800048828125,2087.699951171875,2086.39990234375,2086.60009765625,1691
2025-11-06 07:56:00+00:00,2087.0,2087.39990234375,2086.800048828125,2086.800048828125,5095
2025-11-06 07:57:00+00:00,2086.699951171875,2087.10009765625,2086.60009765625,2087.10009765625,2293
2025-11-06 07:58:00+00:00,2086.0,2086.5,2086.0,2086.5,3284
2025-11-06 07:59:00+00:00,2086.300048828125,2086.89990234375,2086.10009765625,2086.300048828125,2612
2025-11-06 08:00:00+00:00,2085.800048828125,2086.39990234375,2085.39990234375,2086.199951171875,3279
2025-11-06 08:01:00+00:00,2086.39990234375,2086.5,2085.800048828125,2086.0,2797
2025-11-06 08:02:00+00:00,2087.199951171875,2087.89990234375,2086.10009765625,2086.300048828125,5325
2025-11-06 08:03:00+00:00,2086.39990234375,2088.0,2085.89990234375,2088.0,17596
2025-11-06 08:04:00+00:00,2085.800048828125,2086.39990234375,2085.39990234375,2086.300048828125,2500
2025-11-06 08:05:00+00:00,2086.10009765625,2086.199951171875,2085.300048828125,2085.800048828125,2848
2025-11-06 08:06:00+00:00,2086.39990234375,2087.300048828125,2085.89990234375,2086.0,3388
2025-11-06 08:07:00+00:00,2086.199951171875,2087.0,2086.10009765625,2086.60009765625,3008
2025-11-06 08:08:00+00:00,2084.39990234375,2086.199951171875,2084.300048828125,2086.10009765625,3650
2025-11-06 08:09:00+00:00,2083.10009765625,2084.5,2083.0,2084.300048828125,6879
2025-11-06 08:10:00+00:00,2082.800048828125,2084.199951171875,2082.60009765625,2083.60009765625,13646
2025-11-06 08:11:00+00:00,2082.5,2083.60009765625,2082.10009765625,2082.800048828125,35758
2025-11-06 08:12:00+00:00,2083.60009765625,2083.60009765625,2082.300048828125,2082.5,6324
2025-11-06 08:13:00+00:00,2077.89990234375,2083.199951171875,2077.39990234375,2082.89990234375,25929
2025-11-06 08:14:00+00:00,2079.199951171875,2079.199951171875,2078.0,2078.0,3842
2025-11-06 08:15:00+00:00,2080.300048828125,2080.60009765625,2078.39990234375,2078.89990234375,4020
2025-11-06 08:16:00+00:00,2079.5,2080.89990234375,2079.199951171875,2080.5,3964
2025-11-06 08:17:00+00:00,2079.39990234375,2080.0,2079.0,2079.5,2893
2025-11-06 08:18:00+00:00,2078.39990234375,2079.39990234375,2078.199951171875,2079.39990234375,6251
2025-11-06 08:19:00+00:00,2077.800048828125,2078.39990234375,2077.699951171875,2078.39990234375,2896
2025-11-06 08:20:00+00:00,2078.699951171875,2079.0,2077.89990234375,2078.0,18936
2025-11-06 08:21:00+00:00,2079.10009765625,2079.699951171875,2078.60009765625,2078.60009765625,3941
2025-11-06 08:22:00+00:00,2079.10009765625,2080.0,2079.10009765625,2079.199951171875,3958
2025-11-06 08:23:00+00:00,2078.800048828125,2079.39990234375,2078.60009765625,2079.199951171875,3957
2025-11-06 08:24:00+00:00,2078.699951171875,2079.39990234375,2078.60009765625,2078.89990234375,4096
2025-11-06 08:25:00+00:00,2078.89990234375,2078.89990234375,2078.10009765625,2078.800048828125,4977
2025-11-06 08:26:00+00:00,2079.300048828125,2079.39990234375,2078.89990234375,2078.89990234375,3789
2025-11-06 08:27:00+00:00,2078.699951171875,2079.199951171875,2078.5,2079.199951171875,3938
2025-11-06 08:28:00+00:00,2078.89990234375,2079.39990234375,2078.699951171875,2078.699951171875,4823
2025-11-06 08:29:00+00:00,2079.89990234375,2080.0,2078.60009765625,2079.10009765625,6659
2025-11-06 08:30:00+00:00,2079.800048828125,2080.0,2079.199951171875,2079.89990234375,4764
2025-11-06 08:31:00+00:00,2079.89990234375,2080.0,2079.300048828125,2079.699951171875,3660
2025-11-06 08:32:00+00:00,2079.39990234375,2080.0,2079.0,2080.0,3304
2025-11-06 08:33:00+00:00,2078.0,2079.5,2078.0,2079.39990234375,3698
2025-11-06 08:34:00+00:00,2079.0,2079.60009765625,2077.60009765625,2077.89990234375,4191
2025-11-06 08:35:00+00:00,2078.5,2079.0,2078.39990234375,2078.89990234375,2837
2025-11-06 08:36:00+00:00,2078.699951171875,2079.800048828125,2078.199951171875,2078.39990234375,3330
2025-11-06 08:37:00+00:00,2078.39990234375,2079.199951171875,2077.89990234375,2078.199951171875,2879
2025-11-06 08:38:00+00:00,2079.300048828125,2079.300048828125,2078.0,2079.0,2767
2025-11-06 08:39:00+00:00,2078.5,2079.5,2077.89990234375,2079.10009765625,3788
2025-11-06 08:40:00+00:00,2077.89990234375,2079.199951171875,2077.89990234375,2078.5,3997
2025-11-06 08:41:00+00:00,2079.699951171875,2080.39990234375,2077.699951171875,2077.800048828125,5942
2025-11-06 08:42:00+00:00,2078.39990234375,2079.800048828125,2078.39990234375,2079.5,4166
2025-11-06 08:43:00+00:00,2079.800048828125,2080.199951171875,2078.39990234375,2078.39990234375,3790
2025-11-06 08:44:00+00:00,2080.800048828125,2081.199951171875,2079.300048828125,2079.300048828125,11500
2025-11-06 08:45:00+00:00,2080.300048828125,2081.10009765625,2079.800048828125,2080.89990234375,13220
2025-11-06 08:46:00+00:00,2078.39990234375,2080.199951171875,2078.0,2080.199951171875,4726
2025-11-06 08:47:00+00:00,2078.60009765625,2079.5,2078.199951171875,2078.199951171875,2558
2025-11-06 08:48:00+00:00,2078.199951171875,2079.10009765625,2078.199951171875,2078.39990234375,3139
2025-11-06 08:49:00+00:00,2078.800048828125,2080.10009765625,2078.199951171875,2078.199951171875,3242
2025-11-06 08:50:00+00:00,2079.0,2079.39990234375,2078.39990234375,2078.60009765625,2694
2025-11-06 08:51:00+00:00,2079.699951171875,2079.699951171875,2078.699951171875,2079.0,3047
2025-11-06 08:52:00+00:00,2079.0,2080.300048828125,2078.699951171875,2079.699951171875,3045
2025-11-06 08:53:00+00:00,2079.39990234375,2079.800048828125,2078.800048828125,2079.0,2970
2025-11-06 08:54:00+00:00,2078.89990234375,2079.300048828125,2078.89990234375,2079.300048828125,3020
2025-11-06 08:55:00+00:00,2078.89990234375,2080.0,2078.5,2079.10009765625,3567
2025-11-06 08:56:00+00:00,2079.300048828125,2079.800048828125,2078.800048828125,2078.800048828125,3283
2025-11-06 08:57:00+00:00,2077.89990234375,2079.699951171875,2077.800048828125,2079.0,3150
2025-11-06 08:58:00+00:00,2078.300048828125,2079.10009765625,2077.10009765625,2077.800048828125,14218
2025-11-06 08:59:00+00:00,2080.0,2080.0,2078.300048828125,2078.300048828125,3408
2025-11-06 09:00:00+00:00,2080.300048828125,2081.199951171875,2079.89990234375,2079.89990234375,3566
2025-11-06 09:01:00+00:00,2080.5,2081.39990234375,2080.0,2080.39990234375,2716
2025-11-06 09:02:00+00:00,2081.10009765625,2082.0,2080.300048828125,2080.5,3156
2025-11-06 09:03:00+00:00,2080.60009765625,2081.300048828125,2080.60009765625,2081.10009765625,2634
2025-11-06 09:04:00+00:00,2081.0,2082.5,2080.60009765625,2080.60009765625,3696
2025-11-06 09:05:00+00:00,2081.800048828125,2081.800048828125,2080.699951171875,2081.0,3190
2025-11-06 09:06:00+00:00,2081.199951171875,2081.800048828125,2080.800048828125,2081.800048828125,3582
2025-11-06 09:07:00+00:00,2081.60009765625,2081.89990234375,2080.89990234375,2081.199951171875,2991
2025-11-06 09:08:00+00:00,2081.39990234375,2082.5,2081.199951171875,2081.699951171875,4983
2025-11-06 09:09:00+00:00,2081.199951171875,2081.800048828125,2080.800048828125,2081.199951171875,5070
2025-11-06 09:10:00+00:00,2081.10009765625,2081.699951171875,2080.800048828125,2081.0,12438
2025-11-06 09:11:00+00:00,2082.89990234375,2082.89990234375,2081.10009765625,2081.199951171875,17785
2025-11-06 09:12:00+00:00,2083.89990234375,2084.60009765625,2082.10009765625,2082.10009765625,5703
2025-11-06 09:13:00+00:00,2083.39990234375,2084.5,2082.89990234375,2084.5,5416
2025-11-06 09:14:00+00:00,2083.10009765625,2083.699951171875,2082.5,2083.199951171875,4645
2025-11-06 09:15:00+00:00,2083.60009765625,2084.39990234375,2082.89990234375,2083.0,3943
2025-11-06 09:16:00+00:00,2082.60009765625,2084.10009765625,2082.39990234375,2083.199951171875,4468
2025-11-06 09:17:00+00:00,2082.5,2083.60009765625,2082.199951171875,2083.199951171875,4657
2025-11-06 09:18:00+00:00,2082.5,2083.39990234375,2082.39990234375,2082.5,4632
2025-11-06 09:19:00+00:00,2080.699951171875,2082.699951171875,2080.10009765625,2082.5,28211
2025-11-06 09:20:00+00:00,2082.60009765625,2082.89990234375,2080.39990234375,2080.39990234375,19173
2025-11-06 09:21:00+00:00,2083.5,2084.0,2082.5,2082.5,3581
2025-11-06 09:22:00+00:00,2082.89990234375,2083.89990234375,2082.89990234375,2083.39990234375,3561
2025-11-06 09:23:00+00:00,2082.300048828125,2082.800048828125,2082.10009765625,2082.800048828125,3785
2025-11-06 09:24:00+00:00,2083.199951171875,2083.199951171875,2081.800048828125,2082.300048828125,6526
2025-11-06 09:25:00+00:00,2082.39990234375,2083.10009765625,2082.10009765625,2082.5,3466
2025-11-06 09:26:00+00:00,2082.89990234375,2084.10009765625,2082.39990234375,2082.39990234375,5636
2025-11-06 09:27:00+00:00,2085.0,2085.0,2083.199951171875,2083.300048828125,12121
2025-11-06 09:28:00+00:00,2085.0,2085.300048828125,2084.199951171875,2085.0,15084
2025-11-06 09:29:00+00:00,2085.60009765625,2086.199951171875,2085.0,2085.10009765625,10392
2025-11-06 09:30:00+00:00,2084.0,2085.699951171875,2083.800048828125,2085.60009765625,21176
2025-11-06 09:31:00+00:00,2084.0,2084.10009765625,2083.699951171875,2084.0,17231
2025-11-06 09:32:00+00:00,2083.5,2084.0,2082.60009765625,2084.0,23481
2025-11-06 09:33:00+00:00,2085.39990234375,2086.300048828125,2084.5,2084.5,26361
2025-11-06 09:34:00+00:00,2084.300048828125,2085.39990234375,2084.10009765625,2085.39990234375,19593
2025-11-06 09:35:00+00:00,2084.0,2084.39990234375,2083.300048828125,2084.300048828125,20511
2025-11-06 09:36:00+00:00,2083.300048828125,2084.10009765625,2083.0,2084.0,17584
2025-11-06 09:37:00+00:00,2084.39990234375,2084.39990234375,2082.300048828125,2083.10009765625,27784
2025-11-06 09:38:00+00:00,2085.60009765625,2086.39990234375,2084.39990234375,2084.699951171875,39966
2025-11-06 09:39:00+00:00,2084.5,2085.699951171875,2083.699951171875,2085.699951171875,16632
2025-11-06 09:40:00+00:00,2082.699951171875,2084.199951171875,2081.5,2084.199951171875,34216
2025-11-06 09:41:00+00:00,2082.60009765625,2082.89990234375,2082.5,2082.5,8981
2025-11-06 09:42:00+00:00,2081.89990234375,2082.60009765625,2081.89990234375,2082.60009765625,16251
2025-11-06 09:43:00+00:00,2082.5,2082.89990234375,2079.89990234375,2082.0,35620
2025-11-06 09:44:00+00:00,2083.300048828125,2084.10009765625,2082.60009765625,2082.800048828125,43787
2025-11-06 09:45:00+00:00,2082.699951171875,2084.10009765625,2082.10009765625,2083.300048828125,19346
2025-11-06 09:46:00+00:00,2083.199951171875,2083.39990234375,2080.39990234375,2082.699951171875,39766
2025-11-06 09:47:00+00:00,2082.39990234375,2083.39990234375,2082.0,2083.300048828125,21326
2025-11-06 09:48:00+00:00,2081.10009765625,2082.699951171875,2081.0,2082.699951171875,26625
2025-11-06 09:49:00+00:00,2084.199951171875,2084.199951171875,2081.39990234375,2082.0,31480
2025-11-06 09:50:00+00:00,2082.60009765625,2084.199951171875,2082.39990234375,2084.0,21501
2025-11-06 09:51:00+00:00,2081.800048828125,2082.800048828125,2081.60009765625,2082.60009765625,33834
2025-11-06 09:52:00+00:00,2085.5,2085.5,2081.60009765625,2081.60009765625,38650
2025-11-06 09:53:00+00:00,2086.0,2086.199951171875,2084.10009765625,2085.5,18161
2025-11-06 09:54:00+00:00,2084.199951171875,2085.5,2083.39990234375,2085.300048828125,9205
2025-11-06 09:55:00+00:00,2085.699951171875,2085.699951171875,2083.60009765625,2084.10009765625,17218
2025-11-06 09:56:00+00:00,2084.0,2086.0,2083.39990234375,2085.800048828125,13475
2025-11-06 09:57:00+00:00,2083.300048828125,2084.300048828125,2082.39990234375,2083.39990234375,14400
2025-11-06 09:58:00+00:00,2080.699951171875,2083.300048828125,2078.699951171875,2082.5,17749
2025-11-06 09:59:00+00:00,2083.199951171875,2083.199951171875,2079.39990234375,2080.699951171875,2668
2025-11-07 03:45:00+00:00,2072.89990234375,2079.0,2071.10009765625,2078.0,0
2025-11-07 03:46:00+00:00,2069.5,2072.39990234375,2068.300048828125,2072.39990234375,9803
2025-11-07 03:47:00+00:00,2069.199951171875,2069.5,2067.5,2069.5,6940
2025-11-07 03:48:00+00:00,2068.39990234375,2070.199951171875,2067.699951171875,2069.5,2968
2025-11-07 03:49:00+00:00,2068.300048828125,2069.5,2067.5,2067.5,2998
2025-11-07 03:50:00+00:00,2064.199951171875,2066.800048828125,2063.60009765625,2066.60009765625,7674
2025-11-07 03:51:00+00:00,2060.0,2065.0,2060.0,2064.0,6106
2025-11-07 03:52:00+00:00,2060.60009765625,2063.199951171875,2060.10009765625,2060.800048828125,10539
2025-11-07 03:53:00+00:00,2065.60009765625,2065.60009765625,2059.800048828125,2060.0,5122
2025-11-07 03:54:00+00:00,2065.800048828125,2065.800048828125,2063.699951171875,2065.60009765625,6560
2025-11-07 03:55:00+00:00,2068.39990234375,2068.39990234375,2065.300048828125,2065.800048828125,4148
2025-11-07 03:56:00+00:00,2065.89990234375,2069.699951171875,2065.300048828125,2069.699951171875,4854
2025-11-07 03:57:00+00:00,2067.699951171875,2067.800048828125,2064.699951171875,2065.800048828125,2308
2025-11-07 03:58:00+00:00,2068.60009765625,2069.300048828125,2066.800048828125,2068.0,2101
2025-11-07 03:59:00+00:00,2070.300048828125,2071.800048828125,2068.89990234375,2068.89990234375,3827
2025-11-07 04:00:00+00:00,2071.60009765625,2071.60009765625,2070.199951171875,2070.199951171875,4048
2025-11-07 04:01:00+00:00,2073.10009765625,2074.60009765625,2072.5,2072.800048828125,1877
2025-11-07 04:02:00+00:00,2072.800048828125,2074.60009765625,2071.199951171875,2074.60009765625,4583
2025-11-07 04:03:00+00:00,2073.89990234375,2074.60009765625,2073.300048828125,2073.5,977
2025-11-07 04:04:00+00:00,2072.699951171875,2073.699951171875,2072.39990234375,2073.699951171875,1367
2025-11-07 04:05:00+00:00,2073.5,2073.800048828125,2073.10009765625,2073.39990234375,776
2025-11-07 04:06:00+00:00,2074.5,2074.699951171875,2072.699951171875,2073.800048828125,3276
2025-11-07 04:07:00+00:00,2073.60009765625,2074.699951171875,2073.10009765625,2074.699951171875,3586
2025-11-07 04:08:00+00:00,2075.0,2075.0,2073.5,2073.89990234375,1237
2025-11-07 04:09:00+00:00,2074.39990234375,2074.5,2073.300048828125,2074.199951171875,2849
2025-11-07 04:10:00+00:00,2076.39990234375,2076.39990234375,2074.39990234375,2074.39990234375,1707
2025-11-07 04:11:00+00:00,2077.199951171875,2078.0,2076.39990234375,2076.39990234375,2743
2025-11-07 04:12:00+00:00,2076.199951171875,2078.0,2075.39990234375,2076.800048828125,7866
2025-11-07 04:13:00+00:00,2075.39990234375,2076.300048828125,2074.800048828125,2076.300048828125,2039
2025-11-07 04:14:00+00:00,2075.39990234375,2076.699951171875,2074.39990234375,2074.39990234375,2204
2025-11-07 04:15:00+00:00,2075.800048828125,2076.5,2075.10009765625,2075.800048828125,1834
2025-11-07 04:16:00+00:00,2076.300048828125,2076.89990234375,2075.5,2075.5,1600
2025-11-07 04:17:00+00:00,2077.39990234375,2078.10009765625,2076.300048828125,2076.89990234375,2308
2025-11-07 04:18:00+00:00,2079.0,2079.0,2077.199951171875,2077.800048828125,4932
2025-11-07 04:19:00+00:00,2079.5,2079.800048828125,2078.89990234375,2079.0,3149
2025-11-07 04:20:00+00:00,2079.5,2079.800048828125,2078.60009765625,2079.39990234375,2077
2025-11-07 04:21:00+00:00,2078.5,2080.0,2078.5,2079.300048828125,9134
2025-11-07 04:22:00+00:00,2079.0,2079.5,2078.5,2078.800048828125,1654
2025-11-07 04:23:00+00:00,2078.60009765625,2078.89990234375,2078.60009765625,2078.60009765625,461
2025-11-07 04:24:00+00:00,2077.199951171875,2078.10009765625,2077.0,2078.0,5377
2025-11-07 04:25:00+00:00,2076.300048828125,2077.0,2075.199951171875,2076.39990234375,2848
2025-11-07 04:26:00+00:00,2075.0,2076.89990234375,2074.89990234375,2076.5,5897
2025-11-07 04:27:00+00:00,2077.39990234375,2077.39990234375,2074.89990234375,2075.0,3860
2025-11-07 04:28:00+00:00,2076.60009765625,2077.39990234375,2076.39990234375,2077.199951171875,675
2025-11-07 04:29:00+00:00,2077.199951171875,2077.5,2077.0,2077.10009765625,1451
2025-11-07 04:30:00+00:00,2075.10009765625,2076.800048828125,2074.10009765625,2076.800048828125,3130
2025-11-07 04:31:00+00:00,2075.800048828125,2075.800048828125,2074.0,2074.39990234375,903
2025-11-07 04:32:00+00:00,2076.199951171875,2076.199951171875,2074.300048828125,2075.10009765625,2219
2025-11-07 04:33:00+00:00,2075.89990234375,2077.199951171875,2075.89990234375,2076.60009765625,511
2025-11-07 04:34:00+00:00,2074.60009765625,2076.800048828125,2074.60009765625,2075.89990234375,3404
2025-11-07 04:35:00+00:00,2075.199951171875,2075.300048828125,2074.5,2074.699951171875,896
2025-11-07 04:36:00+00:00,2075.39990234375,2075.699951171875,2075.0,2075.5,1191
2025-11-07 04:37:00+00:00,2075.699951171875,2075.699951171875,2075.0,2075.699951171875,693
2025-11-07 04:38:00+00:00,2075.89990234375,2076.300048828125,2075.699951171875,2075.699951171875,619
2025-11-07 04:39:00+00:00,2075.699951171875,2076.300048828125,2075.60009765625,2076.300048828125,907
2025-11-07 04:40:00+00:00,2076.39990234375,2076.699951171875,2074.89990234375,2074.89990234375,1885
2025-11-07 04:41:00+00:00,2076.10009765625,2076.699951171875,2075.5,2076.10009765625,1037
2025-11-07 04:42:00+00:00,2075.60009765625,2076.300048828125,2075.39990234375,2076.300048828125,736
2025-11-07 04:43:00+00:00,2075.60009765625,2075.89990234375,2075.39990234375,2075.89990234375,485
2025-11-07 04:44:00+00:00,2076.89990234375,2077.300048828125,2075.60009765625,2075.60009765625,507
2025-11-07 04:45:00+00:00,2077.60009765625,2077.60009765625,2076.5,2077.60009765625,730
2025-11-07 04:46:00+00:00,2077.300048828125,2077.60009765625,2076.89990234375,2077.300048828125,718
2025-11-07 04:47:00+00:00,2077.199951171875,2077.300048828125,2076.89990234375,2077.300048828125,299
2025-11-07 04:48:00+00:00,2075.0,2077.300048828125,2075.0,2077.300048828125,5932
2025-11-07 04:49:00+00:00,2075.10009765625,2075.699951171875,2075.0,2075.0,2909
2025-11-07 04:50:00+00:00,2076.10009765625,2076.699951171875,2075.39990234375,2075.60009765625,1846
2025-11-07 04:51:00+00:00,2075.0,2075.800048828125,2074.60009765625,2075.300048828125,1373
2025-11-07 04:52:00+00:00,2075.60009765625,2075.699951171875,2074.800048828125,2075.699951171875,1259
2025-11-07 04:53:00+00:00,2076.60009765625,2076.60009765625,2075.39990234375,2075.89990234375,837
2025-11-07 04:54:00+00:00,2077.89990234375,2077.89990234375,2076.10009765625,2076.60009765625,650
2025-11-07 04:55:00+00:00,2076.60009765625,2077.199951171875,2075.89990234375,2076.5,2249
2025-11-07 04:56:00+00:00,2077.0,2077.5,2076.800048828125,2077.10009765625,1045
2025-11-07 04:57:00+00:00,2075.60009765625,2077.10009765625,2075.60009765625,2077.0,380
2025-11-07 04:58:00+00:00,2076.10009765625,2076.199951171875,2075.199951171875,2075.300048828125,543
2025-11-07 04:59:00+00:00,2077.199951171875,2077.199951171875,2075.89990234375,2076.0,1384
2025-11-07 05:00:00+00:00,2076.0,2077.199951171875,2075.699951171875,2076.300048828125,1935
2025-11-07 05:01:00+00:00,2074.0,2077.10009765625,2073.800048828125,2076.60009765625,5688
2025-11-07 05:02:00+00:00,2075.300048828125,2075.300048828125,2073.39990234375,2073.39990234375,1388
2025-11-07 05:03:00+00:00,2076.300048828125,2076.300048828125,2074.5,2074.5,992
2025-11-07 05:04:00+00:00,2077.60009765625,2077.60009765625,2075.300048828125,2075.300048828125,1566
2025-11-07 05:05:00+00:00,2075.800048828125,2077.5,2075.800048828125,2077.199951171875,1498
2025-11-07 05:06:00+00:00,2077.199951171875,2077.199951171875,2075.89990234375,2076.10009765625,949
2025-11-07 05:07:00+00:00,2077.5,2077.699951171875,2076.5,2076.60009765625,2163
2025-11-07 05:08:00+00:00,2077.10009765625,2077.60009765625,2076.800048828125,2077.60009765625,839
2025-11-07 05:09:00+00:00,2076.39990234375,2076.800048828125,2076.10009765625,2076.800048828125,2899
2025-11-07 05:10:00+00:00,2077.800048828125,2078.0,2076.39990234375,2076.39990234375,1003
2025-11-07 05:11:00+00:00,2079.5,2079.89990234375,2078.10009765625,2078.10009765625,3132
2025-11-07 05:12:00+00:00,2078.89990234375,2079.5,2078.300048828125,2079.0,2004
2025-11-07 05:13:00+00:00,2080.10009765625,2081.89990234375,2078.699951171875,2078.699951171875,4459
2025-11-07 05:14:00+00:00,2080.5,2080.89990234375,2079.5,2080.699951171875,577
2025-11-07 05:15:00+00:00,2080.699951171875,2081.0,2080.60009765625,2080.800048828125,1721
2025-11-07 05:16:00+00:00,2080.199951171875,2081.0,2080.10009765625,2080.699951171875,1933
2025-11-07 05:17:00+00:00,2079.60009765625,2080.60009765625,2079.10009765625,2080.60009765625,4200
2025-11-07 05:18:00+00:00,2079.199951171875,2080.10009765625,2079.199951171875,2080.10009765625,2233
2025-11-07 05:19:00+00:00,2078.800048828125,2079.39990234375,2078.800048828125,2079.39990234375,1827
2025-11-07 05:20:00+00:00,2078.39990234375,2079.800048828125,2078.39990234375,2078.699951171875,1631
2025-11-07 05:21:00+00:00,2080.10009765625,2080.10009765625,2077.89990234375,2078.89990234375,3660
2025-11-07 05:22:00+00:00,2079.199951171875,2080.39990234375,2078.89990234375,2079.699951171875,2627
2025-11-07 05:23:00+00:00,2079.39990234375,2080.0,2079.10009765625,2079.10009765625,1157
2025-11-07 05:24:00+00:00,2078.39990234375,2079.5,2078.0,2079.10009765625,1512
2025-11-07 05:25:00+00:00,2079.199951171875,2079.5,2077.199951171875,2078.60009765625,4510
2025-11-07 05:26:00+00:00,2078.5,2079.10009765625,2077.60009765625,2079.10009765625,2288
2025-11-07 05:27:00+00:00,2077.300048828125,2078.699951171875,2077.300048828125,2077.699951171875,2504
2025-11-07 05:28:00+00:00,2077.300048828125,2078.199951171875,2077.300048828125,2078.10009765625,878
2025-11-07 05:29:00+00:00,2077.699951171875,2078.0,2076.699951171875,2077.800048828125,1598
2025-11-07 05:30:00+00:00,2078.5,2078.5,2077.39990234375,2077.39990234375,1219
2025-11-07 05:31:00+00:00,2078.89990234375,2079.0,2078.5,2078.5,1579
2025-11-07 05:32:00+00:00,2079.300048828125,2079.5,2078.10009765625,2078.10009765625,1031
2025-11-07 05:33:00+00:00,2079.0,2079.39990234375,2078.60009765625,2078.60009765625,664
2025-11-07 05:34:00+00:00,2079.5,2079.5,2079.199951171875,2079.5,1120
2025-11-07 05:35:00+00:00,2078.60009765625,2079.39990234375,2078.60009765625,2079.0,829
2025-11-07 05:36:00+00:00,2080.0,2080.0,2078.5,2078.5,948
2025-11-07 05:37:00+00:00,2079.0,2080.0,2078.300048828125,2080.0,2083
2025-11-07 05:38:00+00:00,2079.800048828125,2080.0,2078.199951171875,2078.89990234375,1028
2025-11-07 05:39:00+00:00,2080.699951171875,2080.699951171875,2079.800048828125,2079.800048828125,1039
2025-11-07 05:40:00+00:00,2081.199951171875,2081.199951171875,2080.60009765625,2080.60009765625,1382
2025-11-07 05:41:00+00:00,2081.10009765625,2081.199951171875,2080.89990234375,2081.0,1119
2025-11-07 05:42:00+00:00,2082.0,2082.0,2081.0,2081.0,1198
2025-11-07 05:43:00+00:00,2087.199951171875,2087.199951171875,2082.199951171875,2082.199951171875,5341
2025-11-07 05:44:00+00:00,2087.10009765625,2088.0,2086.800048828125,2087.199951171875,3728
2025-11-07 05:45:00+00:00,2088.5,2089.60009765625,2087.10009765625,2087.800048828125,5131
2025-11-07 05:46:00+00:00,2088.800048828125,2088.89990234375,2086.300048828125,2088.0,3624
2025-11-07 05:47:00+00:00,2088.10009765625,2088.800048828125,2088.0,2088.5,1275
2025-11-07 05:48:00+00:00,2088.39990234375,2089.89990234375,2088.10009765625,2088.699951171875,1053
2025-11-07 05:49:00+00:00,2087.699951171875,2088.800048828125,2087.10009765625,2088.10009765625,1472
2025-11-07 05:50:00+00:00,2087.5,2088.0,2086.800048828125,2087.699951171875,1431
2025-11-07 05:51:00+00:00,2089.39990234375,2089.39990234375,2087.199951171875,2087.199951171875,1173
2025-11-07 05:52:00+00:00,2088.39990234375,2090.0,2088.0,2089.800048828125,9018
2025-11-07 05:53:00+00:00,2090.0,2090.0,2088.39990234375,2088.89990234375,1149
2025-11-07 05:54:00+00:00,2090.0,2090.0,2089.199951171875,2089.89990234375,2877
2025-11-07 05:55:00+00:00,2090.89990234375,2091.39990234375,2090.0,2090.0,2378
2025-11-07 05:56:00+00:00,2091.300048828125,2091.699951171875,2090.699951171875,2091.0,1606
2025-11-07 05:57:00+00:00,2091.89990234375,2092.5,2091.699951171875,2091.699951171875,2747
2025-11-07 05:58:00+00:00,2093.199951171875,2093.89990234375,2092.10009765625,2092.199951171875,3022
2025-11-07 05:59:00+00:00,2094.699951171875,2094.800048828125,2093.0,2093.199951171875,2702
2025-11-07 06:00:00+00:00,2096.699951171875,2097.0,2094.699951171875,2094.800048828125,4731
2025-11-07 06:01:00+00:00,2097.699951171875,2099.199951171875,2097.0,2097.0,4998
2025-11-07 06:02:00+00:00,2098.699951171875,2098.699951171875,2096.89990234375,2097.89990234375,1475
2025-11-07 06:03:00+00:00,2099.0,2099.300048828125,2097.800048828125,2098.699951171875,1986
2025-11-07 06:04:00+00:00,2098.300048828125,2099.199951171875,2097.199951171875,2097.199951171875,7132
2025-11-07 06:05:00+00:00,2098.300048828125,2098.699951171875,2097.800048828125,2098.0,2036
2025-11-07 06:06:00+00:00,2096.60009765625,2098.300048828125,2095.89990234375,2098.300048828125,3620
2025-11-07 06:07:00+00:00,2096.39990234375,2096.5,2095.60009765625,2095.60009765625,2327
2025-11-07 06:08:00+00:00,2096.0,2096.5,2095.0,2096.5,2285
2025-11-07 06:09:00+00:00,2096.39990234375,2096.89990234375,2095.5,2095.89990234375,2199
2025-11-07 06:10:00+00:00,2096.199951171875,2096.699951171875,2096.10009765625,2096.10009765625,2741
2025-11-07 06:11:00+00:00,2096.5,2096.60009765625,2095.199951171875,2096.300048828125,3608
2025-11-07 06:12:00+00:00,2097.89990234375,2097.89990234375,2096.199951171875,2096.199951171875,1350
2025-11-07 06:13:00+00:00,2097.699951171875,2097.89990234375,2096.39990234375,2097.89990234375,1317
2025-11-07 06:14:00+00:00,2097.800048828125,2097.89990234375,2097.199951171875,2097.60009765625,4828
2025-11-07 06:15:00+00:00,2097.300048828125,2099.10009765625,2097.300048828125,2097.89990234375,1574
2025-11-07 06:16:00+00:00,2097.0,2097.60009765625,2095.699951171875,2096.39990234375,1444
2025-11-07 06:17:00+00:00,2096.60009765625,2097.89990234375,2096.0,2097.0,1689
2025-11-07 06:18:00+00:00,2095.5,2096.699951171875,2094.800048828125,2096.60009765625,2885
2025-11-07 06:19:00+00:00,2095.60009765625,2095.800048828125,2094.0,2095.0,1937
2025-11-07 06:20:00+00:00,2093.39990234375,2096.10009765625,2093.300048828125,2096.10009765625,2773
2025-11-07 06:21:00+00:00,2095.10009765625,2095.199951171875,2093.5,2093.5,951
2025-11-07 06:22:00+00:00,2094.0,2094.800048828125,2093.89990234375,2094.800048828125,1028
2025-11-07 06:23:00+00:00,2092.699951171875,2094.0,2092.699951171875,2094.0,3188
2025-11-07 06:24:00+00:00,2094.0,2094.0,2092.39990234375,2092.699951171875,947
2025-11-07 06:25:00+00:00,2094.0,2094.0,2092.699951171875,2094.0,1395
2025-11-07 06:26:00+00:00,2094.10009765625,2094.10009765625,2093.39990234375,2094.0,1417
2025-11-07 06:27:00+00:00,2092.699951171875,2094.10009765625,2092.699951171875,2094.0,2099
2025-11-07 06:28:00+00:00,2092.800048828125,2093.39990234375,2092.5,2092.5,1156
2025-11-07 06:29:00+00:00,2092.60009765625,2093.10009765625,2092.300048828125,2092.60009765625,729
2025-11-07 06:30:00+00:00,2093.0,2093.5,2092.199951171875,2092.60009765625,1061
2025-11-07 06:31:00+00:00,2094.800048828125,2094.800048828125,2093.0,2093.0,887
2025-11-07 06:32:00+00:00,2094.800048828125,2094.800048828125,2093.199951171875,2094.60009765625,1883
2025-11-07 06:33:00+00:00,2094.0,2094.60009765625,2093.300048828125,2094.60009765625,1426
2025-11-07 06:34:00+00:00,2094.699951171875,2094.699951171875,2093.60009765625,2094.0,1160
2025-11-07 06:35:00+00:00,2093.39990234375,2094.300048828125,2092.800048828125,2094.300048828125,1529
2025-11-07 06:36:00+00:00,2092.699951171875,2093.199951171875,2092.300048828125,2092.89990234375,3021
2025-11-07 06:37:00+00:00,2092.699951171875,2092.89990234375,2092.199951171875,2092.699951171875,1783
2025-11-07 06:38:00+00:00,2092.699951171875,2092.699951171875,2092.39990234375,2092.699951171875,1155
2025-11-07 06:39:00+00:00,2090.10009765625,2092.60009765625,2088.5,2092.60009765625,8314
2025-11-07 06:40:00+00:00,2089.5,2090.60009765625,2089.10009765625,2090.60009765625,3023
2025-11-07 06:41:00+00:00,2088.300048828125,2090.10009765625,2088.300048828125,2089.89990234375,6526
2025-11-07 06:42:00+00:00,2088.5,2090.0,2088.5,2089.0,1951
2025-11-07 06:43:00+00:00,2089.0,2089.699951171875,2088.0,2089.0,2149
2025-11-07 06:44:00+00:00,2089.199951171875,2090.10009765625,2089.0,2089.0,662
2025-11-07 06:45:00+00:00,2089.699951171875,2090.0,2089.0,2089.699951171875,584
2025-11-07 06:46:00+00:00,2089.39990234375,2090.199951171875,2089.39990234375,2089.39990234375,1072
2025-11-07 06:47:00+00:00,2089.39990234375,2089.89990234375,2088.300048828125,2088.300048828125,1944
2025-11-07 06:48:00+00:00,2090.39990234375,2090.39990234375,2089.39990234375,2089.39990234375,502
2025-11-07 06:49:00+00:00,2090.0,2090.60009765625,2090.0,2090.0,647
2025-11-07 06:50:00+00:00,2090.199951171875,2090.39990234375,2090.0,2090.10009765625,1189
2025-11-07 06:51:00+00:00,2091.60009765625,2091.60009765625,2090.39990234375,2090.39990234375,1290
2025-11-07 06:52:00+00:00,2090.39990234375,2091.5,2090.39990234375,2091.0,2960
2025-11-07 06:53:00+00:00,2089.10009765625,2090.699951171875,2089.10009765625,2090.39990234375,1646
2025-11-07 06:54:00+00:00,2089.0,2090.10009765625,2089.0,2089.800048828125,2949
2025-11-07 06:55:00+00:00,2090.199951171875,2090.5,2088.199951171875,2088.199951171875,290
2025-11-07 06:56:00+00:00,2090.0,2090.800048828125,2089.10009765625,2089.39990234375,781
2025-11-07 06:57:00+00:00,2090.0,2090.39990234375,2089.10009765625,2089.199951171875,687
2025-11-07 06:58:00+00:00,2089.0,2090.60009765625,2089.0,2090.39990234375,1459
2025-11-07 06:59:00+00:00,2089.39990234375,2089.89990234375,2089.10009765625,2089.199951171875,1247
2025-11-07 07:00:00+00:00,2089.699951171875,2089.89990234375,2089.10009765625,2089.39990234375,1018
2025-11-07 07:01:00+00:00,2090.10009765625,2090.800048828125,2089.60009765625,2089.800048828125,676
2025-11-07 07:02:00+00:00,2091.0,2091.39990234375,2090.10009765625,2090.10009765625,1171
2025-11-07 07:03:00+00:00,2091.39990234375,2092.199951171875,2090.39990234375,2091.0,1558
2025-11-07 07:04:00+00:00,2091.199951171875,2092.0,2091.10009765625,2091.300048828125,752
2025-11-07 07:05:00+00:00,2091.10009765625,2091.39990234375,2090.89990234375,2091.199951171875,1507
2025-11-07 07:06:00+00:00,2091.5,2092.199951171875,2091.199951171875,2091.199951171875,573
2025-11-07 07:07:00+00:00,2091.300048828125,2091.89990234375,2089.89990234375,2091.39990234375,7084
2025-11-07 07:08:00+00:00,2091.60009765625,2091.800048828125,2090.300048828125,2091.800048828125,1427
2025-11-07 07:09:00+00:00,2089.199951171875,2091.89990234375,2089.199951171875,2090.60009765625,1531
2025-11-07 07:10:00+00:00,2091.300048828125,2092.0,2089.89990234375,2090.800048828125,8340
2025-11-07 07:11:00+00:00,2091.5,2092.199951171875,2091.199951171875,2091.300048828125,887
2025-11-07 07:12:00+00:00,2091.60009765625,2092.5,2091.5,2091.5,797
2025-11-07 07:13:00+00:00,2093.0,2093.0,2091.699951171875,2091.699951171875,674
2025-11-07 07:14:00+00:00,2092.39990234375,2093.0,2091.699951171875,2091.699951171875,7473
2025-11-07 07:15:00+00:00,2094.300048828125,2094.300048828125,2092.5,2092.5,4705
2025-11-07 07:16:00+00:00,2094.60009765625,2095.5,2094.0,2094.300048828125,2147
2025-11-07 07:17:00+00:00,2095.10009765625,2096.300048828125,2094.60009765625,2095.39990234375,3593
2025-11-07 07:18:00+00:00,2095.10009765625,2095.89990234375,2095.0,2095.0,1484
2025-11-07 07:19:00+00:00,2096.10009765625,2096.800048828125,2095.0,2095.199951171875,1430
2025-11-07 07:20:00+00:00,2096.89990234375,2097.300048828125,2095.5,2096.0,1159
2025-11-07 07:21:00+00:00,2097.89990234375,2097.89990234375,2097.0,2097.0,2400
2025-11-07 07:22:00+00:00,2095.89990234375,2098.0,2095.5,2097.199951171875,5441
2025-11-07 07:23:00+00:00,2095.10009765625,2097.0,2095.10009765625,2096.800048828125,1101
2025-11-07 07:24:00+00:00,2095.60009765625,2096.199951171875,2095.199951171875,2095.199951171875,2347
2025-11-07 07:25:00+00:00,2096.300048828125,2096.60009765625,2095.10009765625,2095.60009765625,306203
2025-11-07 07:26:00+00:00,2095.89990234375,2096.89990234375,2095.199951171875,2095.60009765625,974
2025-11-07 07:27:00+00:00,2096.300048828125,2097.0,2095.60009765625,2096.60009765625,967
2025-11-07 07:28:00+00:00,2096.10009765625,2096.89990234375,2095.5,2096.39990234375,638
2025-11-07 07:29:00+00:00,2096.60009765625,2096.89990234375,2095.89990234375,2096.89990234375,327
2025-11-07 07:30:00+00:00,2095.89990234375,2096.89990234375,2095.300048828125,2096.699951171875,995
2025-11-07 07:31:00+00:00,2095.800048828125,2097.0,2095.800048828125,2096.0,810
2025-11-07 07:32:00+00:00,2095.10009765625,2096.0,2094.800048828125,2096.0,1578
2025-11-07 07:33:00+00:00,2095.800048828125,2096.0,2095.10009765625,2095.10009765625,1100
2025-11-07 07:34:00+00:00,2095.300048828125,2096.0,2095.300048828125,2095.800048828125,2310
2025-11-07 07:35:00+00:00,2095.300048828125,2096.699951171875,2095.300048828125,2095.60009765625,1157
2025-11-07 07:36:00+00:00,2095.0,2096.10009765625,2095.0,2096.0,1417
2025-11-07 07:37:00+00:00,2095.60009765625,2096.39990234375,2094.89990234375,2095.0,753
2025-11-07 07:38:00+00:00,2095.39990234375,2096.300048828125,2095.0,2095.300048828125,1870
2025-11-07 07:39:00+00:00,2095.300048828125,2096.300048828125,2094.300048828125,2095.10009765625,1378
2025-11-07 07:40:00+00:00,2096.199951171875,2096.60009765625,2095.300048828125,2095.300048828125,494
2025-11-07 07:41:00+00:00,2096.5,2097.0,2095.5,2095.5,758
2025-11-07 07:42:00+00:00,2096.300048828125,2097.0,2096.300048828125,2096.300048828125,667
2025-11-07 07:43:00+00:00,2095.199951171875,2096.5,2095.199951171875,2096.5,1861
2025-11-07 07:44:00+00:00,2096.5,2096.699951171875,2095.199951171875,2095.199951171875,910
2025-11-07 07:45:00+00:00,2096.300048828125,2097.0,2096.199951171875,2096.300048828125,549
2025-11-07 07:46:00+00:00,2095.89990234375,2096.800048828125,2095.89990234375,2096.300048828125,805
2025-11-07 07:47:00+00:00,2096.300048828125,2096.39990234375,2095.89990234375,2096.10009765625,2851
2025-11-07 07:48:00+00:00,2094.800048828125,2096.300048828125,2094.800048828125,2096.300048828125,3601
2025-11-07 07:49:00+00:00,2095.300048828125,2095.300048828125,2094.300048828125,2094.800048828125,1205
2025-11-07 07:50:00+00:00,2094.300048828125,2095.60009765625,2094.199951171875,2094.60009765625,1597
2025-11-07 07:51:00+00:00,2094.89990234375,2094.89990234375,2094.300048828125,2094.89990234375,2190
2025-11-07 07:52:00+00:00,2094.39990234375,2095.199951171875,2093.699951171875,2094.89990234375,2353
2025-11-07 07:53:00+00:00,2095.300048828125,2095.300048828125,2093.699951171875,2093.699951171875,577
2025-11-07 07:54:00+00:00,2094.699951171875,2095.5,2094.5,2094.5,678
2025-11-07 07:55:00+00:00,2095.5,2095.5,2094.5,2095.0,703
2025-11-07 07:56:00+00:00,2096.89990234375,2097.0,2094.60009765625,2094.60009765625,3885
2025-11-07 07:57:00+00:00,2096.89990234375,2097.39990234375,2096.699951171875,2097.0,21631
2025-11-07 07:58:00+00:00,2095.699951171875,2097.0,2095.5,2096.89990234375,1918
2025-11-07 07:59:00+00:00,2095.699951171875,2097.0,2095.300048828125,2096.60009765625,1680
2025-11-07 08:00:00+00:00,2095.60009765625,2097.0,2095.60009765625,2096.699951171875,2028
2025-11-07 08:01:00+00:00,2095.699951171875,2096.699951171875,2095.60009765625,2095.60009765625,1024
2025-11-07 08:02:00+00:00,2097.0,2097.0,2095.699951171875,2095.699951171875,1592
2025-11-07 08:03:00+00:00,2096.39990234375,2096.89990234375,2095.5,2096.199951171875,883
2025-11-07 08:04:00+00:00,2097.0,2097.0,2096.39990234375,2096.39990234375,512
2025-11-07 08:05:00+00:00,2096.89990234375,2097.0,2096.5,2096.5,2530
2025-11-07 08:06:00+00:00,2096.800048828125,2097.0,2096.800048828125,2096.89990234375,788
2025-11-07 08:07:00+00:00,2095.699951171875,2097.0,2095.699951171875,2096.800048828125,2055
2025-11-07 08:08:00+00:00,2095.699951171875,2096.5,2095.699951171875,2096.5,1192
2025-11-07 08:09:00+00:00,2095.800048828125,2096.39990234375,2095.699951171875,2096.300048828125,1499
2025-11-07 08:10:00+00:00,2096.0,2096.60009765625,2095.800048828125,2095.800048828125,854
2025-11-07 08:11:00+00:00,2096.699951171875,2096.800048828125,2096.0,2096.0,1462
2025-11-07 08:12:00+00:00,2097.0,2097.0,2096.10009765625,2096.300048828125,1781
2025-11-07 08:13:00+00:00,2096.199951171875,2096.89990234375,2096.199951171875,2096.39990234375,808
2025-11-07 08:14:00+00:00,2096.39990234375,2096.89990234375,2096.0,2096.199951171875,885
2025-11-07 08:15:00+00:00,2096.5,2097.0,2096.5,2097.0,2009
2025-11-07 08:16:00+00:00,2094.10009765625,2096.5,2093.699951171875,2096.5,6352
2025-11-07 08:17:00+00:00,2091.10009765625,2093.800048828125,2091.0,2093.39990234375,11516
2025-11-07 08:18:00+00:00,2090.199951171875,2091.5,2090.199951171875,2091.0,4081
2025-11-07 08:19:00+00:00,2092.5,2092.5,2090.199951171875,2090.300048828125,4006
2025-11-07 08:20:00+00:00,2092.0,2093.0,2092.0,2092.199951171875,1609
2025-11-07 08:21:00+00:00,2092.60009765625,2092.800048828125,2092.0,2092.39990234375,1111
2025-11-07 08:22:00+00:00,2092.800048828125,2093.0,2092.0,2092.39990234375,1913
2025-11-07 08:23:00+00:00,2092.800048828125,2092.800048828125,2092.0,2092.39990234375,1608
2025-11-07 08:24:00+00:00,2092.39990234375,2092.89990234375,2092.0,2092.0,692
2025-11-07 08:25:00+00:00,2091.5,2092.89990234375,2090.89990234375,2092.39990234375,2539
2025-11-07 08:26:00+00:00,2091.60009765625,2091.89990234375,2090.89990234375,2091.5,746
2025-11-07 08:27:00+00:00,2090.89990234375,2091.199951171875,2090.199951171875,2090.699951171875,3184
2025-11-07 08:28:00+00:00,2089.60009765625,2091.39990234375,2089.60009765625,2090.800048828125,5464
2025-11-07 08:29:00+00:00,2089.60009765625,2090.5,2089.39990234375,2089.60009765625,832
2025-11-07 08:30:00+00:00,2088.0,2089.60009765625,2087.89990234375,2089.60009765625,3737
2025-11-07 08:31:00+00:00,2086.89990234375,2089.199951171875,2086.10009765625,2088.39990234375,10275
2025-11-07 08:32:00+00:00,2086.89990234375,2087.300048828125,2085.699951171875,2086.89990234375,1384
2025-11-07 08:33:00+00:00,2086.10009765625,2087.5,2086.10009765625,2087.39990234375,908
2025-11-07 08:34:00+00:00,2084.699951171875,2086.800048828125,2083.300048828125,2086.5,16959
2025-11-07 08:35:00+00:00,2083.0,2084.199951171875,2082.60009765625,2084.199951171875,16502
2025-11-07 08:36:00+00:00,2083.89990234375,2084.199951171875,2083.0,2083.0,7157
2025-11-07 08:37:00+00:00,2086.0,2086.10009765625,2083.300048828125,2083.5,2115
2025-11-07 08:38:00+00:00,2085.60009765625,2086.60009765625,2085.39990234375,2086.10009765625,2035
2025-11-07 08:39:00+00:00,2087.0,2087.0,2085.699951171875,2086.39990234375,1364
2025-11-07 08:40:00+00:00,2086.699951171875,2087.0,2086.10009765625,2086.800048828125,1810
2025-11-07 08:41:00+00:00,2087.0,2088.0,2086.39990234375,2086.39990234375,1524
2025-11-07 08:42:00+00:00,2088.0,2088.0,2086.39990234375,2087.0,4014
2025-11-07 08:43:00+00:00,2087.39990234375,2087.60009765625,2086.39990234375,2086.89990234375,3948
2025-11-07 08:44:00+00:00,2086.800048828125,2087.60009765625,2086.5,2086.89990234375,1527
2025-11-07 08:45:00+00:00,2086.0,2087.89990234375,2086.0,2087.10009765625,1922
2025-11-07 08:46:00+00:00,2086.39990234375,2087.199951171875,2086.199951171875,2086.199951171875,1144
2025-11-07 08:47:00+00:00,2086.199951171875,2087.800048828125,2086.199951171875,2086.89990234375,1259
2025-11-07 08:48:00+00:00,2086.39990234375,2086.89990234375,2085.699951171875,2086.10009765625,1284
2025-11-07 08:49:00+00:00,2086.60009765625,2086.699951171875,2086.39990234375,2086.5,1032
2025-11-07 08:50:00+00:00,2088.300048828125,2088.300048828125,2086.60009765625,2086.60009765625,967
2025-11-07 08:51:00+00:00,2087.60009765625,2088.10009765625,2087.39990234375,2088.10009765625,1243
2025-11-07 08:52:00+00:00,2088.0,2088.0,2087.39990234375,2088.0,591
2025-11-07 08:53:00+00:00,2089.300048828125,2089.800048828125,2088.0,2088.0,2329
2025-11-07 08:54:00+00:00,2090.300048828125,2090.39990234375,2089.300048828125,2089.300048828125,1228
2025-11-07 08:55:00+00:00,2089.60009765625,2090.5,2089.39990234375,2090.300048828125,1808
2025-11-07 08:56:00+00:00,2090.5,2091.5,2089.800048828125,2090.10009765625,2437
2025-11-07 08:57:00+00:00,2091.60009765625,2092.199951171875,2090.5,2091.199951171875,1397
2025-11-07 08:58:00+00:00,2092.10009765625,2092.60009765625,2091.60009765625,2092.0,2203
2025-11-07 08:59:00+00:00,2091.800048828125,2092.0,2091.5,2092.0,1661
2025-11-07 09:00:00+00:00,2092.60009765625,2092.800048828125,2091.300048828125,2091.800048828125,1230
2025-11-07 09:01:00+00:00,2092.89990234375,2092.89990234375,2092.0,2092.300048828125,895
2025-11-07 09:02:00+00:00,2092.5,2093.10009765625,2092.0,2092.800048828125,2248
2025-11-07 09:03:00+00:00,2092.39990234375,2093.10009765625,2092.0,2092.60009765625,2951
2025-11-07 09:04:00+00:00,2092.60009765625,2092.60009765625,2092.0,2092.0,1149
2025-11-07 09:05:00+00:00,2093.0,2093.0,2092.0,2092.0,792
2025-11-07 09:06:00+00:00,2092.89990234375,2092.89990234375,2092.0,2092.0,894
2025-11-07 09:07:00+00:00,2092.199951171875,2092.699951171875,2092.0,2092.699951171875,1369
2025-11-07 09:08:00+00:00,2092.800048828125,2093.300048828125,2092.300048828125,2092.89990234375,622
2025-11-07 09:09:00+00:00,2092.800048828125,2093.0,2092.300048828125,2093.0,697
2025-11-07 09:10:00+00:00,2092.5,2092.89990234375,2092.0,2092.300048828125,1555
2025-11-07 09:11:00+00:00,2091.0,2092.0,2090.39990234375,2092.0,12445
2025-11-07 09:12:00+00:00,2091.199951171875,2091.60009765625,2090.199951171875,2090.199951171875,6939
2025-11-07 09:13:00+00:00,2090.699951171875,2091.89990234375,2090.5,2091.0,1134
2025-11-07 09:14:00+00:00,2091.699951171875,2092.10009765625,2090.5,2090.699951171875,925
2025-11-07 09:15:00+00:00,2090.0,2091.699951171875,2089.89990234375,2091.699951171875,1715
2025-11-07 09:16:00+00:00,2089.10009765625,2091.39990234375,2088.800048828125,2090.199951171875,9066
2025-11-07 09:17:00+00:00,2090.0,2090.10009765625,2089.300048828125,2090.0,2094
2025-11-07 09:18:00+00:00,2089.699951171875,2090.0,2089.10009765625,2089.300048828125,1033
2025-11-07 09:19:00+00:00,2089.10009765625,2090.0,2089.10009765625,2090.0,3523
2025-11-07 09:20:00+00:00,2088.89990234375,2089.300048828125,2088.300048828125,2089.10009765625,871
2025-11-07 09:21:00+00:00,2088.699951171875,2089.699951171875,2088.199951171875,2088.199951171875,3077
2025-11-07 09:22:00+00:00,2089.0,2090.0,2088.10009765625,2089.60009765625,4398
2025-11-07 09:23:00+00:00,2086.89990234375,2089.0,2086.89990234375,2089.0,3697
2025-11-07 09:24:00+00:00,2086.89990234375,2088.0,2086.800048828125,2086.89990234375,852
2025-11-07 09:25:00+00:00,2088.300048828125,2088.89990234375,2086.89990234375,2087.800048828125,2043
2025-11-07 09:26:00+00:00,2087.699951171875,2088.89990234375,2087.699951171875,2088.699951171875,2145
2025-11-07 09:27:00+00:00,2088.5,2089.60009765625,2087.699951171875,2087.699951171875,1762
2025-11-07 09:28:00+00:00,2088.300048828125,2089.60009765625,2088.10009765625,2088.39990234375,2777
2025-11-07 09:29:00+00:00,2088.800048828125,2089.89990234375,2088.300048828125,2088.39990234375,2088
2025-11-07 09:30:00+00:00,2087.5,2089.39990234375,2086.800048828125,2089.10009765625,7387
2025-11-07 09:31:00+00:00,2086.199951171875,2087.39990234375,2086.199951171875,2087.10009765625,5886
2025-11-07 09:32:00+00:00,2086.39990234375,2086.5,2085.89990234375,2086.39990234375,2775
2025-11-07 09:33:00+00:00,2085.10009765625,2086.800048828125,2085.10009765625,2086.5,7335
2025-11-07 09:34:00+00:00,2085.89990234375,2086.0,2085.300048828125,2085.300048828125,5313
2025-11-07 09:35:00+00:00,2086.300048828125,2086.300048828125,2086.0,2086.0,3843
2025-11-07 09:36:00+00:00,2085.10009765625,2086.300048828125,2085.10009765625,2086.300048828125,7037
2025-11-07 09:37:00+00:00,2085.39990234375,2085.60009765625,2085.199951171875,2085.5,7662
2025-11-07 09:38:00+00:00,2085.800048828125,2087.0,2085.800048828125,2086.0,10554
2025-11-07 09:39:00+00:00,2085.60009765625,2086.300048828125,2085.5,2086.0,4584
2025-11-07 09:40:00+00:00,2084.699951171875,2086.60009765625,2084.699951171875,2085.699951171875,9010
2025-11-07 09:41:00+00:00,2085.60009765625,2086.5,2085.39990234375,2085.39990234375,4686
2025-11-07 09:42:00+00:00,2085.89990234375,2086.10009765625,2085.60009765625,2085.89990234375,4138
2025-11-07 09:43:00+00:00,2085.699951171875,2086.10009765625,2085.699951171875,2085.89990234375,5147
2025-11-07 09:44:00+00:00,2086.10009765625,2086.10009765625,2085.699951171875,2085.699951171875,7590
2025-11-07 09:45:00+00:00,2088.89990234375,2088.89990234375,2087.0,2087.0,14576
2025-11-07 09:46:00+00:00,2089.199951171875,2089.60009765625,2088.800048828125,2088.89990234375,6249
2025-11-07 09:47:00+00:00,2091.0,2091.199951171875,2089.10009765625,2089.199951171875,18498
2025-11-07 09:48:00+00:00,2090.89990234375,2091.800048828125,2090.89990234375,2091.199951171875,16196
2025-11-07 09:49:00+00:00,2090.0,2090.89990234375,2089.699951171875,2090.89990234375,7328
2025-11-07 09:50:00+00:00,2089.699951171875,2090.199951171875,2089.10009765625,2089.10009765625,10833
2025-11-07 09:51:00+00:00,2088.89990234375,2090.199951171875,2088.800048828125,2090.0,13672
2025-11-07 09:52:00+00:00,2089.0,2089.39990234375,2088.60009765625,2089.10009765625,4987
2025-11-07 09:53:00+00:00,2089.10009765625,2089.60009765625,2088.699951171875,2088.699951171875,6980
2025-11-07 09:54:00+00:00,2089.300048828125,2089.89990234375,2089.199951171875,2089.199951171875,9291
2025-11-07 09:55:00+00:00,2089.800048828125,2089.89990234375,2089.10009765625,2089.199951171875,5739
2025-11-07 09:56:00+00:00,2089.60009765625,2089.89990234375,2089.60009765625,2089.89990234375,9297
2025-11-07 09:57:00+00:00,2089.199951171875,2089.800048828125,2089.199951171875,2089.699951171875,5759
2025-11-07 09:58:00+00:00,2089.89990234375,2089.89990234375,2089.10009765625,2089.199951171875,8172
2025-11-07 09:59:00+00:00,2089.89990234375,2093.0,2088.300048828125,2089.89990234375,4752
2025-11-10 03:45:00+00:00,2091.39990234375,2096.5,2082.60009765625,2091.0,0
2025-11-10 03:46:00+00:00,2092.699951171875,2093.5,2088.89990234375,2090.300048828125,14874
2025-11-10 03:47:00+00:00,2097.800048828125,2098.0,2090.800048828125,2092.0,14661
2025-11-10 03:48:00+00:00,2100.199951171875,2100.300048828125,2096.10009765625,2097.800048828125,14066
2025-11-10 03:49:00+00:00,2091.0,2099.89990234375,2091.0,2099.89990234375,10422
2025-11-10 03:50:00+00:00,2094.60009765625,2094.60009765625,2090.699951171875,2091.300048828125,6875
2025-11-10 03:51:00+00:00,2095.5,2096.39990234375,2092.699951171875,2094.0,7891
2025-11-10 03:52:00+00:00,2093.199951171875,2095.5,2093.199951171875,2095.0,4391
2025-11-10 03:53:00+00:00,2091.800048828125,2092.10009765625,2091.10009765625,2091.5,7371
2025-11-10 03:54:00+00:00,2092.60009765625,2092.60009765625,2091.800048828125,2092.5,6174
2025-11-10 03:55:00+00:00,2091.0,2092.5,2091.0,2092.0,7015
2025-11-10 03:56:00+00:00,2093.0,2095.10009765625,2092.0,2092.300048828125,8711
2025-11-10 03:57:00+00:00,2095.800048828125,2095.800048828125,2093.0,2093.89990234375,4987
2025-11-10 03:58:00+00:00,2092.199951171875,2095.39990234375,2092.199951171875,2095.39990234375,5189
2025-11-10 03:59:00+00:00,2092.300048828125,2092.60009765625,2092.0,2092.60009765625,4878
2025-11-10 04:00:00+00:00,2094.39990234375,2094.699951171875,2093.300048828125,2093.300048828125,7899
2025-11-10 04:01:00+00:00,2095.39990234375,2095.39990234375,2094.300048828125,2094.39990234375,3761
2025-11-10 04:02:00+00:00,2093.0,2095.0,2092.60009765625,2095.0,1856
2025-11-10 04:03:00+00:00,2094.199951171875,2094.199951171875,2091.0,2093.0,9311
2025-11-10 04:04:00+00:00,2094.39990234375,2094.39990234375,2093.0,2093.89990234375,2469
2025-11-10 04:05:00+00:00,2094.10009765625,2094.5,2093.699951171875,2093.699951171875,1113
2025-11-10 04:06:00+00:00,2095.5,2095.5,2094.0,2094.0,2866
2025-11-10 04:07:00+00:00,2093.60009765625,2094.5,2093.60009765625,2094.5,3873
2025-11-10 04:08:00+00:00,2092.60009765625,2094.199951171875,2092.60009765625,2094.199951171875,1951
2025-11-10 04:09:00+00:00,2093.39990234375,2093.39990234375,2092.60009765625,2092.60009765625,3668
2025-11-10 04:10:00+00:00,2091.199951171875,2093.800048828125,2091.199951171875,2093.800048828125,5473
2025-11-10 04:11:00+00:00,2091.300048828125,2092.0,2091.300048828125,2091.39990234375,1346
2025-11-10 04:12:00+00:00,2091.5,2091.5,2091.300048828125,2091.300048828125,1580
2025-11-10 04:13:00+00:00,2089.60009765625,2090.60009765625,2087.800048828125,2090.0,9160
2025-11-10 04:14:00+00:00,2089.60009765625,2089.699951171875,2089.0,2089.699951171875,1529
2025-11-10 04:15:00+00:00,2088.300048828125,2090.39990234375,2088.0,2090.10009765625,3548
2025-11-10 04:16:00+00:00,2088.5,2088.89990234375,2088.199951171875,2088.699951171875,2077
2025-11-10 04:17:00+00:00,2089.5,2089.699951171875,2088.699951171875,2088.699951171875,2130
2025-11-10 04:18:00+00:00,2090.5,2090.5,2089.10009765625,2089.5,2822
2025-11-10 04:19:00+00:00,2091.10009765625,2091.39990234375,2090.699951171875,2091.10009765625,4240
2025-11-10 04:20:00+00:00,2090.5,2091.199951171875,2090.5,2091.199951171875,1560
2025-11-10 04:21:00+00:00,2090.800048828125,2090.800048828125,2089.60009765625,2090.60009765625,4187
2025-11-10 04:22:00+00:00,2091.0,2091.10009765625,2090.699951171875,2091.10009765625,2514
2025-11-10 04:23:00+00:00,2091.800048828125,2091.800048828125,2090.5,2090.699951171875,4009
2025-11-10 04:24:00+00:00,2090.89990234375,2091.60009765625,2090.800048828125,2091.10009765625,1276
2025-11-10 04:25:00+00:00,2091.10009765625,2091.10009765625,2090.800048828125,2091.0,1870
2025-11-10 04:26:00+00:00,2090.0,2090.699951171875,2090.0,2090.699951171875,1547
2025-11-10 04:27:00+00:00,2090.5,2090.89990234375,2090.5,2090.5,2095
2025-11-10 04:28:00+00:00,2090.39990234375,2091.0,2090.300048828125,2091.0,1106
2025-11-10 04:29:00+00:00,2090.5,2091.10009765625,2090.39990234375,2090.39990234375,2776
2025-11-10 04:30:00+00:00,2093.5,2093.699951171875,2091.0,2091.10009765625,8785
2025-11-10 04:31:00+00:00,2095.10009765625,2095.300048828125,2093.60009765625,2093.60009765625,3081
2025-11-10 04:32:00+00:00,2094.10009765625,2095.5,2093.199951171875,2095.5,8918
2025-11-10 04:33:00+00:00,2093.5,2094.10009765625,2093.0,2093.300048828125,1891
2025-11-10 04:34:00+00:00,2093.10009765625,2094.39990234375,2093.10009765625,2093.89990234375,2252
2025-11-10 04:35:00+00:00,2093.60009765625,2093.699951171875,2091.60009765625,2093.10009765625,3591
2025-11-10 04:36:00+00:00,2092.89990234375,2093.89990234375,2092.89990234375,2093.89990234375,1795
2025-11-10 04:37:00+00:00,2093.800048828125,2094.10009765625,2092.89990234375,2092.89990234375,2462
2025-11-10 04:38:00+00:00,2093.300048828125,2094.5,2093.300048828125,2093.89990234375,2307
2025-11-10 04:39:00+00:00,2093.699951171875,2094.60009765625,2093.300048828125,2093.300048828125,1460
2025-11-10 04:40:00+00:00,2093.60009765625,2094.699951171875,2093.39990234375,2094.0,1562
2025-11-10 04:41:00+00:00,2096.199951171875,2096.199951171875,2093.199951171875,2093.39990234375,3315
2025-11-10 04:42:00+00:00,2098.0,2098.39990234375,2096.0,2096.0,2645
2025-11-10 04:43:00+00:00,2098.60009765625,2098.699951171875,2097.5,2098.0,1844
2025-11-10 04:44:00+00:00,2097.5,2098.39990234375,2097.199951171875,2097.800048828125,1007
2025-11-10 04:45:00+00:00,2098.199951171875,2098.699951171875,2097.10009765625,2097.10009765625,2641
2025-11-10 04:46:00+00:00,2098.800048828125,2099.0,2097.699951171875,2098.199951171875,3145
2025-11-10 04:47:00+00:00,2099.0,2100.5,2099.0,2099.5,4305
2025-11-10 04:48:00+00:00,2098.800048828125,2099.39990234375,2098.10009765625,2099.0,2178
2025-11-10 04:49:00+00:00,2099.0,2099.39990234375,2098.39990234375,2098.60009765625,2174
2025-11-10 04:50:00+00:00,2100.199951171875,2100.300048828125,2098.39990234375,2098.39990234375,5201
2025-11-10 04:51:00+00:00,2100.300048828125,2100.60009765625,2098.89990234375,2100.60009765625,7742
2025-11-10 04:52:00+00:00,2100.300048828125,2100.39990234375,2099.5,2099.60009765625,2205
2025-11-10 04:53:00+00:00,2098.39990234375,2099.5,2097.5,2099.5,11872
2025-11-10 04:54:00+00:00,2099.0,2099.0,2097.800048828125,2098.5,8141
2025-11-10 04:55:00+00:00,2098.5,2099.0,2098.5,2098.89990234375,2358
2025-11-10 04:56:00+00:00,2098.800048828125,2098.89990234375,2098.60009765625,2098.60009765625,2761
2025-11-10 04:57:00+00:00,2098.89990234375,2099.0,2098.300048828125,2098.89990234375,2769
2025-11-10 04:58:00+00:00,2097.0,2098.199951171875,2096.800048828125,2097.10009765625,10552
2025-11-10 04:59:00+00:00,2096.699951171875,2097.60009765625,2096.199951171875,2097.60009765625,2439
2025-11-10 05:00:00+00:00,2095.60009765625,2096.699951171875,2095.60009765625,2096.10009765625,1234
2025-11-10 05:01:00+00:00,2095.5,2095.89990234375,2095.199951171875,2095.5,2259
2025-11-10 05:02:00+00:00,2096.60009765625,2096.60009765625,2095.5,2095.5,3103
2025-11-10 05:03:00+00:00,2095.699951171875,2096.60009765625,2095.60009765625,2096.60009765625,2274
2025-11-10 05:04:00+00:00,2094.199951171875,2096.5,2094.199951171875,2095.699951171875,8362
2025-11-10 05:05:00+00:00,2092.800048828125,2094.39990234375,2092.800048828125,2094.300048828125,14743
2025-11-10 05:06:00+00:00,2091.39990234375,2092.800048828125,2091.39990234375,2092.800048828125,4696
2025-11-10 05:07:00+00:00,2089.800048828125,2091.699951171875,2089.800048828125,2091.39990234375,4783
2025-11-10 05:08:00+00:00,2091.89990234375,2092.39990234375,2090.5,2090.5,8947
2025-11-10 05:09:00+00:00,2091.300048828125,2092.0,2091.300048828125,2091.89990234375,10510
2025-11-10 05:10:00+00:00,2092.89990234375,2093.699951171875,2091.300048828125,2091.300048828125,2748
2025-11-10 05:11:00+00:00,2093.60009765625,2093.800048828125,2093.0,2093.0,1976
2025-11-10 05:12:00+00:00,2093.60009765625,2094.0,2093.199951171875,2093.39990234375,1173
2025-11-10 05:13:00+00:00,2093.39990234375,2093.39990234375,2093.199951171875,2093.199951171875,3065
2025-11-10 05:14:00+00:00,2093.199951171875,2094.699951171875,2093.199951171875,2093.39990234375,3870
2025-11-10 05:15:00+00:00,2093.60009765625,2093.699951171875,2093.0,2093.39990234375,1496
2025-11-10 05:16:00+00:00,2093.0,2093.0,2092.300048828125,2093.0,3595
2025-11-10 05:17:00+00:00,2094.89990234375,2095.0,2092.89990234375,2093.0,3118
2025-11-10 05:18:00+00:00,2095.5,2095.5,2094.199951171875,2094.699951171875,1561
2025-11-10 05:19:00+00:00,2096.300048828125,2096.300048828125,2095.0,2095.39990234375,5529
2025-11-10 05:20:00+00:00,2096.300048828125,2096.699951171875,2095.800048828125,2096.199951171875,967
2025-11-10 05:21:00+00:00,2095.60009765625,2096.300048828125,2095.10009765625,2096.199951171875,3021
2025-11-10 05:22:00+00:00,2096.699951171875,2096.800048828125,2095.39990234375,2095.800048828125,2239
2025-11-10 05:23:00+00:00,2096.800048828125,2097.699951171875,2096.60009765625,2097.10009765625,2398
2025-11-10 05:24:00+00:00,2097.300048828125,2097.60009765625,2096.60009765625,2097.0,2348
2025-11-10 05:25:00+00:00,2096.300048828125,2097.5,2096.300048828125,2097.10009765625,1700
2025-11-10 05:26:00+00:00,2096.89990234375,2097.5,2096.39990234375,2096.699951171875,1585
2025-11-10 05:27:00+00:00,2096.60009765625,2097.5,2096.199951171875,2097.5,1343
2025-11-10 05:28:00+00:00,2099.699951171875,2099.699951171875,2095.60009765625,2096.10009765625,3083
2025-11-10 05:29:00+00:00,2099.5,2099.699951171875,2098.60009765625,2099.699951171875,1019
2025-11-10 05:30:00+00:00,2101.60009765625,2101.800048828125,2098.300048828125,2098.800048828125,9175
2025-11-10 05:31:00+00:00,2101.10009765625,2101.60009765625,2101.0,2101.300048828125,1919
2025-11-10 05:32:00+00:00,2102.0,2102.39990234375,2101.0,2101.10009765625,2527
2025-11-10 05:33:00+00:00,2100.10009765625,2102.0,2100.10009765625,2102.0,1923
2025-11-10 05:34:00+00:00,2099.39990234375,2100.39990234375,2099.39990234375,2100.10009765625,2158
2025-11-10 05:35:00+00:00,2099.800048828125,2100.199951171875,2099.0,2100.0,2514
2025-11-10 05:36:00+00:00,2098.699951171875,2100.10009765625,2098.699951171875,2099.800048828125,1946
2025-11-10 05:37:00+00:00,2099.199951171875,2099.199951171875,2097.39990234375,2098.800048828125,2734
2025-11-10 05:38:00+00:00,2097.800048828125,2099.10009765625,2097.699951171875,2099.0,1731
2025-11-10 05:39:00+00:00,2099.300048828125,2099.699951171875,2097.89990234375,2098.39990234375,3084
2025-11-10 05:40:00+00:00,2099.10009765625,2099.199951171875,2098.5,2099.199951171875,1587
2025-11-10 05:41:00+00:00,2099.39990234375,2099.5,2098.5,2098.5,2414
2025-11-10 05:42:00+00:00,2099.199951171875,2099.5,2098.699951171875,2099.5,2083
2025-11-10 05:43:00+00:00,2098.89990234375,2099.5,2098.89990234375,2098.89990234375,2561
2025-11-10 05:44:00+00:00,2098.699951171875,2099.800048828125,2098.699951171875,2098.699951171875,2699
2025-11-10 05:45:00+00:00,2099.800048828125,2099.800048828125,2098.699951171875,2099.0,2435
2025-11-10 05:46:00+00:00,2099.800048828125,2099.89990234375,2099.300048828125,2099.60009765625,1904
2025-11-10 05:47:00+00:00,2099.300048828125,2099.800048828125,2099.199951171875,2099.300048828125,2169
2025-11-10 05:48:00+00:00,2099.300048828125,2100.699951171875,2098.60009765625,2099.0,4070
2025-11-10 05:49:00+00:00,2099.10009765625,2100.0,2098.60009765625,2100.0,1989
2025-11-10 05:50:00+00:00,2099.5,2099.5,2098.5,2099.10009765625,2595
2025-11-10 05:51:00+00:00,2098.199951171875,2099.60009765625,2098.199951171875,2098.800048828125,2104
2025-11-10 05:52:00+00:00,2097.0,2098.699951171875,2096.89990234375,2098.199951171875,3712
2025-11-10 05:53:00+00:00,2097.199951171875,2098.199951171875,2096.5,2097.0,4889
2025-11-10 05:54:00+00:00,2098.800048828125,2099.699951171875,2097.0,2097.5,13603
2025-11-10 05:55:00+00:00,2099.89990234375,2100.300048828125,2098.10009765625,2099.199951171875,4838
2025-11-10 05:56:00+00:00,2099.699951171875,2100.39990234375,2099.199951171875,2099.89990234375,2121
2025-11-10 05:57:00+00:00,2101.800048828125,2101.800048828125,2099.60009765625,2100.0,4026
2025-11-10 05:58:00+00:00,2102.10009765625,2102.89990234375,2100.699951171875,2102.89990234375,3435
2025-11-10 05:59:00+00:00,2102.60009765625,2103.39990234375,2102.10009765625,2102.89990234375,2102
2025-11-10 06:00:00+00:00,2102.300048828125,2103.0,2102.300048828125,2103.0,1635
2025-11-10 06:01:00+00:00,2102.300048828125,2102.800048828125,2102.199951171875,2102.300048828125,1891
2025-11-10 06:02:00+00:00,2101.5,2102.5,2101.5,2102.10009765625,2171
2025-11-10 06:03:00+00:00,2100.89990234375,2101.89990234375,2100.5,2101.89990234375,2258
2025-11-10 06:04:00+00:00,2101.39990234375,2101.60009765625,2100.10009765625,2100.89990234375,1753
2025-11-10 06:05:00+00:00,2101.199951171875,2101.60009765625,2100.60009765625,2101.39990234375,3184
2025-11-10 06:06:00+00:00,2100.89990234375,2101.39990234375,2100.89990234375,2101.39990234375,2011
2025-11-10 06:07:00+00:00,2103.89990234375,2103.89990234375,2100.60009765625,2101.10009765625,4207
2025-11-10 06:08:00+00:00,2104.39990234375,2104.800048828125,2103.5,2104.199951171875,3786
2025-11-10 06:09:00+00:00,2101.199951171875,2104.699951171875,2101.199951171875,2104.699951171875,4725
2025-11-10 06:10:00+00:00,2099.0,2101.699951171875,2098.300048828125,2101.199951171875,8524
2025-11-10 06:11:00+00:00,2098.5,2099.39990234375,2098.0,2099.0,3630
2025-11-10 06:12:00+00:00,2098.39990234375,2100.10009765625,2098.39990234375,2098.699951171875,5123
2025-11-10 06:13:00+00:00,2099.10009765625,2099.300048828125,2098.300048828125,2099.300048828125,2403
2025-11-10 06:14:00+00:00,2098.39990234375,2099.39990234375,2098.39990234375,2098.89990234375,2958
2025-11-10 06:15:00+00:00,2098.699951171875,2099.39990234375,2098.39990234375,2098.699951171875,3126
2025-11-10 06:16:00+00:00,2099.0,2099.60009765625,2098.60009765625,2099.0,3487
2025-11-10 06:17:00+00:00,2099.10009765625,2100.10009765625,2098.800048828125,2099.300048828125,3486
2025-11-10 06:18:00+00:00,2098.60009765625,2099.5,2098.60009765625,2098.800048828125,2172
2025-11-10 06:19:00+00:00,2100.10009765625,2101.300048828125,2098.699951171875,2098.699951171875,2763
2025-11-10 06:20:00+00:00,2100.5,2100.89990234375,2099.89990234375,2100.300048828125,3389
2025-11-10 06:21:00+00:00,2100.699951171875,2101.300048828125,2100.5,2100.60009765625,1670
2025-11-10 06:22:00+00:00,2100.800048828125,2102.0,2100.60009765625,2100.800048828125,3504
2025-11-10 06:23:00+00:00,2100.0,2101.199951171875,2100.0,2100.39990234375,3694
2025-11-10 06:24:00+00:00,2100.10009765625,2100.60009765625,2099.89990234375,2100.0,2689
2025-11-10 06:25:00+00:00,2100.10009765625,2100.89990234375,2099.699951171875,2100.39990234375,2864
2025-11-10 06:26:00+00:00,2098.5,2100.39990234375,2098.5,2099.699951171875,2626
2025-11-10 06:27:00+00:00,2098.39990234375,2099.300048828125,2098.39990234375,2098.5,3817
2025-11-10 06:28:00+00:00,2098.0,2099.10009765625,2098.0,2098.5,2235
2025-11-10 06:29:00+00:00,2099.39990234375,2100.0,2097.699951171875,2098.5,6130
2025-11-10 06:30:00+00:00,2099.300048828125,2100.5,2099.0,2099.60009765625,5433
2025-11-10 06:31:00+00:00,2099.800048828125,2100.800048828125,2099.300048828125,2099.300048828125,3833
2025-11-10 06:32:00+00:00,2099.300048828125,2100.300048828125,2099.10009765625,2099.5,2339
2025-11-10 06:33:00+00:00,2099.60009765625,2100.10009765625,2099.0,2099.5,2233
2025-11-10 06:34:00+00:00,2098.5,2099.60009765625,2098.300048828125,2099.10009765625,4091
2025-11-10 06:35:00+00:00,2098.300048828125,2099.60009765625,2098.0,2098.39990234375,3363
2025-11-10 06:36:00+00:00,2100.0,2100.10009765625,2098.300048828125,2098.300048828125,2947
2025-11-10 06:37:00+00:00,2098.39990234375,2100.0,2098.39990234375,2100.0,2965
2025-11-10 06:38:00+00:00,2097.800048828125,2099.10009765625,2097.800048828125,2098.39990234375,1881
2025-11-10 06:39:00+00:00,2097.199951171875,2098.699951171875,2097.199951171875,2097.800048828125,3683
2025-11-10 06:40:00+00:00,2098.89990234375,2098.89990234375,2096.800048828125,2097.5,10043
2025-11-10 06:41:00+00:00,2097.800048828125,2098.39990234375,2097.60009765625,2098.39990234375,4964
2025-11-10 06:42:00+00:00,2098.39990234375,2099.39990234375,2097.60009765625,2097.699951171875,5008
2025-11-10 06:43:00+00:00,2098.10009765625,2099.300048828125,2098.10009765625,2098.300048828125,4258
2025-11-10 06:44:00+00:00,2097.699951171875,2099.199951171875,2097.699951171875,2099.199951171875,3318
2025-11-10 06:45:00+00:00,2099.300048828125,2099.699951171875,2097.699951171875,2097.699951171875,4087
2025-11-10 06:46:00+00:00,2098.199951171875,2100.300048828125,2098.10009765625,2098.60009765625,3226
2025-11-10 06:47:00+00:00,2098.39990234375,2099.300048828125,2098.0,2099.0,4121
2025-11-10 06:48:00+00:00,2097.89990234375,2098.60009765625,2097.300048828125,2098.39990234375,6786
2025-11-10 06:49:00+00:00,2097.89990234375,2099.300048828125,2097.60009765625,2097.89990234375,3791
2025-11-10 06:50:00+00:00,2098.199951171875,2098.800048828125,2097.800048828125,2097.89990234375,3812
2025-11-10 06:51:00+00:00,2098.0,2099.10009765625,2097.800048828125,2098.199951171875,4061
2025-11-10 06:52:00+00:00,2098.300048828125,2098.89990234375,2097.39990234375,2098.0,3130
2025-11-10 06:53:00+00:00,2098.300048828125,2100.39990234375,2097.89990234375,2097.89990234375,14268
2025-11-10 06:54:00+00:00,2098.300048828125,2099.800048828125,2098.199951171875,2099.300048828125,3080
2025-11-10 06:55:00+00:00,2098.5,2099.5,2098.300048828125,2098.300048828125,4116
2025-11-10 06:56:00+00:00,2098.5,2099.39990234375,2098.300048828125,2098.5,2978
2025-11-10 06:57:00+00:00,2098.199951171875,2099.300048828125,2098.199951171875,2099.300048828125,2025
2025-11-10 06:58:00+00:00,2098.0,2098.800048828125,2098.0,2098.0,3859
2025-11-10 06:59:00+00:00,2099.0,2099.0,2097.89990234375,2098.0,1998
2025-11-10 07:00:00+00:00,2100.10009765625,2101.699951171875,2098.300048828125,2098.39990234375,2566
2025-11-10 07:01:00+00:00,2099.800048828125,2101.10009765625,2099.699951171875,2100.60009765625,1364
2025-11-10 07:02:00+00:00,2099.89990234375,2100.60009765625,2099.699951171875,2100.60009765625,1493
2025-11-10 07:03:00+00:00,2100.0,2100.699951171875,2100.0,2100.39990234375,1140
2025-11-10 07:04:00+00:00,2099.800048828125,2100.10009765625,2099.699951171875,2100.0,812
2025-11-10 07:05:00+00:00,2099.60009765625,2101.0,2098.800048828125,2099.800048828125,13480
2025-11-10 07:06:00+00:00,2099.0,2100.0,2098.60009765625,2098.89990234375,2144
2025-11-10 07:07:00+00:00,2100.39990234375,2101.300048828125,2098.89990234375,2099.60009765625,10511
2025-11-10 07:08:00+00:00,2100.60009765625,2101.39990234375,2100.39990234375,2100.39990234375,953
2025-11-10 07:09:00+00:00,2100.60009765625,2101.39990234375,2100.5,2100.60009765625,968
2025-11-10 07:10:00+00:00,2100.5,2101.10009765625,2100.10009765625,2100.5,1648
2025-11-10 07:11:00+00:00,2099.800048828125,2100.60009765625,2099.800048828125,2100.5,1817
2025-11-10 07:12:00+00:00,2100.800048828125,2100.800048828125,2100.0,2100.60009765625,2037
2025-11-10 07:13:00+00:00,2100.89990234375,2100.89990234375,2100.300048828125,2100.800048828125,1383
2025-11-10 07:14:00+00:00,2100.300048828125,2100.800048828125,2100.199951171875,2100.39990234375,1744
2025-11-10 07:15:00+00:00,2101.0,2101.0,2100.300048828125,2100.300048828125,3459
2025-11-10 07:16:00+00:00,2101.5,2101.89990234375,2101.10009765625,2101.5,1586
2025-11-10 07:17:00+00:00,2101.300048828125,2102.0,2101.10009765625,2101.699951171875,2968
2025-11-10 07:18:00+00:00,2101.800048828125,2102.0,2101.0,2101.300048828125,2940
2025-11-10 07:19:00+00:00,2101.0,2102.0,2101.0,2101.800048828125,2210
2025-11-10 07:20:00+00:00,2101.0,2101.89990234375,2101.0,2101.0,2133
2025-11-10 07:21:00+00:00,2101.300048828125,2101.699951171875,2101.0,2101.60009765625,1355
2025-11-10 07:22:00+00:00,2102.0,2102.0,2101.0,2101.300048828125,2087
2025-11-10 07:23:00+00:00,2101.39990234375,2102.0,2101.199951171875,2101.699951171875,1222
2025-11-10 07:24:00+00:00,2102.10009765625,2102.10009765625,2101.199951171875,2102.0,1952
2025-11-10 07:25:00+00:00,2101.699951171875,2102.300048828125,2101.39990234375,2101.39990234375,2824
2025-11-10 07:26:00+00:00,2101.60009765625,2102.199951171875,2101.60009765625,2102.0,1009
2025-11-10 07:27:00+00:00,2101.699951171875,2102.0,2101.0,2101.60009765625,1535
2025-11-10 07:28:00+00:00,2100.300048828125,2101.800048828125,2100.300048828125,2101.199951171875,2571
2025-11-10 07:29:00+00:00,2100.0,2101.10009765625,2100.0,2100.39990234375,4669
2025-11-10 07:30:00+00:00,2101.699951171875,2101.699951171875,2099.800048828125,2100.0,2481
2025-11-10 07:31:00+00:00,2102.39990234375,2102.39990234375,2101.39990234375,2101.800048828125,2081
2025-11-10 07:32:00+00:00,2102.0,2103.0,2102.0,2102.0,1412
2025-11-10 07:33:00+00:00,2103.0,2103.0,2102.0,2102.0,5175
2025-11-10 07:34:00+00:00,2102.300048828125,2103.10009765625,2101.60009765625,2103.0,1998
2025-11-10 07:35:00+00:00,2101.0,2102.300048828125,2100.800048828125,2102.0,1330
2025-11-10 07:36:00+00:00,2100.10009765625,2101.5,2100.10009765625,2101.0,3243
2025-11-10 07:37:00+00:00,2101.89990234375,2101.89990234375,2100.300048828125,2101.0,1331
2025-11-10 07:38:00+00:00,2102.0,2102.0,2101.0,2101.10009765625,1884
2025-11-10 07:39:00+00:00,2101.39990234375,2102.5,2100.89990234375,2102.5,4669
2025-11-10 07:40:00+00:00,2101.5,2102.5,2101.300048828125,2101.89990234375,2439
2025-11-10 07:41:00+00:00,2101.800048828125,2102.60009765625,2101.5,2102.39990234375,2171
2025-11-10 07:42:00+00:00,2100.699951171875,2102.300048828125,2100.0,2102.300048828125,3670
2025-11-10 07:43:00+00:00,2099.89990234375,2101.60009765625,2099.89990234375,2100.800048828125,4195
2025-11-10 07:44:00+00:00,2099.300048828125,2100.5,2099.10009765625,2099.89990234375,4394
2025-11-10 07:45:00+00:00,2099.60009765625,2100.300048828125,2099.0,2100.10009765625,6399
2025-11-10 07:46:00+00:00,2098.5,2099.699951171875,2098.39990234375,2099.699951171875,2798
2025-11-10 07:47:00+00:00,2099.5,2100.0,2098.60009765625,2099.0,4420
2025-11-10 07:48:00+00:00,2100.0,2100.300048828125,2099.60009765625,2099.89990234375,2950
2025-11-10 07:49:00+00:00,2100.199951171875,2100.60009765625,2099.199951171875,2100.199951171875,4112
2025-11-10 07:50:00+00:00,2099.39990234375,2100.39990234375,2099.39990234375,2100.10009765625,3017
2025-11-10 07:51:00+00:00,2099.10009765625,2100.0,2098.5,2099.39990234375,9172
2025-11-10 07:52:00+00:00,2099.699951171875,2099.800048828125,2098.800048828125,2099.0,3840
2025-11-10 07:53:00+00:00,2100.0,2100.0,2098.89990234375,2099.300048828125,4392
2025-11-10 07:54:00+00:00,2100.199951171875,2100.199951171875,2099.39990234375,2099.39990234375,4484
2025-11-10 07:55:00+00:00,2099.89990234375,2100.89990234375,2099.89990234375,2100.10009765625,3217
2025-11-10 07:56:00+00:00,2099.800048828125,2100.800048828125,2099.800048828125,2100.199951171875,3207
2025-11-10 07:57:00+00:00,2099.60009765625,2100.5,2099.300048828125,2100.5,2521
2025-11-10 07:58:00+00:00,2098.800048828125,2099.39990234375,2098.699951171875,2099.300048828125,3017
2025-11-10 07:59:00+00:00,2099.89990234375,2099.89990234375,2099.0,2099.0,3487
2025-11-10 08:00:00+00:00,2100.699951171875,2100.699951171875,2099.39990234375,2099.89990234375,2880
2025-11-10 08:01:00+00:00,2100.199951171875,2101.0,2100.199951171875,2100.699951171875,3212
2025-11-10 08:02:00+00:00,2100.60009765625,2101.0,2100.10009765625,2100.199951171875,3448
2025-11-10 08:03:00+00:00,2100.5,2101.199951171875,2099.89990234375,2100.60009765625,3676
2025-11-10 08:04:00+00:00,2100.5,2101.5,2100.5,2100.800048828125,2137
2025-11-10 08:05:00+00:00,2101.5,2101.60009765625,2100.39990234375,2100.5,4377
2025-11-10 08:06:00+00:00,2101.0,2101.199951171875,2100.300048828125,2100.60009765625,2692
2025-11-10 08:07:00+00:00,2101.300048828125,2101.89990234375,2100.5,2101.0,2865
2025-11-10 08:08:00+00:00,2102.5,2102.5,2102.0,2102.0,2949
2025-11-10 08:09:00+00:00,2101.89990234375,2102.699951171875,2101.699951171875,2101.89990234375,3536
2025-11-10 08:10:00+00:00,2100.5,2102.10009765625,2100.5,2102.0,4273
2025-11-10 08:11:00+00:00,2100.39990234375,2101.10009765625,2100.10009765625,2101.10009765625,2164
2025-11-10 08:12:00+00:00,2100.10009765625,2101.39990234375,2100.0,2100.10009765625,5210
2025-11-10 08:13:00+00:00,2100.10009765625,2100.39990234375,2099.199951171875,2100.39990234375,5613
2025-11-10 08:14:00+00:00,2097.60009765625,2100.0,2097.60009765625,2100.0,5649
2025-11-10 08:15:00+00:00,2097.699951171875,2098.60009765625,2097.39990234375,2098.0,9411
2025-11-10 08:16:00+00:00,2096.39990234375,2097.39990234375,2095.800048828125,2097.300048828125,22162
2025-11-10 08:17:00+00:00,2096.39990234375,2097.699951171875,2095.800048828125,2097.300048828125,19121
2025-11-10 08:18:00+00:00,2097.10009765625,2098.10009765625,2095.39990234375,2096.199951171875,14888
2025-11-10 08:19:00+00:00,2098.39990234375,2098.39990234375,2097.10009765625,2097.10009765625,3191
2025-11-10 08:20:00+00:00,2097.699951171875,2098.39990234375,2097.0,2098.39990234375,3416
2025-11-10 08:21:00+00:00,2097.0,2097.800048828125,2096.89990234375,2097.699951171875,2841
2025-11-10 08:22:00+00:00,2096.39990234375,2098.0,2096.39990234375,2097.300048828125,4137
2025-11-10 08:23:00+00:00,2096.39990234375,2097.199951171875,2095.89990234375,2097.199951171875,4674
2025-11-10 08:24:00+00:00,2095.5,2096.60009765625,2095.5,2096.300048828125,3881
2025-11-10 08:25:00+00:00,2095.699951171875,2096.60009765625,2095.5,2095.5,6865
2025-11-10 08:26:00+00:00,2096.300048828125,2097.300048828125,2095.60009765625,2095.89990234375,6919
2025-11-10 08:27:00+00:00,2095.300048828125,2096.39990234375,2095.300048828125,2096.199951171875,4556
2025-11-10 08:28:00+00:00,2096.199951171875,2096.300048828125,2095.0,2095.60009765625,5991
2025-11-10 08:29:00+00:00,2095.60009765625,2096.39990234375,2095.0,2096.199951171875,3681
2025-11-10 08:30:00+00:00,2095.199951171875,2095.60009765625,2095.10009765625,2095.10009765625,3765
2025-11-10 08:31:00+00:00,2095.89990234375,2096.10009765625,2095.199951171875,2095.60009765625,5236
2025-11-10 08:32:00+00:00,2095.699951171875,2096.300048828125,2095.199951171875,2096.300048828125,3571
2025-11-10 08:33:00+00:00,2097.39990234375,2097.39990234375,2095.800048828125,2095.89990234375,6854
2025-11-10 08:34:00+00:00,2097.89990234375,2098.39990234375,2097.10009765625,2097.300048828125,13773
2025-11-10 08:35:00+00:00,2098.60009765625,2098.699951171875,2097.800048828125,2098.199951171875,14052
2025-11-10 08:36:00+00:00,2097.5,2099.10009765625,2097.39990234375,2098.89990234375,12085
2025-11-10 08:37:00+00:00,2097.39990234375,2098.199951171875,2096.5,2098.199951171875,7265
2025-11-10 08:38:00+00:00,2097.0,2097.5,2096.0,2097.5,8515
2025-11-10 08:39:00+00:00,2097.199951171875,2097.199951171875,2096.0,2097.0,7807
2025-11-10 08:40:00+00:00,2096.699951171875,2097.300048828125,2095.89990234375,2097.300048828125,6647
2025-11-10 08:41:00+00:00,2097.10009765625,2097.199951171875,2096.10009765625,2096.699951171875,5169
2025-11-10 08:42:00+00:00,2097.10009765625,2097.699951171875,2096.300048828125,2096.5,5994
2025-11-10 08:43:00+00:00,2095.89990234375,2097.10009765625,2095.89990234375,2097.10009765625,4735
2025-11-10 08:44:00+00:00,2095.699951171875,2096.699951171875,2095.5,2095.800048828125,6707
2025-11-10 08:45:00+00:00,2095.39990234375,2096.60009765625,2095.199951171875,2096.60009765625,5665
2025-11-10 08:46:00+00:00,2096.10009765625,2096.199951171875,2095.10009765625,2095.89990234375,8284
2025-11-10 08:47:00+00:00,2096.39990234375,2096.39990234375,2095.199951171875,2096.10009765625,5571
2025-11-10 08:48:00+00:00,2095.199951171875,2096.199951171875,2095.199951171875,2096.0,4114
2025-11-10 08:49:00+00:00,2095.0,2096.10009765625,2095.0,2095.199951171875,6984
2025-11-10 08:50:00+00:00,2095.699951171875,2096.10009765625,2095.0,2095.60009765625,5867
2025-11-10 08:51:00+00:00,2096.10009765625,2096.60009765625,2094.89990234375,2095.300048828125,5361
2025-11-10 08:52:00+00:00,2096.0,2097.199951171875,2095.300048828125,2095.5,11447
2025-11-10 08:53:00+00:00,2097.89990234375,2098.199951171875,2096.0,2096.0,12871
2025-11-10 08:54:00+00:00,2097.89990234375,2099.199951171875,2096.89990234375,2097.89990234375,13215
2025-11-10 08:55:00+00:00,2097.5,2099.199951171875,2097.39990234375,2097.89990234375,10550
2025-11-10 08:56:00+00:00,2096.89990234375,2098.0,2096.89990234375,2097.300048828125,4870
2025-11-10 08:57:00+00:00,2096.39990234375,2097.300048828125,2095.699951171875,2096.89990234375,7693
2025-11-10 08:58:00+00:00,2096.10009765625,2096.89990234375,2095.800048828125,2095.800048828125,7843
2025-11-10 08:59:00+00:00,2095.60009765625,2096.800048828125,2095.60009765625,2096.0,6865
2025-11-10 09:00:00+00:00,2096.60009765625,2097.89990234375,2096.199951171875,2096.300048828125,8223
2025-11-10 09:01:00+00:00,2095.10009765625,2097.0,2095.10009765625,2096.800048828125,7415
2025-11-10 09:02:00+00:00,2094.800048828125,2096.300048828125,2094.199951171875,2095.89990234375,7006
2025-11-10 09:03:00+00:00,2094.89990234375,2095.60009765625,2094.10009765625,2094.300048828125,7776
2025-11-10 09:04:00+00:00,2095.199951171875,2095.5,2094.5,2095.5,5133
2025-11-10 09:05:00+00:00,2094.5,2095.300048828125,2094.39990234375,2095.199951171875,5300
2025-11-10 09:06:00+00:00,2095.5,2095.800048828125,2094.5,2095.0,8556
2025-11-10 09:07:00+00:00,2095.0,2095.800048828125,2094.60009765625,2095.300048828125,9047
2025-11-10 09:08:00+00:00,2095.199951171875,2095.199951171875,2094.300048828125,2094.5,6952
2025-11-10 09:09:00+00:00,2094.5,2095.199951171875,2093.699951171875,2095.199951171875,12930
2025-11-10 09:10:00+00:00,2092.800048828125,2094.300048828125,2092.800048828125,2093.800048828125,8421
2025-11-10 09:11:00+00:00,2093.0,2093.5,2092.300048828125,2093.10009765625,11412
2025-11-10 09:12:00+00:00,2092.199951171875,2093.0,2091.0,2093.0,28191
2025-11-10 09:13:00+00:00,2093.39990234375,2093.800048828125,2092.300048828125,2092.300048828125,17818
2025-11-10 09:14:00+00:00,2093.699951171875,2094.199951171875,2092.699951171875,2093.60009765625,16539
2025-11-10 09:15:00+00:00,2096.0,2096.10009765625,2093.199951171875,2093.699951171875,14403
2025-11-10 09:16:00+00:00,2096.199951171875,2097.300048828125,2095.300048828125,2096.10009765625,8240
2025-11-10 09:17:00+00:00,2098.10009765625,2098.10009765625,2096.199951171875,2096.199951171875,6332
2025-11-10 09:18:00+00:00,2098.0,2099.10009765625,2097.5,2098.10009765625,5301
2025-11-10 09:19:00+00:00,2098.0,2099.0,2097.60009765625,2098.10009765625,3374
2025-11-10 09:20:00+00:00,2098.89990234375,2098.89990234375,2098.0,2098.0,4790
2025-11-10 09:21:00+00:00,2098.5,2099.800048828125,2097.699951171875,2099.199951171875,6092
2025-11-10 09:22:00+00:00,2097.10009765625,2098.800048828125,2096.89990234375,2098.0,3377
2025-11-10 09:23:00+00:00,2098.10009765625,2098.60009765625,2096.89990234375,2098.0,3606
2025-11-10 09:24:00+00:00,2097.800048828125,2098.10009765625,2096.800048828125,2097.199951171875,3232
2025-11-10 09:25:00+00:00,2098.5,2098.5,2097.5,2097.800048828125,5151
2025-11-10 09:26:00+00:00,2097.5,2097.800048828125,2096.5,2097.800048828125,3224
2025-11-10 09:27:00+00:00,2096.89990234375,2098.199951171875,2096.699951171875,2098.199951171875,4078
2025-11-10 09:28:00+00:00,2096.199951171875,2097.5,2095.800048828125,2097.300048828125,5026
2025-11-10 09:29:00+00:00,2096.300048828125,2097.0,2095.800048828125,2096.699951171875,3732
2025-11-10 09:30:00+00:00,2095.60009765625,2096.699951171875,2094.5,2096.699951171875,14515
2025-11-10 09:31:00+00:00,2095.699951171875,2096.300048828125,2094.800048828125,2095.60009765625,17497
2025-11-10 09:32:00+00:00,2095.10009765625,2095.89990234375,2093.60009765625,2095.89990234375,13486
2025-11-10 09:33:00+00:00,2094.39990234375,2095.39990234375,2094.0,2094.5,18919
2025-11-10 09:34:00+00:00,2095.60009765625,2096.39990234375,2094.300048828125,2095.0,18133
2025-11-10 09:35:00+00:00,2097.10009765625,2097.60009765625,2095.60009765625,2096.39990234375,19476
2025-11-10 09:36:00+00:00,2095.5,2097.0,2094.800048828125,2096.699951171875,15008
2025-11-10 09:37:00+00:00,2095.0,2096.300048828125,2094.60009765625,2095.699951171875,14515
2025-11-10 09:38:00+00:00,2095.199951171875,2096.39990234375,2094.5,2094.699951171875,19900
2025-11-10 09:39:00+00:00,2093.60009765625,2095.199951171875,2093.60009765625,2095.199951171875,13990
2025-11-10 09:40:00+00:00,2093.0,2094.300048828125,2092.89990234375,2093.60009765625,22384
2025-11-10 09:41:00+00:00,2091.699951171875,2093.60009765625,2091.699951171875,2093.10009765625,17018
2025-11-10 09:42:00+00:00,2091.300048828125,2092.199951171875,2090.699951171875,2091.89990234375,22139
2025-11-10 09:43:00+00:00,2091.39990234375,2092.800048828125,2091.0,2091.0,20705
2025-11-10 09:44:00+00:00,2092.5,2092.800048828125,2091.300048828125,2091.699951171875,22729
2025-11-10 09:45:00+00:00,2091.39990234375,2092.5,2091.39990234375,2092.5,18472
2025-11-10 09:46:00+00:00,2092.60009765625,2092.699951171875,2091.5,2091.800048828125,24934
2025-11-10 09:47:00+00:00,2091.89990234375,2092.60009765625,2091.39990234375,2092.199951171875,17830
2025-11-10 09:48:00+00:00,2092.10009765625,2092.699951171875,2091.199951171875,2091.699951171875,22908
2025-11-10 09:49:00+00:00,2090.39990234375,2092.39990234375,2090.300048828125,2092.199951171875,17318
2025-11-10 09:50:00+00:00,2090.800048828125,2091.5,2090.39990234375,2090.39990234375,19678
2025-11-10 09:51:00+00:00,2091.0,2092.0,2090.300048828125,2090.800048828125,24247
2025-11-10 09:52:00+00:00,2090.89990234375,2091.39990234375,2090.300048828125,2091.199951171875,13284
2025-11-10 09:53:00+00:00,2090.10009765625,2091.0,2089.89990234375,2090.800048828125,22421
2025-11-10 09:54:00+00:00,2090.60009765625,2091.300048828125,2089.89990234375,2090.699951171875,17782
2025-11-10 09:55:00+00:00,2090.10009765625,2092.0,2090.10009765625,2090.60009765625,21809
2025-11-10 09:56:00+00:00,2090.800048828125,2091.699951171875,2090.0,2090.10009765625,17265
2025-11-10 09:57:00+00:00,2089.89990234375,2091.800048828125,2089.89990234375,2090.300048828125,22802
2025-11-10 09:58:00+00:00,2090.0,2090.800048828125,2089.699951171875,2089.89990234375,6529
2025-11-10 09:59:00+00:00,2092.699951171875,2092.699951171875,2089.60009765625,2089.800048828125,5440
2025-11-11 03:45:00+00:00,2090.39990234375,2098.0,2089.0,2098.0,0
2025-11-11 03:46:00+00:00,2086.699951171875,2090.39990234375,2085.60009765625,2090.300048828125,10449
2025-11-11 03:47:00+00:00,2085.5,2088.39990234375,2085.39990234375,2086.0,15977
2025-11-11 03:48:00+00:00,2085.199951171875,2087.300048828125,2084.199951171875,2085.699951171875,9506
2025-11-11 03:49:00+00:00,2084.0,2085.89990234375,2083.89990234375,2085.199951171875,7316
2025-11-11 03:50:00+00:00,2085.60009765625,2086.60009765625,2082.300048828125,2082.60009765625,7851
2025-11-11 03:51:00+00:00,2085.699951171875,2088.10009765625,2084.199951171875,2086.39990234375,10047
2025-11-11 03:52:00+00:00,2086.300048828125,2087.699951171875,2085.60009765625,2086.800048828125,1104
2025-11-11 03:53:00+00:00,2086.60009765625,2086.800048828125,2085.699951171875,2085.699951171875,1425
2025-11-11 03:54:00+00:00,2087.300048828125,2087.699951171875,2086.199951171875,2086.199951171875,2147
2025-11-11 03:55:00+00:00,2088.60009765625,2088.60009765625,2086.39990234375,2087.0,651
2025-11-11 03:56:00+00:00,2085.60009765625,2088.699951171875,2085.60009765625,2088.699951171875,1848
2025-11-11 03:57:00+00:00,2084.800048828125,2086.300048828125,2084.800048828125,2085.60009765625,2346
2025-11-11 03:58:00+00:00,2084.0,2085.89990234375,2083.89990234375,2084.800048828125,779
2025-11-11 03:59:00+00:00,2085.10009765625,2085.699951171875,2083.0,2083.60009765625,1889
2025-11-11 04:00:00+00:00,2085.39990234375,2086.800048828125,2083.0,2086.300048828125,45126
2025-11-11 04:01:00+00:00,2086.39990234375,2087.0,2085.0,2085.699951171875,1778
2025-11-11 04:02:00+00:00,2086.699951171875,2087.39990234375,2086.60009765625,2086.60009765625,167
2025-11-11 04:03:00+00:00,2085.0,2087.300048828125,2085.0,2087.300048828125,1557
2025-11-11 04:04:00+00:00,2087.10009765625,2087.10009765625,2085.0,2085.0,2545
2025-11-11 04:05:00+00:00,2087.0,2087.89990234375,2086.89990234375,2086.89990234375,2557
2025-11-11 04:06:00+00:00,2086.60009765625,2086.89990234375,2086.39990234375,2086.89990234375,1157
2025-11-11 04:07:00+00:00,2087.10009765625,2087.10009765625,2085.60009765625,2085.60009765625,618
2025-11-11 04:08:00+00:00,2086.0,2088.0,2085.699951171875,2087.5,2387
2025-11-11 04:09:00+00:00,2087.699951171875,2087.699951171875,2085.300048828125,2086.199951171875,3398
2025-11-11 04:10:00+00:00,2087.39990234375,2088.5,2087.39990234375,2087.699951171875,1824
2025-11-11 04:11:00+00:00,2086.199951171875,2086.800048828125,2086.199951171875,2086.800048828125,165
2025-11-11 04:12:00+00:00,2087.0,2087.300048828125,2086.199951171875,2086.199951171875,2370
2025-11-11 04:13:00+00:00,2087.199951171875,2087.699951171875,2086.800048828125,2086.800048828125,455
2025-11-11 04:14:00+00:00,2087.0,2087.10009765625,2086.5,2086.5,552
2025-11-11 04:15:00+00:00,2087.0,2087.800048828125,2086.699951171875,2086.699951171875,256
2025-11-11 04:16:00+00:00,2086.699951171875,2087.60009765625,2086.699951171875,2087.0,463
2025-11-11 04:17:00+00:00,2086.60009765625,2087.0,2086.60009765625,2087.0,622
2025-11-11 04:18:00+00:00,2085.699951171875,2086.699951171875,2085.5,2086.60009765625,74703
2025-11-11 04:19:00+00:00,2082.199951171875,2087.39990234375,2082.199951171875,2086.300048828125,52764
2025-11-11 04:20:00+00:00,2081.699951171875,2083.10009765625,2081.0,2082.0,2192
2025-11-11 04:21:00+00:00,2082.199951171875,2082.199951171875,2081.5,2081.5,972
2025-11-11 04:22:00+00:00,2083.300048828125,2083.60009765625,2081.5,2081.5,3215
2025-11-11 04:23:00+00:00,2082.89990234375,2083.89990234375,2082.699951171875,2083.300048828125,1301
2025-11-11 04:24:00+00:00,2083.89990234375,2084.0,2082.199951171875,2083.60009765625,2908
2025-11-11 04:25:00+00:00,2083.5,2084.0,2083.5,2083.5,1715
2025-11-11 04:26:00+00:00,2085.0,2085.0,2083.89990234375,2084.5,2031
2025-11-11 04:27:00+00:00,2084.300048828125,2084.39990234375,2083.800048828125,2083.89990234375,293
2025-11-11 04:28:00+00:00,2084.89990234375,2084.89990234375,2084.60009765625,2084.60009765625,248
2025-11-11 04:29:00+00:00,2084.10009765625,2085.0,2084.0,2085.0,365
2025-11-11 04:30:00+00:00,2083.199951171875,2084.800048828125,2083.199951171875,2084.800048828125,7826
2025-11-11 04:31:00+00:00,2084.89990234375,2085.199951171875,2083.39990234375,2083.39990234375,856
2025-11-11 04:32:00+00:00,2084.60009765625,2085.0,2084.10009765625,2084.89990234375,537
2025-11-11 04:33:00+00:00,2085.89990234375,2085.89990234375,2084.60009765625,2084.60009765625,497
2025-11-11 04:34:00+00:00,2084.0,2085.60009765625,2084.0,2085.5,476
2025-11-11 04:35:00+00:00,2084.0,2084.89990234375,2084.0,2084.0,299
2025-11-11 04:36:00+00:00,2084.0,2084.800048828125,2084.0,2084.10009765625,2122
2025-11-11 04:37:00+00:00,2084.199951171875,2084.699951171875,2084.0,2084.199951171875,1996
2025-11-11 04:38:00+00:00,2084.39990234375,2085.0,2084.10009765625,2084.300048828125,7037
2025-11-11 04:39:00+00:00,2085.0,2085.10009765625,2084.0,2084.300048828125,35900
2025-11-11 04:40:00+00:00,2081.0,2084.300048828125,2080.60009765625,2084.300048828125,24917
2025-11-11 04:41:00+00:00,2082.0,2083.699951171875,2080.89990234375,2081.0,59649
2025-11-11 04:42:00+00:00,2080.199951171875,2082.5,2080.199951171875,2082.0,4908
2025-11-11 04:43:00+00:00,2079.699951171875,2081.10009765625,2079.5,2080.699951171875,7052
2025-11-11 04:44:00+00:00,2079.39990234375,2079.89990234375,2078.0,2079.699951171875,7086
2025-11-11 04:45:00+00:00,2077.800048828125,2079.39990234375,2076.60009765625,2079.39990234375,4735
2025-11-11 04:46:00+00:00,2077.39990234375,2079.5,2076.89990234375,2077.800048828125,5320
2025-11-11 04:47:00+00:00,2077.60009765625,2077.800048828125,2077.10009765625,2077.39990234375,2054
2025-11-11 04:48:00+00:00,2077.199951171875,2077.89990234375,2076.89990234375,2077.800048828125,2719
2025-11-11 04:49:00+00:00,2077.300048828125,2077.800048828125,2077.199951171875,2077.199951171875,2184
2025-11-11 04:50:00+00:00,2079.300048828125,2079.699951171875,2077.5,2077.5,1657
2025-11-11 04:51:00+00:00,2080.0,2080.0,2078.199951171875,2078.89990234375,1929
2025-11-11 04:52:00+00:00,2078.39990234375,2080.0,2078.39990234375,2079.89990234375,2011
2025-11-11 04:53:00+00:00,2077.39990234375,2078.39990234375,2076.89990234375,2078.39990234375,19162
2025-11-11 04:54:00+00:00,2077.699951171875,2078.10009765625,2077.199951171875,2078.10009765625,7855
2025-11-11 04:55:00+00:00,2078.199951171875,2078.39990234375,2077.60009765625,2077.699951171875,8987
2025-11-11 04:56:00+00:00,2078.300048828125,2078.5,2078.10009765625,2078.199951171875,1446
2025-11-11 04:57:00+00:00,2078.5,2079.199951171875,2078.199951171875,2078.5,1697
2025-11-11 04:58:00+00:00,2078.60009765625,2079.300048828125,2078.60009765625,2078.60009765625,1852
2025-11-11 04:59:00+00:00,2078.0,2078.5,2078.0,2078.5,1983
2025-11-11 05:00:00+00:00,2078.199951171875,2078.60009765625,2077.300048828125,2078.0,15943
2025-11-11 05:01:00+00:00,2078.39990234375,2079.39990234375,2078.0,2078.199951171875,1973
2025-11-11 05:02:00+00:00,2078.0,2078.5,2078.0,2078.39990234375,1601
2025-11-11 05:03:00+00:00,2075.60009765625,2077.60009765625,2075.5,2077.60009765625,10570
2025-11-11 05:04:00+00:00,2075.800048828125,2076.800048828125,2075.5,2076.800048828125,2812
2025-11-11 05:05:00+00:00,2077.0,2077.0,2075.39990234375,2075.800048828125,2597
2025-11-11 05:06:00+00:00,2075.10009765625,2076.89990234375,2075.10009765625,2076.60009765625,4488
2025-11-11 05:07:00+00:00,2076.0,2076.300048828125,2075.300048828125,2075.699951171875,2592
2025-11-11 05:08:00+00:00,2076.300048828125,2076.800048828125,2075.699951171875,2075.699951171875,2836
2025-11-11 05:09:00+00:00,2076.60009765625,2077.0,2076.300048828125,2076.300048828125,2115
2025-11-11 05:10:00+00:00,2075.89990234375,2076.300048828125,2075.300048828125,2076.300048828125,2074
2025-11-11 05:11:00+00:00,2076.10009765625,2076.10009765625,2075.60009765625,2075.699951171875,1299
2025-11-11 05:12:00+00:00,2076.699951171875,2076.800048828125,2075.10009765625,2075.89990234375,11932
2025-11-11 05:13:00+00:00,2076.5,2077.10009765625,2075.39990234375,2076.0,2968
2025-11-11 05:14:00+00:00,2076.5,2077.0,2076.5,2077.0,1753
2025-11-11 05:15:00+00:00,2076.10009765625,2076.699951171875,2076.10009765625,2076.5,7151
2025-11-11 05:16:00+00:00,2076.5,2076.5,2075.800048828125,2076.10009765625,2892
2025-11-11 05:17:00+00:00,2076.5,2076.5,2076.199951171875,2076.5,3072
2025-11-11 05:18:00+00:00,2077.199951171875,2077.300048828125,2076.89990234375,2077.0,1734
2025-11-11 05:19:00+00:00,2076.5,2077.199951171875,2076.5,2076.699951171875,2145
2025-11-11 05:20:00+00:00,2076.60009765625,2077.0,2076.39990234375,2076.5,2917
2025-11-11 05:21:00+00:00,2077.89990234375,2077.89990234375,2076.5,2076.60009765625,1818
2025-11-11 05:22:00+00:00,2078.300048828125,2079.199951171875,2077.39990234375,2077.89990234375,5639
2025-11-11 05:23:00+00:00,2080.0,2080.699951171875,2077.800048828125,2077.89990234375,9838
2025-11-11 05:24:00+00:00,2079.39990234375,2080.10009765625,2078.5,2080.0,2405
2025-11-11 05:25:00+00:00,2078.199951171875,2079.0,2077.89990234375,2079.0,2373
2025-11-11 05:26:00+00:00,2079.0,2079.0,2078.199951171875,2078.699951171875,2514
2025-11-11 05:27:00+00:00,2078.5,2078.699951171875,2078.300048828125,2078.699951171875,1832
2025-11-11 05:28:00+00:00,2078.800048828125,2079.0,2078.699951171875,2078.800048828125,2902
2025-11-11 05:29:00+00:00,2079.0,2079.10009765625,2078.800048828125,2078.800048828125,1523
2025-11-11 05:30:00+00:00,2079.10009765625,2080.300048828125,2079.0,2079.0,1799
2025-11-11 05:31:00+00:00,2079.39990234375,2080.10009765625,2079.0,2079.0,3224
2025-11-11 05:32:00+00:00,2079.60009765625,2080.699951171875,2079.10009765625,2079.10009765625,1743
2025-11-11 05:33:00+00:00,2079.199951171875,2080.199951171875,2079.10009765625,2079.5,1334
2025-11-11 05:34:00+00:00,2079.60009765625,2080.5,2079.199951171875,2079.199951171875,1021
2025-11-11 05:35:00+00:00,2079.39990234375,2079.89990234375,2079.300048828125,2079.800048828125,1175
2025-11-11 05:36:00+00:00,2080.0,2080.0,2079.39990234375,2079.39990234375,1141
2025-11-11 05:37:00+00:00,2080.199951171875,2080.39990234375,2080.0,2080.0,685
2025-11-11 05:38:00+00:00,2081.5,2081.5,2080.199951171875,2080.199951171875,917
2025-11-11 05:39:00+00:00,2081.5,2082.0,2081.5,2081.5,842
2025-11-11 05:40:00+00:00,2081.89990234375,2082.10009765625,2081.5,2082.0,3308
2025-11-11 05:41:00+00:00,2082.0,2082.39990234375,2081.5,2081.699951171875,502
2025-11-11 05:42:00+00:00,2082.5,2082.5,2081.5,2081.89990234375,1589
2025-11-11 05:43:00+00:00,2082.199951171875,2082.800048828125,2082.199951171875,2082.800048828125,405
2025-11-11 05:44:00+00:00,2082.10009765625,2082.89990234375,2082.10009765625,2082.199951171875,410
2025-11-11 05:45:00+00:00,2081.699951171875,2082.5,2081.699951171875,2082.5,568
2025-11-11 05:46:00+00:00,2080.800048828125,2081.89990234375,2080.800048828125,2081.699951171875,4149
2025-11-11 05:47:00+00:00,2081.39990234375,2082.199951171875,2080.199951171875,2080.800048828125,2748
2025-11-11 05:48:00+00:00,2080.0,2082.199951171875,2080.0,2082.199951171875,1253
2025-11-11 05:49:00+00:00,2080.300048828125,2080.800048828125,2079.60009765625,2080.199951171875,1582
2025-11-11 05:50:00+00:00,2079.5,2080.10009765625,2079.5,2080.10009765625,1509
2025-11-11 05:51:00+00:00,2079.10009765625,2079.60009765625,2079.10009765625,2079.60009765625,2976
2025-11-11 05:52:00+00:00,2078.699951171875,2079.60009765625,2078.5,2079.0,2435
2025-11-11 05:53:00+00:00,2079.0,2079.0,2078.39990234375,2078.699951171875,1554
2025-11-11 05:54:00+00:00,2079.0,2079.10009765625,2078.5,2079.0,1384
2025-11-11 05:55:00+00:00,2080.699951171875,2081.0,2078.300048828125,2078.699951171875,71216
2025-11-11 05:56:00+00:00,2079.89990234375,2080.89990234375,2079.5,2080.699951171875,7411
2025-11-11 05:57:00+00:00,2081.800048828125,2082.5,2079.89990234375,2079.89990234375,2887
2025-11-11 05:58:00+00:00,2081.5,2082.39990234375,2081.10009765625,2081.800048828125,1703
2025-11-11 05:59:00+00:00,2081.5,2082.5,2081.10009765625,2081.5,1894
2025-11-11 06:00:00+00:00,2081.89990234375,2082.699951171875,2081.5,2081.5,2695
2025-11-11 06:01:00+00:00,2081.199951171875,2082.0,2081.0,2081.800048828125,4773
2025-11-11 06:02:00+00:00,2081.39990234375,2082.0,2081.10009765625,2081.10009765625,1421
2025-11-11 06:03:00+00:00,2080.89990234375,2081.39990234375,2079.89990234375,2081.39990234375,3715
2025-11-11 06:04:00+00:00,2081.300048828125,2082.300048828125,2080.800048828125,2080.89990234375,2025
2025-11-11 06:05:00+00:00,2081.300048828125,2081.800048828125,2080.89990234375,2081.300048828125,2136
2025-11-11 06:06:00+00:00,2080.699951171875,2082.800048828125,2080.300048828125,2081.39990234375,1611
2025-11-11 06:07:00+00:00,2081.0,2081.10009765625,2080.199951171875,2080.699951171875,1293
2025-11-11 06:08:00+00:00,2082.0,2082.199951171875,2080.699951171875,2080.800048828125,2765
2025-11-11 06:09:00+00:00,2080.89990234375,2082.800048828125,2080.699951171875,2081.89990234375,2365
2025-11-11 06:10:00+00:00,2081.199951171875,2082.300048828125,2080.89990234375,2081.300048828125,1834
2025-11-11 06:11:00+00:00,2081.699951171875,2082.199951171875,2081.10009765625,2081.10009765625,2013
2025-11-11 06:12:00+00:00,2082.0,2082.5,2081.39990234375,2081.699951171875,1634
2025-11-11 06:13:00+00:00,2083.0,2083.0,2082.0,2082.0,1870
2025-11-11 06:14:00+00:00,2083.199951171875,2083.39990234375,2082.39990234375,2083.0,3363
2025-11-11 06:15:00+00:00,2084.800048828125,2085.0,2083.300048828125,2083.300048828125,4031
2025-11-11 06:16:00+00:00,2085.10009765625,2085.60009765625,2084.10009765625,2084.800048828125,2801
2025-11-11 06:17:00+00:00,2084.10009765625,2085.10009765625,2083.89990234375,2085.10009765625,1339
2025-11-11 06:18:00+00:00,2085.89990234375,2086.199951171875,2084.0,2084.0,3226
2025-11-11 06:19:00+00:00,2086.300048828125,2087.39990234375,2085.800048828125,2085.89990234375,3266
2025-11-11 06:20:00+00:00,2086.10009765625,2086.800048828125,2085.699951171875,2086.300048828125,2124
2025-11-11 06:21:00+00:00,2085.39990234375,2086.5,2085.300048828125,2086.0,2776
2025-11-11 06:22:00+00:00,2085.800048828125,2086.39990234375,2084.199951171875,2085.39990234375,2433
2025-11-11 06:23:00+00:00,2087.5,2087.5,2085.800048828125,2085.800048828125,2025
2025-11-11 06:24:00+00:00,2085.300048828125,2087.5,2085.10009765625,2087.39990234375,2901
2025-11-11 06:25:00+00:00,2084.800048828125,2085.39990234375,2084.5,2085.300048828125,1857
2025-11-11 06:26:00+00:00,2088.800048828125,2089.699951171875,2084.800048828125,2084.800048828125,7918
2025-11-11 06:27:00+00:00,2088.0,2088.60009765625,2085.89990234375,2087.60009765625,2678
2025-11-11 06:28:00+00:00,2086.89990234375,2088.800048828125,2086.300048828125,2087.699951171875,2698
2025-11-11 06:29:00+00:00,2087.199951171875,2087.5,2086.300048828125,2086.89990234375,2047
2025-11-11 06:30:00+00:00,2086.800048828125,2087.89990234375,2086.60009765625,2087.199951171875,2370
2025-11-11 06:31:00+00:00,2086.699951171875,2088.199951171875,2086.699951171875,2086.800048828125,1324
2025-11-11 06:32:00+00:00,2085.89990234375,2088.199951171875,2084.800048828125,2086.699951171875,45436
2025-11-11 06:33:00+00:00,2084.5,2086.699951171875,2084.0,2085.10009765625,14602
2025-11-11 06:34:00+00:00,2083.39990234375,2084.800048828125,2081.89990234375,2084.5,11498
2025-11-11 06:35:00+00:00,2083.5,2085.0,2082.5,2083.0,7577
2025-11-11 06:36:00+00:00,2082.699951171875,2083.699951171875,2082.0,2083.5,2908
2025-11-11 06:37:00+00:00,2082.39990234375,2082.89990234375,2082.199951171875,2082.699951171875,1278
2025-11-11 06:38:00+00:00,2080.89990234375,2082.39990234375,2080.89990234375,2082.39990234375,1470
2025-11-11 06:39:00+00:00,2081.5,2082.300048828125,2081.10009765625,2081.10009765625,2553
2025-11-11 06:40:00+00:00,2081.89990234375,2082.199951171875,2081.10009765625,2081.300048828125,1962
2025-11-11 06:41:00+00:00,2081.39990234375,2082.39990234375,2081.39990234375,2081.89990234375,2152
2025-11-11 06:42:00+00:00,2080.89990234375,2082.0,2080.89990234375,2081.800048828125,1131
2025-11-11 06:43:00+00:00,2081.0,2081.39990234375,2080.60009765625,2080.89990234375,1625
2025-11-11 06:44:00+00:00,2081.60009765625,2081.800048828125,2080.60009765625,2080.60009765625,1396
2025-11-11 06:45:00+00:00,2082.0,2082.199951171875,2081.39990234375,2081.5,1582
2025-11-11 06:46:00+00:00,2081.199951171875,2081.60009765625,2080.699951171875,2081.5,1579
2025-11-11 06:47:00+00:00,2081.89990234375,2082.300048828125,2080.5,2081.199951171875,15458
2025-11-11 06:48:00+00:00,2082.60009765625,2082.60009765625,2081.60009765625,2081.89990234375,1083
2025-11-11 06:49:00+00:00,2083.300048828125,2083.300048828125,2082.199951171875,2082.199951171875,1321
2025-11-11 06:50:00+00:00,2084.300048828125,2084.89990234375,2083.10009765625,2083.10009765625,12090
2025-11-11 06:51:00+00:00,2084.199951171875,2084.89990234375,2084.10009765625,2084.699951171875,2845
2025-11-11 06:52:00+00:00,2085.0,2085.0,2083.699951171875,2084.300048828125,4056
2025-11-11 06:53:00+00:00,2084.10009765625,2085.0,2084.10009765625,2084.800048828125,1448
2025-11-11 06:54:00+00:00,2084.800048828125,2084.800048828125,2084.0,2084.300048828125,1373
2025-11-11 06:55:00+00:00,2085.0,2085.0,2084.39990234375,2084.800048828125,1396
2025-11-11 06:56:00+00:00,2085.300048828125,2085.699951171875,2084.300048828125,2085.0,5718
2025-11-11 06:57:00+00:00,2085.699951171875,2085.699951171875,2084.60009765625,2085.199951171875,2132
2025-11-11 06:58:00+00:00,2086.5,2086.5,2084.800048828125,2085.300048828125,6928
2025-11-11 06:59:00+00:00,2085.89990234375,2087.0,2085.5,2086.39990234375,2445
2025-11-11 07:00:00+00:00,2089.0,2089.199951171875,2085.5,2085.5,9901
2025-11-11 07:01:00+00:00,2087.5,2089.0,2087.199951171875,2088.60009765625,1281
2025-11-11 07:02:00+00:00,2088.60009765625,2089.0,2087.199951171875,2087.199951171875,1928
2025-11-11 07:03:00+00:00,2089.89990234375,2090.0,2088.60009765625,2088.60009765625,4291
2025-11-11 07:04:00+00:00,2089.800048828125,2090.0,2088.39990234375,2089.800048828125,1702
2025-11-11 07:05:00+00:00,2087.300048828125,2089.0,2086.5,2089.0,12172
2025-11-11 07:06:00+00:00,2088.10009765625,2088.89990234375,2087.300048828125,2087.300048828125,3546
2025-11-11 07:07:00+00:00,2088.39990234375,2088.699951171875,2087.10009765625,2088.60009765625,1898
2025-11-11 07:08:00+00:00,2087.10009765625,2088.10009765625,2086.800048828125,2088.10009765625,1428
2025-11-11 07:09:00+00:00,2087.300048828125,2087.5,2086.89990234375,2087.10009765625,1150
2025-11-11 07:10:00+00:00,2088.10009765625,2088.10009765625,2086.89990234375,2087.0,1186
2025-11-11 07:11:00+00:00,2088.0,2088.800048828125,2087.60009765625,2087.699951171875,1412
2025-11-11 07:12:00+00:00,2087.89990234375,2088.60009765625,2087.800048828125,2088.0,1124
2025-11-11 07:13:00+00:00,2087.89990234375,2087.89990234375,2086.699951171875,2087.699951171875,9784
2025-11-11 07:14:00+00:00,2088.300048828125,2088.60009765625,2087.39990234375,2087.5,1605
2025-11-11 07:15:00+00:00,2088.199951171875,2088.5,2087.89990234375,2088.0,1434
2025-11-11 07:16:00+00:00,2087.800048828125,2088.39990234375,2087.800048828125,2087.800048828125,1585
2025-11-11 07:17:00+00:00,2088.300048828125,2088.5,2087.699951171875,2087.699951171875,2410
2025-11-11 07:18:00+00:00,2088.300048828125,2089.199951171875,2088.300048828125,2088.699951171875,1724
2025-11-11 07:19:00+00:00,2088.89990234375,2089.60009765625,2088.199951171875,2088.699951171875,8594
2025-11-11 07:20:00+00:00,2088.89990234375,2089.5,2088.60009765625,2089.300048828125,1593
2025-11-11 07:21:00+00:00,2089.10009765625,2089.699951171875,2088.39990234375,2088.699951171875,2143
2025-11-11 07:22:00+00:00,2088.699951171875,2089.199951171875,2088.199951171875,2088.39990234375,1582
2025-11-11 07:23:00+00:00,2088.5,2089.39990234375,2087.5,2088.699951171875,5197
2025-11-11 07:24:00+00:00,2087.800048828125,2089.300048828125,2087.800048828125,2089.0,1595
2025-11-11 07:25:00+00:00,2087.699951171875,2088.0,2087.60009765625,2088.0,1356
2025-11-11 07:26:00+00:00,2087.89990234375,2087.89990234375,2087.39990234375,2087.60009765625,2392
2025-11-11 07:27:00+00:00,2088.300048828125,2088.89990234375,2087.300048828125,2087.39990234375,3106
2025-11-11 07:28:00+00:00,2087.60009765625,2088.89990234375,2087.60009765625,2088.300048828125,1282
2025-11-11 07:29:00+00:00,2089.0,2089.10009765625,2087.5,2087.699951171875,2777
2025-11-11 07:30:00+00:00,2088.699951171875,2089.39990234375,2088.199951171875,2088.199951171875,6324
2025-11-11 07:31:00+00:00,2088.199951171875,2088.60009765625,2088.0,2088.199951171875,2379
2025-11-11 07:32:00+00:00,2088.5,2089.199951171875,2088.0,2088.0,1193
2025-11-11 07:33:00+00:00,2087.5,2088.699951171875,2087.39990234375,2088.699951171875,3120
2025-11-11 07:34:00+00:00,2087.699951171875,2087.89990234375,2086.89990234375,2087.10009765625,3090
2025-11-11 07:35:00+00:00,2088.800048828125,2088.800048828125,2086.89990234375,2087.5,2105
2025-11-11 07:36:00+00:00,2089.60009765625,2090.39990234375,2088.60009765625,2088.800048828125,8076
2025-11-11 07:37:00+00:00,2089.0,2090.0,2088.89990234375,2089.60009765625,1241
2025-11-11 07:38:00+00:00,2088.39990234375,2089.39990234375,2088.300048828125,2089.300048828125,2052
2025-11-11 07:39:00+00:00,2089.300048828125,2089.300048828125,2088.300048828125,2088.5,1545
2025-11-11 07:40:00+00:00,2089.10009765625,2089.60009765625,2088.60009765625,2088.699951171875,1620
2025-11-11 07:41:00+00:00,2089.199951171875,2090.0,2088.699951171875,2089.39990234375,3194
2025-11-11 07:42:00+00:00,2088.699951171875,2089.89990234375,2088.10009765625,2089.10009765625,1937
2025-11-11 07:43:00+00:00,2088.699951171875,2089.60009765625,2088.199951171875,2088.199951171875,2035
2025-11-11 07:44:00+00:00,2089.800048828125,2090.0,2088.699951171875,2088.699951171875,2161
2025-11-11 07:45:00+00:00,2092.699951171875,2092.89990234375,2089.60009765625,2089.699951171875,4016
2025-11-11 07:46:00+00:00,2092.89990234375,2093.5,2092.60009765625,2092.89990234375,2829
2025-11-11 07:47:00+00:00,2092.60009765625,2093.39990234375,2092.60009765625,2092.89990234375,2080
2025-11-11 07:48:00+00:00,2093.60009765625,2094.5,2092.60009765625,2092.60009765625,3722
2025-11-11 07:49:00+00:00,2093.0,2094.10009765625,2092.800048828125,2093.60009765625,3091
2025-11-11 07:50:00+00:00,2094.60009765625,2095.5,2092.60009765625,2092.699951171875,7576
2025-11-11 07:51:00+00:00,2094.60009765625,2095.10009765625,2094.0,2094.60009765625,4176
2025-11-11 07:52:00+00:00,2094.5,2095.5,2094.39990234375,2094.60009765625,3289
2025-11-11 07:53:00+00:00,2095.5,2095.5,2094.60009765625,2094.60009765625,3265
2025-11-11 07:54:00+00:00,2094.5,2095.5,2094.5,2095.39990234375,3002
2025-11-11 07:55:00+00:00,2094.39990234375,2095.300048828125,2094.39990234375,2094.800048828125,2132
2025-11-11 07:56:00+00:00,2094.10009765625,2095.0,2094.10009765625,2094.300048828125,2708
2025-11-11 07:57:00+00:00,2094.10009765625,2095.0,2094.10009765625,2094.300048828125,3480
2025-11-11 07:58:00+00:00,2094.10009765625,2094.89990234375,2094.10009765625,2094.5,2436
2025-11-11 07:59:00+00:00,2094.10009765625,2094.800048828125,2094.10009765625,2094.60009765625,2308
2025-11-11 08:00:00+00:00,2094.10009765625,2094.699951171875,2093.699951171875,2093.89990234375,3606
2025-11-11 08:01:00+00:00,2093.89990234375,2094.5,2093.89990234375,2094.10009765625,2591
2025-11-11 08:02:00+00:00,2093.699951171875,2094.10009765625,2093.699951171875,2094.10009765625,3197
2025-11-11 08:03:00+00:00,2093.800048828125,2094.300048828125,2093.10009765625,2094.0,2943
2025-11-11 08:04:00+00:00,2093.60009765625,2094.10009765625,2093.60009765625,2093.800048828125,2696
2025-11-11 08:05:00+00:00,2093.699951171875,2094.10009765625,2093.300048828125,2093.60009765625,6256
2025-11-11 08:06:00+00:00,2093.39990234375,2094.5,2093.300048828125,2093.699951171875,12943
2025-11-11 08:07:00+00:00,2093.199951171875,2093.89990234375,2093.10009765625,2093.39990234375,2807
2025-11-11 08:08:00+00:00,2093.89990234375,2094.60009765625,2092.89990234375,2093.300048828125,12992
2025-11-11 08:09:00+00:00,2093.300048828125,2094.5,2093.10009765625,2093.60009765625,13940
2025-11-11 08:10:00+00:00,2092.60009765625,2094.300048828125,2092.60009765625,2093.89990234375,12819
2025-11-11 08:11:00+00:00,2091.89990234375,2093.39990234375,2091.699951171875,2092.699951171875,3857
2025-11-11 08:12:00+00:00,2091.10009765625,2092.39990234375,2091.10009765625,2091.89990234375,3359
2025-11-11 08:13:00+00:00,2090.199951171875,2091.699951171875,2090.199951171875,2091.199951171875,3125
2025-11-11 08:14:00+00:00,2090.0,2090.800048828125,2090.0,2090.199951171875,2930
2025-11-11 08:15:00+00:00,2091.5,2092.300048828125,2090.39990234375,2090.39990234375,4109
2025-11-11 08:16:00+00:00,2090.300048828125,2092.300048828125,2090.199951171875,2091.60009765625,3013
2025-11-11 08:17:00+00:00,2091.699951171875,2092.300048828125,2090.199951171875,2090.800048828125,3589
2025-11-11 08:18:00+00:00,2092.39990234375,2092.699951171875,2091.699951171875,2091.699951171875,2651
2025-11-11 08:19:00+00:00,2092.89990234375,2094.300048828125,2092.300048828125,2092.300048828125,4063
2025-11-11 08:20:00+00:00,2093.0,2094.0,2092.89990234375,2092.89990234375,3540
2025-11-11 08:21:00+00:00,2092.699951171875,2094.300048828125,2092.5,2092.89990234375,3587
2025-11-11 08:22:00+00:00,2090.699951171875,2093.10009765625,2090.699951171875,2093.10009765625,31544
2025-11-11 08:23:00+00:00,2091.5,2091.89990234375,2090.39990234375,2091.10009765625,3329
2025-11-11 08:24:00+00:00,2091.0,2092.10009765625,2090.60009765625,2091.0,3395
2025-11-11 08:25:00+00:00,2091.0,2092.199951171875,2090.800048828125,2091.0,3656
2025-11-11 08:26:00+00:00,2090.89990234375,2091.699951171875,2090.300048828125,2091.0,4211
2025-11-11 08:27:00+00:00,2090.5,2091.199951171875,2090.10009765625,2090.300048828125,17334
2025-11-11 08:28:00+00:00,2089.800048828125,2090.5,2089.199951171875,2090.39990234375,15550
2025-11-11 08:29:00+00:00,2089.39990234375,2090.0,2088.5,2089.39990234375,12625
2025-11-11 08:30:00+00:00,2090.199951171875,2091.10009765625,2089.199951171875,2089.5,3803
2025-11-11 08:31:00+00:00,2089.60009765625,2090.60009765625,2089.300048828125,2090.0,2377
2025-11-11 08:32:00+00:00,2089.60009765625,2089.89990234375,2089.0,2089.60009765625,3939
2025-11-11 08:33:00+00:00,2089.0,2090.10009765625,2088.60009765625,2089.199951171875,3126
2025-11-11 08:34:00+00:00,2088.800048828125,2090.0,2088.60009765625,2089.300048828125,2738
2025-11-11 08:35:00+00:00,2090.0,2090.60009765625,2088.699951171875,2088.800048828125,3046
2025-11-11 08:36:00+00:00,2089.800048828125,2090.5,2089.699951171875,2089.699951171875,2883
2025-11-11 08:37:00+00:00,2090.0,2090.300048828125,2089.60009765625,2090.10009765625,4450
2025-11-11 08:38:00+00:00,2090.10009765625,2090.39990234375,2089.800048828125,2090.0,2930
2025-11-11 08:39:00+00:00,2090.10009765625,2090.39990234375,2090.10009765625,2090.10009765625,4021
2025-11-11 08:40:00+00:00,2089.60009765625,2090.39990234375,2089.60009765625,2090.10009765625,4023
2025-11-11 08:41:00+00:00,2088.699951171875,2089.699951171875,2088.699951171875,2089.60009765625,3207
2025-11-11 08:42:00+00:00,2088.39990234375,2089.60009765625,2088.39990234375,2088.699951171875,3523
2025-11-11 08:43:00+00:00,2087.39990234375,2089.199951171875,2087.39990234375,2088.39990234375,6371
2025-11-11 08:44:00+00:00,2087.699951171875,2087.89990234375,2087.199951171875,2087.39990234375,4548
2025-11-11 08:45:00+00:00,2087.60009765625,2087.800048828125,2086.800048828125,2087.60009765625,6675
2025-11-11 08:46:00+00:00,2087.60009765625,2089.0,2087.10009765625,2087.699951171875,6698
2025-11-11 08:47:00+00:00,2086.39990234375,2087.699951171875,2086.0,2087.60009765625,6300
2025-11-11 08:48:00+00:00,2086.89990234375,2088.0,2086.300048828125,2086.300048828125,6917
2025-11-11 08:49:00+00:00,2088.0,2088.89990234375,2086.39990234375,2087.10009765625,10441
2025-11-11 08:50:00+00:00,2088.199951171875,2089.89990234375,2087.39990234375,2088.0,12989
2025-11-11 08:51:00+00:00,2088.0,2089.0,2087.800048828125,2089.0,12318
2025-11-11 08:52:00+00:00,2090.300048828125,2090.300048828125,2087.699951171875,2088.0,14372
2025-11-11 08:53:00+00:00,2090.199951171875,2090.39990234375,2088.800048828125,2089.5,3466
2025-11-11 08:54:00+00:00,2089.800048828125,2091.699951171875,2089.60009765625,2090.39990234375,5500
2025-11-11 08:55:00+00:00,2088.89990234375,2090.0,2088.800048828125,2090.0,3303
2025-11-11 08:56:00+00:00,2089.0,2089.89990234375,2088.300048828125,2088.89990234375,3518
2025-11-11 08:57:00+00:00,2088.89990234375,2089.800048828125,2088.699951171875,2089.199951171875,104273
2025-11-11 08:58:00+00:00,2089.10009765625,2089.89990234375,2088.699951171875,2089.60009765625,3850
2025-11-11 08:59:00+00:00,2089.60009765625,2089.89990234375,2088.89990234375,2089.60009765625,3041
2025-11-11 09:00:00+00:00,2089.699951171875,2091.0,2089.60009765625,2090.0,3645
2025-11-11 09:01:00+00:00,2090.300048828125,2090.39990234375,2089.10009765625,2089.10009765625,3809
2025-11-11 09:02:00+00:00,2091.199951171875,2092.0,2089.5,2090.199951171875,2900
2025-11-11 09:03:00+00:00,2090.300048828125,2091.5,2090.199951171875,2091.39990234375,4253
2025-11-11 09:04:00+00:00,2090.10009765625,2090.800048828125,2090.0,2090.60009765625,3090
2025-11-11 09:05:00+00:00,2089.39990234375,2090.300048828125,2089.10009765625,2090.0,3965
2025-11-11 09:06:00+00:00,2089.0,2089.699951171875,2088.199951171875,2089.300048828125,11168
2025-11-11 09:07:00+00:00,2087.89990234375,2088.89990234375,2087.800048828125,2088.60009765625,13815
2025-11-11 09:08:00+00:00,2087.300048828125,2088.89990234375,2087.0,2087.89990234375,22626
2025-11-11 09:09:00+00:00,2087.5,2088.0,2087.0,2087.60009765625,13665
2025-11-11 09:10:00+00:00,2088.699951171875,2089.39990234375,2087.300048828125,2087.60009765625,7143
2025-11-11 09:11:00+00:00,2088.39990234375,2089.5,2088.39990234375,2088.60009765625,4144
2025-11-11 09:12:00+00:00,2088.10009765625,2088.39990234375,2088.0,2088.39990234375,4132
2025-11-11 09:13:00+00:00,2088.89990234375,2089.199951171875,2088.300048828125,2088.800048828125,4019
2025-11-11 09:14:00+00:00,2088.0,2088.800048828125,2087.89990234375,2088.800048828125,5038
2025-11-11 09:15:00+00:00,2088.199951171875,2088.39990234375,2088.0,2088.300048828125,3363
2025-11-11 09:16:00+00:00,2088.699951171875,2089.199951171875,2088.199951171875,2088.300048828125,7870
2025-11-11 09:17:00+00:00,2089.300048828125,2089.300048828125,2088.60009765625,2088.60009765625,3769
2025-11-11 09:18:00+00:00,2088.800048828125,2089.199951171875,2088.800048828125,2089.0,3332
2025-11-11 09:19:00+00:00,2088.300048828125,2089.10009765625,2088.300048828125,2088.699951171875,2988
2025-11-11 09:20:00+00:00,2089.300048828125,2089.800048828125,2088.10009765625,2088.10009765625,3598
2025-11-11 09:21:00+00:00,2088.699951171875,2089.300048828125,2088.60009765625,2089.300048828125,3554
2025-11-11 09:22:00+00:00,2089.300048828125,2089.800048828125,2089.10009765625,2089.300048828125,12902
2025-11-11 09:23:00+00:00,2088.199951171875,2089.10009765625,2088.199951171875,2088.5,4087
2025-11-11 09:24:00+00:00,2088.0,2088.39990234375,2088.0,2088.300048828125,3452
2025-11-11 09:25:00+00:00,2087.89990234375,2088.300048828125,2087.89990234375,2088.0,3886
2025-11-11 09:26:00+00:00,2087.89990234375,2088.0,2087.89990234375,2087.89990234375,2634
2025-11-11 09:27:00+00:00,2088.60009765625,2088.60009765625,2087.60009765625,2087.800048828125,6913
2025-11-11 09:28:00+00:00,2088.0,2088.800048828125,2087.89990234375,2088.699951171875,4005
2025-11-11 09:29:00+00:00,2088.0,2088.0,2087.60009765625,2087.89990234375,3649
2025-11-11 09:30:00+00:00,2087.60009765625,2088.300048828125,2087.60009765625,2087.89990234375,11907
2025-11-11 09:31:00+00:00,2087.699951171875,2087.699951171875,2087.5,2087.60009765625,5169
2025-11-11 09:32:00+00:00,2087.60009765625,2087.800048828125,2087.60009765625,2087.800048828125,4887
2025-11-11 09:33:00+00:00,2087.60009765625,2087.800048828125,2087.5,2087.60009765625,6392
2025-11-11 09:34:00+00:00,2087.89990234375,2088.199951171875,2087.60009765625,2087.60009765625,10165
2025-11-11 09:35:00+00:00,2087.699951171875,2088.39990234375,2087.699951171875,2088.199951171875,8491
2025-11-11 09:36:00+00:00,2087.800048828125,2088.10009765625,2087.699951171875,2087.699951171875,8341
2025-11-11 09:37:00+00:00,2087.800048828125,2088.0,2087.699951171875,2087.699951171875,5464
2025-11-11 09:38:00+00:00,2086.5,2087.800048828125,2086.5,2087.800048828125,11444
2025-11-11 09:39:00+00:00,2086.10009765625,2086.5,2085.300048828125,2086.5,21701
2025-11-11 09:40:00+00:00,2085.89990234375,2086.39990234375,2085.89990234375,2086.0,7721
2025-11-11 09:41:00+00:00,2086.199951171875,2086.39990234375,2085.699951171875,2085.89990234375,11879
2025-11-11 09:42:00+00:00,2086.89990234375,2088.199951171875,2086.10009765625,2086.699951171875,40674
2025-11-11 09:43:00+00:00,2086.0,2086.89990234375,2085.89990234375,2086.60009765625,10346
2025-11-11 09:44:00+00:00,2087.199951171875,2087.39990234375,2086.0,2086.10009765625,8882
2025-11-11 09:45:00+00:00,2086.699951171875,2087.199951171875,2086.199951171875,2086.199951171875,8701
2025-11-11 09:46:00+00:00,2087.0,2087.0,2086.60009765625,2086.89990234375,5389
2025-11-11 09:47:00+00:00,2086.0,2087.0,2085.89990234375,2087.0,9882
2025-11-11 09:48:00+00:00,2085.89990234375,2086.5,2085.699951171875,2086.0,13947
2025-11-11 09:49:00+00:00,2085.699951171875,2086.60009765625,2085.699951171875,2086.300048828125,18110
2025-11-11 09:50:00+00:00,2085.89990234375,2086.0,2085.199951171875,2085.800048828125,10417
2025-11-11 09:51:00+00:00,2086.0,2086.0,2085.800048828125,2086.0,6152
2025-11-11 09:52:00+00:00,2086.10009765625,2086.10009765625,2085.89990234375,2086.0,5969
2025-11-11 09:53:00+00:00,2086.39990234375,2086.5,2086.10009765625,2086.10009765625,11229
2025-11-11 09:54:00+00:00,2086.300048828125,2086.5,2086.300048828125,2086.5,9048
2025-11-11 09:55:00+00:00,2087.89990234375,2088.0,2086.60009765625,2086.60009765625,11856
2025-11-11 09:56:00+00:00,2088.0,2088.0,2086.89990234375,2087.89990234375,7175
2025-11-11 09:57:00+00:00,2088.89990234375,2089.89990234375,2088.10009765625,2088.10009765625,8002
2025-11-11 09:58:00+00:00,2087.5,2091.300048828125,2087.5,2088.89990234375,10309
2025-11-11 09:59:00+00:00,2086.89990234375,2090.60009765625,2086.89990234375,2088.10009765625,1830
2025-11-12 03:45:00+00:00,2098.0,2098.0,2096.0,2097.60009765625,0
2025-11-12 03:46:00+00:00,2095.0,2098.5,2095.0,2098.0,9197
2025-11-12 03:47:00+00:00,2094.5,2095.800048828125,2094.5,2095.0,8705
2025-11-12 03:48:00+00:00,2091.800048828125,2094.800048828125,2090.10009765625,2094.800048828125,6477
2025-11-12 03:49:00+00:00,2094.300048828125,2094.300048828125,2091.5,2091.60009765625,4195
2025-11-12 03:50:00+00:00,2095.0,2095.300048828125,2093.699951171875,2094.5,4785
2025-11-12 03:51:00+00:00,2095.10009765625,2096.199951171875,2095.0,2095.89990234375,5016
2025-11-12 03:52:00+00:00,2095.0,2096.10009765625,2095.0,2096.0,3987
2025-11-12 03:53:00+00:00,2094.89990234375,2095.0,2093.300048828125,2095.0,5578
2025-11-12 03:54:00+00:00,2095.699951171875,2098.0,2095.699951171875,2096.300048828125,4921
2025-11-12 03:55:00+00:00,2094.10009765625,2096.300048828125,2094.10009765625,2095.89990234375,4000
2025-11-12 03:56:00+00:00,2095.60009765625,2096.10009765625,2094.199951171875,2094.199951171875,2631
2025-11-12 03:57:00+00:00,2093.800048828125,2095.0,2093.800048828125,2095.0,2354
2025-11-12 03:58:00+00:00,2093.199951171875,2094.300048828125,2092.39990234375,2094.300048828125,9965
2025-11-12 03:59:00+00:00,2090.699951171875,2091.699951171875,2089.89990234375,2090.800048828125,5313
2025-11-12 04:00:00+00:00,2092.10009765625,2092.10009765625,2090.5,2090.60009765625,2571
2025-11-12 04:01:00+00:00,2092.10009765625,2093.39990234375,2092.0,2092.0,4107
2025-11-12 04:02:00+00:00,2090.60009765625,2091.800048828125,2090.60009765625,2091.800048828125,5732
2025-11-12 04:03:00+00:00,2089.699951171875,2091.10009765625,2089.699951171875,2090.10009765625,4431
2025-11-12 04:04:00+00:00,2088.39990234375,2089.0,2088.10009765625,2088.800048828125,5794
2025-11-12 04:05:00+00:00,2087.300048828125,2088.0,2087.0,2088.0,4149
2025-11-12 04:06:00+00:00,2087.60009765625,2087.800048828125,2087.300048828125,2087.300048828125,2747
2025-11-12 04:07:00+00:00,2087.60009765625,2088.300048828125,2087.199951171875,2087.300048828125,3557
2025-11-12 04:08:00+00:00,2088.699951171875,2088.699951171875,2087.300048828125,2087.300048828125,3338
2025-11-12 04:09:00+00:00,2087.60009765625,2089.199951171875,2087.5,2089.199951171875,1982
2025-11-12 04:10:00+00:00,2089.800048828125,2089.800048828125,2087.300048828125,2087.39990234375,3747
2025-11-12 04:11:00+00:00,2089.800048828125,2089.800048828125,2087.5,2088.300048828125,3889
2025-11-12 04:12:00+00:00,2090.300048828125,2090.5,2088.39990234375,2089.10009765625,3385
2025-11-12 04:13:00+00:00,2088.39990234375,2089.89990234375,2088.39990234375,2089.89990234375,2009
2025-11-12 04:14:00+00:00,2087.60009765625,2088.39990234375,2086.39990234375,2088.39990234375,3728
2025-11-12 04:15:00+00:00,2087.10009765625,2088.5,2087.10009765625,2088.5,3877
2025-11-12 04:16:00+00:00,2089.10009765625,2089.5,2087.39990234375,2087.39990234375,2136
2025-11-12 04:17:00+00:00,2088.5,2089.800048828125,2088.5,2089.0,2472
2025-11-12 04:18:00+00:00,2089.0,2089.0,2087.89990234375,2088.800048828125,2616
2025-11-12 04:19:00+00:00,2088.60009765625,2089.5,2088.199951171875,2088.89990234375,3043
2025-11-12 04:20:00+00:00,2088.199951171875,2089.10009765625,2087.89990234375,2089.10009765625,2382
2025-11-12 04:21:00+00:00,2087.60009765625,2088.199951171875,2087.5,2088.199951171875,6198
2025-11-12 04:22:00+00:00,2087.699951171875,2088.39990234375,2087.5,2087.5,4641
2025-11-12 04:23:00+00:00,2088.39990234375,2089.0,2087.60009765625,2087.60009765625,4243
2025-11-12 04:24:00+00:00,2088.89990234375,2088.89990234375,2087.89990234375,2088.39990234375,1706
2025-11-12 04:25:00+00:00,2089.0,2089.0,2087.89990234375,2087.89990234375,2773
2025-11-12 04:26:00+00:00,2089.0,2089.0,2088.199951171875,2088.800048828125,2136
2025-11-12 04:27:00+00:00,2088.300048828125,2089.0,2088.10009765625,2088.5,1531
2025-11-12 04:28:00+00:00,2089.5,2089.5,2088.0,2089.0,4581
2025-11-12 04:29:00+00:00,2088.10009765625,2089.39990234375,2088.0,2089.39990234375,2552
2025-11-12 04:30:00+00:00,2088.10009765625,2088.60009765625,2088.0,2088.10009765625,8422
2025-11-12 04:31:00+00:00,2087.5,2088.60009765625,2087.5,2088.10009765625,5287
2025-11-12 04:32:00+00:00,2087.89990234375,2088.5,2087.199951171875,2088.39990234375,2470
2025-11-12 04:33:00+00:00,2087.39990234375,2088.5,2087.39990234375,2088.199951171875,6039
2025-11-12 04:34:00+00:00,2084.89990234375,2087.300048828125,2084.89990234375,2087.300048828125,10410
2025-11-12 04:35:00+00:00,2085.0,2085.199951171875,2084.699951171875,2085.0,12848
2025-11-12 04:36:00+00:00,2084.800048828125,2085.0,2084.60009765625,2085.0,2787
2025-11-12 04:37:00+00:00,2084.60009765625,2085.0,2084.5,2084.60009765625,4218
2025-11-12 04:38:00+00:00,2084.89990234375,2085.10009765625,2084.10009765625,2084.60009765625,3141
2025-11-12 04:39:00+00:00,2084.199951171875,2084.199951171875,2082.60009765625,2084.0,3269
2025-11-12 04:40:00+00:00,2083.89990234375,2084.39990234375,2082.39990234375,2083.10009765625,4079
2025-11-12 04:41:00+00:00,2082.5,2084.39990234375,2082.5,2083.699951171875,4823
2025-11-12 04:42:00+00:00,2083.39990234375,2083.39990234375,2082.800048828125,2082.800048828125,2108
2025-11-12 04:43:00+00:00,2083.0,2083.5,2082.699951171875,2083.5,2174
2025-11-12 04:44:00+00:00,2083.699951171875,2084.10009765625,2082.89990234375,2083.39990234375,3102
2025-11-12 04:45:00+00:00,2082.5,2083.300048828125,2082.39990234375,2083.300048828125,1371
2025-11-12 04:46:00+00:00,2083.699951171875,2084.199951171875,2082.300048828125,2082.5,3940
2025-11-12 04:47:00+00:00,2083.10009765625,2084.10009765625,2083.10009765625,2084.10009765625,3083
2025-11-12 04:48:00+00:00,2083.10009765625,2083.699951171875,2082.89990234375,2083.10009765625,2932
2025-11-12 04:49:00+00:00,2083.10009765625,2083.800048828125,2082.39990234375,2083.0,2726
2025-11-12 04:50:00+00:00,2082.0,2082.60009765625,2081.60009765625,2082.39990234375,10428
2025-11-12 04:51:00+00:00,2081.699951171875,2082.60009765625,2081.699951171875,2082.199951171875,2832
2025-11-12 04:52:00+00:00,2081.39990234375,2081.89990234375,2081.10009765625,2081.699951171875,2997
2025-11-12 04:53:00+00:00,2081.699951171875,2082.199951171875,2081.300048828125,2082.199951171875,4067
2025-11-12 04:54:00+00:00,2082.199951171875,2082.39990234375,2081.10009765625,2081.60009765625,2065
2025-11-12 04:55:00+00:00,2082.89990234375,2082.89990234375,2081.89990234375,2082.199951171875,2498
2025-11-12 04:56:00+00:00,2081.800048828125,2082.800048828125,2081.800048828125,2081.800048828125,2492
2025-11-12 04:57:00+00:00,2081.89990234375,2082.199951171875,2081.800048828125,2081.800048828125,1205
2025-11-12 04:58:00+00:00,2081.199951171875,2081.89990234375,2081.10009765625,2081.800048828125,4104
2025-11-12 04:59:00+00:00,2082.10009765625,2082.199951171875,2081.199951171875,2082.199951171875,2495
2025-11-12 05:00:00+00:00,2082.699951171875,2082.800048828125,2082.10009765625,2082.199951171875,3194
2025-11-12 05:01:00+00:00,2082.10009765625,2082.60009765625,2082.10009765625,2082.60009765625,2494
2025-11-12 05:02:00+00:00,2082.10009765625,2082.89990234375,2082.10009765625,2082.10009765625,1817
2025-11-12 05:03:00+00:00,2082.89990234375,2082.89990234375,2082.10009765625,2082.10009765625,2047
2025-11-12 05:04:00+00:00,2083.60009765625,2083.89990234375,2082.199951171875,2082.199951171875,3443
2025-11-12 05:05:00+00:00,2083.300048828125,2083.89990234375,2083.300048828125,2083.699951171875,2533
2025-11-12 05:06:00+00:00,2083.800048828125,2083.89990234375,2083.0,2083.300048828125,2580
2025-11-12 05:07:00+00:00,2083.5,2083.89990234375,2083.300048828125,2083.800048828125,1824
2025-11-12 05:08:00+00:00,2084.39990234375,2084.39990234375,2083.300048828125,2083.300048828125,2554
2025-11-12 05:09:00+00:00,2084.10009765625,2084.10009765625,2083.89990234375,2084.0,2150
2025-11-12 05:10:00+00:00,2084.60009765625,2085.0,2082.89990234375,2083.0,8772
2025-11-12 05:11:00+00:00,2085.0,2085.199951171875,2084.5,2085.0,5030
2025-11-12 05:12:00+00:00,2084.60009765625,2085.800048828125,2084.60009765625,2085.800048828125,2306
2025-11-12 05:13:00+00:00,2084.5,2085.39990234375,2084.5,2085.39990234375,3865
2025-11-12 05:14:00+00:00,2084.5,2084.699951171875,2084.5,2084.5,1750
2025-11-12 05:15:00+00:00,2084.60009765625,2084.800048828125,2084.5,2084.60009765625,1945
2025-11-12 05:16:00+00:00,2084.5,2084.800048828125,2084.5,2084.5,8959
2025-11-12 05:17:00+00:00,2084.5,2084.60009765625,2084.5,2084.5,1578
2025-11-12 05:18:00+00:00,2085.300048828125,2085.300048828125,2084.5,2084.5,2855
2025-11-12 05:19:00+00:00,2085.39990234375,2086.39990234375,2085.199951171875,2085.39990234375,2202
2025-11-12 05:20:00+00:00,2085.5,2085.60009765625,2085.39990234375,2085.5,1131
2025-11-12 05:21:00+00:00,2085.10009765625,2085.39990234375,2085.10009765625,2085.39990234375,2492
2025-11-12 05:22:00+00:00,2085.699951171875,2086.5,2085.0,2085.10009765625,3053
2025-11-12 05:23:00+00:00,2086.300048828125,2087.0,2085.39990234375,2085.800048828125,2001
2025-11-12 05:24:00+00:00,2085.800048828125,2086.89990234375,2085.800048828125,2086.300048828125,1757
2025-11-12 05:25:00+00:00,2086.10009765625,2087.0,2085.699951171875,2085.699951171875,2181
2025-11-12 05:26:00+00:00,2086.39990234375,2087.0,2085.800048828125,2086.10009765625,2084
2025-11-12 05:27:00+00:00,2086.5,2087.199951171875,2085.89990234375,2085.89990234375,3063
2025-11-12 05:28:00+00:00,2085.10009765625,2086.60009765625,2085.10009765625,2086.300048828125,2846
2025-11-12 05:29:00+00:00,2084.5,2085.5,2084.5,2085.10009765625,3397
2025-11-12 05:30:00+00:00,2084.5,2084.800048828125,2084.5,2084.5,2864
2025-11-12 05:31:00+00:00,2084.60009765625,2085.39990234375,2084.5,2084.5,3099
2025-11-12 05:32:00+00:00,2084.60009765625,2084.60009765625,2084.10009765625,2084.5,3488
2025-11-12 05:33:00+00:00,2084.60009765625,2084.60009765625,2084.5,2084.5,3240
2025-11-12 05:34:00+00:00,2084.60009765625,2084.60009765625,2084.5,2084.5,1854
2025-11-12 05:35:00+00:00,2084.800048828125,2085.800048828125,2084.60009765625,2084.800048828125,3277
2025-11-12 05:36:00+00:00,2084.300048828125,2084.699951171875,2084.300048828125,2084.699951171875,1864
2025-11-12 05:37:00+00:00,2083.0,2084.300048828125,2083.0,2084.300048828125,2422
2025-11-12 05:38:00+00:00,2083.5,2084.199951171875,2083.0,2083.10009765625,1226
2025-11-12 05:39:00+00:00,2084.199951171875,2084.89990234375,2083.5,2083.5,649
2025-11-12 05:40:00+00:00,2084.89990234375,2084.89990234375,2084.10009765625,2084.199951171875,1099
2025-11-12 05:41:00+00:00,2084.0,2084.199951171875,2084.0,2084.10009765625,651
2025-11-12 05:42:00+00:00,2083.699951171875,2084.10009765625,2083.5,2084.0,1568
2025-11-12 05:43:00+00:00,2084.10009765625,2084.10009765625,2083.699951171875,2083.800048828125,825
2025-11-12 05:44:00+00:00,2084.199951171875,2084.300048828125,2084.0,2084.10009765625,657
2025-11-12 05:45:00+00:00,2084.60009765625,2084.60009765625,2084.199951171875,2084.199951171875,774
2025-11-12 05:46:00+00:00,2084.89990234375,2085.0,2084.800048828125,2084.800048828125,854
2025-11-12 05:47:00+00:00,2083.800048828125,2084.5,2083.800048828125,2084.5,1620
2025-11-12 05:48:00+00:00,2084.300048828125,2084.60009765625,2084.0,2084.0,873
2025-11-12 05:49:00+00:00,2084.300048828125,2084.60009765625,2083.89990234375,2084.300048828125,756
2025-11-12 05:50:00+00:00,2084.5,2084.5,2084.10009765625,2084.10009765625,528
2025-11-12 05:51:00+00:00,2083.60009765625,2084.39990234375,2083.60009765625,2084.300048828125,776
2025-11-12 05:52:00+00:00,2082.800048828125,2083.699951171875,2082.800048828125,2083.60009765625,1524
2025-11-12 05:53:00+00:00,2083.300048828125,2083.5,2082.800048828125,2082.89990234375,959
2025-11-12 05:54:00+00:00,2083.800048828125,2084.699951171875,2083.800048828125,2083.800048828125,1003
2025-11-12 05:55:00+00:00,2084.39990234375,2084.60009765625,2083.699951171875,2083.800048828125,805
2025-11-12 05:56:00+00:00,2084.199951171875,2084.699951171875,2084.199951171875,2084.699951171875,670
2025-11-12 05:57:00+00:00,2084.5,2084.89990234375,2084.199951171875,2084.199951171875,735
2025-11-12 05:58:00+00:00,2083.60009765625,2084.800048828125,2083.5,2084.60009765625,4148
2025-11-12 05:59:00+00:00,2083.800048828125,2084.300048828125,2083.60009765625,2083.699951171875,854
2025-11-12 06:00:00+00:00,2084.199951171875,2084.89990234375,2083.89990234375,2083.89990234375,724
2025-11-12 06:01:00+00:00,2084.199951171875,2084.300048828125,2084.199951171875,2084.199951171875,1085
2025-11-12 06:02:00+00:00,2084.39990234375,2084.39990234375,2084.0,2084.199951171875,519
2025-11-12 06:03:00+00:00,2084.300048828125,2084.89990234375,2084.300048828125,2084.5,726
2025-11-12 06:04:00+00:00,2086.0,2086.0,2085.0,2085.10009765625,743
2025-11-12 06:05:00+00:00,2086.0,2086.10009765625,2085.5,2085.800048828125,709
2025-11-12 06:06:00+00:00,2085.89990234375,2086.10009765625,2085.199951171875,2085.800048828125,1189
2025-11-12 06:07:00+00:00,2084.10009765625,2085.89990234375,2084.0,2085.199951171875,11480
2025-11-12 06:08:00+00:00,2084.10009765625,2084.699951171875,2083.800048828125,2084.10009765625,2041
2025-11-12 06:09:00+00:00,2084.39990234375,2084.699951171875,2083.199951171875,2083.800048828125,2518
2025-11-12 06:10:00+00:00,2085.0,2085.199951171875,2084.300048828125,2084.300048828125,1314
2025-11-12 06:11:00+00:00,2084.5,2085.199951171875,2084.300048828125,2085.199951171875,1125
2025-11-12 06:12:00+00:00,2084.89990234375,2085.300048828125,2084.39990234375,2084.5,917
2025-11-12 06:13:00+00:00,2085.199951171875,2085.800048828125,2084.699951171875,2084.699951171875,1948
2025-11-12 06:14:00+00:00,2084.89990234375,2085.5,2084.89990234375,2085.199951171875,1075
2025-11-12 06:15:00+00:00,2085.5,2086.0,2085.0,2085.0,867
2025-11-12 06:16:00+00:00,2085.89990234375,2086.60009765625,2085.39990234375,2085.39990234375,1246
2025-11-12 06:17:00+00:00,2086.5,2086.5,2085.89990234375,2085.89990234375,736
2025-11-12 06:18:00+00:00,2086.300048828125,2086.5,2086.300048828125,2086.39990234375,1511
2025-11-12 06:19:00+00:00,2085.10009765625,2086.39990234375,2085.10009765625,2086.199951171875,2880
2025-11-12 06:20:00+00:00,2084.699951171875,2085.5,2084.699951171875,2085.39990234375,1179
2025-11-12 06:21:00+00:00,2085.300048828125,2085.5,2084.5,2084.699951171875,2196
2025-11-12 06:22:00+00:00,2085.0,2085.39990234375,2084.5,2085.39990234375,1146
2025-11-12 06:23:00+00:00,2084.800048828125,2085.0,2084.60009765625,2085.0,1670
2025-11-12 06:24:00+00:00,2085.0,2085.39990234375,2084.699951171875,2084.800048828125,3020
2025-11-12 06:25:00+00:00,2085.300048828125,2085.5,2084.800048828125,2084.800048828125,806
2025-11-12 06:26:00+00:00,2085.300048828125,2085.5,2085.199951171875,2085.300048828125,711
2025-11-12 06:27:00+00:00,2086.5,2087.39990234375,2085.300048828125,2085.300048828125,13604
2025-11-12 06:28:00+00:00,2085.5,2086.39990234375,2085.39990234375,2086.0,2087
2025-11-12 06:29:00+00:00,2084.800048828125,2085.699951171875,2084.800048828125,2085.5,2472
2025-11-12 06:30:00+00:00,2084.300048828125,2084.39990234375,2084.0,2084.39990234375,2376
2025-11-12 06:31:00+00:00,2083.89990234375,2085.199951171875,2083.89990234375,2084.199951171875,3281
2025-11-12 06:32:00+00:00,2083.89990234375,2084.5,2083.60009765625,2083.699951171875,1352
2025-11-12 06:33:00+00:00,2083.60009765625,2084.0,2083.5,2083.800048828125,894
2025-11-12 06:34:00+00:00,2084.39990234375,2084.89990234375,2083.5,2083.60009765625,8732
2025-11-12 06:35:00+00:00,2084.10009765625,2085.0,2083.699951171875,2083.699951171875,1621
2025-11-12 06:36:00+00:00,2084.300048828125,2084.89990234375,2083.800048828125,2084.0,1503
2025-11-12 06:37:00+00:00,2084.60009765625,2085.0,2084.300048828125,2084.300048828125,1808
2025-11-12 06:38:00+00:00,2085.0,2085.0,2084.199951171875,2084.60009765625,1793
2025-11-12 06:39:00+00:00,2084.89990234375,2085.300048828125,2084.89990234375,2085.10009765625,2161
2025-11-12 06:40:00+00:00,2085.0,2085.5,2084.800048828125,2084.800048828125,3208
2025-11-12 06:41:00+00:00,2084.199951171875,2085.10009765625,2084.0,2085.0,1411
2025-11-12 06:42:00+00:00,2084.5,2084.699951171875,2084.0,2084.10009765625,641
2025-11-12 06:43:00+00:00,2084.699951171875,2084.800048828125,2084.39990234375,2084.5,1028
2025-11-12 06:44:00+00:00,2084.10009765625,2084.800048828125,2084.10009765625,2084.5,548
2025-11-12 06:45:00+00:00,2084.39990234375,2084.800048828125,2084.199951171875,2084.199951171875,842
2025-11-12 06:46:00+00:00,2084.5,2084.699951171875,2084.300048828125,2084.39990234375,1724
2025-11-12 06:47:00+00:00,2084.699951171875,2084.699951171875,2084.5,2084.5,853
2025-11-12 06:48:00+00:00,2084.60009765625,2084.800048828125,2084.60009765625,2084.699951171875,857
2025-11-12 06:49:00+00:00,2084.60009765625,2085.0,2084.5,2084.60009765625,1252
2025-11-12 06:50:00+00:00,2085.0,2085.0,2084.0,2084.800048828125,2024
2025-11-12 06:51:00+00:00,2084.0,2084.60009765625,2084.0,2084.60009765625,748
2025-11-12 06:52:00+00:00,2084.300048828125,2084.89990234375,2084.0,2084.0,1083
2025-11-12 06:53:00+00:00,2084.199951171875,2084.60009765625,2084.10009765625,2084.300048828125,919
2025-11-12 06:54:00+00:00,2084.5,2085.0,2084.10009765625,2084.10009765625,1282
2025-11-12 06:55:00+00:00,2085.0,2085.0,2084.300048828125,2085.0,1760
2025-11-12 06:56:00+00:00,2084.60009765625,2084.60009765625,2084.300048828125,2084.300048828125,792
2025-11-12 06:57:00+00:00,2084.199951171875,2084.60009765625,2084.10009765625,2084.300048828125,859
2025-11-12 06:58:00+00:00,2084.89990234375,2084.89990234375,2084.0,2084.10009765625,1070
2025-11-12 06:59:00+00:00,2084.5,2085.10009765625,2084.5,2084.800048828125,1262
2025-11-12 07:00:00+00:00,2084.39990234375,2085.10009765625,2084.39990234375,2084.60009765625,1298
2025-11-12 07:01:00+00:00,2085.10009765625,2086.0,2084.800048828125,2084.800048828125,1843
2025-11-12 07:02:00+00:00,2084.800048828125,2085.800048828125,2084.800048828125,2085.10009765625,2616
2025-11-12 07:03:00+00:00,2083.89990234375,2084.10009765625,2083.5,2084.0,2549
2025-11-12 07:04:00+00:00,2083.699951171875,2084.10009765625,2083.5,2083.89990234375,2468
2025-11-12 07:05:00+00:00,2084.199951171875,2084.60009765625,2083.5,2083.800048828125,3592
2025-11-12 07:06:00+00:00,2084.39990234375,2084.60009765625,2083.89990234375,2084.300048828125,2548
2025-11-12 07:07:00+00:00,2084.800048828125,2084.800048828125,2084.0,2084.0,2507
2025-11-12 07:08:00+00:00,2085.0,2086.0,2085.0,2085.39990234375,2126
2025-11-12 07:09:00+00:00,2085.0,2086.0,2085.0,2085.0,3819
2025-11-12 07:10:00+00:00,2085.60009765625,2085.89990234375,2085.10009765625,2085.699951171875,3262
2025-11-12 07:11:00+00:00,2085.699951171875,2086.0,2085.60009765625,2085.699951171875,3007
2025-11-12 07:12:00+00:00,2085.5,2086.0,2085.5,2085.60009765625,2181
2025-11-12 07:13:00+00:00,2085.199951171875,2086.0,2085.199951171875,2085.300048828125,3647
2025-11-12 07:14:00+00:00,2085.10009765625,2086.199951171875,2085.10009765625,2085.199951171875,2561
2025-11-12 07:15:00+00:00,2086.5,2086.5,2085.0,2085.0,4496
2025-11-12 07:16:00+00:00,2085.39990234375,2086.5,2085.300048828125,2085.800048828125,3717
2025-11-12 07:17:00+00:00,2085.89990234375,2086.5,2085.39990234375,2085.5,2891
2025-11-12 07:18:00+00:00,2085.199951171875,2085.89990234375,2085.199951171875,2085.89990234375,3166
2025-11-12 07:19:00+00:00,2084.89990234375,2085.39990234375,2084.89990234375,2085.300048828125,2732
2025-11-12 07:20:00+00:00,2084.60009765625,2085.300048828125,2084.60009765625,2085.0,4413
2025-11-12 07:21:00+00:00,2083.800048828125,2084.60009765625,2083.800048828125,2084.5,3114
2025-11-12 07:22:00+00:00,2083.10009765625,2084.300048828125,2083.0,2084.10009765625,3199
2025-11-12 07:23:00+00:00,2082.699951171875,2083.60009765625,2082.60009765625,2083.0,3847
2025-11-12 07:24:00+00:00,2082.699951171875,2083.0,2082.60009765625,2082.699951171875,3903
2025-11-12 07:25:00+00:00,2082.89990234375,2083.199951171875,2082.39990234375,2082.60009765625,5357
2025-11-12 07:26:00+00:00,2083.39990234375,2083.5,2082.699951171875,2082.89990234375,3707
2025-11-12 07:27:00+00:00,2083.300048828125,2083.39990234375,2083.199951171875,2083.300048828125,2324
2025-11-12 07:28:00+00:00,2083.300048828125,2083.800048828125,2083.0,2083.0,3831
2025-11-12 07:29:00+00:00,2084.800048828125,2084.800048828125,2083.10009765625,2083.300048828125,5383
2025-11-12 07:30:00+00:00,2084.10009765625,2085.300048828125,2084.10009765625,2084.699951171875,3778
2025-11-12 07:31:00+00:00,2085.10009765625,2085.300048828125,2084.10009765625,2084.10009765625,4347
2025-11-12 07:32:00+00:00,2085.0,2085.199951171875,2085.0,2085.10009765625,2433
2025-11-12 07:33:00+00:00,2085.0,2085.10009765625,2085.0,2085.10009765625,2379
2025-11-12 07:34:00+00:00,2085.199951171875,2085.199951171875,2084.60009765625,2085.0,2997
2025-11-12 07:35:00+00:00,2084.10009765625,2085.199951171875,2084.10009765625,2084.89990234375,2829
2025-11-12 07:36:00+00:00,2084.60009765625,2084.89990234375,2084.0,2084.89990234375,4644
2025-11-12 07:37:00+00:00,2085.10009765625,2085.10009765625,2084.300048828125,2084.300048828125,2704
2025-11-12 07:38:00+00:00,2085.10009765625,2085.699951171875,2085.0,2085.0,2976
2025-11-12 07:39:00+00:00,2085.10009765625,2085.10009765625,2085.0,2085.10009765625,3097
2025-11-12 07:40:00+00:00,2084.5,2085.5,2083.699951171875,2085.5,4330
2025-11-12 07:41:00+00:00,2083.800048828125,2084.5,2083.60009765625,2084.39990234375,3994
2025-11-12 07:42:00+00:00,2084.5,2085.199951171875,2083.60009765625,2083.800048828125,3827
2025-11-12 07:43:00+00:00,2084.39990234375,2085.199951171875,2084.199951171875,2084.5,3825
2025-11-12 07:44:00+00:00,2084.199951171875,2084.800048828125,2084.10009765625,2084.39990234375,2713
2025-11-12 07:45:00+00:00,2084.699951171875,2085.0,2084.0,2084.10009765625,3598
2025-11-12 07:46:00+00:00,2083.800048828125,2085.300048828125,2083.699951171875,2085.300048828125,3470
2025-11-12 07:47:00+00:00,2083.199951171875,2084.699951171875,2083.199951171875,2083.800048828125,3304
2025-11-12 07:48:00+00:00,2083.199951171875,2084.199951171875,2082.5,2083.199951171875,3556
2025-11-12 07:49:00+00:00,2083.300048828125,2084.199951171875,2083.0,2083.10009765625,2812
2025-11-12 07:50:00+00:00,2085.10009765625,2085.10009765625,2083.300048828125,2083.39990234375,3261
2025-11-12 07:51:00+00:00,2085.39990234375,2085.5,2084.5,2084.699951171875,3692
2025-11-12 07:52:00+00:00,2085.10009765625,2085.89990234375,2085.0,2085.39990234375,4077
2025-11-12 07:53:00+00:00,2085.39990234375,2085.89990234375,2085.0,2085.5,3118
2025-11-12 07:54:00+00:00,2085.199951171875,2085.89990234375,2085.199951171875,2085.5,3643
2025-11-12 07:55:00+00:00,2085.300048828125,2085.89990234375,2085.0,2085.199951171875,4045
2025-11-12 07:56:00+00:00,2085.199951171875,2085.39990234375,2084.699951171875,2085.199951171875,3718
2025-11-12 07:57:00+00:00,2085.300048828125,2085.5,2084.39990234375,2085.5,3628
2025-11-12 07:58:00+00:00,2085.60009765625,2086.0,2084.699951171875,2084.699951171875,3538
2025-11-12 07:59:00+00:00,2085.699951171875,2086.0,2085.0,2085.60009765625,2463
2025-11-12 08:00:00+00:00,2085.5,2086.0,2085.0,2085.699951171875,4007
2025-11-12 08:01:00+00:00,2085.699951171875,2086.0,2085.300048828125,2085.5,3176
2025-11-12 08:02:00+00:00,2085.199951171875,2085.89990234375,2085.199951171875,2085.89990234375,3459
2025-11-12 08:03:00+00:00,2085.89990234375,2085.89990234375,2085.199951171875,2085.300048828125,3268
2025-11-12 08:04:00+00:00,2085.39990234375,2086.0,2085.199951171875,2086.0,3973
2025-11-12 08:05:00+00:00,2085.89990234375,2086.0,2085.199951171875,2085.5,3680
2025-11-12 08:06:00+00:00,2085.199951171875,2085.699951171875,2085.0,2085.699951171875,2899
2025-11-12 08:07:00+00:00,2085.300048828125,2085.89990234375,2085.10009765625,2085.699951171875,3409
2025-11-12 08:08:00+00:00,2087.10009765625,2087.10009765625,2085.5,2085.5,8254
2025-11-12 08:09:00+00:00,2090.199951171875,2090.39990234375,2087.60009765625,2087.60009765625,17670
2025-11-12 08:10:00+00:00,2091.0,2091.0,2089.60009765625,2089.800048828125,13738
2025-11-12 08:11:00+00:00,2089.5,2091.800048828125,2089.5,2091.0,12863
2025-11-12 08:12:00+00:00,2088.5,2089.39990234375,2087.5,2089.300048828125,4223
2025-11-12 08:13:00+00:00,2088.699951171875,2088.800048828125,2088.0,2088.0,3003
2025-11-12 08:14:00+00:00,2088.0,2088.89990234375,2087.5,2088.89990234375,15181
2025-11-12 08:15:00+00:00,2088.800048828125,2088.89990234375,2086.800048828125,2088.0,11884
2025-11-12 08:16:00+00:00,2088.800048828125,2089.60009765625,2088.699951171875,2088.800048828125,4361
2025-11-12 08:17:00+00:00,2089.300048828125,2089.60009765625,2087.60009765625,2088.89990234375,6990
2025-11-12 08:18:00+00:00,2089.5,2089.60009765625,2088.5,2089.199951171875,3552
2025-11-12 08:19:00+00:00,2089.800048828125,2089.800048828125,2089.199951171875,2089.39990234375,4097
2025-11-12 08:20:00+00:00,2088.89990234375,2089.699951171875,2088.89990234375,2089.699951171875,4228
2025-11-12 08:21:00+00:00,2089.10009765625,2089.89990234375,2089.0,2089.60009765625,3763
2025-11-12 08:22:00+00:00,2089.39990234375,2090.10009765625,2088.699951171875,2089.699951171875,3704
2025-11-12 08:23:00+00:00,2089.0,2089.699951171875,2089.0,2089.39990234375,2910
2025-11-12 08:24:00+00:00,2089.0,2089.39990234375,2088.300048828125,2089.300048828125,3421
2025-11-12 08:25:00+00:00,2089.0,2089.5,2088.89990234375,2089.0,3358
2025-11-12 08:26:00+00:00,2089.0,2089.39990234375,2089.0,2089.0,2757
2025-11-12 08:27:00+00:00,2089.10009765625,2089.39990234375,2088.39990234375,2089.10009765625,3575
2025-11-12 08:28:00+00:00,2088.89990234375,2089.39990234375,2088.89990234375,2089.199951171875,2243
2025-11-12 08:29:00+00:00,2088.5,2089.699951171875,2088.5,2089.0,3622
2025-11-12 08:30:00+00:00,2090.39990234375,2090.39990234375,2089.0,2089.0,9941
2025-11-12 08:31:00+00:00,2089.800048828125,2090.199951171875,2089.199951171875,2090.10009765625,6376
2025-11-12 08:32:00+00:00,2089.10009765625,2089.800048828125,2088.800048828125,2089.699951171875,5681
2025-11-12 08:33:00+00:00,2089.0,2089.60009765625,2088.300048828125,2089.0,4128
2025-11-12 08:34:00+00:00,2089.60009765625,2090.0,2089.0,2089.0,3965
2025-11-12 08:35:00+00:00,2088.800048828125,2090.0,2088.60009765625,2089.699951171875,3746
2025-11-12 08:36:00+00:00,2089.39990234375,2090.0,2088.199951171875,2089.39990234375,3674
2025-11-12 08:37:00+00:00,2088.5,2089.89990234375,2088.5,2089.39990234375,4634
2025-11-12 08:38:00+00:00,2087.699951171875,2089.10009765625,2087.699951171875,2088.39990234375,13662
2025-11-12 08:39:00+00:00,2087.300048828125,2088.300048828125,2086.300048828125,2087.5,15077
2025-11-12 08:40:00+00:00,2087.800048828125,2088.10009765625,2086.39990234375,2087.199951171875,12273
2025-11-12 08:41:00+00:00,2087.10009765625,2088.5,2086.300048828125,2087.5,4849
2025-11-12 08:42:00+00:00,2087.300048828125,2087.800048828125,2086.300048828125,2087.0,3852
2025-11-12 08:43:00+00:00,2087.0,2087.699951171875,2086.199951171875,2087.10009765625,4520
2025-11-12 08:44:00+00:00,2086.89990234375,2087.89990234375,2086.5,2087.0,3975
2025-11-12 08:45:00+00:00,2087.300048828125,2087.800048828125,2086.5,2086.89990234375,4317
2025-11-12 08:46:00+00:00,2087.39990234375,2087.60009765625,2087.0,2087.300048828125,3299
2025-11-12 08:47:00+00:00,2087.199951171875,2087.89990234375,2087.10009765625,2087.300048828125,1739
2025-11-12 08:48:00+00:00,2087.39990234375,2087.60009765625,2086.300048828125,2087.0,4209
2025-11-12 08:49:00+00:00,2087.0,2087.60009765625,2086.60009765625,2087.39990234375,4017
2025-11-12 08:50:00+00:00,2087.199951171875,2087.699951171875,2086.199951171875,2087.0,3895
2025-11-12 08:51:00+00:00,2087.0,2087.5,2087.0,2087.199951171875,3476
2025-11-12 08:52:00+00:00,2086.0,2087.0,2085.800048828125,2087.0,3188
2025-11-12 08:53:00+00:00,2086.300048828125,2086.800048828125,2085.199951171875,2086.39990234375,2792
2025-11-12 08:54:00+00:00,2086.60009765625,2087.0,2086.300048828125,2086.300048828125,3850
2025-11-12 08:55:00+00:00,2088.199951171875,2088.199951171875,2086.89990234375,2087.0,4338
2025-11-12 08:56:00+00:00,2089.300048828125,2089.300048828125,2087.300048828125,2087.300048828125,13451
2025-11-12 08:57:00+00:00,2089.60009765625,2089.800048828125,2089.10009765625,2089.199951171875,13850
2025-11-12 08:58:00+00:00,2089.199951171875,2090.699951171875,2089.0,2089.60009765625,13744
2025-11-12 08:59:00+00:00,2088.60009765625,2089.300048828125,2087.89990234375,2089.199951171875,3495
2025-11-12 09:00:00+00:00,2089.10009765625,2089.10009765625,2088.10009765625,2088.5,3772
2025-11-12 09:01:00+00:00,2089.699951171875,2089.800048828125,2088.300048828125,2089.10009765625,4645
2025-11-12 09:02:00+00:00,2088.60009765625,2090.300048828125,2088.0,2089.699951171875,4847
2025-11-12 09:03:00+00:00,2088.39990234375,2089.60009765625,2088.199951171875,2088.800048828125,3950
2025-11-12 09:04:00+00:00,2088.800048828125,2089.10009765625,2087.5,2088.39990234375,3361
2025-11-12 09:05:00+00:00,2088.800048828125,2089.10009765625,2088.10009765625,2089.0,3987
2025-11-12 09:06:00+00:00,2088.10009765625,2089.0,2088.10009765625,2088.800048828125,3055
2025-11-12 09:07:00+00:00,2088.199951171875,2088.5,2087.39990234375,2088.5,3622
2025-11-12 09:08:00+00:00,2088.0,2088.300048828125,2087.5,2088.199951171875,3680
2025-11-12 09:09:00+00:00,2088.5,2088.800048828125,2087.699951171875,2088.199951171875,4218
2025-11-12 09:10:00+00:00,2088.199951171875,2088.39990234375,2087.199951171875,2088.300048828125,2925
2025-11-12 09:11:00+00:00,2086.699951171875,2088.199951171875,2086.699951171875,2088.10009765625,6682
2025-11-12 09:12:00+00:00,2086.300048828125,2087.199951171875,2086.199951171875,2086.800048828125,11836
2025-11-12 09:13:00+00:00,2086.39990234375,2087.199951171875,2085.800048828125,2086.39990234375,10908
2025-11-12 09:14:00+00:00,2087.0,2087.199951171875,2085.5,2086.300048828125,9574
2025-11-12 09:15:00+00:00,2087.10009765625,2087.5,2086.60009765625,2087.300048828125,3911
2025-11-12 09:16:00+00:00,2087.89990234375,2087.89990234375,2086.699951171875,2087.0,2918
2025-11-12 09:17:00+00:00,2087.0,2087.800048828125,2086.5,2087.800048828125,4603
2025-11-12 09:18:00+00:00,2087.60009765625,2087.89990234375,2086.800048828125,2087.0,4302
2025-11-12 09:19:00+00:00,2087.89990234375,2088.0,2087.199951171875,2087.60009765625,3058
2025-11-12 09:20:00+00:00,2087.699951171875,2087.800048828125,2087.0,2087.800048828125,2829
2025-11-12 09:21:00+00:00,2087.5,2088.0,2087.10009765625,2088.0,4896
2025-11-12 09:22:00+00:00,2088.300048828125,2088.800048828125,2087.5,2087.5,4046
2025-11-12 09:23:00+00:00,2088.800048828125,2089.0,2088.60009765625,2088.800048828125,3244
2025-11-12 09:24:00+00:00,2088.0,2088.300048828125,2087.89990234375,2088.10009765625,3164
2025-11-12 09:25:00+00:00,2087.89990234375,2088.39990234375,2087.89990234375,2087.89990234375,2318
2025-11-12 09:26:00+00:00,2089.60009765625,2090.0,2088.10009765625,2088.10009765625,6936
2025-11-12 09:27:00+00:00,2088.699951171875,2089.699951171875,2088.10009765625,2089.39990234375,7394
2025-11-12 09:28:00+00:00,2088.10009765625,2088.89990234375,2087.39990234375,2088.5,7415
2025-11-12 09:29:00+00:00,2088.300048828125,2089.300048828125,2087.5,2088.10009765625,4403
2025-11-12 09:30:00+00:00,2089.10009765625,2090.0,2088.10009765625,2089.0,15869
2025-11-12 09:31:00+00:00,2088.10009765625,2088.800048828125,2087.699951171875,2088.800048828125,14902
2025-11-12 09:32:00+00:00,2087.0,2088.199951171875,2087.0,2088.10009765625,13679
2025-11-12 09:33:00+00:00,2087.300048828125,2087.89990234375,2087.0,2087.10009765625,16739
2025-11-12 09:34:00+00:00,2086.60009765625,2087.300048828125,2086.300048828125,2087.300048828125,14381
2025-11-12 09:35:00+00:00,2086.199951171875,2086.89990234375,2086.0,2086.60009765625,19084
2025-11-12 09:36:00+00:00,2086.60009765625,2086.800048828125,2086.10009765625,2086.199951171875,15238
2025-11-12 09:37:00+00:00,2085.699951171875,2087.0,2085.699951171875,2086.699951171875,14679
2025-11-12 09:38:00+00:00,2085.5,2086.39990234375,2085.5,2085.89990234375,17255
2025-11-12 09:39:00+00:00,2085.300048828125,2086.0,2085.0,2085.800048828125,15680
2025-11-12 09:40:00+00:00,2085.39990234375,2086.0,2084.699951171875,2085.39990234375,19655
2025-11-12 09:41:00+00:00,2085.0,2085.89990234375,2084.10009765625,2085.300048828125,19508
2025-11-12 09:42:00+00:00,2085.199951171875,2085.300048828125,2084.89990234375,2085.0,17045
2025-11-12 09:43:00+00:00,2085.10009765625,2085.5,2084.89990234375,2085.199951171875,14329
2025-11-12 09:44:00+00:00,2083.39990234375,2084.0,2083.10009765625,2084.0,33308
2025-11-12 09:45:00+00:00,2083.39990234375,2083.60009765625,2083.10009765625,2083.5,16574
2025-11-12 09:46:00+00:00,2084.39990234375,2084.5,2082.699951171875,2083.300048828125,31162
2025-11-12 09:47:00+00:00,2083.5,2085.39990234375,2083.39990234375,2084.39990234375,35290
2025-11-12 09:48:00+00:00,2082.699951171875,2083.39990234375,2082.5,2083.10009765625,16833
2025-11-12 09:49:00+00:00,2083.699951171875,2084.199951171875,2082.5,2082.800048828125,18841
2025-11-12 09:50:00+00:00,2082.89990234375,2083.699951171875,2082.39990234375,2083.699951171875,18684
2025-11-12 09:51:00+00:00,2082.60009765625,2083.800048828125,2082.199951171875,2083.0,20395
2025-11-12 09:52:00+00:00,2082.0,2083.5,2082.0,2082.60009765625,17055
2025-11-12 09:53:00+00:00,2082.300048828125,2082.699951171875,2082.10009765625,2082.39990234375,15571
2025-11-12 09:54:00+00:00,2082.0,2082.5,2081.89990234375,2082.300048828125,12270
2025-11-12 09:55:00+00:00,2083.5,2084.0,2082.199951171875,2082.199951171875,18688
2025-11-12 09:56:00+00:00,2083.39990234375,2083.5,2083.39990234375,2083.39990234375,9543
2025-11-12 09:57:00+00:00,2081.800048828125,2083.39990234375,2081.800048828125,2083.39990234375,26213
2025-11-12 09:58:00+00:00,2083.39990234375,2084.300048828125,2081.0,2081.699951171875,25117
2025-11-12 09:59:00+00:00,2084.5,2085.89990234375,2081.300048828125,2083.0,4072
2025-11-13 03:45:00+00:00,2080.800048828125,2089.5,2080.39990234375,2089.5,0
2025-11-13 03:46:00+00:00,2081.800048828125,2081.800048828125,2078.10009765625,2081.300048828125,28640
2025-11-13 03:47:00+00:00,2075.10009765625,2082.60009765625,2075.10009765625,2080.60009765625,39210
2025-11-13 03:48:00+00:00,2072.39990234375,2075.699951171875,2072.300048828125,2075.39990234375,27121
2025-11-13 03:49:00+00:00,2071.39990234375,2073.39990234375,2070.5,2071.5,25545
2025-11-13 03:50:00+00:00,2069.60009765625,2072.800048828125,2068.5,2071.10009765625,15217
2025-11-13 03:51:00+00:00,2068.60009765625,2069.5,2067.800048828125,2068.5,10914
2025-11-13 03:52:00+00:00,2067.39990234375,2069.5,2066.60009765625,2068.800048828125,12362
2025-11-13 03:53:00+00:00,2068.300048828125,2068.39990234375,2066.300048828125,2067.39990234375,6380
2025-11-13 03:54:00+00:00,2069.800048828125,2070.199951171875,2067.800048828125,2067.800048828125,6456
2025-11-13 03:55:00+00:00,2070.300048828125,2071.199951171875,2069.300048828125,2069.300048828125,10815
2025-11-13 03:56:00+00:00,2071.300048828125,2071.800048828125,2070.300048828125,2070.300048828125,6261
2025-11-13 03:57:00+00:00,2071.60009765625,2072.39990234375,2071.300048828125,2071.300048828125,6070
2025-11-13 03:58:00+00:00,2071.0,2072.60009765625,2071.0,2072.60009765625,9360
2025-11-13 03:59:00+00:00,2069.89990234375,2071.10009765625,2069.89990234375,2071.10009765625,6383
2025-11-13 04:00:00+00:00,2070.10009765625,2070.199951171875,2070.0,2070.0,4372
2025-11-13 04:01:00+00:00,2069.89990234375,2070.199951171875,2069.800048828125,2070.0,6102
2025-11-13 04:02:00+00:00,2067.39990234375,2070.10009765625,2067.300048828125,2069.89990234375,7980
2025-11-13 04:03:00+00:00,2068.10009765625,2068.699951171875,2067.300048828125,2067.39990234375,3466
2025-11-13 04:04:00+00:00,2065.60009765625,2067.60009765625,2064.800048828125,2067.60009765625,23379
2025-11-13 04:05:00+00:00,2065.89990234375,2066.699951171875,2065.699951171875,2065.800048828125,4101
2025-11-13 04:06:00+00:00,2065.800048828125,2066.5,2065.800048828125,2065.800048828125,4309
2025-11-13 04:07:00+00:00,2066.300048828125,2066.5,2065.800048828125,2065.800048828125,2976
2025-11-13 04:08:00+00:00,2066.0,2066.199951171875,2065.89990234375,2066.199951171875,2426
2025-11-13 04:09:00+00:00,2067.0,2067.0,2066.10009765625,2066.10009765625,2658
2025-11-13 04:10:00+00:00,2067.89990234375,2067.89990234375,2067.10009765625,2067.10009765625,3307
2025-11-13 04:11:00+00:00,2067.5,2069.89990234375,2067.5,2067.60009765625,5077
2025-11-13 04:12:00+00:00,2067.800048828125,2068.300048828125,2067.39990234375,2067.5,3133
2025-11-13 04:13:00+00:00,2067.5,2069.199951171875,2067.5,2068.0,3245
2025-11-13 04:14:00+00:00,2068.0,2068.699951171875,2067.5,2067.60009765625,3884
2025-11-13 04:15:00+00:00,2069.300048828125,2069.300048828125,2067.89990234375,2068.0,4774
2025-11-13 04:16:00+00:00,2069.800048828125,2069.89990234375,2068.89990234375,2068.89990234375,2848
2025-11-13 04:17:00+00:00,2069.0,2069.89990234375,2068.800048828125,2069.800048828125,4469
2025-11-13 04:18:00+00:00,2068.199951171875,2069.199951171875,2068.10009765625,2069.0,2412
2025-11-13 04:19:00+00:00,2068.0,2068.300048828125,2067.39990234375,2068.300048828125,2768
2025-11-13 04:20:00+00:00,2068.10009765625,2068.39990234375,2067.699951171875,2068.10009765625,1631
2025-11-13 04:21:00+00:00,2070.39990234375,2070.39990234375,2069.10009765625,2069.10009765625,6077
2025-11-13 04:22:00+00:00,2069.10009765625,2070.300048828125,2068.800048828125,2070.199951171875,3185
2025-11-13 04:23:00+00:00,2067.699951171875,2069.199951171875,2067.699951171875,2069.10009765625,3586
2025-11-13 04:24:00+00:00,2067.5,2068.10009765625,2067.300048828125,2067.800048828125,5108
2025-11-13 04:25:00+00:00,2067.699951171875,2067.800048828125,2067.5,2067.5,2104
2025-11-13 04:26:00+00:00,2068.10009765625,2068.199951171875,2067.699951171875,2067.699951171875,2134
2025-11-13 04:27:00+00:00,2069.800048828125,2070.39990234375,2069.199951171875,2069.199951171875,2805
2025-11-13 04:28:00+00:00,2069.199951171875,2069.699951171875,2069.199951171875,2069.699951171875,2246
2025-11-13 04:29:00+00:00,2068.60009765625,2069.39990234375,2068.39990234375,2069.300048828125,2653
2025-11-13 04:30:00+00:00,2069.0,2069.300048828125,2068.699951171875,2068.89990234375,1359
2025-11-13 04:31:00+00:00,2069.800048828125,2069.800048828125,2069.10009765625,2069.10009765625,1468
2025-11-13 04:32:00+00:00,2070.5,2071.0,2069.5,2069.5,2439
2025-11-13 04:33:00+00:00,2071.199951171875,2071.39990234375,2070.39990234375,2070.5,1641
2025-11-13 04:34:00+00:00,2069.300048828125,2071.5,2069.300048828125,2071.0,4854
2025-11-13 04:35:00+00:00,2069.5,2069.60009765625,2069.300048828125,2069.5,2231
2025-11-13 04:36:00+00:00,2068.800048828125,2069.800048828125,2068.800048828125,2069.60009765625,2674
2025-11-13 04:37:00+00:00,2069.300048828125,2069.699951171875,2068.699951171875,2068.699951171875,6280
2025-11-13 04:38:00+00:00,2069.5,2070.199951171875,2069.300048828125,2069.699951171875,1137
2025-11-13 04:39:00+00:00,2069.199951171875,2070.0,2069.199951171875,2069.60009765625,2413
2025-11-13 04:40:00+00:00,2069.10009765625,2069.300048828125,2068.5,2069.199951171875,4886
2025-11-13 04:41:00+00:00,2067.800048828125,2069.199951171875,2067.699951171875,2069.199951171875,2224
2025-11-13 04:42:00+00:00,2068.10009765625,2068.5,2067.89990234375,2068.10009765625,1597
2025-11-13 04:43:00+00:00,2067.89990234375,2068.5,2067.89990234375,2068.5,1788
2025-11-13 04:44:00+00:00,2067.699951171875,2068.0,2067.699951171875,2067.89990234375,2360
2025-11-13 04:45:00+00:00,2068.0,2069.0,2067.60009765625,2068.89990234375,5652
2025-11-13 04:46:00+00:00,2068.199951171875,2068.89990234375,2067.800048828125,2068.300048828125,2540
2025-11-13 04:47:00+00:00,2067.699951171875,2068.60009765625,2067.699951171875,2068.199951171875,2450
2025-11-13 04:48:00+00:00,2068.5,2068.89990234375,2067.699951171875,2067.699951171875,2101
2025-11-13 04:49:00+00:00,2069.0,2069.39990234375,2068.39990234375,2068.39990234375,1902
2025-11-13 04:50:00+00:00,2068.89990234375,2069.0,2068.199951171875,2069.0,12125
2025-11-13 04:51:00+00:00,2069.0,2069.5,2068.300048828125,2068.60009765625,2021
2025-11-13 04:52:00+00:00,2069.60009765625,2070.0,2069.10009765625,2069.10009765625,4169
2025-11-13 04:53:00+00:00,2070.199951171875,2070.5,2069.300048828125,2069.60009765625,5571
2025-11-13 04:54:00+00:00,2071.5,2071.699951171875,2070.5,2070.5,6282
2025-11-13 04:55:00+00:00,2070.300048828125,2071.800048828125,2070.300048828125,2071.5,8624
2025-11-13 04:56:00+00:00,2070.300048828125,2070.39990234375,2070.199951171875,2070.300048828125,1826
2025-11-13 04:57:00+00:00,2070.199951171875,2070.300048828125,2070.199951171875,2070.300048828125,2367
2025-11-13 04:58:00+00:00,2070.699951171875,2071.199951171875,2070.199951171875,2070.199951171875,2030
2025-11-13 04:59:00+00:00,2070.699951171875,2071.300048828125,2070.39990234375,2071.0,2042
2025-11-13 05:00:00+00:00,2071.0,2071.0,2070.800048828125,2070.800048828125,1842
2025-11-13 05:01:00+00:00,2069.300048828125,2071.0,2069.300048828125,2071.0,6451
2025-11-13 05:02:00+00:00,2069.39990234375,2069.60009765625,2069.39990234375,2069.60009765625,2746
2025-11-13 05:03:00+00:00,2068.699951171875,2069.60009765625,2068.5,2069.5,5482
2025-11-13 05:04:00+00:00,2069.0,2069.0,2068.699951171875,2069.0,2475
2025-11-13 05:05:00+00:00,2070.10009765625,2070.199951171875,2069.39990234375,2069.39990234375,2663
2025-11-13 05:06:00+00:00,2071.199951171875,2071.199951171875,2070.0,2070.10009765625,2886
2025-11-13 05:07:00+00:00,2070.39990234375,2071.800048828125,2070.300048828125,2071.199951171875,3540
2025-11-13 05:08:00+00:00,2070.5,2070.5,2070.0,2070.5,2236
2025-11-13 05:09:00+00:00,2071.5,2071.5,2070.300048828125,2070.300048828125,2998
2025-11-13 05:10:00+00:00,2070.800048828125,2071.39990234375,2070.5,2071.39990234375,3408
2025-11-13 05:11:00+00:00,2071.5,2072.0,2070.699951171875,2070.699951171875,4007
2025-11-13 05:12:00+00:00,2070.60009765625,2071.5,2070.60009765625,2071.5,2900
2025-11-13 05:13:00+00:00,2070.89990234375,2070.89990234375,2070.60009765625,2070.60009765625,3352
2025-11-13 05:14:00+00:00,2070.800048828125,2070.800048828125,2070.300048828125,2070.699951171875,3010
2025-11-13 05:15:00+00:00,2071.0,2071.199951171875,2070.699951171875,2070.699951171875,1746
2025-11-13 05:16:00+00:00,2071.39990234375,2072.0,2070.89990234375,2070.89990234375,2384
2025-11-13 05:17:00+00:00,2070.89990234375,2071.5,2070.89990234375,2071.39990234375,1563
2025-11-13 05:18:00+00:00,2071.39990234375,2072.0,2070.89990234375,2071.0,2070
2025-11-13 05:19:00+00:00,2071.39990234375,2071.5,2071.39990234375,2071.5,1545
2025-11-13 05:20:00+00:00,2071.800048828125,2072.0,2071.60009765625,2071.699951171875,4328
2025-11-13 05:21:00+00:00,2072.0,2072.10009765625,2071.800048828125,2071.800048828125,4571
2025-11-13 05:22:00+00:00,2071.800048828125,2072.89990234375,2071.60009765625,2072.0,3595
2025-11-13 05:23:00+00:00,2072.300048828125,2073.0,2072.0,2072.0,2277
2025-11-13 05:24:00+00:00,2073.199951171875,2073.39990234375,2072.300048828125,2072.300048828125,6467
2025-11-13 05:25:00+00:00,2073.5,2073.5,2073.10009765625,2073.300048828125,2603
2025-11-13 05:26:00+00:00,2073.39990234375,2073.5,2073.199951171875,2073.39990234375,2413
2025-11-13 05:27:00+00:00,2072.5,2073.39990234375,2072.300048828125,2073.300048828125,4222
2025-11-13 05:28:00+00:00,2072.800048828125,2072.800048828125,2072.39990234375,2072.5,1971
2025-11-13 05:29:00+00:00,2072.5,2072.699951171875,2072.5,2072.5,1601
2025-11-13 05:30:00+00:00,2072.0,2073.10009765625,2072.0,2072.60009765625,3583
2025-11-13 05:31:00+00:00,2072.10009765625,2072.10009765625,2072.0,2072.0,1610
2025-11-13 05:32:00+00:00,2071.39990234375,2072.10009765625,2071.39990234375,2072.0,2517
2025-11-13 05:33:00+00:00,2071.39990234375,2072.10009765625,2071.300048828125,2071.5,3722
2025-11-13 05:34:00+00:00,2071.89990234375,2071.89990234375,2071.39990234375,2071.39990234375,2484
2025-11-13 05:35:00+00:00,2073.89990234375,2074.0,2072.199951171875,2072.199951171875,3175
2025-11-13 05:36:00+00:00,2073.10009765625,2074.199951171875,2073.10009765625,2073.89990234375,5668
2025-11-13 05:37:00+00:00,2073.89990234375,2074.5,2072.89990234375,2073.199951171875,2494
2025-11-13 05:38:00+00:00,2073.89990234375,2074.5,2073.800048828125,2073.89990234375,1327
2025-11-13 05:39:00+00:00,2073.800048828125,2073.89990234375,2073.800048828125,2073.89990234375,1552
2025-11-13 05:40:00+00:00,2074.300048828125,2074.5,2073.800048828125,2073.800048828125,2435
2025-11-13 05:41:00+00:00,2074.89990234375,2075.0,2074.0,2074.0,6392
2025-11-13 05:42:00+00:00,2075.5,2075.5,2074.5,2074.60009765625,4564
2025-11-13 05:43:00+00:00,2076.199951171875,2076.199951171875,2074.5,2075.300048828125,8257
2025-11-13 05:44:00+00:00,2076.5,2076.5,2075.300048828125,2076.199951171875,3016
2025-11-13 05:45:00+00:00,2076.199951171875,2076.300048828125,2076.0,2076.300048828125,1487
2025-11-13 05:46:00+00:00,2076.89990234375,2077.5,2076.89990234375,2077.0,11005
2025-11-13 05:47:00+00:00,2078.10009765625,2079.0,2076.800048828125,2076.89990234375,8271
2025-11-13 05:48:00+00:00,2076.0,2078.60009765625,2075.699951171875,2078.60009765625,6278
2025-11-13 05:49:00+00:00,2075.10009765625,2076.199951171875,2075.0,2076.0,3175
2025-11-13 05:50:00+00:00,2077.0,2077.39990234375,2075.10009765625,2075.10009765625,2613
2025-11-13 05:51:00+00:00,2076.5,2078.0,2076.0,2077.0,3976
2025-11-13 05:52:00+00:00,2076.60009765625,2077.10009765625,2076.0,2076.60009765625,2127
2025-11-13 05:53:00+00:00,2078.0,2078.10009765625,2076.10009765625,2076.60009765625,2771
2025-11-13 05:54:00+00:00,2077.0,2078.39990234375,2076.5,2078.39990234375,3427
2025-11-13 05:55:00+00:00,2076.300048828125,2077.0,2076.0,2076.60009765625,2808
2025-11-13 05:56:00+00:00,2076.800048828125,2077.0,2076.300048828125,2076.300048828125,2039
2025-11-13 05:57:00+00:00,2077.699951171875,2077.699951171875,2076.800048828125,2077.0,4480
2025-11-13 05:58:00+00:00,2076.699951171875,2077.39990234375,2076.699951171875,2077.10009765625,2211
2025-11-13 05:59:00+00:00,2076.60009765625,2076.699951171875,2076.60009765625,2076.699951171875,1327
2025-11-13 06:00:00+00:00,2076.0,2076.60009765625,2076.0,2076.60009765625,2562
2025-11-13 06:01:00+00:00,2075.699951171875,2076.10009765625,2075.199951171875,2076.0,2642
2025-11-13 06:02:00+00:00,2075.89990234375,2076.5,2075.5,2075.5,1977
2025-11-13 06:03:00+00:00,2076.10009765625,2076.199951171875,2075.89990234375,2075.89990234375,1651
2025-11-13 06:04:00+00:00,2076.89990234375,2077.0,2076.0,2076.10009765625,1531
2025-11-13 06:05:00+00:00,2077.5,2077.5,2076.39990234375,2076.800048828125,2909
2025-11-13 06:06:00+00:00,2077.300048828125,2077.89990234375,2076.39990234375,2076.800048828125,2603
2025-11-13 06:07:00+00:00,2077.300048828125,2077.60009765625,2075.699951171875,2077.300048828125,3947
2025-11-13 06:08:00+00:00,2077.699951171875,2078.300048828125,2077.300048828125,2077.39990234375,1554
2025-11-13 06:09:00+00:00,2077.5,2077.89990234375,2077.5,2077.60009765625,2020
2025-11-13 06:10:00+00:00,2077.10009765625,2077.5,2076.89990234375,2077.5,2180
2025-11-13 06:11:00+00:00,2076.5,2077.10009765625,2076.199951171875,2077.10009765625,1739
2025-11-13 06:12:00+00:00,2076.39990234375,2076.5,2076.39990234375,2076.39990234375,1306
2025-11-13 06:13:00+00:00,2075.800048828125,2076.5,2075.5,2076.39990234375,2514
2025-11-13 06:14:00+00:00,2076.5,2077.0,2075.800048828125,2075.800048828125,2004
2025-11-13 06:15:00+00:00,2076.699951171875,2076.800048828125,2076.199951171875,2076.39990234375,1837
2025-11-13 06:16:00+00:00,2076.5,2076.800048828125,2076.5,2076.800048828125,1523
2025-11-13 06:17:00+00:00,2078.0,2078.0,2076.5,2076.5,2661
2025-11-13 06:18:00+00:00,2078.0,2078.0,2077.300048828125,2077.5,1601
2025-11-13 06:19:00+00:00,2077.5,2077.60009765625,2077.199951171875,2077.60009765625,1468
2025-11-13 06:20:00+00:00,2077.300048828125,2077.60009765625,2077.300048828125,2077.5,1305
2025-11-13 06:21:00+00:00,2077.0,2077.39990234375,2077.0,2077.39990234375,1639
2025-11-13 06:22:00+00:00,2077.60009765625,2078.0,2077.0,2077.10009765625,1909
2025-11-13 06:23:00+00:00,2077.699951171875,2078.199951171875,2077.39990234375,2077.39990234375,1993
2025-11-13 06:24:00+00:00,2079.0,2079.0,2077.300048828125,2077.699951171875,12003
2025-11-13 06:25:00+00:00,2079.199951171875,2079.5,2078.300048828125,2078.300048828125,2049
2025-11-13 06:26:00+00:00,2079.800048828125,2079.89990234375,2079.199951171875,2079.199951171875,5404
2025-11-13 06:27:00+00:00,2079.300048828125,2079.89990234375,2079.300048828125,2079.89990234375,2358
2025-11-13 06:28:00+00:00,2079.5,2080.0,2079.39990234375,2079.5,1676
2025-11-13 06:29:00+00:00,2080.89990234375,2080.89990234375,2079.5,2079.5,9140
2025-11-13 06:30:00+00:00,2081.199951171875,2081.199951171875,2080.60009765625,2080.699951171875,4740
2025-11-13 06:31:00+00:00,2080.300048828125,2081.199951171875,2080.0,2081.199951171875,3441
2025-11-13 06:32:00+00:00,2080.39990234375,2080.800048828125,2080.199951171875,2080.39990234375,1802
2025-11-13 06:33:00+00:00,2080.199951171875,2080.5,2080.199951171875,2080.39990234375,2462
2025-11-13 06:34:00+00:00,2080.10009765625,2080.199951171875,2080.0,2080.199951171875,2440
2025-11-13 06:35:00+00:00,2080.10009765625,2080.300048828125,2080.0,2080.10009765625,2219
2025-11-13 06:36:00+00:00,2080.0,2080.300048828125,2080.0,2080.10009765625,6372
2025-11-13 06:37:00+00:00,2080.5,2080.60009765625,2080.0,2080.0,2300
2025-11-13 06:38:00+00:00,2080.10009765625,2080.5,2080.10009765625,2080.5,1793
2025-11-13 06:39:00+00:00,2080.10009765625,2080.199951171875,2080.0,2080.199951171875,1977
2025-11-13 06:40:00+00:00,2080.0,2080.10009765625,2080.0,2080.10009765625,1648
2025-11-13 06:41:00+00:00,2080.0,2080.10009765625,2080.0,2080.0,1691
2025-11-13 06:42:00+00:00,2080.0,2080.0,2080.0,2080.0,1715
2025-11-13 06:43:00+00:00,2080.300048828125,2080.5,2080.0,2080.0,3546
2025-11-13 06:44:00+00:00,2080.0,2080.39990234375,2080.0,2080.300048828125,5732
2025-11-13 06:45:00+00:00,2080.0,2080.10009765625,2080.0,2080.10009765625,1751
2025-11-13 06:46:00+00:00,2081.0,2081.5,2080.0,2080.0,1605
2025-11-13 06:47:00+00:00,2081.0,2081.5,2081.0,2081.0,1970
2025-11-13 06:48:00+00:00,2081.199951171875,2081.60009765625,2081.0,2081.10009765625,1457
2025-11-13 06:49:00+00:00,2081.0,2081.300048828125,2081.0,2081.199951171875,2075
2025-11-13 06:50:00+00:00,2081.0,2081.10009765625,2080.89990234375,2081.0,1899
2025-11-13 06:51:00+00:00,2081.60009765625,2081.699951171875,2081.0,2081.0,2289
2025-11-13 06:52:00+00:00,2081.699951171875,2081.699951171875,2081.39990234375,2081.39990234375,1809
2025-11-13 06:53:00+00:00,2082.10009765625,2082.5,2081.699951171875,2081.800048828125,2739
2025-11-13 06:54:00+00:00,2082.39990234375,2082.5,2082.199951171875,2082.300048828125,2188
2025-11-13 06:55:00+00:00,2081.199951171875,2082.39990234375,2081.199951171875,2082.39990234375,3793
2025-11-13 06:56:00+00:00,2081.10009765625,2081.39990234375,2081.10009765625,2081.199951171875,1782
2025-11-13 06:57:00+00:00,2082.699951171875,2082.699951171875,2080.699951171875,2081.10009765625,2251
2025-11-13 06:58:00+00:00,2082.10009765625,2082.89990234375,2082.10009765625,2082.300048828125,1816
2025-11-13 06:59:00+00:00,2083.60009765625,2083.60009765625,2082.10009765625,2082.10009765625,3013
2025-11-13 07:00:00+00:00,2085.10009765625,2085.5,2083.199951171875,2083.199951171875,9737
2025-11-13 07:01:00+00:00,2083.5,2086.0,2083.10009765625,2085.39990234375,7477
2025-11-13 07:02:00+00:00,2083.89990234375,2085.10009765625,2083.5,2083.5,3144
2025-11-13 07:03:00+00:00,2083.10009765625,2084.39990234375,2083.10009765625,2083.699951171875,3313
2025-11-13 07:04:00+00:00,2083.5,2083.5,2083.0,2083.10009765625,2478
2025-11-13 07:05:00+00:00,2083.199951171875,2083.60009765625,2083.10009765625,2083.10009765625,2496
2025-11-13 07:06:00+00:00,2082.10009765625,2083.199951171875,2082.10009765625,2083.199951171875,3705
2025-11-13 07:07:00+00:00,2080.699951171875,2082.10009765625,2080.5,2082.10009765625,4995
2025-11-13 07:08:00+00:00,2081.0,2081.89990234375,2080.800048828125,2080.800048828125,2513
2025-11-13 07:09:00+00:00,2081.10009765625,2081.89990234375,2081.0,2081.0,2380
2025-11-13 07:10:00+00:00,2080.699951171875,2081.199951171875,2080.39990234375,2080.39990234375,3368
2025-11-13 07:11:00+00:00,2080.10009765625,2081.10009765625,2080.10009765625,2080.699951171875,6184
2025-11-13 07:12:00+00:00,2080.60009765625,2081.0,2080.0,2080.10009765625,8202
2025-11-13 07:13:00+00:00,2080.10009765625,2080.699951171875,2080.0,2080.60009765625,2793
2025-11-13 07:14:00+00:00,2080.60009765625,2081.10009765625,2080.300048828125,2080.300048828125,1561
2025-11-13 07:15:00+00:00,2081.0,2081.10009765625,2080.39990234375,2080.39990234375,2052
2025-11-13 07:16:00+00:00,2081.199951171875,2081.300048828125,2081.0,2081.0,2166
2025-11-13 07:17:00+00:00,2082.60009765625,2082.60009765625,2081.10009765625,2081.199951171875,4165
2025-11-13 07:18:00+00:00,2081.39990234375,2082.5,2081.39990234375,2082.5,4830
2025-11-13 07:19:00+00:00,2081.0,2081.39990234375,2081.0,2081.39990234375,2078
2025-11-13 07:20:00+00:00,2080.60009765625,2081.0,2080.60009765625,2081.0,3039
2025-11-13 07:21:00+00:00,2080.5,2080.699951171875,2080.199951171875,2080.60009765625,3116
2025-11-13 07:22:00+00:00,2080.60009765625,2080.60009765625,2080.199951171875,2080.5,2867
2025-11-13 07:23:00+00:00,2080.199951171875,2080.5,2080.0,2080.10009765625,11230
2025-11-13 07:24:00+00:00,2080.0,2080.199951171875,2080.0,2080.199951171875,4849
2025-11-13 07:25:00+00:00,2080.39990234375,2080.39990234375,2080.0,2080.0,3083
2025-11-13 07:26:00+00:00,2080.39990234375,2081.0,2080.39990234375,2081.0,2585
2025-11-13 07:27:00+00:00,2080.60009765625,2080.60009765625,2080.199951171875,2080.300048828125,2390
2025-11-13 07:28:00+00:00,2081.10009765625,2081.10009765625,2080.60009765625,2080.60009765625,2022
2025-11-13 07:29:00+00:00,2081.0,2081.60009765625,2080.699951171875,2081.60009765625,10881
2025-11-13 07:30:00+00:00,2081.199951171875,2081.300048828125,2081.0,2081.0,2295
2025-11-13 07:31:00+00:00,2081.300048828125,2081.60009765625,2081.10009765625,2081.10009765625,2241
2025-11-13 07:32:00+00:00,2081.39990234375,2081.39990234375,2081.10009765625,2081.300048828125,2419
2025-11-13 07:33:00+00:00,2081.0,2081.60009765625,2081.0,2081.300048828125,2742
2025-11-13 07:34:00+00:00,2081.10009765625,2081.39990234375,2081.0,2081.0,2143
2025-11-13 07:35:00+00:00,2080.699951171875,2081.39990234375,2080.699951171875,2081.0,2769
2025-11-13 07:36:00+00:00,2080.199951171875,2080.800048828125,2080.199951171875,2080.699951171875,2668
2025-11-13 07:37:00+00:00,2080.39990234375,2080.5,2080.199951171875,2080.300048828125,2051
2025-11-13 07:38:00+00:00,2080.5,2080.60009765625,2080.300048828125,2080.300048828125,2529
2025-11-13 07:39:00+00:00,2080.39990234375,2080.89990234375,2080.39990234375,2080.5,2390
2025-11-13 07:40:00+00:00,2080.0,2080.300048828125,2080.0,2080.300048828125,3849
2025-11-13 07:41:00+00:00,2080.300048828125,2080.39990234375,2080.0,2080.0,3684
2025-11-13 07:42:00+00:00,2080.60009765625,2080.60009765625,2080.10009765625,2080.5,2771
2025-11-13 07:43:00+00:00,2080.5,2080.699951171875,2080.300048828125,2080.60009765625,2356
2025-11-13 07:44:00+00:00,2080.800048828125,2080.800048828125,2080.39990234375,2080.5,3609
2025-11-13 07:45:00+00:00,2081.800048828125,2081.800048828125,2080.699951171875,2080.699951171875,3227
2025-11-13 07:46:00+00:00,2081.199951171875,2081.699951171875,2081.10009765625,2081.699951171875,4951
2025-11-13 07:47:00+00:00,2081.0,2081.5,2081.0,2081.199951171875,2154
2025-11-13 07:48:00+00:00,2081.0,2081.10009765625,2080.800048828125,2081.0,3927
2025-11-13 07:49:00+00:00,2081.39990234375,2081.699951171875,2081.0,2081.0,3997
2025-11-13 07:50:00+00:00,2081.0,2081.39990234375,2081.0,2081.300048828125,2952
2025-11-13 07:51:00+00:00,2081.0,2081.10009765625,2081.0,2081.0,5987
2025-11-13 07:52:00+00:00,2081.5,2081.5,2080.5,2081.10009765625,4439
2025-11-13 07:53:00+00:00,2080.89990234375,2081.5,2080.300048828125,2081.5,4189
2025-11-13 07:54:00+00:00,2080.800048828125,2081.699951171875,2080.699951171875,2080.699951171875,3642
2025-11-13 07:55:00+00:00,2080.10009765625,2080.89990234375,2080.10009765625,2080.89990234375,2485
2025-11-13 07:56:00+00:00,2080.199951171875,2080.60009765625,2080.0,2080.199951171875,4085
2025-11-13 07:57:00+00:00,2080.10009765625,2081.5,2080.0,2080.10009765625,5655
2025-11-13 07:58:00+00:00,2080.199951171875,2081.0,2080.0,2080.39990234375,3843
2025-11-13 07:59:00+00:00,2080.300048828125,2080.89990234375,2080.10009765625,2080.300048828125,2208
2025-11-13 08:00:00+00:00,2080.10009765625,2080.5,2080.10009765625,2080.199951171875,2758
2025-11-13 08:01:00+00:00,2080.60009765625,2080.89990234375,2080.0,2080.199951171875,78167
2025-11-13 08:02:00+00:00,2080.0,2081.199951171875,2080.0,2080.39990234375,2927
2025-11-13 08:03:00+00:00,2080.10009765625,2080.60009765625,2080.0,2080.0,4073
2025-11-13 08:04:00+00:00,2080.60009765625,2080.800048828125,2080.0,2080.0,3450
2025-11-13 08:05:00+00:00,2081.10009765625,2081.5,2080.60009765625,2080.60009765625,2731
2025-11-13 08:06:00+00:00,2081.199951171875,2081.60009765625,2081.0,2081.10009765625,4259
2025-11-13 08:07:00+00:00,2081.39990234375,2081.800048828125,2081.199951171875,2081.39990234375,3081
2025-11-13 08:08:00+00:00,2081.199951171875,2081.39990234375,2081.10009765625,2081.300048828125,2873
2025-11-13 08:09:00+00:00,2080.800048828125,2081.199951171875,2080.699951171875,2081.10009765625,3016
2025-11-13 08:10:00+00:00,2080.300048828125,2080.800048828125,2080.300048828125,2080.699951171875,2844
2025-11-13 08:11:00+00:00,2080.89990234375,2081.10009765625,2080.300048828125,2080.300048828125,3853
2025-11-13 08:12:00+00:00,2080.699951171875,2081.5,2080.699951171875,2081.0,2719
2025-11-13 08:13:00+00:00,2080.60009765625,2081.10009765625,2080.60009765625,2080.60009765625,2657
2025-11-13 08:14:00+00:00,2080.60009765625,2081.0,2080.5,2080.5,2651
2025-11-13 08:15:00+00:00,2080.199951171875,2080.89990234375,2080.199951171875,2080.5,4770
2025-11-13 08:16:00+00:00,2079.800048828125,2080.60009765625,2079.800048828125,2080.300048828125,75196
2025-11-13 08:17:00+00:00,2079.0,2080.300048828125,2078.5,2080.0,16016
2025-11-13 08:18:00+00:00,2078.5,2079.300048828125,2078.39990234375,2078.800048828125,3727
2025-11-13 08:19:00+00:00,2078.89990234375,2078.89990234375,2078.39990234375,2078.39990234375,3268
2025-11-13 08:20:00+00:00,2079.300048828125,2079.800048828125,2078.699951171875,2078.800048828125,4148
2025-11-13 08:21:00+00:00,2078.89990234375,2079.800048828125,2078.800048828125,2079.300048828125,4091
2025-11-13 08:22:00+00:00,2078.699951171875,2079.0,2078.199951171875,2078.89990234375,2881
2025-11-13 08:23:00+00:00,2078.199951171875,2078.699951171875,2077.800048828125,2078.699951171875,4275
2025-11-13 08:24:00+00:00,2078.800048828125,2079.0,2078.10009765625,2078.199951171875,4334
2025-11-13 08:25:00+00:00,2078.39990234375,2078.800048828125,2078.39990234375,2078.800048828125,3232
2025-11-13 08:26:00+00:00,2079.0,2079.10009765625,2078.60009765625,2078.60009765625,2303
2025-11-13 08:27:00+00:00,2078.800048828125,2078.800048828125,2078.39990234375,2078.39990234375,2834
2025-11-13 08:28:00+00:00,2078.800048828125,2078.800048828125,2078.0,2078.199951171875,4660
2025-11-13 08:29:00+00:00,2076.60009765625,2078.800048828125,2076.60009765625,2078.800048828125,6347
2025-11-13 08:30:00+00:00,2075.0,2077.699951171875,2074.89990234375,2076.800048828125,8983
2025-11-13 08:31:00+00:00,2073.89990234375,2075.89990234375,2073.5,2074.5,11585
2025-11-13 08:32:00+00:00,2072.699951171875,2074.800048828125,2072.0,2073.89990234375,21656
2025-11-13 08:33:00+00:00,2072.800048828125,2072.89990234375,2071.60009765625,2072.5,4884
2025-11-13 08:34:00+00:00,2072.89990234375,2074.89990234375,2072.89990234375,2073.39990234375,2777
2025-11-13 08:35:00+00:00,2074.39990234375,2074.699951171875,2073.0,2073.0,3028
2025-11-13 08:36:00+00:00,2073.800048828125,2074.5,2073.300048828125,2074.39990234375,2660
2025-11-13 08:37:00+00:00,2074.0,2074.89990234375,2073.800048828125,2073.800048828125,3383
2025-11-13 08:38:00+00:00,2072.800048828125,2074.10009765625,2072.60009765625,2074.10009765625,3908
2025-11-13 08:39:00+00:00,2072.60009765625,2073.300048828125,2072.60009765625,2073.199951171875,3419
2025-11-13 08:40:00+00:00,2072.39990234375,2073.10009765625,2072.39990234375,2072.89990234375,2764
2025-11-13 08:41:00+00:00,2072.800048828125,2073.0,2072.199951171875,2072.199951171875,3969
2025-11-13 08:42:00+00:00,2071.800048828125,2073.199951171875,2071.10009765625,2073.10009765625,5375
2025-11-13 08:43:00+00:00,2072.10009765625,2072.10009765625,2071.300048828125,2071.89990234375,3693
2025-11-13 08:44:00+00:00,2073.699951171875,2073.800048828125,2072.800048828125,2072.800048828125,2779
2025-11-13 08:45:00+00:00,2073.300048828125,2074.199951171875,2072.800048828125,2073.60009765625,3935
2025-11-13 08:46:00+00:00,2072.800048828125,2074.800048828125,2072.300048828125,2073.39990234375,9907
2025-11-13 08:47:00+00:00,2074.5,2074.60009765625,2072.89990234375,2073.0,4524
2025-11-13 08:48:00+00:00,2075.10009765625,2075.699951171875,2074.5,2074.60009765625,3853
2025-11-13 08:49:00+00:00,2075.60009765625,2076.300048828125,2074.800048828125,2075.0,3497
2025-11-13 08:50:00+00:00,2074.800048828125,2075.699951171875,2074.5,2075.699951171875,5232
2025-11-13 08:51:00+00:00,2075.0,2075.300048828125,2074.0,2074.800048828125,9003
2025-11-13 08:52:00+00:00,2074.39990234375,2075.39990234375,2074.39990234375,2075.39990234375,11922
2025-11-13 08:53:00+00:00,2075.10009765625,2075.5,2074.10009765625,2074.300048828125,13632
2025-11-13 08:54:00+00:00,2075.199951171875,2075.300048828125,2074.5,2075.10009765625,7846
2025-11-13 08:55:00+00:00,2075.0,2075.699951171875,2075.0,2075.5,3204
2025-11-13 08:56:00+00:00,2075.60009765625,2075.60009765625,2075.0,2075.10009765625,3079
2025-11-13 08:57:00+00:00,2075.5,2075.60009765625,2075.39990234375,2075.60009765625,4021
2025-11-13 08:58:00+00:00,2075.699951171875,2076.699951171875,2075.300048828125,2075.39990234375,10983
2025-11-13 08:59:00+00:00,2076.300048828125,2076.5,2075.39990234375,2075.89990234375,4955
2025-11-13 09:00:00+00:00,2077.89990234375,2078.10009765625,2076.39990234375,2076.5,4103
2025-11-13 09:01:00+00:00,2077.699951171875,2078.10009765625,2076.89990234375,2077.5,11177
2025-11-13 09:02:00+00:00,2077.5,2077.699951171875,2077.0,2077.39990234375,13407
2025-11-13 09:03:00+00:00,2078.0,2078.10009765625,2077.10009765625,2077.5,11979
2025-11-13 09:04:00+00:00,2076.60009765625,2078.10009765625,2076.39990234375,2078.0,7442
2025-11-13 09:05:00+00:00,2076.300048828125,2076.699951171875,2075.800048828125,2076.699951171875,4868
2025-11-13 09:06:00+00:00,2078.0,2078.0,2075.800048828125,2076.10009765625,6260
2025-11-13 09:07:00+00:00,2076.39990234375,2077.5,2076.39990234375,2076.699951171875,3978
2025-11-13 09:08:00+00:00,2077.0,2077.10009765625,2076.300048828125,2076.39990234375,2865
2025-11-13 09:09:00+00:00,2076.800048828125,2077.10009765625,2076.60009765625,2077.10009765625,3236
2025-11-13 09:10:00+00:00,2076.800048828125,2076.800048828125,2076.39990234375,2076.699951171875,3131
2025-11-13 09:11:00+00:00,2078.5,2078.5,2076.699951171875,2076.699951171875,8794
2025-11-13 09:12:00+00:00,2078.300048828125,2078.5,2077.699951171875,2078.39990234375,12559
2025-11-13 09:13:00+00:00,2079.0,2079.0,2077.800048828125,2078.300048828125,16166
2025-11-13 09:14:00+00:00,2078.10009765625,2079.300048828125,2078.0,2079.0,6342
2025-11-13 09:15:00+00:00,2078.199951171875,2078.699951171875,2078.0,2078.10009765625,2908
2025-11-13 09:16:00+00:00,2078.300048828125,2078.5,2077.800048828125,2078.39990234375,3922
2025-11-13 09:17:00+00:00,2078.89990234375,2078.89990234375,2077.89990234375,2078.300048828125,3532
2025-11-13 09:18:00+00:00,2078.800048828125,2079.199951171875,2078.5,2079.199951171875,3059
2025-11-13 09:19:00+00:00,2079.0,2079.39990234375,2078.39990234375,2078.5,4951
2025-11-13 09:20:00+00:00,2080.199951171875,2080.199951171875,2079.0,2079.10009765625,5103
2025-11-13 09:21:00+00:00,2078.199951171875,2080.10009765625,2078.199951171875,2080.10009765625,13823
2025-11-13 09:22:00+00:00,2077.10009765625,2078.800048828125,2076.800048828125,2078.10009765625,16855
2025-11-13 09:23:00+00:00,2076.0,2078.0,2075.89990234375,2077.10009765625,14609
2025-11-13 09:24:00+00:00,2078.39990234375,2078.5,2075.60009765625,2076.0,7901
2025-11-13 09:25:00+00:00,2077.10009765625,2079.10009765625,2076.60009765625,2078.5,6542
2025-11-13 09:26:00+00:00,2077.10009765625,2077.699951171875,2076.60009765625,2076.89990234375,5081
2025-11-13 09:27:00+00:00,2076.89990234375,2077.5,2076.800048828125,2077.10009765625,4123
2025-11-13 09:28:00+00:00,2076.300048828125,2077.0,2076.300048828125,2077.0,3964
2025-11-13 09:29:00+00:00,2075.300048828125,2076.39990234375,2075.300048828125,2076.300048828125,4216
2025-11-13 09:30:00+00:00,2075.800048828125,2076.0,2075.800048828125,2075.800048828125,10102
2025-11-13 09:31:00+00:00,2074.10009765625,2075.800048828125,2073.89990234375,2075.800048828125,9956
2025-11-13 09:32:00+00:00,2074.60009765625,2076.10009765625,2074.10009765625,2074.10009765625,18762
2025-11-13 09:33:00+00:00,2075.5,2076.10009765625,2074.5,2074.60009765625,12606
2025-11-13 09:34:00+00:00,2075.699951171875,2075.800048828125,2075.0,2075.39990234375,9696
2025-11-13 09:35:00+00:00,2074.0,2075.699951171875,2073.800048828125,2075.699951171875,18142
2025-11-13 09:36:00+00:00,2073.800048828125,2073.800048828125,2073.0,2073.699951171875,13764
2025-11-13 09:37:00+00:00,2073.800048828125,2074.0,2073.699951171875,2073.800048828125,8930
2025-11-13 09:38:00+00:00,2073.800048828125,2074.89990234375,2073.800048828125,2073.800048828125,13760
2025-11-13 09:39:00+00:00,2074.0,2074.39990234375,2073.699951171875,2073.800048828125,12155
2025-11-13 09:40:00+00:00,2073.89990234375,2074.199951171875,2073.60009765625,2073.89990234375,13651
2025-11-13 09:41:00+00:00,2074.10009765625,2074.199951171875,2073.60009765625,2073.60009765625,11559
2025-11-13 09:42:00+00:00,2073.0,2074.300048828125,2073.0,2074.10009765625,19740
2025-11-13 09:43:00+00:00,2074.0,2074.39990234375,2072.89990234375,2072.89990234375,14693
2025-11-13 09:44:00+00:00,2073.800048828125,2074.39990234375,2073.199951171875,2073.60009765625,20016
2025-11-13 09:45:00+00:00,2076.800048828125,2076.800048828125,2073.699951171875,2073.800048828125,16362
2025-11-13 09:46:00+00:00,2075.60009765625,2076.0,2074.0,2076.0,25650
2025-11-13 09:47:00+00:00,2074.39990234375,2075.60009765625,2073.10009765625,2075.60009765625,25902
2025-11-13 09:48:00+00:00,2075.5,2075.800048828125,2074.0,2074.39990234375,9256
2025-11-13 09:49:00+00:00,2074.60009765625,2074.60009765625,2073.5,2074.0,14439
2025-11-13 09:50:00+00:00,2076.39990234375,2076.39990234375,2074.60009765625,2074.699951171875,22589
2025-11-13 09:51:00+00:00,2076.60009765625,2076.89990234375,2076.10009765625,2076.39990234375,13693
2025-11-13 09:52:00+00:00,2076.60009765625,2077.0,2076.10009765625,2076.60009765625,8899
2025-11-13 09:53:00+00:00,2077.60009765625,2078.0,2076.300048828125,2076.699951171875,10176
2025-11-13 09:54:00+00:00,2078.0,2078.300048828125,2077.39990234375,2077.60009765625,10581
2025-11-13 09:55:00+00:00,2079.5,2079.800048828125,2078.199951171875,2078.800048828125,15523
2025-11-13 09:56:00+00:00,2078.199951171875,2079.60009765625,2078.10009765625,2079.60009765625,10186
2025-11-13 09:57:00+00:00,2079.300048828125,2079.5,2078.10009765625,2078.199951171875,10651
2025-11-13 09:58:00+00:00,2076.89990234375,2079.39990234375,2076.300048828125,2079.39990234375,12504
2025-11-13 09:59:00+00:00,2075.199951171875,2080.0,2075.199951171875,2077.5,2084
2025-11-14 03:45:00+00:00,2071.800048828125,2072.60009765625,2066.199951171875,2069.800048828125,0
2025-11-14 03:46:00+00:00,2068.0,2071.39990234375,2067.699951171875,2071.39990234375,10207
2025-11-14 03:47:00+00:00,2065.39990234375,2068.800048828125,2063.39990234375,2068.800048828125,29702
2025-11-14 03:48:00+00:00,2068.0,2069.300048828125,2064.800048828125,2065.39990234375,14336
2025-11-14 03:49:00+00:00,2069.0,2070.0,2066.10009765625,2068.0,15132
2025-11-14 03:50:00+00:00,2068.10009765625,2070.5,2067.199951171875,2068.89990234375,8925
2025-11-14 03:51:00+00:00,2067.39990234375,2068.300048828125,2067.10009765625,2067.800048828125,8722
2025-11-14 03:52:00+00:00,2070.300048828125,2070.300048828125,2067.39990234375,2067.60009765625,7436
2025-11-14 03:53:00+00:00,2069.199951171875,2070.300048828125,2069.10009765625,2070.199951171875,7485
2025-11-14 03:54:00+00:00,2070.89990234375,2071.10009765625,2069.300048828125,2069.300048828125,6089
2025-11-14 03:55:00+00:00,2073.5,2074.89990234375,2070.5,2070.5,7427
2025-11-14 03:56:00+00:00,2075.60009765625,2077.0,2073.5,2073.60009765625,8791
2025-11-14 03:57:00+00:00,2074.89990234375,2075.5,2073.0,2075.5,5783
2025-11-14 03:58:00+00:00,2075.10009765625,2075.800048828125,2074.89990234375,2075.0,5091
2025-11-14 03:59:00+00:00,2076.5,2077.0,2075.0,2075.39990234375,4946
2025-11-14 04:00:00+00:00,2076.300048828125,2076.60009765625,2075.0,2076.300048828125,7486
2025-11-14 04:01:00+00:00,2077.199951171875,2078.300048828125,2075.10009765625,2075.800048828125,7889
2025-11-14 04:02:00+00:00,2076.300048828125,2078.300048828125,2076.300048828125,2077.300048828125,8175
2025-11-14 04:03:00+00:00,2077.10009765625,2078.300048828125,2076.5,2076.5,5536
2025-11-14 04:04:00+00:00,2077.0,2077.39990234375,2077.0,2077.10009765625,1168
2025-11-14 04:05:00+00:00,2076.300048828125,2077.10009765625,2076.0,2076.89990234375,5574
2025-11-14 04:06:00+00:00,2077.0,2077.0,2076.0,2076.199951171875,2588
2025-11-14 04:07:00+00:00,2075.10009765625,2076.699951171875,2075.10009765625,2076.60009765625,5322
2025-11-14 04:08:00+00:00,2075.60009765625,2075.89990234375,2075.0,2075.10009765625,3385
2025-11-14 04:09:00+00:00,2075.800048828125,2076.89990234375,2075.60009765625,2075.699951171875,4073
2025-11-14 04:10:00+00:00,2077.60009765625,2077.699951171875,2075.60009765625,2076.0,3002
2025-11-14 04:11:00+00:00,2078.60009765625,2078.60009765625,2075.199951171875,2075.699951171875,15222
2025-11-14 04:12:00+00:00,2079.39990234375,2079.39990234375,2077.60009765625,2078.699951171875,6453
2025-11-14 04:13:00+00:00,2079.10009765625,2079.699951171875,2078.300048828125,2079.699951171875,5036
2025-11-14 04:14:00+00:00,2078.39990234375,2079.10009765625,2078.39990234375,2079.0,4247
2025-11-14 04:15:00+00:00,2077.89990234375,2078.0,2077.60009765625,2077.89990234375,3685
2025-11-14 04:16:00+00:00,2078.89990234375,2079.199951171875,2077.89990234375,2077.89990234375,1584
2025-11-14 04:17:00+00:00,2078.699951171875,2080.0,2078.699951171875,2079.199951171875,4119
2025-11-14 04:18:00+00:00,2076.89990234375,2078.199951171875,2076.5,2078.199951171875,10526
2025-11-14 04:19:00+00:00,2076.5,2077.0,2076.5,2076.60009765625,4747
2025-11-14 04:20:00+00:00,2075.10009765625,2077.0,2075.10009765625,2076.39990234375,2476
2025-11-14 04:21:00+00:00,2074.699951171875,2075.39990234375,2073.5,2075.199951171875,7912
2025-11-14 04:22:00+00:00,2074.300048828125,2075.39990234375,2074.199951171875,2074.699951171875,4483
2025-11-14 04:23:00+00:00,2073.0,2074.300048828125,2073.0,2074.300048828125,2398
2025-11-14 04:24:00+00:00,2072.0,2073.10009765625,2071.5,2073.10009765625,5346
2025-11-14 04:25:00+00:00,2073.39990234375,2074.699951171875,2072.0,2072.0,7289
2025-11-14 04:26:00+00:00,2073.89990234375,2074.5,2072.89990234375,2072.89990234375,3637
2025-11-14 04:27:00+00:00,2072.699951171875,2074.300048828125,2072.699951171875,2074.10009765625,1576
2025-11-14 04:28:00+00:00,2071.60009765625,2072.699951171875,2071.199951171875,2072.699951171875,2822
2025-11-14 04:29:00+00:00,2071.199951171875,2071.699951171875,2070.800048828125,2071.10009765625,2813
2025-11-14 04:30:00+00:00,2071.5,2072.5,2071.10009765625,2071.300048828125,2969
2025-11-14 04:31:00+00:00,2071.10009765625,2073.199951171875,2070.89990234375,2071.5,5407
2025-11-14 04:32:00+00:00,2070.10009765625,2071.10009765625,2070.0,2071.10009765625,1847
2025-11-14 04:33:00+00:00,2068.60009765625,2070.199951171875,2068.39990234375,2070.199951171875,7734
2025-11-14 04:34:00+00:00,2070.0,2070.0,2068.5,2068.699951171875,4194
2025-11-14 04:35:00+00:00,2070.10009765625,2071.10009765625,2069.199951171875,2069.89990234375,2190
2025-11-14 04:36:00+00:00,2072.199951171875,2072.39990234375,2070.0,2070.10009765625,6561
2025-11-14 04:37:00+00:00,2072.0,2073.300048828125,2072.0,2072.300048828125,3236
2025-11-14 04:38:00+00:00,2071.10009765625,2071.699951171875,2070.5,2071.699951171875,5876
2025-11-14 04:39:00+00:00,2070.800048828125,2072.800048828125,2070.5,2071.300048828125,2188
2025-11-14 04:40:00+00:00,2070.10009765625,2071.699951171875,2070.0,2070.39990234375,4177
2025-11-14 04:41:00+00:00,2070.300048828125,2071.39990234375,2070.0,2070.0,2503
2025-11-14 04:42:00+00:00,2069.300048828125,2070.5,2068.89990234375,2070.10009765625,4008
2025-11-14 04:43:00+00:00,2070.60009765625,2070.60009765625,2068.800048828125,2069.300048828125,4321
2025-11-14 04:44:00+00:00,2070.39990234375,2070.60009765625,2069.60009765625,2069.60009765625,1913
2025-11-14 04:45:00+00:00,2070.60009765625,2070.699951171875,2069.39990234375,2070.10009765625,4686
2025-11-14 04:46:00+00:00,2071.89990234375,2073.0,2070.5,2070.60009765625,4903
2025-11-14 04:47:00+00:00,2071.10009765625,2072.0,2070.60009765625,2072.0,2492
2025-11-14 04:48:00+00:00,2072.699951171875,2072.699951171875,2071.10009765625,2071.10009765625,3671
2025-11-14 04:49:00+00:00,2071.800048828125,2073.0,2070.699951171875,2072.699951171875,12022
2025-11-14 04:50:00+00:00,2072.10009765625,2072.5,2071.39990234375,2071.699951171875,2088
2025-11-14 04:51:00+00:00,2072.60009765625,2073.0,2072.0,2072.0,1885
2025-11-14 04:52:00+00:00,2072.699951171875,2073.199951171875,2072.699951171875,2073.0,1653
2025-11-14 04:53:00+00:00,2073.10009765625,2073.300048828125,2072.0,2072.89990234375,3182
2025-11-14 04:54:00+00:00,2073.60009765625,2073.60009765625,2072.89990234375,2073.10009765625,4221
2025-11-14 04:55:00+00:00,2073.300048828125,2074.0,2072.699951171875,2072.699951171875,3837
2025-11-14 04:56:00+00:00,2074.800048828125,2074.800048828125,2073.199951171875,2073.300048828125,4027
2025-11-14 04:57:00+00:00,2074.10009765625,2074.800048828125,2073.800048828125,2074.800048828125,1933
2025-11-14 04:58:00+00:00,2073.699951171875,2074.300048828125,2073.60009765625,2074.0,2243
2025-11-14 04:59:00+00:00,2074.39990234375,2074.800048828125,2073.60009765625,2073.699951171875,3693
2025-11-14 05:00:00+00:00,2073.89990234375,2075.39990234375,2072.89990234375,2074.39990234375,8007
2025-11-14 05:01:00+00:00,2074.10009765625,2075.0,2073.699951171875,2073.699951171875,3427
2025-11-14 05:02:00+00:00,2074.199951171875,2075.300048828125,2074.10009765625,2075.199951171875,9320
2025-11-14 05:03:00+00:00,2073.300048828125,2075.0,2073.300048828125,2074.10009765625,6029
2025-11-14 05:04:00+00:00,2073.10009765625,2073.5,2072.0,2073.300048828125,79663
2025-11-14 05:05:00+00:00,2074.0,2074.89990234375,2072.60009765625,2073.10009765625,7137
2025-11-14 05:06:00+00:00,2073.699951171875,2074.39990234375,2073.39990234375,2073.800048828125,4276
2025-11-14 05:07:00+00:00,2073.800048828125,2074.800048828125,2072.199951171875,2073.5,5042
2025-11-14 05:08:00+00:00,2074.199951171875,2074.800048828125,2073.699951171875,2073.699951171875,3334
2025-11-14 05:09:00+00:00,2076.39990234375,2076.89990234375,2073.5,2074.10009765625,8369
2025-11-14 05:10:00+00:00,2075.5,2078.0,2075.5,2077.0,14280
2025-11-14 05:11:00+00:00,2074.300048828125,2076.800048828125,2074.300048828125,2075.39990234375,4350
2025-11-14 05:12:00+00:00,2075.199951171875,2075.39990234375,2075.0,2075.0,2629
2025-11-14 05:13:00+00:00,2076.5,2076.5,2075.199951171875,2075.199951171875,3478
2025-11-14 05:14:00+00:00,2074.5,2077.89990234375,2073.60009765625,2076.5,26461
2025-11-14 05:15:00+00:00,2075.199951171875,2076.0,2074.60009765625,2074.60009765625,5041
2025-11-14 05:16:00+00:00,2074.199951171875,2075.300048828125,2074.0,2075.10009765625,2766
2025-11-14 05:17:00+00:00,2075.10009765625,2075.10009765625,2074.10009765625,2074.199951171875,2394
2025-11-14 05:18:00+00:00,2076.10009765625,2076.10009765625,2074.699951171875,2074.800048828125,3559
2025-11-14 05:19:00+00:00,2076.800048828125,2077.300048828125,2075.5,2076.199951171875,4367
2025-11-14 05:20:00+00:00,2077.0,2077.39990234375,2076.199951171875,2076.699951171875,12366
2025-11-14 05:21:00+00:00,2076.89990234375,2077.10009765625,2076.699951171875,2077.0,4967
2025-11-14 05:22:00+00:00,2077.199951171875,2077.199951171875,2075.89990234375,2076.89990234375,7028
2025-11-14 05:23:00+00:00,2077.39990234375,2077.60009765625,2076.89990234375,2077.10009765625,11170
2025-11-14 05:24:00+00:00,2080.0,2080.10009765625,2077.300048828125,2077.300048828125,29540
2025-11-14 05:25:00+00:00,2079.199951171875,2080.699951171875,2078.800048828125,2080.199951171875,3743
2025-11-14 05:26:00+00:00,2079.300048828125,2080.5,2079.0,2079.60009765625,10047
2025-11-14 05:27:00+00:00,2080.10009765625,2080.89990234375,2078.5,2079.300048828125,4092
2025-11-14 05:28:00+00:00,2078.800048828125,2080.60009765625,2078.800048828125,2079.89990234375,4156
2025-11-14 05:29:00+00:00,2079.39990234375,2080.39990234375,2078.800048828125,2079.0,3463
2025-11-14 05:30:00+00:00,2079.199951171875,2080.0,2078.800048828125,2079.39990234375,3669
2025-11-14 05:31:00+00:00,2079.89990234375,2080.0,2078.800048828125,2079.300048828125,3266
2025-11-14 05:32:00+00:00,2079.89990234375,2082.0,2079.10009765625,2080.0,5229
2025-11-14 05:33:00+00:00,2079.699951171875,2080.0,2079.39990234375,2079.699951171875,5647
2025-11-14 05:34:00+00:00,2078.300048828125,2079.60009765625,2078.300048828125,2079.5,961
2025-11-14 05:35:00+00:00,2078.10009765625,2078.89990234375,2078.10009765625,2078.60009765625,1852
2025-11-14 05:36:00+00:00,2078.699951171875,2078.800048828125,2078.0,2078.0,2625
2025-11-14 05:37:00+00:00,2078.800048828125,2079.0,2078.39990234375,2078.699951171875,2193
2025-11-14 05:38:00+00:00,2079.199951171875,2079.199951171875,2078.39990234375,2078.5,2002
2025-11-14 05:39:00+00:00,2078.5,2080.0,2078.5,2079.39990234375,5322
2025-11-14 05:40:00+00:00,2078.800048828125,2080.0,2078.5,2078.5,7213
2025-11-14 05:41:00+00:00,2079.0,2079.699951171875,2078.60009765625,2079.10009765625,3584
2025-11-14 05:42:00+00:00,2080.0,2080.0,2078.89990234375,2079.10009765625,1848
2025-11-14 05:43:00+00:00,2079.0,2080.0,2079.0,2080.0,1802
2025-11-14 05:44:00+00:00,2078.60009765625,2079.699951171875,2078.5,2079.199951171875,4109
2025-11-14 05:45:00+00:00,2079.10009765625,2080.0,2078.699951171875,2078.699951171875,4444
2025-11-14 05:46:00+00:00,2078.5,2079.60009765625,2078.5,2079.10009765625,3636
2025-11-14 05:47:00+00:00,2076.0,2078.39990234375,2075.5,2078.39990234375,6957
2025-11-14 05:48:00+00:00,2074.39990234375,2077.39990234375,2073.60009765625,2075.699951171875,7553
2025-11-14 05:49:00+00:00,2074.10009765625,2074.39990234375,2073.10009765625,2073.5,2986
2025-11-14 05:50:00+00:00,2075.0,2075.0,2074.10009765625,2074.199951171875,4485
2025-11-14 05:51:00+00:00,2074.39990234375,2075.0,2074.39990234375,2075.0,1353
2025-11-14 05:52:00+00:00,2074.10009765625,2075.0,2073.800048828125,2074.39990234375,2038
2025-11-14 05:53:00+00:00,2075.800048828125,2075.89990234375,2074.5,2075.0,6556
2025-11-14 05:54:00+00:00,2074.5,2075.10009765625,2074.300048828125,2074.89990234375,3676
2025-11-14 05:55:00+00:00,2074.10009765625,2074.60009765625,2073.699951171875,2074.39990234375,5364
2025-11-14 05:56:00+00:00,2073.89990234375,2074.5,2073.89990234375,2074.0,1741
2025-11-14 05:57:00+00:00,2074.300048828125,2074.39990234375,2073.10009765625,2073.89990234375,2176
2025-11-14 05:58:00+00:00,2074.10009765625,2074.89990234375,2074.0,2074.89990234375,2077
2025-11-14 05:59:00+00:00,2073.60009765625,2074.60009765625,2073.5,2074.300048828125,6751
2025-11-14 06:00:00+00:00,2074.300048828125,2074.800048828125,2073.60009765625,2073.60009765625,4066
2025-11-14 06:01:00+00:00,2073.699951171875,2075.5,2073.699951171875,2074.300048828125,2368
2025-11-14 06:02:00+00:00,2073.89990234375,2074.10009765625,2073.10009765625,2073.5,4332
2025-11-14 06:03:00+00:00,2071.89990234375,2074.199951171875,2071.89990234375,2073.5,5454
2025-11-14 06:04:00+00:00,2072.699951171875,2073.5,2071.60009765625,2071.60009765625,3742
2025-11-14 06:05:00+00:00,2072.699951171875,2073.5,2072.60009765625,2072.699951171875,2420
2025-11-14 06:06:00+00:00,2073.0,2073.39990234375,2072.699951171875,2072.699951171875,3804
2025-11-14 06:07:00+00:00,2073.60009765625,2074.60009765625,2073.0,2073.0,2790
2025-11-14 06:08:00+00:00,2073.199951171875,2073.699951171875,2073.0,2073.60009765625,3871
2025-11-14 06:09:00+00:00,2072.699951171875,2072.89990234375,2072.199951171875,2072.89990234375,2546
2025-11-14 06:10:00+00:00,2072.60009765625,2072.800048828125,2072.5,2072.699951171875,1237
2025-11-14 06:11:00+00:00,2073.300048828125,2073.300048828125,2072.0,2072.60009765625,2500
2025-11-14 06:12:00+00:00,2072.199951171875,2073.699951171875,2072.0,2073.300048828125,4752
2025-11-14 06:13:00+00:00,2071.10009765625,2071.89990234375,2071.10009765625,2071.5,2783
2025-11-14 06:14:00+00:00,2071.60009765625,2072.800048828125,2070.89990234375,2070.89990234375,2799
2025-11-14 06:15:00+00:00,2072.699951171875,2073.39990234375,2071.60009765625,2071.699951171875,3053
2025-11-14 06:16:00+00:00,2072.699951171875,2072.800048828125,2072.60009765625,2072.699951171875,1900
2025-11-14 06:17:00+00:00,2072.89990234375,2075.0,2072.60009765625,2072.60009765625,4759
2025-11-14 06:18:00+00:00,2073.39990234375,2073.800048828125,2072.699951171875,2072.89990234375,3758
2025-11-14 06:19:00+00:00,2073.39990234375,2073.89990234375,2072.800048828125,2073.300048828125,1535
2025-11-14 06:20:00+00:00,2074.300048828125,2074.800048828125,2073.39990234375,2073.5,2097
2025-11-14 06:21:00+00:00,2074.39990234375,2074.699951171875,2074.10009765625,2074.199951171875,1658
2025-11-14 06:22:00+00:00,2074.300048828125,2075.0,2074.199951171875,2074.5,6537
2025-11-14 06:23:00+00:00,2073.39990234375,2074.5,2073.39990234375,2074.300048828125,1651
2025-11-14 06:24:00+00:00,2073.60009765625,2073.89990234375,2073.39990234375,2073.699951171875,2099
2025-11-14 06:25:00+00:00,2072.800048828125,2073.5,2072.60009765625,2073.300048828125,1512
2025-11-14 06:26:00+00:00,2073.0,2073.0,2072.60009765625,2072.60009765625,2513
2025-11-14 06:27:00+00:00,2072.39990234375,2073.89990234375,2072.300048828125,2073.0,2910
2025-11-14 06:28:00+00:00,2072.699951171875,2073.0,2072.300048828125,2072.300048828125,2853
2025-11-14 06:29:00+00:00,2073.300048828125,2074.0,2072.199951171875,2072.60009765625,4372
2025-11-14 06:30:00+00:00,2073.89990234375,2074.800048828125,2073.300048828125,2073.300048828125,1814
2025-11-14 06:31:00+00:00,2074.199951171875,2075.0,2073.89990234375,2073.89990234375,2923
2025-11-14 06:32:00+00:00,2074.199951171875,2074.5,2074.0,2074.0,1886
2025-11-14 06:33:00+00:00,2074.0,2074.89990234375,2073.89990234375,2074.300048828125,3192
2025-11-14 06:34:00+00:00,2074.39990234375,2074.5,2074.0,2074.0,1770
2025-11-14 06:35:00+00:00,2074.0,2074.60009765625,2074.0,2074.39990234375,1886
2025-11-14 06:36:00+00:00,2073.89990234375,2074.300048828125,2073.89990234375,2074.0,2311
2025-11-14 06:37:00+00:00,2073.699951171875,2074.60009765625,2073.60009765625,2073.89990234375,2063
2025-11-14 06:38:00+00:00,2073.300048828125,2074.5,2073.10009765625,2073.800048828125,3123
2025-11-14 06:39:00+00:00,2073.0,2073.60009765625,2072.800048828125,2073.39990234375,1268
2025-11-14 06:40:00+00:00,2073.39990234375,2074.39990234375,2073.0,2073.0,2937
2025-11-14 06:41:00+00:00,2074.10009765625,2075.0,2073.39990234375,2073.5,3568
2025-11-14 06:42:00+00:00,2077.5,2077.89990234375,2074.10009765625,2074.10009765625,8485
2025-11-14 06:43:00+00:00,2076.800048828125,2077.5,2076.699951171875,2077.39990234375,3325
2025-11-14 06:44:00+00:00,2076.800048828125,2077.39990234375,2076.300048828125,2076.800048828125,2058
2025-11-14 06:45:00+00:00,2076.10009765625,2076.699951171875,2076.10009765625,2076.39990234375,2694
2025-11-14 06:46:00+00:00,2075.89990234375,2076.699951171875,2075.89990234375,2076.10009765625,1696
2025-11-14 06:47:00+00:00,2076.199951171875,2077.0,2075.5,2075.800048828125,3726
2025-11-14 06:48:00+00:00,2075.800048828125,2077.0,2075.699951171875,2076.199951171875,2894
2025-11-14 06:49:00+00:00,2076.89990234375,2076.89990234375,2076.10009765625,2076.10009765625,2391
2025-11-14 06:50:00+00:00,2078.0,2078.39990234375,2076.699951171875,2076.89990234375,2843
2025-11-14 06:51:00+00:00,2077.39990234375,2078.39990234375,2077.39990234375,2078.0,3150
2025-11-14 06:52:00+00:00,2076.39990234375,2078.10009765625,2076.0,2077.39990234375,7840
2025-11-14 06:53:00+00:00,2077.199951171875,2077.300048828125,2076.300048828125,2076.300048828125,2912
2025-11-14 06:54:00+00:00,2077.5,2078.5,2077.199951171875,2077.300048828125,2975
2025-11-14 06:55:00+00:00,2078.699951171875,2079.199951171875,2077.39990234375,2077.5,3362
2025-11-14 06:56:00+00:00,2077.800048828125,2079.0,2077.699951171875,2078.699951171875,2373
2025-11-14 06:57:00+00:00,2077.89990234375,2079.199951171875,2077.699951171875,2077.800048828125,2782
2025-11-14 06:58:00+00:00,2078.0,2078.199951171875,2077.300048828125,2077.89990234375,3027
2025-11-14 06:59:00+00:00,2078.199951171875,2078.300048828125,2077.39990234375,2077.800048828125,2127
2025-11-14 07:00:00+00:00,2076.89990234375,2078.300048828125,2076.300048828125,2078.199951171875,6206
2025-11-14 07:01:00+00:00,2076.5,2077.5,2076.199951171875,2076.39990234375,2485
2025-11-14 07:02:00+00:00,2075.39990234375,2076.699951171875,2075.300048828125,2076.60009765625,2645
2025-11-14 07:03:00+00:00,2075.0,2076.0,2074.39990234375,2076.0,2502
2025-11-14 07:04:00+00:00,2074.60009765625,2075.60009765625,2074.5,2075.60009765625,1739
2025-11-14 07:05:00+00:00,2075.199951171875,2076.39990234375,2074.5,2074.5,3752
2025-11-14 07:06:00+00:00,2075.800048828125,2075.89990234375,2075.199951171875,2075.199951171875,2219
2025-11-14 07:07:00+00:00,2075.199951171875,2076.300048828125,2075.10009765625,2075.89990234375,2495
2025-11-14 07:08:00+00:00,2075.10009765625,2076.39990234375,2074.60009765625,2075.10009765625,3720
2025-11-14 07:09:00+00:00,2075.199951171875,2075.800048828125,2074.89990234375,2075.10009765625,2785
2025-11-14 07:10:00+00:00,2074.89990234375,2075.10009765625,2074.800048828125,2074.89990234375,2307
2025-11-14 07:11:00+00:00,2076.0,2076.199951171875,2074.60009765625,2074.89990234375,4267
2025-11-14 07:12:00+00:00,2075.10009765625,2076.199951171875,2075.10009765625,2076.0,2344
2025-11-14 07:13:00+00:00,2075.39990234375,2076.5,2075.10009765625,2075.10009765625,2894
2025-11-14 07:14:00+00:00,2074.89990234375,2076.0,2074.89990234375,2075.300048828125,1882
2025-11-14 07:15:00+00:00,2073.89990234375,2075.199951171875,2073.60009765625,2075.0,2617
2025-11-14 07:16:00+00:00,2073.5,2074.10009765625,2072.800048828125,2073.60009765625,3339
2025-11-14 07:17:00+00:00,2075.60009765625,2075.60009765625,2073.89990234375,2074.199951171875,14493
2025-11-14 07:18:00+00:00,2075.10009765625,2075.39990234375,2074.199951171875,2074.699951171875,2227
2025-11-14 07:19:00+00:00,2075.0,2075.10009765625,2074.5,2075.10009765625,2087
2025-11-14 07:20:00+00:00,2074.0,2074.89990234375,2074.0,2074.800048828125,2367
2025-11-14 07:21:00+00:00,2073.300048828125,2073.89990234375,2073.10009765625,2073.800048828125,3851
2025-11-14 07:22:00+00:00,2073.39990234375,2074.199951171875,2073.0,2073.199951171875,3208
2025-11-14 07:23:00+00:00,2073.5,2074.0,2073.199951171875,2073.5,2669
2025-11-14 07:24:00+00:00,2073.10009765625,2073.5,2073.10009765625,2073.5,1931
2025-11-14 07:25:00+00:00,2073.199951171875,2073.300048828125,2073.0,2073.10009765625,2376
2025-11-14 07:26:00+00:00,2073.0,2073.300048828125,2073.0,2073.199951171875,2647
2025-11-14 07:27:00+00:00,2073.39990234375,2073.89990234375,2073.0,2073.10009765625,3562
2025-11-14 07:28:00+00:00,2073.800048828125,2073.800048828125,2072.89990234375,2073.39990234375,3369
2025-11-14 07:29:00+00:00,2073.800048828125,2074.300048828125,2073.60009765625,2073.800048828125,2118
2025-11-14 07:30:00+00:00,2073.89990234375,2074.800048828125,2073.60009765625,2073.699951171875,3732
2025-11-14 07:31:00+00:00,2074.699951171875,2074.89990234375,2073.5,2074.0,3375
2025-11-14 07:32:00+00:00,2074.89990234375,2075.0,2074.10009765625,2074.89990234375,2501
2025-11-14 07:33:00+00:00,2074.89990234375,2075.0,2074.300048828125,2074.89990234375,3770
2025-11-14 07:34:00+00:00,2073.699951171875,2075.0,2073.5,2074.89990234375,1500
2025-11-14 07:35:00+00:00,2073.300048828125,2073.60009765625,2072.699951171875,2073.60009765625,4606
2025-11-14 07:36:00+00:00,2072.699951171875,2074.60009765625,2072.699951171875,2073.199951171875,2716
2025-11-14 07:37:00+00:00,2072.800048828125,2073.0,2072.300048828125,2072.699951171875,3969
2025-11-14 07:38:00+00:00,2073.60009765625,2074.5,2072.39990234375,2072.60009765625,2343
2025-11-14 07:39:00+00:00,2072.300048828125,2073.89990234375,2072.199951171875,2073.5,5034
2025-11-14 07:40:00+00:00,2072.5,2073.300048828125,2072.300048828125,2072.300048828125,2377
2025-11-14 07:41:00+00:00,2073.39990234375,2073.89990234375,2072.60009765625,2072.60009765625,3411
2025-11-14 07:42:00+00:00,2073.800048828125,2074.300048828125,2072.89990234375,2073.39990234375,3901
2025-11-14 07:43:00+00:00,2074.800048828125,2075.10009765625,2073.60009765625,2073.800048828125,3360
2025-11-14 07:44:00+00:00,2073.300048828125,2074.800048828125,2072.89990234375,2074.0,3630
2025-11-14 07:45:00+00:00,2073.89990234375,2073.89990234375,2073.0,2073.300048828125,3312
2025-11-14 07:46:00+00:00,2073.89990234375,2074.5,2073.39990234375,2073.800048828125,2725
2025-11-14 07:47:00+00:00,2074.89990234375,2075.300048828125,2074.0,2074.0,3991
2025-11-14 07:48:00+00:00,2074.10009765625,2075.0,2073.699951171875,2074.89990234375,4290
2025-11-14 07:49:00+00:00,2073.199951171875,2074.5,2073.199951171875,2074.10009765625,2090
2025-11-14 07:50:00+00:00,2074.10009765625,2074.199951171875,2073.0,2073.0,3537
2025-11-14 07:51:00+00:00,2073.5,2074.300048828125,2073.39990234375,2074.199951171875,2481
2025-11-14 07:52:00+00:00,2072.699951171875,2074.60009765625,2072.5,2073.5,4082
2025-11-14 07:53:00+00:00,2072.300048828125,2072.5,2072.0,2072.5,3882
2025-11-14 07:54:00+00:00,2073.5,2073.5,2072.300048828125,2072.300048828125,4470
2025-11-14 07:55:00+00:00,2073.5,2073.699951171875,2072.5,2073.0,3787
2025-11-14 07:56:00+00:00,2073.699951171875,2073.89990234375,2073.199951171875,2073.60009765625,2820
2025-11-14 07:57:00+00:00,2072.60009765625,2073.800048828125,2072.60009765625,2073.699951171875,4717
2025-11-14 07:58:00+00:00,2072.699951171875,2073.60009765625,2072.5,2072.699951171875,4026
2025-11-14 07:59:00+00:00,2073.39990234375,2073.5,2072.5,2072.800048828125,3573
2025-11-14 08:00:00+00:00,2073.199951171875,2074.0,2073.0,2073.5,4524
2025-11-14 08:01:00+00:00,2073.199951171875,2074.199951171875,2072.5,2073.199951171875,3525
2025-11-14 08:02:00+00:00,2072.89990234375,2074.10009765625,2072.699951171875,2073.0,3047
2025-11-14 08:03:00+00:00,2072.39990234375,2073.0,2072.39990234375,2073.0,1761
2025-11-14 08:04:00+00:00,2072.10009765625,2072.5,2072.0,2072.199951171875,2884
2025-11-14 08:05:00+00:00,2071.89990234375,2072.10009765625,2071.300048828125,2072.10009765625,5251
2025-11-14 08:06:00+00:00,2070.10009765625,2072.10009765625,2070.10009765625,2071.89990234375,4598
2025-11-14 08:07:00+00:00,2070.300048828125,2070.699951171875,2070.0,2070.10009765625,6316
2025-11-14 08:08:00+00:00,2071.0,2071.39990234375,2069.800048828125,2070.0,4690
2025-11-14 08:09:00+00:00,2069.89990234375,2071.300048828125,2069.0,2070.89990234375,6682
2025-11-14 08:10:00+00:00,2069.699951171875,2070.5,2069.5,2069.699951171875,3250
2025-11-14 08:11:00+00:00,2069.800048828125,2069.89990234375,2069.5,2069.5,2066
2025-11-14 08:12:00+00:00,2069.60009765625,2070.199951171875,2069.60009765625,2069.89990234375,3180
2025-11-14 08:13:00+00:00,2069.800048828125,2070.89990234375,2069.5,2069.699951171875,3743
2025-11-14 08:14:00+00:00,2069.10009765625,2069.699951171875,2069.10009765625,2069.5,3361
2025-11-14 08:15:00+00:00,2068.300048828125,2069.60009765625,2068.0,2069.10009765625,5964
2025-11-14 08:16:00+00:00,2069.60009765625,2070.39990234375,2068.199951171875,2068.39990234375,4455
2025-11-14 08:17:00+00:00,2069.800048828125,2070.199951171875,2068.89990234375,2069.699951171875,2534
2025-11-14 08:18:00+00:00,2069.10009765625,2069.699951171875,2069.0,2069.699951171875,2833
2025-11-14 08:19:00+00:00,2068.39990234375,2069.10009765625,2068.300048828125,2069.0,2688
2025-11-14 08:20:00+00:00,2068.60009765625,2069.0,2068.39990234375,2068.39990234375,4783
2025-11-14 08:21:00+00:00,2068.199951171875,2068.60009765625,2068.199951171875,2068.5,1581
2025-11-14 08:22:00+00:00,2068.0,2068.199951171875,2067.60009765625,2068.199951171875,3679
2025-11-14 08:23:00+00:00,2068.5,2068.699951171875,2067.60009765625,2068.10009765625,3487
2025-11-14 08:24:00+00:00,2068.699951171875,2069.0,2068.0,2068.5,6462
2025-11-14 08:25:00+00:00,2068.89990234375,2070.0,2068.39990234375,2068.699951171875,5818
2025-11-14 08:26:00+00:00,2069.300048828125,2070.5,2068.60009765625,2068.800048828125,4997
2025-11-14 08:27:00+00:00,2070.0,2070.39990234375,2069.199951171875,2069.300048828125,5979
2025-11-14 08:28:00+00:00,2069.5,2069.89990234375,2069.39990234375,2069.800048828125,3552
2025-11-14 08:29:00+00:00,2069.300048828125,2069.800048828125,2069.300048828125,2069.39990234375,5432
2025-11-14 08:30:00+00:00,2068.800048828125,2070.0,2068.800048828125,2069.39990234375,6320
2025-11-14 08:31:00+00:00,2068.699951171875,2069.0,2068.5,2068.699951171875,5264
2025-11-14 08:32:00+00:00,2068.800048828125,2069.39990234375,2068.60009765625,2068.699951171875,4761
2025-11-14 08:33:00+00:00,2068.89990234375,2069.10009765625,2068.300048828125,2068.800048828125,4138
2025-11-14 08:34:00+00:00,2068.300048828125,2068.39990234375,2067.800048828125,2068.300048828125,3915
2025-11-14 08:35:00+00:00,2069.5,2069.5,2068.0,2068.0,4537
2025-11-14 08:36:00+00:00,2069.199951171875,2070.0,2069.10009765625,2069.39990234375,4172
2025-11-14 08:37:00+00:00,2069.39990234375,2070.0,2069.300048828125,2069.300048828125,2882
2025-11-14 08:38:00+00:00,2068.199951171875,2069.800048828125,2068.10009765625,2069.800048828125,5527
2025-11-14 08:39:00+00:00,2068.199951171875,2069.0,2068.10009765625,2068.300048828125,3763
2025-11-14 08:40:00+00:00,2069.10009765625,2069.10009765625,2068.0,2068.199951171875,4277
2025-11-14 08:41:00+00:00,2069.0,2069.300048828125,2067.800048828125,2068.5,3965
2025-11-14 08:42:00+00:00,2069.0,2069.10009765625,2067.800048828125,2068.39990234375,3415
2025-11-14 08:43:00+00:00,2068.300048828125,2069.5,2068.0,2068.800048828125,3447
2025-11-14 08:44:00+00:00,2068.39990234375,2069.800048828125,2068.10009765625,2068.10009765625,3683
2025-11-14 08:45:00+00:00,2068.699951171875,2069.39990234375,2067.800048828125,2068.60009765625,3533
2025-11-14 08:46:00+00:00,2065.800048828125,2068.89990234375,2065.199951171875,2068.800048828125,16635
2025-11-14 08:47:00+00:00,2065.39990234375,2066.0,2065.199951171875,2065.800048828125,8277
2025-11-14 08:48:00+00:00,2065.39990234375,2065.60009765625,2065.0,2065.39990234375,3307
2025-11-14 08:49:00+00:00,2064.89990234375,2065.5,2064.5,2065.300048828125,6784
2025-11-14 08:50:00+00:00,2064.5,2065.10009765625,2064.0,2064.89990234375,3527
2025-11-14 08:51:00+00:00,2065.10009765625,2065.89990234375,2064.5,2064.60009765625,4173
2025-11-14 08:52:00+00:00,2065.300048828125,2065.699951171875,2064.800048828125,2065.199951171875,3364
2025-11-14 08:53:00+00:00,2065.0,2066.0,2065.0,2065.300048828125,6599
2025-11-14 08:54:00+00:00,2065.89990234375,2066.0,2065.10009765625,2065.10009765625,9003
2025-11-14 08:55:00+00:00,2065.60009765625,2066.0,2065.300048828125,2066.0,3421
2025-11-14 08:56:00+00:00,2065.10009765625,2065.699951171875,2065.10009765625,2065.699951171875,3496
2025-11-14 08:57:00+00:00,2064.5,2065.300048828125,2064.5,2065.10009765625,3578
2025-11-14 08:58:00+00:00,2065.0,2065.0,2064.39990234375,2064.5,20859
2025-11-14 08:59:00+00:00,2068.39990234375,2068.800048828125,2064.89990234375,2064.89990234375,16928
2025-11-14 09:00:00+00:00,2067.199951171875,2068.39990234375,2066.199951171875,2068.39990234375,9547
2025-11-14 09:01:00+00:00,2066.89990234375,2067.10009765625,2066.0,2067.0,2775
2025-11-14 09:02:00+00:00,2068.10009765625,2068.60009765625,2066.89990234375,2066.89990234375,4372
2025-11-14 09:03:00+00:00,2067.0,2069.0,2067.0,2068.199951171875,3274
2025-11-14 09:04:00+00:00,2066.89990234375,2067.300048828125,2066.5,2067.0,4963
2025-11-14 09:05:00+00:00,2067.0,2067.60009765625,2066.5,2066.89990234375,5426
2025-11-14 09:06:00+00:00,2067.10009765625,2067.60009765625,2066.699951171875,2066.89990234375,3253
2025-11-14 09:07:00+00:00,2067.60009765625,2067.60009765625,2066.0,2067.10009765625,6863
2025-11-14 09:08:00+00:00,2067.800048828125,2068.300048828125,2066.5,2067.60009765625,6612
2025-11-14 09:09:00+00:00,2066.39990234375,2068.0,2066.0,2067.800048828125,7452
2025-11-14 09:10:00+00:00,2065.89990234375,2066.39990234375,2065.89990234375,2066.199951171875,4417
2025-11-14 09:11:00+00:00,2067.10009765625,2068.89990234375,2065.89990234375,2065.89990234375,7495
2025-11-14 09:12:00+00:00,2067.10009765625,2067.39990234375,2066.699951171875,2067.10009765625,4310
2025-11-14 09:13:00+00:00,2066.300048828125,2067.39990234375,2066.300048828125,2067.10009765625,5585
2025-11-14 09:14:00+00:00,2066.60009765625,2067.39990234375,2066.0,2066.39990234375,3731
2025-11-14 09:15:00+00:00,2066.0,2067.5,2066.0,2066.699951171875,5560
2025-11-14 09:16:00+00:00,2066.10009765625,2066.699951171875,2066.0,2066.10009765625,2803
2025-11-14 09:17:00+00:00,2065.60009765625,2066.10009765625,2065.5,2066.10009765625,3346
2025-11-14 09:18:00+00:00,2066.10009765625,2066.699951171875,2065.199951171875,2065.60009765625,3537
2025-11-14 09:19:00+00:00,2065.89990234375,2066.199951171875,2065.5,2066.199951171875,2767
2025-11-14 09:20:00+00:00,2066.800048828125,2066.800048828125,2065.5,2065.699951171875,5085
2025-11-14 09:21:00+00:00,2064.699951171875,2066.800048828125,2064.699951171875,2066.699951171875,3024
2025-11-14 09:22:00+00:00,2065.89990234375,2066.10009765625,2064.5,2064.699951171875,16418
2025-11-14 09:23:00+00:00,2064.89990234375,2066.199951171875,2064.800048828125,2066.0,14496
2025-11-14 09:24:00+00:00,2066.10009765625,2067.300048828125,2064.699951171875,2065.0,19776
2025-11-14 09:25:00+00:00,2066.39990234375,2067.10009765625,2066.10009765625,2066.5,2725
2025-11-14 09:26:00+00:00,2065.699951171875,2066.39990234375,2065.699951171875,2066.39990234375,3099
2025-11-14 09:27:00+00:00,2065.5,2066.60009765625,2065.0,2065.699951171875,6689
2025-11-14 09:28:00+00:00,2065.60009765625,2065.60009765625,2065.5,2065.5,2690
2025-11-14 09:29:00+00:00,2066.0,2066.199951171875,2065.5,2065.5,3453
2025-11-14 09:30:00+00:00,2070.5,2070.60009765625,2066.60009765625,2066.60009765625,37621
2025-11-14 09:31:00+00:00,2073.60009765625,2074.5,2071.10009765625,2071.10009765625,25072
2025-11-14 09:32:00+00:00,2075.699951171875,2076.60009765625,2073.60009765625,2073.60009765625,25824
2025-11-14 09:33:00+00:00,2076.89990234375,2077.800048828125,2075.89990234375,2075.89990234375,23347
2025-11-14 09:34:00+00:00,2077.0,2078.39990234375,2075.300048828125,2077.10009765625,24787
2025-11-14 09:35:00+00:00,2078.300048828125,2078.800048828125,2077.199951171875,2077.5,23526
2025-11-14 09:36:00+00:00,2078.199951171875,2079.10009765625,2077.60009765625,2078.300048828125,26830
2025-11-14 09:37:00+00:00,2078.300048828125,2078.5,2076.89990234375,2078.300048828125,25319
2025-11-14 09:38:00+00:00,2078.89990234375,2079.699951171875,2078.10009765625,2078.60009765625,24912
2025-11-14 09:39:00+00:00,2079.10009765625,2079.300048828125,2078.10009765625,2078.89990234375,25126
2025-11-14 09:40:00+00:00,2079.199951171875,2079.300048828125,2077.89990234375,2079.300048828125,23726
2025-11-14 09:41:00+00:00,2077.60009765625,2080.0,2077.5,2079.199951171875,27413
2025-11-14 09:42:00+00:00,2078.199951171875,2079.39990234375,2077.60009765625,2077.60009765625,23999
2025-11-14 09:43:00+00:00,2079.39990234375,2079.89990234375,2078.199951171875,2078.199951171875,24686
2025-11-14 09:44:00+00:00,2079.300048828125,2080.10009765625,2079.199951171875,2080.0,24660
2025-11-14 09:45:00+00:00,2080.10009765625,2081.699951171875,2079.800048828125,2079.800048828125,27801
2025-11-14 09:46:00+00:00,2079.800048828125,2081.10009765625,2079.699951171875,2080.199951171875,26635
2025-11-14 09:47:00+00:00,2080.60009765625,2081.300048828125,2079.800048828125,2079.800048828125,24817
2025-11-14 09:48:00+00:00,2080.60009765625,2081.60009765625,2080.60009765625,2080.60009765625,25136
2025-11-14 09:49:00+00:00,2080.0,2081.0,2079.5,2080.60009765625,24506
2025-11-14 09:50:00+00:00,2081.0,2081.39990234375,2080.0,2080.0,25043
2025-11-14 09:51:00+00:00,2082.5,2083.5,2081.0,2081.0,26794
2025-11-14 09:52:00+00:00,2083.800048828125,2084.0,2082.10009765625,2083.10009765625,24438
2025-11-14 09:53:00+00:00,2085.0,2085.0,2082.39990234375,2083.89990234375,34636
2025-11-14 09:54:00+00:00,2083.60009765625,2085.5,2083.39990234375,2085.0,30476
2025-11-14 09:55:00+00:00,2084.10009765625,2085.199951171875,2083.10009765625,2085.199951171875,26727
2025-11-14 09:56:00+00:00,2082.800048828125,2084.39990234375,2082.60009765625,2084.39990234375,28102
2025-11-14 09:57:00+00:00,2084.0,2084.199951171875,2082.89990234375,2083.60009765625,27257
2025-11-14 09:58:00+00:00,2081.10009765625,2084.10009765625,2080.199951171875,2084.10009765625,8644
2025-11-14 09:59:00+00:00,2079.699951171875,2084.699951171875,2079.699951171875,2080.89990234375,5380
