Price,Close,High,Low,Open,Volume
Ticker,LT.NS,LT.NS,LT.NS,LT.NS,LT.NS
Datetime,,,,,
2025-08-20 03:45:00+00:00,3599.0,3618.0,3596.60009765625,3618.0,0
2025-08-20 03:50:00+00:00,3592.0,3599.5,3588.0,3599.10009765625,25510
2025-08-20 03:55:00+00:00,3586.5,3592.39990234375,3586.0,3591.60009765625,20268
2025-08-20 04:00:00+00:00,3590.199951171875,3591.10009765625,3581.699951171875,3585.800048828125,38456
2025-08-20 04:05:00+00:00,3584.5,3592.0,3582.60009765625,3591.0,20132
2025-08-20 04:10:00+00:00,3583.89990234375,3585.10009765625,3580.199951171875,3584.5,29362
2025-08-20 04:15:00+00:00,3590.0,3590.0,3583.10009765625,3583.89990234375,18396
2025-08-20 04:20:00+00:00,3586.300048828125,3590.10009765625,3585.0,3588.300048828125,24568
2025-08-20 04:25:00+00:00,3588.0,3588.5,3583.60009765625,3586.199951171875,10691
2025-08-20 04:30:00+00:00,3586.0,3589.0,3583.199951171875,3588.0,15717
2025-08-20 04:35:00+00:00,3586.60009765625,3587.300048828125,3584.300048828125,3585.0,4632
2025-08-20 04:40:00+00:00,3589.0,3589.0,3585.699951171875,3586.0,5098
2025-08-20 04:45:00+00:00,3591.800048828125,3593.39990234375,3589.5,3590.0,13326
2025-08-20 04:50:00+00:00,3584.5,3591.699951171875,3584.5,3591.699951171875,10531
2025-08-20 04:55:00+00:00,3584.800048828125,3585.300048828125,3584.5,3585.0,7371
2025-08-20 05:00:00+00:00,3588.39990234375,3589.10009765625,3584.10009765625,3584.800048828125,9599
2025-08-20 05:05:00+00:00,3592.10009765625,3592.699951171875,3587.699951171875,3588.5,37098
2025-08-20 05:10:00+00:00,3592.60009765625,3596.10009765625,3588.39990234375,3593.0,29310
2025-08-20 05:15:00+00:00,3591.699951171875,3592.89990234375,3589.199951171875,3592.699951171875,27353
2025-08-20 05:20:00+00:00,3588.0,3591.89990234375,3586.699951171875,3591.0,12626
2025-08-20 05:25:00+00:00,3585.39990234375,3588.0,3585.39990234375,3588.0,7557
2025-08-20 05:30:00+00:00,3589.0,3589.0,3585.0,3585.199951171875,24656
2025-08-20 05:35:00+00:00,3591.39990234375,3595.89990234375,3588.800048828125,3589.0,57695
2025-08-20 05:40:00+00:00,3603.5,3603.800048828125,3590.89990234375,3590.89990234375,29345
2025-08-20 05:45:00+00:00,3593.300048828125,3603.800048828125,3590.0,3603.39990234375,68809
2025-08-20 05:50:00+00:00,3594.89990234375,3596.60009765625,3591.199951171875,3592.39990234375,29193
2025-08-20 05:55:00+00:00,3594.699951171875,3594.800048828125,3588.300048828125,3594.800048828125,60576
2025-08-20 06:00:00+00:00,3588.699951171875,3594.60009765625,3588.699951171875,3594.60009765625,13849
2025-08-20 06:05:00+00:00,3590.89990234375,3593.39990234375,3589.0,3589.39990234375,22417
2025-08-20 06:10:00+00:00,3591.300048828125,3591.39990234375,3587.800048828125,3591.10009765625,11021
2025-08-20 06:15:00+00:00,3592.5,3592.5,3589.300048828125,3591.199951171875,10647
2025-08-20 06:20:00+00:00,3594.60009765625,3595.0,3592.10009765625,3592.60009765625,7195
2025-08-20 06:25:00+00:00,3599.0,3599.0,3594.0,3594.800048828125,14631
2025-08-20 06:30:00+00:00,3598.5,3599.89990234375,3597.0,3598.89990234375,11522
2025-08-20 06:35:00+00:00,3599.39990234375,3599.89990234375,3598.10009765625,3598.5,6123
2025-08-20 06:40:00+00:00,3604.5,3606.0,3599.300048828125,3600.0,12491
2025-08-20 06:45:00+00:00,3607.699951171875,3607.699951171875,3603.699951171875,3604.5,9715
2025-08-20 06:50:00+00:00,3607.300048828125,3608.89990234375,3605.0,3607.89990234375,13252
2025-08-20 06:55:00+00:00,3608.199951171875,3609.0,3605.10009765625,3607.39990234375,11173
2025-08-20 07:00:00+00:00,3602.699951171875,3609.300048828125,3602.10009765625,3608.5,10265
2025-08-20 07:05:00+00:00,3601.0,3602.10009765625,3600.10009765625,3601.800048828125,5274
2025-08-20 07:10:00+00:00,3603.10009765625,3603.10009765625,3601.0,3601.300048828125,4732
2025-08-20 07:15:00+00:00,3602.60009765625,3603.5,3600.699951171875,3602.199951171875,4333
2025-08-20 07:20:00+00:00,3604.5,3604.5,3602.5,3602.60009765625,4350
2025-08-20 07:25:00+00:00,3603.10009765625,3605.0,3602.0,3604.5,17801
2025-08-20 07:30:00+00:00,3603.0,3603.5,3601.10009765625,3603.10009765625,13780
2025-08-20 07:35:00+00:00,3603.60009765625,3604.89990234375,3602.300048828125,3603.0,5517
2025-08-20 07:40:00+00:00,3597.10009765625,3603.60009765625,3595.300048828125,3603.60009765625,17101
2025-08-20 07:45:00+00:00,3597.300048828125,3597.5,3596.0,3597.10009765625,5078
2025-08-20 07:50:00+00:00,3597.5,3597.699951171875,3595.60009765625,3596.60009765625,8961
2025-08-20 07:55:00+00:00,3595.0,3598.0,3595.0,3596.199951171875,7704
2025-08-20 08:00:00+00:00,3598.39990234375,3599.0,3595.10009765625,3595.699951171875,9929
2025-08-20 08:05:00+00:00,3598.300048828125,3598.800048828125,3597.60009765625,3598.300048828125,6701
2025-08-20 08:10:00+00:00,3595.89990234375,3597.800048828125,3594.39990234375,3597.800048828125,12075
2025-08-20 08:15:00+00:00,3596.5,3596.699951171875,3595.10009765625,3595.89990234375,3514
2025-08-20 08:20:00+00:00,3599.0,3599.0,3595.800048828125,3596.5,4853
2025-08-20 08:25:00+00:00,3601.5,3601.5,3598.199951171875,3598.89990234375,12246
2025-08-20 08:30:00+00:00,3606.0,3606.89990234375,3601.39990234375,3601.5,15775
2025-08-20 08:35:00+00:00,3605.60009765625,3606.800048828125,3605.39990234375,3606.0,7626
2025-08-20 08:40:00+00:00,3604.699951171875,3606.5,3604.0,3605.800048828125,25222
2025-08-20 08:45:00+00:00,3604.300048828125,3604.699951171875,3604.0,3604.699951171875,3367
2025-08-20 08:50:00+00:00,3605.800048828125,3606.5,3604.199951171875,3604.199951171875,5048
2025-08-20 08:55:00+00:00,3606.10009765625,3606.39990234375,3605.300048828125,3606.0,5315
2025-08-20 09:00:00+00:00,3602.800048828125,3605.60009765625,3601.0,3605.60009765625,27822
2025-08-20 09:05:00+00:00,3603.300048828125,3605.10009765625,3602.60009765625,3603.0,7231
2025-08-20 09:10:00+00:00,3605.10009765625,3605.300048828125,3603.10009765625,3603.300048828125,15430
2025-08-20 09:15:00+00:00,3603.89990234375,3605.10009765625,3602.10009765625,3605.10009765625,20382
2025-08-20 09:20:00+00:00,3600.0,3605.39990234375,3599.60009765625,3604.199951171875,24514
2025-08-20 09:25:00+00:00,3597.800048828125,3600.300048828125,3596.10009765625,3600.0,18344
2025-08-20 09:30:00+00:00,3595.699951171875,3597.800048828125,3595.0,3597.60009765625,17477
2025-08-20 09:35:00+00:00,3595.699951171875,3595.89990234375,3595.60009765625,3595.800048828125,15988
2025-08-20 09:40:00+00:00,3593.800048828125,3597.5,3592.0,3595.60009765625,38181
2025-08-20 09:45:00+00:00,3589.699951171875,3593.800048828125,3587.800048828125,3593.800048828125,36910
2025-08-20 09:50:00+00:00,3590.60009765625,3590.89990234375,3587.0,3589.699951171875,32281
2025-08-20 09:55:00+00:00,3593.0,3594.39990234375,3589.0,3590.39990234375,26384
2025-08-21 03:45:00+00:00,3601.10009765625,3601.10009765625,3588.10009765625,3597.89990234375,34881
2025-08-21 03:50:00+00:00,3597.800048828125,3608.0,3597.10009765625,3600.89990234375,20948
2025-08-21 03:55:00+00:00,3599.199951171875,3599.199951171875,3595.300048828125,3599.0,19562
2025-08-21 04:00:00+00:00,3601.199951171875,3605.60009765625,3600.199951171875,3601.800048828125,12473
2025-08-21 04:05:00+00:00,3602.10009765625,3604.60009765625,3600.10009765625,3601.199951171875,18803
2025-08-21 04:10:00+00:00,3611.39990234375,3613.0,3602.0,3602.0,38841
2025-08-21 04:15:00+00:00,3619.800048828125,3620.300048828125,3609.89990234375,3611.39990234375,28547
2025-08-21 04:20:00+00:00,3628.39990234375,3629.0,3618.5,3618.800048828125,235692
2025-08-21 04:25:00+00:00,3633.60009765625,3634.0,3621.89990234375,3628.39990234375,38407
2025-08-21 04:30:00+00:00,3635.300048828125,3638.89990234375,3629.199951171875,3632.89990234375,29474
2025-08-21 04:35:00+00:00,3637.89990234375,3639.199951171875,3634.300048828125,3634.300048828125,35397
2025-08-21 04:40:00+00:00,3633.5,3638.89990234375,3632.60009765625,3637.89990234375,14495
2025-08-21 04:45:00+00:00,3642.199951171875,3643.0,3633.699951171875,3633.699951171875,23610
2025-08-21 04:50:00+00:00,3643.800048828125,3644.5,3639.0,3642.199951171875,18866
2025-08-21 04:55:00+00:00,3634.89990234375,3648.0,3632.5,3643.39990234375,33441
2025-08-21 05:00:00+00:00,3637.39990234375,3639.5,3634.800048828125,3634.89990234375,11266
2025-08-21 05:05:00+00:00,3638.800048828125,3638.800048828125,3634.10009765625,3637.10009765625,5025
2025-08-21 05:10:00+00:00,3639.300048828125,3640.0,3638.0,3638.39990234375,4939
2025-08-21 05:15:00+00:00,3637.39990234375,3639.300048828125,3635.800048828125,3639.300048828125,13297
2025-08-21 05:20:00+00:00,3636.5,3638.0,3635.39990234375,3637.39990234375,5234
2025-08-21 05:25:00+00:00,3633.89990234375,3635.800048828125,3632.800048828125,3635.39990234375,5639
2025-08-21 05:30:00+00:00,3630.10009765625,3637.0,3629.699951171875,3633.89990234375,10680
2025-08-21 05:35:00+00:00,3633.699951171875,3633.800048828125,3629.5,3629.60009765625,9569
2025-08-21 05:40:00+00:00,3634.5,3635.0,3632.5,3633.699951171875,3936
2025-08-21 05:45:00+00:00,3634.89990234375,3635.0,3632.89990234375,3634.39990234375,5008
2025-08-21 05:50:00+00:00,3633.800048828125,3634.89990234375,3633.699951171875,3634.800048828125,3761
2025-08-21 05:55:00+00:00,3630.89990234375,3634.0,3630.89990234375,3633.699951171875,5295
2025-08-21 06:00:00+00:00,3630.89990234375,3631.60009765625,3626.0,3630.89990234375,8597
2025-08-21 06:05:00+00:00,3629.699951171875,3631.10009765625,3629.199951171875,3631.10009765625,3738
2025-08-21 06:10:00+00:00,3631.89990234375,3632.800048828125,3629.699951171875,3630.0,3998
2025-08-21 06:15:00+00:00,3629.89990234375,3632.0,3629.89990234375,3631.800048828125,3873
2025-08-21 06:20:00+00:00,3628.199951171875,3630.0,3626.800048828125,3628.699951171875,11523
2025-08-21 06:25:00+00:00,3627.800048828125,3628.89990234375,3626.60009765625,3628.10009765625,5784
2025-08-21 06:30:00+00:00,3628.89990234375,3629.0,3624.300048828125,3627.699951171875,10387
2025-08-21 06:35:00+00:00,3628.699951171875,3630.0,3627.89990234375,3628.699951171875,8061
2025-08-21 06:40:00+00:00,3625.0,3630.0,3623.89990234375,3628.699951171875,10295
2025-08-21 06:45:00+00:00,3622.89990234375,3625.0,3622.800048828125,3624.800048828125,3817
2025-08-21 06:50:00+00:00,3624.89990234375,3625.0,3622.0,3622.0,3767
2025-08-21 06:55:00+00:00,3621.300048828125,3625.0,3621.0,3624.699951171875,5544
2025-08-21 07:00:00+00:00,3621.5,3625.60009765625,3620.60009765625,3621.89990234375,35901
2025-08-21 07:05:00+00:00,3621.89990234375,3622.300048828125,3621.60009765625,3621.60009765625,6188
2025-08-21 07:10:00+00:00,3621.89990234375,3622.0,3621.60009765625,3622.0,5726
2025-08-21 07:15:00+00:00,3621.89990234375,3622.0,3619.800048828125,3621.89990234375,9544
2025-08-21 07:20:00+00:00,3621.10009765625,3622.0,3618.89990234375,3622.0,21209
2025-08-21 07:25:00+00:00,3620.0,3621.800048828125,3619.5,3621.10009765625,7763
2025-08-21 07:30:00+00:00,3620.0,3620.800048828125,3619.800048828125,3620.0,6723
2025-08-21 07:35:00+00:00,3619.89990234375,3620.5,3619.800048828125,3619.89990234375,5170
2025-08-21 07:40:00+00:00,3619.89990234375,3620.0,3618.89990234375,3619.89990234375,4955
2025-08-21 07:45:00+00:00,3619.89990234375,3620.0,3618.60009765625,3619.89990234375,7409
2025-08-21 07:50:00+00:00,3619.89990234375,3620.10009765625,3619.10009765625,3620.0,15134
2025-08-21 07:55:00+00:00,3618.800048828125,3620.0,3618.10009765625,3620.0,5973
2025-08-21 08:00:00+00:00,3619.300048828125,3620.0,3614.300048828125,3618.89990234375,28411
2025-08-21 08:05:00+00:00,3615.199951171875,3618.800048828125,3615.10009765625,3618.800048828125,14275
2025-08-21 08:10:00+00:00,3615.5,3616.300048828125,3612.199951171875,3615.0,9788
2025-08-21 08:15:00+00:00,3617.800048828125,3618.699951171875,3612.300048828125,3615.300048828125,18590
2025-08-21 08:20:00+00:00,3617.199951171875,3619.800048828125,3615.5,3617.89990234375,8033
2025-08-21 08:25:00+00:00,3619.699951171875,3620.0,3617.300048828125,3617.300048828125,12769
2025-08-21 08:30:00+00:00,3619.10009765625,3620.0,3618.800048828125,3619.800048828125,7420
2025-08-21 08:35:00+00:00,3618.10009765625,3620.0,3618.10009765625,3619.0,6624
2025-08-21 08:40:00+00:00,3623.60009765625,3624.0,3618.199951171875,3618.199951171875,12582
2025-08-21 08:45:00+00:00,3628.39990234375,3631.199951171875,3623.60009765625,3624.0,42787
2025-08-21 08:50:00+00:00,3628.89990234375,3629.89990234375,3626.89990234375,3628.39990234375,13837
2025-08-21 08:55:00+00:00,3625.699951171875,3628.89990234375,3625.0,3628.699951171875,14252
2025-08-21 09:00:00+00:00,3624.699951171875,3625.699951171875,3624.0,3625.699951171875,8734
2025-08-21 09:05:00+00:00,3620.0,3624.89990234375,3619.60009765625,3624.60009765625,44192
2025-08-21 09:10:00+00:00,3618.800048828125,3623.5,3617.39990234375,3620.0,45445
2025-08-21 09:15:00+00:00,3617.60009765625,3620.39990234375,3617.0,3618.0,9271
2025-08-21 09:20:00+00:00,3618.89990234375,3618.89990234375,3617.199951171875,3617.89990234375,5880
2025-08-21 09:25:00+00:00,3619.39990234375,3622.60009765625,3616.0,3618.199951171875,25906
2025-08-21 09:30:00+00:00,3614.199951171875,3622.300048828125,3614.199951171875,3620.699951171875,94909
2025-08-21 09:35:00+00:00,3608.60009765625,3615.0,3606.5,3614.5,101153
2025-08-21 09:40:00+00:00,3611.0,3612.0,3602.89990234375,3608.60009765625,88132
2025-08-21 09:45:00+00:00,3614.39990234375,3615.199951171875,3609.199951171875,3611.0,38817
2025-08-21 09:50:00+00:00,3619.5,3621.0,3608.39990234375,3614.199951171875,51341
2025-08-21 09:55:00+00:00,3619.0,3621.800048828125,3619.0,3620.89990234375,22562
2025-08-22 03:45:00+00:00,3621.60009765625,3624.10009765625,3608.699951171875,3612.10009765625,28096
2025-08-22 03:50:00+00:00,3627.800048828125,3634.5,3615.0,3620.39990234375,27283
2025-08-22 03:55:00+00:00,3627.199951171875,3634.0,3625.0,3628.0,14418
2025-08-22 04:00:00+00:00,3625.800048828125,3628.0,3620.199951171875,3628.0,15371
2025-08-22 04:05:00+00:00,3622.0,3628.5,3621.0,3625.89990234375,10217
2025-08-22 04:10:00+00:00,3621.699951171875,3624.199951171875,3618.10009765625,3621.10009765625,11059
2025-08-22 04:15:00+00:00,3624.699951171875,3626.300048828125,3620.5,3622.0,5383
2025-08-22 04:20:00+00:00,3622.5,3624.60009765625,3621.89990234375,3624.60009765625,7018
2025-08-22 04:25:00+00:00,3623.10009765625,3624.699951171875,3619.199951171875,3622.5,9376
2025-08-22 04:30:00+00:00,3626.0,3626.39990234375,3623.0,3623.800048828125,5784
2025-08-22 04:35:00+00:00,3629.300048828125,3629.89990234375,3625.39990234375,3626.199951171875,7585
2025-08-22 04:40:00+00:00,3629.10009765625,3630.699951171875,3627.39990234375,3629.5,5200
2025-08-22 04:45:00+00:00,3628.0,3630.699951171875,3626.699951171875,3627.0,3952
2025-08-22 04:50:00+00:00,3621.60009765625,3628.300048828125,3620.800048828125,3628.300048828125,17017
2025-08-22 04:55:00+00:00,3621.0,3623.0,3616.39990234375,3621.199951171875,15607
2025-08-22 05:00:00+00:00,3616.89990234375,3622.0,3615.5,3622.0,7498
2025-08-22 05:05:00+00:00,3615.10009765625,3617.60009765625,3612.199951171875,3616.39990234375,7271
2025-08-22 05:10:00+00:00,3614.5,3615.39990234375,3610.0,3614.0,9194
2025-08-22 05:15:00+00:00,3608.5,3614.5,3606.5,3614.39990234375,8408
2025-08-22 05:20:00+00:00,3609.300048828125,3613.699951171875,3608.10009765625,3608.60009765625,29309
2025-08-22 05:25:00+00:00,3610.0,3610.0,3607.60009765625,3609.199951171875,5132
2025-08-22 05:30:00+00:00,3610.0,3613.10009765625,3608.60009765625,3610.0,49439
2025-08-22 05:35:00+00:00,3610.199951171875,3613.10009765625,3609.0,3609.800048828125,6960
2025-08-22 05:40:00+00:00,3609.0,3611.0,3608.300048828125,3610.699951171875,4822
2025-08-22 05:45:00+00:00,3610.800048828125,3611.0,3608.10009765625,3609.39990234375,8043
2025-08-22 05:50:00+00:00,3612.0,3612.800048828125,3609.699951171875,3610.89990234375,7331
2025-08-22 05:55:00+00:00,3610.89990234375,3612.0,3610.0,3612.0,3283
2025-08-22 06:00:00+00:00,3612.0,3613.0,3610.699951171875,3611.0,9369
2025-08-22 06:05:00+00:00,3613.0,3613.0,3611.800048828125,3612.0,8593
2025-08-22 06:10:00+00:00,3607.0,3614.0,3606.5,3612.60009765625,49066
2025-08-22 06:15:00+00:00,3609.199951171875,3610.0,3605.10009765625,3605.10009765625,13611
2025-08-22 06:20:00+00:00,3608.5,3610.0,3607.89990234375,3609.199951171875,4704
2025-08-22 06:25:00+00:00,3607.5,3610.0,3607.0,3609.10009765625,6557
2025-08-22 06:30:00+00:00,3607.89990234375,3608.0,3604.10009765625,3608.0,27832
2025-08-22 06:35:00+00:00,3601.39990234375,3608.0,3600.10009765625,3607.5,14732
2025-08-22 06:40:00+00:00,3601.199951171875,3603.0,3599.10009765625,3601.300048828125,22540
2025-08-22 06:45:00+00:00,3600.0,3601.699951171875,3599.10009765625,3600.10009765625,8369
2025-08-22 06:50:00+00:00,3600.60009765625,3601.800048828125,3599.5,3600.5,7772
2025-08-22 06:55:00+00:00,3591.89990234375,3600.89990234375,3591.89990234375,3600.0,23644
2025-08-22 07:00:00+00:00,3591.300048828125,3593.39990234375,3590.199951171875,3591.699951171875,9709
2025-08-22 07:05:00+00:00,3586.0,3591.5,3585.0,3591.5,11334
2025-08-22 07:10:00+00:00,3584.39990234375,3585.89990234375,3582.699951171875,3585.89990234375,8929
2025-08-22 07:15:00+00:00,3585.5,3585.5,3584.0,3584.39990234375,7018
2025-08-22 07:20:00+00:00,3586.10009765625,3588.0,3582.10009765625,3585.10009765625,16718
2025-08-22 07:25:00+00:00,3587.699951171875,3588.0,3585.0,3586.0,7833
2025-08-22 07:30:00+00:00,3590.199951171875,3591.0,3586.60009765625,3587.39990234375,9926
2025-08-22 07:35:00+00:00,3592.39990234375,3593.300048828125,3590.10009765625,3590.10009765625,11973
2025-08-22 07:40:00+00:00,3589.89990234375,3596.10009765625,3587.0,3592.39990234375,68531
2025-08-22 07:45:00+00:00,3592.300048828125,3594.60009765625,3588.199951171875,3589.89990234375,12922
2025-08-22 07:50:00+00:00,3595.800048828125,3595.89990234375,3591.0,3592.300048828125,35682
2025-08-22 07:55:00+00:00,3595.89990234375,3598.300048828125,3595.0,3595.699951171875,8749
2025-08-22 08:00:00+00:00,3593.300048828125,3596.300048828125,3592.10009765625,3596.300048828125,26738
2025-08-22 08:05:00+00:00,3592.800048828125,3595.800048828125,3591.39990234375,3594.60009765625,8599
2025-08-22 08:10:00+00:00,3591.10009765625,3593.199951171875,3588.199951171875,3592.800048828125,11709
2025-08-22 08:15:00+00:00,3591.39990234375,3591.60009765625,3589.800048828125,3591.300048828125,5830
2025-08-22 08:20:00+00:00,3593.5,3593.5,3590.39990234375,3591.39990234375,5779
2025-08-22 08:25:00+00:00,3593.60009765625,3594.199951171875,3592.300048828125,3593.5,6577
2025-08-22 08:30:00+00:00,3591.5,3593.60009765625,3590.5,3593.39990234375,7180
2025-08-22 08:35:00+00:00,3592.89990234375,3595.5,3591.5,3591.5,8385
2025-08-22 08:40:00+00:00,3591.300048828125,3592.800048828125,3590.699951171875,3592.800048828125,7122
2025-08-22 08:45:00+00:00,3591.39990234375,3591.60009765625,3589.199951171875,3591.300048828125,6733
2025-08-22 08:50:00+00:00,3588.5,3592.0,3588.5,3590.699951171875,12727
2025-08-22 08:55:00+00:00,3591.39990234375,3591.89990234375,3587.5,3588.89990234375,8487
2025-08-22 09:00:00+00:00,3589.0,3592.800048828125,3587.39990234375,3591.0,11766
2025-08-22 09:05:00+00:00,3590.199951171875,3590.300048828125,3587.5,3589.0,11815
2025-08-22 09:10:00+00:00,3590.0,3591.60009765625,3589.300048828125,3590.10009765625,8205
2025-08-22 09:15:00+00:00,3588.699951171875,3590.0,3588.199951171875,3590.0,13685
2025-08-22 09:20:00+00:00,3588.5,3590.60009765625,3588.0,3588.699951171875,12438
2025-08-22 09:25:00+00:00,3591.89990234375,3592.10009765625,3588.5,3588.5,10711
2025-08-22 09:30:00+00:00,3594.5,3594.5,3590.60009765625,3592.0,16569
2025-08-22 09:35:00+00:00,3595.0,3597.10009765625,3594.60009765625,3594.60009765625,18342
2025-08-22 09:40:00+00:00,3595.0,3595.89990234375,3594.89990234375,3595.0,23241
2025-08-22 09:45:00+00:00,3595.10009765625,3595.89990234375,3594.5,3595.10009765625,18973
2025-08-22 09:50:00+00:00,3597.10009765625,3597.5,3594.800048828125,3595.10009765625,28275
2025-08-22 09:55:00+00:00,3595.800048828125,3600.0,3591.0,3597.10009765625,34249
2025-08-25 03:45:00+00:00,3593.5,3608.10009765625,3588.5,3607.300048828125,0
2025-08-25 03:50:00+00:00,3602.300048828125,3604.0,3590.60009765625,3594.699951171875,13160
2025-08-25 03:55:00+00:00,3599.199951171875,3603.39990234375,3597.0,3603.39990234375,10019
2025-08-25 04:00:00+00:00,3603.0,3603.0,3598.800048828125,3598.89990234375,4783
2025-08-25 04:05:00+00:00,3601.800048828125,3604.0,3600.0,3603.800048828125,7988
2025-08-25 04:10:00+00:00,3603.39990234375,3605.199951171875,3600.0,3602.5,4318
2025-08-25 04:15:00+00:00,3600.699951171875,3603.39990234375,3600.0,3603.300048828125,3676
2025-08-25 04:20:00+00:00,3600.60009765625,3602.699951171875,3599.0,3601.0,4970
2025-08-25 04:25:00+00:00,3599.89990234375,3601.199951171875,3598.5,3600.800048828125,3686
2025-08-25 04:30:00+00:00,3596.39990234375,3601.39990234375,3596.0,3599.89990234375,6136
2025-08-25 04:35:00+00:00,3596.89990234375,3599.0,3593.39990234375,3596.300048828125,9411
2025-08-25 04:40:00+00:00,3592.199951171875,3600.0,3591.39990234375,3596.800048828125,7146
2025-08-25 04:45:00+00:00,3598.0,3599.5,3590.300048828125,3592.0,14851
2025-08-25 04:50:00+00:00,3598.300048828125,3600.0,3596.5,3597.300048828125,8170
2025-08-25 04:55:00+00:00,3593.800048828125,3600.300048828125,3593.800048828125,3598.89990234375,7321
2025-08-25 05:00:00+00:00,3597.0,3599.89990234375,3593.10009765625,3593.60009765625,3186
2025-08-25 05:05:00+00:00,3598.800048828125,3599.89990234375,3598.10009765625,3598.10009765625,1893
2025-08-25 05:10:00+00:00,3587.0,3598.800048828125,3587.0,3598.800048828125,8469
2025-08-25 05:15:00+00:00,3584.5,3588.199951171875,3584.5,3587.89990234375,9497
2025-08-25 05:20:00+00:00,3590.0,3591.699951171875,3585.0,3585.800048828125,6367
2025-08-25 05:25:00+00:00,3589.10009765625,3591.199951171875,3588.5,3590.0,5325
2025-08-25 05:30:00+00:00,3593.800048828125,3594.0,3587.800048828125,3589.60009765625,7885
2025-08-25 05:35:00+00:00,3595.89990234375,3596.300048828125,3593.199951171875,3593.89990234375,4111
2025-08-25 05:40:00+00:00,3593.60009765625,3595.89990234375,3593.5,3595.199951171875,4104
2025-08-25 05:45:00+00:00,3595.0,3598.5,3592.800048828125,3593.60009765625,141354
2025-08-25 05:50:00+00:00,3589.60009765625,3595.10009765625,3588.0,3595.0,35399
2025-08-25 05:55:00+00:00,3587.699951171875,3590.300048828125,3586.300048828125,3588.60009765625,4223
2025-08-25 06:00:00+00:00,3590.199951171875,3591.300048828125,3587.10009765625,3587.300048828125,6758
2025-08-25 06:05:00+00:00,3590.5,3593.0,3589.699951171875,3590.199951171875,3580
2025-08-25 06:10:00+00:00,3595.0,3595.0,3590.10009765625,3591.300048828125,3499
2025-08-25 06:15:00+00:00,3592.89990234375,3599.699951171875,3592.89990234375,3595.0,123759
2025-08-25 06:20:00+00:00,3594.300048828125,3595.0,3592.300048828125,3592.300048828125,4123
2025-08-25 06:25:00+00:00,3596.39990234375,3600.0,3594.199951171875,3594.199951171875,25472
2025-08-25 06:30:00+00:00,3599.0,3600.0,3596.199951171875,3596.800048828125,6454
2025-08-25 06:35:00+00:00,3598.0,3601.60009765625,3597.5,3599.5,14790
2025-08-25 06:40:00+00:00,3597.60009765625,3598.0,3597.10009765625,3598.0,5908
2025-08-25 06:45:00+00:00,3597.0,3597.800048828125,3595.199951171875,3597.60009765625,17612
2025-08-25 06:50:00+00:00,3597.699951171875,3598.89990234375,3596.199951171875,3596.800048828125,6957
2025-08-25 06:55:00+00:00,3595.39990234375,3600.0,3595.39990234375,3597.10009765625,8131
2025-08-25 07:00:00+00:00,3596.89990234375,3597.0,3595.60009765625,3595.800048828125,3323
2025-08-25 07:05:00+00:00,3597.0,3597.10009765625,3596.0,3596.89990234375,7404
2025-08-25 07:10:00+00:00,3596.89990234375,3597.0,3596.699951171875,3597.0,5351
2025-08-25 07:15:00+00:00,3600.0,3601.0,3596.89990234375,3597.0,14267
2025-08-25 07:20:00+00:00,3597.199951171875,3601.199951171875,3595.800048828125,3600.800048828125,12851
2025-08-25 07:25:00+00:00,3598.699951171875,3599.300048828125,3596.199951171875,3597.199951171875,4637
2025-08-25 07:30:00+00:00,3599.699951171875,3599.89990234375,3597.60009765625,3598.60009765625,3397
2025-08-25 07:35:00+00:00,3600.0,3600.0,3599.300048828125,3599.89990234375,4675
2025-08-25 07:40:00+00:00,3599.10009765625,3600.0,3598.10009765625,3600.0,4793
2025-08-25 07:45:00+00:00,3599.199951171875,3600.0,3598.39990234375,3599.10009765625,4195
2025-08-25 07:50:00+00:00,3599.5,3600.0,3597.39990234375,3599.199951171875,5077
2025-08-25 07:55:00+00:00,3599.39990234375,3600.0,3598.300048828125,3599.699951171875,3475
2025-08-25 08:00:00+00:00,3599.699951171875,3600.0,3599.10009765625,3599.39990234375,7536
2025-08-25 08:05:00+00:00,3599.699951171875,3600.0,3599.60009765625,3600.0,4960
2025-08-25 08:10:00+00:00,3599.39990234375,3599.89990234375,3598.0,3599.800048828125,5303
2025-08-25 08:15:00+00:00,3600.800048828125,3601.199951171875,3598.699951171875,3599.699951171875,22760
2025-08-25 08:20:00+00:00,3601.39990234375,3602.5,3600.89990234375,3601.0,7285
2025-08-25 08:25:00+00:00,3600.199951171875,3601.699951171875,3599.10009765625,3601.699951171875,15484
2025-08-25 08:30:00+00:00,3600.89990234375,3601.0,3600.0,3600.10009765625,4629
2025-08-25 08:35:00+00:00,3602.10009765625,3602.89990234375,3600.800048828125,3600.89990234375,4764
2025-08-25 08:40:00+00:00,3601.0,3603.0,3599.10009765625,3602.10009765625,9471
2025-08-25 08:45:00+00:00,3603.39990234375,3605.0,3600.89990234375,3600.89990234375,23539
2025-08-25 08:50:00+00:00,3601.800048828125,3604.199951171875,3600.5,3603.300048828125,7770
2025-08-25 08:55:00+00:00,3602.300048828125,3604.39990234375,3600.699951171875,3600.800048828125,13095
2025-08-25 09:00:00+00:00,3602.699951171875,3604.0,3601.5,3602.800048828125,9469
2025-08-25 09:05:00+00:00,3598.60009765625,3602.5,3594.10009765625,3601.89990234375,26685
2025-08-25 09:10:00+00:00,3600.300048828125,3600.89990234375,3597.10009765625,3597.60009765625,7783
2025-08-25 09:15:00+00:00,3602.89990234375,3603.60009765625,3597.699951171875,3600.39990234375,16962
2025-08-25 09:20:00+00:00,3601.39990234375,3602.699951171875,3599.5,3601.89990234375,8099
2025-08-25 09:25:00+00:00,3601.800048828125,3602.5,3600.0,3601.39990234375,9823
2025-08-25 09:30:00+00:00,3601.800048828125,3602.0,3598.89990234375,3601.800048828125,16625
2025-08-25 09:35:00+00:00,3602.800048828125,3603.5,3600.89990234375,3602.0,18976
2025-08-25 09:40:00+00:00,3602.800048828125,3603.0,3602.0,3602.800048828125,14349
2025-08-25 09:45:00+00:00,3605.199951171875,3605.60009765625,3602.5,3602.89990234375,23788
2025-08-25 09:50:00+00:00,3606.699951171875,3606.699951171875,3603.0,3604.800048828125,16264
2025-08-25 09:55:00+00:00,3603.10009765625,3606.39990234375,3600.10009765625,3606.0,16006
2025-08-26 03:45:00+00:00,3586.800048828125,3597.800048828125,3584.199951171875,3590.0,0
2025-08-26 03:50:00+00:00,3575.60009765625,3588.0,3574.0,3586.5,26623
2025-08-26 03:55:00+00:00,3577.300048828125,3579.60009765625,3574.10009765625,3577.0,20031
2025-08-26 04:00:00+00:00,3576.300048828125,3579.10009765625,3572.199951171875,3577.60009765625,42007
2025-08-26 04:05:00+00:00,3570.300048828125,3578.10009765625,3568.60009765625,3576.5,23388
2025-08-26 04:10:00+00:00,3572.60009765625,3575.0,3569.199951171875,3570.0,5907
2025-08-26 04:15:00+00:00,3570.10009765625,3574.699951171875,3569.300048828125,3572.800048828125,11068
2025-08-26 04:20:00+00:00,3573.5,3574.0,3569.60009765625,3569.60009765625,8933
2025-08-26 04:25:00+00:00,3571.800048828125,3574.0,3571.10009765625,3573.699951171875,10634
2025-08-26 04:30:00+00:00,3570.199951171875,3571.699951171875,3569.60009765625,3571.699951171875,8809
2025-08-26 04:35:00+00:00,3571.699951171875,3574.0,3570.199951171875,3570.199951171875,7794
2025-08-26 04:40:00+00:00,3573.60009765625,3577.0,3571.39990234375,3572.39990234375,9045
2025-08-26 04:45:00+00:00,3572.199951171875,3574.800048828125,3570.699951171875,3573.199951171875,12514
2025-08-26 04:50:00+00:00,3573.699951171875,3574.699951171875,3571.0,3572.10009765625,8718
2025-08-26 04:55:00+00:00,3576.5,3576.5,3572.5,3573.699951171875,7651
2025-08-26 05:00:00+00:00,3575.10009765625,3578.89990234375,3575.0,3575.699951171875,6600
2025-08-26 05:05:00+00:00,3576.39990234375,3577.0,3575.10009765625,3575.300048828125,3985
2025-08-26 05:10:00+00:00,3576.199951171875,3576.89990234375,3574.39990234375,3576.89990234375,11754
2025-08-26 05:15:00+00:00,3574.10009765625,3576.39990234375,3572.10009765625,3576.39990234375,6758
2025-08-26 05:20:00+00:00,3574.300048828125,3575.800048828125,3573.300048828125,3574.10009765625,4823
2025-08-26 05:25:00+00:00,3576.89990234375,3577.199951171875,3570.10009765625,3574.10009765625,43221
2025-08-26 05:30:00+00:00,3576.10009765625,3578.199951171875,3574.89990234375,3577.0,8230
2025-08-26 05:35:00+00:00,3576.300048828125,3577.0,3576.0,3576.10009765625,4306
2025-08-26 05:40:00+00:00,3575.39990234375,3576.300048828125,3575.0,3576.199951171875,4294
2025-08-26 05:45:00+00:00,3575.10009765625,3575.800048828125,3574.800048828125,3575.39990234375,4321
2025-08-26 05:50:00+00:00,3576.800048828125,3577.5,3575.199951171875,3575.199951171875,6444
2025-08-26 05:55:00+00:00,3576.0,3577.5,3575.89990234375,3576.5,4491
2025-08-26 06:00:00+00:00,3576.199951171875,3577.5,3575.199951171875,3575.5,4143
2025-08-26 06:05:00+00:00,3576.10009765625,3579.39990234375,3576.0,3576.199951171875,14003
2025-08-26 06:10:00+00:00,3577.699951171875,3578.0,3576.0,3576.300048828125,7247
2025-08-26 06:15:00+00:00,3578.60009765625,3579.60009765625,3577.0,3577.60009765625,9697
2025-08-26 06:20:00+00:00,3578.39990234375,3579.199951171875,3578.300048828125,3578.699951171875,9644
2025-08-26 06:25:00+00:00,3577.0,3578.60009765625,3577.0,3578.39990234375,5367
2025-08-26 06:30:00+00:00,3574.10009765625,3577.89990234375,3573.0,3577.10009765625,8136
2025-08-26 06:35:00+00:00,3574.699951171875,3578.10009765625,3574.10009765625,3574.10009765625,9539
2025-08-26 06:40:00+00:00,3575.0,3575.5,3573.10009765625,3574.89990234375,5120
2025-08-26 06:45:00+00:00,3576.800048828125,3577.5,3574.199951171875,3575.0,10208
2025-08-26 06:50:00+00:00,3575.699951171875,3578.0,3575.10009765625,3576.60009765625,4767
2025-08-26 06:55:00+00:00,3575.0,3575.699951171875,3575.0,3575.5,4703
2025-08-26 07:00:00+00:00,3573.10009765625,3575.60009765625,3572.60009765625,3575.10009765625,7312
2025-08-26 07:05:00+00:00,3571.199951171875,3573.5,3571.10009765625,3573.10009765625,6988
2025-08-26 07:10:00+00:00,3573.60009765625,3573.699951171875,3570.699951171875,3571.199951171875,26315
2025-08-26 07:15:00+00:00,3572.60009765625,3574.0,3571.10009765625,3573.699951171875,12637
2025-08-26 07:20:00+00:00,3574.10009765625,3574.60009765625,3572.199951171875,3572.60009765625,6823
2025-08-26 07:25:00+00:00,3575.0,3575.89990234375,3574.10009765625,3574.39990234375,3842
2025-08-26 07:30:00+00:00,3574.0,3575.60009765625,3572.89990234375,3575.0,9946
2025-08-26 07:35:00+00:00,3574.199951171875,3576.199951171875,3571.89990234375,3574.39990234375,19895
2025-08-26 07:40:00+00:00,3575.0,3577.199951171875,3573.300048828125,3574.199951171875,19858
2025-08-26 07:45:00+00:00,3573.300048828125,3575.199951171875,3571.699951171875,3575.0,7960
2025-08-26 07:50:00+00:00,3573.5,3575.199951171875,3572.199951171875,3573.5,16541
2025-08-26 07:55:00+00:00,3573.5,3576.699951171875,3573.0,3573.5,15689
2025-08-26 08:00:00+00:00,3573.5,3573.699951171875,3572.39990234375,3573.0,6234
2025-08-26 08:05:00+00:00,3574.199951171875,3574.199951171875,3571.5,3573.10009765625,23060
2025-08-26 08:10:00+00:00,3573.199951171875,3574.699951171875,3572.0,3573.800048828125,11907
2025-08-26 08:15:00+00:00,3575.10009765625,3577.300048828125,3572.5,3573.199951171875,31035
2025-08-26 08:20:00+00:00,3572.300048828125,3575.10009765625,3572.0,3575.10009765625,10145
2025-08-26 08:25:00+00:00,3574.300048828125,3574.60009765625,3572.0,3572.10009765625,6379
2025-08-26 08:30:00+00:00,3572.10009765625,3574.199951171875,3572.0,3573.5,7774
2025-08-26 08:35:00+00:00,3570.60009765625,3573.300048828125,3570.5,3572.39990234375,8105
2025-08-26 08:40:00+00:00,3568.10009765625,3570.89990234375,3567.89990234375,3570.89990234375,27636
2025-08-26 08:45:00+00:00,3560.800048828125,3568.300048828125,3560.0,3567.89990234375,25272
2025-08-26 08:50:00+00:00,3561.0,3563.199951171875,3560.0,3560.800048828125,12317
2025-08-26 08:55:00+00:00,3567.60009765625,3567.800048828125,3557.699951171875,3561.0,56103
2025-08-26 09:00:00+00:00,3567.199951171875,3569.199951171875,3564.800048828125,3566.800048828125,33787
2025-08-26 09:05:00+00:00,3568.800048828125,3569.199951171875,3566.60009765625,3567.39990234375,18313
2025-08-26 09:10:00+00:00,3562.800048828125,3568.199951171875,3562.5,3568.199951171875,20302
2025-08-26 09:15:00+00:00,3560.60009765625,3565.60009765625,3560.300048828125,3562.800048828125,33409
2025-08-26 09:20:00+00:00,3557.699951171875,3561.60009765625,3556.5,3560.39990234375,34223
2025-08-26 09:25:00+00:00,3557.699951171875,3559.800048828125,3555.89990234375,3557.60009765625,20901
2025-08-26 09:30:00+00:00,3541.699951171875,3557.699951171875,3540.0,3557.699951171875,126155
2025-08-26 09:35:00+00:00,3540.5,3545.800048828125,3536.800048828125,3541.699951171875,170853
2025-08-26 09:40:00+00:00,3533.699951171875,3543.89990234375,3531.199951171875,3539.89990234375,144145
2025-08-26 09:45:00+00:00,3535.0,3541.60009765625,3533.699951171875,3533.699951171875,137404
2025-08-26 09:50:00+00:00,3545.60009765625,3547.10009765625,3535.0,3535.0,161200
2025-08-26 09:55:00+00:00,3550.0,3551.0,3541.199951171875,3546.0,73421
2025-08-28 03:45:00+00:00,3549.60009765625,3552.60009765625,3539.0,3540.89990234375,0
2025-08-28 03:50:00+00:00,3540.5,3550.89990234375,3538.89990234375,3550.0,12110
2025-08-28 03:55:00+00:00,3542.300048828125,3543.699951171875,3538.5,3539.60009765625,13710
2025-08-28 04:00:00+00:00,3543.10009765625,3549.0,3540.800048828125,3541.800048828125,15078
2025-08-28 04:05:00+00:00,3553.89990234375,3555.0,3542.199951171875,3543.0,9141
2025-08-28 04:10:00+00:00,3558.89990234375,3562.5,3554.199951171875,3554.800048828125,22493
2025-08-28 04:15:00+00:00,3557.0,3564.0,3555.10009765625,3559.39990234375,19490
2025-08-28 04:20:00+00:00,3558.800048828125,3561.5,3556.699951171875,3556.699951171875,7456
2025-08-28 04:25:00+00:00,3564.89990234375,3564.89990234375,3556.699951171875,3558.699951171875,10234
2025-08-28 04:30:00+00:00,3565.800048828125,3568.0,3564.10009765625,3564.800048828125,15475
2025-08-28 04:35:00+00:00,3563.300048828125,3566.699951171875,3561.699951171875,3566.0,8167
2025-08-28 04:40:00+00:00,3565.300048828125,3567.10009765625,3562.10009765625,3562.10009765625,5914
2025-08-28 04:45:00+00:00,3564.0,3566.5,3563.5,3566.300048828125,6551
2025-08-28 04:50:00+00:00,3562.89990234375,3564.0,3559.89990234375,3564.0,10672
2025-08-28 04:55:00+00:00,3566.0,3566.10009765625,3562.0,3562.89990234375,15923
2025-08-28 05:00:00+00:00,3571.89990234375,3573.10009765625,3565.300048828125,3565.89990234375,20956
2025-08-28 05:05:00+00:00,3569.199951171875,3574.800048828125,3569.10009765625,3573.0,11254
2025-08-28 05:10:00+00:00,3567.39990234375,3570.60009765625,3567.0,3569.199951171875,7509
2025-08-28 05:15:00+00:00,3570.10009765625,3571.60009765625,3566.39990234375,3567.39990234375,6871
2025-08-28 05:20:00+00:00,3566.89990234375,3570.89990234375,3566.0,3569.5,10438
2025-08-28 05:25:00+00:00,3573.699951171875,3574.199951171875,3566.0,3566.89990234375,6929
2025-08-28 05:30:00+00:00,3572.89990234375,3575.0,3572.0,3574.0,5704
2025-08-28 05:35:00+00:00,3571.0,3576.89990234375,3570.10009765625,3572.89990234375,10748
2025-08-28 05:40:00+00:00,3570.0,3571.0,3568.699951171875,3570.10009765625,6857
2025-08-28 05:45:00+00:00,3571.5,3571.89990234375,3568.10009765625,3570.10009765625,7316
2025-08-28 05:50:00+00:00,3573.800048828125,3576.699951171875,3570.89990234375,3570.89990234375,7578
2025-08-28 05:55:00+00:00,3571.5,3573.39990234375,3571.300048828125,3573.300048828125,5093
2025-08-28 06:00:00+00:00,3572.0,3572.39990234375,3568.89990234375,3571.300048828125,9811
2025-08-28 06:05:00+00:00,3571.89990234375,3573.800048828125,3570.699951171875,3572.0,5245
2025-08-28 06:10:00+00:00,3571.10009765625,3573.10009765625,3570.10009765625,3571.89990234375,6093
2025-08-28 06:15:00+00:00,3570.699951171875,3572.300048828125,3570.10009765625,3570.89990234375,5544
2025-08-28 06:20:00+00:00,3571.699951171875,3572.39990234375,3570.199951171875,3570.199951171875,6034
2025-08-28 06:25:00+00:00,3569.39990234375,3571.5,3568.699951171875,3571.5,10890
2025-08-28 06:30:00+00:00,3571.300048828125,3571.39990234375,3568.300048828125,3568.300048828125,10668
2025-08-28 06:35:00+00:00,3570.10009765625,3571.60009765625,3569.10009765625,3570.89990234375,10545
2025-08-28 06:40:00+00:00,3571.10009765625,3571.699951171875,3570.0,3570.10009765625,6551
2025-08-28 06:45:00+00:00,3567.699951171875,3571.5,3567.60009765625,3571.10009765625,8508
2025-08-28 06:50:00+00:00,3558.800048828125,3569.10009765625,3558.60009765625,3567.699951171875,17326
2025-08-28 06:55:00+00:00,3557.800048828125,3561.0,3557.39990234375,3559.199951171875,6788
2025-08-28 07:00:00+00:00,3559.89990234375,3561.39990234375,3557.39990234375,3558.0,10158
2025-08-28 07:05:00+00:00,3561.199951171875,3561.89990234375,3559.199951171875,3560.300048828125,8568
2025-08-28 07:10:00+00:00,3558.39990234375,3562.89990234375,3558.39990234375,3561.699951171875,11991
2025-08-28 07:15:00+00:00,3555.300048828125,3559.5,3554.199951171875,3558.39990234375,10515
2025-08-28 07:20:00+00:00,3555.0,3557.0,3553.39990234375,3555.39990234375,8831
2025-08-28 07:25:00+00:00,3552.800048828125,3555.300048828125,3551.60009765625,3555.0,11190
2025-08-28 07:30:00+00:00,3554.199951171875,3554.199951171875,3551.10009765625,3553.0,7486
2025-08-28 07:35:00+00:00,3550.0,3554.199951171875,3548.60009765625,3554.0,15916
2025-08-28 07:40:00+00:00,3551.199951171875,3552.5,3549.300048828125,3550.0,10065
2025-08-28 07:45:00+00:00,3552.0,3552.0,3549.60009765625,3551.199951171875,8980
2025-08-28 07:50:00+00:00,3551.0,3552.0,3550.10009765625,3552.0,7740
2025-08-28 07:55:00+00:00,3548.89990234375,3552.0,3548.199951171875,3550.5,8960
2025-08-28 08:00:00+00:00,3548.10009765625,3549.60009765625,3547.300048828125,3548.89990234375,14370
2025-08-28 08:05:00+00:00,3548.39990234375,3549.0,3546.10009765625,3548.10009765625,8670
2025-08-28 08:10:00+00:00,3552.199951171875,3552.199951171875,3548.39990234375,3549.0,6758
2025-08-28 08:15:00+00:00,3552.0,3554.199951171875,3550.5,3552.300048828125,12081
2025-08-28 08:20:00+00:00,3552.699951171875,3553.699951171875,3551.39990234375,3551.89990234375,8176
2025-08-28 08:25:00+00:00,3552.0,3552.89990234375,3550.5,3552.699951171875,7524
2025-08-28 08:30:00+00:00,3553.60009765625,3555.0,3551.60009765625,3551.60009765625,8197
2025-08-28 08:35:00+00:00,3556.0,3556.300048828125,3553.199951171875,3553.800048828125,5736
2025-08-28 08:40:00+00:00,3564.39990234375,3564.89990234375,3555.5,3555.5,35493
2025-08-28 08:45:00+00:00,3563.5,3563.5,3559.199951171875,3562.89990234375,23065
2025-08-28 08:50:00+00:00,3568.5,3568.60009765625,3563.10009765625,3563.5,12492
2025-08-28 08:55:00+00:00,3563.39990234375,3569.60009765625,3556.10009765625,3568.5,63246
2025-08-28 09:00:00+00:00,3556.300048828125,3563.89990234375,3556.199951171875,3563.5,14220
2025-08-28 09:05:00+00:00,3560.89990234375,3562.39990234375,3556.300048828125,3556.300048828125,41610
2025-08-28 09:10:00+00:00,3562.300048828125,3565.800048828125,3559.800048828125,3559.800048828125,45099
2025-08-28 09:15:00+00:00,3555.699951171875,3563.5,3552.199951171875,3563.5,85120
2025-08-28 09:20:00+00:00,3566.199951171875,3567.39990234375,3554.89990234375,3555.699951171875,103489
2025-08-28 09:25:00+00:00,3563.89990234375,3566.199951171875,3559.10009765625,3566.199951171875,61732
2025-08-28 09:30:00+00:00,3560.699951171875,3568.10009765625,3557.199951171875,3563.89990234375,155538
2025-08-28 09:35:00+00:00,3561.89990234375,3567.60009765625,3559.800048828125,3560.39990234375,116980
2025-08-28 09:40:00+00:00,3556.89990234375,3562.199951171875,3552.300048828125,3562.10009765625,146710
2025-08-28 09:45:00+00:00,3548.800048828125,3557.39990234375,3548.800048828125,3557.300048828125,60231
2025-08-28 09:50:00+00:00,3561.699951171875,3563.199951171875,3548.800048828125,3548.800048828125,68381
2025-08-28 09:55:00+00:00,3565.0,3565.89990234375,3561.39990234375,3561.39990234375,35438
2025-08-29 03:45:00+00:00,3542.5,3567.89990234375,3541.699951171875,3562.0,0
2025-08-29 03:50:00+00:00,3556.39990234375,3558.0,3540.199951171875,3542.5,42428
2025-08-29 03:55:00+00:00,3555.699951171875,3558.5,3554.800048828125,3554.800048828125,39144
2025-08-29 04:00:00+00:00,3560.0,3562.300048828125,3553.39990234375,3555.5,55655
2025-08-29 04:05:00+00:00,3563.0,3565.5,3557.0,3560.0,23893
2025-08-29 04:10:00+00:00,3570.10009765625,3570.39990234375,3562.89990234375,3562.89990234375,25260
2025-08-29 04:15:00+00:00,3570.10009765625,3571.699951171875,3569.0,3570.300048828125,23690
2025-08-29 04:20:00+00:00,3573.5,3573.60009765625,3569.89990234375,3570.10009765625,12110
2025-08-29 04:25:00+00:00,3578.60009765625,3579.5,3573.60009765625,3573.60009765625,23215
2025-08-29 04:30:00+00:00,3574.0,3578.800048828125,3570.0,3577.0,28341
2025-08-29 04:35:00+00:00,3573.10009765625,3575.300048828125,3572.60009765625,3574.0,32120
2025-08-29 04:40:00+00:00,3572.10009765625,3575.89990234375,3571.10009765625,3572.89990234375,12896
2025-08-29 04:45:00+00:00,3579.0,3579.0,3570.199951171875,3572.10009765625,17467
2025-08-29 04:50:00+00:00,3581.60009765625,3582.39990234375,3578.0,3579.0,30078
2025-08-29 04:55:00+00:00,3581.199951171875,3582.89990234375,3580.39990234375,3581.300048828125,15106
2025-08-29 05:00:00+00:00,3586.39990234375,3587.89990234375,3578.60009765625,3581.199951171875,24789
2025-08-29 05:05:00+00:00,3590.199951171875,3590.60009765625,3586.39990234375,3586.800048828125,30903
2025-08-29 05:10:00+00:00,3600.0,3600.39990234375,3590.0,3592.0,33828
2025-08-29 05:15:00+00:00,3595.699951171875,3600.10009765625,3595.0,3600.0,27488
2025-08-29 05:20:00+00:00,3600.0,3600.699951171875,3595.0,3595.39990234375,37435
2025-08-29 05:25:00+00:00,3597.10009765625,3601.89990234375,3597.10009765625,3600.0,34149
2025-08-29 05:30:00+00:00,3606.0,3606.0,3596.699951171875,3597.39990234375,18208
2025-08-29 05:35:00+00:00,3605.0,3607.5,3600.199951171875,3605.89990234375,25618
2025-08-29 05:40:00+00:00,3607.60009765625,3609.39990234375,3604.5,3606.0,18262
2025-08-29 05:45:00+00:00,3606.10009765625,3607.60009765625,3605.300048828125,3607.60009765625,19345
2025-08-29 05:50:00+00:00,3604.39990234375,3606.10009765625,3601.60009765625,3606.0,18715
2025-08-29 05:55:00+00:00,3603.10009765625,3604.89990234375,3601.5,3604.300048828125,14693
2025-08-29 06:00:00+00:00,3605.199951171875,3606.10009765625,3601.89990234375,3602.5,17454
2025-08-29 06:05:00+00:00,3608.10009765625,3608.300048828125,3605.0,3605.199951171875,15643
2025-08-29 06:10:00+00:00,3608.0,3608.300048828125,3606.10009765625,3608.0,13623
2025-08-29 06:15:00+00:00,3606.199951171875,3609.300048828125,3601.5,3607.89990234375,15003
2025-08-29 06:20:00+00:00,3605.39990234375,3610.0,3602.300048828125,3606.199951171875,51422
2025-08-29 06:25:00+00:00,3602.5,3608.89990234375,3602.5,3605.0,17443
2025-08-29 06:30:00+00:00,3606.0,3606.199951171875,3601.10009765625,3603.10009765625,9747
2025-08-29 06:35:00+00:00,3609.10009765625,3611.199951171875,3605.5,3606.0,17887
2025-08-29 06:40:00+00:00,3613.0,3613.39990234375,3607.5,3609.300048828125,21444
2025-08-29 06:45:00+00:00,3613.300048828125,3615.0,3611.5,3613.0,26561
2025-08-29 06:50:00+00:00,3607.0,3614.89990234375,3606.0,3613.300048828125,13504
2025-08-29 06:55:00+00:00,3604.800048828125,3607.699951171875,3603.39990234375,3607.39990234375,16357
2025-08-29 07:00:00+00:00,3604.800048828125,3608.0,3603.0,3606.300048828125,14854
2025-08-29 07:05:00+00:00,3609.5,3610.10009765625,3604.699951171875,3604.800048828125,21590
2025-08-29 07:10:00+00:00,3611.800048828125,3613.39990234375,3608.699951171875,3608.699951171875,13486
2025-08-29 07:15:00+00:00,3609.89990234375,3613.39990234375,3608.89990234375,3611.699951171875,15527
2025-08-29 07:20:00+00:00,3608.0,3611.0,3606.39990234375,3609.699951171875,22986
2025-08-29 07:25:00+00:00,3606.0,3610.300048828125,3604.5,3607.89990234375,14121
2025-08-29 07:30:00+00:00,3605.60009765625,3606.5,3603.89990234375,3605.699951171875,14592
2025-08-29 07:35:00+00:00,3602.0,3606.800048828125,3601.699951171875,3605.60009765625,11115
2025-08-29 07:40:00+00:00,3600.60009765625,3603.10009765625,3600.10009765625,3602.0,20612
2025-08-29 07:45:00+00:00,3602.0,3602.0,3598.0,3600.60009765625,8157
2025-08-29 07:50:00+00:00,3604.89990234375,3604.89990234375,3600.300048828125,3602.300048828125,13721
2025-08-29 07:55:00+00:00,3607.0,3607.0,3601.199951171875,3604.89990234375,11001
2025-08-29 08:00:00+00:00,3608.89990234375,3610.0,3606.300048828125,3607.0,14504
2025-08-29 08:05:00+00:00,3612.300048828125,3613.60009765625,3608.800048828125,3608.89990234375,27480
2025-08-29 08:10:00+00:00,3611.89990234375,3613.5,3610.5,3612.0,9888
2025-08-29 08:15:00+00:00,3609.10009765625,3612.89990234375,3609.0,3611.699951171875,8077
2025-08-29 08:20:00+00:00,3604.199951171875,3611.0,3604.199951171875,3609.199951171875,12968
2025-08-29 08:25:00+00:00,3604.5,3605.699951171875,3601.39990234375,3605.699951171875,22888
2025-08-29 08:30:00+00:00,3604.60009765625,3607.0,3603.0,3604.39990234375,9340
2025-08-29 08:35:00+00:00,3606.0,3608.0,3601.39990234375,3604.5,6726
2025-08-29 08:40:00+00:00,3611.60009765625,3612.800048828125,3606.10009765625,3606.199951171875,30192
2025-08-29 08:45:00+00:00,3613.39990234375,3613.5,3610.300048828125,3611.39990234375,10182
2025-08-29 08:50:00+00:00,3607.699951171875,3613.5,3604.89990234375,3613.5,33859
2025-08-29 08:55:00+00:00,3602.199951171875,3609.10009765625,3601.39990234375,3607.699951171875,14691
2025-08-29 09:00:00+00:00,3605.699951171875,3606.89990234375,3599.39990234375,3601.89990234375,18796
2025-08-29 09:05:00+00:00,3612.800048828125,3612.800048828125,3605.0,3605.0,18185
2025-08-29 09:10:00+00:00,3608.699951171875,3612.800048828125,3607.10009765625,3612.800048828125,20220
2025-08-29 09:15:00+00:00,3606.300048828125,3610.0,3605.0,3610.0,14091
2025-08-29 09:20:00+00:00,3604.0,3607.199951171875,3604.0,3605.5,16190
2025-08-29 09:25:00+00:00,3605.800048828125,3607.800048828125,3603.300048828125,3603.699951171875,11809
2025-08-29 09:30:00+00:00,3603.10009765625,3605.5,3600.10009765625,3605.300048828125,35436
2025-08-29 09:35:00+00:00,3599.800048828125,3603.300048828125,3599.60009765625,3603.10009765625,41803
2025-08-29 09:40:00+00:00,3600.10009765625,3601.199951171875,3599.800048828125,3600.0,37521
2025-08-29 09:45:00+00:00,3601.300048828125,3603.800048828125,3600.0,3600.0,39105
2025-08-29 09:50:00+00:00,3600.89990234375,3602.800048828125,3598.60009765625,3601.300048828125,33215
2025-08-29 09:55:00+00:00,3601.0,3607.0,3600.0,3602.10009765625,27237
2025-09-01 03:45:00+00:00,3617.10009765625,3628.0,3604.5,3607.10009765625,0
2025-09-01 03:50:00+00:00,3619.89990234375,3621.60009765625,3609.60009765625,3618.199951171875,15352
2025-09-01 03:55:00+00:00,3615.60009765625,3623.199951171875,3613.0,3619.699951171875,15080
2025-09-01 04:00:00+00:00,3613.10009765625,3619.800048828125,3610.199951171875,3616.39990234375,11599
2025-09-01 04:05:00+00:00,3607.0,3613.60009765625,3605.89990234375,3613.60009765625,6178
2025-09-01 04:10:00+00:00,3603.10009765625,3608.800048828125,3602.300048828125,3607.0,14565
2025-09-01 04:15:00+00:00,3601.699951171875,3605.10009765625,3601.699951171875,3604.0,5075
2025-09-01 04:20:00+00:00,3602.199951171875,3604.300048828125,3601.10009765625,3601.60009765625,6148
2025-09-01 04:25:00+00:00,3599.39990234375,3603.199951171875,3597.10009765625,3602.60009765625,7833
2025-09-01 04:30:00+00:00,3597.5,3599.39990234375,3595.0,3599.39990234375,7948
2025-09-01 04:35:00+00:00,3593.0,3597.5,3591.199951171875,3597.5,6366
2025-09-01 04:40:00+00:00,3589.0,3594.800048828125,3588.0,3592.60009765625,6732
2025-09-01 04:45:00+00:00,3583.199951171875,3589.699951171875,3583.199951171875,3589.699951171875,9874
2025-09-01 04:50:00+00:00,3586.0,3587.10009765625,3581.89990234375,3582.300048828125,10773
2025-09-01 04:55:00+00:00,3587.60009765625,3588.89990234375,3585.0,3585.89990234375,4412
2025-09-01 05:00:00+00:00,3589.0,3590.0,3585.0,3588.89990234375,5827
2025-09-01 05:05:00+00:00,3590.0,3591.800048828125,3588.89990234375,3588.89990234375,10035
2025-09-01 05:10:00+00:00,3590.39990234375,3593.0,3590.0,3590.0,6233
2025-09-01 05:15:00+00:00,3593.0,3596.0,3590.60009765625,3590.60009765625,13539
2025-09-01 05:20:00+00:00,3590.10009765625,3596.39990234375,3589.300048828125,3593.0,6953
2025-09-01 05:25:00+00:00,3595.0,3595.89990234375,3590.0,3590.0,3891
2025-09-01 05:30:00+00:00,3591.800048828125,3596.0,3591.0,3594.0,3897
2025-09-01 05:35:00+00:00,3591.10009765625,3592.199951171875,3590.699951171875,3591.800048828125,10671
2025-09-01 05:40:00+00:00,3592.39990234375,3592.699951171875,3591.0,3591.10009765625,16575
2025-09-01 05:45:00+00:00,3591.0,3593.300048828125,3591.0,3591.0,24053
2025-09-01 05:50:00+00:00,3591.800048828125,3592.10009765625,3591.0,3591.10009765625,5408
2025-09-01 05:55:00+00:00,3591.199951171875,3592.0,3591.0,3591.5,6022
2025-09-01 06:00:00+00:00,3592.0,3592.0,3590.0,3591.0,7219
2025-09-01 06:05:00+00:00,3598.89990234375,3599.0,3592.10009765625,3592.10009765625,16676
2025-09-01 06:10:00+00:00,3599.10009765625,3600.199951171875,3597.0,3598.89990234375,13937
2025-09-01 06:15:00+00:00,3593.0,3602.0,3593.0,3599.10009765625,19980
2025-09-01 06:20:00+00:00,3597.199951171875,3599.60009765625,3591.60009765625,3593.10009765625,11605
2025-09-01 06:25:00+00:00,3593.60009765625,3597.300048828125,3593.5,3597.199951171875,8714
2025-09-01 06:30:00+00:00,3595.89990234375,3596.199951171875,3592.5,3593.60009765625,5636
2025-09-01 06:35:00+00:00,3594.800048828125,3597.300048828125,3594.0,3595.89990234375,8397
2025-09-01 06:40:00+00:00,3598.199951171875,3599.5,3592.5,3594.89990234375,17720
2025-09-01 06:45:00+00:00,3598.60009765625,3601.60009765625,3595.800048828125,3597.5,28054
2025-09-01 06:50:00+00:00,3592.0,3598.89990234375,3591.199951171875,3598.800048828125,23595
2025-09-01 06:55:00+00:00,3593.39990234375,3595.0,3592.5,3592.800048828125,7787
2025-09-01 07:00:00+00:00,3592.89990234375,3594.300048828125,3592.5,3593.89990234375,6207
2025-09-01 07:05:00+00:00,3591.89990234375,3593.5,3588.199951171875,3593.10009765625,32110
2025-09-01 07:10:00+00:00,3588.0,3591.89990234375,3587.0,3590.60009765625,22758
2025-09-01 07:15:00+00:00,3589.89990234375,3590.10009765625,3587.39990234375,3588.699951171875,3901
2025-09-01 07:20:00+00:00,3590.300048828125,3593.39990234375,3586.0,3589.89990234375,40188
2025-09-01 07:25:00+00:00,3589.800048828125,3590.0,3584.0,3590.0,26450
2025-09-01 07:30:00+00:00,3589.89990234375,3591.699951171875,3587.5,3590.10009765625,13988
2025-09-01 07:35:00+00:00,3597.60009765625,3598.0,3589.89990234375,3591.0,24099
2025-09-01 07:40:00+00:00,3603.699951171875,3603.89990234375,3597.199951171875,3597.60009765625,17118
2025-09-01 07:45:00+00:00,3601.89990234375,3604.89990234375,3600.0,3603.699951171875,20493
2025-09-01 07:50:00+00:00,3602.60009765625,3604.5,3601.89990234375,3602.0,5562
2025-09-01 07:55:00+00:00,3603.0,3603.699951171875,3600.0,3602.39990234375,19849
2025-09-01 08:00:00+00:00,3604.199951171875,3605.0,3602.5,3603.0,5008
2025-09-01 08:05:00+00:00,3606.0,3607.800048828125,3603.800048828125,3604.300048828125,12985
2025-09-01 08:10:00+00:00,3603.5,3606.39990234375,3601.800048828125,3604.60009765625,12032
2025-09-01 08:15:00+00:00,3602.39990234375,3604.199951171875,3601.10009765625,3603.5,3956
2025-09-01 08:20:00+00:00,3603.199951171875,3605.5,3600.800048828125,3602.39990234375,9467
2025-09-01 08:25:00+00:00,3605.39990234375,3605.39990234375,3602.699951171875,3603.199951171875,3902
2025-09-01 08:30:00+00:00,3604.89990234375,3605.5,3603.300048828125,3605.39990234375,5451
2025-09-01 08:35:00+00:00,3607.89990234375,3608.0,3603.199951171875,3605.199951171875,7930
2025-09-01 08:40:00+00:00,3607.10009765625,3608.39990234375,3605.0,3608.0,6983
2025-09-01 08:45:00+00:00,3607.89990234375,3608.0,3605.0,3608.0,5909
2025-09-01 08:50:00+00:00,3606.60009765625,3609.89990234375,3606.0,3608.0,15548
2025-09-01 08:55:00+00:00,3603.5,3607.0,3602.60009765625,3607.0,8008
2025-09-01 09:00:00+00:00,3604.89990234375,3606.0,3602.5,3603.5,10239
2025-09-01 09:05:00+00:00,3608.699951171875,3609.0,3604.10009765625,3605.0,9417
2025-09-01 09:10:00+00:00,3607.699951171875,3608.89990234375,3605.5,3608.89990234375,13279
2025-09-01 09:15:00+00:00,3609.89990234375,3609.89990234375,3607.39990234375,3608.0,11941
2025-09-01 09:20:00+00:00,3606.0,3609.5,3605.60009765625,3609.10009765625,13798
2025-09-01 09:25:00+00:00,3607.60009765625,3609.0,3605.39990234375,3607.0,8846
2025-09-01 09:30:00+00:00,3603.60009765625,3607.60009765625,3601.800048828125,3607.60009765625,14501
2025-09-01 09:35:00+00:00,3603.10009765625,3604.800048828125,3601.300048828125,3603.60009765625,16519
2025-09-01 09:40:00+00:00,3600.10009765625,3603.89990234375,3598.5,3603.89990234375,76255
2025-09-01 09:45:00+00:00,3598.0,3600.89990234375,3597.10009765625,3600.699951171875,67821
2025-09-01 09:50:00+00:00,3595.0,3598.300048828125,3594.800048828125,3598.0,31269
2025-09-01 09:55:00+00:00,3598.39990234375,3598.39990234375,3590.0,3595.0,55245
2025-09-02 03:45:00+00:00,3600.0,3610.39990234375,3598.39990234375,3598.39990234375,0
2025-09-02 03:50:00+00:00,3594.39990234375,3600.199951171875,3590.199951171875,3600.0,15796
2025-09-02 03:55:00+00:00,3592.0,3595.0,3588.60009765625,3594.800048828125,22882
2025-09-02 04:00:00+00:00,3594.800048828125,3596.0,3592.0,3593.800048828125,4531
2025-09-02 04:05:00+00:00,3596.800048828125,3600.0,3593.800048828125,3594.10009765625,7780
2025-09-02 04:10:00+00:00,3595.300048828125,3597.699951171875,3595.0,3596.0,5301
2025-09-02 04:15:00+00:00,3597.5,3598.0,3594.89990234375,3595.10009765625,2662
2025-09-02 04:20:00+00:00,3602.800048828125,3605.10009765625,3597.300048828125,3597.800048828125,6204
2025-09-02 04:25:00+00:00,3606.199951171875,3609.0,3601.10009765625,3602.199951171875,13138
2025-09-02 04:30:00+00:00,3610.0,3610.0,3604.0,3606.39990234375,6383
2025-09-02 04:35:00+00:00,3606.60009765625,3610.89990234375,3606.60009765625,3610.10009765625,9316
2025-09-02 04:40:00+00:00,3608.89990234375,3608.89990234375,3602.800048828125,3606.39990234375,11942
2025-09-02 04:45:00+00:00,3610.89990234375,3611.699951171875,3607.0,3608.89990234375,7828
2025-09-02 04:50:00+00:00,3610.89990234375,3612.10009765625,3609.39990234375,3611.699951171875,6349
2025-09-02 04:55:00+00:00,3613.0,3613.5,3610.60009765625,3610.60009765625,7736
2025-09-02 05:00:00+00:00,3608.89990234375,3614.0,3607.800048828125,3613.5,5864
2025-09-02 05:05:00+00:00,3606.199951171875,3609.5,3606.199951171875,3608.60009765625,4952
2025-09-02 05:10:00+00:00,3613.199951171875,3613.60009765625,3606.199951171875,3606.199951171875,8682
2025-09-02 05:15:00+00:00,3612.5,3613.60009765625,3612.300048828125,3613.300048828125,5033
2025-09-02 05:20:00+00:00,3613.800048828125,3613.800048828125,3610.5,3612.699951171875,5436
2025-09-02 05:25:00+00:00,3609.39990234375,3614.60009765625,3608.699951171875,3613.800048828125,7480
2025-09-02 05:30:00+00:00,3608.300048828125,3612.300048828125,3607.300048828125,3609.199951171875,8472
2025-09-02 05:35:00+00:00,3610.10009765625,3611.0,3607.5,3607.800048828125,9400
2025-09-02 05:40:00+00:00,3606.89990234375,3613.10009765625,3603.89990234375,3610.60009765625,43867
2025-09-02 05:45:00+00:00,3606.800048828125,3607.0,3603.5,3605.5,6120
2025-09-02 05:50:00+00:00,3609.300048828125,3610.0,3604.39990234375,3606.699951171875,15577
2025-09-02 05:55:00+00:00,3609.5,3611.39990234375,3608.5,3609.699951171875,19387
2025-09-02 06:00:00+00:00,3618.39990234375,3618.39990234375,3609.5,3609.5,17012
2025-09-02 06:05:00+00:00,3615.5,3619.89990234375,3613.10009765625,3618.60009765625,14675
2025-09-02 06:10:00+00:00,3615.5,3615.800048828125,3614.0,3615.800048828125,3507
2025-09-02 06:15:00+00:00,3615.0,3615.10009765625,3612.699951171875,3615.10009765625,3625
2025-09-02 06:20:00+00:00,3613.5,3615.800048828125,3612.10009765625,3615.0,5182
2025-09-02 06:25:00+00:00,3608.0,3614.800048828125,3605.60009765625,3613.5,10218
2025-09-02 06:30:00+00:00,3609.60009765625,3610.0,3607.0,3609.10009765625,14454
2025-09-02 06:35:00+00:00,3607.10009765625,3610.0,3605.300048828125,3610.0,4168
2025-09-02 06:40:00+00:00,3607.39990234375,3608.199951171875,3604.39990234375,3607.300048828125,5705
2025-09-02 06:45:00+00:00,3605.60009765625,3607.300048828125,3604.300048828125,3607.300048828125,4445
2025-09-02 06:50:00+00:00,3604.0,3605.800048828125,3602.39990234375,3605.800048828125,4484
2025-09-02 06:55:00+00:00,3607.89990234375,3608.0,3603.0,3603.0,14517
2025-09-02 07:00:00+00:00,3611.199951171875,3612.60009765625,3607.300048828125,3607.39990234375,10747
2025-09-02 07:05:00+00:00,3612.89990234375,3615.39990234375,3610.699951171875,3610.699951171875,20128
2025-09-02 07:10:00+00:00,3607.10009765625,3614.5,3606.5,3612.39990234375,16153
2025-09-02 07:15:00+00:00,3606.5,3610.0,3604.89990234375,3607.300048828125,16247
2025-09-02 07:20:00+00:00,3606.5,3608.199951171875,3605.199951171875,3606.39990234375,9407
2025-09-02 07:25:00+00:00,3608.699951171875,3609.199951171875,3605.5,3606.5,3319
2025-09-02 07:30:00+00:00,3610.0,3610.300048828125,3606.89990234375,3607.60009765625,8954
2025-09-02 07:35:00+00:00,3608.199951171875,3610.0,3607.89990234375,3610.0,2999
2025-09-02 07:40:00+00:00,3604.800048828125,3609.39990234375,3603.800048828125,3608.199951171875,13780
2025-09-02 07:45:00+00:00,3602.0,3605.0,3600.60009765625,3604.800048828125,10827
2025-09-02 07:50:00+00:00,3598.199951171875,3602.0,3597.5,3601.199951171875,19941
2025-09-02 07:55:00+00:00,3598.0,3600.5,3596.0,3598.300048828125,9644
2025-09-02 08:00:00+00:00,3600.0,3600.89990234375,3596.89990234375,3598.10009765625,6476
2025-09-02 08:05:00+00:00,3604.300048828125,3604.300048828125,3595.10009765625,3600.0,23998
2025-09-02 08:10:00+00:00,3594.39990234375,3604.199951171875,3593.0,3604.10009765625,21164
2025-09-02 08:15:00+00:00,3591.300048828125,3594.60009765625,3590.199951171875,3594.39990234375,14841
2025-09-02 08:20:00+00:00,3583.39990234375,3591.60009765625,3583.0,3591.5,15794
2025-09-02 08:25:00+00:00,3576.10009765625,3583.300048828125,3575.10009765625,3583.300048828125,15632
2025-09-02 08:30:00+00:00,3567.89990234375,3578.5,3566.60009765625,3577.300048828125,44931
2025-09-02 08:35:00+00:00,3568.800048828125,3570.0,3565.0,3569.0,23717
2025-09-02 08:40:00+00:00,3566.0,3570.0,3564.5,3567.699951171875,39562
2025-09-02 08:45:00+00:00,3567.0,3568.0,3563.300048828125,3566.0,14257
2025-09-02 08:50:00+00:00,3561.10009765625,3571.0,3561.10009765625,3567.199951171875,43010
2025-09-02 08:55:00+00:00,3567.199951171875,3567.199951171875,3560.199951171875,3561.60009765625,49923
2025-09-02 09:00:00+00:00,3568.699951171875,3570.300048828125,3563.10009765625,3566.5,50978
2025-09-02 09:05:00+00:00,3570.89990234375,3575.89990234375,3566.5,3568.699951171875,33206
2025-09-02 09:10:00+00:00,3573.89990234375,3576.0,3569.199951171875,3570.89990234375,22448
2025-09-02 09:15:00+00:00,3571.39990234375,3577.800048828125,3571.0,3574.0,19645
2025-09-02 09:20:00+00:00,3564.89990234375,3573.800048828125,3564.89990234375,3572.699951171875,29706
2025-09-02 09:25:00+00:00,3568.39990234375,3571.699951171875,3564.10009765625,3565.0,13745
2025-09-02 09:30:00+00:00,3568.5,3572.10009765625,3567.89990234375,3568.60009765625,30110
2025-09-02 09:35:00+00:00,3575.699951171875,3576.5,3567.60009765625,3569.199951171875,26500
2025-09-02 09:40:00+00:00,3577.10009765625,3581.300048828125,3574.10009765625,3575.800048828125,50896
2025-09-02 09:45:00+00:00,3577.5,3581.89990234375,3573.89990234375,3577.10009765625,57270
2025-09-02 09:50:00+00:00,3573.10009765625,3578.199951171875,3569.89990234375,3577.5,32604
2025-09-02 09:55:00+00:00,3572.800048828125,3576.0,3569.89990234375,3573.89990234375,14264
2025-09-03 03:45:00+00:00,3566.199951171875,3587.699951171875,3565.199951171875,3581.39990234375,53429
2025-09-03 03:50:00+00:00,3564.10009765625,3567.0,3560.89990234375,3567.0,18259
2025-09-03 03:55:00+00:00,3568.89990234375,3568.89990234375,3562.199951171875,3562.199951171875,12736
2025-09-03 04:00:00+00:00,3568.10009765625,3569.0,3565.0,3569.0,20195
2025-09-03 04:05:00+00:00,3572.199951171875,3580.60009765625,3568.699951171875,3569.300048828125,17889
2025-09-03 04:10:00+00:00,3574.199951171875,3574.800048828125,3570.699951171875,3572.39990234375,7891
2025-09-03 04:15:00+00:00,3578.39990234375,3581.5,3573.0,3574.199951171875,9325
2025-09-03 04:20:00+00:00,3584.60009765625,3584.60009765625,3578.5,3580.0,6795
2025-09-03 04:25:00+00:00,3584.10009765625,3585.0,3580.89990234375,3584.0,19139
2025-09-03 04:30:00+00:00,3585.0,3585.5,3582.800048828125,3584.10009765625,14683
2025-09-03 04:35:00+00:00,3583.800048828125,3585.5,3581.39990234375,3584.60009765625,20629
2025-09-03 04:40:00+00:00,3583.5,3585.10009765625,3578.60009765625,3583.800048828125,20226
2025-09-03 04:45:00+00:00,3580.60009765625,3584.39990234375,3580.5,3583.10009765625,11902
2025-09-03 04:50:00+00:00,3582.10009765625,3584.0,3579.800048828125,3581.0,8929
2025-09-03 04:55:00+00:00,3582.0,3583.89990234375,3582.0,3582.0,8024
2025-09-03 05:00:00+00:00,3584.39990234375,3584.89990234375,3580.89990234375,3582.0,6703
2025-09-03 05:05:00+00:00,3583.0,3584.39990234375,3581.89990234375,3584.39990234375,10034
2025-09-03 05:10:00+00:00,3584.0,3584.199951171875,3582.60009765625,3582.699951171875,4977
2025-09-03 05:15:00+00:00,3584.39990234375,3584.89990234375,3583.0,3583.0,11075
2025-09-03 05:20:00+00:00,3583.0,3585.0,3579.699951171875,3584.199951171875,11160
2025-09-03 05:25:00+00:00,3583.300048828125,3584.699951171875,3582.199951171875,3583.0,7380
2025-09-03 05:30:00+00:00,3584.10009765625,3584.699951171875,3577.5,3583.300048828125,38957
2025-09-03 05:35:00+00:00,3582.800048828125,3584.199951171875,3580.0,3584.10009765625,49935
2025-09-03 05:40:00+00:00,3576.39990234375,3584.60009765625,3574.199951171875,3582.0,18352
2025-09-03 05:45:00+00:00,3581.699951171875,3581.699951171875,3573.800048828125,3575.10009765625,16993
2025-09-03 05:50:00+00:00,3571.699951171875,3584.199951171875,3571.60009765625,3581.800048828125,20642
2025-09-03 05:55:00+00:00,3573.0,3576.10009765625,3570.300048828125,3571.699951171875,29749
2025-09-03 06:00:00+00:00,3573.800048828125,3574.5,3570.10009765625,3573.10009765625,9348
2025-09-03 06:05:00+00:00,3576.39990234375,3576.89990234375,3572.10009765625,3572.699951171875,7757
2025-09-03 06:10:00+00:00,3574.89990234375,3576.89990234375,3573.5,3576.39990234375,9803
2025-09-03 06:15:00+00:00,3574.60009765625,3575.39990234375,3573.300048828125,3574.199951171875,4194
2025-09-03 06:20:00+00:00,3573.39990234375,3574.699951171875,3571.60009765625,3574.699951171875,3784
2025-09-03 06:25:00+00:00,3574.0,3574.60009765625,3573.39990234375,3573.89990234375,3060
2025-09-03 06:30:00+00:00,3574.0,3574.0,3571.5,3574.0,7570
2025-09-03 06:35:00+00:00,3571.89990234375,3574.39990234375,3570.60009765625,3574.0,10997
2025-09-03 06:40:00+00:00,3577.39990234375,3578.60009765625,3570.60009765625,3571.89990234375,13408
2025-09-03 06:45:00+00:00,3572.699951171875,3577.800048828125,3572.0,3577.300048828125,12785
2025-09-03 06:50:00+00:00,3574.0,3574.0,3571.199951171875,3572.89990234375,7172
2025-09-03 06:55:00+00:00,3574.0,3574.0,3573.0,3573.800048828125,5713
2025-09-03 07:00:00+00:00,3573.0,3574.0,3572.800048828125,3573.800048828125,3895
2025-09-03 07:05:00+00:00,3573.699951171875,3573.699951171875,3572.89990234375,3573.0,4677
2025-09-03 07:10:00+00:00,3572.5,3577.699951171875,3572.5,3573.699951171875,9255
2025-09-03 07:15:00+00:00,3572.800048828125,3575.39990234375,3572.0,3572.39990234375,15405
2025-09-03 07:20:00+00:00,3573.300048828125,3574.60009765625,3571.10009765625,3573.0,11414
2025-09-03 07:25:00+00:00,3570.199951171875,3574.0,3568.199951171875,3573.300048828125,14037
2025-09-03 07:30:00+00:00,3571.0,3571.89990234375,3568.199951171875,3568.39990234375,7995
2025-09-03 07:35:00+00:00,3573.89990234375,3575.800048828125,3570.699951171875,3571.0,15715
2025-09-03 07:40:00+00:00,3571.5,3574.10009765625,3569.199951171875,3573.800048828125,11832
2025-09-03 07:45:00+00:00,3572.60009765625,3573.39990234375,3571.0,3571.0,4242
2025-09-03 07:50:00+00:00,3573.39990234375,3573.699951171875,3571.800048828125,3572.699951171875,3925
2025-09-03 07:55:00+00:00,3574.0,3574.0,3570.10009765625,3573.199951171875,8452
2025-09-03 08:00:00+00:00,3576.199951171875,3578.0,3573.300048828125,3574.0,26936
2025-09-03 08:05:00+00:00,3573.89990234375,3575.800048828125,3571.10009765625,3575.800048828125,4245
2025-09-03 08:10:00+00:00,3573.800048828125,3576.800048828125,3572.199951171875,3574.300048828125,6427
2025-09-03 08:15:00+00:00,3574.0,3574.5,3572.60009765625,3574.10009765625,10509
2025-09-03 08:20:00+00:00,3574.5,3575.0,3573.0,3574.0,18572
2025-09-03 08:25:00+00:00,3582.0,3583.0,3573.0,3574.5,18266
2025-09-03 08:30:00+00:00,3584.300048828125,3585.0,3578.300048828125,3582.39990234375,24073
2025-09-03 08:35:00+00:00,3588.39990234375,3589.800048828125,3582.39990234375,3584.5,43596
2025-09-03 08:40:00+00:00,3589.699951171875,3593.800048828125,3588.199951171875,3588.300048828125,27198
2025-09-03 08:45:00+00:00,3591.0,3591.0,3588.5,3589.699951171875,28711
2025-09-03 08:50:00+00:00,3588.89990234375,3592.89990234375,3588.0,3591.0,27503
2025-09-03 08:55:00+00:00,3589.89990234375,3592.0,3588.5,3589.89990234375,15147
2025-09-03 09:00:00+00:00,3590.0,3592.89990234375,3588.199951171875,3588.89990234375,14769
2025-09-03 09:05:00+00:00,3587.39990234375,3590.800048828125,3586.0,3590.0,16897
2025-09-03 09:10:00+00:00,3586.5,3587.89990234375,3584.60009765625,3587.39990234375,15571
2025-09-03 09:15:00+00:00,3588.5,3590.300048828125,3584.5,3586.5,18659
2025-09-03 09:20:00+00:00,3593.0,3593.10009765625,3588.5,3588.699951171875,15980
2025-09-03 09:25:00+00:00,3590.300048828125,3593.199951171875,3589.199951171875,3593.0,16139
2025-09-03 09:30:00+00:00,3597.89990234375,3597.89990234375,3591.10009765625,3591.5,52570
2025-09-03 09:35:00+00:00,3599.60009765625,3600.0,3596.800048828125,3597.89990234375,36352
2025-09-03 09:40:00+00:00,3603.800048828125,3604.39990234375,3599.89990234375,3600.0,43436
2025-09-03 09:45:00+00:00,3606.199951171875,3606.199951171875,3598.800048828125,3601.89990234375,80934
2025-09-03 09:50:00+00:00,3602.800048828125,3606.199951171875,3601.199951171875,3605.300048828125,41025
2025-09-03 09:55:00+00:00,3601.699951171875,3602.800048828125,3600.0,3602.300048828125,28756
2025-09-04 03:45:00+00:00,3599.300048828125,3612.699951171875,3591.60009765625,3611.300048828125,0
2025-09-04 03:50:00+00:00,3608.699951171875,3608.699951171875,3592.199951171875,3598.199951171875,24587
2025-09-04 03:55:00+00:00,3611.0,3614.300048828125,3605.699951171875,3607.0,11427
2025-09-04 04:00:00+00:00,3623.10009765625,3624.0,3610.5,3610.5,22928
2025-09-04 04:05:00+00:00,3616.60009765625,3624.89990234375,3614.60009765625,3623.5,22850
2025-09-04 04:10:00+00:00,3611.199951171875,3618.0,3610.0,3616.300048828125,11651
2025-09-04 04:15:00+00:00,3612.0,3614.699951171875,3608.800048828125,3610.300048828125,7636
2025-09-04 04:20:00+00:00,3610.199951171875,3614.39990234375,3604.800048828125,3610.0,13037
2025-09-04 04:25:00+00:00,3607.89990234375,3610.800048828125,3607.199951171875,3610.0,3736
2025-09-04 04:30:00+00:00,3605.0,3608.300048828125,3605.0,3608.0,3591
2025-09-04 04:35:00+00:00,3601.199951171875,3606.60009765625,3601.199951171875,3605.0,6722
2025-09-04 04:40:00+00:00,3597.0,3603.800048828125,3597.0,3601.0,12687
2025-09-04 04:45:00+00:00,3600.0,3600.10009765625,3595.699951171875,3597.0,4973
2025-09-04 04:50:00+00:00,3604.0,3605.800048828125,3600.0,3600.0,5861
2025-09-04 04:55:00+00:00,3604.39990234375,3605.199951171875,3604.0,3604.800048828125,1776
2025-09-04 05:00:00+00:00,3605.5,3609.10009765625,3604.39990234375,3604.39990234375,4832
2025-09-04 05:05:00+00:00,3601.10009765625,3605.5,3600.300048828125,3605.10009765625,17004
2025-09-04 05:10:00+00:00,3599.199951171875,3603.60009765625,3597.89990234375,3601.60009765625,5937
2025-09-04 05:15:00+00:00,3601.89990234375,3602.199951171875,3597.199951171875,3598.699951171875,13127
2025-09-04 05:20:00+00:00,3605.0,3605.300048828125,3600.5,3602.800048828125,15234
2025-09-04 05:25:00+00:00,3602.699951171875,3605.0,3600.10009765625,3604.800048828125,13124
2025-09-04 05:30:00+00:00,3600.10009765625,3605.0,3600.0,3603.60009765625,8655
2025-09-04 05:35:00+00:00,3600.10009765625,3604.89990234375,3599.0,3600.0,7511
2025-09-04 05:40:00+00:00,3603.0,3603.89990234375,3599.0,3600.5,2382
2025-09-04 05:45:00+00:00,3604.89990234375,3605.39990234375,3602.39990234375,3603.60009765625,4949
2025-09-04 05:50:00+00:00,3601.5,3605.89990234375,3600.60009765625,3604.39990234375,8482
2025-09-04 05:55:00+00:00,3607.5,3608.39990234375,3601.89990234375,3603.39990234375,2379
2025-09-04 06:00:00+00:00,3605.5,3610.0,3605.5,3607.800048828125,12110
2025-09-04 06:05:00+00:00,3602.199951171875,3606.199951171875,3600.300048828125,3606.199951171875,20625
2025-09-04 06:10:00+00:00,3600.5,3601.89990234375,3596.60009765625,3601.89990234375,16444
2025-09-04 06:15:00+00:00,3596.800048828125,3604.0,3596.0,3600.5,12968
2025-09-04 06:20:00+00:00,3598.699951171875,3600.300048828125,3596.300048828125,3597.199951171875,21163
2025-09-04 06:25:00+00:00,3601.800048828125,3602.0,3598.10009765625,3598.800048828125,5963
2025-09-04 06:30:00+00:00,3594.800048828125,3605.39990234375,3594.800048828125,3601.0,43776
2025-09-04 06:35:00+00:00,3590.800048828125,3598.39990234375,3590.0,3595.39990234375,35180
2025-09-04 06:40:00+00:00,3589.699951171875,3592.0,3587.5,3588.800048828125,13916
2025-09-04 06:45:00+00:00,3584.800048828125,3589.800048828125,3584.199951171875,3589.699951171875,10748
2025-09-04 06:50:00+00:00,3581.10009765625,3586.0,3579.0,3584.5,14278
2025-09-04 06:55:00+00:00,3577.39990234375,3581.60009765625,3577.39990234375,3580.5,11446
2025-09-04 07:00:00+00:00,3579.89990234375,3580.0,3577.39990234375,3577.39990234375,9511
2025-09-04 07:05:00+00:00,3590.89990234375,3590.89990234375,3578.0,3579.89990234375,17472
2025-09-04 07:10:00+00:00,3588.0,3592.0,3587.699951171875,3590.89990234375,13712
2025-09-04 07:15:00+00:00,3592.0,3592.699951171875,3587.199951171875,3588.199951171875,23056
2025-09-04 07:20:00+00:00,3592.0,3594.60009765625,3588.0,3591.800048828125,7117
2025-09-04 07:25:00+00:00,3593.39990234375,3594.0,3589.39990234375,3592.0,22921
2025-09-04 07:30:00+00:00,3590.0,3593.89990234375,3589.10009765625,3593.60009765625,5730
2025-09-04 07:35:00+00:00,3588.800048828125,3590.0,3588.5,3590.0,5191
2025-09-04 07:40:00+00:00,3589.10009765625,3589.199951171875,3585.10009765625,3588.699951171875,9246
2025-09-04 07:45:00+00:00,3587.60009765625,3589.89990234375,3584.5,3589.300048828125,28029
2025-09-04 07:50:00+00:00,3590.300048828125,3590.89990234375,3585.89990234375,3587.89990234375,7529
2025-09-04 07:55:00+00:00,3590.199951171875,3591.0,3589.89990234375,3590.39990234375,4525
2025-09-04 08:00:00+00:00,3590.800048828125,3591.60009765625,3588.800048828125,3590.699951171875,5358
2025-09-04 08:05:00+00:00,3590.0,3591.300048828125,3586.300048828125,3591.0,5574
2025-09-04 08:10:00+00:00,3587.10009765625,3590.5,3585.0,3589.89990234375,5377
2025-09-04 08:15:00+00:00,3584.60009765625,3588.5,3583.60009765625,3587.60009765625,5566
2025-09-04 08:20:00+00:00,3582.39990234375,3585.60009765625,3581.0,3584.199951171875,118468
2025-09-04 08:25:00+00:00,3581.699951171875,3582.5,3578.39990234375,3582.39990234375,9062
2025-09-04 08:30:00+00:00,3579.800048828125,3582.5,3579.800048828125,3581.699951171875,7138
2025-09-04 08:35:00+00:00,3577.5,3580.0,3577.199951171875,3579.89990234375,6439
2025-09-04 08:40:00+00:00,3577.60009765625,3578.0,3572.5,3577.199951171875,11381
2025-09-04 08:45:00+00:00,3577.300048828125,3579.10009765625,3576.0,3577.60009765625,8662
2025-09-04 08:50:00+00:00,3574.800048828125,3578.39990234375,3573.199951171875,3577.300048828125,27738
2025-09-04 08:55:00+00:00,3576.89990234375,3578.39990234375,3573.300048828125,3574.699951171875,11014
2025-09-04 09:00:00+00:00,3581.199951171875,3582.800048828125,3576.800048828125,3576.800048828125,26312
2025-09-04 09:05:00+00:00,3581.199951171875,3583.39990234375,3580.0,3581.199951171875,5880
2025-09-04 09:10:00+00:00,3589.199951171875,3590.0,3581.300048828125,3581.300048828125,26104
2025-09-04 09:15:00+00:00,3589.5,3589.89990234375,3587.0,3588.199951171875,8596
2025-09-04 09:20:00+00:00,3580.699951171875,3591.39990234375,3580.699951171875,3589.5,22292
2025-09-04 09:25:00+00:00,3589.0,3591.199951171875,3581.0,3581.0,16427
2025-09-04 09:30:00+00:00,3589.199951171875,3593.5,3587.199951171875,3589.39990234375,49447
2025-09-04 09:35:00+00:00,3590.300048828125,3592.0,3584.60009765625,3590.0,85081
2025-09-04 09:40:00+00:00,3593.699951171875,3595.800048828125,3588.0,3591.0,101158
2025-09-04 09:45:00+00:00,3596.300048828125,3597.5,3585.89990234375,3594.300048828125,88662
2025-09-04 09:50:00+00:00,3598.300048828125,3599.800048828125,3594.39990234375,3596.39990234375,73681
2025-09-04 09:55:00+00:00,3592.60009765625,3599.89990234375,3590.0,3598.0,0
2025-09-05 03:45:00+00:00,3608.60009765625,3608.60009765625,3597.0,3602.300048828125,19325
2025-09-05 03:50:00+00:00,3595.699951171875,3608.5,3595.699951171875,3608.5,8995
2025-09-05 03:55:00+00:00,3600.5,3602.0,3597.199951171875,3597.199951171875,5974
2025-09-05 04:00:00+00:00,3599.0,3602.0,3598.300048828125,3600.0,27593
2025-09-05 04:05:00+00:00,3590.0,3599.800048828125,3590.0,3599.300048828125,9849
2025-09-05 04:10:00+00:00,3590.39990234375,3590.39990234375,3587.10009765625,3590.0,7621
2025-09-05 04:15:00+00:00,3596.199951171875,3598.0,3590.300048828125,3591.5,4715
2025-09-05 04:20:00+00:00,3598.39990234375,3598.5,3595.199951171875,3597.0,2216
2025-09-05 04:25:00+00:00,3593.5,3598.39990234375,3592.10009765625,3598.39990234375,3091
2025-09-05 04:30:00+00:00,3591.0,3594.39990234375,3591.0,3593.0,2402
2025-09-05 04:35:00+00:00,3590.0,3592.0,3589.699951171875,3591.0,4791
2025-09-05 04:40:00+00:00,3579.199951171875,3589.199951171875,3576.39990234375,3589.199951171875,11124
2025-09-05 04:45:00+00:00,3571.10009765625,3575.800048828125,3570.10009765625,3574.800048828125,11724
2025-09-05 04:50:00+00:00,3575.0,3575.60009765625,3568.0,3571.199951171875,7570
2025-09-05 04:55:00+00:00,3581.60009765625,3585.300048828125,3574.0,3575.5,10162
2025-09-05 05:00:00+00:00,3580.5,3582.0,3577.0,3581.60009765625,6154
2025-09-05 05:05:00+00:00,3574.800048828125,3583.0,3574.10009765625,3579.800048828125,10863
2025-09-05 05:10:00+00:00,3575.0,3576.39990234375,3573.0,3574.60009765625,12438
2025-09-05 05:15:00+00:00,3573.5,3575.0,3572.5,3574.60009765625,4437
2025-09-05 05:20:00+00:00,3572.10009765625,3573.800048828125,3570.10009765625,3572.60009765625,5745
2025-09-05 05:25:00+00:00,3571.800048828125,3573.60009765625,3571.300048828125,3572.199951171875,3966
2025-09-05 05:30:00+00:00,3575.0,3575.800048828125,3571.89990234375,3571.89990234375,9297
2025-09-05 05:35:00+00:00,3574.39990234375,3576.699951171875,3573.699951171875,3575.0,6258
2025-09-05 05:40:00+00:00,3575.0,3576.60009765625,3573.0,3574.60009765625,4427
2025-09-05 05:45:00+00:00,3574.699951171875,3575.0,3571.39990234375,3574.699951171875,2702
2025-09-05 05:50:00+00:00,3573.60009765625,3575.10009765625,3573.300048828125,3573.5,6079
2025-09-05 05:55:00+00:00,3574.89990234375,3575.300048828125,3574.199951171875,3575.0,8279
2025-09-05 06:00:00+00:00,3573.5,3575.10009765625,3573.300048828125,3574.89990234375,4346
2025-09-05 06:05:00+00:00,3573.60009765625,3574.199951171875,3572.10009765625,3573.89990234375,2821
2025-09-05 06:10:00+00:00,3572.10009765625,3573.5,3571.199951171875,3572.5,3991
2025-09-05 06:15:00+00:00,3571.0,3573.39990234375,3570.199951171875,3571.300048828125,4360
2025-09-05 06:20:00+00:00,3566.300048828125,3570.199951171875,3564.300048828125,3570.199951171875,23497
2025-09-05 06:25:00+00:00,3565.699951171875,3567.10009765625,3565.0,3565.10009765625,3851
2025-09-05 06:30:00+00:00,3566.699951171875,3567.5,3563.5,3565.699951171875,6798
2025-09-05 06:35:00+00:00,3567.10009765625,3567.39990234375,3565.0,3565.89990234375,3629
2025-09-05 06:40:00+00:00,3565.0,3567.5,3565.0,3566.89990234375,5116
2025-09-05 06:45:00+00:00,3566.10009765625,3567.60009765625,3564.0,3564.0,3485
2025-09-05 06:50:00+00:00,3565.0,3566.800048828125,3565.0,3565.0,3783
2025-09-05 06:55:00+00:00,3565.0,3565.5,3563.10009765625,3565.0,5451
2025-09-05 07:00:00+00:00,3560.0,3565.10009765625,3560.0,3565.0,7098
2025-09-05 07:05:00+00:00,3558.199951171875,3560.5,3557.10009765625,3559.0,9549
2025-09-05 07:10:00+00:00,3556.300048828125,3560.5,3555.10009765625,3558.699951171875,7051
2025-09-05 07:15:00+00:00,3555.300048828125,3557.800048828125,3552.5,3555.300048828125,21431
2025-09-05 07:20:00+00:00,3555.0,3556.39990234375,3553.0,3555.300048828125,4229
2025-09-05 07:25:00+00:00,3555.0,3555.300048828125,3551.5,3555.0,10233
2025-09-05 07:30:00+00:00,3553.60009765625,3555.0,3553.0,3554.699951171875,4359
2025-09-05 07:35:00+00:00,3553.39990234375,3556.0,3550.39990234375,3553.300048828125,9247
2025-09-05 07:40:00+00:00,3561.300048828125,3561.39990234375,3553.5,3553.5,6947
2025-09-05 07:45:00+00:00,3559.89990234375,3563.0,3558.699951171875,3560.199951171875,16574
2025-09-05 07:50:00+00:00,3560.0,3561.199951171875,3558.39990234375,3559.89990234375,2994
2025-09-05 07:55:00+00:00,3561.39990234375,3562.5,3559.60009765625,3559.89990234375,21719
2025-09-05 08:00:00+00:00,3562.800048828125,3562.800048828125,3559.89990234375,3561.39990234375,4226
2025-09-05 08:05:00+00:00,3561.0,3564.0,3560.10009765625,3562.800048828125,5841
2025-09-05 08:10:00+00:00,3560.10009765625,3561.39990234375,3557.89990234375,3560.5,10547
2025-09-05 08:15:00+00:00,3563.5,3565.5,3558.300048828125,3561.699951171875,57849
2025-09-05 08:20:00+00:00,3564.699951171875,3565.0,3562.0,3563.5,7208
2025-09-05 08:25:00+00:00,3563.10009765625,3568.0,3563.10009765625,3564.699951171875,11778
2025-09-05 08:30:00+00:00,3563.89990234375,3565.0,3563.0,3563.0,5899
2025-09-05 08:35:00+00:00,3564.5,3565.60009765625,3562.699951171875,3563.89990234375,27945
2025-09-05 08:40:00+00:00,3562.0,3565.60009765625,3560.0,3565.5,26999
2025-09-05 08:45:00+00:00,3560.60009765625,3563.0,3558.199951171875,3563.0,32584
2025-09-05 08:50:00+00:00,3557.300048828125,3562.0,3556.5,3561.5,6710
2025-09-05 08:55:00+00:00,3555.300048828125,3557.89990234375,3555.300048828125,3557.300048828125,5159
2025-09-05 09:00:00+00:00,3556.10009765625,3558.0,3555.10009765625,3555.300048828125,3399
2025-09-05 09:05:00+00:00,3554.39990234375,3557.10009765625,3550.60009765625,3556.10009765625,27933
2025-09-05 09:10:00+00:00,3554.5,3557.60009765625,3553.39990234375,3554.39990234375,21615
2025-09-05 09:15:00+00:00,3553.89990234375,3556.89990234375,3553.0,3554.5,6297
2025-09-05 09:20:00+00:00,3551.0,3554.199951171875,3550.5,3553.300048828125,7689
2025-09-05 09:25:00+00:00,3552.0,3554.0,3550.5,3551.699951171875,4655
2025-09-05 09:30:00+00:00,3551.39990234375,3554.0,3550.0,3552.89990234375,27556
2025-09-05 09:35:00+00:00,3557.5,3559.89990234375,3550.199951171875,3551.39990234375,34646
2025-09-05 09:40:00+00:00,3551.5,3558.800048828125,3551.5,3557.0,25031
2025-09-05 09:45:00+00:00,3553.300048828125,3554.89990234375,3551.39990234375,3552.10009765625,15554
2025-09-05 09:50:00+00:00,3554.199951171875,3556.800048828125,3553.0,3553.0,25928
2025-09-05 09:55:00+00:00,3554.0,3555.699951171875,3550.5,3554.199951171875,16518
2025-09-08 03:45:00+00:00,3558.0,3579.89990234375,3548.0,3575.5,0
2025-09-08 03:50:00+00:00,3551.199951171875,3565.89990234375,3551.199951171875,3556.800048828125,13295
2025-09-08 03:55:00+00:00,3552.60009765625,3555.60009765625,3548.199951171875,3550.39990234375,11293
2025-09-08 04:00:00+00:00,3557.10009765625,3560.199951171875,3551.5,3551.5,10589
2025-09-08 04:05:00+00:00,3561.5,3563.800048828125,3557.199951171875,3557.199951171875,6544
2025-09-08 04:10:00+00:00,3558.0,3563.0,3555.800048828125,3561.800048828125,5894
2025-09-08 04:15:00+00:00,3557.0,3559.60009765625,3556.60009765625,3558.10009765625,4282
2025-09-08 04:20:00+00:00,3554.0,3558.0,3553.5,3557.800048828125,4474
2025-09-08 04:25:00+00:00,3558.0,3558.0,3551.0,3554.0,9190
2025-09-08 04:30:00+00:00,3561.5,3563.0,3557.5,3557.800048828125,8999
2025-09-08 04:35:00+00:00,3560.199951171875,3563.89990234375,3560.199951171875,3561.5,3581
2025-09-08 04:40:00+00:00,3555.5,3562.199951171875,3555.0,3561.39990234375,9133
2025-09-08 04:45:00+00:00,3557.89990234375,3557.89990234375,3553.39990234375,3556.0,3315
2025-09-08 04:50:00+00:00,3551.5,3557.89990234375,3550.699951171875,3557.89990234375,8317
2025-09-08 04:55:00+00:00,3551.10009765625,3553.699951171875,3550.199951171875,3552.60009765625,4043
2025-09-08 05:00:00+00:00,3553.199951171875,3553.199951171875,3546.60009765625,3551.60009765625,18392
2025-09-08 05:05:00+00:00,3556.89990234375,3556.89990234375,3548.60009765625,3553.60009765625,15596
2025-09-08 05:10:00+00:00,3556.800048828125,3559.89990234375,3555.0,3556.5,12123
2025-09-08 05:15:00+00:00,3552.5,3558.800048828125,3552.5,3556.89990234375,7019
2025-09-08 05:20:00+00:00,3548.89990234375,3553.300048828125,3547.5,3553.300048828125,6303
2025-09-08 05:25:00+00:00,3547.10009765625,3549.10009765625,3547.0,3548.89990234375,5040
2025-09-08 05:30:00+00:00,3547.199951171875,3548.800048828125,3545.0,3548.300048828125,4899
2025-09-08 05:35:00+00:00,3548.0,3550.0,3545.199951171875,3547.199951171875,4733
2025-09-08 05:40:00+00:00,3548.199951171875,3549.0,3545.800048828125,3548.0,5930
2025-09-08 05:45:00+00:00,3548.800048828125,3550.0,3548.10009765625,3548.199951171875,4193
2025-09-08 05:50:00+00:00,3548.89990234375,3549.5,3547.300048828125,3548.5,3943
2025-09-08 05:55:00+00:00,3549.199951171875,3550.60009765625,3547.0,3548.89990234375,5871
2025-09-08 06:00:00+00:00,3547.60009765625,3550.5,3547.0,3549.89990234375,4154
2025-09-08 06:05:00+00:00,3546.60009765625,3548.5,3546.199951171875,3547.800048828125,3108
2025-09-08 06:10:00+00:00,3547.0,3547.89990234375,3546.199951171875,3546.199951171875,5374
2025-09-08 06:15:00+00:00,3546.89990234375,3548.0,3545.10009765625,3547.0,6068
2025-09-08 06:20:00+00:00,3549.699951171875,3549.800048828125,3544.60009765625,3545.89990234375,13764
2025-09-08 06:25:00+00:00,3552.0,3552.0,3548.10009765625,3549.800048828125,8560
2025-09-08 06:30:00+00:00,3554.5,3554.89990234375,3550.89990234375,3551.800048828125,11498
2025-09-08 06:35:00+00:00,3551.300048828125,3554.5,3550.10009765625,3554.5,15431
2025-09-08 06:40:00+00:00,3552.0,3552.89990234375,3550.0,3550.300048828125,5526
2025-09-08 06:45:00+00:00,3551.5,3552.0,3550.300048828125,3551.0,13129
2025-09-08 06:50:00+00:00,3551.60009765625,3552.0,3550.199951171875,3552.0,12075
2025-09-08 06:55:00+00:00,3550.699951171875,3552.0,3548.5,3551.60009765625,7586
2025-09-08 07:00:00+00:00,3551.39990234375,3552.0,3550.0,3550.699951171875,5529
2025-09-08 07:05:00+00:00,3551.89990234375,3552.0,3550.39990234375,3551.300048828125,25160
2025-09-08 07:10:00+00:00,3552.0,3552.0,3548.39990234375,3551.199951171875,30018
2025-09-08 07:15:00+00:00,3551.800048828125,3552.0,3550.60009765625,3551.10009765625,20736
2025-09-08 07:20:00+00:00,3551.0,3552.0,3549.800048828125,3551.10009765625,30241
2025-09-08 07:25:00+00:00,3548.39990234375,3551.0,3547.10009765625,3550.699951171875,7059
2025-09-08 07:30:00+00:00,3548.89990234375,3549.699951171875,3548.0,3548.699951171875,5120
2025-09-08 07:35:00+00:00,3551.89990234375,3551.89990234375,3548.0,3548.89990234375,7305
2025-09-08 07:40:00+00:00,3552.0,3552.0,3549.60009765625,3552.0,5085
2025-09-08 07:45:00+00:00,3551.60009765625,3552.0,3550.10009765625,3552.0,4957
2025-09-08 07:50:00+00:00,3551.0,3552.0,3550.10009765625,3551.39990234375,4542
2025-09-08 07:55:00+00:00,3551.0,3552.0,3550.0,3551.300048828125,6797
2025-09-08 08:00:00+00:00,3550.800048828125,3551.0,3548.699951171875,3551.0,6989
2025-09-08 08:05:00+00:00,3548.5,3551.0,3548.199951171875,3550.10009765625,6487
2025-09-08 08:10:00+00:00,3546.89990234375,3550.0,3546.89990234375,3548.60009765625,9419
2025-09-08 08:15:00+00:00,3547.699951171875,3548.5,3546.0,3547.0,4275
2025-09-08 08:20:00+00:00,3547.800048828125,3548.5,3547.0,3547.0,5193
2025-09-08 08:25:00+00:00,3546.0,3548.5,3546.0,3547.89990234375,7163
2025-09-08 08:30:00+00:00,3544.0,3547.800048828125,3544.0,3546.199951171875,10210
2025-09-08 08:35:00+00:00,3543.300048828125,3545.199951171875,3541.60009765625,3545.10009765625,12894
2025-09-08 08:40:00+00:00,3543.10009765625,3543.800048828125,3541.60009765625,3543.39990234375,18552
2025-09-08 08:45:00+00:00,3543.5,3544.5,3542.699951171875,3543.0,10034
2025-09-08 08:50:00+00:00,3543.5,3543.5,3542.199951171875,3543.5,12688
2025-09-08 08:55:00+00:00,3546.5,3548.5,3542.800048828125,3543.300048828125,17141
2025-09-08 09:00:00+00:00,3547.199951171875,3548.89990234375,3544.5,3545.699951171875,45168
2025-09-08 09:05:00+00:00,3546.39990234375,3548.5,3543.39990234375,3548.5,5086
2025-09-08 09:10:00+00:00,3545.0,3546.39990234375,3544.10009765625,3545.0,16877
2025-09-08 09:15:00+00:00,3531.10009765625,3546.0,3530.199951171875,3545.5,47793
2025-09-08 09:20:00+00:00,3532.0,3537.300048828125,3530.800048828125,3531.10009765625,24789
2025-09-08 09:25:00+00:00,3529.199951171875,3532.0,3526.0,3532.0,60759
2025-09-08 09:30:00+00:00,3527.300048828125,3529.60009765625,3525.60009765625,3529.300048828125,45631
2025-09-08 09:35:00+00:00,3530.0,3531.89990234375,3526.699951171875,3527.10009765625,26533
2025-09-08 09:40:00+00:00,3532.5,3532.5,3527.300048828125,3530.0,24807
2025-09-08 09:45:00+00:00,3531.5,3534.39990234375,3528.39990234375,3532.60009765625,48603
2025-09-08 09:50:00+00:00,3532.300048828125,3533.0,3529.0,3531.60009765625,38604
2025-09-08 09:55:00+00:00,3529.60009765625,3532.699951171875,3529.60009765625,3532.300048828125,0
2025-09-09 03:45:00+00:00,3543.39990234375,3549.89990234375,3539.89990234375,3548.39990234375,24300
2025-09-09 03:50:00+00:00,3543.39990234375,3550.0,3542.0,3543.699951171875,18729
2025-09-09 03:55:00+00:00,3541.800048828125,3544.5,3538.699951171875,3541.10009765625,18626
2025-09-09 04:00:00+00:00,3540.699951171875,3544.800048828125,3538.199951171875,3543.300048828125,13206
2025-09-09 04:05:00+00:00,3536.800048828125,3540.89990234375,3535.0,3540.699951171875,27713
2025-09-09 04:10:00+00:00,3543.5,3543.5,3532.39990234375,3535.0,8057
2025-09-09 04:15:00+00:00,3549.10009765625,3549.10009765625,3541.39990234375,3545.0,11722
2025-09-09 04:20:00+00:00,3547.0,3548.800048828125,3546.10009765625,3548.0,5516
2025-09-09 04:25:00+00:00,3548.60009765625,3548.60009765625,3546.39990234375,3547.800048828125,5960
2025-09-09 04:30:00+00:00,3545.0,3548.300048828125,3542.89990234375,3547.89990234375,7587
2025-09-09 04:35:00+00:00,3540.0,3544.60009765625,3539.89990234375,3544.60009765625,4012
2025-09-09 04:40:00+00:00,3537.699951171875,3540.0,3536.199951171875,3539.60009765625,10003
2025-09-09 04:45:00+00:00,3534.800048828125,3538.0,3534.199951171875,3538.0,5477
2025-09-09 04:50:00+00:00,3535.199951171875,3535.199951171875,3532.5,3534.10009765625,4780
2025-09-09 04:55:00+00:00,3532.0,3535.0,3531.0,3534.5,11068
2025-09-09 05:00:00+00:00,3534.300048828125,3534.300048828125,3530.39990234375,3532.199951171875,3308
2025-09-09 05:05:00+00:00,3533.699951171875,3534.300048828125,3531.60009765625,3534.300048828125,4339
2025-09-09 05:10:00+00:00,3532.0,3533.89990234375,3531.0,3533.89990234375,2984
2025-09-09 05:15:00+00:00,3530.89990234375,3532.0,3530.699951171875,3531.800048828125,3003
2025-09-09 05:20:00+00:00,3532.60009765625,3538.10009765625,3530.800048828125,3530.800048828125,7696
2025-09-09 05:25:00+00:00,3533.0,3533.0,3530.10009765625,3532.60009765625,4661
2025-09-09 05:30:00+00:00,3536.10009765625,3537.300048828125,3531.699951171875,3533.0,3911
2025-09-09 05:35:00+00:00,3538.10009765625,3538.800048828125,3534.199951171875,3535.199951171875,6277
2025-09-09 05:40:00+00:00,3530.0,3538.800048828125,3529.0,3536.89990234375,52565
2025-09-09 05:45:00+00:00,3529.5,3530.0,3529.0,3530.0,4123
2025-09-09 05:50:00+00:00,3530.0,3531.300048828125,3527.5,3529.60009765625,18420
2025-09-09 05:55:00+00:00,3528.60009765625,3530.0,3527.0,3530.0,12490
2025-09-09 06:00:00+00:00,3528.300048828125,3528.699951171875,3525.0,3527.89990234375,21348
2025-09-09 06:05:00+00:00,3529.5,3530.0,3528.699951171875,3528.699951171875,3285
2025-09-09 06:10:00+00:00,3530.0,3530.0,3527.39990234375,3528.800048828125,2446
2025-09-09 06:15:00+00:00,3530.0,3530.0,3529.199951171875,3529.199951171875,12242
2025-09-09 06:20:00+00:00,3532.89990234375,3535.0,3529.699951171875,3530.0,9062
2025-09-09 06:25:00+00:00,3536.0,3536.0,3532.5,3532.5,11665
2025-09-09 06:30:00+00:00,3534.199951171875,3535.60009765625,3534.0,3535.10009765625,2260
2025-09-09 06:35:00+00:00,3531.10009765625,3534.300048828125,3531.10009765625,3534.199951171875,2436
2025-09-09 06:40:00+00:00,3535.0,3535.0,3530.39990234375,3531.60009765625,3718
2025-09-09 06:45:00+00:00,3535.0,3535.0,3533.39990234375,3534.89990234375,1221
2025-09-09 06:50:00+00:00,3538.800048828125,3539.60009765625,3534.89990234375,3534.89990234375,6463
2025-09-09 06:55:00+00:00,3536.199951171875,3540.0,3534.0,3538.800048828125,12892
2025-09-09 07:00:00+00:00,3538.0,3539.0,3535.800048828125,3536.699951171875,5484
2025-09-09 07:05:00+00:00,3531.800048828125,3538.0,3531.699951171875,3537.699951171875,12810
2025-09-09 07:10:00+00:00,3533.39990234375,3536.699951171875,3531.300048828125,3531.800048828125,40797
2025-09-09 07:15:00+00:00,3535.0,3537.699951171875,3532.89990234375,3534.699951171875,14081
2025-09-09 07:20:00+00:00,3535.699951171875,3537.10009765625,3534.0,3535.0,5646
2025-09-09 07:25:00+00:00,3533.5,3534.60009765625,3528.5,3534.300048828125,18507
2025-09-09 07:30:00+00:00,3533.300048828125,3533.39990234375,3529.300048828125,3532.0,15015
2025-09-09 07:35:00+00:00,3532.39990234375,3535.89990234375,3532.300048828125,3533.60009765625,5991
2025-09-09 07:40:00+00:00,3532.0,3535.0,3531.800048828125,3532.199951171875,5434
2025-09-09 07:45:00+00:00,3533.199951171875,3533.699951171875,3530.0,3532.60009765625,17154
2025-09-09 07:50:00+00:00,3532.0,3533.60009765625,3531.699951171875,3532.60009765625,7926
2025-09-09 07:55:00+00:00,3533.39990234375,3535.0,3531.89990234375,3532.0,5862
2025-09-09 08:00:00+00:00,3534.0,3536.0,3533.39990234375,3533.39990234375,20822
2025-09-09 08:05:00+00:00,3530.60009765625,3535.10009765625,3530.5,3534.0,21294
2025-09-09 08:10:00+00:00,3529.699951171875,3531.60009765625,3528.10009765625,3530.800048828125,25827
2025-09-09 08:15:00+00:00,3533.5,3534.199951171875,3529.39990234375,3530.0,5939
2025-09-09 08:20:00+00:00,3530.0,3534.300048828125,3529.89990234375,3533.699951171875,5969
2025-09-09 08:25:00+00:00,3530.39990234375,3532.39990234375,3529.5,3530.5,4820
2025-09-09 08:30:00+00:00,3526.0,3530.699951171875,3525.699951171875,3530.0,27856
2025-09-09 08:35:00+00:00,3530.0,3530.800048828125,3525.39990234375,3526.10009765625,45919
2025-09-09 08:40:00+00:00,3529.0,3532.89990234375,3528.5,3530.0,34628
2025-09-09 08:45:00+00:00,3530.0,3531.10009765625,3528.300048828125,3530.0,8961
2025-09-09 08:50:00+00:00,3530.39990234375,3531.0,3529.0,3529.699951171875,7809
2025-09-09 08:55:00+00:00,3529.699951171875,3533.300048828125,3528.10009765625,3529.89990234375,49685
2025-09-09 09:00:00+00:00,3527.5,3530.0,3526.39990234375,3529.89990234375,30863
2025-09-09 09:05:00+00:00,3523.5,3527.10009765625,3518.199951171875,3525.39990234375,46667
2025-09-09 09:10:00+00:00,3518.0,3522.699951171875,3518.0,3522.10009765625,23372
2025-09-09 09:15:00+00:00,3523.0,3525.89990234375,3516.60009765625,3517.800048828125,32493
2025-09-09 09:20:00+00:00,3527.199951171875,3527.199951171875,3521.60009765625,3523.0,37498
2025-09-09 09:25:00+00:00,3526.0,3529.10009765625,3523.199951171875,3527.0,33725
2025-09-09 09:30:00+00:00,3525.5,3527.300048828125,3522.800048828125,3526.0,94018
2025-09-09 09:35:00+00:00,3524.89990234375,3527.10009765625,3522.39990234375,3525.5,87305
2025-09-09 09:40:00+00:00,3523.5,3527.39990234375,3521.39990234375,3524.89990234375,131702
2025-09-09 09:45:00+00:00,3525.5,3530.39990234375,3522.5,3523.89990234375,99571
2025-09-09 09:50:00+00:00,3526.10009765625,3526.39990234375,3522.699951171875,3525.5,68240
2025-09-09 09:55:00+00:00,3525.0,3529.800048828125,3524.300048828125,3526.300048828125,32754
2025-09-10 03:45:00+00:00,3568.199951171875,3577.300048828125,3550.10009765625,3558.39990234375,0
2025-09-10 03:50:00+00:00,3568.300048828125,3570.0,3561.0,3567.10009765625,31324
2025-09-10 03:55:00+00:00,3571.39990234375,3573.5,3566.60009765625,3568.300048828125,49234
2025-09-10 04:00:00+00:00,3569.0,3572.300048828125,3568.0,3571.699951171875,9421
2025-09-10 04:05:00+00:00,3568.89990234375,3571.300048828125,3567.300048828125,3569.0,12562
2025-09-10 04:10:00+00:00,3570.60009765625,3570.89990234375,3565.5,3567.699951171875,9544
2025-09-10 04:15:00+00:00,3569.5,3571.0,3565.199951171875,3570.60009765625,25034
2025-09-10 04:20:00+00:00,3563.10009765625,3569.5,3562.800048828125,3568.300048828125,5739
2025-09-10 04:25:00+00:00,3565.5,3566.60009765625,3563.10009765625,3563.10009765625,3787
2025-09-10 04:30:00+00:00,3560.89990234375,3565.89990234375,3560.699951171875,3565.0,7042
2025-09-10 04:35:00+00:00,3560.699951171875,3562.699951171875,3558.60009765625,3560.0,5201
2025-09-10 04:40:00+00:00,3559.39990234375,3562.199951171875,3559.0,3560.699951171875,4641
2025-09-10 04:45:00+00:00,3559.199951171875,3561.0,3558.0,3559.10009765625,5446
2025-09-10 04:50:00+00:00,3554.5,3560.300048828125,3554.0,3558.0,7698
2025-09-10 04:55:00+00:00,3557.60009765625,3559.10009765625,3553.699951171875,3554.39990234375,10578
2025-09-10 05:00:00+00:00,3554.10009765625,3558.5,3554.10009765625,3557.300048828125,4398
2025-09-10 05:05:00+00:00,3551.0,3554.699951171875,3551.0,3554.10009765625,15019
2025-09-10 05:10:00+00:00,3547.89990234375,3552.60009765625,3545.0,3552.0,21993
2025-09-10 05:15:00+00:00,3546.10009765625,3548.0,3545.0,3545.800048828125,8007
2025-09-10 05:20:00+00:00,3548.0,3548.0,3544.199951171875,3546.10009765625,9409
2025-09-10 05:25:00+00:00,3550.0,3552.0,3546.699951171875,3546.699951171875,11116
2025-09-10 05:30:00+00:00,3548.699951171875,3550.10009765625,3548.699951171875,3550.0,5142
2025-09-10 05:35:00+00:00,3550.0,3550.0,3548.699951171875,3548.699951171875,11847
2025-09-10 05:40:00+00:00,3548.699951171875,3550.0,3547.0,3550.0,4240
2025-09-10 05:45:00+00:00,3545.0,3550.0,3545.0,3548.699951171875,7248
2025-09-10 05:50:00+00:00,3545.5,3546.0,3541.5,3545.199951171875,11116
2025-09-10 05:55:00+00:00,3547.10009765625,3547.699951171875,3544.10009765625,3545.89990234375,4693
2025-09-10 06:00:00+00:00,3546.89990234375,3547.39990234375,3544.0,3547.10009765625,6686
2025-09-10 06:05:00+00:00,3546.800048828125,3547.0,3546.39990234375,3546.89990234375,3176
2025-09-10 06:10:00+00:00,3546.10009765625,3547.10009765625,3545.39990234375,3547.0,4425
2025-09-10 06:15:00+00:00,3546.89990234375,3547.0,3545.300048828125,3546.10009765625,2678
2025-09-10 06:20:00+00:00,3547.0,3547.0,3546.199951171875,3546.199951171875,4744
2025-09-10 06:25:00+00:00,3552.39990234375,3552.39990234375,3545.300048828125,3547.0,15011
2025-09-10 06:30:00+00:00,3553.60009765625,3555.0,3551.800048828125,3552.39990234375,19452
2025-09-10 06:35:00+00:00,3555.0,3556.0,3551.199951171875,3553.5,19708
2025-09-10 06:40:00+00:00,3555.0,3555.0,3553.89990234375,3555.0,10391
2025-09-10 06:45:00+00:00,3555.0,3555.0,3553.0,3555.0,10780
2025-09-10 06:50:00+00:00,3555.0,3555.0,3553.89990234375,3555.0,3864
2025-09-10 06:55:00+00:00,3555.0,3555.0,3553.800048828125,3554.89990234375,10509
2025-09-10 07:00:00+00:00,3555.0,3555.0,3554.300048828125,3554.300048828125,5320
2025-09-10 07:05:00+00:00,3551.0,3555.0,3550.5,3555.0,18543
2025-09-10 07:10:00+00:00,3551.0,3552.0,3550.5,3551.0,27722
2025-09-10 07:15:00+00:00,3551.0,3551.0,3550.699951171875,3551.0,11388
2025-09-10 07:20:00+00:00,3550.10009765625,3551.0,3548.10009765625,3551.0,11161
2025-09-10 07:25:00+00:00,3553.5,3555.0,3550.0,3551.0,16512
2025-09-10 07:30:00+00:00,3554.0,3554.89990234375,3553.300048828125,3553.39990234375,3679
2025-09-10 07:35:00+00:00,3554.0,3554.89990234375,3553.699951171875,3554.0,6918
2025-09-10 07:40:00+00:00,3553.89990234375,3554.0,3553.300048828125,3554.0,4664
2025-09-10 07:45:00+00:00,3553.39990234375,3554.0,3550.199951171875,3553.89990234375,5312
2025-09-10 07:50:00+00:00,3552.0,3553.800048828125,3551.300048828125,3553.800048828125,4197
2025-09-10 07:55:00+00:00,3552.0,3552.800048828125,3551.5,3552.0,6646
2025-09-10 08:00:00+00:00,3552.0,3552.0,3551.800048828125,3552.0,2580
2025-09-10 08:05:00+00:00,3549.800048828125,3552.0,3549.0,3552.0,6317
2025-09-10 08:10:00+00:00,3551.0,3552.300048828125,3549.699951171875,3549.89990234375,12507
2025-09-10 08:15:00+00:00,3548.89990234375,3551.800048828125,3548.89990234375,3551.0,11316
2025-09-10 08:20:00+00:00,3549.60009765625,3551.0,3548.89990234375,3549.699951171875,6227
2025-09-10 08:25:00+00:00,3550.5,3551.0,3548.89990234375,3549.699951171875,4948
2025-09-10 08:30:00+00:00,3549.89990234375,3551.0,3549.5,3551.0,4845
2025-09-10 08:35:00+00:00,3549.89990234375,3551.5,3549.800048828125,3549.89990234375,14748
2025-09-10 08:40:00+00:00,3548.60009765625,3552.300048828125,3548.5,3550.0,8742
2025-09-10 08:45:00+00:00,3548.199951171875,3550.0,3547.800048828125,3549.699951171875,5893
2025-09-10 08:50:00+00:00,3548.89990234375,3551.39990234375,3545.60009765625,3548.199951171875,32163
2025-09-10 08:55:00+00:00,3545.5,3550.5,3545.5,3548.5,28458
2025-09-10 09:00:00+00:00,3542.199951171875,3547.199951171875,3542.0,3546.89990234375,31581
2025-09-10 09:05:00+00:00,3543.199951171875,3544.89990234375,3542.0,3542.199951171875,21737
2025-09-10 09:10:00+00:00,3541.89990234375,3545.60009765625,3541.199951171875,3542.0,40923
2025-09-10 09:15:00+00:00,3542.89990234375,3546.10009765625,3542.10009765625,3544.0,32128
2025-09-10 09:20:00+00:00,3544.300048828125,3545.0,3541.60009765625,3543.800048828125,24474
2025-09-10 09:25:00+00:00,3541.5,3544.800048828125,3541.5,3544.300048828125,34464
2025-09-10 09:30:00+00:00,3545.10009765625,3547.0,3542.39990234375,3542.89990234375,32163
2025-09-10 09:35:00+00:00,3546.89990234375,3548.699951171875,3545.199951171875,3545.5,29134
2025-09-10 09:40:00+00:00,3551.0,3551.0,3545.300048828125,3546.89990234375,40296
2025-09-10 09:45:00+00:00,3555.0,3555.800048828125,3550.5,3551.0,33335
2025-09-10 09:50:00+00:00,3558.300048828125,3558.300048828125,3554.0,3555.0,24280
2025-09-10 09:55:00+00:00,3556.0,3558.0,3553.199951171875,3558.0,17440
2025-09-11 03:45:00+00:00,3558.39990234375,3563.60009765625,3547.199951171875,3563.60009765625,35689
2025-09-11 03:50:00+00:00,3558.5,3562.5,3557.89990234375,3558.39990234375,15561
2025-09-11 03:55:00+00:00,3558.5,3563.800048828125,3558.5,3559.699951171875,13951
2025-09-11 04:00:00+00:00,3555.699951171875,3559.0,3553.5,3559.0,11430
2025-09-11 04:05:00+00:00,3554.699951171875,3555.0,3550.5,3554.5,6567
2025-09-11 04:10:00+00:00,3553.0,3554.60009765625,3550.5,3553.5,2844
2025-09-11 04:15:00+00:00,3552.89990234375,3553.0,3550.39990234375,3553.0,4447
2025-09-11 04:20:00+00:00,3553.300048828125,3554.60009765625,3552.300048828125,3552.300048828125,7038
2025-09-11 04:25:00+00:00,3550.199951171875,3553.300048828125,3549.0,3553.300048828125,6250
2025-09-11 04:30:00+00:00,3549.0,3552.300048828125,3548.300048828125,3551.800048828125,3216
2025-09-11 04:35:00+00:00,3546.0,3549.0,3546.0,3549.0,3351
2025-09-11 04:40:00+00:00,3548.0,3548.89990234375,3546.60009765625,3546.89990234375,4233
2025-09-11 04:45:00+00:00,3546.0,3549.0,3545.800048828125,3548.800048828125,6061
2025-09-11 04:50:00+00:00,3549.0,3550.39990234375,3545.0,3546.300048828125,9589
2025-09-11 04:55:00+00:00,3548.10009765625,3548.699951171875,3545.0,3547.89990234375,14261
2025-09-11 05:00:00+00:00,3547.0,3548.10009765625,3546.39990234375,3548.0,2916
2025-09-11 05:05:00+00:00,3546.699951171875,3548.199951171875,3545.0,3547.199951171875,9506
2025-09-11 05:10:00+00:00,3547.0,3548.5,3546.0,3546.800048828125,2424
2025-09-11 05:15:00+00:00,3545.39990234375,3547.10009765625,3542.0,3546.699951171875,14644
2025-09-11 05:20:00+00:00,3544.300048828125,3545.89990234375,3543.300048828125,3545.39990234375,3354
2025-09-11 05:25:00+00:00,3544.60009765625,3545.0,3543.5,3544.39990234375,3483
2025-09-11 05:30:00+00:00,3545.89990234375,3547.89990234375,3543.800048828125,3544.5,11861
2025-09-11 05:35:00+00:00,3545.800048828125,3546.199951171875,3545.0,3545.89990234375,4270
2025-09-11 05:40:00+00:00,3546.0,3546.699951171875,3545.0,3545.5,2548
2025-09-11 05:45:00+00:00,3543.300048828125,3546.199951171875,3543.10009765625,3546.0,4281
2025-09-11 05:50:00+00:00,3539.89990234375,3545.39990234375,3538.800048828125,3543.300048828125,24095
2025-09-11 05:55:00+00:00,3541.300048828125,3544.39990234375,3538.5,3540.60009765625,18146
2025-09-11 06:00:00+00:00,3540.699951171875,3543.10009765625,3540.699951171875,3541.60009765625,13698
2025-09-11 06:05:00+00:00,3540.0,3541.199951171875,3539.60009765625,3540.60009765625,7092
2025-09-11 06:10:00+00:00,3540.0,3541.199951171875,3539.800048828125,3540.0,6526
2025-09-11 06:15:00+00:00,3540.0,3540.800048828125,3538.199951171875,3540.0,6857
2025-09-11 06:20:00+00:00,3538.699951171875,3541.199951171875,3538.10009765625,3540.0,14912
2025-09-11 06:25:00+00:00,3538.89990234375,3539.5,3536.0,3539.0,15110
2025-09-11 06:30:00+00:00,3539.199951171875,3540.800048828125,3538.0,3538.0,4380
2025-09-11 06:35:00+00:00,3539.5,3541.10009765625,3539.10009765625,3539.199951171875,8109
2025-09-11 06:40:00+00:00,3539.699951171875,3540.800048828125,3537.5,3539.10009765625,4560
2025-09-11 06:45:00+00:00,3540.5,3541.5,3537.300048828125,3538.60009765625,8840
2025-09-11 06:50:00+00:00,3540.0,3541.5,3539.0,3540.0,13051
2025-09-11 06:55:00+00:00,3538.60009765625,3541.5,3538.39990234375,3540.0,12177
2025-09-11 07:00:00+00:00,3539.5,3540.60009765625,3536.300048828125,3538.5,9453
2025-09-11 07:05:00+00:00,3538.5,3539.800048828125,3535.39990234375,3539.800048828125,11644
2025-09-11 07:10:00+00:00,3535.60009765625,3538.39990234375,3535.0,3537.199951171875,5305
2025-09-11 07:15:00+00:00,3536.0,3537.10009765625,3534.5,3535.39990234375,6560
2025-09-11 07:20:00+00:00,3538.0,3538.199951171875,3534.10009765625,3535.10009765625,5512
2025-09-11 07:25:00+00:00,3535.89990234375,3538.10009765625,3533.199951171875,3538.10009765625,17537
2025-09-11 07:30:00+00:00,3535.800048828125,3537.699951171875,3535.0,3537.199951171875,5152
2025-09-11 07:35:00+00:00,3537.0,3537.0,3535.199951171875,3537.0,4832
2025-09-11 07:40:00+00:00,3536.5,3538.699951171875,3536.10009765625,3537.0,6866
2025-09-11 07:45:00+00:00,3537.800048828125,3538.199951171875,3535.60009765625,3537.0,5109
2025-09-11 07:50:00+00:00,3539.0,3539.5,3535.39990234375,3537.800048828125,9903
2025-09-11 07:55:00+00:00,3539.39990234375,3540.0,3537.0,3539.0,4370
2025-09-11 08:00:00+00:00,3540.0,3540.89990234375,3538.39990234375,3539.89990234375,6224
2025-09-11 08:05:00+00:00,3539.0,3540.89990234375,3538.0,3540.0,4929
2025-09-11 08:10:00+00:00,3538.0,3539.5,3537.0,3539.199951171875,5060
2025-09-11 08:15:00+00:00,3540.60009765625,3542.300048828125,3535.300048828125,3538.0,27581
2025-09-11 08:20:00+00:00,3538.89990234375,3542.0,3538.10009765625,3540.300048828125,9307
2025-09-11 08:25:00+00:00,3539.60009765625,3540.0,3538.0,3538.89990234375,4026
2025-09-11 08:30:00+00:00,3539.60009765625,3540.5,3537.60009765625,3539.800048828125,9708
2025-09-11 08:35:00+00:00,3540.0,3541.300048828125,3539.60009765625,3539.699951171875,15320
2025-09-11 08:40:00+00:00,3539.699951171875,3541.300048828125,3539.699951171875,3540.0,13830
2025-09-11 08:45:00+00:00,3539.89990234375,3540.699951171875,3537.199951171875,3539.699951171875,10651
2025-09-11 08:50:00+00:00,3539.89990234375,3541.300048828125,3538.39990234375,3539.800048828125,17611
2025-09-11 08:55:00+00:00,3540.0,3541.0,3539.89990234375,3539.89990234375,13880
2025-09-11 09:00:00+00:00,3539.10009765625,3540.5,3535.699951171875,3539.89990234375,22377
2025-09-11 09:05:00+00:00,3540.0,3541.10009765625,3536.89990234375,3539.0,29072
2025-09-11 09:10:00+00:00,3539.89990234375,3540.699951171875,3538.39990234375,3539.89990234375,6330
2025-09-11 09:15:00+00:00,3543.0,3546.5,3539.800048828125,3540.0,39136
2025-09-11 09:20:00+00:00,3542.5,3543.800048828125,3539.60009765625,3542.10009765625,27202
2025-09-11 09:25:00+00:00,3540.0,3543.39990234375,3537.5,3541.10009765625,47198
2025-09-11 09:30:00+00:00,3542.300048828125,3544.0,3535.199951171875,3539.699951171875,124998
2025-09-11 09:35:00+00:00,3540.699951171875,3543.89990234375,3534.0,3542.300048828125,98357
2025-09-11 09:40:00+00:00,3538.10009765625,3543.89990234375,3534.800048828125,3538.300048828125,89644
2025-09-11 09:45:00+00:00,3539.0,3543.300048828125,3536.0,3538.0,57068
2025-09-11 09:50:00+00:00,3540.89990234375,3541.800048828125,3537.39990234375,3538.0,29411
2025-09-11 09:55:00+00:00,3539.699951171875,3544.39990234375,3538.60009765625,3540.0,0
2025-09-12 03:45:00+00:00,3555.699951171875,3559.5,3551.89990234375,3556.39990234375,41273
2025-09-12 03:50:00+00:00,3556.0,3557.39990234375,3555.0,3555.0,14524
2025-09-12 03:55:00+00:00,3567.699951171875,3567.699951171875,3554.5,3555.800048828125,26807
2025-09-12 04:00:00+00:00,3564.800048828125,3568.800048828125,3563.300048828125,3567.699951171875,12489
2025-09-12 04:05:00+00:00,3568.5,3569.5,3561.39990234375,3564.89990234375,15559
2025-09-12 04:10:00+00:00,3573.0,3573.0,3566.199951171875,3568.199951171875,16371
2025-09-12 04:15:00+00:00,3573.699951171875,3574.39990234375,3571.0,3573.0,11720
2025-09-12 04:20:00+00:00,3580.699951171875,3582.0,3572.699951171875,3573.800048828125,42218
2025-09-12 04:25:00+00:00,3580.0,3584.0,3579.0,3581.199951171875,29954
2025-09-12 04:30:00+00:00,3581.89990234375,3583.39990234375,3579.300048828125,3579.300048828125,10570
2025-09-12 04:35:00+00:00,3585.0,3586.300048828125,3580.699951171875,3581.89990234375,15742
2025-09-12 04:40:00+00:00,3583.199951171875,3585.60009765625,3582.89990234375,3584.60009765625,8322
2025-09-12 04:45:00+00:00,3579.199951171875,3584.39990234375,3578.0,3582.800048828125,12811
2025-09-12 04:50:00+00:00,3582.300048828125,3582.300048828125,3577.89990234375,3579.199951171875,7271
2025-09-12 04:55:00+00:00,3579.300048828125,3583.0,3578.5,3581.89990234375,15257
2025-09-12 05:00:00+00:00,3578.60009765625,3581.800048828125,3577.800048828125,3579.300048828125,6968
2025-09-12 05:05:00+00:00,3577.10009765625,3578.0,3574.0,3577.800048828125,9317
2025-09-12 05:10:00+00:00,3580.89990234375,3581.89990234375,3576.5,3576.5,5601
2025-09-12 05:15:00+00:00,3581.60009765625,3582.800048828125,3576.89990234375,3580.199951171875,9747
2025-09-12 05:20:00+00:00,3584.199951171875,3584.89990234375,3581.300048828125,3581.60009765625,13395
2025-09-12 05:25:00+00:00,3584.0,3585.89990234375,3582.0,3584.199951171875,14886
2025-09-12 05:30:00+00:00,3583.0,3584.0,3581.0,3583.89990234375,6846
2025-09-12 05:35:00+00:00,3589.89990234375,3589.89990234375,3582.199951171875,3583.0,40044
2025-09-12 05:40:00+00:00,3588.5,3592.0,3588.10009765625,3589.699951171875,26812
2025-09-12 05:45:00+00:00,3590.0,3590.0,3585.699951171875,3588.5,16167
2025-09-12 05:50:00+00:00,3589.0,3590.10009765625,3587.10009765625,3590.10009765625,6258
2025-09-12 05:55:00+00:00,3586.800048828125,3590.0,3586.800048828125,3589.800048828125,7199
2025-09-12 06:00:00+00:00,3587.10009765625,3588.0,3585.0,3586.699951171875,6717
2025-09-12 06:05:00+00:00,3586.10009765625,3588.0,3585.39990234375,3587.199951171875,3957
2025-09-12 06:10:00+00:00,3585.300048828125,3586.300048828125,3585.0,3586.10009765625,8299
2025-09-12 06:15:00+00:00,3587.60009765625,3588.199951171875,3582.0,3585.300048828125,23741
2025-09-12 06:20:00+00:00,3592.0,3593.0,3586.60009765625,3587.39990234375,19832
2025-09-12 06:25:00+00:00,3592.699951171875,3593.5,3590.10009765625,3592.0,9115
2025-09-12 06:30:00+00:00,3591.0,3595.0,3590.39990234375,3593.0,14502
2025-09-12 06:35:00+00:00,3591.0,3591.0,3590.0,3591.0,5153
2025-09-12 06:40:00+00:00,3590.800048828125,3591.0,3590.0,3590.300048828125,12650
2025-09-12 06:45:00+00:00,3591.0,3591.0,3590.0,3591.0,23109
2025-09-12 06:50:00+00:00,3590.60009765625,3591.39990234375,3590.0,3591.0,10816
2025-09-12 06:55:00+00:00,3590.10009765625,3591.0,3590.0,3590.60009765625,12169
2025-09-12 07:00:00+00:00,3590.0,3590.5,3585.300048828125,3590.0,32497
2025-09-12 07:05:00+00:00,3591.5,3591.5,3590.0,3590.199951171875,10929
2025-09-12 07:10:00+00:00,3594.300048828125,3595.10009765625,3590.60009765625,3591.39990234375,48452
2025-09-12 07:15:00+00:00,3593.0,3594.39990234375,3592.0,3594.0,23381
2025-09-12 07:20:00+00:00,3590.10009765625,3593.89990234375,3590.0,3593.0,8426
2025-09-12 07:25:00+00:00,3590.5,3591.89990234375,3589.89990234375,3590.10009765625,7607
2025-09-12 07:30:00+00:00,3590.699951171875,3591.10009765625,3589.300048828125,3590.10009765625,17276
2025-09-12 07:35:00+00:00,3589.10009765625,3590.699951171875,3588.5,3590.0,7874
2025-09-12 07:40:00+00:00,3590.0,3590.699951171875,3587.39990234375,3590.0,21149
2025-09-12 07:45:00+00:00,3590.199951171875,3591.39990234375,3586.199951171875,3589.89990234375,21651
2025-09-12 07:50:00+00:00,3588.5,3591.0,3587.300048828125,3591.0,16146
2025-09-12 07:55:00+00:00,3591.60009765625,3592.89990234375,3588.10009765625,3588.89990234375,11016
2025-09-12 08:00:00+00:00,3590.800048828125,3592.0,3590.0,3591.60009765625,4603
2025-09-12 08:05:00+00:00,3589.5,3591.5,3589.5,3590.10009765625,9731
2025-09-12 08:10:00+00:00,3579.800048828125,3589.800048828125,3579.5,3589.800048828125,24398
2025-09-12 08:15:00+00:00,3576.60009765625,3580.199951171875,3576.0,3579.5,10472
2025-09-12 08:20:00+00:00,3578.0,3578.699951171875,3576.5,3576.60009765625,5555
2025-09-12 08:25:00+00:00,3580.699951171875,3581.39990234375,3577.5,3578.0,10527
2025-09-12 08:30:00+00:00,3579.0,3580.699951171875,3577.5,3580.10009765625,3849
2025-09-12 08:35:00+00:00,3578.0,3580.89990234375,3578.0,3579.300048828125,7173
2025-09-12 08:40:00+00:00,3577.699951171875,3578.699951171875,3577.199951171875,3578.699951171875,3496
2025-09-12 08:45:00+00:00,3577.300048828125,3578.0,3575.0,3577.699951171875,11279
2025-09-12 08:50:00+00:00,3578.199951171875,3579.60009765625,3576.60009765625,3577.300048828125,6414
2025-09-12 08:55:00+00:00,3578.89990234375,3580.0,3578.0,3578.5,6540
2025-09-12 09:00:00+00:00,3577.10009765625,3579.0,3575.800048828125,3578.89990234375,9865
2025-09-12 09:05:00+00:00,3576.60009765625,3577.300048828125,3575.300048828125,3577.199951171875,7284
2025-09-12 09:10:00+00:00,3577.199951171875,3577.800048828125,3575.60009765625,3576.60009765625,7241
2025-09-12 09:15:00+00:00,3575.800048828125,3577.699951171875,3575.800048828125,3577.199951171875,12114
2025-09-12 09:20:00+00:00,3579.0,3580.39990234375,3576.0,3576.199951171875,21220
2025-09-12 09:25:00+00:00,3578.199951171875,3580.800048828125,3578.0,3579.0,12318
2025-09-12 09:30:00+00:00,3579.89990234375,3580.0,3577.89990234375,3578.0,15176
2025-09-12 09:35:00+00:00,3581.5,3581.800048828125,3579.699951171875,3579.89990234375,17917
2025-09-12 09:40:00+00:00,3580.199951171875,3581.800048828125,3578.60009765625,3581.5,25050
2025-09-12 09:45:00+00:00,3580.89990234375,3581.800048828125,3579.0,3580.199951171875,23554
2025-09-12 09:50:00+00:00,3580.300048828125,3582.10009765625,3578.89990234375,3580.800048828125,29772
2025-09-12 09:55:00+00:00,3579.10009765625,3582.0,3577.10009765625,3580.5,40318
2025-09-15 03:45:00+00:00,3578.800048828125,3588.5,3577.5,3588.0,0
2025-09-15 03:50:00+00:00,3588.10009765625,3588.5,3576.0,3578.39990234375,15210
2025-09-15 03:55:00+00:00,3590.0,3592.0,3589.0,3589.5,19432
2025-09-15 04:00:00+00:00,3584.39990234375,3590.199951171875,3582.0,3590.199951171875,15810
2025-09-15 04:05:00+00:00,3584.39990234375,3584.699951171875,3581.10009765625,3583.60009765625,5715
2025-09-15 04:10:00+00:00,3585.39990234375,3585.5,3584.10009765625,3584.39990234375,3336
2025-09-15 04:15:00+00:00,3598.10009765625,3599.0,3584.800048828125,3585.300048828125,43948
2025-09-15 04:20:00+00:00,3601.39990234375,3601.5,3595.199951171875,3598.39990234375,37194
2025-09-15 04:25:00+00:00,3601.39990234375,3604.300048828125,3599.10009765625,3602.0,33570
2025-09-15 04:30:00+00:00,3602.39990234375,3606.5,3600.699951171875,3600.699951171875,26305
2025-09-15 04:35:00+00:00,3598.60009765625,3602.60009765625,3596.39990234375,3602.5,20256
2025-09-15 04:40:00+00:00,3602.39990234375,3603.0,3597.199951171875,3598.60009765625,12539
2025-09-15 04:45:00+00:00,3605.39990234375,3606.5,3601.800048828125,3602.0,22340
2025-09-15 04:50:00+00:00,3602.199951171875,3605.699951171875,3602.199951171875,3605.0,6401
2025-09-15 04:55:00+00:00,3601.0,3603.89990234375,3601.0,3602.199951171875,10542
2025-09-15 05:00:00+00:00,3604.800048828125,3605.199951171875,3602.300048828125,3602.89990234375,10356
2025-09-15 05:05:00+00:00,3602.199951171875,3606.800048828125,3601.0,3604.5,21401
2025-09-15 05:10:00+00:00,3599.0,3602.199951171875,3598.39990234375,3602.199951171875,13742
2025-09-15 05:15:00+00:00,3602.0,3602.0,3599.0,3599.0,15260
2025-09-15 05:20:00+00:00,3593.800048828125,3601.89990234375,3592.199951171875,3600.800048828125,16130
2025-09-15 05:25:00+00:00,3595.39990234375,3596.89990234375,3593.5,3593.60009765625,10831
2025-09-15 05:30:00+00:00,3595.5,3596.5,3593.60009765625,3595.60009765625,5077
2025-09-15 05:35:00+00:00,3596.10009765625,3598.699951171875,3595.10009765625,3595.300048828125,9538
2025-09-15 05:40:00+00:00,3600.0,3600.60009765625,3596.10009765625,3596.10009765625,19512
2025-09-15 05:45:00+00:00,3598.0,3600.800048828125,3598.0,3600.0,6698
2025-09-15 05:50:00+00:00,3600.89990234375,3601.0,3597.10009765625,3598.0,6846
2025-09-15 05:55:00+00:00,3600.39990234375,3601.0,3598.10009765625,3599.800048828125,10736
2025-09-15 06:00:00+00:00,3602.39990234375,3603.0,3598.199951171875,3600.39990234375,19216
2025-09-15 06:05:00+00:00,3602.60009765625,3603.10009765625,3599.800048828125,3602.39990234375,5860
2025-09-15 06:10:00+00:00,3600.199951171875,3603.39990234375,3600.0,3602.39990234375,10386
2025-09-15 06:15:00+00:00,3600.0,3601.60009765625,3599.10009765625,3600.39990234375,12756
2025-09-15 06:20:00+00:00,3600.39990234375,3601.699951171875,3599.10009765625,3600.0,12076
2025-09-15 06:25:00+00:00,3602.800048828125,3602.89990234375,3600.0,3600.199951171875,10027
2025-09-15 06:30:00+00:00,3600.0,3603.0,3600.0,3602.699951171875,11018
2025-09-15 06:35:00+00:00,3599.199951171875,3600.300048828125,3598.10009765625,3600.199951171875,7489
2025-09-15 06:40:00+00:00,3599.300048828125,3600.5,3598.199951171875,3598.199951171875,7447
2025-09-15 06:45:00+00:00,3600.0,3600.60009765625,3599.10009765625,3599.300048828125,13283
2025-09-15 06:50:00+00:00,3598.199951171875,3600.39990234375,3598.10009765625,3600.0,10706
2025-09-15 06:55:00+00:00,3598.10009765625,3599.300048828125,3597.89990234375,3598.199951171875,30143
2025-09-15 07:00:00+00:00,3600.0,3600.89990234375,3597.699951171875,3599.300048828125,13322
2025-09-15 07:05:00+00:00,3600.0,3601.0,3600.0,3600.10009765625,10182
2025-09-15 07:10:00+00:00,3600.0,3600.5,3599.10009765625,3600.10009765625,29336
2025-09-15 07:15:00+00:00,3598.199951171875,3601.199951171875,3598.10009765625,3600.10009765625,9795
2025-09-15 07:20:00+00:00,3598.199951171875,3598.89990234375,3598.10009765625,3598.10009765625,6781
2025-09-15 07:25:00+00:00,3599.0,3600.5,3598.199951171875,3598.300048828125,7120
2025-09-15 07:30:00+00:00,3600.199951171875,3600.60009765625,3598.300048828125,3600.0,9397
2025-09-15 07:35:00+00:00,3601.0,3602.0,3600.0,3600.0,9821
2025-09-15 07:40:00+00:00,3598.800048828125,3601.5,3598.699951171875,3601.0,4374
2025-09-15 07:45:00+00:00,3597.300048828125,3599.89990234375,3597.300048828125,3598.800048828125,4392
2025-09-15 07:50:00+00:00,3598.800048828125,3600.699951171875,3595.5,3597.800048828125,21841
2025-09-15 07:55:00+00:00,3598.5,3600.0,3597.0,3599.10009765625,3518
2025-09-15 08:00:00+00:00,3596.199951171875,3598.5,3596.0,3597.699951171875,3922
2025-09-15 08:05:00+00:00,3596.60009765625,3597.60009765625,3595.800048828125,3595.800048828125,3957
2025-09-15 08:10:00+00:00,3590.89990234375,3595.699951171875,3587.0,3595.60009765625,42375
2025-09-15 08:15:00+00:00,3591.300048828125,3595.199951171875,3590.300048828125,3591.199951171875,18360
2025-09-15 08:20:00+00:00,3591.89990234375,3592.60009765625,3589.199951171875,3591.60009765625,8073
2025-09-15 08:25:00+00:00,3590.10009765625,3592.800048828125,3589.5,3592.10009765625,4395
2025-09-15 08:30:00+00:00,3591.39990234375,3592.199951171875,3589.60009765625,3590.199951171875,6010
2025-09-15 08:35:00+00:00,3590.199951171875,3591.39990234375,3589.800048828125,3591.0,5865
2025-09-15 08:40:00+00:00,3590.199951171875,3591.800048828125,3589.5,3589.5,4807
2025-09-15 08:45:00+00:00,3588.0,3591.699951171875,3587.5,3590.10009765625,6526
2025-09-15 08:50:00+00:00,3588.0,3589.300048828125,3587.199951171875,3588.199951171875,5566
2025-09-15 08:55:00+00:00,3589.39990234375,3589.800048828125,3587.300048828125,3587.300048828125,6928
2025-09-15 09:00:00+00:00,3592.800048828125,3593.0,3589.39990234375,3589.60009765625,8531
2025-09-15 09:05:00+00:00,3592.89990234375,3594.39990234375,3591.0,3592.5,8127
2025-09-15 09:10:00+00:00,3595.89990234375,3597.89990234375,3592.300048828125,3592.5,32535
2025-09-15 09:15:00+00:00,3594.39990234375,3597.5,3594.199951171875,3596.39990234375,7422
2025-09-15 09:20:00+00:00,3594.0,3595.0,3593.89990234375,3594.199951171875,9317
2025-09-15 09:25:00+00:00,3592.89990234375,3594.199951171875,3592.10009765625,3593.60009765625,8216
2025-09-15 09:30:00+00:00,3588.800048828125,3593.5,3588.800048828125,3592.800048828125,35486
2025-09-15 09:35:00+00:00,3586.5,3588.89990234375,3586.199951171875,3588.800048828125,41099
2025-09-15 09:40:00+00:00,3584.300048828125,3586.89990234375,3582.5,3586.699951171875,44257
2025-09-15 09:45:00+00:00,3584.800048828125,3585.0,3583.10009765625,3584.39990234375,47593
2025-09-15 09:50:00+00:00,3585.699951171875,3586.199951171875,3582.89990234375,3585.0,40726
2025-09-15 09:55:00+00:00,3589.0,3590.0,3585.0,3585.800048828125,35853
2025-09-16 04:55:00+00:00,3621.800048828125,3626.0,3621.5,3625.699951171875,23831
2025-09-16 05:00:00+00:00,3623.0,3624.39990234375,3621.800048828125,3622.300048828125,5897
2025-09-16 05:05:00+00:00,3623.5,3623.5,3623.39990234375,3623.39990234375,28403
2025-09-16 05:10:00+00:00,3622.0,3624.199951171875,3618.800048828125,3623.5,25668
2025-09-16 05:30:00+00:00,3623.0,3626.0,3623.0,3625.89990234375,47708
2025-09-16 05:35:00+00:00,3624.199951171875,3625.39990234375,3620.5,3622.800048828125,34246
2025-09-16 05:40:00+00:00,3624.800048828125,3625.89990234375,3623.199951171875,3624.5,19930
2025-09-16 05:45:00+00:00,3625.0,3626.89990234375,3623.800048828125,3624.800048828125,31275
2025-09-16 05:50:00+00:00,3634.5,3635.300048828125,3624.800048828125,3624.800048828125,72772
2025-09-16 05:55:00+00:00,3630.199951171875,3635.0,3629.199951171875,3634.60009765625,22097
2025-09-16 06:05:00+00:00,3631.5,3632.0,3628.800048828125,3629.0,69556
2025-09-16 06:10:00+00:00,3640.0,3641.39990234375,3631.0,3632.0,79115
2025-09-16 06:15:00+00:00,3639.699951171875,3641.0,3634.60009765625,3640.10009765625,78390
2025-09-16 06:20:00+00:00,3640.39990234375,3640.5,3638.5,3639.199951171875,4778
2025-09-16 06:25:00+00:00,3645.199951171875,3649.800048828125,3642.800048828125,3648.89990234375,85494
2025-09-16 06:30:00+00:00,3647.0,3648.0,3644.39990234375,3645.5,16862
2025-09-16 06:35:00+00:00,3647.0,3647.699951171875,3644.699951171875,3647.0,29581
2025-09-16 06:40:00+00:00,3647.800048828125,3648.0,3643.10009765625,3647.0,16907
2025-09-16 06:45:00+00:00,3650.0,3651.5,3645.199951171875,3648.0,41822
2025-09-16 06:50:00+00:00,3650.10009765625,3654.89990234375,3649.10009765625,3650.0,27667
2025-09-16 06:55:00+00:00,3650.39990234375,3651.5,3649.0,3651.199951171875,14611
2025-09-16 07:00:00+00:00,3653.39990234375,3655.699951171875,3649.0,3650.0,32215
2025-09-16 07:05:00+00:00,3661.0,3662.0,3653.10009765625,3653.39990234375,44654
2025-09-16 07:10:00+00:00,3667.800048828125,3667.800048828125,3659.0,3661.0,40835
2025-09-16 07:15:00+00:00,3665.699951171875,3670.0,3664.199951171875,3667.800048828125,30316
2025-09-16 09:30:00+00:00,3668.300048828125,3670.0,3661.0,3663.699951171875,1019295
2025-09-16 09:35:00+00:00,3668.60009765625,3673.39990234375,3662.10009765625,3667.60009765625,137837
2025-09-16 09:40:00+00:00,3671.60009765625,3674.0,3663.5,3667.0,94585
2025-09-16 09:55:00+00:00,3667.800048828125,3667.800048828125,3667.800048828125,3667.800048828125,0
2025-09-17 03:45:00+00:00,3681.199951171875,3684.0,3662.89990234375,3674.699951171875,68880
2025-09-17 03:50:00+00:00,3692.5,3693.89990234375,3680.699951171875,3681.199951171875,60855
2025-09-17 03:55:00+00:00,3694.0,3700.0,3690.10009765625,3691.699951171875,89894
2025-09-17 04:00:00+00:00,3695.39990234375,3697.39990234375,3690.300048828125,3693.199951171875,32199
2025-09-17 04:05:00+00:00,3700.800048828125,3704.0,3695.699951171875,3696.89990234375,37812
2025-09-17 04:10:00+00:00,3691.300048828125,3702.0,3691.10009765625,3700.800048828125,31507
2025-09-17 04:15:00+00:00,3691.699951171875,3694.0,3691.10009765625,3692.0,20280
2025-09-17 04:20:00+00:00,3687.0,3694.0,3686.39990234375,3692.5,24537
2025-09-17 04:25:00+00:00,3688.0,3692.0,3686.300048828125,3686.699951171875,21952
2025-09-17 04:30:00+00:00,3691.60009765625,3691.60009765625,3686.10009765625,3689.10009765625,13586
2025-09-17 04:35:00+00:00,3691.199951171875,3693.0,3690.0,3691.89990234375,11107
2025-09-17 04:40:00+00:00,3690.5,3691.10009765625,3688.199951171875,3688.699951171875,10200
2025-09-17 04:45:00+00:00,3689.39990234375,3691.89990234375,3688.0,3690.800048828125,9794
2025-09-17 04:50:00+00:00,3694.699951171875,3694.699951171875,3689.0,3689.0,13309
2025-09-17 04:55:00+00:00,3698.0,3698.0,3692.60009765625,3694.199951171875,19062
2025-09-17 05:00:00+00:00,3695.699951171875,3699.0,3695.0,3698.5,14011
2025-09-17 05:05:00+00:00,3698.300048828125,3698.5,3695.89990234375,3696.0,8595
2025-09-17 05:10:00+00:00,3699.89990234375,3700.0,3697.5,3698.5,15528
2025-09-17 05:15:00+00:00,3696.5,3700.300048828125,3696.300048828125,3699.300048828125,16412
2025-09-17 05:20:00+00:00,3693.10009765625,3696.5,3690.89990234375,3696.39990234375,24276
2025-09-17 05:25:00+00:00,3694.800048828125,3695.199951171875,3693.300048828125,3693.800048828125,10462
2025-09-17 05:30:00+00:00,3694.89990234375,3695.39990234375,3694.5,3694.5,23591
2025-09-17 05:35:00+00:00,3695.39990234375,3697.39990234375,3693.5,3694.89990234375,12286
2025-09-17 05:40:00+00:00,3693.60009765625,3697.0,3692.0,3695.10009765625,23454
2025-09-17 05:45:00+00:00,3691.10009765625,3699.5,3691.0,3693.60009765625,47193
2025-09-17 05:50:00+00:00,3693.199951171875,3697.10009765625,3691.0,3691.800048828125,7766
2025-09-17 05:55:00+00:00,3693.60009765625,3694.10009765625,3690.5,3693.5,10974
2025-09-17 06:00:00+00:00,3690.800048828125,3695.0,3690.60009765625,3693.60009765625,12015
2025-09-17 06:05:00+00:00,3692.699951171875,3693.89990234375,3690.60009765625,3690.60009765625,4768
2025-09-17 06:10:00+00:00,3696.0,3696.0,3692.699951171875,3692.699951171875,15041
2025-09-17 06:15:00+00:00,3695.89990234375,3697.5,3695.39990234375,3695.800048828125,8666
2025-09-17 06:20:00+00:00,3696.10009765625,3696.5,3695.800048828125,3696.0,5586
2025-09-17 06:25:00+00:00,3696.89990234375,3697.0,3694.89990234375,3696.0,15361
2025-09-17 06:30:00+00:00,3696.300048828125,3699.10009765625,3694.699951171875,3696.0,19667
2025-09-17 06:35:00+00:00,3695.60009765625,3698.0,3695.5,3696.800048828125,15493
2025-09-17 06:40:00+00:00,3696.0,3696.800048828125,3694.800048828125,3695.5,12535
2025-09-17 06:45:00+00:00,3696.0,3696.699951171875,3693.39990234375,3695.89990234375,10371
2025-09-17 06:50:00+00:00,3695.800048828125,3696.89990234375,3694.89990234375,3696.0,15709
2025-09-17 06:55:00+00:00,3695.0,3695.800048828125,3693.60009765625,3695.800048828125,8471
2025-09-17 07:00:00+00:00,3694.60009765625,3695.800048828125,3691.199951171875,3694.0,23115
2025-09-17 07:05:00+00:00,3693.5,3695.800048828125,3692.0,3692.199951171875,10861
2025-09-17 07:10:00+00:00,3694.60009765625,3695.0,3691.199951171875,3693.5,12640
2025-09-17 07:15:00+00:00,3694.800048828125,3695.0,3693.300048828125,3694.800048828125,11553
2025-09-17 07:20:00+00:00,3694.89990234375,3695.0,3693.60009765625,3695.0,9251
2025-09-17 07:25:00+00:00,3694.0,3695.0,3693.60009765625,3694.89990234375,14714
2025-09-17 07:30:00+00:00,3693.5,3697.5,3692.199951171875,3694.0,19581
2025-09-17 07:35:00+00:00,3693.5,3695.0,3689.89990234375,3694.0,21177
2025-09-17 07:40:00+00:00,3690.0,3693.5,3688.0,3693.5,22211
2025-09-17 07:45:00+00:00,3690.0,3690.5,3688.5,3690.0,18919
2025-09-17 07:50:00+00:00,3690.10009765625,3690.5,3688.89990234375,3689.60009765625,21557
2025-09-17 07:55:00+00:00,3691.699951171875,3694.89990234375,3689.5,3690.10009765625,17241
2025-09-17 08:00:00+00:00,3692.5,3693.0,3690.300048828125,3691.699951171875,10379
2025-09-17 08:05:00+00:00,3688.10009765625,3692.5,3687.699951171875,3692.0,10278
2025-09-17 08:10:00+00:00,3686.10009765625,3689.0,3685.39990234375,3688.10009765625,15230
2025-09-17 08:15:00+00:00,3685.5,3687.0,3682.10009765625,3686.10009765625,14524
2025-09-17 08:20:00+00:00,3684.60009765625,3686.60009765625,3683.300048828125,3686.0,10736
2025-09-17 08:25:00+00:00,3682.800048828125,3685.199951171875,3681.699951171875,3683.89990234375,12644
2025-09-17 08:30:00+00:00,3680.5,3683.0,3678.0,3682.699951171875,21418
2025-09-17 08:35:00+00:00,3679.300048828125,3681.199951171875,3677.800048828125,3681.0,19730
2025-09-17 08:40:00+00:00,3679.699951171875,3680.0,3677.800048828125,3679.199951171875,17367
2025-09-17 08:45:00+00:00,3683.0,3683.39990234375,3679.699951171875,3679.699951171875,24159
2025-09-17 08:50:00+00:00,3680.0,3682.39990234375,3679.300048828125,3682.39990234375,19314
2025-09-17 08:55:00+00:00,3679.89990234375,3680.0,3674.60009765625,3679.300048828125,53611
2025-09-17 09:00:00+00:00,3685.0,3685.0,3677.10009765625,3679.39990234375,31586
2025-09-17 09:05:00+00:00,3686.89990234375,3687.89990234375,3682.10009765625,3683.800048828125,27078
2025-09-17 09:10:00+00:00,3686.800048828125,3687.300048828125,3682.800048828125,3687.300048828125,27914
2025-09-17 09:15:00+00:00,3686.39990234375,3689.0,3683.39990234375,3686.699951171875,23222
2025-09-17 09:20:00+00:00,3685.10009765625,3687.0,3683.300048828125,3686.300048828125,15877
2025-09-17 09:25:00+00:00,3686.5,3687.199951171875,3683.60009765625,3685.10009765625,18379
2025-09-17 09:30:00+00:00,3684.60009765625,3687.0,3682.89990234375,3686.300048828125,34397
2025-09-17 09:35:00+00:00,3687.199951171875,3687.199951171875,3684.300048828125,3684.800048828125,32231
2025-09-17 09:40:00+00:00,3684.699951171875,3687.199951171875,3683.800048828125,3687.199951171875,34528
2025-09-17 09:45:00+00:00,3686.0,3687.5,3684.39990234375,3684.699951171875,42891
2025-09-17 09:50:00+00:00,3685.300048828125,3686.39990234375,3684.5,3686.10009765625,30995
2025-09-17 09:55:00+00:00,3685.5,3687.89990234375,3683.0,3686.0,35697
2025-09-18 03:45:00+00:00,3690.39990234375,3695.60009765625,3689.800048828125,3695.60009765625,0
2025-09-18 03:50:00+00:00,3699.60009765625,3700.0,3684.10009765625,3690.39990234375,58305
2025-09-18 03:55:00+00:00,3692.0,3700.0,3691.39990234375,3699.60009765625,16358
2025-09-18 04:00:00+00:00,3693.5,3694.0,3690.0,3691.10009765625,15206
2025-09-18 04:05:00+00:00,3691.60009765625,3695.0,3690.5,3694.0,12196
2025-09-18 04:10:00+00:00,3697.199951171875,3697.199951171875,3691.60009765625,3691.60009765625,16693
2025-09-18 04:15:00+00:00,3696.800048828125,3699.0,3693.0,3697.199951171875,17600
2025-09-18 04:20:00+00:00,3696.199951171875,3697.0,3694.0,3696.699951171875,8608
2025-09-18 04:25:00+00:00,3694.89990234375,3696.699951171875,3693.0,3696.10009765625,9555
2025-09-18 04:30:00+00:00,3696.89990234375,3697.0,3693.0,3694.199951171875,9435
2025-09-18 04:35:00+00:00,3698.699951171875,3699.39990234375,3696.89990234375,3696.89990234375,15217
2025-09-18 04:40:00+00:00,3695.0,3699.0,3692.699951171875,3699.0,9998
2025-09-18 04:45:00+00:00,3692.300048828125,3695.10009765625,3692.10009765625,3694.800048828125,8955
2025-09-18 04:50:00+00:00,3692.60009765625,3693.800048828125,3690.800048828125,3692.300048828125,7637
2025-09-18 04:55:00+00:00,3692.300048828125,3695.0,3690.39990234375,3693.60009765625,8736
2025-09-18 05:00:00+00:00,3691.800048828125,3693.10009765625,3690.0,3692.300048828125,9864
2025-09-18 05:05:00+00:00,3690.89990234375,3692.0,3690.0,3691.800048828125,9932
2025-09-18 05:10:00+00:00,3688.10009765625,3692.5,3688.0,3692.0,12438
2025-09-18 05:15:00+00:00,3690.0,3691.5,3687.5,3688.0,9755
2025-09-18 05:20:00+00:00,3690.89990234375,3693.5,3689.89990234375,3690.0,10259
2025-09-18 05:25:00+00:00,3692.0,3692.0,3689.800048828125,3691.0,8080
2025-09-18 05:30:00+00:00,3695.0,3695.0,3691.89990234375,3692.199951171875,10680
2025-09-18 05:35:00+00:00,3694.10009765625,3695.300048828125,3693.199951171875,3694.300048828125,8567
2025-09-18 05:40:00+00:00,3694.0,3694.89990234375,3691.300048828125,3694.0,8398
2025-09-18 05:45:00+00:00,3690.10009765625,3694.0,3690.10009765625,3693.199951171875,13025
2025-09-18 05:50:00+00:00,3689.39990234375,3691.89990234375,3688.5,3690.5,6400
2025-09-18 05:55:00+00:00,3692.39990234375,3693.89990234375,3688.60009765625,3689.39990234375,10146
2025-09-18 06:00:00+00:00,3690.89990234375,3697.10009765625,3689.699951171875,3692.39990234375,23770
2025-09-18 06:05:00+00:00,3695.0,3696.60009765625,3690.10009765625,3691.10009765625,16238
2025-09-18 06:10:00+00:00,3693.39990234375,3695.0,3693.39990234375,3695.0,3697
2025-09-18 06:15:00+00:00,3692.89990234375,3694.0,3691.60009765625,3692.0,4750
2025-09-18 06:20:00+00:00,3692.699951171875,3693.0,3691.0,3692.89990234375,5242
2025-09-18 06:25:00+00:00,3691.0,3692.699951171875,3690.699951171875,3692.699951171875,8374
2025-09-18 06:30:00+00:00,3691.39990234375,3692.0,3690.800048828125,3692.0,7498
2025-09-18 06:35:00+00:00,3691.0,3694.0,3690.10009765625,3691.5,9594
2025-09-18 06:40:00+00:00,3689.199951171875,3691.5,3688.699951171875,3691.0,15424
2025-09-18 06:45:00+00:00,3690.0,3691.0,3688.800048828125,3689.199951171875,8984
2025-09-18 06:50:00+00:00,3687.89990234375,3690.0,3687.800048828125,3690.0,13188
2025-09-18 06:55:00+00:00,3688.5,3689.60009765625,3687.0,3687.800048828125,4380
2025-09-18 07:00:00+00:00,3685.0,3688.699951171875,3684.800048828125,3688.5,12021
2025-09-18 07:05:00+00:00,3684.0,3688.0,3683.0,3685.199951171875,11387
2025-09-18 07:10:00+00:00,3683.10009765625,3684.0,3681.800048828125,3684.0,10947
2025-09-18 07:15:00+00:00,3685.199951171875,3687.300048828125,3683.10009765625,3684.60009765625,11891
2025-09-18 07:20:00+00:00,3685.60009765625,3686.0,3683.699951171875,3685.199951171875,5607
2025-09-18 07:25:00+00:00,3691.0,3691.5,3684.39990234375,3685.800048828125,12653
2025-09-18 07:30:00+00:00,3695.5,3695.5,3690.0,3691.0,23580
2025-09-18 07:35:00+00:00,3695.699951171875,3696.800048828125,3691.800048828125,3695.10009765625,32479
2025-09-18 07:40:00+00:00,3693.0,3695.699951171875,3691.800048828125,3695.699951171875,17720
2025-09-18 07:45:00+00:00,3690.300048828125,3693.0,3690.10009765625,3693.0,6471
2025-09-18 07:50:00+00:00,3686.60009765625,3690.300048828125,3686.39990234375,3690.0,5021
2025-09-18 07:55:00+00:00,3688.0,3688.60009765625,3686.39990234375,3686.39990234375,7293
2025-09-18 08:00:00+00:00,3688.5,3688.800048828125,3686.39990234375,3687.699951171875,8969
2025-09-18 08:05:00+00:00,3686.300048828125,3689.199951171875,3686.199951171875,3688.5,7976
2025-09-18 08:10:00+00:00,3687.300048828125,3687.60009765625,3686.10009765625,3686.300048828125,8565
2025-09-18 08:15:00+00:00,3683.5,3688.89990234375,3683.10009765625,3687.39990234375,22051
2025-09-18 08:20:00+00:00,3683.699951171875,3684.60009765625,3680.0,3683.60009765625,7413
2025-09-18 08:25:00+00:00,3679.39990234375,3683.699951171875,3679.10009765625,3683.699951171875,8804
2025-09-18 08:30:00+00:00,3683.89990234375,3685.0,3679.300048828125,3679.39990234375,4675
2025-09-18 08:35:00+00:00,3679.89990234375,3683.89990234375,3678.89990234375,3683.89990234375,10510
2025-09-18 08:40:00+00:00,3679.699951171875,3683.300048828125,3678.0,3680.0,33252
2025-09-18 08:45:00+00:00,3679.60009765625,3681.199951171875,3677.39990234375,3679.699951171875,9139
2025-09-18 08:50:00+00:00,3676.0,3680.89990234375,3675.199951171875,3679.0,19602
2025-09-18 08:55:00+00:00,3675.199951171875,3677.0,3673.300048828125,3675.10009765625,18016
2025-09-18 09:00:00+00:00,3674.699951171875,3678.5,3673.60009765625,3674.0,26710
2025-09-18 09:05:00+00:00,3674.699951171875,3676.89990234375,3672.800048828125,3674.699951171875,17034
2025-09-18 09:10:00+00:00,3674.89990234375,3676.800048828125,3673.0,3674.199951171875,24367
2025-09-18 09:15:00+00:00,3681.0,3681.0,3673.199951171875,3674.800048828125,38126
2025-09-18 09:20:00+00:00,3681.0,3681.0,3674.10009765625,3681.0,30946
2025-09-18 09:25:00+00:00,3683.800048828125,3685.60009765625,3681.0,3681.0,14667
2025-09-18 09:30:00+00:00,3686.89990234375,3687.89990234375,3679.699951171875,3683.800048828125,51111
2025-09-18 09:35:00+00:00,3687.39990234375,3689.89990234375,3682.300048828125,3686.800048828125,104334
2025-09-18 09:40:00+00:00,3685.89990234375,3691.0,3685.800048828125,3687.5,49709
2025-09-18 09:45:00+00:00,3686.60009765625,3688.89990234375,3684.0,3686.199951171875,38273
2025-09-18 09:50:00+00:00,3685.0,3687.39990234375,3682.10009765625,3687.10009765625,30009
2025-09-18 09:55:00+00:00,3685.0,3688.800048828125,3682.300048828125,3685.0,39511
2025-09-19 03:45:00+00:00,3683.60009765625,3687.39990234375,3674.0,3684.60009765625,0
2025-09-19 03:50:00+00:00,3695.800048828125,3700.300048828125,3683.800048828125,3685.0,47189
2025-09-19 03:55:00+00:00,3697.0,3705.0,3695.0,3695.0,39198
2025-09-19 04:00:00+00:00,3691.89990234375,3698.0,3690.199951171875,3696.699951171875,17862
2025-09-19 04:05:00+00:00,3691.10009765625,3694.0,3687.0,3692.800048828125,15408
2025-09-19 04:10:00+00:00,3689.39990234375,3692.0,3688.5,3691.10009765625,11021
2025-09-19 04:15:00+00:00,3689.699951171875,3691.60009765625,3689.0,3690.0,9694
2025-09-19 04:20:00+00:00,3688.199951171875,3690.0,3686.5,3689.699951171875,7627
2025-09-19 04:25:00+00:00,3688.0,3690.0,3685.300048828125,3686.699951171875,7501
2025-09-19 04:30:00+00:00,3684.89990234375,3688.0,3684.0,3687.0,10248
2025-09-19 04:35:00+00:00,3685.0,3688.199951171875,3684.300048828125,3685.0,7342
2025-09-19 04:40:00+00:00,3684.89990234375,3687.0,3683.800048828125,3685.5,4987
2025-09-19 04:45:00+00:00,3690.0,3691.89990234375,3684.800048828125,3686.199951171875,11601
2025-09-19 04:50:00+00:00,3690.800048828125,3691.89990234375,3687.699951171875,3690.10009765625,11514
2025-09-19 04:55:00+00:00,3692.0,3693.5,3689.199951171875,3690.800048828125,12445
2025-09-19 05:00:00+00:00,3693.60009765625,3694.0,3690.0,3692.0,22814
2025-09-19 05:05:00+00:00,3697.0,3698.0,3691.699951171875,3693.300048828125,29884
2025-09-19 05:10:00+00:00,3695.300048828125,3697.0,3693.0,3696.5,15881
2025-09-19 05:15:00+00:00,3695.5,3695.89990234375,3693.300048828125,3695.10009765625,7359
2025-09-19 05:20:00+00:00,3697.5,3697.5,3693.10009765625,3695.39990234375,9163
2025-09-19 05:25:00+00:00,3700.0,3701.39990234375,3694.60009765625,3697.5,49190
2025-09-19 05:30:00+00:00,3699.199951171875,3701.300048828125,3698.0,3700.800048828125,11700
2025-09-19 05:35:00+00:00,3700.0,3700.89990234375,3697.89990234375,3700.0,19185
2025-09-19 05:40:00+00:00,3698.300048828125,3701.0,3697.10009765625,3700.0,9103
2025-09-19 05:45:00+00:00,3699.39990234375,3699.800048828125,3697.39990234375,3698.10009765625,10757
2025-09-19 05:50:00+00:00,3695.699951171875,3699.800048828125,3694.199951171875,3699.300048828125,14620
2025-09-19 05:55:00+00:00,3695.0,3697.39990234375,3694.5,3695.699951171875,8024
2025-09-19 06:00:00+00:00,3691.89990234375,3696.300048828125,3690.60009765625,3696.300048828125,4966
2025-09-19 06:05:00+00:00,3690.0,3692.60009765625,3687.10009765625,3690.800048828125,21960
2025-09-19 06:10:00+00:00,3687.5,3691.0,3687.0,3690.89990234375,14064
2025-09-19 06:15:00+00:00,3686.39990234375,3688.89990234375,3683.800048828125,3688.800048828125,9450
2025-09-19 06:20:00+00:00,3687.300048828125,3687.699951171875,3684.0,3686.39990234375,17817
2025-09-19 06:25:00+00:00,3683.10009765625,3686.800048828125,3681.60009765625,3686.5,17718
2025-09-19 06:30:00+00:00,3683.199951171875,3683.60009765625,3679.199951171875,3683.0,35299
2025-09-19 06:35:00+00:00,3684.5,3684.5,3680.199951171875,3683.10009765625,24588
2025-09-19 06:40:00+00:00,3685.199951171875,3685.699951171875,3683.300048828125,3684.5,9688
2025-09-19 06:45:00+00:00,3682.0,3685.60009765625,3681.0,3684.0,10631
2025-09-19 06:50:00+00:00,3682.800048828125,3683.800048828125,3681.0,3681.10009765625,8476
2025-09-19 06:55:00+00:00,3681.0,3683.800048828125,3681.0,3683.60009765625,22246
2025-09-19 07:00:00+00:00,3679.10009765625,3687.0,3679.0,3682.699951171875,44876
2025-09-19 07:05:00+00:00,3677.89990234375,3682.10009765625,3677.699951171875,3679.10009765625,15885
2025-09-19 07:10:00+00:00,3678.300048828125,3679.300048828125,3677.800048828125,3677.89990234375,15849
2025-09-19 07:15:00+00:00,3678.300048828125,3680.0,3678.10009765625,3678.199951171875,17539
2025-09-19 07:20:00+00:00,3682.800048828125,3683.699951171875,3677.10009765625,3678.300048828125,33022
2025-09-19 07:25:00+00:00,3682.199951171875,3686.0,3681.800048828125,3682.89990234375,19271
2025-09-19 07:30:00+00:00,3683.0,3683.800048828125,3681.60009765625,3682.199951171875,11464
2025-09-19 07:35:00+00:00,3682.0,3684.0,3681.300048828125,3683.0,17561
2025-09-19 07:40:00+00:00,3682.0,3683.10009765625,3680.0,3682.0,12547
2025-09-19 07:45:00+00:00,3680.5,3683.0,3679.699951171875,3682.0,13238
2025-09-19 07:50:00+00:00,3680.0,3681.0,3679.300048828125,3680.5,6306
2025-09-19 07:55:00+00:00,3679.5,3681.0,3678.0,3679.5,14832
2025-09-19 08:00:00+00:00,3681.89990234375,3682.199951171875,3678.300048828125,3679.5,17882
2025-09-19 08:05:00+00:00,3680.39990234375,3684.89990234375,3679.89990234375,3681.89990234375,24108
2025-09-19 08:10:00+00:00,3681.10009765625,3683.199951171875,3679.699951171875,3680.0,16295
2025-09-19 08:15:00+00:00,3680.89990234375,3682.0,3680.10009765625,3681.5,10010
2025-09-19 08:20:00+00:00,3681.0,3681.5,3679.60009765625,3680.89990234375,11396
2025-09-19 08:25:00+00:00,3681.5,3681.5,3679.300048828125,3680.0,8014
2025-09-19 08:30:00+00:00,3683.800048828125,3685.89990234375,3680.199951171875,3681.5,27336
2025-09-19 08:35:00+00:00,3683.5,3684.39990234375,3681.10009765625,3683.89990234375,7275
2025-09-19 08:40:00+00:00,3683.0,3684.699951171875,3682.10009765625,3683.0,8621
2025-09-19 08:45:00+00:00,3680.5,3683.699951171875,3679.5,3683.5,13484
2025-09-19 08:50:00+00:00,3679.5,3681.10009765625,3677.39990234375,3680.300048828125,9970
2025-09-19 08:55:00+00:00,3678.0,3680.0,3676.60009765625,3679.5,20815
2025-09-19 09:00:00+00:00,3678.60009765625,3681.10009765625,3675.199951171875,3678.0,50776
2025-09-19 09:05:00+00:00,3678.89990234375,3680.0,3676.5,3679.60009765625,20684
2025-09-19 09:10:00+00:00,3678.10009765625,3681.0,3677.199951171875,3679.0,17102
2025-09-19 09:15:00+00:00,3678.0,3680.0,3677.39990234375,3678.300048828125,13882
2025-09-19 09:20:00+00:00,3679.0,3680.699951171875,3677.0,3678.89990234375,16697
2025-09-19 09:25:00+00:00,3680.5,3682.0,3677.5,3678.800048828125,28359
2025-09-19 09:30:00+00:00,3673.89990234375,3682.300048828125,3673.800048828125,3680.5,147832
2025-09-19 09:35:00+00:00,3674.39990234375,3677.0,3673.39990234375,3673.800048828125,122499
2025-09-19 09:40:00+00:00,3674.89990234375,3678.800048828125,3672.199951171875,3674.5,149987
2025-09-19 09:45:00+00:00,3673.300048828125,3678.800048828125,3672.800048828125,3674.89990234375,153060
2025-09-19 09:50:00+00:00,3673.199951171875,3675.60009765625,3671.5,3673.199951171875,153180
2025-09-19 09:55:00+00:00,3675.39990234375,3684.300048828125,3673.300048828125,3674.10009765625,93314
2025-09-22 03:45:00+00:00,3663.800048828125,3689.300048828125,3656.0,3685.89990234375,0
2025-09-22 03:50:00+00:00,3655.0,3666.0,3655.0,3663.199951171875,23289
2025-09-22 03:55:00+00:00,3662.800048828125,3664.800048828125,3653.39990234375,3656.10009765625,16822
2025-09-22 04:00:00+00:00,3669.10009765625,3670.0,3660.199951171875,3662.300048828125,8674
2025-09-22 04:05:00+00:00,3667.0,3670.699951171875,3666.10009765625,3669.89990234375,11074
2025-09-22 04:10:00+00:00,3668.89990234375,3669.39990234375,3665.0,3667.0,5295
2025-09-22 04:15:00+00:00,3665.0,3668.89990234375,3664.60009765625,3668.89990234375,5760
2025-09-22 04:20:00+00:00,3664.60009765625,3668.699951171875,3661.0,3664.699951171875,24347
2025-09-22 04:25:00+00:00,3666.89990234375,3669.800048828125,3664.800048828125,3665.0,5919
2025-09-22 04:30:00+00:00,3674.0,3674.89990234375,3667.0,3667.0,18725
2025-09-22 04:35:00+00:00,3674.89990234375,3677.0,3672.60009765625,3674.89990234375,10547
2025-09-22 04:40:00+00:00,3672.89990234375,3675.300048828125,3670.5,3675.300048828125,16864
2025-09-22 04:45:00+00:00,3671.300048828125,3677.0,3670.199951171875,3673.0,17476
2025-09-22 04:50:00+00:00,3672.0,3672.0,3668.39990234375,3670.5,4052
2025-09-22 04:55:00+00:00,3672.699951171875,3673.0,3670.0,3672.0,6265
2025-09-22 05:00:00+00:00,3671.89990234375,3674.89990234375,3670.699951171875,3672.39990234375,7058
2025-09-22 05:05:00+00:00,3670.800048828125,3672.0,3668.10009765625,3671.89990234375,3645
2025-09-22 05:10:00+00:00,3670.5,3671.60009765625,3669.0,3671.5,4591
2025-09-22 05:15:00+00:00,3669.0,3671.0,3669.0,3670.39990234375,3991
2025-09-22 05:20:00+00:00,3669.89990234375,3671.0,3667.300048828125,3669.60009765625,4070
2025-09-22 05:25:00+00:00,3667.89990234375,3669.800048828125,3666.60009765625,3669.800048828125,4452
2025-09-22 05:30:00+00:00,3666.5,3668.0,3665.199951171875,3667.800048828125,3350
2025-09-22 05:35:00+00:00,3665.39990234375,3666.5,3663.5,3665.39990234375,4950
2025-09-22 05:40:00+00:00,3665.0,3665.89990234375,3663.0,3665.0,3521
2025-09-22 05:45:00+00:00,3664.60009765625,3667.0,3664.0,3665.699951171875,5351
2025-09-22 05:50:00+00:00,3665.0,3668.0,3662.800048828125,3664.60009765625,7665
2025-09-22 05:55:00+00:00,3662.699951171875,3665.0,3662.5,3664.300048828125,6499
2025-09-22 06:00:00+00:00,3660.89990234375,3662.800048828125,3660.199951171875,3662.10009765625,4079
2025-09-22 06:05:00+00:00,3661.0,3661.60009765625,3660.0,3661.0,6335
2025-09-22 06:10:00+00:00,3660.800048828125,3661.0,3659.60009765625,3661.0,13091
2025-09-22 06:15:00+00:00,3660.300048828125,3661.0,3660.0,3661.0,5822
2025-09-22 06:20:00+00:00,3660.5,3660.800048828125,3658.199951171875,3660.300048828125,4991
2025-09-22 06:25:00+00:00,3659.800048828125,3660.5,3657.60009765625,3660.300048828125,8151
2025-09-22 06:30:00+00:00,3658.699951171875,3659.89990234375,3657.5,3659.89990234375,4134
2025-09-22 06:35:00+00:00,3656.699951171875,3659.0,3656.60009765625,3658.699951171875,4259
2025-09-22 06:40:00+00:00,3657.0,3657.89990234375,3656.10009765625,3656.10009765625,5284
2025-09-22 06:45:00+00:00,3656.89990234375,3657.0,3656.89990234375,3657.0,4293
2025-09-22 06:50:00+00:00,3657.0,3658.0,3656.89990234375,3657.0,6513
2025-09-22 06:55:00+00:00,3655.60009765625,3657.89990234375,3655.60009765625,3657.0,7526
2025-09-22 07:00:00+00:00,3654.699951171875,3656.5,3654.0,3655.60009765625,5265
2025-09-22 07:05:00+00:00,3651.89990234375,3655.0,3651.89990234375,3654.699951171875,11021
2025-09-22 07:10:00+00:00,3651.5,3652.0,3651.10009765625,3652.0,24468
2025-09-22 07:15:00+00:00,3652.5,3653.39990234375,3650.39990234375,3651.5,13661
2025-09-22 07:20:00+00:00,3651.0,3654.5,3650.699951171875,3653.0,5519
2025-09-22 07:25:00+00:00,3650.89990234375,3651.5,3650.10009765625,3650.89990234375,7316
2025-09-22 07:30:00+00:00,3651.39990234375,3651.5,3650.0,3650.699951171875,6958
2025-09-22 07:35:00+00:00,3652.0,3653.800048828125,3651.39990234375,3651.5,14330
2025-09-22 07:40:00+00:00,3652.5,3653.0,3651.60009765625,3652.5,6523
2025-09-22 07:45:00+00:00,3652.0,3652.5,3651.199951171875,3652.5,4988
2025-09-22 07:50:00+00:00,3651.300048828125,3653.39990234375,3651.0,3652.0,6127
2025-09-22 07:55:00+00:00,3650.0,3651.5,3649.0,3651.39990234375,10014
2025-09-22 08:00:00+00:00,3648.699951171875,3650.0,3647.5,3649.89990234375,7337
2025-09-22 08:05:00+00:00,3649.89990234375,3650.0,3648.0,3648.699951171875,4089
2025-09-22 08:10:00+00:00,3650.800048828125,3651.0,3649.800048828125,3650.0,11950
2025-09-22 08:15:00+00:00,3650.0,3650.699951171875,3649.0,3650.0,22131
2025-09-22 08:20:00+00:00,3650.0,3650.0,3649.10009765625,3649.60009765625,8306
2025-09-22 08:25:00+00:00,3648.60009765625,3649.60009765625,3647.300048828125,3649.60009765625,6921
2025-09-22 08:30:00+00:00,3647.39990234375,3649.5,3646.699951171875,3648.39990234375,5373
2025-09-22 08:35:00+00:00,3649.0,3652.5,3647.199951171875,3647.39990234375,30513
2025-09-22 08:40:00+00:00,3649.39990234375,3650.0,3648.10009765625,3648.800048828125,5551
2025-09-22 08:45:00+00:00,3649.800048828125,3650.89990234375,3648.60009765625,3649.5,6424
2025-09-22 08:50:00+00:00,3649.89990234375,3652.199951171875,3649.0,3650.0,7518
2025-09-22 08:55:00+00:00,3649.89990234375,3650.0,3649.0,3649.699951171875,7312
2025-09-22 09:00:00+00:00,3649.10009765625,3651.60009765625,3647.699951171875,3649.89990234375,11137
2025-09-22 09:05:00+00:00,3648.60009765625,3650.0,3646.89990234375,3649.10009765625,4836
2025-09-22 09:10:00+00:00,3642.800048828125,3649.39990234375,3642.0,3648.5,10771
2025-09-22 09:15:00+00:00,3639.89990234375,3644.5,3633.89990234375,3644.39990234375,35383
2025-09-22 09:20:00+00:00,3643.89990234375,3644.0,3638.0,3639.699951171875,11773
2025-09-22 09:25:00+00:00,3645.199951171875,3645.89990234375,3639.39990234375,3643.89990234375,17632
2025-09-22 09:30:00+00:00,3648.300048828125,3649.800048828125,3645.0,3645.300048828125,16837
2025-09-22 09:35:00+00:00,3641.5,3649.89990234375,3639.5,3648.300048828125,33233
2025-09-22 09:40:00+00:00,3639.800048828125,3642.89990234375,3639.800048828125,3641.5,14830
2025-09-22 09:45:00+00:00,3642.0,3644.89990234375,3638.5,3639.800048828125,23897
2025-09-22 09:50:00+00:00,3646.10009765625,3647.699951171875,3642.0,3642.0,23920
2025-09-22 09:55:00+00:00,3644.5,3647.0,3643.300048828125,3646.39990234375,16166
2025-09-23 03:45:00+00:00,3641.0,3654.89990234375,3639.60009765625,3654.89990234375,0
2025-09-23 03:50:00+00:00,3634.300048828125,3646.800048828125,3634.0,3641.39990234375,17298
2025-09-23 03:55:00+00:00,3635.0,3637.699951171875,3632.0,3634.199951171875,14540
2025-09-23 04:00:00+00:00,3638.89990234375,3639.60009765625,3633.89990234375,3635.199951171875,7347
2025-09-23 04:05:00+00:00,3635.39990234375,3640.0,3633.800048828125,3639.300048828125,7241
2025-09-23 04:10:00+00:00,3631.199951171875,3637.89990234375,3631.199951171875,3635.39990234375,5231
2025-09-23 04:15:00+00:00,3622.39990234375,3631.10009765625,3622.39990234375,3631.10009765625,13829
2025-09-23 04:20:00+00:00,3617.300048828125,3623.10009765625,3616.89990234375,3622.60009765625,10808
2025-09-23 04:25:00+00:00,3621.199951171875,3623.10009765625,3614.0,3617.0,12574
2025-09-23 04:30:00+00:00,3624.10009765625,3624.89990234375,3620.10009765625,3620.60009765625,7411
2025-09-23 04:35:00+00:00,3626.10009765625,3627.0,3621.89990234375,3624.0,4818
2025-09-23 04:40:00+00:00,3624.800048828125,3626.5,3623.5,3626.10009765625,4294
2025-09-23 04:45:00+00:00,3622.800048828125,3624.800048828125,3622.0,3624.0,2928
2025-09-23 04:50:00+00:00,3623.0,3624.60009765625,3621.0,3622.800048828125,5803
2025-09-23 04:55:00+00:00,3627.89990234375,3629.0,3620.60009765625,3621.5,9107
2025-09-23 05:00:00+00:00,3628.0,3628.60009765625,3625.39990234375,3627.800048828125,4487
2025-09-23 05:05:00+00:00,3629.10009765625,3629.10009765625,3626.800048828125,3627.89990234375,6442
2025-09-23 05:10:00+00:00,3629.10009765625,3632.0,3627.60009765625,3629.0,4416
2025-09-23 05:15:00+00:00,3629.5,3629.800048828125,3628.10009765625,3629.10009765625,2243
2025-09-23 05:20:00+00:00,3633.0,3633.0,3629.10009765625,3629.10009765625,4170
2025-09-23 05:25:00+00:00,3634.10009765625,3635.0,3632.60009765625,3632.89990234375,8645
2025-09-23 05:30:00+00:00,3629.0,3634.89990234375,3628.60009765625,3634.800048828125,12039
2025-09-23 05:35:00+00:00,3629.199951171875,3632.0,3628.0,3628.800048828125,14328
2025-09-23 05:40:00+00:00,3626.800048828125,3630.0,3625.5,3629.699951171875,4672
2025-09-23 05:45:00+00:00,3626.0,3626.699951171875,3624.5,3626.699951171875,5548
2025-09-23 05:50:00+00:00,3626.39990234375,3629.0,3625.800048828125,3625.800048828125,9773
2025-09-23 05:55:00+00:00,3626.5,3627.5,3626.0,3626.39990234375,4548
2025-09-23 06:00:00+00:00,3626.199951171875,3627.5,3626.0,3626.5,6132
2025-09-23 06:05:00+00:00,3626.10009765625,3627.5,3625.199951171875,3626.5,2733
2025-09-23 06:10:00+00:00,3628.5,3628.5,3626.0,3626.199951171875,6497
2025-09-23 06:15:00+00:00,3629.0,3630.0,3627.0,3628.10009765625,4123
2025-09-23 06:20:00+00:00,3627.39990234375,3629.0,3627.10009765625,3628.5,4560
2025-09-23 06:25:00+00:00,3627.39990234375,3630.0,3627.10009765625,3627.300048828125,6265
2025-09-23 06:30:00+00:00,3631.5,3634.300048828125,3627.800048828125,3627.800048828125,21297
2025-09-23 06:35:00+00:00,3632.0,3634.0,3631.0,3632.5,7462
2025-09-23 06:40:00+00:00,3633.60009765625,3634.0,3631.0,3631.5,5610
2025-09-23 06:45:00+00:00,3632.199951171875,3634.0,3630.800048828125,3633.89990234375,6407
2025-09-23 06:50:00+00:00,3632.699951171875,3633.800048828125,3631.10009765625,3632.199951171875,3084
2025-09-23 06:55:00+00:00,3635.5,3638.0,3631.800048828125,3632.300048828125,33093
2025-09-23 07:00:00+00:00,3641.800048828125,3645.0,3635.10009765625,3635.5,21127
2025-09-23 07:05:00+00:00,3645.800048828125,3648.5,3640.800048828125,3641.89990234375,24259
2025-09-23 07:10:00+00:00,3640.89990234375,3646.699951171875,3640.89990234375,3645.89990234375,20028
2025-09-23 07:15:00+00:00,3643.300048828125,3643.39990234375,3640.5,3640.5,11013
2025-09-23 07:20:00+00:00,3645.0,3645.0,3641.10009765625,3643.300048828125,8734
2025-09-23 07:25:00+00:00,3645.199951171875,3645.800048828125,3644.5,3645.0,5571
2025-09-23 07:30:00+00:00,3647.699951171875,3649.800048828125,3645.300048828125,3645.800048828125,23385
2025-09-23 07:35:00+00:00,3646.89990234375,3647.800048828125,3644.800048828125,3647.699951171875,11292
2025-09-23 07:40:00+00:00,3647.60009765625,3647.800048828125,3645.0,3647.10009765625,10560
2025-09-23 07:45:00+00:00,3649.5,3649.699951171875,3645.800048828125,3647.699951171875,12309
2025-09-23 07:50:00+00:00,3649.699951171875,3650.0,3648.199951171875,3649.39990234375,11673
2025-09-23 07:55:00+00:00,3652.89990234375,3653.0,3648.199951171875,3650.0,14681
2025-09-23 08:00:00+00:00,3657.10009765625,3657.10009765625,3650.800048828125,3652.89990234375,22775
2025-09-23 08:05:00+00:00,3656.89990234375,3659.0,3653.300048828125,3657.10009765625,25950
2025-09-23 08:10:00+00:00,3662.89990234375,3664.0,3656.699951171875,3656.800048828125,31262
2025-09-23 08:15:00+00:00,3662.60009765625,3665.0,3660.89990234375,3663.800048828125,18620
2025-09-23 08:20:00+00:00,3664.89990234375,3666.0,3662.10009765625,3662.60009765625,15982
2025-09-23 08:25:00+00:00,3660.199951171875,3664.39990234375,3656.89990234375,3663.699951171875,21492
2025-09-23 08:30:00+00:00,3668.89990234375,3668.89990234375,3659.800048828125,3660.10009765625,39216
2025-09-23 08:35:00+00:00,3672.0,3673.5,3664.800048828125,3668.199951171875,39144
2025-09-23 08:40:00+00:00,3662.39990234375,3673.199951171875,3661.60009765625,3672.0,20757
2025-09-23 08:45:00+00:00,3662.800048828125,3663.699951171875,3658.10009765625,3662.199951171875,19404
2025-09-23 08:50:00+00:00,3663.39990234375,3663.5,3653.800048828125,3662.800048828125,18893
2025-09-23 08:55:00+00:00,3661.699951171875,3664.10009765625,3657.199951171875,3661.10009765625,19221
2025-09-23 09:00:00+00:00,3658.699951171875,3662.300048828125,3655.800048828125,3661.800048828125,19981
2025-09-23 09:05:00+00:00,3658.0,3665.199951171875,3655.699951171875,3658.39990234375,22407
2025-09-23 09:10:00+00:00,3659.0,3660.0,3655.39990234375,3658.0,9478
2025-09-23 09:15:00+00:00,3652.300048828125,3659.89990234375,3651.5,3659.39990234375,21343
2025-09-23 09:20:00+00:00,3653.89990234375,3657.300048828125,3651.0,3652.60009765625,18853
2025-09-23 09:25:00+00:00,3653.10009765625,3657.89990234375,3652.800048828125,3653.5,42793
2025-09-23 09:30:00+00:00,3657.199951171875,3659.89990234375,3653.199951171875,3654.60009765625,70936
2025-09-23 09:35:00+00:00,3653.10009765625,3658.5,3652.60009765625,3658.5,41994
2025-09-23 09:40:00+00:00,3660.300048828125,3663.0,3651.699951171875,3652.60009765625,86122
2025-09-23 09:45:00+00:00,3661.300048828125,3665.5,3656.0,3661.699951171875,54108
2025-09-23 09:50:00+00:00,3657.60009765625,3662.699951171875,3656.199951171875,3661.60009765625,35868
2025-09-23 09:55:00+00:00,3657.60009765625,3661.0,3656.89990234375,3657.60009765625,27635
2025-09-24 03:45:00+00:00,3644.0,3657.199951171875,3638.0,3657.199951171875,0
2025-09-24 03:50:00+00:00,3646.0,3648.89990234375,3639.10009765625,3642.0,14039
2025-09-24 03:55:00+00:00,3649.0,3653.699951171875,3643.89990234375,3645.89990234375,13172
2025-09-24 04:00:00+00:00,3646.0,3649.0,3645.0,3649.0,6320
2025-09-24 04:05:00+00:00,3641.800048828125,3645.89990234375,3641.800048828125,3645.89990234375,11335
2025-09-24 04:10:00+00:00,3643.0,3644.39990234375,3640.10009765625,3642.699951171875,6640
2025-09-24 04:15:00+00:00,3653.89990234375,3654.5,3642.60009765625,3643.0,11594
2025-09-24 04:20:00+00:00,3664.199951171875,3665.0,3652.5,3654.10009765625,23244
2025-09-24 04:25:00+00:00,3671.800048828125,3674.0,3664.0,3664.0,41886
2025-09-24 04:30:00+00:00,3675.39990234375,3676.39990234375,3670.300048828125,3671.800048828125,24607
2025-09-24 04:35:00+00:00,3679.39990234375,3682.0,3675.39990234375,3675.39990234375,40617
2025-09-24 04:40:00+00:00,3679.60009765625,3679.89990234375,3677.10009765625,3679.10009765625,14018
2025-09-24 04:45:00+00:00,3685.0,3686.199951171875,3678.699951171875,3679.5,37434
2025-09-24 04:50:00+00:00,3680.0,3688.0,3680.0,3685.0,24303
2025-09-24 04:55:00+00:00,3679.699951171875,3684.699951171875,3677.800048828125,3679.300048828125,13856
2025-09-24 05:00:00+00:00,3681.0,3681.89990234375,3679.10009765625,3679.10009765625,6239
2025-09-24 05:05:00+00:00,3678.89990234375,3681.0,3678.0,3680.39990234375,7437
2025-09-24 05:10:00+00:00,3678.699951171875,3679.89990234375,3675.89990234375,3678.800048828125,9755
2025-09-24 05:15:00+00:00,3674.800048828125,3678.60009765625,3674.199951171875,3678.60009765625,12585
2025-09-24 05:20:00+00:00,3672.0,3676.89990234375,3672.0,3674.800048828125,10792
2025-09-24 05:25:00+00:00,3675.699951171875,3676.39990234375,3671.60009765625,3672.89990234375,7295
2025-09-24 05:30:00+00:00,3668.89990234375,3675.89990234375,3668.39990234375,3675.89990234375,10283
2025-09-24 05:35:00+00:00,3665.300048828125,3669.89990234375,3665.10009765625,3668.39990234375,10087
2025-09-24 05:40:00+00:00,3669.60009765625,3670.0,3665.800048828125,3665.89990234375,9610
2025-09-24 05:45:00+00:00,3666.89990234375,3670.0,3666.300048828125,3669.60009765625,7128
2025-09-24 05:50:00+00:00,3671.0,3671.0,3666.10009765625,3666.89990234375,6790
2025-09-24 05:55:00+00:00,3671.89990234375,3672.0,3670.10009765625,3670.89990234375,4795
2025-09-24 06:00:00+00:00,3673.300048828125,3673.89990234375,3670.10009765625,3671.5,8834
2025-09-24 06:05:00+00:00,3675.0,3675.0,3671.5,3672.800048828125,7304
2025-09-24 06:10:00+00:00,3674.199951171875,3676.0,3672.39990234375,3675.0,7332
2025-09-24 06:15:00+00:00,3678.699951171875,3678.699951171875,3674.300048828125,3674.300048828125,10626
2025-09-24 06:20:00+00:00,3679.89990234375,3680.0,3677.0,3678.699951171875,9906
2025-09-24 06:25:00+00:00,3683.39990234375,3684.0,3679.699951171875,3680.0,13886
2025-09-24 06:30:00+00:00,3682.89990234375,3684.800048828125,3682.0,3683.5,5745
2025-09-24 06:35:00+00:00,3688.5,3690.0,3682.0,3683.0,29413
2025-09-24 06:40:00+00:00,3697.699951171875,3703.60009765625,3687.699951171875,3688.60009765625,73900
2025-09-24 06:45:00+00:00,3693.0,3699.699951171875,3692.0,3699.199951171875,19001
2025-09-24 06:50:00+00:00,3695.0,3695.0,3690.699951171875,3692.699951171875,14068
2025-09-24 06:55:00+00:00,3698.89990234375,3699.0,3692.800048828125,3693.800048828125,16060
2025-09-24 07:00:00+00:00,3695.0,3700.0,3691.0,3698.800048828125,25912
2025-09-24 07:05:00+00:00,3698.5,3699.60009765625,3694.300048828125,3695.300048828125,33439
2025-09-24 07:10:00+00:00,3698.39990234375,3700.0,3693.199951171875,3697.800048828125,20237
2025-09-24 07:15:00+00:00,3695.0,3698.39990234375,3694.0,3698.39990234375,13588
2025-09-24 07:20:00+00:00,3699.0,3699.0,3694.89990234375,3695.0,14707
2025-09-24 07:25:00+00:00,3698.0,3699.800048828125,3697.800048828125,3699.0,13854
2025-09-24 07:30:00+00:00,3701.0,3702.0,3697.699951171875,3699.0,19408
2025-09-24 07:35:00+00:00,3701.0,3702.5,3700.0,3701.0,12647
2025-09-24 07:40:00+00:00,3707.0,3709.0,3702.0,3702.0,55188
2025-09-24 07:45:00+00:00,3700.0,3707.89990234375,3697.699951171875,3706.300048828125,36348
2025-09-24 07:50:00+00:00,3700.10009765625,3702.699951171875,3698.0,3700.0,12565
2025-09-24 07:55:00+00:00,3700.199951171875,3701.89990234375,3697.60009765625,3700.10009765625,14951
2025-09-24 08:00:00+00:00,3697.89990234375,3701.5,3697.0,3700.699951171875,16053
2025-09-24 08:05:00+00:00,3693.0,3699.60009765625,3689.89990234375,3698.0,23987
2025-09-24 08:10:00+00:00,3694.10009765625,3694.39990234375,3691.800048828125,3693.5,16376
2025-09-24 08:15:00+00:00,3695.0,3695.39990234375,3691.60009765625,3693.699951171875,17448
2025-09-24 08:20:00+00:00,3699.199951171875,3700.5,3692.39990234375,3695.0,23484
2025-09-24 08:25:00+00:00,3695.89990234375,3699.39990234375,3694.0,3699.10009765625,15502
2025-09-24 08:30:00+00:00,3695.699951171875,3698.0,3694.0,3696.300048828125,25048
2025-09-24 08:35:00+00:00,3695.0,3697.0,3693.199951171875,3695.5,19755
2025-09-24 08:40:00+00:00,3695.300048828125,3695.5,3693.300048828125,3694.800048828125,19057
2025-09-24 08:45:00+00:00,3694.60009765625,3696.0,3692.0,3695.0,23431
2025-09-24 08:50:00+00:00,3693.0,3695.89990234375,3692.5,3694.60009765625,29811
2025-09-24 08:55:00+00:00,3688.89990234375,3695.10009765625,3688.39990234375,3693.39990234375,27500
2025-09-24 09:00:00+00:00,3690.39990234375,3691.800048828125,3687.199951171875,3688.10009765625,22132
2025-09-24 09:05:00+00:00,3695.699951171875,3696.300048828125,3690.0,3690.199951171875,37917
2025-09-24 09:10:00+00:00,3691.800048828125,3697.800048828125,3687.0,3695.89990234375,69507
2025-09-24 09:15:00+00:00,3692.89990234375,3694.89990234375,3691.699951171875,3691.699951171875,17951
2025-09-24 09:20:00+00:00,3692.300048828125,3694.699951171875,3691.60009765625,3693.39990234375,26238
2025-09-24 09:25:00+00:00,3684.0,3693.0,3683.89990234375,3692.800048828125,36329
2025-09-24 09:30:00+00:00,3684.699951171875,3684.89990234375,3680.10009765625,3683.39990234375,44460
2025-09-24 09:35:00+00:00,3681.89990234375,3684.89990234375,3678.5,3684.699951171875,53406
2025-09-24 09:40:00+00:00,3673.300048828125,3682.39990234375,3673.10009765625,3681.89990234375,62850
2025-09-24 09:45:00+00:00,3669.39990234375,3673.5,3668.10009765625,3673.300048828125,79038
2025-09-24 09:50:00+00:00,3669.0,3670.0,3666.60009765625,3668.5,81280
2025-09-24 09:55:00+00:00,3673.800048828125,3677.0,3670.0,3671.199951171875,53072
2025-09-25 03:45:00+00:00,3682.0,3684.0,3665.0,3684.0,0
2025-09-25 03:50:00+00:00,3687.89990234375,3687.89990234375,3679.89990234375,3682.0,23202
2025-09-25 03:55:00+00:00,3691.89990234375,3698.0,3686.0,3686.300048828125,22265
2025-09-25 04:00:00+00:00,3694.0,3695.39990234375,3688.0,3691.199951171875,21547
2025-09-25 04:05:00+00:00,3702.0,3703.89990234375,3692.800048828125,3693.199951171875,43857
2025-09-25 04:10:00+00:00,3696.5,3702.0,3694.0,3701.89990234375,26839
2025-09-25 04:15:00+00:00,3684.5,3696.199951171875,3683.0,3696.199951171875,24698
2025-09-25 04:20:00+00:00,3688.699951171875,3690.89990234375,3680.300048828125,3685.10009765625,15988
2025-09-25 04:25:00+00:00,3691.60009765625,3692.89990234375,3686.0,3687.10009765625,12269
2025-09-25 04:30:00+00:00,3685.10009765625,3692.0,3682.10009765625,3691.60009765625,10993
2025-09-25 04:35:00+00:00,3682.89990234375,3685.300048828125,3681.0,3685.300048828125,9303
2025-09-25 04:40:00+00:00,3679.199951171875,3683.5,3678.800048828125,3682.0,20358
2025-09-25 04:45:00+00:00,3679.300048828125,3683.89990234375,3678.5,3679.199951171875,13428
2025-09-25 04:50:00+00:00,3688.5,3688.5,3679.300048828125,3679.300048828125,13233
2025-09-25 04:55:00+00:00,3688.0,3689.0,3685.89990234375,3688.0,11695
2025-09-25 05:00:00+00:00,3684.0,3689.800048828125,3682.300048828125,3687.800048828125,9999
2025-09-25 05:05:00+00:00,3679.39990234375,3684.60009765625,3675.199951171875,3683.89990234375,11030
2025-09-25 05:10:00+00:00,3680.39990234375,3682.39990234375,3677.5,3679.39990234375,7658
2025-09-25 05:15:00+00:00,3677.199951171875,3679.89990234375,3675.199951171875,3679.89990234375,6551
2025-09-25 05:20:00+00:00,3677.0,3677.5,3675.0,3677.39990234375,14271
2025-09-25 05:25:00+00:00,3678.800048828125,3680.10009765625,3674.300048828125,3675.800048828125,33646
2025-09-25 05:30:00+00:00,3679.39990234375,3681.10009765625,3675.60009765625,3679.199951171875,15551
2025-09-25 05:35:00+00:00,3680.10009765625,3680.5,3677.10009765625,3677.60009765625,5965
2025-09-25 05:40:00+00:00,3684.89990234375,3686.0,3679.89990234375,3680.300048828125,8625
2025-09-25 05:45:00+00:00,3682.0,3685.800048828125,3681.10009765625,3684.89990234375,9237
2025-09-25 05:50:00+00:00,3683.199951171875,3684.300048828125,3678.10009765625,3682.699951171875,7449
2025-09-25 05:55:00+00:00,3683.199951171875,3686.0,3678.60009765625,3683.199951171875,30835
2025-09-25 06:00:00+00:00,3679.39990234375,3684.5,3678.0,3684.5,4943
2025-09-25 06:05:00+00:00,3676.0,3679.39990234375,3676.0,3679.39990234375,3784
2025-09-25 06:10:00+00:00,3670.60009765625,3676.60009765625,3665.5,3676.5,23139
2025-09-25 06:15:00+00:00,3671.89990234375,3673.699951171875,3668.10009765625,3670.60009765625,13036
2025-09-25 06:20:00+00:00,3673.39990234375,3673.39990234375,3668.0,3670.0,10684
2025-09-25 06:25:00+00:00,3673.0,3674.300048828125,3670.10009765625,3673.0,13214
2025-09-25 06:30:00+00:00,3674.800048828125,3675.300048828125,3670.60009765625,3673.10009765625,16098
2025-09-25 06:35:00+00:00,3665.10009765625,3674.39990234375,3663.199951171875,3672.800048828125,43473
2025-09-25 06:40:00+00:00,3666.39990234375,3667.89990234375,3662.10009765625,3665.199951171875,55423
2025-09-25 06:45:00+00:00,3666.10009765625,3668.0,3663.199951171875,3665.39990234375,18724
2025-09-25 06:50:00+00:00,3661.5,3668.0,3661.0,3666.60009765625,12284
2025-09-25 06:55:00+00:00,3662.10009765625,3667.89990234375,3659.199951171875,3662.10009765625,34231
2025-09-25 07:00:00+00:00,3664.800048828125,3664.800048828125,3657.39990234375,3662.89990234375,134971
2025-09-25 07:05:00+00:00,3669.699951171875,3670.199951171875,3663.0,3663.0,5288
2025-09-25 07:10:00+00:00,3669.0,3670.5,3667.5,3669.39990234375,6092
2025-09-25 07:15:00+00:00,3664.89990234375,3670.10009765625,3661.39990234375,3669.60009765625,33430
2025-09-25 07:20:00+00:00,3660.300048828125,3665.39990234375,3660.300048828125,3663.10009765625,11767
2025-09-25 07:25:00+00:00,3663.800048828125,3665.0,3657.60009765625,3661.199951171875,14455
2025-09-25 07:30:00+00:00,3666.60009765625,3667.0,3660.199951171875,3664.5,11824
2025-09-25 07:35:00+00:00,3663.300048828125,3667.0,3660.89990234375,3666.699951171875,19505
2025-09-25 07:40:00+00:00,3662.89990234375,3665.89990234375,3661.300048828125,3661.89990234375,8964
2025-09-25 07:45:00+00:00,3659.39990234375,3663.699951171875,3655.0,3662.60009765625,20005
2025-09-25 07:50:00+00:00,3654.10009765625,3660.0,3652.199951171875,3659.39990234375,17938
2025-09-25 07:55:00+00:00,3653.199951171875,3655.800048828125,3652.10009765625,3654.0,14278
2025-09-25 08:00:00+00:00,3658.10009765625,3660.0,3652.10009765625,3653.699951171875,15509
2025-09-25 08:05:00+00:00,3653.0,3658.0,3652.10009765625,3658.0,14485
2025-09-25 08:10:00+00:00,3655.5,3656.800048828125,3653.10009765625,3653.10009765625,16272
2025-09-25 08:15:00+00:00,3657.89990234375,3658.89990234375,3653.199951171875,3655.39990234375,9874
2025-09-25 08:20:00+00:00,3653.300048828125,3658.5,3652.199951171875,3657.60009765625,16857
2025-09-25 08:25:00+00:00,3657.0,3657.39990234375,3652.0,3654.10009765625,23532
2025-09-25 08:30:00+00:00,3655.10009765625,3659.0,3653.89990234375,3657.199951171875,16092
2025-09-25 08:35:00+00:00,3654.0,3658.0,3652.60009765625,3655.699951171875,13152
2025-09-25 08:40:00+00:00,3655.199951171875,3656.5,3652.0,3654.199951171875,36314
2025-09-25 08:45:00+00:00,3657.60009765625,3658.0,3652.5,3655.10009765625,16516
2025-09-25 08:50:00+00:00,3655.699951171875,3659.199951171875,3654.10009765625,3657.5,26002
2025-09-25 08:55:00+00:00,3657.89990234375,3663.0,3654.0,3655.60009765625,47360
2025-09-25 09:00:00+00:00,3655.300048828125,3662.0,3655.300048828125,3658.10009765625,23265
2025-09-25 09:05:00+00:00,3663.5,3664.699951171875,3653.89990234375,3655.300048828125,35716
2025-09-25 09:10:00+00:00,3653.5,3663.800048828125,3652.0,3663.800048828125,26253
2025-09-25 09:15:00+00:00,3650.800048828125,3653.800048828125,3650.0,3653.39990234375,27556
2025-09-25 09:20:00+00:00,3646.60009765625,3651.300048828125,3642.0,3650.800048828125,47972
2025-09-25 09:25:00+00:00,3640.60009765625,3647.5,3639.10009765625,3646.199951171875,41097
2025-09-25 09:30:00+00:00,3641.199951171875,3642.699951171875,3636.10009765625,3640.800048828125,69575
2025-09-25 09:35:00+00:00,3644.89990234375,3645.60009765625,3636.5,3641.199951171875,107004
2025-09-25 09:40:00+00:00,3645.10009765625,3649.5,3642.60009765625,3644.0,84374
2025-09-25 09:45:00+00:00,3648.5,3648.89990234375,3638.300048828125,3645.5,136849
2025-09-25 09:50:00+00:00,3647.39990234375,3653.10009765625,3645.0,3648.5,83582
2025-09-25 09:55:00+00:00,3644.39990234375,3652.89990234375,3644.0,3646.60009765625,32938
2025-09-26 03:45:00+00:00,3700.0,3704.0,3676.800048828125,3679.699951171875,0
2025-09-26 03:50:00+00:00,3695.800048828125,3700.5,3686.300048828125,3699.5,83834
2025-09-26 03:55:00+00:00,3692.800048828125,3697.800048828125,3685.300048828125,3696.0,125379
2025-09-26 04:00:00+00:00,3688.0,3694.39990234375,3686.300048828125,3693.0,56395
2025-09-26 04:05:00+00:00,3693.0,3693.60009765625,3685.0,3688.89990234375,56266
2025-09-26 04:10:00+00:00,3696.300048828125,3697.10009765625,3690.699951171875,3692.5,47814
2025-09-26 04:15:00+00:00,3702.0,3702.0,3694.0,3696.0,53374
2025-09-26 04:20:00+00:00,3700.0,3702.5,3698.800048828125,3701.199951171875,29394
2025-09-26 04:25:00+00:00,3707.60009765625,3711.300048828125,3698.199951171875,3700.300048828125,105779
2025-09-26 04:30:00+00:00,3711.0,3716.60009765625,3706.0,3708.39990234375,87426
2025-09-26 04:35:00+00:00,3702.5,3712.0,3699.0,3711.300048828125,75662
2025-09-26 04:40:00+00:00,3704.699951171875,3707.89990234375,3699.5,3702.89990234375,38905
2025-09-26 04:45:00+00:00,3705.0,3712.0,3703.60009765625,3703.699951171875,42945
2025-09-26 04:50:00+00:00,3710.5,3712.0,3705.0,3705.0,49184
2025-09-26 04:55:00+00:00,3721.89990234375,3723.800048828125,3710.5,3711.699951171875,110794
2025-09-26 05:00:00+00:00,3730.0,3737.0,3721.60009765625,3723.699951171875,136005
2025-09-26 05:05:00+00:00,3734.699951171875,3737.800048828125,3729.39990234375,3731.0,82049
2025-09-26 05:10:00+00:00,3732.10009765625,3738.0,3731.10009765625,3733.800048828125,59805
2025-09-26 05:15:00+00:00,3732.199951171875,3736.0,3730.0,3732.60009765625,42440
2025-09-26 05:20:00+00:00,3735.60009765625,3737.0,3732.10009765625,3733.89990234375,42256
2025-09-26 05:25:00+00:00,3740.39990234375,3743.60009765625,3735.0,3735.0,107491
2025-09-26 05:30:00+00:00,3740.0,3741.89990234375,3735.39990234375,3739.0,40298
2025-09-26 05:35:00+00:00,3747.0,3748.0,3738.10009765625,3739.800048828125,79331
2025-09-26 05:40:00+00:00,3746.800048828125,3752.60009765625,3745.10009765625,3747.0,103286
2025-09-26 05:45:00+00:00,3752.39990234375,3753.0,3744.60009765625,3747.0,69916
2025-09-26 05:50:00+00:00,3756.10009765625,3758.0,3748.0,3752.5,107048
2025-09-26 05:55:00+00:00,3764.10009765625,3764.89990234375,3755.5,3757.800048828125,130116
2025-09-26 06:00:00+00:00,3761.300048828125,3767.39990234375,3754.5,3764.800048828125,139038
2025-09-26 06:05:00+00:00,3764.0,3764.0,3758.0,3759.800048828125,101324
2025-09-26 06:10:00+00:00,3766.5,3769.5,3763.89990234375,3764.0,107225
2025-09-26 06:15:00+00:00,3764.89990234375,3768.0,3760.5,3766.800048828125,57759
2025-09-26 06:20:00+00:00,3773.39990234375,3774.0,3763.5,3763.800048828125,72335
2025-09-26 06:25:00+00:00,3773.300048828125,3775.800048828125,3770.89990234375,3773.0,114733
2025-09-26 06:30:00+00:00,3769.300048828125,3774.300048828125,3768.699951171875,3774.0,63415
2025-09-26 06:35:00+00:00,3782.699951171875,3783.89990234375,3767.199951171875,3769.10009765625,136390
2025-09-26 06:40:00+00:00,3789.800048828125,3793.0,3782.0,3782.0,115157
2025-09-26 06:45:00+00:00,3785.60009765625,3794.800048828125,3782.10009765625,3790.0,120664
2025-09-26 06:50:00+00:00,3789.5,3792.0,3785.39990234375,3785.60009765625,63074
2025-09-26 06:55:00+00:00,3776.199951171875,3790.0,3775.5,3789.89990234375,81234
2025-09-26 07:00:00+00:00,3768.0,3780.0,3765.0,3775.199951171875,111735
2025-09-26 07:05:00+00:00,3769.300048828125,3773.39990234375,3760.300048828125,3768.0,129974
2025-09-26 07:10:00+00:00,3773.300048828125,3774.5,3767.60009765625,3770.0,38822
2025-09-26 07:15:00+00:00,3773.5,3774.89990234375,3770.0,3773.199951171875,29007
2025-09-26 07:20:00+00:00,3766.699951171875,3774.0,3759.5,3773.699951171875,54386
2025-09-26 07:25:00+00:00,3767.199951171875,3771.89990234375,3765.199951171875,3766.699951171875,36502
2025-09-26 07:30:00+00:00,3770.699951171875,3771.89990234375,3766.699951171875,3767.199951171875,21183
2025-09-26 07:35:00+00:00,3761.199951171875,3771.89990234375,3760.0,3770.699951171875,39333
2025-09-26 07:40:00+00:00,3761.89990234375,3762.60009765625,3754.89990234375,3761.0,105037
2025-09-26 07:45:00+00:00,3758.0,3762.10009765625,3757.0,3761.89990234375,60551
2025-09-26 07:50:00+00:00,3759.300048828125,3764.800048828125,3757.0,3759.0,79911
2025-09-26 07:55:00+00:00,3751.10009765625,3760.199951171875,3751.10009765625,3759.60009765625,104584
2025-09-26 08:00:00+00:00,3749.60009765625,3753.89990234375,3748.199951171875,3752.0,56477
2025-09-26 08:05:00+00:00,3745.39990234375,3752.0,3744.300048828125,3748.60009765625,102723
2025-09-26 08:10:00+00:00,3747.199951171875,3749.800048828125,3745.0,3745.0,31882
2025-09-26 08:15:00+00:00,3750.0,3753.300048828125,3747.10009765625,3747.10009765625,97572
2025-09-26 08:20:00+00:00,3750.0,3751.699951171875,3741.0,3750.300048828125,74757
2025-09-26 08:25:00+00:00,3746.5,3752.0,3745.0,3750.89990234375,41005
2025-09-26 08:30:00+00:00,3737.300048828125,3746.39990234375,3733.800048828125,3746.39990234375,93467
2025-09-26 08:35:00+00:00,3740.39990234375,3741.0,3730.0,3737.39990234375,169594
2025-09-26 08:40:00+00:00,3741.699951171875,3749.199951171875,3737.5,3740.39990234375,81679
2025-09-26 08:45:00+00:00,3736.89990234375,3742.0,3732.60009765625,3741.5,75536
2025-09-26 08:50:00+00:00,3728.800048828125,3737.89990234375,3728.0,3736.89990234375,36473
2025-09-26 08:55:00+00:00,3729.0,3731.199951171875,3724.0,3729.199951171875,91934
2025-09-26 09:00:00+00:00,3728.800048828125,3734.699951171875,3725.800048828125,3729.0,55697
2025-09-26 09:05:00+00:00,3726.0,3730.0,3725.0,3729.699951171875,43284
2025-09-26 09:10:00+00:00,3717.89990234375,3726.0,3716.60009765625,3726.0,92128
2025-09-26 09:15:00+00:00,3727.89990234375,3727.89990234375,3716.5,3717.89990234375,62834
2025-09-26 09:20:00+00:00,3718.60009765625,3734.0,3718.0,3727.0,74889
2025-09-26 09:25:00+00:00,3724.300048828125,3724.89990234375,3719.39990234375,3719.5,39709
2025-09-26 09:30:00+00:00,3729.0,3731.300048828125,3720.39990234375,3723.89990234375,51655
2025-09-26 09:35:00+00:00,3720.89990234375,3730.0,3720.0,3729.0,58170
2025-09-26 09:40:00+00:00,3728.199951171875,3728.199951171875,3719.0,3721.300048828125,66563
2025-09-26 09:45:00+00:00,3732.800048828125,3736.699951171875,3727.10009765625,3727.5,102611
2025-09-26 09:50:00+00:00,3732.60009765625,3735.699951171875,3731.0,3733.60009765625,59253
2025-09-26 09:55:00+00:00,3743.0,3743.199951171875,3729.5,3731.800048828125,91906
2025-09-29 03:45:00+00:00,3703.89990234375,3740.0,3698.199951171875,3738.0,0
2025-09-29 03:50:00+00:00,3720.699951171875,3724.0,3702.300048828125,3702.300048828125,60320
2025-09-29 03:55:00+00:00,3703.39990234375,3721.5,3702.39990234375,3720.5,44483
2025-09-29 04:00:00+00:00,3687.800048828125,3705.10009765625,3683.10009765625,3705.10009765625,93093
2025-09-29 04:05:00+00:00,3694.10009765625,3695.60009765625,3683.199951171875,3687.10009765625,32971
2025-09-29 04:10:00+00:00,3695.39990234375,3698.0,3688.0,3692.699951171875,45172
2025-09-29 04:15:00+00:00,3698.199951171875,3700.0,3694.39990234375,3695.39990234375,21775
2025-09-29 04:20:00+00:00,3701.89990234375,3704.0,3695.39990234375,3699.10009765625,23604
2025-09-29 04:25:00+00:00,3699.300048828125,3706.199951171875,3697.5,3701.699951171875,17005
2025-09-29 04:30:00+00:00,3702.699951171875,3703.0,3696.10009765625,3699.60009765625,25415
2025-09-29 04:35:00+00:00,3702.0,3703.199951171875,3693.10009765625,3702.800048828125,26739
2025-09-29 04:40:00+00:00,3707.89990234375,3708.5,3702.0,3702.0,25190
2025-09-29 04:45:00+00:00,3711.0,3716.39990234375,3707.10009765625,3708.300048828125,36141
2025-09-29 04:50:00+00:00,3710.699951171875,3712.699951171875,3709.39990234375,3711.39990234375,27532
2025-09-29 04:55:00+00:00,3713.39990234375,3713.89990234375,3709.0,3710.699951171875,46436
2025-09-29 05:00:00+00:00,3713.0,3716.39990234375,3712.300048828125,3713.39990234375,16525
2025-09-29 05:05:00+00:00,3708.0,3714.0,3704.60009765625,3713.10009765625,41147
2025-09-29 05:10:00+00:00,3705.89990234375,3708.0,3700.300048828125,3708.0,15489
2025-09-29 05:15:00+00:00,3702.300048828125,3706.800048828125,3700.0,3705.89990234375,10985
2025-09-29 05:20:00+00:00,3702.5,3706.0,3701.60009765625,3702.39990234375,10108
2025-09-29 05:25:00+00:00,3707.89990234375,3708.0,3701.60009765625,3702.699951171875,8959
2025-09-29 05:30:00+00:00,3708.0,3708.800048828125,3705.300048828125,3707.89990234375,6815
2025-09-29 05:35:00+00:00,3713.39990234375,3716.0,3707.60009765625,3708.10009765625,16798
2025-09-29 05:40:00+00:00,3714.5,3716.0,3710.699951171875,3713.39990234375,16604
2025-09-29 05:45:00+00:00,3709.10009765625,3714.39990234375,3708.5,3714.39990234375,6036
2025-09-29 05:50:00+00:00,3712.300048828125,3712.300048828125,3705.5,3709.0,23068
2025-09-29 05:55:00+00:00,3715.10009765625,3718.199951171875,3710.300048828125,3711.699951171875,13686
2025-09-29 06:00:00+00:00,3705.199951171875,3715.800048828125,3704.60009765625,3715.10009765625,46255
2025-09-29 06:05:00+00:00,3697.89990234375,3705.199951171875,3694.5,3705.199951171875,40358
2025-09-29 06:10:00+00:00,3698.699951171875,3701.0,3694.800048828125,3698.5,25293
2025-09-29 06:15:00+00:00,3693.10009765625,3700.0,3690.699951171875,3699.39990234375,22563
2025-09-29 06:20:00+00:00,3695.89990234375,3698.699951171875,3693.699951171875,3693.699951171875,9085
2025-09-29 06:25:00+00:00,3697.300048828125,3700.0,3695.199951171875,3695.89990234375,5658
2025-09-29 06:30:00+00:00,3693.5,3698.0,3692.60009765625,3697.300048828125,7540
2025-09-29 06:35:00+00:00,3692.199951171875,3694.89990234375,3690.0,3693.5,12356
2025-09-29 06:40:00+00:00,3695.300048828125,3695.39990234375,3691.60009765625,3693.5,7133
2025-09-29 06:45:00+00:00,3697.800048828125,3699.699951171875,3695.5,3695.5,13782
2025-09-29 06:50:00+00:00,3696.39990234375,3699.0,3695.39990234375,3696.0,8718
2025-09-29 06:55:00+00:00,3696.300048828125,3699.89990234375,3694.60009765625,3697.39990234375,6313
2025-09-29 07:00:00+00:00,3691.5,3697.300048828125,3689.60009765625,3696.300048828125,31910
2025-09-29 07:05:00+00:00,3693.0,3696.10009765625,3689.199951171875,3691.5,17551
2025-09-29 07:10:00+00:00,3698.39990234375,3699.10009765625,3693.0,3694.199951171875,25587
2025-09-29 07:15:00+00:00,3703.0,3703.0,3697.300048828125,3698.39990234375,25548
2025-09-29 07:20:00+00:00,3701.0,3704.89990234375,3700.0,3702.199951171875,10061
2025-09-29 07:25:00+00:00,3709.0,3709.0,3700.39990234375,3701.0,11281
2025-09-29 07:30:00+00:00,3709.5,3711.0,3703.0,3708.800048828125,41990
2025-09-29 07:35:00+00:00,3705.10009765625,3709.60009765625,3701.10009765625,3709.60009765625,19027
2025-09-29 07:40:00+00:00,3708.0,3710.0,3703.300048828125,3705.0,7837
2025-09-29 07:45:00+00:00,3704.0,3708.800048828125,3700.10009765625,3708.0,10666
2025-09-29 07:50:00+00:00,3706.5,3706.699951171875,3702.5,3704.10009765625,4422
2025-09-29 07:55:00+00:00,3707.5,3707.699951171875,3702.5,3706.39990234375,14167
2025-09-29 08:00:00+00:00,3709.300048828125,3710.0,3706.60009765625,3707.5,9118
2025-09-29 08:05:00+00:00,3710.0,3710.0,3705.800048828125,3709.300048828125,8589
2025-09-29 08:10:00+00:00,3703.39990234375,3710.300048828125,3701.199951171875,3710.0,19720
2025-09-29 08:15:00+00:00,3704.300048828125,3707.300048828125,3700.60009765625,3703.39990234375,26454
2025-09-29 08:20:00+00:00,3704.800048828125,3706.89990234375,3701.39990234375,3704.300048828125,15111
2025-09-29 08:25:00+00:00,3705.5,3706.199951171875,3701.10009765625,3705.300048828125,10488
2025-09-29 08:30:00+00:00,3704.5,3707.0,3703.5,3705.10009765625,16493
2025-09-29 08:35:00+00:00,3698.5,3704.699951171875,3698.5,3704.10009765625,10175
2025-09-29 08:40:00+00:00,3703.10009765625,3704.10009765625,3698.300048828125,3698.300048828125,9901
2025-09-29 08:45:00+00:00,3702.800048828125,3706.0,3700.300048828125,3704.10009765625,15950
2025-09-29 08:50:00+00:00,3708.800048828125,3708.89990234375,3701.39990234375,3701.39990234375,12851
2025-09-29 08:55:00+00:00,3702.300048828125,3708.89990234375,3702.300048828125,3708.39990234375,15926
2025-09-29 09:00:00+00:00,3708.800048828125,3708.89990234375,3702.199951171875,3702.5,26635
2025-09-29 09:05:00+00:00,3711.300048828125,3715.0,3708.800048828125,3708.89990234375,35184
2025-09-29 09:10:00+00:00,3713.5,3715.10009765625,3710.89990234375,3711.39990234375,39706
2025-09-29 09:15:00+00:00,3714.89990234375,3715.0,3712.39990234375,3714.0,39238
2025-09-29 09:20:00+00:00,3713.89990234375,3715.0,3711.300048828125,3714.89990234375,42641
2025-09-29 09:25:00+00:00,3712.89990234375,3714.0,3711.0,3713.89990234375,32822
2025-09-29 09:30:00+00:00,3690.60009765625,3709.699951171875,3690.0,3709.699951171875,178459
2025-09-29 09:35:00+00:00,3688.10009765625,3692.199951171875,3687.60009765625,3690.39990234375,134611
2025-09-29 09:40:00+00:00,3685.39990234375,3690.800048828125,3684.39990234375,3690.0,143411
2025-09-29 09:45:00+00:00,3681.0,3687.300048828125,3680.39990234375,3685.300048828125,135614
2025-09-29 09:50:00+00:00,3689.60009765625,3689.89990234375,3679.699951171875,3681.10009765625,166872
2025-09-29 09:55:00+00:00,3701.0,3706.0,3688.300048828125,3689.39990234375,96397
2025-09-30 03:45:00+00:00,3689.199951171875,3696.60009765625,3685.0,3694.39990234375,0
2025-09-30 03:50:00+00:00,3684.60009765625,3692.0,3676.39990234375,3690.199951171875,23283
2025-09-30 03:55:00+00:00,3674.60009765625,3685.0,3673.89990234375,3683.699951171875,18566
2025-09-30 04:00:00+00:00,3677.0,3679.5,3672.300048828125,3674.39990234375,20845
2025-09-30 04:05:00+00:00,3657.10009765625,3677.699951171875,3656.5,3677.0,35875
2025-09-30 04:10:00+00:00,3651.89990234375,3660.800048828125,3651.0,3657.10009765625,26905
2025-09-30 04:15:00+00:00,3652.5,3654.0,3649.0,3651.60009765625,69765
2025-09-30 04:20:00+00:00,3652.10009765625,3654.199951171875,3651.10009765625,3652.39990234375,55614
2025-09-30 04:25:00+00:00,3656.39990234375,3658.0,3651.60009765625,3652.10009765625,16747
2025-09-30 04:30:00+00:00,3662.699951171875,3662.699951171875,3656.5,3656.5,10126
2025-09-30 04:35:00+00:00,3661.89990234375,3663.60009765625,3660.39990234375,3662.89990234375,9031
2025-09-30 04:40:00+00:00,3656.0,3661.199951171875,3654.0,3661.199951171875,9010
2025-09-30 04:45:00+00:00,3653.0,3657.0,3653.0,3655.5,12783
2025-09-30 04:50:00+00:00,3655.0,3659.5,3652.10009765625,3653.5,15045
2025-09-30 04:55:00+00:00,3654.89990234375,3656.10009765625,3652.5,3655.0,5118
2025-09-30 05:00:00+00:00,3655.0,3655.0,3653.0,3654.89990234375,6399
2025-09-30 05:05:00+00:00,3650.0,3655.0,3648.60009765625,3655.0,49064
2025-09-30 05:10:00+00:00,3657.89990234375,3658.5,3650.89990234375,3652.199951171875,47154
2025-09-30 05:15:00+00:00,3657.0,3661.199951171875,3656.0,3658.0,39040
2025-09-30 05:20:00+00:00,3658.0,3658.89990234375,3656.10009765625,3657.89990234375,7088
2025-09-30 05:25:00+00:00,3658.60009765625,3660.60009765625,3657.0,3658.0,5837
2025-09-30 05:30:00+00:00,3662.0,3663.5,3658.5,3658.60009765625,9256
2025-09-30 05:35:00+00:00,3661.699951171875,3664.0,3661.699951171875,3661.800048828125,13432
2025-09-30 05:40:00+00:00,3662.60009765625,3664.0,3662.10009765625,3663.0,7344
2025-09-30 05:45:00+00:00,3660.5,3663.0,3660.0,3663.0,12756
2025-09-30 05:50:00+00:00,3663.199951171875,3664.699951171875,3659.89990234375,3660.5,12406
2025-09-30 05:55:00+00:00,3666.800048828125,3666.800048828125,3663.0,3663.199951171875,8207
2025-09-30 06:00:00+00:00,3666.0,3667.39990234375,3664.300048828125,3666.800048828125,7765
2025-09-30 06:05:00+00:00,3671.199951171875,3675.300048828125,3666.0,3666.10009765625,81338
2025-09-30 06:10:00+00:00,3667.89990234375,3671.89990234375,3666.300048828125,3671.89990234375,7772
2025-09-30 06:15:00+00:00,3668.10009765625,3670.800048828125,3666.60009765625,3667.199951171875,7547
2025-09-30 06:20:00+00:00,3663.800048828125,3669.39990234375,3663.800048828125,3668.10009765625,17937
2025-09-30 06:25:00+00:00,3663.699951171875,3663.89990234375,3663.0,3663.39990234375,8807
2025-09-30 06:30:00+00:00,3668.10009765625,3668.5,3663.0,3663.699951171875,10937
2025-09-30 06:35:00+00:00,3666.699951171875,3669.800048828125,3665.39990234375,3668.0,8494
2025-09-30 06:40:00+00:00,3667.60009765625,3669.199951171875,3666.199951171875,3667.5,8059
2025-09-30 06:45:00+00:00,3668.39990234375,3670.0,3667.10009765625,3668.39990234375,13636
2025-09-30 06:50:00+00:00,3670.300048828125,3671.10009765625,3668.10009765625,3668.39990234375,9056
2025-09-30 06:55:00+00:00,3670.0,3671.39990234375,3668.0,3670.300048828125,14846
2025-09-30 07:00:00+00:00,3668.39990234375,3670.60009765625,3665.699951171875,3670.0,19184
2025-09-30 07:05:00+00:00,3666.5,3668.39990234375,3665.0,3668.39990234375,8784
2025-09-30 07:10:00+00:00,3666.39990234375,3667.60009765625,3665.0,3666.0,8094
2025-09-30 07:15:00+00:00,3667.0,3668.0,3665.0,3666.39990234375,10992
2025-09-30 07:20:00+00:00,3666.699951171875,3667.0,3665.199951171875,3667.0,7062
2025-09-30 07:25:00+00:00,3664.199951171875,3667.0,3661.199951171875,3666.699951171875,15781
2025-09-30 07:30:00+00:00,3663.199951171875,3664.199951171875,3661.199951171875,3664.0,9807
2025-09-30 07:35:00+00:00,3665.300048828125,3666.89990234375,3662.89990234375,3663.199951171875,12441
2025-09-30 07:40:00+00:00,3664.0,3667.199951171875,3663.199951171875,3665.300048828125,7555
2025-09-30 07:45:00+00:00,3662.89990234375,3668.0,3662.89990234375,3663.800048828125,15621
2025-09-30 07:50:00+00:00,3663.699951171875,3664.5,3662.0,3663.300048828125,7659
2025-09-30 07:55:00+00:00,3655.39990234375,3663.60009765625,3655.0,3663.60009765625,17646
2025-09-30 08:00:00+00:00,3657.0,3659.300048828125,3655.0,3655.300048828125,19208
2025-09-30 08:05:00+00:00,3657.5,3658.199951171875,3655.800048828125,3657.39990234375,8589
2025-09-30 08:10:00+00:00,3659.699951171875,3660.0,3656.5,3657.300048828125,7479
2025-09-30 08:15:00+00:00,3661.89990234375,3662.699951171875,3658.5,3659.60009765625,10426
2025-09-30 08:20:00+00:00,3659.300048828125,3663.0,3658.0,3661.10009765625,11712
2025-09-30 08:25:00+00:00,3661.0,3662.39990234375,3657.5,3658.800048828125,13465
2025-09-30 08:30:00+00:00,3660.39990234375,3662.0,3659.5,3661.0,11431
2025-09-30 08:35:00+00:00,3661.10009765625,3661.699951171875,3660.0,3660.39990234375,15477
2025-09-30 08:40:00+00:00,3660.300048828125,3661.199951171875,3655.89990234375,3661.199951171875,33330
2025-09-30 08:45:00+00:00,3660.0,3662.5,3658.300048828125,3659.89990234375,11559
2025-09-30 08:50:00+00:00,3666.60009765625,3667.0,3658.800048828125,3659.89990234375,34946
2025-09-30 08:55:00+00:00,3665.5,3666.800048828125,3662.60009765625,3666.39990234375,16166
2025-09-30 09:00:00+00:00,3665.89990234375,3667.89990234375,3661.199951171875,3665.800048828125,20236
2025-09-30 09:05:00+00:00,3670.5,3676.0,3664.5,3666.199951171875,50506
2025-09-30 09:10:00+00:00,3672.5,3673.800048828125,3668.60009765625,3670.5,15634
2025-09-30 09:15:00+00:00,3670.89990234375,3673.699951171875,3664.89990234375,3672.5,35711
2025-09-30 09:20:00+00:00,3671.5,3672.60009765625,3669.0,3671.0,20066
2025-09-30 09:25:00+00:00,3671.699951171875,3673.699951171875,3669.199951171875,3671.39990234375,27551
2025-09-30 09:30:00+00:00,3661.0,3671.800048828125,3660.699951171875,3671.800048828125,79374
2025-09-30 09:35:00+00:00,3657.5,3661.89990234375,3657.199951171875,3661.0,64460
2025-09-30 09:40:00+00:00,3658.199951171875,3658.5,3656.60009765625,3657.5,76185
2025-09-30 09:45:00+00:00,3656.60009765625,3658.199951171875,3656.60009765625,3658.199951171875,55136
2025-09-30 09:50:00+00:00,3655.10009765625,3656.699951171875,3653.300048828125,3656.699951171875,57272
2025-09-30 09:55:00+00:00,3659.0,3665.300048828125,3654.0,3655.199951171875,53854
2025-10-01 03:45:00+00:00,3644.89990234375,3654.300048828125,3640.300048828125,3654.300048828125,0
2025-10-01 03:50:00+00:00,3650.5,3651.60009765625,3645.0,3646.199951171875,22295
2025-10-01 03:55:00+00:00,3653.39990234375,3654.699951171875,3650.800048828125,3650.800048828125,18838
2025-10-01 04:00:00+00:00,3651.0,3657.199951171875,3651.0,3654.800048828125,13890
2025-10-01 04:05:00+00:00,3653.10009765625,3653.39990234375,3651.5,3651.5,7778
2025-10-01 04:10:00+00:00,3662.39990234375,3662.39990234375,3653.10009765625,3653.10009765625,13957
2025-10-01 04:15:00+00:00,3667.699951171875,3668.5,3661.5,3662.39990234375,21576
2025-10-01 04:20:00+00:00,3662.0,3667.699951171875,3659.199951171875,3667.699951171875,14818
2025-10-01 04:25:00+00:00,3661.5,3664.10009765625,3660.39990234375,3662.39990234375,6423
2025-10-01 04:30:00+00:00,3653.39990234375,3663.199951171875,3651.10009765625,3661.699951171875,9238
2025-10-01 04:35:00+00:00,3648.300048828125,3653.800048828125,3645.10009765625,3653.800048828125,54373
2025-10-01 04:40:00+00:00,3652.199951171875,3655.300048828125,3647.699951171875,3648.39990234375,37788
2025-10-01 04:45:00+00:00,3647.699951171875,3652.199951171875,3645.89990234375,3652.199951171875,14791
2025-10-01 04:50:00+00:00,3642.0,3648.300048828125,3639.699951171875,3648.300048828125,21694
2025-10-01 04:55:00+00:00,3642.60009765625,3643.39990234375,3640.300048828125,3642.800048828125,5300
2025-10-01 05:00:00+00:00,3641.10009765625,3645.60009765625,3641.10009765625,3642.60009765625,13807
2025-10-01 05:05:00+00:00,3637.699951171875,3641.60009765625,3636.5,3641.0,15730
2025-10-01 05:10:00+00:00,3633.10009765625,3638.0,3631.800048828125,3637.800048828125,22781
2025-10-01 05:15:00+00:00,3627.0,3633.199951171875,3625.199951171875,3633.0,33272
2025-10-01 05:20:00+00:00,3628.5,3628.5,3626.199951171875,3627.0,16586
2025-10-01 05:25:00+00:00,3618.300048828125,3628.5,3616.0,3627.699951171875,30564
2025-10-01 05:30:00+00:00,3620.39990234375,3624.699951171875,3615.0,3618.300048828125,20456
2025-10-01 05:35:00+00:00,3622.0,3623.800048828125,3618.699951171875,3620.39990234375,11088
2025-10-01 05:40:00+00:00,3626.0,3627.0,3620.0,3622.0,12804
2025-10-01 05:45:00+00:00,3627.0,3629.10009765625,3626.0,3626.0,9629
2025-10-01 05:50:00+00:00,3624.199951171875,3628.10009765625,3623.699951171875,3627.5,19864
2025-10-01 05:55:00+00:00,3630.699951171875,3630.89990234375,3624.10009765625,3624.199951171875,20751
2025-10-01 06:00:00+00:00,3625.5,3630.699951171875,3625.0,3630.699951171875,44596
2025-10-01 06:05:00+00:00,3628.89990234375,3634.10009765625,3625.39990234375,3625.5,63766
2025-10-01 06:10:00+00:00,3641.10009765625,3643.699951171875,3628.89990234375,3628.89990234375,30755
2025-10-01 06:15:00+00:00,3641.10009765625,3642.300048828125,3634.0,3642.300048828125,10292
2025-10-01 06:20:00+00:00,3647.300048828125,3648.5,3639.60009765625,3641.10009765625,28586
2025-10-01 06:25:00+00:00,3651.89990234375,3655.0,3644.39990234375,3647.199951171875,21893
2025-10-01 06:30:00+00:00,3653.0,3653.0,3649.89990234375,3651.89990234375,9720
2025-10-01 06:35:00+00:00,3651.800048828125,3653.89990234375,3650.0,3653.0,11839
2025-10-01 06:40:00+00:00,3655.699951171875,3657.0,3652.0,3652.0,10647
2025-10-01 06:45:00+00:00,3655.89990234375,3657.0,3655.0,3655.699951171875,9486
2025-10-01 06:50:00+00:00,3653.0,3656.5,3650.800048828125,3655.800048828125,18034
2025-10-01 06:55:00+00:00,3654.60009765625,3657.39990234375,3651.199951171875,3653.0,16399
2025-10-01 07:00:00+00:00,3662.699951171875,3664.10009765625,3653.5,3654.60009765625,24440
2025-10-01 07:05:00+00:00,3663.0,3665.0,3659.699951171875,3662.699951171875,22514
2025-10-01 07:10:00+00:00,3658.300048828125,3663.300048828125,3657.5,3662.5,13075
2025-10-01 07:15:00+00:00,3660.10009765625,3661.60009765625,3654.10009765625,3657.89990234375,20940
2025-10-01 07:20:00+00:00,3658.60009765625,3661.10009765625,3657.10009765625,3660.199951171875,12905
2025-10-01 07:25:00+00:00,3657.10009765625,3659.699951171875,3654.89990234375,3658.39990234375,18334
2025-10-01 07:30:00+00:00,3653.89990234375,3658.89990234375,3652.199951171875,3657.10009765625,21366
2025-10-01 07:35:00+00:00,3656.60009765625,3656.800048828125,3651.39990234375,3653.89990234375,16054
2025-10-01 07:40:00+00:00,3656.60009765625,3657.60009765625,3653.800048828125,3656.60009765625,13123
2025-10-01 07:45:00+00:00,3657.699951171875,3657.699951171875,3651.60009765625,3656.60009765625,27365
2025-10-01 07:50:00+00:00,3659.10009765625,3660.0,3655.800048828125,3656.5,13080
2025-10-01 07:55:00+00:00,3663.89990234375,3664.800048828125,3658.10009765625,3659.10009765625,15504
2025-10-01 08:00:00+00:00,3664.89990234375,3667.39990234375,3662.199951171875,3663.89990234375,22452
2025-10-01 08:05:00+00:00,3664.5,3668.300048828125,3662.699951171875,3663.89990234375,19983
2025-10-01 08:10:00+00:00,3662.300048828125,3666.89990234375,3662.300048828125,3664.300048828125,14324
2025-10-01 08:15:00+00:00,3662.89990234375,3665.60009765625,3660.89990234375,3662.0,18148
2025-10-01 08:20:00+00:00,3663.300048828125,3665.89990234375,3659.10009765625,3662.89990234375,16984
2025-10-01 08:25:00+00:00,3665.0,3666.5,3662.699951171875,3663.300048828125,13244
2025-10-01 08:30:00+00:00,3667.800048828125,3669.0,3664.39990234375,3664.800048828125,24856
2025-10-01 08:35:00+00:00,3666.199951171875,3668.60009765625,3666.0,3667.60009765625,24189
2025-10-01 08:40:00+00:00,3666.0,3669.199951171875,3665.0,3666.199951171875,38509
2025-10-01 08:45:00+00:00,3668.699951171875,3672.0,3664.5,3667.39990234375,61717
2025-10-01 08:50:00+00:00,3667.800048828125,3670.0,3666.0,3668.699951171875,19572
2025-10-01 08:55:00+00:00,3670.0,3672.0,3666.0,3666.60009765625,28024
2025-10-01 09:00:00+00:00,3666.5,3671.800048828125,3666.0,3670.0,22543
2025-10-01 09:05:00+00:00,3667.60009765625,3670.10009765625,3666.0,3666.699951171875,32270
2025-10-01 09:10:00+00:00,3670.199951171875,3671.199951171875,3665.60009765625,3667.5,47859
2025-10-01 09:15:00+00:00,3673.0,3673.10009765625,3668.800048828125,3670.199951171875,22803
2025-10-01 09:20:00+00:00,3670.800048828125,3674.300048828125,3670.0,3673.10009765625,22004
2025-10-01 09:25:00+00:00,3667.199951171875,3671.5,3666.0,3670.800048828125,45160
2025-10-01 09:30:00+00:00,3666.300048828125,3669.39990234375,3664.300048828125,3668.10009765625,72737
2025-10-01 09:35:00+00:00,3666.0,3669.800048828125,3664.10009765625,3667.10009765625,87081
2025-10-01 09:40:00+00:00,3670.10009765625,3671.89990234375,3665.699951171875,3666.10009765625,121059
2025-10-01 09:45:00+00:00,3675.699951171875,3676.10009765625,3670.0,3670.10009765625,83110
2025-10-01 09:50:00+00:00,3677.199951171875,3677.699951171875,3670.199951171875,3675.800048828125,63663
2025-10-01 09:55:00+00:00,3688.0,3688.0,3675.0,3677.199951171875,39705
2025-10-03 03:45:00+00:00,3697.300048828125,3701.199951171875,3686.0,3696.0,0
2025-10-03 03:50:00+00:00,3685.5,3696.89990234375,3684.10009765625,3696.300048828125,19688
2025-10-03 03:55:00+00:00,3674.199951171875,3685.0,3672.199951171875,3685.0,34183
2025-10-03 04:00:00+00:00,3668.39990234375,3673.0,3667.89990234375,3672.5,13100
2025-10-03 04:05:00+00:00,3671.10009765625,3675.60009765625,3666.300048828125,3669.89990234375,16372
2025-10-03 04:10:00+00:00,3681.39990234375,3681.39990234375,3671.10009765625,3671.699951171875,13719
2025-10-03 04:15:00+00:00,3684.800048828125,3686.5,3677.89990234375,3680.39990234375,21403
2025-10-03 04:20:00+00:00,3693.5,3694.800048828125,3682.5,3685.89990234375,28524
2025-10-03 04:25:00+00:00,3694.89990234375,3696.0,3691.89990234375,3694.60009765625,24760
2025-10-03 04:30:00+00:00,3691.699951171875,3696.0,3691.60009765625,3694.89990234375,20381
2025-10-03 04:35:00+00:00,3696.300048828125,3699.800048828125,3691.10009765625,3693.199951171875,14916
2025-10-03 04:40:00+00:00,3680.300048828125,3695.800048828125,3680.0,3695.10009765625,75034
2025-10-03 04:45:00+00:00,3679.300048828125,3681.89990234375,3675.39990234375,3680.199951171875,9967
2025-10-03 04:50:00+00:00,3679.0,3682.89990234375,3678.5,3679.5,7696
2025-10-03 04:55:00+00:00,3678.89990234375,3681.0,3677.39990234375,3679.5,8498
2025-10-03 05:00:00+00:00,3675.39990234375,3681.39990234375,3675.0,3679.800048828125,25046
2025-10-03 05:05:00+00:00,3677.5,3678.10009765625,3675.0,3675.60009765625,11698
2025-10-03 05:10:00+00:00,3678.5,3681.39990234375,3676.5,3676.5,8349
2025-10-03 05:15:00+00:00,3680.699951171875,3682.0,3677.5,3677.699951171875,7467
2025-10-03 05:20:00+00:00,3682.10009765625,3684.39990234375,3679.199951171875,3680.10009765625,26735
2025-10-03 05:25:00+00:00,3677.0,3686.60009765625,3677.0,3682.0,31566
2025-10-03 05:30:00+00:00,3675.39990234375,3680.0,3675.0,3677.800048828125,13168
2025-10-03 05:35:00+00:00,3679.5,3681.10009765625,3675.0,3675.39990234375,20448
2025-10-03 05:40:00+00:00,3679.300048828125,3681.0,3677.60009765625,3678.800048828125,9424
2025-10-03 05:45:00+00:00,3681.199951171875,3682.89990234375,3679.10009765625,3679.199951171875,6544
2025-10-03 05:50:00+00:00,3685.0,3687.199951171875,3679.300048828125,3681.0,52777
2025-10-03 05:55:00+00:00,3683.300048828125,3689.199951171875,3681.10009765625,3684.5,62566
2025-10-03 06:00:00+00:00,3691.5,3692.0,3682.10009765625,3683.300048828125,29398
2025-10-03 06:05:00+00:00,3694.10009765625,3694.89990234375,3689.5,3691.800048828125,15053
2025-10-03 06:10:00+00:00,3690.0,3694.300048828125,3689.0,3694.300048828125,15486
2025-10-03 06:15:00+00:00,3683.60009765625,3689.89990234375,3682.5,3689.89990234375,14280
2025-10-03 06:20:00+00:00,3688.89990234375,3690.699951171875,3683.60009765625,3684.39990234375,6913
2025-10-03 06:25:00+00:00,3690.89990234375,3692.0,3688.0,3688.300048828125,8067
2025-10-03 06:30:00+00:00,3692.10009765625,3694.89990234375,3690.800048828125,3691.39990234375,5656
2025-10-03 06:35:00+00:00,3695.60009765625,3700.10009765625,3691.89990234375,3692.10009765625,50874
2025-10-03 06:40:00+00:00,3697.10009765625,3699.0,3692.60009765625,3696.0,33845
2025-10-03 06:45:00+00:00,3693.199951171875,3697.5,3692.10009765625,3696.60009765625,10332
2025-10-03 06:50:00+00:00,3694.10009765625,3696.10009765625,3690.89990234375,3692.5,9217
2025-10-03 06:55:00+00:00,3698.5,3698.800048828125,3692.800048828125,3694.10009765625,10729
2025-10-03 07:00:00+00:00,3694.0,3698.60009765625,3693.0,3697.300048828125,19073
2025-10-03 07:05:00+00:00,3694.800048828125,3695.5,3690.5,3694.0,16713
2025-10-03 07:10:00+00:00,3694.0,3694.0,3691.199951171875,3693.5,12845
2025-10-03 07:15:00+00:00,3694.60009765625,3696.5,3692.0,3693.699951171875,19693
2025-10-03 07:20:00+00:00,3695.0,3697.199951171875,3693.699951171875,3694.60009765625,29028
2025-10-03 07:25:00+00:00,3694.0,3696.5,3692.39990234375,3695.0,8598
2025-10-03 07:30:00+00:00,3693.300048828125,3695.5,3693.300048828125,3694.5,5778
2025-10-03 07:35:00+00:00,3691.199951171875,3696.89990234375,3690.300048828125,3693.699951171875,17068
2025-10-03 07:40:00+00:00,3686.60009765625,3691.199951171875,3686.60009765625,3691.199951171875,14352
2025-10-03 07:45:00+00:00,3685.60009765625,3688.10009765625,3684.300048828125,3688.0,13830
2025-10-03 07:50:00+00:00,3685.300048828125,3687.0,3684.699951171875,3685.60009765625,9070
2025-10-03 07:55:00+00:00,3681.300048828125,3686.800048828125,3680.699951171875,3686.10009765625,12092
2025-10-03 08:00:00+00:00,3681.5,3683.60009765625,3680.10009765625,3681.300048828125,13995
2025-10-03 08:05:00+00:00,3683.89990234375,3685.300048828125,3681.199951171875,3681.300048828125,10513
2025-10-03 08:10:00+00:00,3684.699951171875,3686.699951171875,3681.0,3683.199951171875,9651
2025-10-03 08:15:00+00:00,3686.10009765625,3688.39990234375,3683.89990234375,3684.699951171875,21899
2025-10-03 08:20:00+00:00,3688.5,3689.89990234375,3685.300048828125,3685.89990234375,12628
2025-10-03 08:25:00+00:00,3691.699951171875,3692.89990234375,3688.0,3689.89990234375,13251
2025-10-03 08:30:00+00:00,3696.10009765625,3696.60009765625,3691.0,3691.699951171875,16887
2025-10-03 08:35:00+00:00,3690.699951171875,3696.60009765625,3690.699951171875,3696.5,12886
2025-10-03 08:40:00+00:00,3687.89990234375,3692.89990234375,3686.5,3691.0,23400
2025-10-03 08:45:00+00:00,3692.300048828125,3693.699951171875,3686.300048828125,3687.5,14664
2025-10-03 08:50:00+00:00,3692.199951171875,3697.199951171875,3691.800048828125,3693.300048828125,11875
2025-10-03 08:55:00+00:00,3696.0,3696.5,3691.300048828125,3693.0,15889
2025-10-03 09:00:00+00:00,3697.89990234375,3698.0,3695.0,3696.300048828125,32037
2025-10-03 09:05:00+00:00,3708.0,3708.0,3695.60009765625,3697.89990234375,42238
2025-10-03 09:10:00+00:00,3707.39990234375,3711.0,3706.0,3707.60009765625,27732
2025-10-03 09:15:00+00:00,3709.800048828125,3711.0,3706.199951171875,3707.300048828125,19068
2025-10-03 09:20:00+00:00,3711.199951171875,3713.199951171875,3707.800048828125,3710.0,28022
2025-10-03 09:25:00+00:00,3722.300048828125,3723.300048828125,3712.699951171875,3713.0,46983
2025-10-03 09:30:00+00:00,3729.89990234375,3730.199951171875,3722.0,3723.0,103825
2025-10-03 09:35:00+00:00,3730.0,3732.0,3729.5,3730.0,75698
2025-10-03 09:40:00+00:00,3730.89990234375,3731.800048828125,3730.0,3730.10009765625,50583
2025-10-03 09:45:00+00:00,3737.300048828125,3738.89990234375,3730.0,3730.800048828125,85244
2025-10-03 09:50:00+00:00,3733.60009765625,3738.800048828125,3732.699951171875,3738.0,96637
2025-10-03 09:55:00+00:00,3733.10009765625,3745.199951171875,3732.199951171875,3733.39990234375,98621
2025-10-06 03:45:00+00:00,3720.89990234375,3722.39990234375,3704.0,3720.89990234375,0
2025-10-06 03:50:00+00:00,3731.300048828125,3738.800048828125,3720.0,3720.699951171875,20235
2025-10-06 03:55:00+00:00,3728.39990234375,3736.0,3728.0,3730.0,19529
2025-10-06 04:00:00+00:00,3730.39990234375,3732.199951171875,3726.800048828125,3730.0,14567
2025-10-06 04:05:00+00:00,3725.0,3732.0,3723.699951171875,3729.10009765625,10373
2025-10-06 04:10:00+00:00,3720.0,3731.0,3719.800048828125,3725.800048828125,16540
2025-10-06 04:15:00+00:00,3729.89990234375,3729.89990234375,3719.89990234375,3720.0,15052
2025-10-06 04:20:00+00:00,3730.0,3731.0,3727.800048828125,3730.0,6348
2025-10-06 04:25:00+00:00,3728.89990234375,3730.800048828125,3727.89990234375,3730.10009765625,7036
2025-10-06 04:30:00+00:00,3732.60009765625,3734.0,3728.89990234375,3730.0,8070
2025-10-06 04:35:00+00:00,3729.89990234375,3732.0,3728.0,3732.0,5760
2025-10-06 04:40:00+00:00,3728.5,3731.300048828125,3724.800048828125,3729.89990234375,10370
2025-10-06 04:45:00+00:00,3727.199951171875,3730.0,3726.0,3728.5,4500
2025-10-06 04:50:00+00:00,3735.0,3735.0,3725.199951171875,3728.199951171875,11478
2025-10-06 04:55:00+00:00,3734.800048828125,3736.0,3734.0,3734.199951171875,14297
2025-10-06 05:00:00+00:00,3749.39990234375,3750.0,3734.5,3734.60009765625,32135
2025-10-06 05:05:00+00:00,3755.199951171875,3755.39990234375,3747.5,3749.699951171875,41611
2025-10-06 05:10:00+00:00,3753.699951171875,3758.89990234375,3753.0,3755.0,22283
2025-10-06 05:15:00+00:00,3757.10009765625,3759.0,3752.10009765625,3754.699951171875,13471
2025-10-06 05:20:00+00:00,3764.5,3766.89990234375,3757.89990234375,3757.89990234375,31514
2025-10-06 05:25:00+00:00,3756.10009765625,3765.0,3755.5,3764.0,23251
2025-10-06 05:30:00+00:00,3750.699951171875,3757.89990234375,3750.0,3755.60009765625,22221
2025-10-06 05:35:00+00:00,3746.199951171875,3752.0,3744.0,3751.10009765625,42364
2025-10-06 05:40:00+00:00,3739.0,3747.199951171875,3738.39990234375,3746.0,46507
2025-10-06 05:45:00+00:00,3733.89990234375,3739.0,3730.39990234375,3738.800048828125,14910
2025-10-06 05:50:00+00:00,3736.39990234375,3737.39990234375,3732.699951171875,3734.199951171875,6841
2025-10-06 05:55:00+00:00,3737.60009765625,3739.10009765625,3736.5,3736.5,5796
2025-10-06 06:00:00+00:00,3734.39990234375,3738.300048828125,3733.199951171875,3737.199951171875,14707
2025-10-06 06:05:00+00:00,3731.89990234375,3735.5,3729.0,3734.800048828125,21940
2025-10-06 06:10:00+00:00,3729.0,3733.89990234375,3728.300048828125,3730.0,23611
2025-10-06 06:15:00+00:00,3730.0,3731.0,3728.800048828125,3729.5,5195
2025-10-06 06:20:00+00:00,3728.0,3731.0,3728.0,3730.0,9329
2025-10-06 06:25:00+00:00,3730.0,3730.89990234375,3727.39990234375,3728.0,10644
2025-10-06 06:30:00+00:00,3730.199951171875,3732.10009765625,3729.0,3730.0,8149
2025-10-06 06:35:00+00:00,3730.0,3730.60009765625,3729.199951171875,3729.800048828125,3567
2025-10-06 06:40:00+00:00,3730.0,3730.39990234375,3729.0,3730.0,5023
2025-10-06 06:45:00+00:00,3730.0,3730.0,3729.0,3729.800048828125,4242
2025-10-06 06:50:00+00:00,3730.0,3730.300048828125,3729.5,3730.0,20390
2025-10-06 06:55:00+00:00,3729.800048828125,3730.0,3728.60009765625,3730.0,8681
2025-10-06 07:00:00+00:00,3729.89990234375,3730.0,3729.0,3729.800048828125,10756
2025-10-06 07:05:00+00:00,3730.0,3730.0,3729.0,3730.0,8121
2025-10-06 07:10:00+00:00,3730.199951171875,3730.199951171875,3728.39990234375,3730.0,15556
2025-10-06 07:15:00+00:00,3736.89990234375,3736.89990234375,3730.199951171875,3730.199951171875,14016
2025-10-06 07:20:00+00:00,3739.89990234375,3741.10009765625,3736.39990234375,3736.800048828125,39067
2025-10-06 07:25:00+00:00,3742.89990234375,3742.89990234375,3738.10009765625,3739.89990234375,14479
2025-10-06 07:30:00+00:00,3748.0,3748.0,3740.199951171875,3742.699951171875,14640
2025-10-06 07:35:00+00:00,3750.10009765625,3750.699951171875,3742.300048828125,3748.0,70463
2025-10-06 07:40:00+00:00,3749.199951171875,3751.10009765625,3746.300048828125,3750.10009765625,50681
2025-10-06 07:45:00+00:00,3749.89990234375,3750.699951171875,3744.199951171875,3749.89990234375,52997
2025-10-06 07:50:00+00:00,3747.800048828125,3751.0,3746.10009765625,3749.89990234375,21760
2025-10-06 07:55:00+00:00,3750.199951171875,3750.300048828125,3747.10009765625,3747.199951171875,11290
2025-10-06 08:00:00+00:00,3751.39990234375,3752.0,3748.199951171875,3750.199951171875,17630
2025-10-06 08:05:00+00:00,3757.0,3760.5,3750.0,3751.39990234375,39233
2025-10-06 08:10:00+00:00,3752.300048828125,3758.10009765625,3752.300048828125,3757.199951171875,16868
2025-10-06 08:15:00+00:00,3753.0,3755.800048828125,3752.0,3752.300048828125,13241
2025-10-06 08:20:00+00:00,3752.39990234375,3755.0,3749.199951171875,3752.699951171875,54257
2025-10-06 08:25:00+00:00,3756.10009765625,3756.60009765625,3752.0,3752.0,18569
2025-10-06 08:30:00+00:00,3748.89990234375,3757.39990234375,3748.699951171875,3756.10009765625,49304
2025-10-06 08:35:00+00:00,3746.800048828125,3749.89990234375,3746.0,3749.199951171875,12447
2025-10-06 08:40:00+00:00,3746.699951171875,3747.89990234375,3745.60009765625,3747.0,9243
2025-10-06 08:45:00+00:00,3745.300048828125,3747.89990234375,3744.10009765625,3746.699951171875,13482
2025-10-06 08:50:00+00:00,3746.39990234375,3747.199951171875,3743.699951171875,3745.300048828125,13655
2025-10-06 08:55:00+00:00,3741.89990234375,3749.89990234375,3741.5,3746.5,23657
2025-10-06 09:00:00+00:00,3747.300048828125,3748.800048828125,3741.5,3742.5,18617
2025-10-06 09:05:00+00:00,3743.300048828125,3749.89990234375,3740.89990234375,3747.39990234375,43840
2025-10-06 09:10:00+00:00,3741.89990234375,3743.800048828125,3741.0,3743.39990234375,9046
2025-10-06 09:15:00+00:00,3741.5,3743.300048828125,3740.0,3741.89990234375,16188
2025-10-06 09:20:00+00:00,3740.89990234375,3746.60009765625,3740.10009765625,3741.5,28504
2025-10-06 09:25:00+00:00,3740.39990234375,3742.300048828125,3740.0,3741.10009765625,10801
2025-10-06 09:30:00+00:00,3733.0,3740.0,3733.0,3739.800048828125,19323
2025-10-06 09:35:00+00:00,3738.10009765625,3738.10009765625,3733.0,3733.800048828125,19217
2025-10-06 09:40:00+00:00,3735.0,3739.699951171875,3735.0,3738.199951171875,23701
2025-10-06 09:45:00+00:00,3738.0,3738.10009765625,3733.10009765625,3735.0,48520
2025-10-06 09:50:00+00:00,3739.39990234375,3741.10009765625,3733.300048828125,3738.0,60284
2025-10-06 09:55:00+00:00,3745.0,3748.0,3736.0,3739.39990234375,27460
2025-10-07 03:45:00+00:00,3749.0,3765.0,3743.699951171875,3752.0,0
2025-10-07 03:50:00+00:00,3747.0,3753.39990234375,3744.10009765625,3753.39990234375,43818
2025-10-07 03:55:00+00:00,3755.0,3755.0,3744.800048828125,3747.0,16443
2025-10-07 04:00:00+00:00,3754.60009765625,3756.300048828125,3752.800048828125,3755.0,13231
2025-10-07 04:05:00+00:00,3751.699951171875,3756.5,3751.60009765625,3754.60009765625,12454
2025-10-07 04:10:00+00:00,3753.39990234375,3754.800048828125,3751.89990234375,3752.0,3347
2025-10-07 04:15:00+00:00,3753.800048828125,3754.0,3750.0,3753.0,9601
2025-10-07 04:20:00+00:00,3759.39990234375,3759.800048828125,3753.0,3753.800048828125,13112
2025-10-07 04:25:00+00:00,3759.800048828125,3762.89990234375,3758.199951171875,3759.39990234375,20326
2025-10-07 04:30:00+00:00,3762.800048828125,3763.0,3758.89990234375,3758.89990234375,28902
2025-10-07 04:35:00+00:00,3750.0,3762.0,3749.0,3760.89990234375,31394
2025-10-07 04:40:00+00:00,3751.300048828125,3754.5,3749.0,3750.10009765625,8024
2025-10-07 04:45:00+00:00,3747.699951171875,3752.0,3745.199951171875,3751.60009765625,16036
2025-10-07 04:50:00+00:00,3744.0,3749.800048828125,3743.199951171875,3747.0,10008
2025-10-07 04:55:00+00:00,3741.60009765625,3745.89990234375,3738.5,3744.0,9365
2025-10-07 05:00:00+00:00,3743.10009765625,3744.5,3741.300048828125,3741.60009765625,26725
2025-10-07 05:05:00+00:00,3739.0,3744.300048828125,3736.800048828125,3743.199951171875,27697
2025-10-07 05:10:00+00:00,3739.39990234375,3740.0,3737.10009765625,3739.0,7419
2025-10-07 05:15:00+00:00,3737.300048828125,3740.0,3737.10009765625,3738.800048828125,5652
2025-10-07 05:20:00+00:00,3738.5,3740.0,3737.0,3737.300048828125,8806
2025-10-07 05:25:00+00:00,3733.89990234375,3738.699951171875,3731.0,3738.699951171875,26395
2025-10-07 05:30:00+00:00,3734.199951171875,3735.800048828125,3731.300048828125,3734.800048828125,10889
2025-10-07 05:35:00+00:00,3737.199951171875,3737.199951171875,3732.5,3734.199951171875,5462
2025-10-07 05:40:00+00:00,3736.800048828125,3737.199951171875,3734.0,3736.39990234375,4849
2025-10-07 05:45:00+00:00,3737.300048828125,3739.300048828125,3735.5,3736.800048828125,7499
2025-10-07 05:50:00+00:00,3730.39990234375,3737.300048828125,3729.5,3737.300048828125,9006
2025-10-07 05:55:00+00:00,3737.300048828125,3737.300048828125,3728.800048828125,3730.60009765625,23796
2025-10-07 06:00:00+00:00,3737.89990234375,3740.699951171875,3735.10009765625,3736.0,25144
2025-10-07 06:05:00+00:00,3738.199951171875,3740.0,3732.0,3737.89990234375,29034
2025-10-07 06:10:00+00:00,3748.0,3748.0,3736.199951171875,3737.5,56191
2025-10-07 06:15:00+00:00,3750.699951171875,3753.0,3743.199951171875,3747.0,17589
2025-10-07 06:20:00+00:00,3753.300048828125,3753.60009765625,3750.0,3751.699951171875,12823
2025-10-07 06:25:00+00:00,3754.89990234375,3756.89990234375,3752.5,3753.60009765625,15380
2025-10-07 06:30:00+00:00,3760.0,3761.0,3755.300048828125,3755.300048828125,26551
2025-10-07 06:35:00+00:00,3755.699951171875,3761.199951171875,3755.0,3760.199951171875,35472
2025-10-07 06:40:00+00:00,3755.89990234375,3756.0,3753.89990234375,3755.699951171875,16204
2025-10-07 06:45:00+00:00,3755.60009765625,3756.0,3754.199951171875,3755.10009765625,9860
2025-10-07 06:50:00+00:00,3755.0,3755.800048828125,3753.89990234375,3755.10009765625,20938
2025-10-07 06:55:00+00:00,3754.60009765625,3755.10009765625,3751.199951171875,3755.0,10357
2025-10-07 07:00:00+00:00,3752.60009765625,3755.60009765625,3751.10009765625,3754.89990234375,10098
2025-10-07 07:05:00+00:00,3753.10009765625,3753.5,3751.0,3752.5,5989
2025-10-07 07:10:00+00:00,3751.800048828125,3755.0,3751.800048828125,3753.0,10948
2025-10-07 07:15:00+00:00,3749.800048828125,3752.0,3748.0,3751.800048828125,10599
2025-10-07 07:20:00+00:00,3747.699951171875,3749.800048828125,3747.0,3748.699951171875,7339
2025-10-07 07:25:00+00:00,3748.10009765625,3750.0,3746.0,3749.0,9489
2025-10-07 07:30:00+00:00,3747.199951171875,3748.60009765625,3744.5,3748.60009765625,11343
2025-10-07 07:35:00+00:00,3747.300048828125,3747.300048828125,3744.10009765625,3747.199951171875,8225
2025-10-07 07:40:00+00:00,3745.300048828125,3747.800048828125,3743.89990234375,3747.10009765625,11183
2025-10-07 07:45:00+00:00,3744.0,3747.0,3743.60009765625,3744.800048828125,7924
2025-10-07 07:50:00+00:00,3743.699951171875,3746.199951171875,3742.699951171875,3743.800048828125,15817
2025-10-07 07:55:00+00:00,3744.89990234375,3745.0,3742.699951171875,3743.39990234375,7610
2025-10-07 08:00:00+00:00,3743.10009765625,3745.0,3741.10009765625,3745.0,8504
2025-10-07 08:05:00+00:00,3744.5,3745.0,3740.800048828125,3743.10009765625,13014
2025-10-07 08:10:00+00:00,3744.89990234375,3745.0,3743.89990234375,3743.89990234375,6555
2025-10-07 08:15:00+00:00,3744.800048828125,3745.0,3743.0,3745.0,8531
2025-10-07 08:20:00+00:00,3744.89990234375,3745.0,3742.300048828125,3745.0,8394
2025-10-07 08:25:00+00:00,3744.10009765625,3745.0,3742.39990234375,3744.699951171875,6819
2025-10-07 08:30:00+00:00,3739.699951171875,3745.0,3739.10009765625,3744.10009765625,16035
2025-10-07 08:35:00+00:00,3740.800048828125,3741.5,3738.699951171875,3740.0,8971
2025-10-07 08:40:00+00:00,3740.300048828125,3742.0,3738.39990234375,3740.800048828125,15581
2025-10-07 08:45:00+00:00,3741.300048828125,3744.89990234375,3740.0,3741.5,33492
2025-10-07 08:50:00+00:00,3738.10009765625,3741.699951171875,3735.89990234375,3741.0,12157
2025-10-07 08:55:00+00:00,3729.10009765625,3738.60009765625,3728.89990234375,3738.10009765625,30788
2025-10-07 09:00:00+00:00,3733.0,3735.5,3729.0,3729.0,10586
2025-10-07 09:05:00+00:00,3731.0,3734.300048828125,3730.0,3732.60009765625,25699
2025-10-07 09:10:00+00:00,3729.199951171875,3734.39990234375,3728.800048828125,3730.60009765625,30273
2025-10-07 09:15:00+00:00,3734.800048828125,3735.0,3729.0,3729.60009765625,31837
2025-10-07 09:20:00+00:00,3732.699951171875,3737.39990234375,3731.60009765625,3736.199951171875,17766
2025-10-07 09:25:00+00:00,3729.10009765625,3733.5,3729.10009765625,3732.800048828125,20250
2025-10-07 09:30:00+00:00,3729.0,3733.0,3726.5,3729.10009765625,126159
2025-10-07 09:35:00+00:00,3729.199951171875,3732.89990234375,3728.10009765625,3729.39990234375,76567
2025-10-07 09:40:00+00:00,3729.0,3729.699951171875,3726.89990234375,3729.0,93751
2025-10-07 09:45:00+00:00,3730.699951171875,3735.10009765625,3728.199951171875,3728.89990234375,93039
2025-10-07 09:50:00+00:00,3730.0,3734.699951171875,3727.699951171875,3730.699951171875,88974
2025-10-07 09:55:00+00:00,3730.5,3733.800048828125,3729.10009765625,3730.89990234375,47832
2025-10-08 03:45:00+00:00,3731.10009765625,3736.60009765625,3719.39990234375,3732.0,0
2025-10-08 03:50:00+00:00,3753.10009765625,3755.39990234375,3731.0,3732.199951171875,32571
2025-10-08 03:55:00+00:00,3745.60009765625,3755.89990234375,3745.0,3754.300048828125,30658
2025-10-08 04:00:00+00:00,3735.800048828125,3747.60009765625,3735.10009765625,3744.89990234375,34580
2025-10-08 04:05:00+00:00,3745.5,3750.60009765625,3735.10009765625,3735.800048828125,24335
2025-10-08 04:10:00+00:00,3750.800048828125,3752.5,3743.800048828125,3745.39990234375,12743
2025-10-08 04:15:00+00:00,3749.199951171875,3751.60009765625,3747.699951171875,3751.0,13111
2025-10-08 04:20:00+00:00,3746.5,3748.60009765625,3742.10009765625,3748.60009765625,12053
2025-10-08 04:25:00+00:00,3757.89990234375,3757.89990234375,3746.0,3747.0,29679
2025-10-08 04:30:00+00:00,3753.800048828125,3759.0,3751.0,3757.699951171875,9858
2025-10-08 04:35:00+00:00,3758.39990234375,3759.0,3752.89990234375,3752.89990234375,14577
2025-10-08 04:40:00+00:00,3756.0,3760.0,3754.0,3758.699951171875,11882
2025-10-08 04:45:00+00:00,3756.60009765625,3758.800048828125,3753.0,3755.300048828125,11177
2025-10-08 04:50:00+00:00,3754.10009765625,3756.800048828125,3753.0,3755.800048828125,9313
2025-10-08 04:55:00+00:00,3756.0,3758.800048828125,3753.10009765625,3753.10009765625,7953
2025-10-08 05:00:00+00:00,3753.10009765625,3756.0,3753.0,3756.0,21761
2025-10-08 05:05:00+00:00,3755.699951171875,3756.0,3752.5,3753.0,9215
2025-10-08 05:10:00+00:00,3753.39990234375,3755.699951171875,3753.0,3755.699951171875,4216
2025-10-08 05:15:00+00:00,3753.0,3753.699951171875,3753.0,3753.39990234375,7559
2025-10-08 05:20:00+00:00,3753.0,3753.199951171875,3752.0,3753.0,68624
2025-10-08 05:25:00+00:00,3745.89990234375,3754.10009765625,3743.0,3752.60009765625,34508
2025-10-08 05:30:00+00:00,3737.39990234375,3745.800048828125,3737.300048828125,3745.800048828125,11280
2025-10-08 05:35:00+00:00,3732.800048828125,3737.89990234375,3732.300048828125,3737.89990234375,10585
2025-10-08 05:40:00+00:00,3730.0,3736.0,3729.0,3732.5,13266
2025-10-08 05:45:00+00:00,3724.0,3730.300048828125,3721.800048828125,3730.0,15888
2025-10-08 05:50:00+00:00,3722.0,3726.5,3718.800048828125,3723.0,22502
2025-10-08 05:55:00+00:00,3720.60009765625,3725.60009765625,3720.300048828125,3721.0,12680
2025-10-08 06:00:00+00:00,3724.39990234375,3725.39990234375,3717.60009765625,3721.0,10260
2025-10-08 06:05:00+00:00,3727.89990234375,3728.0,3723.0,3724.39990234375,5613
2025-10-08 06:10:00+00:00,3729.39990234375,3731.0,3726.0,3727.699951171875,6531
2025-10-08 06:15:00+00:00,3728.60009765625,3731.0,3727.10009765625,3729.300048828125,8346
2025-10-08 06:20:00+00:00,3732.0,3733.0,3729.0,3729.0,19582
2025-10-08 06:25:00+00:00,3731.800048828125,3732.0,3729.0,3732.0,7503
2025-10-08 06:30:00+00:00,3733.199951171875,3733.60009765625,3730.0,3731.699951171875,8032
2025-10-08 06:35:00+00:00,3730.60009765625,3733.300048828125,3728.10009765625,3733.199951171875,9062
2025-10-08 06:40:00+00:00,3733.0,3733.0,3728.0,3730.300048828125,16903
2025-10-08 06:45:00+00:00,3731.199951171875,3733.0,3729.199951171875,3732.89990234375,10102
2025-10-08 06:50:00+00:00,3725.10009765625,3731.300048828125,3722.800048828125,3731.300048828125,8333
2025-10-08 06:55:00+00:00,3728.5,3729.10009765625,3721.800048828125,3724.60009765625,8478
2025-10-08 07:00:00+00:00,3734.39990234375,3734.89990234375,3726.60009765625,3728.199951171875,12768
2025-10-08 07:05:00+00:00,3733.800048828125,3737.199951171875,3730.89990234375,3734.300048828125,11876
2025-10-08 07:10:00+00:00,3734.699951171875,3735.199951171875,3730.5,3734.60009765625,34448
2025-10-08 07:15:00+00:00,3734.199951171875,3738.0,3733.39990234375,3734.199951171875,10759
2025-10-08 07:20:00+00:00,3737.800048828125,3737.800048828125,3731.39990234375,3734.300048828125,19769
2025-10-08 07:25:00+00:00,3736.0,3739.699951171875,3735.0,3737.5,15231
2025-10-08 07:30:00+00:00,3732.0,3736.0,3731.5,3736.0,25088
2025-10-08 07:35:00+00:00,3735.0,3735.0,3730.89990234375,3732.0,25374
2025-10-08 07:40:00+00:00,3740.0,3741.10009765625,3735.300048828125,3735.300048828125,13887
2025-10-08 07:45:00+00:00,3732.300048828125,3740.0,3730.0,3739.60009765625,31031
2025-10-08 07:50:00+00:00,3737.89990234375,3738.300048828125,3729.699951171875,3732.300048828125,23395
2025-10-08 07:55:00+00:00,3730.0,3738.199951171875,3729.300048828125,3737.60009765625,17278
2025-10-08 08:00:00+00:00,3740.199951171875,3741.0,3729.300048828125,3729.89990234375,19583
2025-10-08 08:05:00+00:00,3741.5,3744.89990234375,3740.199951171875,3740.699951171875,13583
2025-10-08 08:10:00+00:00,3742.0,3742.0,3739.300048828125,3741.300048828125,17434
2025-10-08 08:15:00+00:00,3744.699951171875,3745.0,3741.89990234375,3741.89990234375,15217
2025-10-08 08:20:00+00:00,3746.300048828125,3746.39990234375,3744.0,3744.300048828125,15643
2025-10-08 08:25:00+00:00,3747.0,3747.0,3744.800048828125,3746.39990234375,11764
2025-10-08 08:30:00+00:00,3746.800048828125,3748.0,3744.0,3747.0,13443
2025-10-08 08:35:00+00:00,3736.10009765625,3749.800048828125,3734.199951171875,3746.800048828125,31942
2025-10-08 08:40:00+00:00,3738.0,3738.300048828125,3730.199951171875,3735.60009765625,29047
2025-10-08 08:45:00+00:00,3735.60009765625,3737.39990234375,3734.39990234375,3737.39990234375,13205
2025-10-08 08:50:00+00:00,3731.300048828125,3735.60009765625,3730.0,3735.60009765625,13722
2025-10-08 08:55:00+00:00,3732.0,3733.800048828125,3729.0,3731.300048828125,15987
2025-10-08 09:00:00+00:00,3726.300048828125,3732.0,3726.300048828125,3731.0,16512
2025-10-08 09:05:00+00:00,3734.800048828125,3735.39990234375,3726.10009765625,3726.89990234375,14928
2025-10-08 09:10:00+00:00,3733.0,3735.0,3730.699951171875,3734.0,16842
2025-10-08 09:15:00+00:00,3734.10009765625,3735.300048828125,3729.60009765625,3732.89990234375,24534
2025-10-08 09:20:00+00:00,3734.39990234375,3734.699951171875,3730.0,3733.89990234375,33986
2025-10-08 09:25:00+00:00,3729.800048828125,3734.10009765625,3728.39990234375,3734.10009765625,17371
2025-10-08 09:30:00+00:00,3735.800048828125,3735.89990234375,3726.800048828125,3729.60009765625,46886
2025-10-08 09:35:00+00:00,3732.199951171875,3736.60009765625,3730.89990234375,3735.699951171875,31400
2025-10-08 09:40:00+00:00,3729.5,3732.199951171875,3726.0,3731.699951171875,37930
2025-10-08 09:45:00+00:00,3730.699951171875,3731.89990234375,3728.5,3729.10009765625,29228
2025-10-08 09:50:00+00:00,3726.5,3731.39990234375,3725.0,3731.0,31889
2025-10-08 09:55:00+00:00,3728.0,3729.0,3722.10009765625,3726.5,26816
2025-10-09 03:45:00+00:00,3744.0,3744.800048828125,3732.89990234375,3737.60009765625,0
2025-10-09 03:50:00+00:00,3743.60009765625,3747.699951171875,3742.0,3747.699951171875,11819
2025-10-09 03:55:00+00:00,3746.199951171875,3746.300048828125,3741.10009765625,3743.60009765625,11521
2025-10-09 04:00:00+00:00,3748.800048828125,3749.800048828125,3746.39990234375,3747.0,12211
2025-10-09 04:05:00+00:00,3751.0,3751.0,3744.39990234375,3749.0,15392
2025-10-09 04:10:00+00:00,3752.300048828125,3757.39990234375,3751.0,3751.5,21211
2025-10-09 04:15:00+00:00,3754.0,3757.0,3748.699951171875,3752.699951171875,14112
2025-10-09 04:20:00+00:00,3753.10009765625,3754.0,3751.199951171875,3753.39990234375,4534
2025-10-09 04:25:00+00:00,3751.5,3753.89990234375,3750.199951171875,3753.39990234375,10633
2025-10-09 04:30:00+00:00,3752.0,3753.60009765625,3750.300048828125,3751.699951171875,7068
2025-10-09 04:35:00+00:00,3748.199951171875,3752.0,3748.199951171875,3751.800048828125,9400
2025-10-09 04:40:00+00:00,3753.89990234375,3753.89990234375,3746.300048828125,3748.800048828125,8731
2025-10-09 04:45:00+00:00,3752.0,3753.89990234375,3745.89990234375,3753.800048828125,16612
2025-10-09 04:50:00+00:00,3753.5,3755.5,3749.10009765625,3752.0,5268
2025-10-09 04:55:00+00:00,3763.10009765625,3764.199951171875,3750.300048828125,3753.60009765625,34099
2025-10-09 05:00:00+00:00,3767.0,3767.0,3760.89990234375,3763.5,15372
2025-10-09 05:05:00+00:00,3778.5,3779.0,3768.0,3768.60009765625,56812
2025-10-09 05:10:00+00:00,3780.0,3781.5,3775.39990234375,3777.39990234375,26862
2025-10-09 05:15:00+00:00,3791.39990234375,3795.5,3776.0,3780.0,66375
2025-10-09 05:20:00+00:00,3790.0,3792.5,3787.5,3790.10009765625,43011
2025-10-09 05:25:00+00:00,3783.0,3790.0,3779.699951171875,3790.0,34290
2025-10-09 05:30:00+00:00,3776.5,3789.0,3776.5,3784.0,30602
2025-10-09 05:35:00+00:00,3779.0,3780.0,3772.0,3776.5,14304
2025-10-09 05:40:00+00:00,3777.5,3780.39990234375,3775.800048828125,3778.89990234375,24330
2025-10-09 05:45:00+00:00,3778.0,3780.300048828125,3776.39990234375,3778.800048828125,112824
2025-10-09 05:50:00+00:00,3776.10009765625,3778.0,3775.0,3778.0,32079
2025-10-09 05:55:00+00:00,3777.39990234375,3778.60009765625,3775.800048828125,3776.10009765625,21792
2025-10-09 06:00:00+00:00,3777.699951171875,3778.0,3775.10009765625,3776.89990234375,8501
2025-10-09 06:05:00+00:00,3777.10009765625,3780.0,3777.10009765625,3778.0,11449
2025-10-09 06:10:00+00:00,3775.300048828125,3778.800048828125,3773.60009765625,3778.0,33287
2025-10-09 06:15:00+00:00,3783.0,3784.89990234375,3775.0,3777.60009765625,34774
2025-10-09 06:20:00+00:00,3778.89990234375,3783.0,3776.39990234375,3783.0,10858
2025-10-09 06:25:00+00:00,3772.699951171875,3779.800048828125,3772.10009765625,3779.800048828125,7149
2025-10-09 06:30:00+00:00,3774.39990234375,3775.0,3771.0,3772.699951171875,11368
2025-10-09 06:35:00+00:00,3774.0,3774.5,3771.0,3774.5,7463
2025-10-09 06:40:00+00:00,3776.0,3776.0,3772.800048828125,3773.300048828125,5570
2025-10-09 06:45:00+00:00,3777.5,3780.0,3775.89990234375,3776.0,8033
2025-10-09 06:50:00+00:00,3777.5,3777.5,3776.0,3777.5,4586
2025-10-09 06:55:00+00:00,3772.800048828125,3777.39990234375,3770.10009765625,3777.39990234375,17460
2025-10-09 07:00:00+00:00,3765.5,3773.800048828125,3764.0,3772.800048828125,18866
2025-10-09 07:05:00+00:00,3762.699951171875,3767.39990234375,3759.10009765625,3765.699951171875,14177
2025-10-09 07:10:00+00:00,3755.699951171875,3762.89990234375,3755.300048828125,3761.39990234375,35690
2025-10-09 07:15:00+00:00,3755.89990234375,3756.0,3752.0,3755.10009765625,13525
2025-10-09 07:20:00+00:00,3754.0,3758.10009765625,3752.300048828125,3756.0,18915
2025-10-09 07:25:00+00:00,3754.60009765625,3758.0,3752.89990234375,3754.300048828125,8945
2025-10-09 07:30:00+00:00,3757.0,3758.0,3754.0,3754.5,6238
2025-10-09 07:35:00+00:00,3757.10009765625,3759.0,3756.39990234375,3756.89990234375,19311
2025-10-09 07:40:00+00:00,3758.199951171875,3759.89990234375,3755.60009765625,3757.0,22175
2025-10-09 07:45:00+00:00,3758.5,3760.0,3756.89990234375,3758.199951171875,10160
2025-10-09 07:50:00+00:00,3758.89990234375,3759.800048828125,3757.60009765625,3758.5,10887
2025-10-09 07:55:00+00:00,3766.0,3766.0,3757.5,3758.89990234375,9742
2025-10-09 08:00:00+00:00,3768.5,3770.0,3764.699951171875,3766.0,18595
2025-10-09 08:05:00+00:00,3772.800048828125,3773.39990234375,3768.199951171875,3768.5,13580
2025-10-09 08:10:00+00:00,3776.199951171875,3776.39990234375,3772.39990234375,3773.0,15827
2025-10-09 08:15:00+00:00,3772.0,3776.800048828125,3771.199951171875,3776.199951171875,15120
2025-10-09 08:20:00+00:00,3774.89990234375,3775.0,3771.60009765625,3772.0,14362
2025-10-09 08:25:00+00:00,3774.39990234375,3776.5,3773.39990234375,3774.89990234375,19383
2025-10-09 08:30:00+00:00,3775.60009765625,3776.0,3772.199951171875,3774.39990234375,14611
2025-10-09 08:35:00+00:00,3773.800048828125,3777.5,3773.800048828125,3775.699951171875,13577
2025-10-09 08:40:00+00:00,3766.89990234375,3775.0,3766.89990234375,3774.300048828125,24871
2025-10-09 08:45:00+00:00,3765.39990234375,3769.699951171875,3763.5,3766.89990234375,23203
2025-10-09 08:50:00+00:00,3766.60009765625,3768.0,3763.60009765625,3765.39990234375,9410
2025-10-09 08:55:00+00:00,3764.89990234375,3768.699951171875,3762.39990234375,3765.60009765625,29541
2025-10-09 09:00:00+00:00,3760.199951171875,3766.199951171875,3760.199951171875,3764.5,16898
2025-10-09 09:05:00+00:00,3763.39990234375,3767.0,3760.5,3760.5,38443
2025-10-09 09:10:00+00:00,3762.39990234375,3765.0,3761.0,3763.89990234375,23511
2025-10-09 09:15:00+00:00,3757.60009765625,3765.699951171875,3757.39990234375,3762.300048828125,41164
2025-10-09 09:20:00+00:00,3762.800048828125,3762.800048828125,3754.699951171875,3757.699951171875,20956
2025-10-09 09:25:00+00:00,3763.0,3763.199951171875,3761.0,3761.800048828125,11569
2025-10-09 09:30:00+00:00,3767.800048828125,3774.89990234375,3763.5,3763.5,85892
2025-10-09 09:35:00+00:00,3772.5,3773.199951171875,3763.199951171875,3766.39990234375,100883
2025-10-09 09:40:00+00:00,3768.60009765625,3772.5,3765.800048828125,3772.39990234375,66012
2025-10-09 09:45:00+00:00,3771.10009765625,3773.800048828125,3767.10009765625,3768.60009765625,55652
2025-10-09 09:50:00+00:00,3770.0,3772.199951171875,3762.39990234375,3772.199951171875,83291
2025-10-09 09:55:00+00:00,3764.10009765625,3770.0,3763.89990234375,3769.89990234375,40923
2025-10-10 03:45:00+00:00,3766.89990234375,3768.0,3761.0,3767.699951171875,0
2025-10-10 03:50:00+00:00,3777.800048828125,3779.800048828125,3766.89990234375,3767.699951171875,20302
2025-10-10 03:55:00+00:00,3782.89990234375,3782.89990234375,3777.199951171875,3777.39990234375,10564
2025-10-10 04:00:00+00:00,3785.699951171875,3789.699951171875,3778.0,3782.89990234375,16321
2025-10-10 04:05:00+00:00,3787.0,3788.39990234375,3784.0,3785.699951171875,12364
2025-10-10 04:10:00+00:00,3787.699951171875,3787.800048828125,3783.0,3787.0,7467
2025-10-10 04:15:00+00:00,3787.39990234375,3790.0,3786.60009765625,3788.0,10111
2025-10-10 04:20:00+00:00,3785.10009765625,3787.89990234375,3783.5,3787.5,8330
2025-10-10 04:25:00+00:00,3784.800048828125,3786.0,3782.60009765625,3784.300048828125,4062
2025-10-10 04:30:00+00:00,3787.0,3787.0,3784.0,3784.800048828125,5571
2025-10-10 04:35:00+00:00,3783.0,3787.39990234375,3782.0,3787.0,3592
2025-10-10 04:40:00+00:00,3781.39990234375,3783.0,3780.10009765625,3782.0,5339
2025-10-10 04:45:00+00:00,3785.800048828125,3786.800048828125,3780.60009765625,3783.0,8344
2025-10-10 04:50:00+00:00,3782.60009765625,3788.10009765625,3782.199951171875,3787.699951171875,7724
2025-10-10 04:55:00+00:00,3783.89990234375,3785.89990234375,3781.199951171875,3782.60009765625,3562
2025-10-10 05:00:00+00:00,3782.199951171875,3784.199951171875,3779.800048828125,3783.39990234375,10158
2025-10-10 05:05:00+00:00,3779.0,3784.800048828125,3779.0,3781.89990234375,14896
2025-10-10 05:10:00+00:00,3783.89990234375,3784.0,3778.199951171875,3778.89990234375,43040
2025-10-10 05:15:00+00:00,3791.89990234375,3794.5,3780.60009765625,3784.60009765625,75999
2025-10-10 05:20:00+00:00,3796.0,3796.0,3790.0,3792.0,38393
2025-10-10 05:25:00+00:00,3792.0,3799.0,3791.0,3795.89990234375,28256
2025-10-10 05:30:00+00:00,3794.699951171875,3797.0,3790.0,3791.5,17714
2025-10-10 05:35:00+00:00,3792.699951171875,3796.89990234375,3791.199951171875,3795.5,22038
2025-10-10 05:40:00+00:00,3796.5,3796.60009765625,3790.199951171875,3792.300048828125,12804
2025-10-10 05:45:00+00:00,3797.699951171875,3798.0,3793.60009765625,3796.5,10852
2025-10-10 05:50:00+00:00,3793.39990234375,3797.60009765625,3791.89990234375,3797.10009765625,11304
2025-10-10 05:55:00+00:00,3790.0,3793.0,3786.699951171875,3793.0,15247
2025-10-10 06:00:00+00:00,3789.199951171875,3790.5,3783.300048828125,3790.300048828125,20039
2025-10-10 06:05:00+00:00,3786.5,3793.39990234375,3786.0,3789.39990234375,21323
2025-10-10 06:10:00+00:00,3786.300048828125,3787.89990234375,3785.5,3786.5,2637
2025-10-10 06:15:00+00:00,3786.800048828125,3787.89990234375,3785.10009765625,3786.89990234375,5003
2025-10-10 06:20:00+00:00,3783.699951171875,3787.0,3782.10009765625,3786.89990234375,11299
2025-10-10 06:25:00+00:00,3784.60009765625,3785.0,3782.39990234375,3783.699951171875,8458
2025-10-10 06:30:00+00:00,3784.89990234375,3786.0,3783.39990234375,3786.0,34506
2025-10-10 06:35:00+00:00,3782.0,3785.10009765625,3779.39990234375,3784.89990234375,9767
2025-10-10 06:40:00+00:00,3783.199951171875,3785.0,3781.10009765625,3782.0,7287
2025-10-10 06:45:00+00:00,3780.10009765625,3784.39990234375,3780.0,3783.300048828125,11382
2025-10-10 06:50:00+00:00,3783.39990234375,3783.699951171875,3780.0,3780.10009765625,7492
2025-10-10 06:55:00+00:00,3782.699951171875,3785.0,3780.0,3782.89990234375,17581
2025-10-10 07:00:00+00:00,3789.0,3789.0,3780.199951171875,3782.699951171875,17574
2025-10-10 07:05:00+00:00,3787.0,3790.0,3785.39990234375,3789.199951171875,12057
2025-10-10 07:10:00+00:00,3788.0,3788.0,3784.199951171875,3785.800048828125,11237
2025-10-10 07:15:00+00:00,3786.60009765625,3789.5,3786.5,3787.800048828125,18463
2025-10-10 07:20:00+00:00,3791.5,3792.0,3786.0,3787.89990234375,10570
2025-10-10 07:25:00+00:00,3790.10009765625,3793.39990234375,3788.0,3791.60009765625,22514
2025-10-10 07:30:00+00:00,3790.0,3793.0,3788.5,3790.0,26172
2025-10-10 07:35:00+00:00,3788.89990234375,3791.39990234375,3787.0,3790.0,10833
2025-10-10 07:40:00+00:00,3789.5,3790.800048828125,3784.39990234375,3789.300048828125,12412
2025-10-10 07:45:00+00:00,3788.699951171875,3792.10009765625,3788.10009765625,3789.5,9325
2025-10-10 07:50:00+00:00,3784.89990234375,3790.0,3784.39990234375,3789.5,7111
2025-10-10 07:55:00+00:00,3786.0,3786.800048828125,3780.0,3785.800048828125,35893
2025-10-10 08:00:00+00:00,3786.5,3789.800048828125,3783.89990234375,3784.699951171875,6934
2025-10-10 08:05:00+00:00,3788.0,3789.0,3784.60009765625,3786.5,7979
2025-10-10 08:10:00+00:00,3787.60009765625,3788.0,3786.699951171875,3788.0,3127
2025-10-10 08:15:00+00:00,3789.89990234375,3789.89990234375,3786.5,3787.60009765625,5466
2025-10-10 08:20:00+00:00,3788.10009765625,3790.0,3787.5,3789.89990234375,7093
2025-10-10 08:25:00+00:00,3791.60009765625,3793.0,3787.5,3788.10009765625,17934
2025-10-10 08:30:00+00:00,3790.0,3792.0,3789.0,3791.800048828125,6690
2025-10-10 08:35:00+00:00,3790.199951171875,3790.199951171875,3788.0,3790.0,4629
2025-10-10 08:40:00+00:00,3788.800048828125,3790.89990234375,3787.699951171875,3790.199951171875,6812
2025-10-10 08:45:00+00:00,3788.5,3790.5,3786.10009765625,3790.39990234375,9720
2025-10-10 08:50:00+00:00,3793.800048828125,3794.199951171875,3788.0,3788.199951171875,10455
2025-10-10 08:55:00+00:00,3790.699951171875,3794.5,3789.89990234375,3794.0,13506
2025-10-10 09:00:00+00:00,3790.699951171875,3793.89990234375,3789.0,3789.699951171875,16454
2025-10-10 09:05:00+00:00,3786.60009765625,3791.0,3786.60009765625,3790.0,6517
2025-10-10 09:10:00+00:00,3789.10009765625,3790.0,3786.300048828125,3786.39990234375,8126
2025-10-10 09:15:00+00:00,3786.10009765625,3789.10009765625,3782.800048828125,3788.699951171875,33826
2025-10-10 09:20:00+00:00,3787.0,3787.300048828125,3784.0,3786.10009765625,9730
2025-10-10 09:25:00+00:00,3787.800048828125,3789.0,3784.199951171875,3786.800048828125,8174
2025-10-10 09:30:00+00:00,3784.10009765625,3789.199951171875,3784.0,3786.300048828125,13168
2025-10-10 09:35:00+00:00,3784.199951171875,3785.10009765625,3782.0,3784.10009765625,15040
2025-10-10 09:40:00+00:00,3782.39990234375,3786.199951171875,3782.39990234375,3783.89990234375,23680
2025-10-10 09:45:00+00:00,3783.5,3786.0,3781.300048828125,3782.39990234375,27923
2025-10-10 09:50:00+00:00,3784.39990234375,3785.800048828125,3782.0,3784.0,30375
2025-10-10 09:55:00+00:00,3784.0,3784.300048828125,3779.0,3784.300048828125,32225
2025-10-13 03:45:00+00:00,3752.39990234375,3783.89990234375,3746.0,3774.39990234375,0
2025-10-13 03:50:00+00:00,3757.0,3757.89990234375,3747.39990234375,3751.60009765625,17546
2025-10-13 03:55:00+00:00,3758.39990234375,3759.300048828125,3750.10009765625,3757.0,17159
2025-10-13 04:00:00+00:00,3757.89990234375,3758.300048828125,3750.0,3758.300048828125,13823
2025-10-13 04:05:00+00:00,3760.199951171875,3762.10009765625,3755.800048828125,3758.0,10345
2025-10-13 04:10:00+00:00,3756.89990234375,3760.60009765625,3755.199951171875,3760.60009765625,5156
2025-10-13 04:15:00+00:00,3761.89990234375,3762.89990234375,3755.10009765625,3756.89990234375,5709
2025-10-13 04:20:00+00:00,3758.0,3762.300048828125,3758.0,3761.300048828125,5163
2025-10-13 04:25:00+00:00,3758.199951171875,3760.800048828125,3755.60009765625,3757.10009765625,3614
2025-10-13 04:30:00+00:00,3753.0,3758.0,3752.0,3758.0,7904
2025-10-13 04:35:00+00:00,3754.60009765625,3755.89990234375,3749.89990234375,3753.0,8887
2025-10-13 04:40:00+00:00,3756.0,3757.0,3753.300048828125,3754.699951171875,2040
2025-10-13 04:45:00+00:00,3767.5,3770.0,3756.699951171875,3756.699951171875,51694
2025-10-13 04:50:00+00:00,3766.0,3767.10009765625,3761.0,3767.0,6251
2025-10-13 04:55:00+00:00,3767.800048828125,3769.89990234375,3763.699951171875,3765.5,10855
2025-10-13 05:00:00+00:00,3763.39990234375,3768.39990234375,3761.699951171875,3767.89990234375,7698
2025-10-13 05:05:00+00:00,3768.0,3772.5,3761.89990234375,3763.39990234375,14005
2025-10-13 05:10:00+00:00,3767.0,3771.300048828125,3766.89990234375,3767.5,12486
2025-10-13 05:15:00+00:00,3766.39990234375,3767.89990234375,3764.699951171875,3767.0,3678
2025-10-13 05:20:00+00:00,3766.10009765625,3769.60009765625,3766.10009765625,3766.39990234375,5061
2025-10-13 05:25:00+00:00,3768.10009765625,3770.0,3765.300048828125,3765.699951171875,7333
2025-10-13 05:30:00+00:00,3764.60009765625,3768.39990234375,3764.5,3767.300048828125,3916
2025-10-13 05:35:00+00:00,3763.800048828125,3765.0,3762.300048828125,3764.60009765625,3561
2025-10-13 05:40:00+00:00,3762.39990234375,3765.199951171875,3760.0,3764.199951171875,8112
2025-10-13 05:45:00+00:00,3760.0,3762.5,3759.0,3762.39990234375,4795
2025-10-13 05:50:00+00:00,3759.5,3760.5,3759.300048828125,3760.0,4285
2025-10-13 05:55:00+00:00,3762.0,3762.0,3758.5,3758.60009765625,9201
2025-10-13 06:00:00+00:00,3757.5,3762.0,3756.300048828125,3761.5,10873
2025-10-13 06:05:00+00:00,3757.10009765625,3757.800048828125,3756.10009765625,3757.800048828125,4366
2025-10-13 06:10:00+00:00,3757.0,3757.800048828125,3755.199951171875,3757.10009765625,5238
2025-10-13 06:15:00+00:00,3753.5,3756.800048828125,3753.5,3756.800048828125,15402
2025-10-13 06:20:00+00:00,3754.0,3754.0,3752.10009765625,3753.5,4746
2025-10-13 06:25:00+00:00,3754.0,3755.0,3753.199951171875,3754.0,16893
2025-10-13 06:30:00+00:00,3755.10009765625,3755.10009765625,3752.800048828125,3754.0,12965
2025-10-13 06:35:00+00:00,3758.5,3758.699951171875,3756.10009765625,3758.39990234375,5606
2025-10-13 06:40:00+00:00,3756.0,3759.10009765625,3755.0,3758.89990234375,15180
2025-10-13 06:45:00+00:00,3756.39990234375,3758.699951171875,3753.800048828125,3756.199951171875,18783
2025-10-13 06:50:00+00:00,3760.0,3760.0,3756.39990234375,3756.39990234375,12357
2025-10-13 06:55:00+00:00,3760.0,3760.0,3758.60009765625,3759.800048828125,4575
2025-10-13 07:00:00+00:00,3759.0,3762.89990234375,3758.699951171875,3760.0,30019
2025-10-13 07:05:00+00:00,3763.800048828125,3764.0,3759.60009765625,3760.0,20454
2025-10-13 07:10:00+00:00,3764.0,3766.699951171875,3762.60009765625,3763.800048828125,14983
2025-10-13 07:15:00+00:00,3762.800048828125,3766.5,3760.0,3763.89990234375,20716
2025-10-13 07:20:00+00:00,3764.60009765625,3765.0,3760.699951171875,3762.800048828125,11677
2025-10-13 07:25:00+00:00,3770.10009765625,3771.10009765625,3763.0,3764.60009765625,12291
2025-10-13 07:30:00+00:00,3758.699951171875,3770.89990234375,3757.5,3770.89990234375,27004
2025-10-13 07:35:00+00:00,3761.0,3761.699951171875,3758.5,3758.699951171875,15437
2025-10-13 07:40:00+00:00,3765.699951171875,3766.199951171875,3760.199951171875,3761.39990234375,23929
2025-10-13 07:45:00+00:00,3764.0,3767.10009765625,3763.5,3765.800048828125,11949
2025-10-13 07:50:00+00:00,3763.10009765625,3766.800048828125,3761.800048828125,3765.0,14271
2025-10-13 07:55:00+00:00,3764.800048828125,3765.60009765625,3761.199951171875,3763.699951171875,7395
2025-10-13 08:00:00+00:00,3765.0,3765.60009765625,3762.800048828125,3764.89990234375,13943
2025-10-13 08:05:00+00:00,3765.300048828125,3765.5,3762.199951171875,3765.0,7430
2025-10-13 08:10:00+00:00,3763.89990234375,3765.60009765625,3763.699951171875,3765.39990234375,6323
2025-10-13 08:15:00+00:00,3770.0,3770.199951171875,3762.300048828125,3763.89990234375,23011
2025-10-13 08:20:00+00:00,3761.800048828125,3770.10009765625,3760.10009765625,3770.10009765625,21971
2025-10-13 08:25:00+00:00,3754.89990234375,3763.89990234375,3753.800048828125,3760.5,29299
2025-10-13 08:30:00+00:00,3767.0,3767.5,3756.10009765625,3756.5,31898
2025-10-13 08:35:00+00:00,3765.89990234375,3768.0,3761.199951171875,3767.0,36524
2025-10-13 08:40:00+00:00,3759.39990234375,3766.0,3758.199951171875,3764.699951171875,13705
2025-10-13 08:45:00+00:00,3760.300048828125,3762.0,3758.10009765625,3759.300048828125,22265
2025-10-13 08:50:00+00:00,3767.0,3767.300048828125,3758.10009765625,3758.60009765625,40312
2025-10-13 08:55:00+00:00,3776.39990234375,3777.800048828125,3766.300048828125,3767.0,42117
2025-10-13 09:00:00+00:00,3775.300048828125,3781.0,3775.0,3776.10009765625,23728
2025-10-13 09:05:00+00:00,3772.199951171875,3780.800048828125,3771.300048828125,3776.199951171875,71043
2025-10-13 09:10:00+00:00,3774.60009765625,3775.0,3772.0,3772.89990234375,6716
2025-10-13 09:15:00+00:00,3769.10009765625,3774.800048828125,3765.699951171875,3774.0,9774
2025-10-13 09:20:00+00:00,3769.89990234375,3771.300048828125,3767.0,3767.39990234375,10456
2025-10-13 09:25:00+00:00,3766.0,3770.89990234375,3765.39990234375,3769.199951171875,7450
2025-10-13 09:30:00+00:00,3765.199951171875,3766.5,3764.10009765625,3766.39990234375,16116
2025-10-13 09:35:00+00:00,3767.10009765625,3767.89990234375,3765.199951171875,3765.199951171875,15744
2025-10-13 09:40:00+00:00,3768.699951171875,3770.0,3764.89990234375,3765.0,27629
2025-10-13 09:45:00+00:00,3771.89990234375,3772.89990234375,3768.10009765625,3768.800048828125,20119
2025-10-13 09:50:00+00:00,3776.0,3776.699951171875,3770.0,3771.89990234375,49163
2025-10-13 09:55:00+00:00,3771.300048828125,3776.0,3765.199951171875,3776.0,17047
2025-10-14 03:45:00+00:00,3773.699951171875,3782.5,3771.300048828125,3776.699951171875,0
2025-10-14 03:50:00+00:00,3782.699951171875,3784.199951171875,3773.699951171875,3773.699951171875,23735
2025-10-14 03:55:00+00:00,3777.300048828125,3782.300048828125,3774.699951171875,3782.300048828125,21339
2025-10-14 04:00:00+00:00,3769.60009765625,3777.10009765625,3769.60009765625,3777.0,12884
2025-10-14 04:05:00+00:00,3765.800048828125,3774.199951171875,3765.800048828125,3769.60009765625,11465
2025-10-14 04:10:00+00:00,3762.800048828125,3769.60009765625,3762.800048828125,3765.10009765625,18118
2025-10-14 04:15:00+00:00,3765.0,3765.300048828125,3760.5,3763.5,12069
2025-10-14 04:20:00+00:00,3761.300048828125,3765.300048828125,3761.0,3765.10009765625,10752
2025-10-14 04:25:00+00:00,3760.0,3762.10009765625,3759.10009765625,3761.5,9348
2025-10-14 04:30:00+00:00,3760.89990234375,3765.10009765625,3758.800048828125,3760.0,13176
2025-10-14 04:35:00+00:00,3762.699951171875,3762.699951171875,3757.0,3760.60009765625,9671
2025-10-14 04:40:00+00:00,3763.39990234375,3765.60009765625,3760.699951171875,3762.39990234375,7182
2025-10-14 04:45:00+00:00,3766.800048828125,3767.0,3760.10009765625,3762.0,9323
2025-10-14 04:50:00+00:00,3769.39990234375,3770.0,3765.5,3767.0,11277
2025-10-14 04:55:00+00:00,3774.199951171875,3776.0,3769.5,3769.5,13203
2025-10-14 05:00:00+00:00,3776.0,3776.699951171875,3771.800048828125,3773.800048828125,15069
2025-10-14 05:05:00+00:00,3779.89990234375,3779.89990234375,3774.300048828125,3776.300048828125,10959
2025-10-14 05:10:00+00:00,3777.0,3781.39990234375,3770.89990234375,3779.699951171875,32556
2025-10-14 05:15:00+00:00,3774.60009765625,3779.89990234375,3774.60009765625,3776.60009765625,8812
2025-10-14 05:20:00+00:00,3772.89990234375,3774.800048828125,3769.10009765625,3774.60009765625,8676
2025-10-14 05:25:00+00:00,3768.0,3776.60009765625,3767.199951171875,3772.89990234375,25853
2025-10-14 05:30:00+00:00,3767.0,3768.0,3765.0,3768.0,9314
2025-10-14 05:35:00+00:00,3766.39990234375,3768.60009765625,3764.199951171875,3767.0,10378
2025-10-14 05:40:00+00:00,3762.0,3766.89990234375,3760.10009765625,3766.39990234375,20057
2025-10-14 05:45:00+00:00,3754.0,3762.0,3753.39990234375,3762.0,23609
2025-10-14 05:50:00+00:00,3752.199951171875,3755.10009765625,3750.10009765625,3753.699951171875,16667
2025-10-14 05:55:00+00:00,3756.0,3756.60009765625,3749.199951171875,3750.10009765625,26671
2025-10-14 06:00:00+00:00,3765.39990234375,3765.5,3755.0,3755.199951171875,29008
2025-10-14 06:05:00+00:00,3766.800048828125,3768.0,3762.0,3765.0,22469
2025-10-14 06:10:00+00:00,3762.199951171875,3768.800048828125,3758.0,3767.10009765625,28656
2025-10-14 06:15:00+00:00,3764.800048828125,3765.89990234375,3760.199951171875,3762.300048828125,8757
2025-10-14 06:20:00+00:00,3768.5,3769.5,3764.5,3764.800048828125,12037
2025-10-14 06:25:00+00:00,3764.5,3768.89990234375,3763.10009765625,3768.5,5986
2025-10-14 06:30:00+00:00,3761.5,3765.800048828125,3760.60009765625,3764.5,23498
2025-10-14 06:35:00+00:00,3754.300048828125,3761.60009765625,3752.5,3761.39990234375,23698
2025-10-14 06:40:00+00:00,3755.39990234375,3755.89990234375,3752.0,3754.39990234375,7904
2025-10-14 06:45:00+00:00,3751.5,3757.199951171875,3750.10009765625,3754.5,19493
2025-10-14 06:50:00+00:00,3751.699951171875,3757.39990234375,3751.39990234375,3751.5,16992
2025-10-14 06:55:00+00:00,3747.0,3752.0,3745.300048828125,3752.0,10677
2025-10-14 07:00:00+00:00,3745.199951171875,3747.300048828125,3742.5,3745.300048828125,14859
2025-10-14 07:05:00+00:00,3737.699951171875,3746.60009765625,3737.0,3745.800048828125,23930
2025-10-14 07:10:00+00:00,3736.60009765625,3741.5,3734.39990234375,3737.0,28645
2025-10-14 07:15:00+00:00,3740.0,3741.10009765625,3735.300048828125,3737.199951171875,7919
2025-10-14 07:20:00+00:00,3741.10009765625,3741.89990234375,3739.10009765625,3740.0,9579
2025-10-14 07:25:00+00:00,3741.5,3741.60009765625,3739.60009765625,3741.300048828125,6489
2025-10-14 07:30:00+00:00,3739.89990234375,3744.300048828125,3736.800048828125,3741.60009765625,13930
2025-10-14 07:35:00+00:00,3736.699951171875,3744.60009765625,3732.39990234375,3739.89990234375,13268
2025-10-14 07:40:00+00:00,3738.699951171875,3740.0,3733.199951171875,3736.699951171875,20127
2025-10-14 07:45:00+00:00,3737.60009765625,3739.199951171875,3734.199951171875,3738.60009765625,23447
2025-10-14 07:50:00+00:00,3734.89990234375,3737.800048828125,3733.0,3737.800048828125,10753
2025-10-14 07:55:00+00:00,3735.0,3735.0,3733.10009765625,3734.89990234375,7057
2025-10-14 08:00:00+00:00,3745.800048828125,3745.800048828125,3735.0,3735.0,16825
2025-10-14 08:05:00+00:00,3746.39990234375,3749.5,3741.89990234375,3745.800048828125,23814
2025-10-14 08:10:00+00:00,3746.5,3749.300048828125,3745.0,3746.60009765625,7437
2025-10-14 08:15:00+00:00,3745.60009765625,3747.89990234375,3738.0,3747.0,27616
2025-10-14 08:20:00+00:00,3741.5,3746.699951171875,3739.300048828125,3746.0,11183
2025-10-14 08:25:00+00:00,3742.10009765625,3743.89990234375,3740.5,3741.800048828125,8244
2025-10-14 08:30:00+00:00,3742.199951171875,3743.5,3739.5,3743.39990234375,8771
2025-10-14 08:35:00+00:00,3741.699951171875,3745.89990234375,3740.199951171875,3743.5,7110
2025-10-14 08:40:00+00:00,3738.800048828125,3743.89990234375,3730.60009765625,3742.0,31148
2025-10-14 08:45:00+00:00,3734.5,3742.199951171875,3733.199951171875,3740.0,23275
2025-10-14 08:50:00+00:00,3745.5,3746.0,3733.800048828125,3735.0,15605
2025-10-14 08:55:00+00:00,3746.10009765625,3747.199951171875,3742.300048828125,3745.89990234375,20393
2025-10-14 09:00:00+00:00,3752.10009765625,3754.199951171875,3744.800048828125,3745.800048828125,11473
2025-10-14 09:05:00+00:00,3754.0,3762.5,3751.10009765625,3753.60009765625,35085
2025-10-14 09:10:00+00:00,3754.0,3757.60009765625,3750.0,3754.0,28114
2025-10-14 09:15:00+00:00,3746.10009765625,3757.60009765625,3739.0,3753.800048828125,47147
2025-10-14 09:20:00+00:00,3751.89990234375,3752.0,3743.800048828125,3746.5,15589
2025-10-14 09:25:00+00:00,3754.800048828125,3754.800048828125,3750.0,3751.800048828125,22967
2025-10-14 09:30:00+00:00,3747.699951171875,3755.0,3747.199951171875,3752.800048828125,24902
2025-10-14 09:35:00+00:00,3747.0,3748.0,3740.0,3747.89990234375,40914
2025-10-14 09:40:00+00:00,3745.5,3747.0,3741.0,3746.89990234375,26724
2025-10-14 09:45:00+00:00,3745.300048828125,3750.0,3745.0,3745.60009765625,26349
2025-10-14 09:50:00+00:00,3740.0,3745.60009765625,3737.5,3745.300048828125,48908
2025-10-14 09:55:00+00:00,3736.199951171875,3742.300048828125,3736.10009765625,3740.0,19015
2025-10-15 03:45:00+00:00,3774.699951171875,3775.0,3752.0,3752.0,0
2025-10-15 03:50:00+00:00,3775.10009765625,3781.800048828125,3770.0,3777.60009765625,24190
2025-10-15 03:55:00+00:00,3779.0,3779.0,3771.89990234375,3776.0,21366
2025-10-15 04:00:00+00:00,3782.10009765625,3786.199951171875,3778.300048828125,3778.5,40641
2025-10-15 04:05:00+00:00,3776.800048828125,3784.0,3776.800048828125,3780.39990234375,10176
2025-10-15 04:10:00+00:00,3780.60009765625,3783.39990234375,3775.89990234375,3776.800048828125,19891
2025-10-15 04:15:00+00:00,3782.89990234375,3785.0,3779.5,3781.39990234375,6483
2025-10-15 04:20:00+00:00,3780.60009765625,3783.0,3775.699951171875,3782.0,13233
2025-10-15 04:25:00+00:00,3783.0,3785.0,3780.0,3780.0,17199
2025-10-15 04:30:00+00:00,3783.0,3785.0,3780.60009765625,3783.10009765625,6736
2025-10-15 04:35:00+00:00,3786.60009765625,3789.39990234375,3782.199951171875,3782.199951171875,28556
2025-10-15 04:40:00+00:00,3786.199951171875,3787.5,3782.10009765625,3786.5,9518
2025-10-15 04:45:00+00:00,3788.39990234375,3791.89990234375,3786.0,3786.0,14567
2025-10-15 04:50:00+00:00,3789.60009765625,3790.0,3785.0,3788.699951171875,7235
2025-10-15 04:55:00+00:00,3788.60009765625,3792.199951171875,3787.0,3789.89990234375,15330
2025-10-15 05:00:00+00:00,3792.699951171875,3794.39990234375,3788.60009765625,3788.60009765625,23541
2025-10-15 05:05:00+00:00,3804.0,3804.89990234375,3791.800048828125,3793.300048828125,89752
2025-10-15 05:10:00+00:00,3808.89990234375,3812.199951171875,3803.5,3804.0,58460
2025-10-15 05:15:00+00:00,3806.60009765625,3809.5,3805.0,3807.89990234375,32620
2025-10-15 05:20:00+00:00,3808.10009765625,3809.5,3805.0,3806.60009765625,13262
2025-10-15 05:25:00+00:00,3810.0,3810.0,3805.0,3809.0,25922
2025-10-15 05:30:00+00:00,3810.0,3814.0,3807.0,3810.0,96038
2025-10-15 05:35:00+00:00,3816.0,3817.5,3808.0,3811.300048828125,69578
2025-10-15 05:40:00+00:00,3818.300048828125,3820.0,3815.10009765625,3815.10009765625,38090
2025-10-15 05:45:00+00:00,3822.0,3825.0,3817.5,3818.800048828125,82946
2025-10-15 05:50:00+00:00,3825.39990234375,3830.89990234375,3819.699951171875,3822.0,79270
2025-10-15 05:55:00+00:00,3835.89990234375,3836.800048828125,3825.0,3826.0,66480
2025-10-15 06:00:00+00:00,3833.800048828125,3836.10009765625,3832.0,3834.89990234375,32297
2025-10-15 06:05:00+00:00,3837.0,3838.0,3832.39990234375,3833.800048828125,25690
2025-10-15 06:10:00+00:00,3835.699951171875,3838.0,3835.0,3837.0,16444
2025-10-15 06:15:00+00:00,3826.10009765625,3836.199951171875,3825.10009765625,3836.199951171875,22350
2025-10-15 06:20:00+00:00,3832.89990234375,3833.199951171875,3825.10009765625,3825.800048828125,18299
2025-10-15 06:25:00+00:00,3838.0,3838.89990234375,3832.300048828125,3832.699951171875,64626
2025-10-15 06:30:00+00:00,3828.60009765625,3841.199951171875,3828.300048828125,3838.199951171875,41458
2025-10-15 06:35:00+00:00,3836.199951171875,3837.60009765625,3827.199951171875,3828.60009765625,78501
2025-10-15 06:40:00+00:00,3836.10009765625,3837.89990234375,3835.800048828125,3837.5,36661
2025-10-15 06:45:00+00:00,3832.10009765625,3839.10009765625,3831.10009765625,3837.0,42211
2025-10-15 06:50:00+00:00,3831.10009765625,3833.39990234375,3825.39990234375,3831.5,17238
2025-10-15 06:55:00+00:00,3830.699951171875,3832.5,3825.10009765625,3829.10009765625,36812
2025-10-15 07:00:00+00:00,3829.89990234375,3832.199951171875,3827.0,3830.800048828125,11051
2025-10-15 07:05:00+00:00,3829.5,3830.0,3827.39990234375,3829.89990234375,9940
2025-10-15 07:10:00+00:00,3829.800048828125,3830.0,3827.5,3829.199951171875,10008
2025-10-15 07:15:00+00:00,3826.60009765625,3830.699951171875,3826.5,3829.0,26181
2025-10-15 07:20:00+00:00,3828.0,3828.0,3825.0,3826.199951171875,21494
2025-10-15 07:25:00+00:00,3827.39990234375,3830.5,3825.0,3829.0,14262
2025-10-15 07:30:00+00:00,3829.60009765625,3829.60009765625,3826.10009765625,3827.39990234375,38892
2025-10-15 07:35:00+00:00,3829.800048828125,3831.10009765625,3827.89990234375,3829.60009765625,26982
2025-10-15 07:40:00+00:00,3836.0,3836.300048828125,3830.5,3831.0,23601
2025-10-15 07:45:00+00:00,3835.800048828125,3840.0,3835.0,3836.0,34204
2025-10-15 07:50:00+00:00,3835.0,3838.0,3835.0,3836.10009765625,10335
2025-10-15 07:55:00+00:00,3836.699951171875,3839.89990234375,3835.0,3835.0,44728
2025-10-15 08:00:00+00:00,3837.300048828125,3837.699951171875,3835.0,3835.5,15893
2025-10-15 08:05:00+00:00,3838.300048828125,3840.0,3835.60009765625,3835.800048828125,57936
2025-10-15 08:10:00+00:00,3836.699951171875,3838.5,3835.0,3837.5,12209
2025-10-15 08:15:00+00:00,3839.0,3839.0,3835.0,3835.39990234375,37557
2025-10-15 08:20:00+00:00,3841.5,3843.300048828125,3837.699951171875,3839.10009765625,93725
2025-10-15 08:25:00+00:00,3840.89990234375,3843.800048828125,3840.60009765625,3841.60009765625,63575
2025-10-15 08:30:00+00:00,3840.39990234375,3842.0,3840.0,3840.89990234375,50948
2025-10-15 08:35:00+00:00,3839.0,3843.199951171875,3836.699951171875,3840.199951171875,56817
2025-10-15 08:40:00+00:00,3838.39990234375,3840.0,3837.39990234375,3838.699951171875,25751
2025-10-15 08:45:00+00:00,3839.0,3840.0,3836.60009765625,3839.39990234375,27815
2025-10-15 08:50:00+00:00,3834.89990234375,3839.10009765625,3832.39990234375,3839.10009765625,23947
2025-10-15 08:55:00+00:00,3836.39990234375,3837.800048828125,3833.0,3834.60009765625,22914
2025-10-15 09:00:00+00:00,3832.199951171875,3836.699951171875,3830.39990234375,3835.39990234375,25561
2025-10-15 09:05:00+00:00,3829.89990234375,3833.5,3829.10009765625,3832.0,20769
2025-10-15 09:10:00+00:00,3830.199951171875,3833.89990234375,3827.199951171875,3829.0,45377
2025-10-15 09:15:00+00:00,3823.5,3833.0,3823.10009765625,3831.0,26954
2025-10-15 09:20:00+00:00,3824.0,3825.60009765625,3817.10009765625,3823.5,39806
2025-10-15 09:25:00+00:00,3827.89990234375,3828.60009765625,3823.5,3824.0,24874
2025-10-15 09:30:00+00:00,3828.5,3828.5,3823.800048828125,3826.699951171875,30095
2025-10-15 09:35:00+00:00,3830.300048828125,3831.0,3828.199951171875,3828.199951171875,33133
2025-10-15 09:40:00+00:00,3835.5,3838.300048828125,3828.699951171875,3830.300048828125,59314
2025-10-15 09:45:00+00:00,3827.39990234375,3835.0,3826.10009765625,3835.0,35906
2025-10-15 09:50:00+00:00,3826.800048828125,3828.0,3825.800048828125,3827.39990234375,34665
2025-10-15 09:55:00+00:00,3828.699951171875,3828.699951171875,3820.699951171875,3826.699951171875,50855
2025-10-16 03:45:00+00:00,3836.699951171875,3848.39990234375,3832.300048828125,3832.300048828125,0
2025-10-16 03:50:00+00:00,3842.39990234375,3849.0,3836.199951171875,3836.199951171875,28704
2025-10-16 03:55:00+00:00,3841.60009765625,3844.39990234375,3840.0,3842.300048828125,20462
2025-10-16 04:00:00+00:00,3841.0,3844.800048828125,3835.89990234375,3840.10009765625,21032
2025-10-16 04:05:00+00:00,3834.699951171875,3841.0,3831.199951171875,3841.0,29756
2025-10-16 04:10:00+00:00,3839.5,3845.39990234375,3833.89990234375,3834.699951171875,26740
2025-10-16 04:15:00+00:00,3840.0,3840.0,3835.0,3839.5,13951
2025-10-16 04:20:00+00:00,3841.199951171875,3843.39990234375,3837.199951171875,3839.10009765625,13009
2025-10-16 04:25:00+00:00,3837.300048828125,3843.5,3833.5,3841.199951171875,20262
2025-10-16 04:30:00+00:00,3846.800048828125,3846.800048828125,3836.0,3837.300048828125,16324
2025-10-16 04:35:00+00:00,3853.0,3853.0,3846.0,3846.800048828125,39945
2025-10-16 04:40:00+00:00,3858.0,3859.0,3853.10009765625,3854.10009765625,36994
2025-10-16 04:45:00+00:00,3865.10009765625,3866.89990234375,3858.0,3858.800048828125,62901
2025-10-16 04:50:00+00:00,3863.699951171875,3867.800048828125,3860.0,3865.0,50081
2025-10-16 04:55:00+00:00,3871.0,3874.300048828125,3861.300048828125,3863.800048828125,34959
2025-10-16 05:00:00+00:00,3875.0,3879.89990234375,3870.0,3871.0,35575
2025-10-16 05:05:00+00:00,3878.5,3880.800048828125,3873.10009765625,3875.0,48482
2025-10-16 05:10:00+00:00,3880.199951171875,3881.0,3875.300048828125,3878.39990234375,51155
2025-10-16 05:15:00+00:00,3881.199951171875,3883.60009765625,3875.0,3880.0,150809
2025-10-16 05:20:00+00:00,3875.39990234375,3885.300048828125,3873.199951171875,3881.800048828125,84137
2025-10-16 05:25:00+00:00,3871.89990234375,3876.0,3869.0,3874.699951171875,41948
2025-10-16 05:30:00+00:00,3868.699951171875,3872.0,3866.39990234375,3871.60009765625,21928
2025-10-16 05:35:00+00:00,3868.60009765625,3869.300048828125,3866.0,3868.800048828125,27182
2025-10-16 05:40:00+00:00,3867.199951171875,3871.300048828125,3866.89990234375,3868.89990234375,15948
2025-10-16 05:45:00+00:00,3867.5,3869.800048828125,3864.300048828125,3867.39990234375,41968
2025-10-16 05:50:00+00:00,3866.89990234375,3869.5,3865.5,3867.60009765625,33810
2025-10-16 05:55:00+00:00,3866.89990234375,3871.300048828125,3865.800048828125,3866.89990234375,17390
2025-10-16 06:00:00+00:00,3865.800048828125,3870.0,3865.699951171875,3867.0,18288
2025-10-16 06:05:00+00:00,3860.0,3867.0,3858.800048828125,3865.800048828125,26409
2025-10-16 06:10:00+00:00,3862.199951171875,3863.89990234375,3860.0,3860.699951171875,10402
2025-10-16 06:15:00+00:00,3858.0,3864.699951171875,3856.60009765625,3862.5,38658
2025-10-16 06:20:00+00:00,3861.0,3862.199951171875,3856.89990234375,3857.10009765625,10640
2025-10-16 06:25:00+00:00,3853.5,3861.0,3850.60009765625,3860.300048828125,37071
2025-10-16 06:30:00+00:00,3858.39990234375,3858.699951171875,3852.5,3853.39990234375,19918
2025-10-16 06:35:00+00:00,3861.10009765625,3862.39990234375,3854.5,3857.89990234375,20428
2025-10-16 06:40:00+00:00,3862.699951171875,3863.0,3859.10009765625,3861.10009765625,11808
2025-10-16 06:45:00+00:00,3860.699951171875,3862.800048828125,3860.0,3862.699951171875,19645
2025-10-16 06:50:00+00:00,3860.800048828125,3865.0,3859.699951171875,3860.699951171875,20561
2025-10-16 06:55:00+00:00,3861.10009765625,3861.300048828125,3860.0,3860.800048828125,18194
2025-10-16 07:00:00+00:00,3862.10009765625,3865.0,3861.300048828125,3861.300048828125,24912
2025-10-16 07:05:00+00:00,3867.0,3867.39990234375,3862.199951171875,3863.699951171875,11335
2025-10-16 07:10:00+00:00,3862.5,3868.5,3860.10009765625,3867.10009765625,40308
2025-10-16 07:15:00+00:00,3858.39990234375,3863.199951171875,3857.0,3862.5,16741
2025-10-16 07:20:00+00:00,3861.699951171875,3862.0,3857.5,3858.89990234375,17916
2025-10-16 07:25:00+00:00,3860.0,3862.60009765625,3859.5,3862.0,15655
2025-10-16 07:30:00+00:00,3861.39990234375,3864.5,3858.300048828125,3861.0,19969
2025-10-16 07:35:00+00:00,3858.89990234375,3863.300048828125,3858.89990234375,3861.39990234375,17737
2025-10-16 07:40:00+00:00,3862.39990234375,3864.0,3859.0,3860.39990234375,14391
2025-10-16 07:45:00+00:00,3859.199951171875,3864.0,3857.60009765625,3862.300048828125,22667
2025-10-16 07:50:00+00:00,3860.10009765625,3863.60009765625,3857.699951171875,3859.0,33189
2025-10-16 07:55:00+00:00,3863.800048828125,3865.89990234375,3859.89990234375,3859.89990234375,35251
2025-10-16 08:00:00+00:00,3862.0,3865.89990234375,3860.0,3865.39990234375,21737
2025-10-16 08:05:00+00:00,3863.5,3864.199951171875,3861.0,3862.0,12108
2025-10-16 08:10:00+00:00,3861.60009765625,3864.300048828125,3858.199951171875,3863.60009765625,24368
2025-10-16 08:15:00+00:00,3864.199951171875,3865.0,3860.800048828125,3861.699951171875,52186
2025-10-16 08:20:00+00:00,3858.0,3864.39990234375,3858.0,3864.10009765625,33517
2025-10-16 08:25:00+00:00,3860.800048828125,3862.0,3857.0,3858.0,16993
2025-10-16 08:30:00+00:00,3865.800048828125,3866.800048828125,3860.5,3860.5,31465
2025-10-16 08:35:00+00:00,3865.0,3867.0,3863.0,3866.0,18074
2025-10-16 08:40:00+00:00,3859.10009765625,3865.199951171875,3859.0,3864.800048828125,28813
2025-10-16 08:45:00+00:00,3859.10009765625,3863.10009765625,3859.10009765625,3859.89990234375,12843
2025-10-16 08:50:00+00:00,3863.5,3863.699951171875,3858.89990234375,3859.0,24387
2025-10-16 08:55:00+00:00,3862.300048828125,3864.300048828125,3859.60009765625,3863.699951171875,24372
2025-10-16 09:00:00+00:00,3862.699951171875,3864.5,3861.0,3862.300048828125,14224
2025-10-16 09:05:00+00:00,3865.89990234375,3869.5,3862.5,3862.60009765625,38870
2025-10-16 09:10:00+00:00,3864.89990234375,3866.89990234375,3863.60009765625,3865.699951171875,30268
2025-10-16 09:15:00+00:00,3862.89990234375,3869.60009765625,3862.39990234375,3865.0,37262
2025-10-16 09:20:00+00:00,3861.60009765625,3865.800048828125,3860.300048828125,3862.89990234375,22048
2025-10-16 09:25:00+00:00,3859.39990234375,3863.199951171875,3858.0,3862.60009765625,22812
2025-10-16 09:30:00+00:00,3861.39990234375,3862.89990234375,3859.39990234375,3859.800048828125,65770
2025-10-16 09:35:00+00:00,3861.60009765625,3862.60009765625,3859.0,3862.300048828125,35504
2025-10-16 09:40:00+00:00,3860.0,3865.0,3858.300048828125,3861.60009765625,48843
2025-10-16 09:45:00+00:00,3860.300048828125,3865.60009765625,3859.5,3861.39990234375,55282
2025-10-16 09:50:00+00:00,3862.10009765625,3863.10009765625,3860.0,3860.39990234375,37641
2025-10-16 09:55:00+00:00,3861.89990234375,3863.5,3860.0,3862.10009765625,55364
2025-10-17 03:45:00+00:00,3861.0,3866.800048828125,3855.39990234375,3860.0,0
2025-10-17 03:50:00+00:00,3853.5,3861.0,3853.0,3857.0,16728
2025-10-17 03:55:00+00:00,3858.89990234375,3859.0,3850.10009765625,3853.5,16700
2025-10-17 04:00:00+00:00,3860.800048828125,3865.0,3859.39990234375,3860.0,20909
2025-10-17 04:05:00+00:00,3857.300048828125,3862.0,3857.199951171875,3860.800048828125,9798
2025-10-17 04:10:00+00:00,3860.89990234375,3860.89990234375,3857.0,3860.0,8555
2025-10-17 04:15:00+00:00,3849.5,3860.89990234375,3849.0,3859.89990234375,10493
2025-10-17 04:20:00+00:00,3853.0,3853.0,3845.0,3846.60009765625,6021
2025-10-17 04:25:00+00:00,3854.0,3855.300048828125,3852.199951171875,3853.699951171875,5403
2025-10-17 04:30:00+00:00,3857.199951171875,3858.0,3852.199951171875,3854.199951171875,7600
2025-10-17 04:35:00+00:00,3861.0,3861.0,3855.39990234375,3857.199951171875,6300
2025-10-17 04:40:00+00:00,3857.60009765625,3862.0,3857.60009765625,3861.0,6234
2025-10-17 04:45:00+00:00,3859.0,3863.0,3856.60009765625,3857.699951171875,9404
2025-10-17 04:50:00+00:00,3859.10009765625,3862.0,3859.0,3859.60009765625,4865
2025-10-17 04:55:00+00:00,3856.300048828125,3860.89990234375,3855.10009765625,3859.10009765625,8376
2025-10-17 05:00:00+00:00,3856.10009765625,3859.10009765625,3855.89990234375,3856.300048828125,3941
2025-10-17 05:05:00+00:00,3856.0,3858.0,3853.0,3856.10009765625,8027
2025-10-17 05:10:00+00:00,3860.89990234375,3861.10009765625,3854.39990234375,3856.39990234375,5909
2025-10-17 05:15:00+00:00,3862.300048828125,3863.699951171875,3859.800048828125,3861.10009765625,10299
2025-10-17 05:20:00+00:00,3863.60009765625,3866.0,3861.39990234375,3861.39990234375,8187
2025-10-17 05:25:00+00:00,3864.800048828125,3866.89990234375,3861.699951171875,3863.60009765625,27552
2025-10-17 05:30:00+00:00,3865.89990234375,3868.0,3863.60009765625,3864.800048828125,19169
2025-10-17 05:35:00+00:00,3866.0,3866.0,3865.0,3865.60009765625,7291
2025-10-17 05:40:00+00:00,3866.0,3866.5,3865.39990234375,3866.0,7852
2025-10-17 05:45:00+00:00,3865.300048828125,3866.0,3860.800048828125,3866.0,10294
2025-10-17 05:50:00+00:00,3865.0,3866.5,3864.0,3865.300048828125,22088
2025-10-17 05:55:00+00:00,3864.800048828125,3865.800048828125,3863.699951171875,3865.0,16979
2025-10-17 06:00:00+00:00,3868.0,3868.800048828125,3864.0,3864.800048828125,27808
2025-10-17 06:05:00+00:00,3866.5,3868.39990234375,3864.800048828125,3868.300048828125,4338
2025-10-17 06:10:00+00:00,3863.89990234375,3866.39990234375,3861.0,3866.0,25787
2025-10-17 06:15:00+00:00,3866.800048828125,3866.800048828125,3860.800048828125,3863.89990234375,18086
2025-10-17 06:20:00+00:00,3862.0,3865.0,3857.199951171875,3865.0,36985
2025-10-17 06:25:00+00:00,3862.300048828125,3865.0,3859.10009765625,3862.0,25255
2025-10-17 06:30:00+00:00,3861.39990234375,3863.800048828125,3860.0,3862.0,5052
2025-10-17 06:35:00+00:00,3856.89990234375,3861.5,3856.89990234375,3861.300048828125,5010
2025-10-17 06:40:00+00:00,3857.5,3860.0,3855.199951171875,3857.0,7247
2025-10-17 06:45:00+00:00,3857.0,3859.300048828125,3852.10009765625,3857.199951171875,33746
2025-10-17 06:50:00+00:00,3854.89990234375,3857.0,3852.699951171875,3857.0,18386
2025-10-17 06:55:00+00:00,3855.0,3855.0,3853.300048828125,3855.0,6302
2025-10-17 07:00:00+00:00,3855.0,3855.0,3853.60009765625,3855.0,10687
2025-10-17 07:05:00+00:00,3853.39990234375,3855.0,3853.39990234375,3855.0,5698
2025-10-17 07:10:00+00:00,3854.60009765625,3854.60009765625,3852.699951171875,3853.39990234375,8068
2025-10-17 07:15:00+00:00,3854.300048828125,3855.0,3848.5,3854.39990234375,30089
2025-10-17 07:20:00+00:00,3847.60009765625,3854.39990234375,3846.0,3854.39990234375,8611
2025-10-17 07:25:00+00:00,3851.10009765625,3851.699951171875,3846.89990234375,3848.89990234375,15329
2025-10-17 07:30:00+00:00,3843.699951171875,3851.10009765625,3843.699951171875,3851.10009765625,9813
2025-10-17 07:35:00+00:00,3842.0,3845.199951171875,3839.0,3843.39990234375,34834
2025-10-17 07:40:00+00:00,3843.0,3844.60009765625,3838.800048828125,3842.0,67070
2025-10-17 07:45:00+00:00,3846.5,3847.699951171875,3841.10009765625,3843.0,7898
2025-10-17 07:50:00+00:00,3848.699951171875,3850.0,3846.300048828125,3846.300048828125,5280
2025-10-17 07:55:00+00:00,3846.39990234375,3851.60009765625,3846.39990234375,3849.300048828125,24769
2025-10-17 08:00:00+00:00,3841.0,3849.300048828125,3839.0,3847.699951171875,13471
2025-10-17 08:05:00+00:00,3842.0,3843.0,3834.89990234375,3840.89990234375,14030
2025-10-17 08:10:00+00:00,3844.60009765625,3848.60009765625,3840.60009765625,3842.89990234375,26711
2025-10-17 08:15:00+00:00,3842.800048828125,3845.300048828125,3840.39990234375,3843.800048828125,6665
2025-10-17 08:20:00+00:00,3838.0,3844.0,3836.5,3843.0,23200
2025-10-17 08:25:00+00:00,3841.60009765625,3841.60009765625,3836.0,3837.800048828125,13255
2025-10-17 08:30:00+00:00,3840.0,3844.199951171875,3839.199951171875,3842.89990234375,7702
2025-10-17 08:35:00+00:00,3838.699951171875,3841.39990234375,3838.10009765625,3841.39990234375,17160
2025-10-17 08:40:00+00:00,3836.89990234375,3840.0,3834.89990234375,3838.699951171875,22061
2025-10-17 08:45:00+00:00,3836.699951171875,3839.300048828125,3833.10009765625,3836.800048828125,14458
2025-10-17 08:50:00+00:00,3837.39990234375,3839.699951171875,3833.0,3837.699951171875,48189
2025-10-17 08:55:00+00:00,3834.0,3840.0,3834.0,3838.300048828125,24996
2025-10-17 09:00:00+00:00,3835.0,3835.0,3831.699951171875,3834.800048828125,23679
2025-10-17 09:05:00+00:00,3836.0,3839.39990234375,3833.0,3835.0,38182
2025-10-17 09:10:00+00:00,3835.0,3840.0,3833.39990234375,3836.0,46981
2025-10-17 09:15:00+00:00,3835.60009765625,3841.199951171875,3834.10009765625,3835.0,29593
2025-10-17 09:20:00+00:00,3836.39990234375,3837.699951171875,3830.10009765625,3835.39990234375,36238
2025-10-17 09:25:00+00:00,3838.0,3839.300048828125,3834.699951171875,3837.699951171875,10775
2025-10-17 09:30:00+00:00,3835.800048828125,3837.5,3832.800048828125,3837.5,17314
2025-10-17 09:35:00+00:00,3838.300048828125,3840.0,3835.199951171875,3835.89990234375,21454
2025-10-17 09:40:00+00:00,3839.89990234375,3839.89990234375,3834.800048828125,3838.300048828125,38135
2025-10-17 09:45:00+00:00,3841.89990234375,3841.89990234375,3838.89990234375,3839.39990234375,25792
2025-10-17 09:50:00+00:00,3842.10009765625,3843.89990234375,3841.10009765625,3841.800048828125,30902
2025-10-17 09:55:00+00:00,3839.5,3844.89990234375,3838.0,3842.10009765625,28047
2025-10-20 03:45:00+00:00,3869.0,3878.0,3853.60009765625,3859.0,0
2025-10-20 03:50:00+00:00,3862.0,3872.0,3861.10009765625,3871.199951171875,25297
2025-10-20 03:55:00+00:00,3862.0,3864.89990234375,3856.199951171875,3861.60009765625,8659
2025-10-20 04:00:00+00:00,3859.800048828125,3864.39990234375,3858.699951171875,3862.0,7478
2025-10-20 04:05:00+00:00,3857.199951171875,3862.89990234375,3855.39990234375,3859.800048828125,8526
2025-10-20 04:10:00+00:00,3861.699951171875,3862.0,3856.0,3857.199951171875,5080
2025-10-20 04:15:00+00:00,3858.800048828125,3864.0,3853.89990234375,3862.0,10040
2025-10-20 04:20:00+00:00,3860.300048828125,3861.699951171875,3854.699951171875,3857.300048828125,3375
2025-10-20 04:25:00+00:00,3858.800048828125,3863.0,3856.199951171875,3860.199951171875,3735
2025-10-20 04:30:00+00:00,3858.60009765625,3860.10009765625,3856.199951171875,3856.89990234375,7453
2025-10-20 04:35:00+00:00,3864.10009765625,3865.10009765625,3860.10009765625,3860.10009765625,13264
2025-10-20 04:40:00+00:00,3866.5,3866.5,3862.699951171875,3864.10009765625,3437
2025-10-20 04:45:00+00:00,3857.39990234375,3867.89990234375,3856.0,3866.5,9170
2025-10-20 04:50:00+00:00,3865.0,3865.0,3857.699951171875,3859.0,6906
2025-10-20 04:55:00+00:00,3868.0,3869.800048828125,3864.89990234375,3865.0,11881
2025-10-20 05:00:00+00:00,3871.199951171875,3871.5,3865.300048828125,3867.699951171875,11419
2025-10-20 05:05:00+00:00,3883.5,3883.5,3870.0,3871.199951171875,20549
2025-10-20 05:10:00+00:00,3882.800048828125,3885.800048828125,3878.199951171875,3882.5,20260
2025-10-20 05:15:00+00:00,3884.0,3884.0,3880.0,3882.60009765625,7916
2025-10-20 05:20:00+00:00,3884.699951171875,3884.800048828125,3881.0,3884.800048828125,7085
2025-10-20 05:25:00+00:00,3884.89990234375,3885.800048828125,3880.89990234375,3884.800048828125,7586
2025-10-20 05:30:00+00:00,3884.0,3887.60009765625,3882.0,3885.699951171875,16064
2025-10-20 05:35:00+00:00,3882.5,3884.0,3880.0,3883.39990234375,7901
2025-10-20 05:40:00+00:00,3883.699951171875,3884.60009765625,3881.199951171875,3882.699951171875,10989
2025-10-20 05:45:00+00:00,3879.800048828125,3885.0,3878.0,3884.39990234375,11748
2025-10-20 05:50:00+00:00,3879.89990234375,3882.199951171875,3875.89990234375,3879.10009765625,20206
2025-10-20 05:55:00+00:00,3880.39990234375,3881.39990234375,3873.5,3879.699951171875,17278
2025-10-20 06:00:00+00:00,3878.0,3883.0,3873.800048828125,3880.5,7297
2025-10-20 06:05:00+00:00,3876.10009765625,3879.800048828125,3875.0,3878.0,4990
2025-10-20 06:10:00+00:00,3876.699951171875,3880.10009765625,3872.699951171875,3876.5,51444
2025-10-20 06:15:00+00:00,3866.699951171875,3875.0,3865.199951171875,3875.0,23764
2025-10-20 06:20:00+00:00,3863.60009765625,3868.800048828125,3861.0,3867.0,6887
2025-10-20 06:25:00+00:00,3864.60009765625,3865.300048828125,3861.0,3863.60009765625,4248
2025-10-20 06:30:00+00:00,3861.10009765625,3866.0,3860.0,3864.10009765625,4928
2025-10-20 06:35:00+00:00,3860.0,3863.699951171875,3859.0,3861.199951171875,5013
2025-10-20 06:40:00+00:00,3859.89990234375,3861.10009765625,3859.0,3860.10009765625,3196
2025-10-20 06:45:00+00:00,3858.0,3860.0,3858.0,3859.300048828125,2251
2025-10-20 06:50:00+00:00,3855.699951171875,3858.0,3855.0,3857.0,3873
2025-10-20 06:55:00+00:00,3855.300048828125,3857.10009765625,3852.10009765625,3855.699951171875,13794
2025-10-20 07:00:00+00:00,3859.89990234375,3859.89990234375,3850.199951171875,3854.800048828125,11912
2025-10-20 07:05:00+00:00,3862.0,3862.5,3856.800048828125,3859.39990234375,18934
2025-10-20 07:10:00+00:00,3866.300048828125,3867.89990234375,3861.10009765625,3861.10009765625,6041
2025-10-20 07:15:00+00:00,3864.5,3868.0,3862.199951171875,3866.300048828125,14669
2025-10-20 07:20:00+00:00,3869.39990234375,3870.89990234375,3864.10009765625,3864.60009765625,17495
2025-10-20 07:25:00+00:00,3867.300048828125,3870.0,3865.199951171875,3869.39990234375,14274
2025-10-20 07:30:00+00:00,3870.0,3873.300048828125,3866.0,3867.300048828125,15456
2025-10-20 07:35:00+00:00,3872.5,3873.89990234375,3869.0,3870.10009765625,13002
2025-10-20 07:40:00+00:00,3871.699951171875,3875.0,3869.199951171875,3872.0,17607
2025-10-20 07:45:00+00:00,3868.800048828125,3872.0,3862.699951171875,3871.699951171875,13149
2025-10-20 07:50:00+00:00,3873.199951171875,3874.39990234375,3864.60009765625,3866.699951171875,17395
2025-10-20 07:55:00+00:00,3874.5,3877.699951171875,3867.800048828125,3873.300048828125,33270
2025-10-20 08:00:00+00:00,3871.300048828125,3876.800048828125,3869.10009765625,3874.300048828125,11427
2025-10-20 08:05:00+00:00,3872.5,3873.60009765625,3870.0,3870.0,6779
2025-10-20 08:10:00+00:00,3871.60009765625,3872.699951171875,3869.5,3871.89990234375,11327
2025-10-20 08:15:00+00:00,3870.0,3873.0,3870.0,3870.10009765625,10962
2025-10-20 08:20:00+00:00,3871.5,3873.0,3866.5,3870.0,33452
2025-10-20 08:25:00+00:00,3871.699951171875,3872.800048828125,3870.0,3871.5,5623
2025-10-20 08:30:00+00:00,3873.10009765625,3875.0,3870.0,3871.199951171875,13201
2025-10-20 08:35:00+00:00,3870.0,3873.199951171875,3869.199951171875,3871.800048828125,12697
2025-10-20 08:40:00+00:00,3869.300048828125,3871.0,3866.0,3870.0,19831
2025-10-20 08:45:00+00:00,3868.5,3874.39990234375,3865.0,3867.89990234375,25766
2025-10-20 08:50:00+00:00,3868.60009765625,3872.699951171875,3866.0,3867.60009765625,19224
2025-10-20 08:55:00+00:00,3870.60009765625,3872.89990234375,3866.89990234375,3868.5,18001
2025-10-20 09:00:00+00:00,3870.89990234375,3873.0,3864.60009765625,3870.60009765625,30765
2025-10-20 09:05:00+00:00,3864.800048828125,3870.89990234375,3863.199951171875,3870.89990234375,22712
2025-10-20 09:10:00+00:00,3862.199951171875,3866.0,3861.39990234375,3864.800048828125,16084
2025-10-20 09:15:00+00:00,3867.199951171875,3868.0,3858.60009765625,3861.60009765625,35303
2025-10-20 09:20:00+00:00,3864.39990234375,3867.5,3859.89990234375,3867.10009765625,39742
2025-10-20 09:25:00+00:00,3865.0,3869.300048828125,3862.300048828125,3863.699951171875,37098
2025-10-20 09:30:00+00:00,3867.0,3872.199951171875,3864.0,3865.300048828125,37706
2025-10-20 09:35:00+00:00,3875.0,3875.0,3867.0,3867.0,46410
2025-10-20 09:40:00+00:00,3872.10009765625,3879.0,3869.5,3874.5,48572
2025-10-20 09:45:00+00:00,3870.39990234375,3875.39990234375,3869.699951171875,3872.39990234375,22432
2025-10-20 09:50:00+00:00,3876.10009765625,3878.0,3870.60009765625,3870.60009765625,26793
2025-10-20 09:55:00+00:00,3872.699951171875,3878.0,3872.0,3876.10009765625,18160
2025-10-21 08:05:00+00:00,3892.0,3892.0,3892.0,3892.0,0
2025-10-21 08:15:00+00:00,3886.0,3891.800048828125,3880.60009765625,3890.5,45827
2025-10-21 08:20:00+00:00,3888.0,3888.0,3879.800048828125,3886.89990234375,23413
2025-10-21 08:25:00+00:00,3888.89990234375,3895.0,3886.300048828125,3888.0,38432
2025-10-21 08:30:00+00:00,3890.39990234375,3893.0,3887.199951171875,3888.39990234375,19025
2025-10-21 08:35:00+00:00,3888.89990234375,3890.800048828125,3885.800048828125,3890.5,12251
2025-10-21 08:40:00+00:00,3890.0,3891.800048828125,3888.0,3888.89990234375,23147
2025-10-21 08:45:00+00:00,3893.0,3893.0,3890.0,3890.0,22296
2025-10-21 08:50:00+00:00,3891.39990234375,3893.0,3889.60009765625,3892.5,8993
2025-10-21 08:55:00+00:00,3888.0,3891.39990234375,3887.89990234375,3891.39990234375,15184
2025-10-21 09:00:00+00:00,3887.39990234375,3889.39990234375,3883.0,3888.5,19534
2025-10-21 09:05:00+00:00,3884.0,3888.0,3880.300048828125,3887.0,17617
2025-10-21 09:10:00+00:00,3887.5,3887.5,3883.199951171875,3883.199951171875,9850
2025-10-21 09:15:00+00:00,3888.199951171875,3888.199951171875,3887.0,3887.0,731
2025-10-23 03:45:00+00:00,3906.5,3913.89990234375,3895.39990234375,3897.89990234375,0
2025-10-23 03:50:00+00:00,3908.89990234375,3910.0,3904.199951171875,3907.0,77523
2025-10-23 03:55:00+00:00,3903.800048828125,3910.0,3902.39990234375,3909.0,41421
2025-10-23 04:00:00+00:00,3902.39990234375,3907.5,3902.39990234375,3903.699951171875,22111
2025-10-23 04:05:00+00:00,3899.10009765625,3906.0,3897.60009765625,3902.39990234375,33521
2025-10-23 04:10:00+00:00,3902.199951171875,3904.5,3898.39990234375,3899.10009765625,21785
2025-10-23 04:15:00+00:00,3907.0,3908.800048828125,3902.300048828125,3902.5,51483
2025-10-23 04:20:00+00:00,3905.60009765625,3907.39990234375,3904.5,3906.199951171875,15178
2025-10-23 04:25:00+00:00,3917.0,3917.5,3905.60009765625,3906.0,52315
2025-10-23 04:30:00+00:00,3929.199951171875,3929.89990234375,3916.60009765625,3916.60009765625,69449
2025-10-23 04:35:00+00:00,3926.39990234375,3929.89990234375,3926.300048828125,3929.300048828125,20473
2025-10-23 04:40:00+00:00,3928.89990234375,3928.89990234375,3925.5,3927.0,26866
2025-10-23 04:45:00+00:00,3931.800048828125,3932.300048828125,3924.699951171875,3926.5,37961
2025-10-23 04:50:00+00:00,3940.300048828125,3941.89990234375,3929.0,3931.699951171875,45665
2025-10-23 04:55:00+00:00,3930.0,3943.39990234375,3929.800048828125,3940.300048828125,33112
2025-10-23 05:00:00+00:00,3924.800048828125,3932.0,3923.0,3930.0,24800
2025-10-23 05:05:00+00:00,3930.0,3930.0,3920.0,3924.800048828125,46945
2025-10-23 05:10:00+00:00,3924.5,3930.0,3921.5,3930.0,12272
2025-10-23 05:15:00+00:00,3923.199951171875,3925.89990234375,3920.800048828125,3925.0,13043
2025-10-23 05:20:00+00:00,3927.0,3927.199951171875,3920.0,3923.300048828125,15186
2025-10-23 05:25:00+00:00,3930.0,3931.89990234375,3925.10009765625,3927.0,14107
2025-10-23 05:30:00+00:00,3926.10009765625,3933.199951171875,3926.10009765625,3930.60009765625,29350
2025-10-23 05:35:00+00:00,3925.300048828125,3929.39990234375,3923.0,3926.5,28033
2025-10-23 05:40:00+00:00,3927.800048828125,3929.699951171875,3924.60009765625,3925.300048828125,11129
2025-10-23 05:45:00+00:00,3929.89990234375,3930.0,3926.699951171875,3928.39990234375,8165
2025-10-23 05:50:00+00:00,3930.5,3931.89990234375,3928.0,3929.199951171875,8435
2025-10-23 05:55:00+00:00,3932.60009765625,3932.800048828125,3928.199951171875,3931.699951171875,10028
2025-10-23 06:00:00+00:00,3938.89990234375,3939.0,3931.300048828125,3932.5,20829
2025-10-23 06:05:00+00:00,3942.10009765625,3943.0,3938.0,3938.89990234375,20655
2025-10-23 06:10:00+00:00,3946.5,3946.89990234375,3940.0,3942.5,48797
2025-10-23 06:15:00+00:00,3949.60009765625,3950.0,3946.39990234375,3946.5,26601
2025-10-23 06:20:00+00:00,3953.60009765625,3953.800048828125,3946.5,3949.5,65608
2025-10-23 06:25:00+00:00,3955.89990234375,3956.0,3947.699951171875,3953.800048828125,27478
2025-10-23 06:30:00+00:00,3950.800048828125,3956.300048828125,3948.199951171875,3956.0,32034
2025-10-23 06:35:00+00:00,3949.699951171875,3953.0,3948.5,3950.89990234375,24684
2025-10-23 06:40:00+00:00,3955.0,3955.5,3950.0,3950.0,21752
2025-10-23 06:45:00+00:00,3952.5,3956.0,3948.10009765625,3955.0,31944
2025-10-23 06:50:00+00:00,3954.800048828125,3955.300048828125,3950.699951171875,3952.39990234375,28623
2025-10-23 06:55:00+00:00,3958.39990234375,3958.89990234375,3955.0,3955.5,25743
2025-10-23 07:00:00+00:00,3956.5,3959.0,3953.300048828125,3958.0,22628
2025-10-23 07:05:00+00:00,3959.699951171875,3961.0,3955.39990234375,3956.89990234375,40278
2025-10-23 07:10:00+00:00,3959.89990234375,3960.199951171875,3954.10009765625,3959.800048828125,51283
2025-10-23 07:15:00+00:00,3959.199951171875,3961.89990234375,3957.39990234375,3959.10009765625,52973
2025-10-23 07:20:00+00:00,3960.800048828125,3962.300048828125,3957.300048828125,3958.0,32207
2025-10-23 07:25:00+00:00,3959.699951171875,3961.39990234375,3959.300048828125,3960.800048828125,24973
2025-10-23 07:30:00+00:00,3959.10009765625,3959.800048828125,3954.5,3959.5,24404
2025-10-23 07:35:00+00:00,3960.699951171875,3962.0,3958.5,3959.0,30147
2025-10-23 07:40:00+00:00,3961.5,3966.10009765625,3958.699951171875,3960.0,58245
2025-10-23 07:45:00+00:00,3961.300048828125,3963.39990234375,3955.60009765625,3961.0,30149
2025-10-23 07:50:00+00:00,3956.10009765625,3961.699951171875,3955.199951171875,3961.39990234375,34361
2025-10-23 07:55:00+00:00,3959.0,3959.0,3954.199951171875,3956.10009765625,23254
2025-10-23 08:00:00+00:00,3952.60009765625,3961.0,3951.5,3958.800048828125,34668
2025-10-23 08:05:00+00:00,3954.300048828125,3956.300048828125,3950.10009765625,3952.10009765625,32507
2025-10-23 08:10:00+00:00,3955.5,3957.300048828125,3951.89990234375,3954.300048828125,18057
2025-10-23 08:15:00+00:00,3960.5,3961.0,3953.0,3955.10009765625,48663
2025-10-23 08:20:00+00:00,3961.10009765625,3962.5,3960.0,3960.5,14095
2025-10-23 08:25:00+00:00,3960.0,3961.699951171875,3959.0,3960.89990234375,35902
2025-10-23 08:30:00+00:00,3958.800048828125,3960.5,3955.199951171875,3960.0,54864
2025-10-23 08:35:00+00:00,3956.5,3958.89990234375,3955.10009765625,3958.39990234375,13119
2025-10-23 08:40:00+00:00,3951.300048828125,3956.5,3946.5,3956.5,77836
2025-10-23 08:45:00+00:00,3948.60009765625,3952.0,3946.5,3951.39990234375,62253
2025-10-23 08:50:00+00:00,3946.5,3950.0,3941.699951171875,3948.0,29412
2025-10-23 08:55:00+00:00,3947.199951171875,3950.0,3943.0,3946.699951171875,50284
2025-10-23 09:00:00+00:00,3945.10009765625,3948.0,3943.0,3946.89990234375,21892
2025-10-23 09:05:00+00:00,3946.0,3948.0,3942.0,3945.10009765625,27354
2025-10-23 09:10:00+00:00,3951.699951171875,3955.5,3943.60009765625,3946.0,41918
2025-10-23 09:15:00+00:00,3951.0,3955.10009765625,3950.0,3951.699951171875,29750
2025-10-23 09:20:00+00:00,3947.0,3952.5,3945.89990234375,3951.699951171875,32776
2025-10-23 09:25:00+00:00,3935.199951171875,3947.800048828125,3935.199951171875,3947.800048828125,44317
2025-10-23 09:30:00+00:00,3924.699951171875,3936.0,3922.5,3935.60009765625,81223
2025-10-23 09:35:00+00:00,3913.800048828125,3926.800048828125,3913.0,3924.5,81468
2025-10-23 09:40:00+00:00,3912.60009765625,3916.800048828125,3908.5,3912.60009765625,70697
2025-10-23 09:45:00+00:00,3920.800048828125,3920.800048828125,3911.0,3912.60009765625,72743
2025-10-23 09:50:00+00:00,3915.0,3920.699951171875,3914.699951171875,3920.60009765625,56832
2025-10-23 09:55:00+00:00,3916.0,3919.0,3912.199951171875,3915.39990234375,34990
2025-10-24 03:45:00+00:00,3905.699951171875,3930.60009765625,3903.10009765625,3926.0,0
2025-10-24 03:50:00+00:00,3919.89990234375,3919.89990234375,3902.60009765625,3904.800048828125,18930
2025-10-24 03:55:00+00:00,3920.89990234375,3924.5,3911.89990234375,3920.39990234375,22991
2025-10-24 04:00:00+00:00,3920.300048828125,3923.60009765625,3915.699951171875,3920.39990234375,18322
2025-10-24 04:05:00+00:00,3928.10009765625,3929.89990234375,3917.300048828125,3922.0,15404
2025-10-24 04:10:00+00:00,3926.5,3930.0,3923.60009765625,3928.0,9234
2025-10-24 04:15:00+00:00,3924.300048828125,3927.5,3923.0,3926.5,7623
2025-10-24 04:20:00+00:00,3927.0,3929.5,3920.0,3924.0,21190
2025-10-24 04:25:00+00:00,3939.199951171875,3939.89990234375,3928.0,3928.0,31765
2025-10-24 04:30:00+00:00,3931.0,3939.0,3931.0,3937.39990234375,12614
2025-10-24 04:35:00+00:00,3932.0,3935.199951171875,3928.199951171875,3930.0,10532
2025-10-24 04:40:00+00:00,3929.0,3934.89990234375,3926.89990234375,3932.10009765625,13657
2025-10-24 04:45:00+00:00,3922.800048828125,3932.10009765625,3921.0,3929.0,13682
2025-10-24 04:50:00+00:00,3910.699951171875,3923.199951171875,3909.0,3922.699951171875,13378
2025-10-24 04:55:00+00:00,3907.60009765625,3913.10009765625,3907.10009765625,3910.0,14186
2025-10-24 05:00:00+00:00,3912.5,3914.39990234375,3905.60009765625,3907.199951171875,9802
2025-10-24 05:05:00+00:00,3916.300048828125,3917.0,3908.39990234375,3912.89990234375,8196
2025-10-24 05:10:00+00:00,3914.699951171875,3916.89990234375,3913.300048828125,3916.89990234375,6121
2025-10-24 05:15:00+00:00,3915.0,3915.60009765625,3913.0,3914.60009765625,6063
2025-10-24 05:20:00+00:00,3917.39990234375,3918.60009765625,3915.0,3915.300048828125,9926
2025-10-24 05:25:00+00:00,3918.5,3920.0,3915.0,3917.10009765625,11511
2025-10-24 05:30:00+00:00,3917.300048828125,3922.0,3915.0,3918.5,12437
2025-10-24 05:35:00+00:00,3918.10009765625,3923.60009765625,3914.39990234375,3918.10009765625,24915
2025-10-24 05:40:00+00:00,3925.5,3929.0,3917.10009765625,3919.800048828125,38983
2025-10-24 05:45:00+00:00,3921.0,3926.0,3920.0,3925.0,7880
2025-10-24 05:50:00+00:00,3926.199951171875,3927.60009765625,3920.0,3920.60009765625,11418
2025-10-24 05:55:00+00:00,3920.0,3926.199951171875,3920.0,3926.199951171875,22887
2025-10-24 06:00:00+00:00,3924.0,3924.0,3916.10009765625,3920.0,24531
2025-10-24 06:05:00+00:00,3924.699951171875,3927.0,3920.39990234375,3923.60009765625,16831
2025-10-24 06:10:00+00:00,3925.0,3928.39990234375,3923.89990234375,3924.699951171875,6951
2025-10-24 06:15:00+00:00,3926.0,3927.5,3924.89990234375,3925.0,5354
2025-10-24 06:20:00+00:00,3925.199951171875,3927.5,3924.39990234375,3926.0,5585
2025-10-24 06:25:00+00:00,3924.699951171875,3927.300048828125,3924.39990234375,3926.0,5186
2025-10-24 06:30:00+00:00,3917.0,3925.0,3917.0,3925.0,17139
2025-10-24 06:35:00+00:00,3920.60009765625,3922.39990234375,3917.0,3917.89990234375,13527
2025-10-24 06:40:00+00:00,3918.39990234375,3924.0,3917.0,3922.10009765625,13751
2025-10-24 06:45:00+00:00,3921.0,3923.60009765625,3918.39990234375,3919.699951171875,13205
2025-10-24 06:50:00+00:00,3922.699951171875,3923.39990234375,3920.199951171875,3921.300048828125,9776
2025-10-24 06:55:00+00:00,3918.5,3924.0,3918.5,3923.0,31333
2025-10-24 07:00:00+00:00,3918.5,3919.60009765625,3916.39990234375,3918.39990234375,11701
2025-10-24 07:05:00+00:00,3923.5,3923.800048828125,3916.0,3917.10009765625,28762
2025-10-24 07:10:00+00:00,3916.10009765625,3924.0,3914.39990234375,3923.800048828125,19032
2025-10-24 07:15:00+00:00,3916.300048828125,3917.5,3914.0,3916.0,9497
2025-10-24 07:20:00+00:00,3914.10009765625,3917.0,3914.10009765625,3916.39990234375,6821
2025-10-24 07:25:00+00:00,3915.60009765625,3917.0,3913.89990234375,3914.800048828125,12106
2025-10-24 07:30:00+00:00,3921.0,3922.0,3915.10009765625,3916.800048828125,22203
2025-10-24 07:35:00+00:00,3917.699951171875,3922.0,3916.0,3921.39990234375,24814
2025-10-24 07:40:00+00:00,3921.0,3921.0,3916.39990234375,3916.39990234375,5131
2025-10-24 07:45:00+00:00,3920.800048828125,3924.0,3917.60009765625,3921.0,28562
2025-10-24 07:50:00+00:00,3920.300048828125,3922.199951171875,3919.89990234375,3921.10009765625,4378
2025-10-24 07:55:00+00:00,3920.5,3922.800048828125,3920.5,3920.5,13424
2025-10-24 08:00:00+00:00,3918.10009765625,3922.300048828125,3918.10009765625,3920.699951171875,13289
2025-10-24 08:05:00+00:00,3915.5,3920.0,3915.0,3918.0,8675
2025-10-24 08:10:00+00:00,3907.10009765625,3917.5,3907.10009765625,3915.5,8596
2025-10-24 08:15:00+00:00,3912.39990234375,3913.300048828125,3906.0,3907.0,5979
2025-10-24 08:20:00+00:00,3913.60009765625,3916.0,3906.89990234375,3912.39990234375,7216
2025-10-24 08:25:00+00:00,3910.60009765625,3916.0,3909.5,3915.10009765625,11838
2025-10-24 08:30:00+00:00,3909.5,3912.0,3906.60009765625,3910.60009765625,7529
2025-10-24 08:35:00+00:00,3914.5,3915.60009765625,3909.39990234375,3910.5,5038
2025-10-24 08:40:00+00:00,3909.89990234375,3916.39990234375,3908.10009765625,3915.199951171875,17668
2025-10-24 08:45:00+00:00,3911.89990234375,3913.60009765625,3908.0,3910.0,8686
2025-10-24 08:50:00+00:00,3908.800048828125,3913.0,3906.89990234375,3911.699951171875,12287
2025-10-24 08:55:00+00:00,3913.300048828125,3914.5,3908.800048828125,3909.5,7312
2025-10-24 09:00:00+00:00,3910.0,3916.39990234375,3908.800048828125,3913.300048828125,15266
2025-10-24 09:05:00+00:00,3910.39990234375,3914.0,3908.0,3910.0,9120
2025-10-24 09:10:00+00:00,3909.0,3913.0,3908.89990234375,3909.5,6948
2025-10-24 09:15:00+00:00,3907.10009765625,3911.0,3905.0,3910.199951171875,12129
2025-10-24 09:20:00+00:00,3903.89990234375,3907.0,3900.10009765625,3905.10009765625,12558
2025-10-24 09:25:00+00:00,3901.199951171875,3904.5,3900.0,3904.0,7932
2025-10-24 09:30:00+00:00,3909.699951171875,3911.39990234375,3901.199951171875,3903.89990234375,35793
2025-10-24 09:35:00+00:00,3910.0,3913.800048828125,3906.89990234375,3910.0,16587
2025-10-24 09:40:00+00:00,3907.0,3911.89990234375,3905.0,3910.10009765625,21014
2025-10-24 09:45:00+00:00,3906.0,3908.60009765625,3903.800048828125,3907.89990234375,26440
2025-10-24 09:50:00+00:00,3899.10009765625,3906.199951171875,3897.699951171875,3905.699951171875,41928
2025-10-24 09:55:00+00:00,3904.89990234375,3909.0,3897.699951171875,3899.10009765625,20446
2025-10-27 03:45:00+00:00,3924.699951171875,3932.39990234375,3910.60009765625,3911.800048828125,0
2025-10-27 03:50:00+00:00,3922.5,3930.89990234375,3918.0,3924.800048828125,31533
2025-10-27 03:55:00+00:00,3926.10009765625,3926.10009765625,3918.199951171875,3922.89990234375,15033
2025-10-27 04:00:00+00:00,3925.89990234375,3927.89990234375,3916.60009765625,3926.5,21888
2025-10-27 04:05:00+00:00,3930.699951171875,3932.89990234375,3923.300048828125,3924.5,19709
2025-10-27 04:10:00+00:00,3936.5,3939.0,3930.39990234375,3931.699951171875,21858
2025-10-27 04:15:00+00:00,3935.39990234375,3948.0,3933.0,3937.300048828125,41808
2025-10-27 04:20:00+00:00,3932.800048828125,3937.699951171875,3929.300048828125,3935.39990234375,16243
2025-10-27 04:25:00+00:00,3930.10009765625,3933.5,3930.0,3933.0,10271
2025-10-27 04:30:00+00:00,3927.39990234375,3931.5,3925.5,3929.60009765625,8044
2025-10-27 04:35:00+00:00,3935.89990234375,3937.199951171875,3926.39990234375,3926.5,8884
2025-10-27 04:40:00+00:00,3934.800048828125,3938.300048828125,3933.39990234375,3936.199951171875,6875
2025-10-27 04:45:00+00:00,3930.300048828125,3935.0,3930.300048828125,3934.89990234375,5342
2025-10-27 04:50:00+00:00,3931.89990234375,3933.300048828125,3929.199951171875,3931.0,5817
2025-10-27 04:55:00+00:00,3930.0,3932.10009765625,3929.0,3931.0,5248
2025-10-27 05:00:00+00:00,3933.699951171875,3934.199951171875,3926.60009765625,3930.0,10684
2025-10-27 05:05:00+00:00,3934.60009765625,3934.60009765625,3931.5,3934.0,4955
2025-10-27 05:10:00+00:00,3934.0,3935.0,3933.0,3935.0,3955
2025-10-27 05:15:00+00:00,3935.5,3939.0,3932.300048828125,3934.0,11640
2025-10-27 05:20:00+00:00,3936.199951171875,3936.800048828125,3934.10009765625,3935.0,3932
2025-10-27 05:25:00+00:00,3938.300048828125,3938.300048828125,3935.0,3936.5,4132
2025-10-27 05:30:00+00:00,3936.0,3938.89990234375,3934.699951171875,3938.300048828125,8524
2025-10-27 05:35:00+00:00,3935.0,3936.300048828125,3930.39990234375,3936.0,15033
2025-10-27 05:40:00+00:00,3938.0,3938.89990234375,3935.39990234375,3935.39990234375,5322
2025-10-27 05:45:00+00:00,3935.699951171875,3939.199951171875,3933.10009765625,3938.5,8572
2025-10-27 05:50:00+00:00,3933.60009765625,3935.89990234375,3933.10009765625,3935.60009765625,5166
2025-10-27 05:55:00+00:00,3937.199951171875,3941.0,3934.5,3934.5,13569
2025-10-27 06:00:00+00:00,3933.89990234375,3939.300048828125,3933.5,3937.199951171875,11119
2025-10-27 06:05:00+00:00,3936.5,3938.699951171875,3933.5,3933.699951171875,7241
2025-10-27 06:10:00+00:00,3935.10009765625,3938.5,3934.0,3936.60009765625,6242
2025-10-27 06:15:00+00:00,3935.89990234375,3937.10009765625,3931.800048828125,3935.89990234375,7894
2025-10-27 06:20:00+00:00,3936.5,3938.0,3934.60009765625,3935.89990234375,7755
2025-10-27 06:25:00+00:00,3937.0,3938.89990234375,3936.5,3936.60009765625,10199
2025-10-27 06:30:00+00:00,3943.0,3943.5,3936.60009765625,3937.10009765625,17104
2025-10-27 06:35:00+00:00,3941.89990234375,3945.0,3940.5,3943.0,15633
2025-10-27 06:40:00+00:00,3942.10009765625,3943.0,3940.60009765625,3941.300048828125,11350
2025-10-27 06:45:00+00:00,3939.199951171875,3942.39990234375,3938.0,3940.60009765625,14559
2025-10-27 06:50:00+00:00,3931.300048828125,3940.60009765625,3931.10009765625,3940.60009765625,8897
2025-10-27 06:55:00+00:00,3926.0,3933.60009765625,3926.0,3931.300048828125,12293
2025-10-27 07:00:00+00:00,3929.199951171875,3931.199951171875,3925.10009765625,3926.0,11318
2025-10-27 07:05:00+00:00,3927.0,3929.39990234375,3923.89990234375,3929.199951171875,7117
2025-10-27 07:10:00+00:00,3927.199951171875,3927.800048828125,3924.89990234375,3927.0,6712
2025-10-27 07:15:00+00:00,3925.89990234375,3928.0,3925.10009765625,3927.60009765625,11400
2025-10-27 07:20:00+00:00,3928.60009765625,3928.60009765625,3924.0,3925.199951171875,9236
2025-10-27 07:25:00+00:00,3929.0,3930.89990234375,3927.39990234375,3928.0,8946
2025-10-27 07:30:00+00:00,3928.0,3931.800048828125,3927.10009765625,3927.60009765625,11796
2025-10-27 07:35:00+00:00,3931.89990234375,3934.89990234375,3925.5,3927.10009765625,16793
2025-10-27 07:40:00+00:00,3930.800048828125,3933.39990234375,3929.10009765625,3930.300048828125,12222
2025-10-27 07:45:00+00:00,3925.0,3930.89990234375,3924.0,3930.39990234375,10043
2025-10-27 07:50:00+00:00,3927.800048828125,3927.800048828125,3920.0,3924.0,10474
2025-10-27 07:55:00+00:00,3926.10009765625,3929.300048828125,3923.60009765625,3926.89990234375,8804
2025-10-27 08:00:00+00:00,3923.60009765625,3926.5,3922.39990234375,3926.0,7823
2025-10-27 08:05:00+00:00,3926.0,3927.0,3922.0,3923.5,6798
2025-10-27 08:10:00+00:00,3929.0,3929.0,3921.800048828125,3924.5,6882
2025-10-27 08:15:00+00:00,3927.39990234375,3929.0,3924.199951171875,3929.0,7606
2025-10-27 08:20:00+00:00,3930.5,3932.300048828125,3926.300048828125,3926.89990234375,9874
2025-10-27 08:25:00+00:00,3929.0,3930.800048828125,3926.800048828125,3930.60009765625,6965
2025-10-27 08:30:00+00:00,3930.0,3930.0,3926.89990234375,3929.0,8994
2025-10-27 08:35:00+00:00,3930.0,3930.89990234375,3926.0,3930.0,11971
2025-10-27 08:40:00+00:00,3925.39990234375,3930.0,3924.800048828125,3928.699951171875,7460
2025-10-27 08:45:00+00:00,3930.89990234375,3932.199951171875,3923.699951171875,3924.199951171875,39532
2025-10-27 08:50:00+00:00,3927.60009765625,3931.0,3924.60009765625,3931.0,9530
2025-10-27 08:55:00+00:00,3926.300048828125,3927.89990234375,3924.39990234375,3925.89990234375,9535
2025-10-27 09:00:00+00:00,3932.60009765625,3932.800048828125,3924.39990234375,3925.10009765625,12373
2025-10-27 09:05:00+00:00,3932.39990234375,3938.0,3932.10009765625,3933.60009765625,27127
2025-10-27 09:10:00+00:00,3931.699951171875,3932.5,3928.300048828125,3932.39990234375,8588
2025-10-27 09:15:00+00:00,3922.60009765625,3931.60009765625,3922.39990234375,3930.5,31332
2025-10-27 09:20:00+00:00,3925.10009765625,3929.0,3921.89990234375,3922.60009765625,18876
2025-10-27 09:25:00+00:00,3927.5,3929.60009765625,3924.0,3925.10009765625,15968
2025-10-27 09:30:00+00:00,3920.10009765625,3929.300048828125,3920.10009765625,3927.699951171875,26997
2025-10-27 09:35:00+00:00,3926.39990234375,3926.60009765625,3919.89990234375,3920.199951171875,30114
2025-10-27 09:40:00+00:00,3924.699951171875,3927.60009765625,3924.0,3926.5,32615
2025-10-27 09:45:00+00:00,3922.300048828125,3924.699951171875,3921.300048828125,3924.699951171875,35402
2025-10-27 09:50:00+00:00,3923.39990234375,3925.0,3920.0,3922.5,37291
2025-10-27 09:55:00+00:00,3921.699951171875,3928.89990234375,3920.0,3923.60009765625,19864
2025-10-28 03:45:00+00:00,3942.5,3946.199951171875,3922.10009765625,3922.10009765625,0
2025-10-28 03:50:00+00:00,3947.300048828125,3950.800048828125,3939.699951171875,3941.89990234375,49434
2025-10-28 03:55:00+00:00,3951.89990234375,3954.199951171875,3946.800048828125,3947.5,44905
2025-10-28 04:00:00+00:00,3962.0,3964.10009765625,3950.0,3951.89990234375,70783
2025-10-28 04:05:00+00:00,3960.0,3963.89990234375,3958.39990234375,3962.199951171875,50169
2025-10-28 04:10:00+00:00,3959.10009765625,3966.0,3956.699951171875,3959.199951171875,40430
2025-10-28 04:15:00+00:00,3956.699951171875,3962.89990234375,3955.800048828125,3959.10009765625,24048
2025-10-28 04:20:00+00:00,3948.39990234375,3957.199951171875,3947.0,3956.699951171875,22607
2025-10-28 04:25:00+00:00,3947.699951171875,3951.5,3945.5,3948.300048828125,37498
2025-10-28 04:30:00+00:00,3943.800048828125,3949.699951171875,3938.800048828125,3947.699951171875,85304
2025-10-28 04:35:00+00:00,3943.5,3945.89990234375,3936.699951171875,3943.0,44270
2025-10-28 04:40:00+00:00,3940.0,3942.60009765625,3935.0,3942.5,25893
2025-10-28 04:45:00+00:00,3941.10009765625,3943.199951171875,3936.800048828125,3940.0,15477
2025-10-28 04:50:00+00:00,3934.60009765625,3939.199951171875,3932.800048828125,3939.0,18779
2025-10-28 04:55:00+00:00,3930.300048828125,3937.10009765625,3930.0,3934.60009765625,31176
2025-10-28 05:00:00+00:00,3928.800048828125,3933.0,3927.0,3931.300048828125,56853
2025-10-28 05:05:00+00:00,3925.60009765625,3928.39990234375,3925.10009765625,3927.60009765625,36187
2025-10-28 05:10:00+00:00,3926.800048828125,3930.199951171875,3924.699951171875,3925.60009765625,23880
2025-10-28 05:15:00+00:00,3936.60009765625,3936.800048828125,3926.39990234375,3926.39990234375,34329
2025-10-28 05:20:00+00:00,3928.699951171875,3936.5,3927.300048828125,3936.5,29143
2025-10-28 05:25:00+00:00,3930.800048828125,3930.800048828125,3927.0,3928.699951171875,42153
2025-10-28 05:30:00+00:00,3927.199951171875,3930.10009765625,3925.5,3930.10009765625,19868
2025-10-28 05:35:00+00:00,3929.5,3932.10009765625,3925.5,3927.10009765625,20183
2025-10-28 05:40:00+00:00,3925.300048828125,3929.89990234375,3924.699951171875,3929.0,20267
2025-10-28 05:45:00+00:00,3925.0,3926.5,3924.800048828125,3925.199951171875,12803
2025-10-28 05:50:00+00:00,3930.0,3931.39990234375,3925.0,3925.10009765625,45269
2025-10-28 05:55:00+00:00,3927.0,3933.0,3926.89990234375,3930.699951171875,16693
2025-10-28 06:00:00+00:00,3927.89990234375,3930.5,3927.10009765625,3928.10009765625,13909
2025-10-28 06:05:00+00:00,3931.300048828125,3933.0,3927.60009765625,3927.89990234375,32794
2025-10-28 06:10:00+00:00,3937.199951171875,3938.300048828125,3930.300048828125,3931.5,39189
2025-10-28 06:15:00+00:00,3935.89990234375,3937.39990234375,3932.10009765625,3936.89990234375,23256
2025-10-28 06:20:00+00:00,3933.89990234375,3937.800048828125,3933.10009765625,3935.800048828125,20269
2025-10-28 06:25:00+00:00,3930.5,3935.89990234375,3929.39990234375,3933.89990234375,31949
2025-10-28 06:30:00+00:00,3934.800048828125,3936.39990234375,3930.300048828125,3930.300048828125,18944
2025-10-28 06:35:00+00:00,3930.300048828125,3935.800048828125,3929.199951171875,3934.800048828125,9875
2025-10-28 06:40:00+00:00,3929.60009765625,3932.300048828125,3928.5,3931.0,18536
2025-10-28 06:45:00+00:00,3930.0,3931.800048828125,3928.199951171875,3929.60009765625,23583
2025-10-28 06:50:00+00:00,3935.60009765625,3936.89990234375,3929.800048828125,3930.0,20020
2025-10-28 06:55:00+00:00,3935.199951171875,3938.0,3933.800048828125,3935.60009765625,15657
2025-10-28 07:00:00+00:00,3935.5,3936.800048828125,3934.89990234375,3935.10009765625,12115
2025-10-28 07:05:00+00:00,3938.699951171875,3939.0,3934.89990234375,3935.89990234375,44459
2025-10-28 07:10:00+00:00,3941.5,3941.800048828125,3936.39990234375,3938.39990234375,55627
2025-10-28 07:15:00+00:00,3944.199951171875,3944.5,3938.0,3940.5,43076
2025-10-28 07:20:00+00:00,3946.60009765625,3948.800048828125,3941.5,3942.800048828125,43147
2025-10-28 07:25:00+00:00,3946.800048828125,3949.199951171875,3943.199951171875,3945.60009765625,54179
2025-10-28 07:30:00+00:00,3951.0,3953.300048828125,3945.5,3946.89990234375,19073
2025-10-28 07:35:00+00:00,3958.0,3960.39990234375,3949.60009765625,3951.699951171875,39675
2025-10-28 07:40:00+00:00,3956.39990234375,3958.60009765625,3955.0,3958.5,18918
2025-10-28 07:45:00+00:00,3953.0,3956.699951171875,3947.0,3955.699951171875,22607
2025-10-28 07:50:00+00:00,3954.699951171875,3954.800048828125,3951.199951171875,3953.0,7903
2025-10-28 07:55:00+00:00,3957.199951171875,3959.10009765625,3953.800048828125,3954.89990234375,18974
2025-10-28 08:00:00+00:00,3958.699951171875,3959.0,3955.0,3957.199951171875,10673
2025-10-28 08:05:00+00:00,3959.5,3959.5,3957.39990234375,3958.699951171875,8953
2025-10-28 08:10:00+00:00,3947.60009765625,3959.39990234375,3945.10009765625,3959.300048828125,23605
2025-10-28 08:15:00+00:00,3947.0,3951.699951171875,3942.300048828125,3947.60009765625,35041
2025-10-28 08:20:00+00:00,3947.0,3950.199951171875,3945.199951171875,3947.300048828125,20932
2025-10-28 08:25:00+00:00,3951.300048828125,3953.800048828125,3946.5,3948.10009765625,17897
2025-10-28 08:30:00+00:00,3950.199951171875,3953.89990234375,3947.199951171875,3951.5,23392
2025-10-28 08:35:00+00:00,3952.10009765625,3952.89990234375,3947.60009765625,3947.60009765625,22113
2025-10-28 08:40:00+00:00,3957.199951171875,3957.199951171875,3949.89990234375,3951.800048828125,33555
2025-10-28 08:45:00+00:00,3955.300048828125,3958.39990234375,3952.300048828125,3957.300048828125,40951
2025-10-28 08:50:00+00:00,3954.0,3955.60009765625,3951.60009765625,3955.300048828125,18926
2025-10-28 08:55:00+00:00,3951.5,3955.0,3946.10009765625,3954.199951171875,36274
2025-10-28 09:00:00+00:00,3954.0,3954.10009765625,3951.10009765625,3951.60009765625,34399
2025-10-28 09:05:00+00:00,3952.300048828125,3957.699951171875,3950.0,3954.300048828125,31042
2025-10-28 09:10:00+00:00,3951.60009765625,3956.89990234375,3950.39990234375,3952.39990234375,18140
2025-10-28 09:15:00+00:00,3950.5,3957.800048828125,3950.10009765625,3953.699951171875,39979
2025-10-28 09:20:00+00:00,3952.800048828125,3955.10009765625,3948.5,3950.300048828125,40162
2025-10-28 09:25:00+00:00,3955.5,3958.5,3951.800048828125,3952.699951171875,51415
2025-10-28 09:30:00+00:00,3972.89990234375,3972.89990234375,3955.5,3955.5,226350
2025-10-28 09:35:00+00:00,3963.10009765625,3975.0,3961.89990234375,3972.60009765625,296791
2025-10-28 09:40:00+00:00,3970.89990234375,3974.0,3963.199951171875,3963.199951171875,183275
2025-10-28 09:45:00+00:00,3978.10009765625,3979.89990234375,3967.0,3971.10009765625,205076
2025-10-28 09:50:00+00:00,3980.10009765625,3982.699951171875,3972.39990234375,3978.0,204194
2025-10-28 09:55:00+00:00,3985.60009765625,3986.0,3980.0,3980.10009765625,106229
2025-10-29 03:45:00+00:00,3985.0,4005.0,3982.0,3993.800048828125,0
2025-10-29 03:50:00+00:00,4004.0,4007.0,3984.800048828125,3986.0,55511
2025-10-29 03:55:00+00:00,4013.0,4015.0,4003.0,4003.0,52523
2025-10-29 04:00:00+00:00,4004.0,4016.699951171875,4002.300048828125,4013.5,32093
2025-10-29 04:05:00+00:00,3998.89990234375,4009.0,3998.0,4004.5,22142
2025-10-29 04:10:00+00:00,4004.10009765625,4005.0,3995.699951171875,3998.0,27654
2025-10-29 04:15:00+00:00,3996.89990234375,4008.0,3995.0,4003.60009765625,32642
2025-10-29 04:20:00+00:00,3998.89990234375,4000.0,3995.60009765625,3995.60009765625,9346
2025-10-29 04:25:00+00:00,3985.5,3998.60009765625,3985.199951171875,3998.5,27201
2025-10-29 04:30:00+00:00,3979.39990234375,3987.89990234375,3979.199951171875,3982.89990234375,27719
2025-10-29 04:35:00+00:00,3977.0,3980.0,3969.0,3980.0,18726
2025-10-29 04:40:00+00:00,3982.699951171875,3985.60009765625,3976.89990234375,3977.0,13501
2025-10-29 04:45:00+00:00,3988.0,3990.0,3981.89990234375,3982.0,24260
2025-10-29 04:50:00+00:00,3988.5,3990.5,3985.0,3988.0,74287
2025-10-29 04:55:00+00:00,3993.0,3993.5,3987.5,3989.5,6436
2025-10-29 05:00:00+00:00,3999.199951171875,4001.5,3992.39990234375,3992.5,54358
2025-10-29 05:05:00+00:00,3993.0,4000.10009765625,3992.0,3999.199951171875,31745
2025-10-29 05:10:00+00:00,3995.800048828125,4000.0,3993.0,3993.0,10312
2025-10-29 05:15:00+00:00,3978.199951171875,3996.199951171875,3975.10009765625,3996.199951171875,18659
2025-10-29 05:20:00+00:00,3967.800048828125,3986.89990234375,3957.0,3978.10009765625,61702
2025-10-29 05:25:00+00:00,3977.0,3978.800048828125,3965.0,3967.800048828125,15347
2025-10-29 05:30:00+00:00,3972.199951171875,3980.89990234375,3970.39990234375,3977.699951171875,11069
2025-10-29 05:35:00+00:00,3972.300048828125,3977.5,3971.10009765625,3971.89990234375,48742
2025-10-29 05:40:00+00:00,3959.60009765625,3977.39990234375,3954.300048828125,3972.0,66270
2025-10-29 05:45:00+00:00,3956.300048828125,3966.60009765625,3953.699951171875,3959.699951171875,23666
2025-10-29 05:50:00+00:00,3952.39990234375,3959.89990234375,3947.199951171875,3957.0,24249
2025-10-29 05:55:00+00:00,3952.60009765625,3956.89990234375,3951.10009765625,3952.800048828125,17411
2025-10-29 06:00:00+00:00,3944.0,3952.60009765625,3940.5,3952.39990234375,48708
2025-10-29 06:05:00+00:00,3957.0,3957.5,3938.0,3944.0,32844
2025-10-29 06:10:00+00:00,3958.89990234375,3963.39990234375,3950.10009765625,3954.300048828125,30754
2025-10-29 06:15:00+00:00,3958.5,3961.0,3955.199951171875,3958.89990234375,22218
2025-10-29 06:20:00+00:00,3958.699951171875,3961.0,3956.39990234375,3958.800048828125,12717
2025-10-29 06:25:00+00:00,3960.0,3960.300048828125,3957.0,3959.39990234375,6585
2025-10-29 06:30:00+00:00,3963.89990234375,3963.89990234375,3958.0,3959.800048828125,18211
2025-10-29 06:35:00+00:00,3959.89990234375,3964.5,3958.10009765625,3963.89990234375,15510
2025-10-29 06:40:00+00:00,3959.5,3960.89990234375,3956.10009765625,3959.699951171875,9390
2025-10-29 06:45:00+00:00,3958.39990234375,3961.5,3957.89990234375,3959.89990234375,7693
2025-10-29 06:50:00+00:00,3957.5,3963.0,3957.300048828125,3958.300048828125,4772
2025-10-29 06:55:00+00:00,3960.10009765625,3961.0,3957.60009765625,3959.199951171875,4497
2025-10-29 07:00:00+00:00,3954.60009765625,3961.5,3954.60009765625,3960.10009765625,14735
2025-10-29 07:05:00+00:00,3954.10009765625,3956.199951171875,3953.199951171875,3954.39990234375,15145
2025-10-29 07:10:00+00:00,3955.60009765625,3956.60009765625,3952.0,3954.0,29068
2025-10-29 07:15:00+00:00,3948.0,3958.0,3945.60009765625,3955.60009765625,30816
2025-10-29 07:20:00+00:00,3944.39990234375,3948.0,3940.0,3948.0,22220
2025-10-29 07:25:00+00:00,3939.89990234375,3944.39990234375,3938.5,3943.39990234375,15402
2025-10-29 07:30:00+00:00,3927.699951171875,3942.800048828125,3927.699951171875,3939.5,54055
2025-10-29 07:35:00+00:00,3930.5,3934.699951171875,3923.0,3929.0,32624
2025-10-29 07:40:00+00:00,3932.0,3935.0,3928.60009765625,3930.199951171875,23132
2025-10-29 07:45:00+00:00,3930.0,3940.0,3930.0,3932.60009765625,28050
2025-10-29 07:50:00+00:00,3931.60009765625,3932.89990234375,3926.0,3930.39990234375,18209
2025-10-29 07:55:00+00:00,3933.89990234375,3935.0,3931.39990234375,3931.39990234375,7617
2025-10-29 08:00:00+00:00,3935.0,3940.89990234375,3933.199951171875,3934.0,8051
2025-10-29 08:05:00+00:00,3937.89990234375,3938.199951171875,3931.800048828125,3934.5,7619
2025-10-29 08:10:00+00:00,3937.89990234375,3939.89990234375,3935.5,3937.89990234375,25130
2025-10-29 08:15:00+00:00,3939.39990234375,3942.0,3935.0,3938.0,46493
2025-10-29 08:20:00+00:00,3943.699951171875,3944.800048828125,3938.800048828125,3939.39990234375,16306
2025-10-29 08:25:00+00:00,3942.800048828125,3945.0,3938.0,3944.0,63439
2025-10-29 08:30:00+00:00,3933.699951171875,3943.800048828125,3929.800048828125,3943.0,20249
2025-10-29 08:35:00+00:00,3935.0,3940.0,3933.10009765625,3933.699951171875,12134
2025-10-29 08:40:00+00:00,3932.39990234375,3938.0,3930.60009765625,3935.0,19108
2025-10-29 08:45:00+00:00,3936.0,3937.89990234375,3931.199951171875,3932.10009765625,45993
2025-10-29 08:50:00+00:00,3924.699951171875,3936.0,3924.0,3936.0,22727
2025-10-29 08:55:00+00:00,3927.199951171875,3927.60009765625,3921.0,3924.89990234375,22795
2025-10-29 09:00:00+00:00,3924.5,3927.5,3922.0,3927.199951171875,23395
2025-10-29 09:05:00+00:00,3921.199951171875,3928.60009765625,3920.39990234375,3924.5,77170
2025-10-29 09:10:00+00:00,3932.60009765625,3933.10009765625,3920.10009765625,3921.199951171875,25093
2025-10-29 09:15:00+00:00,3928.60009765625,3933.10009765625,3926.699951171875,3932.800048828125,51065
2025-10-29 09:20:00+00:00,3930.5,3933.89990234375,3927.39990234375,3928.60009765625,27897
2025-10-29 09:25:00+00:00,3940.10009765625,3940.89990234375,3929.39990234375,3930.89990234375,36138
2025-10-29 09:30:00+00:00,3941.0,3942.300048828125,3936.5,3940.5,32413
2025-10-29 09:35:00+00:00,3942.10009765625,3945.39990234375,3939.39990234375,3941.0,31353
2025-10-29 09:40:00+00:00,3953.89990234375,3953.89990234375,3942.699951171875,3942.89990234375,91753
2025-10-29 09:45:00+00:00,3963.89990234375,3967.199951171875,3951.800048828125,3951.800048828125,158015
2025-10-29 09:50:00+00:00,3965.0,3970.800048828125,3958.10009765625,3964.10009765625,200261
2025-10-29 09:55:00+00:00,3958.89990234375,3968.300048828125,3952.0,3965.0,81307
2025-10-30 03:45:00+00:00,4024.0,4044.300048828125,4000.60009765625,4000.60009765625,0
2025-10-30 03:50:00+00:00,4026.5,4042.0,4004.10009765625,4024.300048828125,215064
2025-10-30 03:55:00+00:00,4048.0,4049.89990234375,4018.5,4026.699951171875,252610
2025-10-30 04:00:00+00:00,4032.10009765625,4048.800048828125,4024.0,4048.800048828125,180217
2025-10-30 04:05:00+00:00,4044.800048828125,4048.5,4032.10009765625,4032.60009765625,190380
2025-10-30 04:10:00+00:00,4046.800048828125,4055.199951171875,4043.199951171875,4045.5,279183
2025-10-30 04:15:00+00:00,4045.0,4048.89990234375,4037.60009765625,4047.0,109244
2025-10-30 04:20:00+00:00,4041.10009765625,4054.800048828125,4040.0,4045.0,84052
2025-10-30 04:25:00+00:00,4047.60009765625,4049.5,4035.0,4041.199951171875,147839
2025-10-30 04:30:00+00:00,4056.0,4058.0,4045.0,4047.60009765625,116974
2025-10-30 04:35:00+00:00,4047.300048828125,4062.300048828125,4046.0,4056.60009765625,150149
2025-10-30 04:40:00+00:00,4051.60009765625,4057.300048828125,4046.699951171875,4048.89990234375,49250
2025-10-30 04:45:00+00:00,4044.199951171875,4052.300048828125,4041.10009765625,4051.0,100643
2025-10-30 04:50:00+00:00,4027.300048828125,4044.5,4025.10009765625,4044.10009765625,110551
2025-10-30 04:55:00+00:00,4024.300048828125,4029.0,4017.699951171875,4027.0,151068
2025-10-30 05:00:00+00:00,4008.199951171875,4025.699951171875,4008.199951171875,4024.300048828125,104973
2025-10-30 05:05:00+00:00,4004.10009765625,4015.699951171875,3999.5,4009.10009765625,91167
2025-10-30 05:10:00+00:00,4007.0,4008.699951171875,4001.0,4004.10009765625,43201
2025-10-30 05:15:00+00:00,4016.60009765625,4017.60009765625,4006.89990234375,4007.0,40405
2025-10-30 05:20:00+00:00,4020.10009765625,4023.0,4014.199951171875,4018.39990234375,88686
2025-10-30 05:25:00+00:00,4014.39990234375,4024.300048828125,4013.60009765625,4020.5,48989
2025-10-30 05:30:00+00:00,4004.39990234375,4015.199951171875,4002.199951171875,4014.10009765625,33763
2025-10-30 05:35:00+00:00,4015.0,4015.800048828125,4001.800048828125,4003.800048828125,42674
2025-10-30 05:40:00+00:00,4010.89990234375,4015.0,4009.0,4014.5,38423
2025-10-30 05:45:00+00:00,4013.0,4015.0,4008.0,4010.89990234375,38086
2025-10-30 05:50:00+00:00,4020.0,4020.0,4012.10009765625,4013.0,39376
2025-10-30 05:55:00+00:00,4012.0,4020.0,4010.0,4019.5,37138
2025-10-30 06:00:00+00:00,4004.699951171875,4013.0,4003.10009765625,4011.89990234375,22736
2025-10-30 06:05:00+00:00,4007.0,4008.0,4004.60009765625,4004.699951171875,21131
2025-10-30 06:10:00+00:00,4002.300048828125,4007.0,4002.0,4006.89990234375,24011
2025-10-30 06:15:00+00:00,4000.0,4002.800048828125,3996.0,4002.39990234375,54555
2025-10-30 06:20:00+00:00,3997.199951171875,4000.0,3993.60009765625,4000.0,19279
2025-10-30 06:25:00+00:00,3995.39990234375,3997.199951171875,3990.0,3997.199951171875,36583
2025-10-30 06:30:00+00:00,4000.60009765625,4001.60009765625,3992.60009765625,3995.39990234375,24065
2025-10-30 06:35:00+00:00,4001.89990234375,4002.0,4000.0,4000.10009765625,19149
2025-10-30 06:40:00+00:00,4000.300048828125,4001.800048828125,3998.5,4001.0,18290
2025-10-30 06:45:00+00:00,3998.89990234375,4002.199951171875,3998.10009765625,4000.5,20927
2025-10-30 06:50:00+00:00,4002.39990234375,4003.89990234375,3998.0,3999.5,22687
2025-10-30 06:55:00+00:00,4004.0,4006.89990234375,3999.5,4002.89990234375,46436
2025-10-30 07:00:00+00:00,4003.0,4005.5,4000.0,4004.699951171875,13488
2025-10-30 07:05:00+00:00,4004.89990234375,4005.0,4000.89990234375,4002.89990234375,17340
2025-10-30 07:10:00+00:00,4002.800048828125,4005.0,4002.0,4004.5,11148
2025-10-30 07:15:00+00:00,4003.10009765625,4004.0,4002.10009765625,4003.5,9626
2025-10-30 07:20:00+00:00,3998.199951171875,4004.0,3997.699951171875,4002.89990234375,22354
2025-10-30 07:25:00+00:00,3999.0,4001.60009765625,3998.0,3999.199951171875,10918
2025-10-30 07:30:00+00:00,4002.0,4002.0,3998.0,3999.0,12042
2025-10-30 07:35:00+00:00,4000.60009765625,4002.60009765625,3999.0,4001.89990234375,15819
2025-10-30 07:40:00+00:00,4001.89990234375,4002.0,3999.39990234375,4001.199951171875,12751
2025-10-30 07:45:00+00:00,4001.0,4004.0,3999.0,4001.89990234375,27454
2025-10-30 07:50:00+00:00,3994.300048828125,4001.89990234375,3992.0,4001.300048828125,28531
2025-10-30 07:55:00+00:00,3993.199951171875,3997.800048828125,3990.0,3994.39990234375,32050
2025-10-30 08:00:00+00:00,3991.699951171875,3993.89990234375,3988.699951171875,3993.39990234375,19267
2025-10-30 08:05:00+00:00,3991.10009765625,3991.89990234375,3988.5,3991.89990234375,13458
2025-10-30 08:10:00+00:00,3998.0,3998.60009765625,3990.0,3992.0,18711
2025-10-30 08:15:00+00:00,3997.0,3998.0,3995.0,3998.0,11553
2025-10-30 08:20:00+00:00,3998.699951171875,4000.10009765625,3996.5,3997.0,16463
2025-10-30 08:25:00+00:00,3999.0,4000.0,3994.5,3998.199951171875,21844
2025-10-30 08:30:00+00:00,3996.0,4000.0,3993.39990234375,3999.10009765625,15634
2025-10-30 08:35:00+00:00,3991.5,3996.60009765625,3990.0,3996.0,20312
2025-10-30 08:40:00+00:00,3991.699951171875,3992.199951171875,3990.199951171875,3991.39990234375,21074
2025-10-30 08:45:00+00:00,3996.0,3996.5,3985.5,3991.0,58154
2025-10-30 08:50:00+00:00,3997.0,3997.5,3993.699951171875,3996.10009765625,93410
2025-10-30 08:55:00+00:00,3994.89990234375,4000.39990234375,3994.5,3996.89990234375,21514
2025-10-30 09:00:00+00:00,3992.0,3996.199951171875,3990.10009765625,3996.10009765625,35505
2025-10-30 09:05:00+00:00,3993.39990234375,3995.39990234375,3991.300048828125,3991.300048828125,24993
2025-10-30 09:10:00+00:00,3992.699951171875,3995.699951171875,3991.699951171875,3993.39990234375,25311
2025-10-30 09:15:00+00:00,3984.699951171875,3993.199951171875,3984.0,3992.60009765625,71719
2025-10-30 09:20:00+00:00,3981.0,3985.0,3978.0,3984.800048828125,65754
2025-10-30 09:25:00+00:00,3985.699951171875,3986.89990234375,3976.199951171875,3980.699951171875,198369
2025-10-30 09:30:00+00:00,3984.5,3985.89990234375,3981.0,3985.800048828125,45042
2025-10-30 09:35:00+00:00,3982.89990234375,3987.5,3981.199951171875,3983.89990234375,45367
2025-10-30 09:40:00+00:00,3988.199951171875,3989.0,3980.39990234375,3983.0,67547
2025-10-30 09:45:00+00:00,3990.10009765625,3995.0,3985.60009765625,3988.199951171875,151467
2025-10-30 09:50:00+00:00,3986.199951171875,3992.10009765625,3983.60009765625,3992.10009765625,70453
2025-10-30 09:55:00+00:00,3989.5,3990.0,3985.5,3985.5,27101
2025-10-31 03:45:00+00:00,3993.89990234375,3998.0,3980.800048828125,3998.0,0
2025-10-31 03:50:00+00:00,4003.0,4005.89990234375,3993.699951171875,3994.300048828125,37321
2025-10-31 03:55:00+00:00,4000.5,4007.699951171875,3998.0,4003.699951171875,24304
2025-10-31 04:00:00+00:00,4010.800048828125,4011.0,4000.800048828125,4000.800048828125,32563
2025-10-31 04:05:00+00:00,4019.60009765625,4028.39990234375,4010.699951171875,4010.800048828125,73782
2025-10-31 04:10:00+00:00,4019.5,4021.199951171875,4013.300048828125,4020.800048828125,27979
2025-10-31 04:15:00+00:00,4014.699951171875,4025.0,4014.39990234375,4019.800048828125,47087
2025-10-31 04:20:00+00:00,4016.5,4020.0,4012.0,4014.300048828125,35803
2025-10-31 04:25:00+00:00,4024.199951171875,4024.800048828125,4016.39990234375,4016.5,38658
2025-10-31 04:30:00+00:00,4021.300048828125,4029.0,4019.39990234375,4024.10009765625,29773
2025-10-31 04:35:00+00:00,4018.699951171875,4022.39990234375,4016.0,4021.300048828125,17856
2025-10-31 04:40:00+00:00,4024.89990234375,4024.89990234375,4015.60009765625,4018.5,13396
2025-10-31 04:45:00+00:00,4018.0,4024.89990234375,4014.10009765625,4024.89990234375,19310
2025-10-31 04:50:00+00:00,4012.39990234375,4018.800048828125,4011.89990234375,4018.800048828125,16115
2025-10-31 04:55:00+00:00,4016.0,4016.0,4012.0,4012.39990234375,6790
2025-10-31 05:00:00+00:00,4013.10009765625,4015.89990234375,4008.39990234375,4015.89990234375,19501
2025-10-31 05:05:00+00:00,4013.0,4014.89990234375,4009.199951171875,4013.0,22034
2025-10-31 05:10:00+00:00,4012.199951171875,4014.0,4010.300048828125,4013.0,17616
2025-10-31 05:15:00+00:00,4010.300048828125,4012.5,4008.60009765625,4012.300048828125,17306
2025-10-31 05:20:00+00:00,4014.0,4014.0,4006.0,4010.10009765625,36875
2025-10-31 05:25:00+00:00,4013.800048828125,4015.0,4012.5,4014.0,11397
2025-10-31 05:30:00+00:00,4012.39990234375,4014.0,4008.0,4014.0,20899
2025-10-31 05:35:00+00:00,4011.699951171875,4013.0,4010.199951171875,4012.39990234375,18244
2025-10-31 05:40:00+00:00,4012.800048828125,4013.0,4010.199951171875,4011.0,16174
2025-10-31 05:45:00+00:00,4014.0,4014.10009765625,4012.5,4012.800048828125,32121
2025-10-31 05:50:00+00:00,4015.10009765625,4016.89990234375,4014.300048828125,4014.89990234375,21390
2025-10-31 05:55:00+00:00,4013.699951171875,4015.5,4012.39990234375,4015.300048828125,17435
2025-10-31 06:00:00+00:00,4015.0,4015.0,4013.0,4014.0,28963
2025-10-31 06:05:00+00:00,4017.699951171875,4020.0,4014.800048828125,4015.0,84304
2025-10-31 06:10:00+00:00,4022.800048828125,4027.0,4016.0,4017.699951171875,121676
2025-10-31 06:15:00+00:00,4019.89990234375,4024.800048828125,4017.60009765625,4023.300048828125,21808
2025-10-31 06:20:00+00:00,4020.0,4020.0,4018.5,4019.300048828125,17433
2025-10-31 06:25:00+00:00,4023.0,4023.0,4018.699951171875,4020.0,26407
2025-10-31 06:30:00+00:00,4026.800048828125,4032.0,4022.89990234375,4023.0,40819
2025-10-31 06:35:00+00:00,4033.0,4037.39990234375,4026.199951171875,4026.199951171875,34399
2025-10-31 06:40:00+00:00,4037.89990234375,4045.60009765625,4032.89990234375,4033.0,71573
2025-10-31 06:45:00+00:00,4038.0,4044.0,4035.0,4037.89990234375,18173
2025-10-31 06:50:00+00:00,4026.5,4039.199951171875,4025.0,4039.199951171875,24167
2025-10-31 06:55:00+00:00,4030.89990234375,4033.0,4025.39990234375,4025.39990234375,10352
2025-10-31 07:00:00+00:00,4027.0,4030.0,4025.0,4030.0,15401
2025-10-31 07:05:00+00:00,4027.699951171875,4033.0,4025.199951171875,4027.0,15432
2025-10-31 07:10:00+00:00,4027.699951171875,4028.0,4025.0,4028.0,11671
2025-10-31 07:15:00+00:00,4028.0,4028.0,4025.39990234375,4026.10009765625,10069
2025-10-31 07:20:00+00:00,4027.0,4028.0,4026.5,4027.699951171875,12788
2025-10-31 07:25:00+00:00,4033.800048828125,4033.800048828125,4026.39990234375,4026.5,49377
2025-10-31 07:30:00+00:00,4036.60009765625,4036.60009765625,4033.699951171875,4034.10009765625,14144
2025-10-31 07:35:00+00:00,4042.5,4042.5,4035.60009765625,4036.800048828125,27383
2025-10-31 07:40:00+00:00,4041.89990234375,4045.0,4039.800048828125,4042.0,25171
2025-10-31 07:45:00+00:00,4041.10009765625,4042.0,4037.60009765625,4041.89990234375,21750
2025-10-31 07:50:00+00:00,4036.0,4041.800048828125,4033.800048828125,4041.10009765625,37624
2025-10-31 07:55:00+00:00,4038.89990234375,4039.300048828125,4035.699951171875,4036.0,13416
2025-10-31 08:00:00+00:00,4039.699951171875,4041.39990234375,4036.199951171875,4038.89990234375,31569
2025-10-31 08:05:00+00:00,4033.699951171875,4040.0,4032.0,4039.699951171875,22459
2025-10-31 08:10:00+00:00,4033.0,4035.10009765625,4031.800048828125,4034.5,15080
2025-10-31 08:15:00+00:00,4035.0,4035.0,4031.800048828125,4033.0,13515
2025-10-31 08:20:00+00:00,4037.0,4037.0,4034.300048828125,4035.0,18276
2025-10-31 08:25:00+00:00,4035.0,4039.10009765625,4031.800048828125,4037.0,38752
2025-10-31 08:30:00+00:00,4033.89990234375,4035.0,4030.699951171875,4035.0,20460
2025-10-31 08:35:00+00:00,4033.89990234375,4034.800048828125,4031.0,4034.39990234375,16093
2025-10-31 08:40:00+00:00,4034.699951171875,4035.0,4032.89990234375,4034.199951171875,17825
2025-10-31 08:45:00+00:00,4033.699951171875,4035.0,4031.699951171875,4035.0,14578
2025-10-31 08:50:00+00:00,4034.0,4034.699951171875,4031.800048828125,4032.800048828125,15571
2025-10-31 08:55:00+00:00,4034.800048828125,4035.0,4033.199951171875,4034.0,13270
2025-10-31 09:00:00+00:00,4035.0,4035.0,4032.5,4034.89990234375,12361
2025-10-31 09:05:00+00:00,4034.0,4035.0,4032.10009765625,4034.89990234375,16736
2025-10-31 09:10:00+00:00,4028.60009765625,4034.800048828125,4028.60009765625,4033.89990234375,21164
2025-10-31 09:15:00+00:00,4033.0,4033.0,4027.60009765625,4029.39990234375,31901
2025-10-31 09:20:00+00:00,4030.10009765625,4033.699951171875,4030.0,4033.60009765625,39664
2025-10-31 09:25:00+00:00,4035.0,4035.0,4030.10009765625,4030.10009765625,22975
2025-10-31 09:30:00+00:00,4036.699951171875,4037.5,4033.5,4034.699951171875,88766
2025-10-31 09:35:00+00:00,4033.0,4036.60009765625,4032.89990234375,4036.39990234375,56247
2025-10-31 09:40:00+00:00,4034.89990234375,4036.0,4032.199951171875,4032.800048828125,87811
2025-10-31 09:45:00+00:00,4025.39990234375,4035.10009765625,4025.10009765625,4035.0,94672
2025-10-31 09:50:00+00:00,4027.800048828125,4029.5,4024.39990234375,4025.60009765625,90479
2025-10-31 09:55:00+00:00,4027.0,4032.0,4024.39990234375,4027.800048828125,58233
2025-11-03 03:45:00+00:00,4031.699951171875,4038.10009765625,4022.39990234375,4028.0,0
2025-11-03 03:50:00+00:00,4037.5,4037.89990234375,4028.10009765625,4031.89990234375,18941
2025-11-03 03:55:00+00:00,4027.89990234375,4038.89990234375,4025.199951171875,4037.5,30427
2025-11-03 04:00:00+00:00,4027.800048828125,4029.60009765625,4016.800048828125,4026.39990234375,28559
2025-11-03 04:05:00+00:00,4024.39990234375,4029.10009765625,4020.699951171875,4027.300048828125,18969
2025-11-03 04:10:00+00:00,4026.39990234375,4032.10009765625,4023.60009765625,4024.39990234375,11345
2025-11-03 04:15:00+00:00,4032.5,4032.5,4025.10009765625,4025.60009765625,15386
2025-11-03 04:20:00+00:00,4028.89990234375,4034.0,4026.5,4033.699951171875,8500
2025-11-03 04:25:00+00:00,4033.5,4033.5,4028.5,4028.89990234375,7090
2025-11-03 04:30:00+00:00,4030.39990234375,4036.0,4028.89990234375,4034.5,21980
2025-11-03 04:35:00+00:00,4030.0,4033.39990234375,4027.60009765625,4030.199951171875,15726
2025-11-03 04:40:00+00:00,4030.10009765625,4031.800048828125,4029.300048828125,4030.5,5856
2025-11-03 04:45:00+00:00,4028.0,4032.89990234375,4026.60009765625,4031.39990234375,12725
2025-11-03 04:50:00+00:00,4032.0,4032.0,4027.89990234375,4027.89990234375,7065
2025-11-03 04:55:00+00:00,4031.699951171875,4031.699951171875,4029.89990234375,4030.89990234375,7372
2025-11-03 05:00:00+00:00,4031.60009765625,4031.89990234375,4029.5,4031.60009765625,7048
2025-11-03 05:05:00+00:00,4033.60009765625,4034.10009765625,4030.300048828125,4031.60009765625,13193
2025-11-03 05:10:00+00:00,4036.0,4036.60009765625,4031.89990234375,4033.60009765625,11029
2025-11-03 05:15:00+00:00,4032.300048828125,4036.39990234375,4032.300048828125,4035.89990234375,9442
2025-11-03 05:20:00+00:00,4031.800048828125,4032.199951171875,4029.10009765625,4032.199951171875,11995
2025-11-03 05:25:00+00:00,4029.800048828125,4032.60009765625,4028.10009765625,4031.0,11109
2025-11-03 05:30:00+00:00,4026.0,4030.300048828125,4023.39990234375,4030.300048828125,8985
2025-11-03 05:35:00+00:00,4023.89990234375,4027.0,4023.89990234375,4026.0,8479
2025-11-03 05:40:00+00:00,4023.89990234375,4024.89990234375,4022.199951171875,4024.10009765625,12206
2025-11-03 05:45:00+00:00,4022.699951171875,4025.800048828125,4021.0,4023.89990234375,14129
2025-11-03 05:50:00+00:00,4022.199951171875,4024.0,4020.5,4022.699951171875,5981
2025-11-03 05:55:00+00:00,4022.800048828125,4024.10009765625,4020.0,4022.199951171875,5898
2025-11-03 06:00:00+00:00,4021.89990234375,4024.5,4020.0,4022.800048828125,9919
2025-11-03 06:05:00+00:00,4019.800048828125,4022.0,4017.0,4020.0,9897
2025-11-03 06:10:00+00:00,4017.699951171875,4020.800048828125,4017.10009765625,4019.39990234375,10693
2025-11-03 06:15:00+00:00,4017.39990234375,4018.89990234375,4011.699951171875,4016.800048828125,26722
2025-11-03 06:20:00+00:00,4016.300048828125,4017.89990234375,4014.0,4017.89990234375,32549
2025-11-03 06:25:00+00:00,4016.0,4018.60009765625,4015.0,4016.5,24113
2025-11-03 06:30:00+00:00,4010.0,4017.10009765625,4009.0,4016.5,22235
2025-11-03 06:35:00+00:00,4002.199951171875,4010.0,4000.60009765625,4009.699951171875,21694
2025-11-03 06:40:00+00:00,3997.300048828125,4003.699951171875,3994.699951171875,4001.39990234375,24123
2025-11-03 06:45:00+00:00,4000.0,4000.0,3995.300048828125,3997.199951171875,14739
2025-11-03 06:50:00+00:00,4000.0,4002.5,3998.60009765625,3999.0,13490
2025-11-03 06:55:00+00:00,3999.5,4001.300048828125,3997.0,4000.0,11681
2025-11-03 07:00:00+00:00,3995.0,3999.89990234375,3992.199951171875,3999.10009765625,17286
2025-11-03 07:05:00+00:00,3995.0,3995.0,3994.199951171875,3995.0,6654
2025-11-03 07:10:00+00:00,3991.10009765625,3995.0,3990.60009765625,3994.89990234375,18160
2025-11-03 07:15:00+00:00,3990.199951171875,3991.800048828125,3988.10009765625,3991.0,37395
2025-11-03 07:20:00+00:00,3991.699951171875,3992.0,3989.699951171875,3990.199951171875,8284
2025-11-03 07:25:00+00:00,3992.60009765625,3996.199951171875,3991.800048828125,3991.89990234375,8835
2025-11-03 07:30:00+00:00,3990.0,3992.0,3988.5,3992.0,10870
2025-11-03 07:35:00+00:00,3996.0,3996.800048828125,3989.60009765625,3989.60009765625,7613
2025-11-03 07:40:00+00:00,3996.60009765625,3997.800048828125,3993.699951171875,3996.0,14758
2025-11-03 07:45:00+00:00,3991.300048828125,3998.0,3991.0,3996.300048828125,25893
2025-11-03 07:50:00+00:00,3986.699951171875,3992.10009765625,3985.39990234375,3991.300048828125,12214
2025-11-03 07:55:00+00:00,3992.89990234375,3992.89990234375,3987.0,3987.300048828125,7724
2025-11-03 08:00:00+00:00,3991.199951171875,3994.5,3987.5,3993.0,13751
2025-11-03 08:05:00+00:00,3990.0,3993.60009765625,3989.5,3991.5,8117
2025-11-03 08:10:00+00:00,3985.39990234375,3990.0,3985.0,3989.699951171875,11332
2025-11-03 08:15:00+00:00,3986.800048828125,3987.199951171875,3985.0,3985.0,9234
2025-11-03 08:20:00+00:00,3986.0,3987.60009765625,3983.39990234375,3986.300048828125,13078
2025-11-03 08:25:00+00:00,3990.0,3990.0,3981.60009765625,3986.10009765625,10215
2025-11-03 08:30:00+00:00,3990.39990234375,3991.60009765625,3989.60009765625,3990.0,9698
2025-11-03 08:35:00+00:00,3986.89990234375,3991.10009765625,3985.300048828125,3990.199951171875,11258
2025-11-03 08:40:00+00:00,3988.0,3989.199951171875,3985.0,3988.0,5607
2025-11-03 08:45:00+00:00,3988.0,3991.800048828125,3987.199951171875,3987.60009765625,37767
2025-11-03 08:50:00+00:00,3988.300048828125,3988.699951171875,3986.199951171875,3988.0,6358
2025-11-03 08:55:00+00:00,3984.60009765625,3990.699951171875,3984.199951171875,3988.39990234375,19831
2025-11-03 09:00:00+00:00,3986.5,3987.60009765625,3984.39990234375,3985.199951171875,6455
2025-11-03 09:05:00+00:00,3986.699951171875,3988.699951171875,3985.300048828125,3986.699951171875,6642
2025-11-03 09:10:00+00:00,3987.0,3989.0,3985.89990234375,3986.699951171875,6378
2025-11-03 09:15:00+00:00,3978.60009765625,3989.10009765625,3978.39990234375,3987.0,30354
2025-11-03 09:20:00+00:00,3979.800048828125,3980.0,3975.300048828125,3978.5,29688
2025-11-03 09:25:00+00:00,3982.699951171875,3983.5,3978.5,3979.800048828125,9787
2025-11-03 09:30:00+00:00,3979.0,3982.699951171875,3978.0,3982.699951171875,17849
2025-11-03 09:35:00+00:00,3979.800048828125,3979.89990234375,3978.60009765625,3979.10009765625,15864
2025-11-03 09:40:00+00:00,3980.39990234375,3983.10009765625,3979.0,3982.10009765625,28967
2025-11-03 09:45:00+00:00,3981.5,3982.199951171875,3978.699951171875,3980.60009765625,25478
2025-11-03 09:50:00+00:00,3982.89990234375,3983.10009765625,3980.0,3981.89990234375,30256
2025-11-03 09:55:00+00:00,3980.89990234375,3985.0,3977.60009765625,3981.10009765625,28287
2025-11-04 03:45:00+00:00,3970.300048828125,3988.60009765625,3962.10009765625,3982.5,0
2025-11-04 03:50:00+00:00,3966.39990234375,3971.699951171875,3962.300048828125,3970.300048828125,13564
2025-11-04 03:55:00+00:00,3967.199951171875,3968.0,3959.60009765625,3966.39990234375,21560
2025-11-04 04:00:00+00:00,3961.10009765625,3967.199951171875,3961.0,3967.199951171875,19102
2025-11-04 04:05:00+00:00,3964.39990234375,3964.39990234375,3959.10009765625,3961.199951171875,17272
2025-11-04 04:10:00+00:00,3959.800048828125,3964.5,3957.5,3964.5,15937
2025-11-04 04:15:00+00:00,3957.300048828125,3959.60009765625,3953.5,3959.0,19837
2025-11-04 04:20:00+00:00,3959.199951171875,3960.0,3955.0,3956.199951171875,15271
2025-11-04 04:25:00+00:00,3956.5,3959.300048828125,3955.0,3958.0,13324
2025-11-04 04:30:00+00:00,3966.10009765625,3970.0,3955.89990234375,3956.0,14562
2025-11-04 04:35:00+00:00,3960.300048828125,3967.0,3960.0,3965.5,8013
2025-11-04 04:40:00+00:00,3955.5,3961.0,3955.199951171875,3960.10009765625,8613
2025-11-04 04:45:00+00:00,3950.0,3956.60009765625,3948.60009765625,3956.60009765625,37489
2025-11-04 04:50:00+00:00,3954.5,3956.39990234375,3948.60009765625,3949.699951171875,16225
2025-11-04 04:55:00+00:00,3958.0,3958.0,3953.800048828125,3954.60009765625,14694
2025-11-04 05:00:00+00:00,3955.300048828125,3958.300048828125,3954.800048828125,3957.300048828125,10557
2025-11-04 05:05:00+00:00,3950.5,3957.199951171875,3950.10009765625,3955.10009765625,13544
2025-11-04 05:10:00+00:00,3952.800048828125,3955.0,3950.5,3950.5,7942
2025-11-04 05:15:00+00:00,3955.0,3955.10009765625,3951.699951171875,3952.10009765625,7133
2025-11-04 05:20:00+00:00,3946.0,3955.0,3945.60009765625,3954.89990234375,35940
2025-11-04 05:25:00+00:00,3948.10009765625,3948.10009765625,3945.199951171875,3945.89990234375,8863
2025-11-04 05:30:00+00:00,3945.10009765625,3949.199951171875,3945.0,3947.800048828125,7126
2025-11-04 05:35:00+00:00,3948.0,3949.89990234375,3945.10009765625,3945.10009765625,9590
2025-11-04 05:40:00+00:00,3946.10009765625,3949.0,3943.60009765625,3948.0,16773
2025-11-04 05:45:00+00:00,3939.89990234375,3946.5,3936.300048828125,3946.0,48241
2025-11-04 05:50:00+00:00,3938.0,3942.89990234375,3938.0,3939.89990234375,14861
2025-11-04 05:55:00+00:00,3941.0,3942.5,3937.199951171875,3938.10009765625,15743
2025-11-04 06:00:00+00:00,3941.0,3941.60009765625,3938.300048828125,3941.0,17814
2025-11-04 06:05:00+00:00,3939.60009765625,3941.5,3937.0,3941.5,13129
2025-11-04 06:10:00+00:00,3940.60009765625,3940.60009765625,3937.0,3939.5,6087
2025-11-04 06:15:00+00:00,3940.0,3941.0,3939.199951171875,3940.60009765625,7699
2025-11-04 06:20:00+00:00,3940.0,3941.0,3937.0,3940.60009765625,22340
2025-11-04 06:25:00+00:00,3940.0,3941.0,3940.0,3940.300048828125,23779
2025-11-04 06:30:00+00:00,3940.300048828125,3940.60009765625,3936.5,3940.300048828125,14982
2025-11-04 06:35:00+00:00,3939.39990234375,3940.199951171875,3936.800048828125,3940.199951171875,5823
2025-11-04 06:40:00+00:00,3940.300048828125,3941.0,3939.10009765625,3939.10009765625,5554
2025-11-04 06:45:00+00:00,3941.300048828125,3943.0,3936.0,3940.39990234375,14235
2025-11-04 06:50:00+00:00,3939.5,3944.89990234375,3938.89990234375,3941.300048828125,8718
2025-11-04 06:55:00+00:00,3939.5,3940.0,3937.60009765625,3940.0,5613
2025-11-04 07:00:00+00:00,3938.199951171875,3939.699951171875,3935.39990234375,3939.5,6862
2025-11-04 07:05:00+00:00,3937.800048828125,3944.0,3936.0,3937.89990234375,46116
2025-11-04 07:10:00+00:00,3938.300048828125,3938.800048828125,3935.0,3938.0,19890
2025-11-04 07:15:00+00:00,3941.800048828125,3942.699951171875,3936.199951171875,3937.39990234375,25813
2025-11-04 07:20:00+00:00,3935.10009765625,3941.800048828125,3933.0,3941.800048828125,31208
2025-11-04 07:25:00+00:00,3938.199951171875,3940.0,3933.5,3935.10009765625,10139
2025-11-04 07:30:00+00:00,3938.0,3939.0,3937.0,3938.199951171875,6686
2025-11-04 07:35:00+00:00,3937.60009765625,3940.89990234375,3936.60009765625,3938.0,31343
2025-11-04 07:40:00+00:00,3937.800048828125,3938.300048828125,3935.10009765625,3937.60009765625,8738
2025-11-04 07:45:00+00:00,3939.60009765625,3940.199951171875,3937.0,3937.199951171875,31294
2025-11-04 07:50:00+00:00,3940.0,3940.0,3938.0,3939.60009765625,6696
2025-11-04 07:55:00+00:00,3940.0,3943.699951171875,3937.699951171875,3940.0,34856
2025-11-04 08:00:00+00:00,3938.699951171875,3943.699951171875,3937.10009765625,3939.5,53518
2025-11-04 08:05:00+00:00,3940.5,3940.5,3936.89990234375,3938.39990234375,18203
2025-11-04 08:10:00+00:00,3940.0,3941.0,3940.0,3940.5,17288
2025-11-04 08:15:00+00:00,3942.0,3942.300048828125,3938.60009765625,3940.0,22005
2025-11-04 08:20:00+00:00,3943.199951171875,3943.89990234375,3941.60009765625,3942.300048828125,14792
2025-11-04 08:25:00+00:00,3944.0,3944.199951171875,3942.39990234375,3943.199951171875,8970
2025-11-04 08:30:00+00:00,3943.89990234375,3944.0,3942.10009765625,3943.89990234375,7674
2025-11-04 08:35:00+00:00,3945.10009765625,3945.800048828125,3943.60009765625,3943.89990234375,14269
2025-11-04 08:40:00+00:00,3945.89990234375,3947.10009765625,3940.5,3945.10009765625,63684
2025-11-04 08:45:00+00:00,3938.39990234375,3948.0,3936.800048828125,3945.89990234375,23425
2025-11-04 08:50:00+00:00,3939.800048828125,3940.0,3933.89990234375,3938.39990234375,46486
2025-11-04 08:55:00+00:00,3940.0,3940.0,3938.0,3939.0,16086
2025-11-04 09:00:00+00:00,3941.10009765625,3941.60009765625,3939.89990234375,3939.89990234375,14941
2025-11-04 09:05:00+00:00,3942.0,3946.89990234375,3941.300048828125,3941.60009765625,48042
2025-11-04 09:10:00+00:00,3937.89990234375,3943.0,3937.0,3941.0,28531
2025-11-04 09:15:00+00:00,3938.800048828125,3939.0,3933.300048828125,3937.39990234375,31786
2025-11-04 09:20:00+00:00,3935.60009765625,3939.89990234375,3934.199951171875,3938.0,34608
2025-11-04 09:25:00+00:00,3937.5,3937.60009765625,3932.60009765625,3935.89990234375,18013
2025-11-04 09:30:00+00:00,3927.39990234375,3937.800048828125,3925.0,3936.300048828125,109506
2025-11-04 09:35:00+00:00,3925.60009765625,3928.199951171875,3920.5,3927.39990234375,177204
2025-11-04 09:40:00+00:00,3927.699951171875,3929.0,3920.39990234375,3925.39990234375,224927
2025-11-04 09:45:00+00:00,3922.5,3928.60009765625,3918.60009765625,3927.60009765625,73063
2025-11-04 09:50:00+00:00,3922.89990234375,3925.199951171875,3918.5,3922.199951171875,61210
2025-11-04 09:55:00+00:00,3922.5,3929.0,3920.60009765625,3923.60009765625,32404
2025-11-06 03:45:00+00:00,3971.89990234375,3976.699951171875,3934.199951171875,3937.0,0
2025-11-06 03:50:00+00:00,3960.89990234375,3972.89990234375,3960.10009765625,3970.300048828125,21604
2025-11-06 03:55:00+00:00,3953.60009765625,3961.89990234375,3953.60009765625,3961.89990234375,11591
2025-11-06 04:00:00+00:00,3953.699951171875,3957.10009765625,3951.0,3956.0,9299
2025-11-06 04:05:00+00:00,3947.39990234375,3954.199951171875,3946.10009765625,3953.699951171875,8544
2025-11-06 04:10:00+00:00,3945.0,3948.0,3942.89990234375,3947.300048828125,13627
2025-11-06 04:15:00+00:00,3938.300048828125,3946.300048828125,3937.39990234375,3946.0,10527
2025-11-06 04:20:00+00:00,3943.199951171875,3946.10009765625,3937.39990234375,3938.300048828125,10015
2025-11-06 04:25:00+00:00,3946.0,3946.0,3942.0,3945.5,3206
2025-11-06 04:30:00+00:00,3939.0,3946.39990234375,3939.0,3946.39990234375,6940
2025-11-06 04:35:00+00:00,3932.89990234375,3939.60009765625,3931.300048828125,3939.60009765625,11211
2025-11-06 04:40:00+00:00,3924.39990234375,3932.0,3924.39990234375,3931.10009765625,13539
2025-11-06 04:45:00+00:00,3930.0,3930.0,3924.39990234375,3924.39990234375,10442
2025-11-06 04:50:00+00:00,3930.89990234375,3931.699951171875,3928.300048828125,3930.0,4126
2025-11-06 04:55:00+00:00,3934.199951171875,3935.39990234375,3930.0,3930.60009765625,9010
2025-11-06 05:00:00+00:00,3934.699951171875,3937.39990234375,3934.10009765625,3935.300048828125,5149
2025-11-06 05:05:00+00:00,3932.39990234375,3935.800048828125,3930.800048828125,3935.0,8248
2025-11-06 05:10:00+00:00,3935.10009765625,3935.10009765625,3930.0,3933.0,5154
2025-11-06 05:15:00+00:00,3933.89990234375,3936.699951171875,3932.60009765625,3935.0,20443
2025-11-06 05:20:00+00:00,3930.199951171875,3934.0,3929.60009765625,3934.0,9833
2025-11-06 05:25:00+00:00,3930.699951171875,3932.89990234375,3930.300048828125,3931.89990234375,11260
2025-11-06 05:30:00+00:00,3930.39990234375,3932.0,3930.300048828125,3931.0,5380
2025-11-06 05:35:00+00:00,3932.300048828125,3932.699951171875,3929.60009765625,3931.0,9496
2025-11-06 05:40:00+00:00,3927.0,3932.5,3926.699951171875,3931.60009765625,8095
2025-11-06 05:45:00+00:00,3927.800048828125,3931.0,3927.0,3928.5,7209
2025-11-06 05:50:00+00:00,3918.5,3927.800048828125,3918.0,3927.60009765625,15310
2025-11-06 05:55:00+00:00,3920.0,3921.60009765625,3918.5,3918.5,3760
2025-11-06 06:00:00+00:00,3910.39990234375,3921.10009765625,3910.10009765625,3921.10009765625,28537
2025-11-06 06:05:00+00:00,3912.0,3914.0,3910.300048828125,3911.800048828125,5082
2025-11-06 06:10:00+00:00,3908.800048828125,3912.0,3908.0,3912.0,15227
2025-11-06 06:15:00+00:00,3909.0,3912.5,3907.800048828125,3908.800048828125,19701
2025-11-06 06:20:00+00:00,3912.699951171875,3914.0,3908.800048828125,3909.0,20926
2025-11-06 06:25:00+00:00,3914.699951171875,3915.5,3912.699951171875,3912.699951171875,5879
2025-11-06 06:30:00+00:00,3914.10009765625,3918.800048828125,3912.800048828125,3914.699951171875,28750
2025-11-06 06:35:00+00:00,3909.0,3917.699951171875,3909.0,3914.10009765625,19420
2025-11-06 06:40:00+00:00,3907.89990234375,3910.699951171875,3907.300048828125,3909.0,8031
2025-11-06 06:45:00+00:00,3910.699951171875,3912.800048828125,3907.800048828125,3908.800048828125,23708
2025-11-06 06:50:00+00:00,3908.60009765625,3913.699951171875,3905.60009765625,3910.699951171875,25793
2025-11-06 06:55:00+00:00,3912.199951171875,3912.199951171875,3908.800048828125,3909.60009765625,12752
2025-11-06 07:00:00+00:00,3915.800048828125,3916.89990234375,3910.10009765625,3912.39990234375,19696
2025-11-06 07:05:00+00:00,3915.0,3920.0,3913.199951171875,3915.800048828125,29537
2025-11-06 07:10:00+00:00,3907.60009765625,3915.10009765625,3907.60009765625,3914.300048828125,26408
2025-11-06 07:15:00+00:00,3910.300048828125,3914.10009765625,3907.199951171875,3908.0,23991
2025-11-06 07:20:00+00:00,3917.60009765625,3917.60009765625,3910.10009765625,3911.0,15787
2025-11-06 07:25:00+00:00,3912.199951171875,3923.800048828125,3910.5,3917.60009765625,45260
2025-11-06 07:30:00+00:00,3908.89990234375,3918.699951171875,3908.89990234375,3912.300048828125,38511
2025-11-06 07:35:00+00:00,3901.199951171875,3910.199951171875,3901.199951171875,3908.199951171875,43926
2025-11-06 07:40:00+00:00,3907.199951171875,3907.60009765625,3895.0,3901.199951171875,52743
2025-11-06 07:45:00+00:00,3904.60009765625,3909.699951171875,3902.10009765625,3907.300048828125,34894
2025-11-06 07:50:00+00:00,3905.39990234375,3909.60009765625,3903.800048828125,3904.60009765625,29013
2025-11-06 07:55:00+00:00,3902.800048828125,3907.60009765625,3902.699951171875,3906.39990234375,21677
2025-11-06 08:00:00+00:00,3902.89990234375,3909.300048828125,3899.699951171875,3902.800048828125,24803
2025-11-06 08:05:00+00:00,3901.89990234375,3905.10009765625,3898.10009765625,3903.5,18264
2025-11-06 08:10:00+00:00,3898.800048828125,3905.0,3896.0,3902.39990234375,24525
2025-11-06 08:15:00+00:00,3896.60009765625,3902.800048828125,3896.60009765625,3898.800048828125,24446
2025-11-06 08:20:00+00:00,3887.300048828125,3898.199951171875,3886.60009765625,3897.699951171875,30895
2025-11-06 08:25:00+00:00,3895.0,3895.0,3887.199951171875,3888.39990234375,21871
2025-11-06 08:30:00+00:00,3892.0,3898.800048828125,3891.60009765625,3894.60009765625,31916
2025-11-06 08:35:00+00:00,3890.199951171875,3894.60009765625,3889.800048828125,3892.0,6623
2025-11-06 08:40:00+00:00,3893.39990234375,3894.39990234375,3889.300048828125,3892.10009765625,15520
2025-11-06 08:45:00+00:00,3889.800048828125,3894.800048828125,3888.699951171875,3892.699951171875,18430
2025-11-06 08:50:00+00:00,3889.300048828125,3892.10009765625,3889.0,3889.800048828125,8433
2025-11-06 08:55:00+00:00,3888.39990234375,3892.0,3885.89990234375,3890.5,14246
2025-11-06 09:00:00+00:00,3890.0,3890.0,3887.5,3889.10009765625,9611
2025-11-06 09:05:00+00:00,3886.300048828125,3891.0,3885.699951171875,3890.0,22308
2025-11-06 09:10:00+00:00,3895.0,3896.39990234375,3884.0,3886.800048828125,37527
2025-11-06 09:15:00+00:00,3889.89990234375,3897.60009765625,3889.0,3895.699951171875,20334
2025-11-06 09:20:00+00:00,3892.5,3893.199951171875,3889.199951171875,3889.89990234375,32403
2025-11-06 09:25:00+00:00,3883.60009765625,3892.60009765625,3883.39990234375,3892.60009765625,36586
2025-11-06 09:30:00+00:00,3877.60009765625,3886.0,3877.10009765625,3885.39990234375,42620
2025-11-06 09:35:00+00:00,3882.199951171875,3882.39990234375,3872.10009765625,3878.0,104583
2025-11-06 09:40:00+00:00,3881.60009765625,3883.0,3875.199951171875,3882.39990234375,64333
2025-11-06 09:45:00+00:00,3886.39990234375,3887.199951171875,3879.199951171875,3881.5,89218
2025-11-06 09:50:00+00:00,3887.300048828125,3887.800048828125,3877.800048828125,3887.5,50354
2025-11-06 09:55:00+00:00,3881.60009765625,3899.39990234375,3881.60009765625,3887.5,63710
2025-11-07 03:45:00+00:00,3870.199951171875,3877.10009765625,3861.199951171875,3877.10009765625,0
2025-11-07 03:50:00+00:00,3868.0,3871.5,3864.0,3870.5,31205
2025-11-07 03:55:00+00:00,3865.0,3870.89990234375,3860.60009765625,3868.39990234375,15464
2025-11-07 04:00:00+00:00,3856.300048828125,3867.10009765625,3856.300048828125,3866.10009765625,12844
2025-11-07 04:05:00+00:00,3857.699951171875,3860.0,3850.60009765625,3856.60009765625,14871
2025-11-07 04:10:00+00:00,3861.5,3865.0,3855.0,3857.10009765625,20928
2025-11-07 04:15:00+00:00,3862.0,3863.0,3857.60009765625,3861.5,15065
2025-11-07 04:20:00+00:00,3862.5,3865.0,3857.0,3862.0,13349
2025-11-07 04:25:00+00:00,3864.699951171875,3868.0,3860.199951171875,3862.699951171875,12093
2025-11-07 04:30:00+00:00,3858.5,3864.10009765625,3855.699951171875,3864.10009765625,6013
2025-11-07 04:35:00+00:00,3858.0,3861.300048828125,3856.0,3858.89990234375,5519
2025-11-07 04:40:00+00:00,3856.300048828125,3858.89990234375,3853.0,3856.5,7133
2025-11-07 04:45:00+00:00,3860.0,3861.89990234375,3854.300048828125,3856.0,5226
2025-11-07 04:50:00+00:00,3864.5,3864.5,3860.0,3861.10009765625,3339
2025-11-07 04:55:00+00:00,3866.0,3868.800048828125,3861.39990234375,3863.0,7077
2025-11-07 05:00:00+00:00,3851.60009765625,3867.0,3846.5,3866.60009765625,47886
2025-11-07 05:05:00+00:00,3849.800048828125,3850.89990234375,3845.0,3850.39990234375,35491
2025-11-07 05:10:00+00:00,3849.300048828125,3852.5,3848.10009765625,3849.800048828125,19654
2025-11-07 05:15:00+00:00,3851.199951171875,3853.39990234375,3848.89990234375,3849.300048828125,13847
2025-11-07 05:20:00+00:00,3848.300048828125,3851.39990234375,3847.39990234375,3850.89990234375,12079
2025-11-07 05:25:00+00:00,3839.0,3849.89990234375,3838.10009765625,3848.300048828125,48233
2025-11-07 05:30:00+00:00,3838.0,3841.800048828125,3837.199951171875,3839.89990234375,31824
2025-11-07 05:35:00+00:00,3834.0,3838.800048828125,3832.300048828125,3838.800048828125,22775
2025-11-07 05:40:00+00:00,3855.89990234375,3857.0,3834.0,3834.0,35040
2025-11-07 05:45:00+00:00,3850.800048828125,3856.89990234375,3850.300048828125,3856.199951171875,37804
2025-11-07 05:50:00+00:00,3857.5,3857.5,3850.199951171875,3850.199951171875,12266
2025-11-07 05:55:00+00:00,3859.800048828125,3859.800048828125,3855.0,3857.0,13022
2025-11-07 06:00:00+00:00,3858.60009765625,3867.0,3857.60009765625,3859.800048828125,37547
2025-11-07 06:05:00+00:00,3860.89990234375,3863.60009765625,3855.0,3858.5,48569
2025-11-07 06:10:00+00:00,3864.0,3869.0,3860.0,3860.0,43313
2025-11-07 06:15:00+00:00,3863.60009765625,3866.39990234375,3860.0,3864.39990234375,8740
2025-11-07 06:20:00+00:00,3865.5,3866.0,3860.0,3863.300048828125,26465
2025-11-07 06:25:00+00:00,3865.10009765625,3866.39990234375,3863.60009765625,3865.5,7925
2025-11-07 06:30:00+00:00,3871.199951171875,3871.199951171875,3862.0,3865.0,25580
2025-11-07 06:35:00+00:00,3865.800048828125,3870.300048828125,3863.800048828125,3870.300048828125,6237
2025-11-07 06:40:00+00:00,3864.800048828125,3867.0,3862.300048828125,3865.800048828125,6963
2025-11-07 06:45:00+00:00,3857.0,3865.699951171875,3856.0,3864.89990234375,18830
2025-11-07 06:50:00+00:00,3851.800048828125,3859.0,3850.10009765625,3857.0,9744
2025-11-07 06:55:00+00:00,3852.5,3856.5,3850.10009765625,3851.60009765625,27988
2025-11-07 07:00:00+00:00,3854.39990234375,3855.0,3851.699951171875,3852.5,7183
2025-11-07 07:05:00+00:00,3858.10009765625,3858.10009765625,3852.0,3854.39990234375,13599
2025-11-07 07:10:00+00:00,3855.199951171875,3859.199951171875,3851.800048828125,3858.300048828125,34878
2025-11-07 07:15:00+00:00,3867.39990234375,3867.60009765625,3855.89990234375,3855.89990234375,25716
2025-11-07 07:20:00+00:00,3864.89990234375,3869.39990234375,3862.300048828125,3867.39990234375,10187
2025-11-07 07:25:00+00:00,3874.39990234375,3874.39990234375,3863.0,3864.39990234375,13330
2025-11-07 07:30:00+00:00,3878.0,3882.0,3872.0,3874.0,33622
2025-11-07 07:35:00+00:00,3874.5,3879.699951171875,3873.199951171875,3879.699951171875,9566
2025-11-07 07:40:00+00:00,3875.300048828125,3876.60009765625,3872.800048828125,3874.5,7617
2025-11-07 07:45:00+00:00,3876.300048828125,3878.0,3871.5,3875.300048828125,12366
2025-11-07 07:50:00+00:00,3876.89990234375,3877.800048828125,3873.89990234375,3876.60009765625,7944
2025-11-07 07:55:00+00:00,3881.89990234375,3888.699951171875,3877.0,3877.0,40678
2025-11-07 08:00:00+00:00,3883.800048828125,3887.0,3881.800048828125,3883.89990234375,17360
2025-11-07 08:05:00+00:00,3886.89990234375,3887.0,3882.800048828125,3884.300048828125,13086
2025-11-07 08:10:00+00:00,3888.0,3890.0,3886.0,3886.89990234375,10569
2025-11-07 08:15:00+00:00,3887.5,3892.89990234375,3887.5,3889.0,10892
2025-11-07 08:20:00+00:00,3885.89990234375,3887.199951171875,3884.60009765625,3887.199951171875,7392
2025-11-07 08:25:00+00:00,3880.699951171875,3885.89990234375,3880.199951171875,3885.89990234375,9077
2025-11-07 08:30:00+00:00,3875.0,3882.300048828125,3875.0,3882.0,28147
2025-11-07 08:35:00+00:00,3874.60009765625,3878.60009765625,3871.199951171875,3875.39990234375,19485
2025-11-07 08:40:00+00:00,3875.0,3876.5,3873.300048828125,3875.10009765625,11008
2025-11-07 08:45:00+00:00,3874.699951171875,3878.10009765625,3873.5,3875.0,18114
2025-11-07 08:50:00+00:00,3875.0,3875.800048828125,3874.10009765625,3874.800048828125,52328
2025-11-07 08:55:00+00:00,3882.699951171875,3884.5,3874.5,3874.800048828125,28322
2025-11-07 09:00:00+00:00,3882.300048828125,3884.5,3881.60009765625,3882.699951171875,10883
2025-11-07 09:05:00+00:00,3881.300048828125,3882.800048828125,3880.0,3882.300048828125,11385
2025-11-07 09:10:00+00:00,3882.39990234375,3884.0,3880.5,3881.300048828125,7973
2025-11-07 09:15:00+00:00,3880.10009765625,3882.39990234375,3879.300048828125,3881.89990234375,14349
2025-11-07 09:20:00+00:00,3880.60009765625,3880.800048828125,3880.0,3880.10009765625,10942
2025-11-07 09:25:00+00:00,3882.10009765625,3883.0,3879.5,3880.300048828125,45197
2025-11-07 09:30:00+00:00,3882.0,3886.0,3877.5,3882.10009765625,35251
2025-11-07 09:35:00+00:00,3880.10009765625,3883.0,3879.5,3881.39990234375,36038
2025-11-07 09:40:00+00:00,3883.199951171875,3883.300048828125,3880.0,3880.10009765625,39746
2025-11-07 09:45:00+00:00,3885.39990234375,3887.0,3882.800048828125,3883.300048828125,34361
2025-11-07 09:50:00+00:00,3882.199951171875,3888.0,3880.0,3885.60009765625,46679
2025-11-07 09:55:00+00:00,3882.5,3883.10009765625,3875.39990234375,3882.199951171875,32807
2025-11-10 03:45:00+00:00,3916.699951171875,3921.699951171875,3895.0,3895.0,0
2025-11-10 03:50:00+00:00,3902.89990234375,3918.300048828125,3902.89990234375,3918.300048828125,21274
2025-11-10 03:55:00+00:00,3904.800048828125,3908.0,3900.699951171875,3902.60009765625,11945
2025-11-10 04:00:00+00:00,3914.0,3914.0,3905.0,3905.0,9537
2025-11-10 04:05:00+00:00,3926.0,3930.0,3913.199951171875,3914.0,25383
2025-11-10 04:10:00+00:00,3911.0,3927.89990234375,3910.10009765625,3927.89990234375,19000
2025-11-10 04:15:00+00:00,3916.39990234375,3918.0,3909.5,3911.0,16376
2025-11-10 04:20:00+00:00,3919.60009765625,3919.800048828125,3915.199951171875,3916.39990234375,12752
2025-11-10 04:25:00+00:00,3913.800048828125,3922.60009765625,3911.10009765625,3919.10009765625,19932
2025-11-10 04:30:00+00:00,3915.10009765625,3919.39990234375,3912.800048828125,3913.199951171875,20047
2025-11-10 04:35:00+00:00,3913.5,3919.300048828125,3912.800048828125,3915.10009765625,12799
2025-11-10 04:40:00+00:00,3912.0,3915.89990234375,3912.0,3914.89990234375,6921
2025-11-10 04:45:00+00:00,3918.89990234375,3923.0,3911.800048828125,3911.800048828125,11586
2025-11-10 04:50:00+00:00,3922.60009765625,3922.89990234375,3919.699951171875,3921.0,9050
2025-11-10 04:55:00+00:00,3928.699951171875,3928.699951171875,3923.0,3923.0,13562
2025-11-10 05:00:00+00:00,3930.800048828125,3934.10009765625,3925.60009765625,3928.699951171875,31497
2025-11-10 05:05:00+00:00,3928.199951171875,3933.10009765625,3927.5,3930.89990234375,23105
2025-11-10 05:10:00+00:00,3923.39990234375,3929.10009765625,3923.39990234375,3928.199951171875,11617
2025-11-10 05:15:00+00:00,3925.60009765625,3927.199951171875,3923.39990234375,3923.5,21257
2025-11-10 05:20:00+00:00,3921.5,3925.60009765625,3920.10009765625,3925.39990234375,22886
2025-11-10 05:25:00+00:00,3923.0,3923.0,3920.39990234375,3921.0,7612
2025-11-10 05:30:00+00:00,3925.699951171875,3926.199951171875,3918.5,3923.0,17754
2025-11-10 05:35:00+00:00,3925.800048828125,3926.300048828125,3923.89990234375,3926.0,4337
2025-11-10 05:40:00+00:00,3923.5,3926.199951171875,3923.0,3925.39990234375,8621
2025-11-10 05:45:00+00:00,3924.0,3927.0,3923.0,3923.300048828125,21552
2025-11-10 05:50:00+00:00,3925.199951171875,3928.5,3922.60009765625,3923.89990234375,17061
2025-11-10 05:55:00+00:00,3931.0,3931.0,3925.39990234375,3926.5,16508
2025-11-10 06:00:00+00:00,3930.0,3932.0,3930.0,3930.89990234375,15518
2025-11-10 06:05:00+00:00,3937.0,3937.0,3930.0,3930.199951171875,53760
2025-11-10 06:10:00+00:00,3938.0,3940.0,3935.0,3937.0,42879
2025-11-10 06:15:00+00:00,3937.0,3943.5,3935.0,3937.89990234375,111404
2025-11-10 06:20:00+00:00,3935.0,3939.199951171875,3935.0,3937.10009765625,12256
2025-11-10 06:25:00+00:00,3933.699951171875,3936.5,3932.89990234375,3935.0,7065
2025-11-10 06:30:00+00:00,3933.5,3936.5,3933.300048828125,3933.60009765625,8038
2025-11-10 06:35:00+00:00,3936.60009765625,3936.60009765625,3931.0,3932.0,9949
2025-11-10 06:40:00+00:00,3933.0,3937.89990234375,3932.300048828125,3936.60009765625,8185
2025-11-10 06:45:00+00:00,3932.800048828125,3933.5,3930.0,3933.0,11803
2025-11-10 06:50:00+00:00,3934.0,3935.0,3930.10009765625,3932.800048828125,8562
2025-11-10 06:55:00+00:00,3937.300048828125,3937.300048828125,3933.39990234375,3934.0,13582
2025-11-10 07:00:00+00:00,3936.5,3938.800048828125,3935.300048828125,3938.0,13441
2025-11-10 07:05:00+00:00,3935.39990234375,3936.5,3933.0,3936.5,9531
2025-11-10 07:10:00+00:00,3934.800048828125,3935.5,3933.60009765625,3935.39990234375,9995
2025-11-10 07:15:00+00:00,3933.699951171875,3935.0,3930.89990234375,3934.800048828125,24638
2025-11-10 07:20:00+00:00,3932.89990234375,3934.300048828125,3931.10009765625,3933.699951171875,14048
2025-11-10 07:25:00+00:00,3932.0,3934.39990234375,3930.0,3933.0,14356
2025-11-10 07:30:00+00:00,3933.39990234375,3935.0,3932.0,3932.0,11407
2025-11-10 07:35:00+00:00,3933.800048828125,3934.199951171875,3931.39990234375,3933.300048828125,11305
2025-11-10 07:40:00+00:00,3932.5,3935.5,3932.39990234375,3933.800048828125,11508
2025-11-10 07:45:00+00:00,3931.5,3933.5,3930.10009765625,3932.39990234375,22309
2025-11-10 07:50:00+00:00,3931.199951171875,3931.699951171875,3928.800048828125,3931.5,34006
2025-11-10 07:55:00+00:00,3932.39990234375,3933.800048828125,3930.300048828125,3931.60009765625,15211
2025-11-10 08:00:00+00:00,3933.60009765625,3934.0,3930.0,3931.0,7412
2025-11-10 08:05:00+00:00,3931.10009765625,3933.800048828125,3930.699951171875,3933.300048828125,8555
2025-11-10 08:10:00+00:00,3925.0,3931.89990234375,3922.699951171875,3930.5,17628
2025-11-10 08:15:00+00:00,3926.10009765625,3926.699951171875,3919.0,3925.10009765625,37938
2025-11-10 08:20:00+00:00,3927.0,3928.800048828125,3925.0,3926.10009765625,10886
2025-11-10 08:25:00+00:00,3927.10009765625,3928.800048828125,3925.5,3926.800048828125,9793
2025-11-10 08:30:00+00:00,3928.0,3929.0,3923.10009765625,3926.800048828125,26118
2025-11-10 08:35:00+00:00,3930.699951171875,3931.0,3926.300048828125,3927.800048828125,22118
2025-11-10 08:40:00+00:00,3929.60009765625,3930.699951171875,3927.39990234375,3930.10009765625,7134
2025-11-10 08:45:00+00:00,3929.89990234375,3930.699951171875,3927.10009765625,3929.60009765625,8981
2025-11-10 08:50:00+00:00,3930.39990234375,3931.5,3924.5,3928.800048828125,32978
2025-11-10 08:55:00+00:00,3931.5,3933.699951171875,3928.0,3929.300048828125,12504
2025-11-10 09:00:00+00:00,3926.800048828125,3932.60009765625,3926.39990234375,3931.5,6534
2025-11-10 09:05:00+00:00,3927.699951171875,3929.300048828125,3926.0,3926.199951171875,7406
2025-11-10 09:10:00+00:00,3920.10009765625,3927.800048828125,3919.199951171875,3927.300048828125,30883
2025-11-10 09:15:00+00:00,3926.89990234375,3928.0,3919.0,3920.10009765625,23604
2025-11-10 09:20:00+00:00,3926.300048828125,3926.89990234375,3925.0,3925.5,9442
2025-11-10 09:25:00+00:00,3926.699951171875,3929.10009765625,3925.0,3926.10009765625,12099
2025-11-10 09:30:00+00:00,3920.0,3926.699951171875,3918.199951171875,3926.699951171875,32665
2025-11-10 09:35:00+00:00,3919.89990234375,3921.10009765625,3918.5,3920.10009765625,15407
2025-11-10 09:40:00+00:00,3918.699951171875,3920.0,3918.10009765625,3919.800048828125,15763
2025-11-10 09:45:00+00:00,3917.300048828125,3919.89990234375,3916.0,3918.199951171875,21519
2025-11-10 09:50:00+00:00,3917.699951171875,3919.89990234375,3915.800048828125,3917.800048828125,35104
2025-11-10 09:55:00+00:00,3918.5,3918.5,3912.10009765625,3917.699951171875,32365
2025-11-11 03:45:00+00:00,3918.5,3934.0,3918.5,3927.60009765625,0
2025-11-11 03:50:00+00:00,3923.699951171875,3923.699951171875,3913.0,3918.0,8936
2025-11-11 03:55:00+00:00,3931.300048828125,3935.0,3919.0,3923.0,7190
2025-11-11 04:00:00+00:00,3924.0,3934.800048828125,3924.0,3931.300048828125,18231
2025-11-11 04:05:00+00:00,3927.199951171875,3927.199951171875,3920.0,3925.300048828125,3793
2025-11-11 04:10:00+00:00,3927.300048828125,3927.300048828125,3922.699951171875,3926.699951171875,3295
2025-11-11 04:15:00+00:00,3922.60009765625,3927.800048828125,3919.10009765625,3925.699951171875,11171
2025-11-11 04:20:00+00:00,3919.5,3923.699951171875,3919.5,3922.199951171875,12113
2025-11-11 04:25:00+00:00,3922.199951171875,3922.199951171875,3917.5,3919.5,12733
2025-11-11 04:30:00+00:00,3920.10009765625,3924.0,3920.10009765625,3922.699951171875,3257
2025-11-11 04:35:00+00:00,3926.0,3926.0,3921.10009765625,3921.10009765625,7735
2025-11-11 04:40:00+00:00,3918.0,3926.5,3918.0,3926.0,6071
2025-11-11 04:45:00+00:00,3914.10009765625,3921.5,3914.10009765625,3917.5,11380
2025-11-11 04:50:00+00:00,3912.0,3916.10009765625,3909.800048828125,3916.10009765625,7643
2025-11-11 04:55:00+00:00,3910.199951171875,3914.10009765625,3909.199951171875,3911.699951171875,5381
2025-11-11 05:00:00+00:00,3909.0,3912.89990234375,3907.0,3910.800048828125,6048
2025-11-11 05:05:00+00:00,3906.0,3911.0,3906.0,3908.699951171875,5112
2025-11-11 05:10:00+00:00,3901.699951171875,3905.0,3901.199951171875,3904.5,19933
2025-11-11 05:15:00+00:00,3900.39990234375,3902.60009765625,3898.0,3902.300048828125,11332
2025-11-11 05:20:00+00:00,3902.0,3903.800048828125,3898.60009765625,3900.0,16223
2025-11-11 05:25:00+00:00,3905.10009765625,3906.60009765625,3901.39990234375,3902.0,13381
2025-11-11 05:30:00+00:00,3905.300048828125,3907.0,3902.10009765625,3905.0,5092
2025-11-11 05:35:00+00:00,3902.89990234375,3904.89990234375,3901.699951171875,3904.89990234375,2301
2025-11-11 05:40:00+00:00,3903.0,3905.199951171875,3902.699951171875,3902.89990234375,3324
2025-11-11 05:45:00+00:00,3899.0,3905.10009765625,3897.300048828125,3902.699951171875,12960
2025-11-11 05:50:00+00:00,3899.89990234375,3903.5,3897.800048828125,3898.699951171875,5906
2025-11-11 05:55:00+00:00,3899.89990234375,3900.0,3898.699951171875,3900.0,2837
2025-11-11 06:00:00+00:00,3900.0,3901.199951171875,3897.5,3899.89990234375,9594
2025-11-11 06:05:00+00:00,3901.300048828125,3902.0,3898.0,3900.0,6497
2025-11-11 06:10:00+00:00,3903.199951171875,3903.199951171875,3900.0,3901.199951171875,3149
2025-11-11 06:15:00+00:00,3899.89990234375,3904.5,3898.0,3903.300048828125,8170
2025-11-11 06:20:00+00:00,3910.89990234375,3910.89990234375,3899.800048828125,3899.89990234375,15923
2025-11-11 06:25:00+00:00,3915.5,3919.0,3909.39990234375,3910.89990234375,33497
2025-11-11 06:30:00+00:00,3917.5,3917.5,3915.0,3915.5,17862
2025-11-11 06:35:00+00:00,3922.0,3924.0,3919.0,3919.0,9673
2025-11-11 06:40:00+00:00,3921.89990234375,3923.699951171875,3919.10009765625,3921.699951171875,7939
2025-11-11 06:45:00+00:00,3921.89990234375,3923.800048828125,3920.300048828125,3922.0,5139
2025-11-11 06:50:00+00:00,3930.5,3931.5,3921.39990234375,3921.89990234375,30495
2025-11-11 06:55:00+00:00,3928.0,3930.89990234375,3923.699951171875,3930.39990234375,14788
2025-11-11 07:00:00+00:00,3931.800048828125,3932.0,3926.800048828125,3929.10009765625,13576
2025-11-11 07:05:00+00:00,3926.0,3931.800048828125,3923.5,3931.800048828125,12525
2025-11-11 07:10:00+00:00,3923.0,3927.699951171875,3921.0,3926.60009765625,20564
2025-11-11 07:15:00+00:00,3927.89990234375,3927.89990234375,3921.0,3923.0,11857
2025-11-11 07:20:00+00:00,3923.5,3927.699951171875,3922.5,3927.5,7324
2025-11-11 07:25:00+00:00,3923.60009765625,3924.800048828125,3921.199951171875,3923.5,5230
2025-11-11 07:30:00+00:00,3923.39990234375,3924.89990234375,3922.300048828125,3923.60009765625,4813
2025-11-11 07:35:00+00:00,3930.39990234375,3931.699951171875,3923.0,3923.39990234375,31915
2025-11-11 07:40:00+00:00,3940.0,3940.89990234375,3930.0,3930.39990234375,49894
2025-11-11 07:45:00+00:00,3941.0,3944.699951171875,3937.199951171875,3940.0,13905
2025-11-11 07:50:00+00:00,3942.0,3943.60009765625,3940.0,3940.89990234375,8474
2025-11-11 07:55:00+00:00,3940.89990234375,3944.800048828125,3940.10009765625,3942.0,12024
2025-11-11 08:00:00+00:00,3941.89990234375,3942.10009765625,3940.10009765625,3940.5,6518
2025-11-11 08:05:00+00:00,3946.300048828125,3946.300048828125,3940.0,3940.89990234375,20462
2025-11-11 08:10:00+00:00,3942.89990234375,3946.60009765625,3940.300048828125,3946.39990234375,20871
2025-11-11 08:15:00+00:00,3953.0,3953.0,3941.699951171875,3942.89990234375,23612
2025-11-11 08:20:00+00:00,3952.5,3954.0,3952.0,3952.699951171875,12390
2025-11-11 08:25:00+00:00,3944.5,3952.199951171875,3940.300048828125,3952.199951171875,36391
2025-11-11 08:30:00+00:00,3946.300048828125,3946.300048828125,3940.699951171875,3942.0,16698
2025-11-11 08:35:00+00:00,3949.800048828125,3951.199951171875,3946.0,3946.300048828125,9111
2025-11-11 08:40:00+00:00,3947.0,3950.0,3946.0,3949.39990234375,11001
2025-11-11 08:45:00+00:00,3953.800048828125,3956.199951171875,3947.0,3947.39990234375,36035
2025-11-11 08:50:00+00:00,3958.39990234375,3958.39990234375,3949.800048828125,3954.699951171875,63022
2025-11-11 08:55:00+00:00,3960.0,3961.699951171875,3955.300048828125,3957.199951171875,66100
2025-11-11 09:00:00+00:00,3962.5,3963.10009765625,3960.0,3961.199951171875,37153
2025-11-11 09:05:00+00:00,3960.10009765625,3964.10009765625,3958.89990234375,3962.5,63377
2025-11-11 09:10:00+00:00,3962.0,3965.0,3960.0,3960.10009765625,41464
2025-11-11 09:15:00+00:00,3962.699951171875,3964.5,3960.0,3962.0,26921
2025-11-11 09:20:00+00:00,3965.39990234375,3966.39990234375,3961.800048828125,3962.39990234375,53084
2025-11-11 09:25:00+00:00,3961.39990234375,3966.800048828125,3960.0,3965.300048828125,97985
2025-11-11 09:30:00+00:00,3956.300048828125,3962.199951171875,3955.0,3961.300048828125,99207
2025-11-11 09:35:00+00:00,3951.39990234375,3960.60009765625,3949.300048828125,3956.39990234375,116053
2025-11-11 09:40:00+00:00,3956.0,3958.0,3948.10009765625,3951.89990234375,162070
2025-11-11 09:45:00+00:00,3954.5,3956.199951171875,3950.0,3956.0,57852
2025-11-11 09:50:00+00:00,3950.5,3958.699951171875,3950.0,3953.89990234375,66317
2025-11-11 09:55:00+00:00,3955.0,3956.39990234375,3950.10009765625,3951.89990234375,16846
2025-11-12 03:45:00+00:00,3964.0,3973.300048828125,3964.0,3971.5,0
2025-11-12 03:50:00+00:00,3967.199951171875,3971.89990234375,3964.10009765625,3964.89990234375,17512
2025-11-12 03:55:00+00:00,3964.5,3969.0,3963.10009765625,3968.300048828125,18835
2025-11-12 04:00:00+00:00,3955.10009765625,3964.89990234375,3955.10009765625,3963.199951171875,18789
2025-11-12 04:05:00+00:00,3959.0,3962.10009765625,3955.0,3956.0,8945
2025-11-12 04:10:00+00:00,3954.0,3960.60009765625,3954.0,3959.0,9819
2025-11-12 04:15:00+00:00,3951.60009765625,3954.199951171875,3950.0,3953.0,9333
2025-11-12 04:20:00+00:00,3953.199951171875,3955.0,3951.300048828125,3951.300048828125,4462
2025-11-12 04:25:00+00:00,3945.0,3953.699951171875,3943.5,3952.800048828125,10191
2025-11-12 04:30:00+00:00,3946.300048828125,3949.300048828125,3943.800048828125,3945.0,5952
2025-11-12 04:35:00+00:00,3943.10009765625,3949.89990234375,3942.60009765625,3947.60009765625,6182
2025-11-12 04:40:00+00:00,3945.800048828125,3946.300048828125,3942.39990234375,3944.0,6484
2025-11-12 04:45:00+00:00,3943.10009765625,3948.199951171875,3943.0,3946.39990234375,6155
2025-11-12 04:50:00+00:00,3946.39990234375,3947.800048828125,3943.10009765625,3943.10009765625,5561
2025-11-12 04:55:00+00:00,3947.10009765625,3949.800048828125,3945.0,3946.5,5214
2025-11-12 05:00:00+00:00,3949.39990234375,3949.800048828125,3946.89990234375,3947.10009765625,6634
2025-11-12 05:05:00+00:00,3953.39990234375,3953.89990234375,3948.800048828125,3949.10009765625,5050
2025-11-12 05:10:00+00:00,3955.89990234375,3956.0,3953.10009765625,3953.39990234375,6401
2025-11-12 05:15:00+00:00,3953.39990234375,3955.800048828125,3952.10009765625,3955.199951171875,6204
2025-11-12 05:20:00+00:00,3951.10009765625,3955.800048828125,3951.0,3953.0,8475
2025-11-12 05:25:00+00:00,3950.300048828125,3951.199951171875,3949.10009765625,3951.10009765625,5457
2025-11-12 05:30:00+00:00,3949.0,3951.89990234375,3948.300048828125,3950.300048828125,6971
2025-11-12 05:35:00+00:00,3953.89990234375,3954.0,3948.800048828125,3949.800048828125,11768
2025-11-12 05:40:00+00:00,3953.300048828125,3956.300048828125,3949.89990234375,3953.5,16182
2025-11-12 05:45:00+00:00,3950.800048828125,3953.800048828125,3950.0,3953.10009765625,8719
2025-11-12 05:50:00+00:00,3953.800048828125,3953.800048828125,3949.5,3950.60009765625,9110
2025-11-12 05:55:00+00:00,3949.800048828125,3957.699951171875,3949.10009765625,3955.5,15062
2025-11-12 06:00:00+00:00,3950.89990234375,3951.89990234375,3948.199951171875,3949.800048828125,9563
2025-11-12 06:05:00+00:00,3953.5,3954.60009765625,3948.5,3950.10009765625,7952
2025-11-12 06:10:00+00:00,3951.10009765625,3953.60009765625,3950.5,3953.39990234375,9731
2025-11-12 06:15:00+00:00,3952.699951171875,3954.0,3951.0,3951.10009765625,8084
2025-11-12 06:20:00+00:00,3948.199951171875,3954.300048828125,3948.0,3952.699951171875,9155
2025-11-12 06:25:00+00:00,3947.5,3951.5,3947.300048828125,3948.199951171875,7131
2025-11-12 06:30:00+00:00,3946.800048828125,3949.89990234375,3945.39990234375,3946.60009765625,9558
2025-11-12 06:35:00+00:00,3949.0,3950.0,3946.0,3946.89990234375,17025
2025-11-12 06:40:00+00:00,3946.89990234375,3951.60009765625,3946.300048828125,3948.89990234375,10550
2025-11-12 06:45:00+00:00,3949.300048828125,3950.0,3946.10009765625,3946.89990234375,8451
2025-11-12 06:50:00+00:00,3951.300048828125,3951.39990234375,3947.699951171875,3949.199951171875,6414
2025-11-12 06:55:00+00:00,3952.800048828125,3954.0,3950.0,3951.300048828125,9316
2025-11-12 07:00:00+00:00,3957.5,3957.5,3952.800048828125,3952.800048828125,18916
2025-11-12 07:05:00+00:00,3961.89990234375,3962.39990234375,3957.300048828125,3957.39990234375,13156
2025-11-12 07:10:00+00:00,3962.39990234375,3963.0,3960.0,3961.800048828125,13165
2025-11-12 07:15:00+00:00,3957.199951171875,3963.800048828125,3955.300048828125,3961.5,18620
2025-11-12 07:20:00+00:00,3951.10009765625,3957.699951171875,3951.0,3957.199951171875,8477
2025-11-12 07:25:00+00:00,3954.300048828125,3955.0,3950.800048828125,3951.0,10772
2025-11-12 07:30:00+00:00,3949.300048828125,3954.10009765625,3949.10009765625,3954.10009765625,14955
2025-11-12 07:35:00+00:00,3948.199951171875,3950.0,3947.60009765625,3949.89990234375,7736
2025-11-12 07:40:00+00:00,3952.0,3953.0,3948.199951171875,3948.199951171875,17552
2025-11-12 07:45:00+00:00,3947.89990234375,3952.199951171875,3946.0,3952.10009765625,11834
2025-11-12 07:50:00+00:00,3950.699951171875,3950.699951171875,3946.699951171875,3947.800048828125,8888
2025-11-12 07:55:00+00:00,3950.10009765625,3953.0,3948.89990234375,3950.699951171875,10533
2025-11-12 08:00:00+00:00,3944.89990234375,3951.199951171875,3943.199951171875,3950.10009765625,24820
2025-11-12 08:05:00+00:00,3942.10009765625,3944.89990234375,3937.0,3944.89990234375,25063
2025-11-12 08:10:00+00:00,3943.699951171875,3943.699951171875,3937.5,3941.199951171875,19765
2025-11-12 08:15:00+00:00,3943.0,3945.0,3941.0,3944.0,8426
2025-11-12 08:20:00+00:00,3945.89990234375,3945.89990234375,3943.699951171875,3944.39990234375,7533
2025-11-12 08:25:00+00:00,3947.5,3948.0,3945.10009765625,3945.199951171875,8799
2025-11-12 08:30:00+00:00,3949.89990234375,3950.60009765625,3945.60009765625,3947.60009765625,9847
2025-11-12 08:35:00+00:00,3948.60009765625,3951.300048828125,3946.199951171875,3949.89990234375,24725
2025-11-12 08:40:00+00:00,3948.39990234375,3950.89990234375,3946.300048828125,3949.5,32322
2025-11-12 08:45:00+00:00,3950.199951171875,3950.5,3948.0,3948.300048828125,7511
2025-11-12 08:50:00+00:00,3948.5,3950.39990234375,3947.699951171875,3950.10009765625,12275
2025-11-12 08:55:00+00:00,3946.89990234375,3954.0,3946.10009765625,3950.10009765625,35808
2025-11-12 09:00:00+00:00,3950.0,3951.60009765625,3946.800048828125,3946.800048828125,9614
2025-11-12 09:05:00+00:00,3949.0,3952.199951171875,3949.0,3950.300048828125,14053
2025-11-12 09:10:00+00:00,3951.699951171875,3951.89990234375,3947.10009765625,3949.10009765625,30493
2025-11-12 09:15:00+00:00,3948.300048828125,3952.0,3948.300048828125,3952.0,10635
2025-11-12 09:20:00+00:00,3951.60009765625,3952.300048828125,3947.60009765625,3948.39990234375,9515
2025-11-12 09:25:00+00:00,3954.300048828125,3954.5,3950.0,3951.60009765625,10048
2025-11-12 09:30:00+00:00,3958.0,3958.0,3954.300048828125,3954.39990234375,29741
2025-11-12 09:35:00+00:00,3956.39990234375,3958.0,3953.5,3958.0,20991
2025-11-12 09:40:00+00:00,3954.199951171875,3956.800048828125,3954.199951171875,3956.60009765625,18726
2025-11-12 09:45:00+00:00,3954.0,3954.199951171875,3953.699951171875,3954.199951171875,19039
2025-11-12 09:50:00+00:00,3951.60009765625,3954.0,3951.10009765625,3954.0,22735
2025-11-12 09:55:00+00:00,3954.89990234375,3954.89990234375,3950.0,3952.300048828125,24640
2025-11-13 03:45:00+00:00,3931.89990234375,3948.0,3926.199951171875,3947.60009765625,0
2025-11-13 03:50:00+00:00,3942.89990234375,3942.89990234375,3931.89990234375,3931.89990234375,14846
2025-11-13 03:55:00+00:00,3956.0,3957.5,3943.10009765625,3943.5,21843
2025-11-13 04:00:00+00:00,3951.300048828125,3959.0,3950.0,3955.5,9887
2025-11-13 04:05:00+00:00,3945.0,3953.0,3941.0,3951.10009765625,9662
2025-11-13 04:10:00+00:00,3946.89990234375,3948.0,3942.60009765625,3945.0,10117
2025-11-13 04:15:00+00:00,3965.0,3966.60009765625,3947.10009765625,3948.60009765625,17542
2025-11-13 04:20:00+00:00,3964.300048828125,3968.800048828125,3963.300048828125,3965.800048828125,12665
2025-11-13 04:25:00+00:00,3966.60009765625,3968.89990234375,3961.39990234375,3964.0,17654
2025-11-13 04:30:00+00:00,3965.10009765625,3967.89990234375,3961.300048828125,3967.89990234375,11833
2025-11-13 04:35:00+00:00,3967.89990234375,3967.89990234375,3963.5,3964.300048828125,6732
2025-11-13 04:40:00+00:00,3960.0,3968.0,3960.0,3966.5,9894
2025-11-13 04:45:00+00:00,3959.60009765625,3964.89990234375,3959.0,3960.60009765625,8050
2025-11-13 04:50:00+00:00,3958.800048828125,3959.89990234375,3955.300048828125,3959.60009765625,7301
2025-11-13 04:55:00+00:00,3955.39990234375,3959.800048828125,3953.89990234375,3958.60009765625,5103
2025-11-13 05:00:00+00:00,3957.699951171875,3959.5,3955.0,3955.39990234375,4508
2025-11-13 05:05:00+00:00,3955.39990234375,3959.39990234375,3953.5,3957.699951171875,6852
2025-11-13 05:10:00+00:00,3955.0,3955.5,3953.89990234375,3954.0,3414
2025-11-13 05:15:00+00:00,3956.60009765625,3957.39990234375,3953.300048828125,3955.0,6311
2025-11-13 05:20:00+00:00,3956.39990234375,3958.5,3955.699951171875,3958.5,5070
2025-11-13 05:25:00+00:00,3960.0,3962.0,3956.5,3956.800048828125,8060
2025-11-13 05:30:00+00:00,3964.0,3964.0,3959.0,3959.699951171875,5434
2025-11-13 05:35:00+00:00,3965.5,3968.199951171875,3963.699951171875,3964.0,12800
2025-11-13 05:40:00+00:00,3963.199951171875,3966.10009765625,3961.89990234375,3964.60009765625,11402
2025-11-13 05:45:00+00:00,3961.0,3964.89990234375,3960.0,3964.89990234375,4804
2025-11-13 05:50:00+00:00,3960.699951171875,3963.199951171875,3958.0,3961.0,7270
2025-11-13 05:55:00+00:00,3962.0,3962.199951171875,3958.0,3960.699951171875,10335
2025-11-13 06:00:00+00:00,3964.800048828125,3965.800048828125,3961.199951171875,3962.10009765625,7364
2025-11-13 06:05:00+00:00,3966.699951171875,3968.0,3962.699951171875,3963.800048828125,9703
2025-11-13 06:10:00+00:00,3965.199951171875,3966.300048828125,3965.0,3966.300048828125,6374
2025-11-13 06:15:00+00:00,3966.300048828125,3966.699951171875,3965.0,3965.0,6391
2025-11-13 06:20:00+00:00,3966.5,3969.89990234375,3966.300048828125,3967.0,12929
2025-11-13 06:25:00+00:00,3972.0,3972.300048828125,3966.0,3966.0,13880
2025-11-13 06:30:00+00:00,3973.0,3973.89990234375,3970.5,3971.0,20986
2025-11-13 06:35:00+00:00,3970.5,3974.0,3970.5,3972.199951171875,7228
2025-11-13 06:40:00+00:00,3973.0,3973.89990234375,3970.199951171875,3970.5,8162
2025-11-13 06:45:00+00:00,3981.89990234375,3987.0,3972.0,3972.0,46196
2025-11-13 06:50:00+00:00,3989.60009765625,3990.89990234375,3981.0,3981.39990234375,21097
2025-11-13 06:55:00+00:00,3997.300048828125,3998.0,3988.10009765625,3989.89990234375,27915
2025-11-13 07:00:00+00:00,3999.699951171875,4003.0,3995.39990234375,3997.300048828125,94410
2025-11-13 07:05:00+00:00,4001.699951171875,4002.0,3996.60009765625,4000.0,32002
2025-11-13 07:10:00+00:00,4001.199951171875,4004.39990234375,3999.199951171875,4001.0,90297
2025-11-13 07:15:00+00:00,3997.39990234375,4002.300048828125,3996.800048828125,4001.0,18969
2025-11-13 07:20:00+00:00,3998.89990234375,4000.0,3997.10009765625,3997.10009765625,12368
2025-11-13 07:25:00+00:00,4004.5,4005.5,3997.800048828125,3998.39990234375,74401
2025-11-13 07:30:00+00:00,4012.0,4012.5,4004.300048828125,4005.60009765625,28786
2025-11-13 07:35:00+00:00,4006.89990234375,4012.39990234375,4004.699951171875,4012.0,20095
2025-11-13 07:40:00+00:00,4002.300048828125,4007.39990234375,4000.699951171875,4005.89990234375,15166
2025-11-13 07:45:00+00:00,4005.0,4008.0,4002.39990234375,4002.39990234375,17135
2025-11-13 07:50:00+00:00,4009.5,4010.0,4003.699951171875,4005.0,16116
2025-11-13 07:55:00+00:00,4010.0,4010.0,4003.60009765625,4009.5,14156
2025-11-13 08:00:00+00:00,4008.60009765625,4010.0,4007.5,4009.699951171875,9684
2025-11-13 08:05:00+00:00,4016.10009765625,4021.0,4008.199951171875,4008.199951171875,63834
2025-11-13 08:10:00+00:00,4019.89990234375,4022.89990234375,4014.10009765625,4016.699951171875,26895
2025-11-13 08:15:00+00:00,4013.300048828125,4022.0,4011.800048828125,4019.800048828125,27219
2025-11-13 08:20:00+00:00,4012.89990234375,4016.199951171875,4011.300048828125,4014.10009765625,19144
2025-11-13 08:25:00+00:00,4002.0,4013.89990234375,4002.0,4013.300048828125,22148
2025-11-13 08:30:00+00:00,4001.5,4006.300048828125,3996.300048828125,4004.0,39721
2025-11-13 08:35:00+00:00,4000.0,4006.10009765625,3997.60009765625,4001.60009765625,17137
2025-11-13 08:40:00+00:00,4003.300048828125,4005.0,3998.39990234375,4000.0,23366
2025-11-13 08:45:00+00:00,4003.89990234375,4004.199951171875,4001.0,4003.199951171875,16303
2025-11-13 08:50:00+00:00,3999.0,4004.0,3996.5,4003.300048828125,39804
2025-11-13 08:55:00+00:00,4002.699951171875,4003.0,3998.199951171875,3999.0,23129
2025-11-13 09:00:00+00:00,4001.5,4005.39990234375,4001.0,4002.699951171875,57275
2025-11-13 09:05:00+00:00,4003.199951171875,4004.5,4000.199951171875,4001.199951171875,27429
2025-11-13 09:10:00+00:00,3999.5,4003.800048828125,3999.5,4002.0,52918
2025-11-13 09:15:00+00:00,4001.0,4003.0,3998.10009765625,3999.5,16835
2025-11-13 09:20:00+00:00,4001.5,4003.699951171875,3997.0,4001.699951171875,53467
2025-11-13 09:25:00+00:00,3999.699951171875,4003.5,3999.0,4001.39990234375,32725
2025-11-13 09:30:00+00:00,4002.10009765625,4003.0,3998.10009765625,3999.0,52947
2025-11-13 09:35:00+00:00,4000.699951171875,4003.0,3997.300048828125,4002.10009765625,67718
2025-11-13 09:40:00+00:00,4003.89990234375,4003.89990234375,3997.0,4000.10009765625,83711
2025-11-13 09:45:00+00:00,4002.89990234375,4010.800048828125,4001.89990234375,4003.800048828125,74956
2025-11-13 09:50:00+00:00,4005.300048828125,4006.0,4001.199951171875,4003.0,43264
2025-11-13 09:55:00+00:00,4002.5,4006.89990234375,4001.0,4005.300048828125,34587
2025-11-14 03:45:00+00:00,3985.199951171875,4002.0,3976.0,4002.0,0
2025-11-14 03:50:00+00:00,3984.60009765625,3988.800048828125,3978.0,3984.0,19966
2025-11-14 03:55:00+00:00,3984.699951171875,3991.5,3982.199951171875,3984.5,15759
2025-11-14 04:00:00+00:00,3995.199951171875,3995.800048828125,3983.10009765625,3984.800048828125,49955
2025-11-14 04:05:00+00:00,3989.89990234375,3995.300048828125,3989.60009765625,3995.300048828125,9575
2025-11-14 04:10:00+00:00,3992.89990234375,3994.199951171875,3988.699951171875,3989.800048828125,7767
2025-11-14 04:15:00+00:00,3993.800048828125,3995.60009765625,3991.199951171875,3994.89990234375,8476
2025-11-14 04:20:00+00:00,3982.199951171875,3993.800048828125,3982.199951171875,3993.800048828125,12084
2025-11-14 04:25:00+00:00,3987.60009765625,3990.300048828125,3982.0,3984.0,13437
2025-11-14 04:30:00+00:00,3983.300048828125,3991.699951171875,3980.10009765625,3987.60009765625,15025
2025-11-14 04:35:00+00:00,3989.800048828125,3991.699951171875,3982.199951171875,3983.800048828125,7764
2025-11-14 04:40:00+00:00,3987.0,3991.89990234375,3983.39990234375,3989.800048828125,9196
2025-11-14 04:45:00+00:00,3994.10009765625,3994.89990234375,3986.5,3987.699951171875,9621
2025-11-14 04:50:00+00:00,3987.0,3992.89990234375,3984.39990234375,3992.89990234375,8766
2025-11-14 04:55:00+00:00,3986.0,3991.300048828125,3985.5,3987.0,8346
2025-11-14 05:00:00+00:00,3981.699951171875,3986.199951171875,3981.0,3985.300048828125,7230
2025-11-14 05:05:00+00:00,3982.39990234375,3984.5,3981.300048828125,3982.5,6810
2025-11-14 05:10:00+00:00,3983.800048828125,3984.39990234375,3975.800048828125,3982.39990234375,28302
2025-11-14 05:15:00+00:00,3983.39990234375,3984.699951171875,3978.39990234375,3983.800048828125,14870
2025-11-14 05:20:00+00:00,3990.39990234375,3990.39990234375,3980.60009765625,3983.39990234375,8960
2025-11-14 05:25:00+00:00,3991.0,3993.10009765625,3986.10009765625,3990.5,12127
2025-11-14 05:30:00+00:00,3992.39990234375,3994.0,3990.0,3991.0,18670
2025-11-14 05:35:00+00:00,3997.10009765625,3998.89990234375,3992.0,3992.39990234375,16804
2025-11-14 05:40:00+00:00,4000.10009765625,4003.89990234375,3995.199951171875,3997.10009765625,17155
2025-11-14 05:45:00+00:00,3983.800048828125,4001.60009765625,3983.0,3999.699951171875,69266
2025-11-14 05:50:00+00:00,3985.5,3988.5,3984.199951171875,3985.10009765625,17035
2025-11-14 05:55:00+00:00,3986.0,3986.0,3982.699951171875,3985.0,6305
2025-11-14 06:00:00+00:00,3983.89990234375,3986.0,3981.0,3985.800048828125,8076
2025-11-14 06:05:00+00:00,3984.10009765625,3986.0,3982.10009765625,3983.89990234375,5025
2025-11-14 06:10:00+00:00,3981.0,3985.39990234375,3980.0,3983.0,9040
2025-11-14 06:15:00+00:00,3984.199951171875,3986.5,3980.0,3980.60009765625,15671
2025-11-14 06:20:00+00:00,3982.300048828125,3984.5,3981.5,3984.199951171875,6425
2025-11-14 06:25:00+00:00,3984.10009765625,3985.89990234375,3980.0,3982.300048828125,19236
2025-11-14 06:30:00+00:00,3981.0,3984.0,3980.0,3984.0,8931
2025-11-14 06:35:00+00:00,3980.39990234375,3985.39990234375,3978.0,3980.89990234375,16374
2025-11-14 06:40:00+00:00,3988.39990234375,3990.0,3979.60009765625,3980.39990234375,14453
2025-11-14 06:45:00+00:00,3988.0,3988.10009765625,3985.0,3987.800048828125,5873
2025-11-14 06:50:00+00:00,3992.0,3992.89990234375,3987.39990234375,3987.699951171875,7818
2025-11-14 06:55:00+00:00,3986.0,3992.89990234375,3980.0,3991.699951171875,47029
2025-11-14 07:00:00+00:00,3980.39990234375,3987.800048828125,3979.0,3986.0,8223
2025-11-14 07:05:00+00:00,3980.199951171875,3982.300048828125,3977.0,3980.5,10822
2025-11-14 07:10:00+00:00,3981.89990234375,3984.0,3979.5,3980.800048828125,6672
2025-11-14 07:15:00+00:00,3982.89990234375,3984.0,3979.5,3981.5,7852
2025-11-14 07:20:00+00:00,3982.0,3983.89990234375,3980.10009765625,3982.89990234375,6834
2025-11-14 07:25:00+00:00,3982.0,3985.0,3980.10009765625,3982.60009765625,11870
2025-11-14 07:30:00+00:00,3979.199951171875,3982.199951171875,3975.10009765625,3982.0,8746
2025-11-14 07:35:00+00:00,3983.699951171875,3984.199951171875,3978.0,3979.10009765625,38962
2025-11-14 07:40:00+00:00,3985.0,3987.0,3980.800048828125,3983.10009765625,9919
2025-11-14 07:45:00+00:00,3985.10009765625,3991.10009765625,3983.199951171875,3984.10009765625,13455
2025-11-14 07:50:00+00:00,3985.5,3988.0,3983.39990234375,3985.10009765625,7772
2025-11-14 07:55:00+00:00,3990.89990234375,3991.0,3985.10009765625,3987.199951171875,6054
2025-11-14 08:00:00+00:00,3987.300048828125,3991.0,3985.5,3990.89990234375,6696
2025-11-14 08:05:00+00:00,3981.300048828125,3987.60009765625,3980.0,3986.60009765625,9287
2025-11-14 08:10:00+00:00,3979.199951171875,3982.39990234375,3979.199951171875,3981.300048828125,10052
2025-11-14 08:15:00+00:00,3979.0,3981.800048828125,3975.10009765625,3978.800048828125,11647
2025-11-14 08:20:00+00:00,3973.60009765625,3979.0,3972.0,3979.0,16382
2025-11-14 08:25:00+00:00,3979.800048828125,3979.800048828125,3972.800048828125,3973.60009765625,12320
2025-11-14 08:30:00+00:00,3978.0,3981.699951171875,3976.300048828125,3979.89990234375,11549
2025-11-14 08:35:00+00:00,3981.60009765625,3982.39990234375,3976.5,3977.5,8863
2025-11-14 08:40:00+00:00,3980.39990234375,3981.800048828125,3976.39990234375,3981.800048828125,7217
2025-11-14 08:45:00+00:00,3981.0,3983.699951171875,3977.0,3980.10009765625,12045
2025-11-14 08:50:00+00:00,3982.60009765625,3983.60009765625,3977.800048828125,3981.199951171875,12508
2025-11-14 08:55:00+00:00,3987.0,3987.89990234375,3979.0,3982.89990234375,13726
2025-11-14 09:00:00+00:00,3983.5,3988.5,3982.10009765625,3987.300048828125,10248
2025-11-14 09:05:00+00:00,3984.89990234375,3986.60009765625,3981.89990234375,3983.699951171875,10049
2025-11-14 09:10:00+00:00,3981.5,3986.0,3980.199951171875,3984.699951171875,6517
2025-11-14 09:15:00+00:00,3981.60009765625,3984.199951171875,3981.0,3982.5,12277
2025-11-14 09:20:00+00:00,3976.60009765625,3982.0,3974.10009765625,3981.199951171875,39921
2025-11-14 09:25:00+00:00,3975.39990234375,3978.300048828125,3973.39990234375,3975.89990234375,9322
2025-11-14 09:30:00+00:00,4005.0,4006.60009765625,3977.5,3977.5,254405
2025-11-14 09:35:00+00:00,4009.800048828125,4011.300048828125,4005.10009765625,4005.10009765625,136471
2025-11-14 09:40:00+00:00,4009.39990234375,4010.60009765625,4003.300048828125,4010.39990234375,136809
2025-11-14 09:45:00+00:00,4006.39990234375,4009.60009765625,4003.699951171875,4009.39990234375,138958
2025-11-14 09:50:00+00:00,4007.60009765625,4010.0,4005.0,4006.39990234375,138905
2025-11-14 09:55:00+00:00,4004.39990234375,4009.300048828125,3999.89990234375,4009.199951171875,121425
