Price,Close,High,Low,Open,Volume
Ticker,LT.NS,LT.NS,LT.NS,LT.NS,LT.NS
Datetime,,,,,
2025-08-20 03:45:00+00:00,3586.5,3618.0,3586.0,3618.0,45778
2025-08-20 04:00:00+00:00,3583.89990234375,3592.0,3580.199951171875,3585.800048828125,87950
2025-08-20 04:15:00+00:00,3588.0,3590.10009765625,3583.10009765625,3583.89990234375,53655
2025-08-20 04:30:00+00:00,3589.0,3589.0,3583.199951171875,3588.0,25447
2025-08-20 04:45:00+00:00,3584.800048828125,3593.39990234375,3584.5,3590.0,31228
2025-08-20 05:00:00+00:00,3592.60009765625,3596.10009765625,3584.10009765625,3584.800048828125,76007
2025-08-20 05:15:00+00:00,3585.39990234375,3592.89990234375,3585.39990234375,3592.699951171875,47536
2025-08-20 05:30:00+00:00,3603.5,3603.800048828125,3585.0,3585.199951171875,111696
2025-08-20 05:45:00+00:00,3594.699951171875,3603.800048828125,3588.300048828125,3603.39990234375,158578
2025-08-20 06:00:00+00:00,3591.300048828125,3594.60009765625,3587.800048828125,3594.60009765625,47287
2025-08-20 06:15:00+00:00,3599.0,3599.0,3589.300048828125,3591.199951171875,32473
2025-08-20 06:30:00+00:00,3604.5,3606.0,3597.0,3598.89990234375,30136
2025-08-20 06:45:00+00:00,3608.199951171875,3609.0,3603.699951171875,3604.5,34140
2025-08-20 07:00:00+00:00,3603.10009765625,3609.300048828125,3600.10009765625,3608.5,20271
2025-08-20 07:15:00+00:00,3603.10009765625,3605.0,3600.699951171875,3602.199951171875,26484
2025-08-20 07:30:00+00:00,3597.10009765625,3604.89990234375,3595.300048828125,3603.10009765625,36398
2025-08-20 07:45:00+00:00,3595.0,3598.0,3595.0,3597.10009765625,21743
2025-08-20 08:00:00+00:00,3595.89990234375,3599.0,3594.39990234375,3595.699951171875,28705
2025-08-20 08:15:00+00:00,3601.5,3601.5,3595.10009765625,3595.89990234375,20613
2025-08-20 08:30:00+00:00,3604.699951171875,3606.89990234375,3601.39990234375,3601.5,48623
2025-08-20 08:45:00+00:00,3606.10009765625,3606.5,3604.0,3604.699951171875,13730
2025-08-20 09:00:00+00:00,3605.10009765625,3605.60009765625,3601.0,3605.60009765625,50483
2025-08-20 09:15:00+00:00,3597.800048828125,3605.39990234375,3596.10009765625,3605.10009765625,63240
2025-08-20 09:30:00+00:00,3593.800048828125,3597.800048828125,3592.0,3597.60009765625,71646
2025-08-20 09:45:00+00:00,3593.0,3594.39990234375,3587.0,3593.800048828125,95575
2025-08-21 03:45:00+00:00,3599.199951171875,3608.0,3588.10009765625,3597.89990234375,75391
2025-08-21 04:00:00+00:00,3611.39990234375,3613.0,3600.10009765625,3601.800048828125,70117
2025-08-21 04:15:00+00:00,3633.60009765625,3634.0,3609.89990234375,3611.39990234375,302646
2025-08-21 04:30:00+00:00,3633.5,3639.199951171875,3629.199951171875,3632.89990234375,79366
2025-08-21 04:45:00+00:00,3634.89990234375,3648.0,3632.5,3633.699951171875,75917
2025-08-21 05:00:00+00:00,3639.300048828125,3640.0,3634.10009765625,3634.89990234375,21230
2025-08-21 05:15:00+00:00,3633.89990234375,3639.300048828125,3632.800048828125,3639.300048828125,24170
2025-08-21 05:30:00+00:00,3634.5,3637.0,3629.5,3633.89990234375,24185
2025-08-21 05:45:00+00:00,3630.89990234375,3635.0,3630.89990234375,3634.39990234375,14064
2025-08-21 06:00:00+00:00,3631.89990234375,3632.800048828125,3626.0,3630.89990234375,16333
2025-08-21 06:15:00+00:00,3627.800048828125,3632.0,3626.60009765625,3631.800048828125,21180
2025-08-21 06:30:00+00:00,3625.0,3630.0,3623.89990234375,3627.699951171875,28743
2025-08-21 06:45:00+00:00,3621.300048828125,3625.0,3621.0,3624.800048828125,13128
2025-08-21 07:00:00+00:00,3621.89990234375,3625.60009765625,3620.60009765625,3621.89990234375,47815
2025-08-21 07:15:00+00:00,3620.0,3622.0,3618.89990234375,3621.89990234375,38516
2025-08-21 07:30:00+00:00,3619.89990234375,3620.800048828125,3618.89990234375,3620.0,16848
2025-08-21 07:45:00+00:00,3618.800048828125,3620.10009765625,3618.10009765625,3619.89990234375,28516
2025-08-21 08:00:00+00:00,3615.5,3620.0,3612.199951171875,3618.89990234375,52474
2025-08-21 08:15:00+00:00,3619.699951171875,3620.0,3612.300048828125,3615.300048828125,39392
2025-08-21 08:30:00+00:00,3623.60009765625,3624.0,3618.10009765625,3619.800048828125,26626
2025-08-21 08:45:00+00:00,3625.699951171875,3631.199951171875,3623.60009765625,3624.0,70876
2025-08-21 09:00:00+00:00,3618.800048828125,3625.699951171875,3617.39990234375,3625.699951171875,98371
2025-08-21 09:15:00+00:00,3619.39990234375,3622.60009765625,3616.0,3618.0,41057
2025-08-21 09:30:00+00:00,3611.0,3622.300048828125,3602.89990234375,3620.699951171875,284194
2025-08-21 09:45:00+00:00,3619.0,3621.800048828125,3608.39990234375,3611.0,112720
2025-08-22 03:45:00+00:00,3627.199951171875,3634.5,3608.699951171875,3612.10009765625,69797
2025-08-22 04:00:00+00:00,3621.699951171875,3628.5,3618.10009765625,3628.0,36647
2025-08-22 04:15:00+00:00,3623.10009765625,3626.300048828125,3619.199951171875,3622.0,21777
2025-08-22 04:30:00+00:00,3629.10009765625,3630.699951171875,3623.0,3623.800048828125,18569
2025-08-22 04:45:00+00:00,3621.0,3630.699951171875,3616.39990234375,3627.0,36576
2025-08-22 05:00:00+00:00,3614.5,3622.0,3610.0,3622.0,23963
2025-08-22 05:15:00+00:00,3610.0,3614.5,3606.5,3614.39990234375,42849
2025-08-22 05:30:00+00:00,3609.0,3613.10009765625,3608.300048828125,3610.0,61221
2025-08-22 05:45:00+00:00,3610.89990234375,3612.800048828125,3608.10009765625,3609.39990234375,18657
2025-08-22 06:00:00+00:00,3607.0,3614.0,3606.5,3611.0,67028
2025-08-22 06:15:00+00:00,3607.5,3610.0,3605.10009765625,3605.10009765625,24872
2025-08-22 06:30:00+00:00,3601.199951171875,3608.0,3599.10009765625,3608.0,65104
2025-08-22 06:45:00+00:00,3591.89990234375,3601.800048828125,3591.89990234375,3600.10009765625,39785
2025-08-22 07:00:00+00:00,3584.39990234375,3593.39990234375,3582.699951171875,3591.699951171875,29972
2025-08-22 07:15:00+00:00,3587.699951171875,3588.0,3582.10009765625,3584.39990234375,31569
2025-08-22 07:30:00+00:00,3589.89990234375,3596.10009765625,3586.60009765625,3587.39990234375,90430
2025-08-22 07:45:00+00:00,3595.89990234375,3598.300048828125,3588.199951171875,3589.89990234375,57353
2025-08-22 08:00:00+00:00,3591.10009765625,3596.300048828125,3588.199951171875,3596.300048828125,47046
2025-08-22 08:15:00+00:00,3593.60009765625,3594.199951171875,3589.800048828125,3591.300048828125,18186
2025-08-22 08:30:00+00:00,3591.300048828125,3595.5,3590.5,3593.39990234375,22687
2025-08-22 08:45:00+00:00,3591.39990234375,3592.0,3587.5,3591.300048828125,27947
2025-08-22 09:00:00+00:00,3590.0,3592.800048828125,3587.39990234375,3591.0,31786
2025-08-22 09:15:00+00:00,3591.89990234375,3592.10009765625,3588.0,3590.0,36834
2025-08-22 09:30:00+00:00,3595.0,3597.10009765625,3590.60009765625,3592.0,58152
2025-08-22 09:45:00+00:00,3595.800048828125,3600.0,3591.0,3595.10009765625,81497
2025-08-25 03:45:00+00:00,3599.199951171875,3608.10009765625,3588.5,3607.300048828125,23179
2025-08-25 04:00:00+00:00,3603.39990234375,3605.199951171875,3598.800048828125,3598.89990234375,17089
2025-08-25 04:15:00+00:00,3599.89990234375,3603.39990234375,3598.5,3603.300048828125,12332
2025-08-25 04:30:00+00:00,3592.199951171875,3601.39990234375,3591.39990234375,3599.89990234375,22693
2025-08-25 04:45:00+00:00,3593.800048828125,3600.300048828125,3590.300048828125,3592.0,30342
2025-08-25 05:00:00+00:00,3587.0,3599.89990234375,3587.0,3593.60009765625,13548
2025-08-25 05:15:00+00:00,3589.10009765625,3591.699951171875,3584.5,3587.89990234375,21189
2025-08-25 05:30:00+00:00,3593.60009765625,3596.300048828125,3587.800048828125,3589.60009765625,16100
2025-08-25 05:45:00+00:00,3587.699951171875,3598.5,3586.300048828125,3593.60009765625,180976
2025-08-25 06:00:00+00:00,3595.0,3595.0,3587.10009765625,3587.300048828125,13837
2025-08-25 06:15:00+00:00,3596.39990234375,3600.0,3592.300048828125,3595.0,153354
2025-08-25 06:30:00+00:00,3597.60009765625,3601.60009765625,3596.199951171875,3596.800048828125,27152
2025-08-25 06:45:00+00:00,3595.39990234375,3600.0,3595.199951171875,3597.60009765625,32700
2025-08-25 07:00:00+00:00,3596.89990234375,3597.10009765625,3595.60009765625,3595.800048828125,16078
2025-08-25 07:15:00+00:00,3598.699951171875,3601.199951171875,3595.800048828125,3597.0,31755
2025-08-25 07:30:00+00:00,3599.10009765625,3600.0,3597.60009765625,3598.60009765625,12865
2025-08-25 07:45:00+00:00,3599.39990234375,3600.0,3597.39990234375,3599.10009765625,12747
2025-08-25 08:00:00+00:00,3599.39990234375,3600.0,3598.0,3599.39990234375,17799
2025-08-25 08:15:00+00:00,3600.199951171875,3602.5,3598.699951171875,3599.699951171875,45529
2025-08-25 08:30:00+00:00,3601.0,3603.0,3599.10009765625,3600.10009765625,18864
2025-08-25 08:45:00+00:00,3602.300048828125,3605.0,3600.5,3600.89990234375,44404
2025-08-25 09:00:00+00:00,3600.300048828125,3604.0,3594.10009765625,3602.800048828125,43937
2025-08-25 09:15:00+00:00,3601.800048828125,3603.60009765625,3597.699951171875,3600.39990234375,34884
2025-08-25 09:30:00+00:00,3602.800048828125,3603.5,3598.89990234375,3601.800048828125,49950
2025-08-25 09:45:00+00:00,3603.10009765625,3606.699951171875,3600.10009765625,3602.89990234375,56058
2025-08-26 03:45:00+00:00,3577.300048828125,3597.800048828125,3574.0,3590.0,46654
2025-08-26 04:00:00+00:00,3572.60009765625,3579.10009765625,3568.60009765625,3577.60009765625,71302
2025-08-26 04:15:00+00:00,3571.800048828125,3574.699951171875,3569.300048828125,3572.800048828125,30635
2025-08-26 04:30:00+00:00,3573.60009765625,3577.0,3569.60009765625,3571.699951171875,25648
2025-08-26 04:45:00+00:00,3576.5,3576.5,3570.699951171875,3573.199951171875,28883
2025-08-26 05:00:00+00:00,3576.199951171875,3578.89990234375,3574.39990234375,3575.699951171875,22339
2025-08-26 05:15:00+00:00,3576.89990234375,3577.199951171875,3570.10009765625,3576.39990234375,54802
2025-08-26 05:30:00+00:00,3575.39990234375,3578.199951171875,3574.89990234375,3577.0,16830
2025-08-26 05:45:00+00:00,3576.0,3577.5,3574.800048828125,3575.39990234375,15256
2025-08-26 06:00:00+00:00,3577.699951171875,3579.39990234375,3575.199951171875,3575.5,25393
2025-08-26 06:15:00+00:00,3577.0,3579.60009765625,3577.0,3577.60009765625,24708
2025-08-26 06:30:00+00:00,3575.0,3578.10009765625,3573.0,3577.10009765625,22795
2025-08-26 06:45:00+00:00,3575.0,3578.0,3574.199951171875,3575.0,19678
2025-08-26 07:00:00+00:00,3573.60009765625,3575.60009765625,3570.699951171875,3575.10009765625,40615
2025-08-26 07:15:00+00:00,3575.0,3575.89990234375,3571.10009765625,3573.699951171875,23302
2025-08-26 07:30:00+00:00,3575.0,3577.199951171875,3571.89990234375,3575.0,49699
2025-08-26 07:45:00+00:00,3573.5,3576.699951171875,3571.699951171875,3575.0,40190
2025-08-26 08:00:00+00:00,3573.199951171875,3574.699951171875,3571.5,3573.0,41201
2025-08-26 08:15:00+00:00,3574.300048828125,3577.300048828125,3572.0,3573.199951171875,47559
2025-08-26 08:30:00+00:00,3568.10009765625,3574.199951171875,3567.89990234375,3573.5,43515
2025-08-26 08:45:00+00:00,3567.60009765625,3568.300048828125,3557.699951171875,3567.89990234375,93692
2025-08-26 09:00:00+00:00,3562.800048828125,3569.199951171875,3562.5,3566.800048828125,72402
2025-08-26 09:15:00+00:00,3557.699951171875,3565.60009765625,3555.89990234375,3562.800048828125,88533
2025-08-26 09:30:00+00:00,3533.699951171875,3557.699951171875,3531.199951171875,3557.699951171875,441153
2025-08-26 09:45:00+00:00,3550.0,3551.0,3533.699951171875,3533.699951171875,372025
2025-08-28 03:45:00+00:00,3542.300048828125,3552.60009765625,3538.5,3540.89990234375,25820
2025-08-28 04:00:00+00:00,3558.89990234375,3562.5,3540.800048828125,3541.800048828125,46712
2025-08-28 04:15:00+00:00,3564.89990234375,3564.89990234375,3555.10009765625,3559.39990234375,37180
2025-08-28 04:30:00+00:00,3565.300048828125,3568.0,3561.699951171875,3564.800048828125,29556
2025-08-28 04:45:00+00:00,3566.0,3566.5,3559.89990234375,3566.300048828125,33146
2025-08-28 05:00:00+00:00,3567.39990234375,3574.800048828125,3565.300048828125,3565.89990234375,39719
2025-08-28 05:15:00+00:00,3573.699951171875,3574.199951171875,3566.0,3567.39990234375,24238
2025-08-28 05:30:00+00:00,3570.0,3576.89990234375,3568.699951171875,3574.0,23309
2025-08-28 05:45:00+00:00,3571.5,3576.699951171875,3568.10009765625,3570.10009765625,19987
2025-08-28 06:00:00+00:00,3571.10009765625,3573.800048828125,3568.89990234375,3571.300048828125,21149
2025-08-28 06:15:00+00:00,3569.39990234375,3572.39990234375,3568.699951171875,3570.89990234375,22468
2025-08-28 06:30:00+00:00,3571.10009765625,3571.699951171875,3568.300048828125,3568.300048828125,27764
2025-08-28 06:45:00+00:00,3557.800048828125,3571.5,3557.39990234375,3571.10009765625,32622
2025-08-28 07:00:00+00:00,3558.39990234375,3562.89990234375,3557.39990234375,3558.0,30717
2025-08-28 07:15:00+00:00,3552.800048828125,3559.5,3551.60009765625,3558.39990234375,30536
2025-08-28 07:30:00+00:00,3551.199951171875,3554.199951171875,3548.60009765625,3553.0,33467
2025-08-28 07:45:00+00:00,3548.89990234375,3552.0,3548.199951171875,3551.199951171875,25680
2025-08-28 08:00:00+00:00,3552.199951171875,3552.199951171875,3546.10009765625,3548.89990234375,29798
2025-08-28 08:15:00+00:00,3552.0,3554.199951171875,3550.5,3552.300048828125,27781
2025-08-28 08:30:00+00:00,3564.39990234375,3564.89990234375,3551.60009765625,3551.60009765625,49426
2025-08-28 08:45:00+00:00,3563.39990234375,3569.60009765625,3556.10009765625,3562.89990234375,98803
2025-08-28 09:00:00+00:00,3562.300048828125,3565.800048828125,3556.199951171875,3563.5,100929
2025-08-28 09:15:00+00:00,3563.89990234375,3567.39990234375,3552.199951171875,3563.5,250341
2025-08-28 09:30:00+00:00,3556.89990234375,3568.10009765625,3552.300048828125,3563.89990234375,419228
2025-08-28 09:45:00+00:00,3565.0,3565.89990234375,3548.800048828125,3557.300048828125,164050
2025-08-29 03:45:00+00:00,3555.699951171875,3567.89990234375,3540.199951171875,3562.0,81572
2025-08-29 04:00:00+00:00,3570.10009765625,3570.39990234375,3553.39990234375,3555.5,104808
2025-08-29 04:15:00+00:00,3578.60009765625,3579.5,3569.0,3570.300048828125,59015
2025-08-29 04:30:00+00:00,3572.10009765625,3578.800048828125,3570.0,3577.0,73357
2025-08-29 04:45:00+00:00,3581.199951171875,3582.89990234375,3570.199951171875,3572.10009765625,62651
2025-08-29 05:00:00+00:00,3600.0,3600.39990234375,3578.60009765625,3581.199951171875,89520
2025-08-29 05:15:00+00:00,3597.10009765625,3601.89990234375,3595.0,3600.0,99072
2025-08-29 05:30:00+00:00,3607.60009765625,3609.39990234375,3596.699951171875,3597.39990234375,62088
2025-08-29 05:45:00+00:00,3603.10009765625,3607.60009765625,3601.5,3607.60009765625,52753
2025-08-29 06:00:00+00:00,3608.0,3608.300048828125,3601.89990234375,3602.5,46720
2025-08-29 06:15:00+00:00,3602.5,3610.0,3601.5,3607.89990234375,83868
2025-08-29 06:30:00+00:00,3613.0,3613.39990234375,3601.10009765625,3603.10009765625,49078
2025-08-29 06:45:00+00:00,3604.800048828125,3615.0,3603.39990234375,3613.0,56422
2025-08-29 07:00:00+00:00,3611.800048828125,3613.39990234375,3603.0,3606.300048828125,49930
2025-08-29 07:15:00+00:00,3606.0,3613.39990234375,3604.5,3611.699951171875,52634
2025-08-29 07:30:00+00:00,3600.60009765625,3606.800048828125,3600.10009765625,3605.699951171875,46319
2025-08-29 07:45:00+00:00,3607.0,3607.0,3598.0,3600.60009765625,32879
2025-08-29 08:00:00+00:00,3611.89990234375,3613.60009765625,3606.300048828125,3607.0,51872
2025-08-29 08:15:00+00:00,3604.5,3612.89990234375,3601.39990234375,3611.699951171875,43933
2025-08-29 08:30:00+00:00,3611.60009765625,3612.800048828125,3601.39990234375,3604.39990234375,46258
2025-08-29 08:45:00+00:00,3602.199951171875,3613.5,3601.39990234375,3611.39990234375,58732
2025-08-29 09:00:00+00:00,3608.699951171875,3612.800048828125,3599.39990234375,3601.89990234375,57201
2025-08-29 09:15:00+00:00,3605.800048828125,3610.0,3603.300048828125,3610.0,42090
2025-08-29 09:30:00+00:00,3600.10009765625,3605.5,3599.60009765625,3605.300048828125,114760
2025-08-29 09:45:00+00:00,3601.0,3607.0,3598.60009765625,3600.0,99557
2025-09-01 03:45:00+00:00,3615.60009765625,3628.0,3604.5,3607.10009765625,30432
2025-09-01 04:00:00+00:00,3603.10009765625,3619.800048828125,3602.300048828125,3616.39990234375,32342
2025-09-01 04:15:00+00:00,3599.39990234375,3605.10009765625,3597.10009765625,3604.0,19056
2025-09-01 04:30:00+00:00,3589.0,3599.39990234375,3588.0,3599.39990234375,21046
2025-09-01 04:45:00+00:00,3587.60009765625,3589.699951171875,3581.89990234375,3589.699951171875,25059
2025-09-01 05:00:00+00:00,3590.39990234375,3593.0,3585.0,3588.89990234375,22095
2025-09-01 05:15:00+00:00,3595.0,3596.39990234375,3589.300048828125,3590.60009765625,24383
2025-09-01 05:30:00+00:00,3592.39990234375,3596.0,3590.699951171875,3594.0,31143
2025-09-01 05:45:00+00:00,3591.199951171875,3593.300048828125,3591.0,3591.0,35483
2025-09-01 06:00:00+00:00,3599.10009765625,3600.199951171875,3590.0,3591.0,37832
2025-09-01 06:15:00+00:00,3593.60009765625,3602.0,3591.60009765625,3599.10009765625,40299
2025-09-01 06:30:00+00:00,3598.199951171875,3599.5,3592.5,3593.60009765625,31753
2025-09-01 06:45:00+00:00,3593.39990234375,3601.60009765625,3591.199951171875,3597.5,59436
2025-09-01 07:00:00+00:00,3588.0,3594.300048828125,3587.0,3593.89990234375,61075
2025-09-01 07:15:00+00:00,3589.800048828125,3593.39990234375,3584.0,3588.699951171875,70539
2025-09-01 07:30:00+00:00,3603.699951171875,3603.89990234375,3587.5,3590.10009765625,55205
2025-09-01 07:45:00+00:00,3603.0,3604.89990234375,3600.0,3603.699951171875,45904
2025-09-01 08:00:00+00:00,3603.5,3607.800048828125,3601.800048828125,3603.0,30025
2025-09-01 08:15:00+00:00,3605.39990234375,3605.5,3600.800048828125,3603.5,17325
2025-09-01 08:30:00+00:00,3607.10009765625,3608.39990234375,3603.199951171875,3605.39990234375,20364
2025-09-01 08:45:00+00:00,3603.5,3609.89990234375,3602.60009765625,3608.0,29465
2025-09-01 09:00:00+00:00,3607.699951171875,3609.0,3602.5,3603.5,32935
2025-09-01 09:15:00+00:00,3607.60009765625,3609.89990234375,3605.39990234375,3608.0,34585
2025-09-01 09:30:00+00:00,3600.10009765625,3607.60009765625,3598.5,3607.60009765625,107275
2025-09-01 09:45:00+00:00,3598.39990234375,3600.89990234375,3590.0,3600.699951171875,154335
2025-09-02 03:45:00+00:00,3592.0,3610.39990234375,3588.60009765625,3598.39990234375,38678
2025-09-02 04:00:00+00:00,3595.300048828125,3600.0,3592.0,3593.800048828125,17612
2025-09-02 04:15:00+00:00,3606.199951171875,3609.0,3594.89990234375,3595.10009765625,22004
2025-09-02 04:30:00+00:00,3608.89990234375,3610.89990234375,3602.800048828125,3606.39990234375,27641
2025-09-02 04:45:00+00:00,3613.0,3613.5,3607.0,3608.89990234375,21913
2025-09-02 05:00:00+00:00,3613.199951171875,3614.0,3606.199951171875,3613.5,19498
2025-09-02 05:15:00+00:00,3609.39990234375,3614.60009765625,3608.699951171875,3613.300048828125,17949
2025-09-02 05:30:00+00:00,3606.89990234375,3613.10009765625,3603.89990234375,3609.199951171875,61739
2025-09-02 05:45:00+00:00,3609.5,3611.39990234375,3603.5,3605.5,41084
2025-09-02 06:00:00+00:00,3615.5,3619.89990234375,3609.5,3609.5,35194
2025-09-02 06:15:00+00:00,3608.0,3615.800048828125,3605.60009765625,3615.10009765625,19025
2025-09-02 06:30:00+00:00,3607.39990234375,3610.0,3604.39990234375,3609.10009765625,24327
2025-09-02 06:45:00+00:00,3607.89990234375,3608.0,3602.39990234375,3607.300048828125,23446
2025-09-02 07:00:00+00:00,3607.10009765625,3615.39990234375,3606.5,3607.39990234375,47028
2025-09-02 07:15:00+00:00,3608.699951171875,3610.0,3604.89990234375,3607.300048828125,28973
2025-09-02 07:30:00+00:00,3604.800048828125,3610.300048828125,3603.800048828125,3607.60009765625,25733
2025-09-02 07:45:00+00:00,3598.0,3605.0,3596.0,3604.800048828125,40412
2025-09-02 08:00:00+00:00,3594.39990234375,3604.300048828125,3593.0,3598.10009765625,51638
2025-09-02 08:15:00+00:00,3576.10009765625,3594.60009765625,3575.10009765625,3594.39990234375,46267
2025-09-02 08:30:00+00:00,3566.0,3578.5,3564.5,3577.300048828125,108210
2025-09-02 08:45:00+00:00,3567.199951171875,3571.0,3560.199951171875,3566.0,107190
2025-09-02 09:00:00+00:00,3573.89990234375,3576.0,3563.10009765625,3566.5,106632
2025-09-02 09:15:00+00:00,3568.39990234375,3577.800048828125,3564.10009765625,3574.0,63096
2025-09-02 09:30:00+00:00,3577.10009765625,3581.300048828125,3567.60009765625,3568.60009765625,107506
2025-09-02 09:45:00+00:00,3572.800048828125,3581.89990234375,3569.89990234375,3577.10009765625,104138
2025-09-03 03:45:00+00:00,3568.89990234375,3587.699951171875,3560.89990234375,3581.39990234375,84424
2025-09-03 04:00:00+00:00,3574.199951171875,3580.60009765625,3565.0,3569.0,45975
2025-09-03 04:15:00+00:00,3584.10009765625,3585.0,3573.0,3574.199951171875,35259
2025-09-03 04:30:00+00:00,3583.5,3585.5,3578.60009765625,3584.10009765625,55538
2025-09-03 04:45:00+00:00,3582.0,3584.39990234375,3579.800048828125,3583.10009765625,28855
2025-09-03 05:00:00+00:00,3584.0,3584.89990234375,3580.89990234375,3582.0,21714
2025-09-03 05:15:00+00:00,3583.300048828125,3585.0,3579.699951171875,3583.0,29615
2025-09-03 05:30:00+00:00,3576.39990234375,3584.699951171875,3574.199951171875,3583.300048828125,107244
2025-09-03 05:45:00+00:00,3573.0,3584.199951171875,3570.300048828125,3575.10009765625,67384
2025-09-03 06:00:00+00:00,3574.89990234375,3576.89990234375,3570.10009765625,3573.10009765625,26908
2025-09-03 06:15:00+00:00,3574.0,3575.39990234375,3571.60009765625,3574.199951171875,11038
2025-09-03 06:30:00+00:00,3577.39990234375,3578.60009765625,3570.60009765625,3574.0,31975
2025-09-03 06:45:00+00:00,3574.0,3577.800048828125,3571.199951171875,3577.300048828125,25670
2025-09-03 07:00:00+00:00,3572.5,3577.699951171875,3572.5,3573.800048828125,17827
2025-09-03 07:15:00+00:00,3570.199951171875,3575.39990234375,3568.199951171875,3572.39990234375,40856
2025-09-03 07:30:00+00:00,3571.5,3575.800048828125,3568.199951171875,3568.39990234375,35542
2025-09-03 07:45:00+00:00,3574.0,3574.0,3570.10009765625,3571.0,16619
2025-09-03 08:00:00+00:00,3573.800048828125,3578.0,3571.10009765625,3574.0,37608
2025-09-03 08:15:00+00:00,3582.0,3583.0,3572.60009765625,3574.10009765625,47347
2025-09-03 08:30:00+00:00,3589.699951171875,3593.800048828125,3578.300048828125,3582.39990234375,94867
2025-09-03 08:45:00+00:00,3589.89990234375,3592.89990234375,3588.0,3589.699951171875,71361
2025-09-03 09:00:00+00:00,3586.5,3592.89990234375,3584.60009765625,3588.89990234375,47237
2025-09-03 09:15:00+00:00,3590.300048828125,3593.199951171875,3584.5,3586.5,50778
2025-09-03 09:30:00+00:00,3603.800048828125,3604.39990234375,3591.10009765625,3591.5,132358
2025-09-03 09:45:00+00:00,3601.699951171875,3606.199951171875,3598.800048828125,3601.89990234375,150715
2025-09-04 03:45:00+00:00,3611.0,3614.300048828125,3591.60009765625,3611.300048828125,36014
2025-09-04 04:00:00+00:00,3611.199951171875,3624.89990234375,3610.0,3610.5,57429
2025-09-04 04:15:00+00:00,3607.89990234375,3614.699951171875,3604.800048828125,3610.300048828125,24409
2025-09-04 04:30:00+00:00,3597.0,3608.300048828125,3597.0,3608.0,23000
2025-09-04 04:45:00+00:00,3604.39990234375,3605.800048828125,3595.699951171875,3597.0,12610
2025-09-04 05:00:00+00:00,3599.199951171875,3609.10009765625,3597.89990234375,3604.39990234375,27773
2025-09-04 05:15:00+00:00,3602.699951171875,3605.300048828125,3597.199951171875,3598.699951171875,41485
2025-09-04 05:30:00+00:00,3603.0,3605.0,3599.0,3603.60009765625,18548
2025-09-04 05:45:00+00:00,3607.5,3608.39990234375,3600.60009765625,3603.60009765625,15810
2025-09-04 06:00:00+00:00,3600.5,3610.0,3596.60009765625,3607.800048828125,49179
2025-09-04 06:15:00+00:00,3601.800048828125,3604.0,3596.0,3600.5,40094
2025-09-04 06:30:00+00:00,3589.699951171875,3605.39990234375,3587.5,3601.0,92872
2025-09-04 06:45:00+00:00,3577.39990234375,3589.800048828125,3577.39990234375,3589.699951171875,36472
2025-09-04 07:00:00+00:00,3588.0,3592.0,3577.39990234375,3577.39990234375,40695
2025-09-04 07:15:00+00:00,3593.39990234375,3594.60009765625,3587.199951171875,3588.199951171875,53094
2025-09-04 07:30:00+00:00,3589.10009765625,3593.89990234375,3585.10009765625,3593.60009765625,20167
2025-09-04 07:45:00+00:00,3590.199951171875,3591.0,3584.5,3589.300048828125,40083
2025-09-04 08:00:00+00:00,3587.10009765625,3591.60009765625,3585.0,3590.699951171875,16309
2025-09-04 08:15:00+00:00,3581.699951171875,3588.5,3578.39990234375,3587.60009765625,133096
2025-09-04 08:30:00+00:00,3577.60009765625,3582.5,3572.5,3581.699951171875,24958
2025-09-04 08:45:00+00:00,3576.89990234375,3579.10009765625,3573.199951171875,3577.60009765625,47414
2025-09-04 09:00:00+00:00,3589.199951171875,3590.0,3576.800048828125,3576.800048828125,58296
2025-09-04 09:15:00+00:00,3589.0,3591.39990234375,3580.699951171875,3588.199951171875,47315
2025-09-04 09:30:00+00:00,3593.699951171875,3595.800048828125,3584.60009765625,3589.39990234375,235686
2025-09-04 09:45:00+00:00,3592.60009765625,3599.89990234375,3585.89990234375,3594.300048828125,162343
2025-09-05 03:45:00+00:00,3600.5,3608.60009765625,3595.699951171875,3602.300048828125,34294
2025-09-05 04:00:00+00:00,3590.39990234375,3602.0,3587.10009765625,3600.0,45063
2025-09-05 04:15:00+00:00,3593.5,3598.5,3590.300048828125,3591.5,10022
2025-09-05 04:30:00+00:00,3579.199951171875,3594.39990234375,3576.39990234375,3593.0,18317
2025-09-05 04:45:00+00:00,3581.60009765625,3585.300048828125,3568.0,3574.800048828125,29456
2025-09-05 05:00:00+00:00,3575.0,3583.0,3573.0,3581.60009765625,29455
2025-09-05 05:15:00+00:00,3571.800048828125,3575.0,3570.10009765625,3574.60009765625,14148
2025-09-05 05:30:00+00:00,3575.0,3576.699951171875,3571.89990234375,3571.89990234375,19982
2025-09-05 05:45:00+00:00,3574.89990234375,3575.300048828125,3571.39990234375,3574.699951171875,17060
2025-09-05 06:00:00+00:00,3572.10009765625,3575.10009765625,3571.199951171875,3574.89990234375,11158
2025-09-05 06:15:00+00:00,3565.699951171875,3573.39990234375,3564.300048828125,3571.300048828125,31708
2025-09-05 06:30:00+00:00,3565.0,3567.5,3563.5,3565.699951171875,15543
2025-09-05 06:45:00+00:00,3565.0,3567.60009765625,3563.10009765625,3564.0,12719
2025-09-05 07:00:00+00:00,3556.300048828125,3565.10009765625,3555.10009765625,3565.0,23698
2025-09-05 07:15:00+00:00,3555.0,3557.800048828125,3551.5,3555.300048828125,35893
2025-09-05 07:30:00+00:00,3561.300048828125,3561.39990234375,3550.39990234375,3554.699951171875,20553
2025-09-05 07:45:00+00:00,3561.39990234375,3563.0,3558.39990234375,3560.199951171875,41287
2025-09-05 08:00:00+00:00,3560.10009765625,3564.0,3557.89990234375,3561.39990234375,20614
2025-09-05 08:15:00+00:00,3563.10009765625,3568.0,3558.300048828125,3561.699951171875,76835
2025-09-05 08:30:00+00:00,3562.0,3565.60009765625,3560.0,3563.0,60843
2025-09-05 08:45:00+00:00,3555.300048828125,3563.0,3555.300048828125,3563.0,44453
2025-09-05 09:00:00+00:00,3554.5,3558.0,3550.60009765625,3555.300048828125,52947
2025-09-05 09:15:00+00:00,3552.0,3556.89990234375,3550.5,3554.5,18641
2025-09-05 09:30:00+00:00,3551.5,3559.89990234375,3550.0,3552.89990234375,87233
2025-09-05 09:45:00+00:00,3554.0,3556.800048828125,3550.5,3552.10009765625,58000
2025-09-08 03:45:00+00:00,3552.60009765625,3579.89990234375,3548.0,3575.5,24588
2025-09-08 04:00:00+00:00,3558.0,3563.800048828125,3551.5,3551.5,23027
2025-09-08 04:15:00+00:00,3558.0,3559.60009765625,3551.0,3558.10009765625,17946
2025-09-08 04:30:00+00:00,3555.5,3563.89990234375,3555.0,3557.800048828125,21713
2025-09-08 04:45:00+00:00,3551.10009765625,3557.89990234375,3550.199951171875,3556.0,15675
2025-09-08 05:00:00+00:00,3556.800048828125,3559.89990234375,3546.60009765625,3551.60009765625,46111
2025-09-08 05:15:00+00:00,3547.10009765625,3558.800048828125,3547.0,3556.89990234375,18362
2025-09-08 05:30:00+00:00,3548.199951171875,3550.0,3545.0,3548.300048828125,15562
2025-09-08 05:45:00+00:00,3549.199951171875,3550.60009765625,3547.0,3548.199951171875,14007
2025-09-08 06:00:00+00:00,3547.0,3550.5,3546.199951171875,3549.89990234375,12636
2025-09-08 06:15:00+00:00,3552.0,3552.0,3544.60009765625,3547.0,28392
2025-09-08 06:30:00+00:00,3552.0,3554.89990234375,3550.0,3551.800048828125,32455
2025-09-08 06:45:00+00:00,3550.699951171875,3552.0,3548.5,3551.0,32790
2025-09-08 07:00:00+00:00,3552.0,3552.0,3548.39990234375,3550.699951171875,60707
2025-09-08 07:15:00+00:00,3548.39990234375,3552.0,3547.10009765625,3551.10009765625,58036
2025-09-08 07:30:00+00:00,3552.0,3552.0,3548.0,3548.699951171875,17510
2025-09-08 07:45:00+00:00,3551.0,3552.0,3550.0,3552.0,16296
2025-09-08 08:00:00+00:00,3546.89990234375,3551.0,3546.89990234375,3551.0,22895
2025-09-08 08:15:00+00:00,3546.0,3548.5,3546.0,3547.0,16631
2025-09-08 08:30:00+00:00,3543.10009765625,3547.800048828125,3541.60009765625,3546.199951171875,41656
2025-09-08 08:45:00+00:00,3546.5,3548.5,3542.199951171875,3543.0,39863
2025-09-08 09:00:00+00:00,3545.0,3548.89990234375,3543.39990234375,3545.699951171875,67131
2025-09-08 09:15:00+00:00,3529.199951171875,3546.0,3526.0,3545.5,133341
2025-09-08 09:30:00+00:00,3532.5,3532.5,3525.60009765625,3529.300048828125,96971
2025-09-08 09:45:00+00:00,3529.60009765625,3534.39990234375,3528.39990234375,3532.60009765625,87207
2025-09-09 03:45:00+00:00,3541.800048828125,3550.0,3538.699951171875,3548.39990234375,61655
2025-09-09 04:00:00+00:00,3543.5,3544.800048828125,3532.39990234375,3543.300048828125,48976
2025-09-09 04:15:00+00:00,3548.60009765625,3549.10009765625,3541.39990234375,3545.0,23198
2025-09-09 04:30:00+00:00,3537.699951171875,3548.300048828125,3536.199951171875,3547.89990234375,21602
2025-09-09 04:45:00+00:00,3532.0,3538.0,3531.0,3538.0,21325
2025-09-09 05:00:00+00:00,3532.0,3534.300048828125,3530.39990234375,3532.199951171875,10631
2025-09-09 05:15:00+00:00,3533.0,3538.10009765625,3530.10009765625,3531.800048828125,15360
2025-09-09 05:30:00+00:00,3530.0,3538.800048828125,3529.0,3533.0,62753
2025-09-09 05:45:00+00:00,3528.60009765625,3531.300048828125,3527.0,3530.0,35033
2025-09-09 06:00:00+00:00,3530.0,3530.0,3525.0,3527.89990234375,27079
2025-09-09 06:15:00+00:00,3536.0,3536.0,3529.199951171875,3529.199951171875,32969
2025-09-09 06:30:00+00:00,3535.0,3535.60009765625,3530.39990234375,3535.10009765625,8414
2025-09-09 06:45:00+00:00,3536.199951171875,3540.0,3533.39990234375,3534.89990234375,20576
2025-09-09 07:00:00+00:00,3533.39990234375,3539.0,3531.300048828125,3536.699951171875,59091
2025-09-09 07:15:00+00:00,3533.5,3537.699951171875,3528.5,3534.699951171875,38234
2025-09-09 07:30:00+00:00,3532.0,3535.89990234375,3529.300048828125,3532.0,26440
2025-09-09 07:45:00+00:00,3533.39990234375,3535.0,3530.0,3532.60009765625,30942
2025-09-09 08:00:00+00:00,3529.699951171875,3536.0,3528.10009765625,3533.39990234375,67943
2025-09-09 08:15:00+00:00,3530.39990234375,3534.300048828125,3529.39990234375,3530.0,16728
2025-09-09 08:30:00+00:00,3529.0,3532.89990234375,3525.39990234375,3530.0,108403
2025-09-09 08:45:00+00:00,3529.699951171875,3533.300048828125,3528.10009765625,3530.0,66455
2025-09-09 09:00:00+00:00,3518.0,3530.0,3518.0,3529.89990234375,100902
2025-09-09 09:15:00+00:00,3526.0,3529.10009765625,3516.60009765625,3517.800048828125,103716
2025-09-09 09:30:00+00:00,3523.5,3527.39990234375,3521.39990234375,3526.0,313025
2025-09-09 09:45:00+00:00,3525.0,3530.39990234375,3522.5,3523.89990234375,200565
2025-09-10 03:45:00+00:00,3571.39990234375,3577.300048828125,3550.10009765625,3558.39990234375,80558
2025-09-10 04:00:00+00:00,3570.60009765625,3572.300048828125,3565.5,3571.699951171875,31527
2025-09-10 04:15:00+00:00,3565.5,3571.0,3562.800048828125,3570.60009765625,34560
2025-09-10 04:30:00+00:00,3559.39990234375,3565.89990234375,3558.60009765625,3565.0,16884
2025-09-10 04:45:00+00:00,3557.60009765625,3561.0,3553.699951171875,3559.10009765625,23722
2025-09-10 05:00:00+00:00,3547.89990234375,3558.5,3545.0,3557.300048828125,41410
2025-09-10 05:15:00+00:00,3550.0,3552.0,3544.199951171875,3545.800048828125,28532
2025-09-10 05:30:00+00:00,3548.699951171875,3550.10009765625,3547.0,3550.0,21229
2025-09-10 05:45:00+00:00,3547.10009765625,3550.0,3541.5,3548.699951171875,23057
2025-09-10 06:00:00+00:00,3546.10009765625,3547.39990234375,3544.0,3547.10009765625,14287
2025-09-10 06:15:00+00:00,3552.39990234375,3552.39990234375,3545.300048828125,3546.10009765625,22433
2025-09-10 06:30:00+00:00,3555.0,3556.0,3551.199951171875,3552.39990234375,49551
2025-09-10 06:45:00+00:00,3555.0,3555.0,3553.0,3555.0,25153
2025-09-10 07:00:00+00:00,3551.0,3555.0,3550.5,3554.300048828125,51585
2025-09-10 07:15:00+00:00,3553.5,3555.0,3548.10009765625,3551.0,39061
2025-09-10 07:30:00+00:00,3553.89990234375,3554.89990234375,3553.300048828125,3553.39990234375,15261
2025-09-10 07:45:00+00:00,3552.0,3554.0,3550.199951171875,3553.89990234375,16155
2025-09-10 08:00:00+00:00,3551.0,3552.300048828125,3549.0,3552.0,21404
2025-09-10 08:15:00+00:00,3550.5,3551.800048828125,3548.89990234375,3551.0,22491
2025-09-10 08:30:00+00:00,3548.60009765625,3552.300048828125,3548.5,3551.0,28335
2025-09-10 08:45:00+00:00,3545.5,3551.39990234375,3545.5,3549.699951171875,66514
2025-09-10 09:00:00+00:00,3541.89990234375,3547.199951171875,3541.199951171875,3546.89990234375,94241
2025-09-10 09:15:00+00:00,3541.5,3546.10009765625,3541.5,3544.0,91066
2025-09-10 09:30:00+00:00,3551.0,3551.0,3542.39990234375,3542.89990234375,101593
2025-09-10 09:45:00+00:00,3556.0,3558.300048828125,3550.5,3551.0,75055
2025-09-11 03:45:00+00:00,3558.5,3563.800048828125,3547.199951171875,3563.60009765625,65201
2025-09-11 04:00:00+00:00,3553.0,3559.0,3550.5,3559.0,20841
2025-09-11 04:15:00+00:00,3550.199951171875,3554.60009765625,3549.0,3553.0,17735
2025-09-11 04:30:00+00:00,3548.0,3552.300048828125,3546.0,3551.800048828125,10800
2025-09-11 04:45:00+00:00,3548.10009765625,3550.39990234375,3545.0,3548.800048828125,29911
2025-09-11 05:00:00+00:00,3547.0,3548.5,3545.0,3548.0,14846
2025-09-11 05:15:00+00:00,3544.60009765625,3547.10009765625,3542.0,3546.699951171875,21481
2025-09-11 05:30:00+00:00,3546.0,3547.89990234375,3543.800048828125,3544.5,18679
2025-09-11 05:45:00+00:00,3541.300048828125,3546.199951171875,3538.5,3546.0,46522
2025-09-11 06:00:00+00:00,3540.0,3543.10009765625,3539.60009765625,3541.60009765625,27316
2025-09-11 06:15:00+00:00,3538.89990234375,3541.199951171875,3536.0,3540.0,36879
2025-09-11 06:30:00+00:00,3539.699951171875,3541.10009765625,3537.5,3538.0,17049
2025-09-11 06:45:00+00:00,3538.60009765625,3541.5,3537.300048828125,3538.60009765625,34068
2025-09-11 07:00:00+00:00,3535.60009765625,3540.60009765625,3535.0,3538.5,26402
2025-09-11 07:15:00+00:00,3535.89990234375,3538.199951171875,3533.199951171875,3535.39990234375,29609
2025-09-11 07:30:00+00:00,3536.5,3538.699951171875,3535.0,3537.199951171875,16850
2025-09-11 07:45:00+00:00,3539.39990234375,3540.0,3535.39990234375,3537.0,19382
2025-09-11 08:00:00+00:00,3538.0,3540.89990234375,3537.0,3539.89990234375,16213
2025-09-11 08:15:00+00:00,3539.60009765625,3542.300048828125,3535.300048828125,3538.0,40914
2025-09-11 08:30:00+00:00,3539.699951171875,3541.300048828125,3537.60009765625,3539.800048828125,38858
2025-09-11 08:45:00+00:00,3540.0,3541.300048828125,3537.199951171875,3539.699951171875,42142
2025-09-11 09:00:00+00:00,3539.89990234375,3541.10009765625,3535.699951171875,3539.89990234375,57779
2025-09-11 09:15:00+00:00,3540.0,3546.5,3537.5,3540.0,113536
2025-09-11 09:30:00+00:00,3538.10009765625,3544.0,3534.0,3539.699951171875,312999
2025-09-11 09:45:00+00:00,3539.699951171875,3544.39990234375,3536.0,3538.0,86479
2025-09-12 03:45:00+00:00,3567.699951171875,3567.699951171875,3551.89990234375,3556.39990234375,82604
2025-09-12 04:00:00+00:00,3573.0,3573.0,3561.39990234375,3567.699951171875,44419
2025-09-12 04:15:00+00:00,3580.0,3584.0,3571.0,3573.0,83892
2025-09-12 04:30:00+00:00,3583.199951171875,3586.300048828125,3579.300048828125,3579.300048828125,34634
2025-09-12 04:45:00+00:00,3579.300048828125,3584.39990234375,3577.89990234375,3582.800048828125,35339
2025-09-12 05:00:00+00:00,3580.89990234375,3581.89990234375,3574.0,3579.300048828125,21886
2025-09-12 05:15:00+00:00,3584.0,3585.89990234375,3576.89990234375,3580.199951171875,38028
2025-09-12 05:30:00+00:00,3588.5,3592.0,3581.0,3583.89990234375,73702
2025-09-12 05:45:00+00:00,3586.800048828125,3590.10009765625,3585.699951171875,3588.5,29624
2025-09-12 06:00:00+00:00,3585.300048828125,3588.0,3585.0,3586.699951171875,18973
2025-09-12 06:15:00+00:00,3592.699951171875,3593.5,3582.0,3585.300048828125,52688
2025-09-12 06:30:00+00:00,3590.800048828125,3595.0,3590.0,3593.0,32305
2025-09-12 06:45:00+00:00,3590.10009765625,3591.39990234375,3590.0,3591.0,46094
2025-09-12 07:00:00+00:00,3594.300048828125,3595.10009765625,3585.300048828125,3590.0,91878
2025-09-12 07:15:00+00:00,3590.5,3594.39990234375,3589.89990234375,3594.0,39414
2025-09-12 07:30:00+00:00,3590.0,3591.10009765625,3587.39990234375,3590.10009765625,46299
2025-09-12 07:45:00+00:00,3591.60009765625,3592.89990234375,3586.199951171875,3589.89990234375,48813
2025-09-12 08:00:00+00:00,3579.800048828125,3592.0,3579.5,3591.60009765625,38732
2025-09-12 08:15:00+00:00,3580.699951171875,3581.39990234375,3576.0,3579.5,26554
2025-09-12 08:30:00+00:00,3577.699951171875,3580.89990234375,3577.199951171875,3580.10009765625,14518
2025-09-12 08:45:00+00:00,3578.89990234375,3580.0,3575.0,3577.699951171875,24233
2025-09-12 09:00:00+00:00,3577.199951171875,3579.0,3575.300048828125,3578.89990234375,24390
2025-09-12 09:15:00+00:00,3578.199951171875,3580.800048828125,3575.800048828125,3577.199951171875,45652
2025-09-12 09:30:00+00:00,3580.199951171875,3581.800048828125,3577.89990234375,3578.0,58143
2025-09-12 09:45:00+00:00,3579.10009765625,3582.10009765625,3577.10009765625,3580.199951171875,93644
2025-09-15 03:45:00+00:00,3590.0,3592.0,3576.0,3588.0,34642
2025-09-15 04:00:00+00:00,3585.39990234375,3590.199951171875,3581.10009765625,3590.199951171875,24861
2025-09-15 04:15:00+00:00,3601.39990234375,3604.300048828125,3584.800048828125,3585.300048828125,114712
2025-09-15 04:30:00+00:00,3602.39990234375,3606.5,3596.39990234375,3600.699951171875,59100
2025-09-15 04:45:00+00:00,3601.0,3606.5,3601.0,3602.0,39283
2025-09-15 05:00:00+00:00,3599.0,3606.800048828125,3598.39990234375,3602.89990234375,45499
2025-09-15 05:15:00+00:00,3595.39990234375,3602.0,3592.199951171875,3599.0,42221
2025-09-15 05:30:00+00:00,3600.0,3600.60009765625,3593.60009765625,3595.60009765625,34127
2025-09-15 05:45:00+00:00,3600.39990234375,3601.0,3597.10009765625,3600.0,24280
2025-09-15 06:00:00+00:00,3600.199951171875,3603.39990234375,3598.199951171875,3600.39990234375,35462
2025-09-15 06:15:00+00:00,3602.800048828125,3602.89990234375,3599.10009765625,3600.39990234375,34859
2025-09-15 06:30:00+00:00,3599.300048828125,3603.0,3598.10009765625,3602.699951171875,25954
2025-09-15 06:45:00+00:00,3598.10009765625,3600.60009765625,3597.89990234375,3599.300048828125,54132
2025-09-15 07:00:00+00:00,3600.0,3601.0,3597.699951171875,3599.300048828125,52840
2025-09-15 07:15:00+00:00,3599.0,3601.199951171875,3598.10009765625,3600.10009765625,23696
2025-09-15 07:30:00+00:00,3598.800048828125,3602.0,3598.300048828125,3600.0,23592
2025-09-15 07:45:00+00:00,3598.5,3600.699951171875,3595.5,3598.800048828125,29751
2025-09-15 08:00:00+00:00,3590.89990234375,3598.5,3587.0,3597.699951171875,50254
2025-09-15 08:15:00+00:00,3590.10009765625,3595.199951171875,3589.199951171875,3591.199951171875,30828
2025-09-15 08:30:00+00:00,3590.199951171875,3592.199951171875,3589.5,3590.199951171875,16682
2025-09-15 08:45:00+00:00,3589.39990234375,3591.699951171875,3587.199951171875,3590.10009765625,19020
2025-09-15 09:00:00+00:00,3595.89990234375,3597.89990234375,3589.39990234375,3589.60009765625,49193
2025-09-15 09:15:00+00:00,3592.89990234375,3597.5,3592.10009765625,3596.39990234375,24955
2025-09-15 09:30:00+00:00,3584.300048828125,3593.5,3582.5,3592.800048828125,120842
2025-09-15 09:45:00+00:00,3589.0,3590.0,3582.89990234375,3584.39990234375,124172
2025-09-16 04:45:00+00:00,3621.800048828125,3626.0,3621.5,3625.699951171875,23831
2025-09-16 05:00:00+00:00,3622.0,3624.39990234375,3618.800048828125,3622.300048828125,59968
2025-09-16 05:30:00+00:00,3624.800048828125,3626.0,3620.5,3625.89990234375,101884
2025-09-16 05:45:00+00:00,3630.199951171875,3635.300048828125,3623.800048828125,3624.800048828125,126144
2025-09-16 06:00:00+00:00,3640.0,3641.39990234375,3628.800048828125,3629.0,148671
2025-09-16 06:15:00+00:00,3645.199951171875,3649.800048828125,3634.60009765625,3640.10009765625,168662
2025-09-16 06:30:00+00:00,3647.800048828125,3648.0,3643.10009765625,3645.5,63350
2025-09-16 06:45:00+00:00,3650.39990234375,3654.89990234375,3645.199951171875,3648.0,84100
2025-09-16 07:00:00+00:00,3667.800048828125,3667.800048828125,3649.0,3650.0,117704
2025-09-16 07:15:00+00:00,3665.699951171875,3670.0,3664.199951171875,3667.800048828125,30316
2025-09-16 09:30:00+00:00,3671.60009765625,3674.0,3661.0,3663.699951171875,1251717
2025-09-16 09:45:00+00:00,3667.800048828125,3667.800048828125,3667.800048828125,3667.800048828125,0
2025-09-17 03:45:00+00:00,3694.0,3700.0,3662.89990234375,3674.699951171875,219629
2025-09-17 04:00:00+00:00,3691.300048828125,3704.0,3690.300048828125,3693.199951171875,101518
2025-09-17 04:15:00+00:00,3688.0,3694.0,3686.300048828125,3692.0,66769
2025-09-17 04:30:00+00:00,3690.5,3693.0,3686.10009765625,3689.10009765625,34893
2025-09-17 04:45:00+00:00,3698.0,3698.0,3688.0,3690.800048828125,42165
2025-09-17 05:00:00+00:00,3699.89990234375,3700.0,3695.0,3698.5,38134
2025-09-17 05:15:00+00:00,3694.800048828125,3700.300048828125,3690.89990234375,3699.300048828125,51150
2025-09-17 05:30:00+00:00,3693.60009765625,3697.39990234375,3692.0,3694.5,59331
2025-09-17 05:45:00+00:00,3693.60009765625,3699.5,3690.5,3693.60009765625,65933
2025-09-17 06:00:00+00:00,3696.0,3696.0,3690.60009765625,3693.60009765625,31824
2025-09-17 06:15:00+00:00,3696.89990234375,3697.5,3694.89990234375,3695.800048828125,29613
2025-09-17 06:30:00+00:00,3696.0,3699.10009765625,3694.699951171875,3696.0,47695
2025-09-17 06:45:00+00:00,3695.0,3696.89990234375,3693.39990234375,3695.89990234375,34551
2025-09-17 07:00:00+00:00,3694.60009765625,3695.800048828125,3691.199951171875,3694.0,46616
2025-09-17 07:15:00+00:00,3694.0,3695.0,3693.300048828125,3694.800048828125,35518
2025-09-17 07:30:00+00:00,3690.0,3697.5,3688.0,3694.0,62969
2025-09-17 07:45:00+00:00,3691.699951171875,3694.89990234375,3688.5,3690.0,57717
2025-09-17 08:00:00+00:00,3686.10009765625,3693.0,3685.39990234375,3691.699951171875,35887
2025-09-17 08:15:00+00:00,3682.800048828125,3687.0,3681.699951171875,3686.10009765625,37904
2025-09-17 08:30:00+00:00,3679.699951171875,3683.0,3677.800048828125,3682.699951171875,58515
2025-09-17 08:45:00+00:00,3679.89990234375,3683.39990234375,3674.60009765625,3679.699951171875,97084
2025-09-17 09:00:00+00:00,3686.800048828125,3687.89990234375,3677.10009765625,3679.39990234375,86578
2025-09-17 09:15:00+00:00,3686.5,3689.0,3683.300048828125,3686.699951171875,57478
2025-09-17 09:30:00+00:00,3684.699951171875,3687.199951171875,3682.89990234375,3686.300048828125,101156
2025-09-17 09:45:00+00:00,3685.5,3687.89990234375,3683.0,3684.699951171875,109583
2025-09-18 03:45:00+00:00,3692.0,3700.0,3684.10009765625,3695.60009765625,74663
2025-09-18 04:00:00+00:00,3697.199951171875,3697.199951171875,3690.0,3691.10009765625,44095
2025-09-18 04:15:00+00:00,3694.89990234375,3699.0,3693.0,3697.199951171875,35763
2025-09-18 04:30:00+00:00,3695.0,3699.39990234375,3692.699951171875,3694.199951171875,34650
2025-09-18 04:45:00+00:00,3692.300048828125,3695.10009765625,3690.39990234375,3694.800048828125,25328
2025-09-18 05:00:00+00:00,3688.10009765625,3693.10009765625,3688.0,3692.300048828125,32234
2025-09-18 05:15:00+00:00,3692.0,3693.5,3687.5,3688.0,28094
2025-09-18 05:30:00+00:00,3694.0,3695.300048828125,3691.300048828125,3692.199951171875,27645
2025-09-18 05:45:00+00:00,3692.39990234375,3694.0,3688.5,3693.199951171875,29571
2025-09-18 06:00:00+00:00,3693.39990234375,3697.10009765625,3689.699951171875,3692.39990234375,43705
2025-09-18 06:15:00+00:00,3691.0,3694.0,3690.699951171875,3692.0,18366
2025-09-18 06:30:00+00:00,3689.199951171875,3694.0,3688.699951171875,3692.0,32516
2025-09-18 06:45:00+00:00,3688.5,3691.0,3687.0,3689.199951171875,26552
2025-09-18 07:00:00+00:00,3683.10009765625,3688.699951171875,3681.800048828125,3688.5,34355
2025-09-18 07:15:00+00:00,3691.0,3691.5,3683.10009765625,3684.60009765625,30151
2025-09-18 07:30:00+00:00,3693.0,3696.800048828125,3690.0,3691.0,73779
2025-09-18 07:45:00+00:00,3688.0,3693.0,3686.39990234375,3693.0,18785
2025-09-18 08:00:00+00:00,3687.300048828125,3689.199951171875,3686.10009765625,3687.699951171875,25510
2025-09-18 08:15:00+00:00,3679.39990234375,3688.89990234375,3679.10009765625,3687.39990234375,38268
2025-09-18 08:30:00+00:00,3679.699951171875,3685.0,3678.0,3679.39990234375,48437
2025-09-18 08:45:00+00:00,3675.199951171875,3681.199951171875,3673.300048828125,3679.699951171875,46757
2025-09-18 09:00:00+00:00,3674.89990234375,3678.5,3672.800048828125,3674.0,68111
2025-09-18 09:15:00+00:00,3683.800048828125,3685.60009765625,3673.199951171875,3674.800048828125,83739
2025-09-18 09:30:00+00:00,3685.89990234375,3691.0,3679.699951171875,3683.800048828125,205154
2025-09-18 09:45:00+00:00,3685.0,3688.89990234375,3682.10009765625,3686.199951171875,107793
2025-09-19 03:45:00+00:00,3697.0,3705.0,3674.0,3684.60009765625,86387
2025-09-19 04:00:00+00:00,3689.39990234375,3698.0,3687.0,3696.699951171875,44291
2025-09-19 04:15:00+00:00,3688.0,3691.60009765625,3685.300048828125,3690.0,24822
2025-09-19 04:30:00+00:00,3684.89990234375,3688.199951171875,3683.800048828125,3687.0,22577
2025-09-19 04:45:00+00:00,3692.0,3693.5,3684.800048828125,3686.199951171875,35560
2025-09-19 05:00:00+00:00,3695.300048828125,3698.0,3690.0,3692.0,68579
2025-09-19 05:15:00+00:00,3700.0,3701.39990234375,3693.10009765625,3695.10009765625,65712
2025-09-19 05:30:00+00:00,3698.300048828125,3701.300048828125,3697.10009765625,3700.800048828125,39988
2025-09-19 05:45:00+00:00,3695.0,3699.800048828125,3694.199951171875,3698.10009765625,33401
2025-09-19 06:00:00+00:00,3687.5,3696.300048828125,3687.0,3696.300048828125,40990
2025-09-19 06:15:00+00:00,3683.10009765625,3688.89990234375,3681.60009765625,3688.800048828125,44985
2025-09-19 06:30:00+00:00,3685.199951171875,3685.699951171875,3679.199951171875,3683.0,69575
2025-09-19 06:45:00+00:00,3681.0,3685.60009765625,3681.0,3684.0,41353
2025-09-19 07:00:00+00:00,3678.300048828125,3687.0,3677.699951171875,3682.699951171875,76610
2025-09-19 07:15:00+00:00,3682.199951171875,3686.0,3677.10009765625,3678.199951171875,69832
2025-09-19 07:30:00+00:00,3682.0,3684.0,3680.0,3682.199951171875,41572
2025-09-19 07:45:00+00:00,3679.5,3683.0,3678.0,3682.0,34376
2025-09-19 08:00:00+00:00,3681.10009765625,3684.89990234375,3678.300048828125,3679.5,58285
2025-09-19 08:15:00+00:00,3681.5,3682.0,3679.300048828125,3681.5,29420
2025-09-19 08:30:00+00:00,3683.0,3685.89990234375,3680.199951171875,3681.5,43232
2025-09-19 08:45:00+00:00,3678.0,3683.699951171875,3676.60009765625,3683.5,44269
2025-09-19 09:00:00+00:00,3678.10009765625,3681.10009765625,3675.199951171875,3678.0,88562
2025-09-19 09:15:00+00:00,3680.5,3682.0,3677.0,3678.300048828125,58938
2025-09-19 09:30:00+00:00,3674.89990234375,3682.300048828125,3672.199951171875,3680.5,420318
2025-09-19 09:45:00+00:00,3675.39990234375,3684.300048828125,3671.5,3674.89990234375,399554
2025-09-22 03:45:00+00:00,3662.800048828125,3689.300048828125,3653.39990234375,3685.89990234375,40111
2025-09-22 04:00:00+00:00,3668.89990234375,3670.699951171875,3660.199951171875,3662.300048828125,25043
2025-09-22 04:15:00+00:00,3666.89990234375,3669.800048828125,3661.0,3668.89990234375,36026
2025-09-22 04:30:00+00:00,3672.89990234375,3677.0,3667.0,3667.0,46136
2025-09-22 04:45:00+00:00,3672.699951171875,3677.0,3668.39990234375,3673.0,27793
2025-09-22 05:00:00+00:00,3670.5,3674.89990234375,3668.10009765625,3672.39990234375,15294
2025-09-22 05:15:00+00:00,3667.89990234375,3671.0,3666.60009765625,3670.39990234375,12513
2025-09-22 05:30:00+00:00,3665.0,3668.0,3663.0,3667.800048828125,11821
2025-09-22 05:45:00+00:00,3662.699951171875,3668.0,3662.5,3665.699951171875,19515
2025-09-22 06:00:00+00:00,3660.800048828125,3662.800048828125,3659.60009765625,3662.10009765625,23505
2025-09-22 06:15:00+00:00,3659.800048828125,3661.0,3657.60009765625,3661.0,18964
2025-09-22 06:30:00+00:00,3657.0,3659.89990234375,3656.10009765625,3659.89990234375,13677
2025-09-22 06:45:00+00:00,3655.60009765625,3658.0,3655.60009765625,3657.0,18332
2025-09-22 07:00:00+00:00,3651.5,3656.5,3651.10009765625,3655.60009765625,40754
2025-09-22 07:15:00+00:00,3650.89990234375,3654.5,3650.10009765625,3651.5,26496
2025-09-22 07:30:00+00:00,3652.5,3653.800048828125,3650.0,3650.699951171875,27811
2025-09-22 07:45:00+00:00,3650.0,3653.39990234375,3649.0,3652.5,21129
2025-09-22 08:00:00+00:00,3650.800048828125,3651.0,3647.5,3649.89990234375,23376
2025-09-22 08:15:00+00:00,3648.60009765625,3650.699951171875,3647.300048828125,3650.0,37358
2025-09-22 08:30:00+00:00,3649.39990234375,3652.5,3646.699951171875,3648.39990234375,41437
2025-09-22 08:45:00+00:00,3649.89990234375,3652.199951171875,3648.60009765625,3649.5,21254
2025-09-22 09:00:00+00:00,3642.800048828125,3651.60009765625,3642.0,3649.89990234375,26744
2025-09-22 09:15:00+00:00,3645.199951171875,3645.89990234375,3633.89990234375,3644.39990234375,64788
2025-09-22 09:30:00+00:00,3639.800048828125,3649.89990234375,3639.5,3645.300048828125,64900
2025-09-22 09:45:00+00:00,3644.5,3647.699951171875,3638.5,3639.800048828125,63983
2025-09-23 03:45:00+00:00,3635.0,3654.89990234375,3632.0,3654.89990234375,31838
2025-09-23 04:00:00+00:00,3631.199951171875,3640.0,3631.199951171875,3635.199951171875,19819
2025-09-23 04:15:00+00:00,3621.199951171875,3631.10009765625,3614.0,3631.10009765625,37211
2025-09-23 04:30:00+00:00,3624.800048828125,3627.0,3620.10009765625,3620.60009765625,16523
2025-09-23 04:45:00+00:00,3627.89990234375,3629.0,3620.60009765625,3624.0,17838
2025-09-23 05:00:00+00:00,3629.10009765625,3632.0,3625.39990234375,3627.800048828125,15345
2025-09-23 05:15:00+00:00,3634.10009765625,3635.0,3628.10009765625,3629.10009765625,15058
2025-09-23 05:30:00+00:00,3626.800048828125,3634.89990234375,3625.5,3634.800048828125,31039
2025-09-23 05:45:00+00:00,3626.5,3629.0,3624.5,3626.699951171875,19869
2025-09-23 06:00:00+00:00,3628.5,3628.5,3625.199951171875,3626.5,15362
2025-09-23 06:15:00+00:00,3627.39990234375,3630.0,3627.0,3628.10009765625,14948
2025-09-23 06:30:00+00:00,3633.60009765625,3634.300048828125,3627.800048828125,3627.800048828125,34369
2025-09-23 06:45:00+00:00,3635.5,3638.0,3630.800048828125,3633.89990234375,42584
2025-09-23 07:00:00+00:00,3640.89990234375,3648.5,3635.10009765625,3635.5,65414
2025-09-23 07:15:00+00:00,3645.199951171875,3645.800048828125,3640.5,3640.5,25318
2025-09-23 07:30:00+00:00,3647.60009765625,3649.800048828125,3644.800048828125,3645.800048828125,45237
2025-09-23 07:45:00+00:00,3652.89990234375,3653.0,3645.800048828125,3647.699951171875,38663
2025-09-23 08:00:00+00:00,3662.89990234375,3664.0,3650.800048828125,3652.89990234375,79987
2025-09-23 08:15:00+00:00,3660.199951171875,3666.0,3656.89990234375,3663.800048828125,56094
2025-09-23 08:30:00+00:00,3662.39990234375,3673.5,3659.800048828125,3660.10009765625,99117
2025-09-23 08:45:00+00:00,3661.699951171875,3664.10009765625,3653.800048828125,3662.199951171875,57518
2025-09-23 09:00:00+00:00,3659.0,3665.199951171875,3655.39990234375,3661.800048828125,51866
2025-09-23 09:15:00+00:00,3653.10009765625,3659.89990234375,3651.0,3659.39990234375,82989
2025-09-23 09:30:00+00:00,3660.300048828125,3663.0,3651.699951171875,3654.60009765625,199052
2025-09-23 09:45:00+00:00,3657.60009765625,3665.5,3656.0,3661.699951171875,117611
2025-09-24 03:45:00+00:00,3649.0,3657.199951171875,3638.0,3657.199951171875,27211
2025-09-24 04:00:00+00:00,3643.0,3649.0,3640.10009765625,3649.0,24295
2025-09-24 04:15:00+00:00,3671.800048828125,3674.0,3642.60009765625,3643.0,76724
2025-09-24 04:30:00+00:00,3679.60009765625,3682.0,3670.300048828125,3671.800048828125,79242
2025-09-24 04:45:00+00:00,3679.699951171875,3688.0,3677.800048828125,3679.5,75593
2025-09-24 05:00:00+00:00,3678.699951171875,3681.89990234375,3675.89990234375,3679.10009765625,23431
2025-09-24 05:15:00+00:00,3675.699951171875,3678.60009765625,3671.60009765625,3678.60009765625,30672
2025-09-24 05:30:00+00:00,3669.60009765625,3675.89990234375,3665.10009765625,3675.89990234375,29980
2025-09-24 05:45:00+00:00,3671.89990234375,3672.0,3666.10009765625,3669.60009765625,18713
2025-09-24 06:00:00+00:00,3674.199951171875,3676.0,3670.10009765625,3671.5,23470
2025-09-24 06:15:00+00:00,3683.39990234375,3684.0,3674.300048828125,3674.300048828125,34418
2025-09-24 06:30:00+00:00,3697.699951171875,3703.60009765625,3682.0,3683.5,109058
2025-09-24 06:45:00+00:00,3698.89990234375,3699.699951171875,3690.699951171875,3699.199951171875,49129
2025-09-24 07:00:00+00:00,3698.39990234375,3700.0,3691.0,3698.800048828125,79588
2025-09-24 07:15:00+00:00,3698.0,3699.800048828125,3694.0,3698.39990234375,42149
2025-09-24 07:30:00+00:00,3707.0,3709.0,3697.699951171875,3699.0,87243
2025-09-24 07:45:00+00:00,3700.199951171875,3707.89990234375,3697.60009765625,3706.300048828125,63864
2025-09-24 08:00:00+00:00,3694.10009765625,3701.5,3689.89990234375,3700.699951171875,56416
2025-09-24 08:15:00+00:00,3695.89990234375,3700.5,3691.60009765625,3693.699951171875,56434
2025-09-24 08:30:00+00:00,3695.300048828125,3698.0,3693.199951171875,3696.300048828125,63860
2025-09-24 08:45:00+00:00,3688.89990234375,3696.0,3688.39990234375,3695.0,80742
2025-09-24 09:00:00+00:00,3691.800048828125,3697.800048828125,3687.0,3688.10009765625,129556
2025-09-24 09:15:00+00:00,3684.0,3694.89990234375,3683.89990234375,3691.699951171875,80518
2025-09-24 09:30:00+00:00,3673.300048828125,3684.89990234375,3673.10009765625,3683.39990234375,160716
2025-09-24 09:45:00+00:00,3673.800048828125,3677.0,3666.60009765625,3673.300048828125,213390
2025-09-25 03:45:00+00:00,3691.89990234375,3698.0,3665.0,3684.0,45467
2025-09-25 04:00:00+00:00,3696.5,3703.89990234375,3688.0,3691.199951171875,92243
2025-09-25 04:15:00+00:00,3691.60009765625,3696.199951171875,3680.300048828125,3696.199951171875,52955
2025-09-25 04:30:00+00:00,3679.199951171875,3692.0,3678.800048828125,3691.60009765625,40654
2025-09-25 04:45:00+00:00,3688.0,3689.0,3678.5,3679.199951171875,38356
2025-09-25 05:00:00+00:00,3680.39990234375,3689.800048828125,3675.199951171875,3687.800048828125,28687
2025-09-25 05:15:00+00:00,3678.800048828125,3680.10009765625,3674.300048828125,3679.89990234375,54468
2025-09-25 05:30:00+00:00,3684.89990234375,3686.0,3675.60009765625,3679.199951171875,30141
2025-09-25 05:45:00+00:00,3683.199951171875,3686.0,3678.10009765625,3684.89990234375,47521
2025-09-25 06:00:00+00:00,3670.60009765625,3684.5,3665.5,3684.5,31866
2025-09-25 06:15:00+00:00,3673.0,3674.300048828125,3668.0,3670.60009765625,36934
2025-09-25 06:30:00+00:00,3666.39990234375,3675.300048828125,3662.10009765625,3673.10009765625,114994
2025-09-25 06:45:00+00:00,3662.10009765625,3668.0,3659.199951171875,3665.39990234375,65239
2025-09-25 07:00:00+00:00,3669.0,3670.5,3657.39990234375,3662.89990234375,146351
2025-09-25 07:15:00+00:00,3663.800048828125,3670.10009765625,3657.60009765625,3669.60009765625,59652
2025-09-25 07:30:00+00:00,3662.89990234375,3667.0,3660.199951171875,3664.5,40293
2025-09-25 07:45:00+00:00,3653.199951171875,3663.699951171875,3652.10009765625,3662.60009765625,52221
2025-09-25 08:00:00+00:00,3655.5,3660.0,3652.10009765625,3653.699951171875,46266
2025-09-25 08:15:00+00:00,3657.0,3658.89990234375,3652.0,3655.39990234375,50263
2025-09-25 08:30:00+00:00,3655.199951171875,3659.0,3652.0,3657.199951171875,65558
2025-09-25 08:45:00+00:00,3657.89990234375,3663.0,3652.5,3655.10009765625,89878
2025-09-25 09:00:00+00:00,3653.5,3664.699951171875,3652.0,3658.10009765625,85234
2025-09-25 09:15:00+00:00,3640.60009765625,3653.800048828125,3639.10009765625,3653.39990234375,116625
2025-09-25 09:30:00+00:00,3645.10009765625,3649.5,3636.10009765625,3640.800048828125,260953
2025-09-25 09:45:00+00:00,3644.39990234375,3653.10009765625,3638.300048828125,3645.5,253369
2025-09-26 03:45:00+00:00,3692.800048828125,3704.0,3676.800048828125,3679.699951171875,209213
2025-09-26 04:00:00+00:00,3696.300048828125,3697.10009765625,3685.0,3693.0,160475
2025-09-26 04:15:00+00:00,3707.60009765625,3711.300048828125,3694.0,3696.0,188547
2025-09-26 04:30:00+00:00,3704.699951171875,3716.60009765625,3699.0,3708.39990234375,201993
2025-09-26 04:45:00+00:00,3721.89990234375,3723.800048828125,3703.60009765625,3703.699951171875,202923
2025-09-26 05:00:00+00:00,3732.10009765625,3738.0,3721.60009765625,3723.699951171875,277859
2025-09-26 05:15:00+00:00,3740.39990234375,3743.60009765625,3730.0,3732.60009765625,192187
2025-09-26 05:30:00+00:00,3746.800048828125,3752.60009765625,3735.39990234375,3739.0,222915
2025-09-26 05:45:00+00:00,3764.10009765625,3764.89990234375,3744.60009765625,3747.0,307080
2025-09-26 06:00:00+00:00,3766.5,3769.5,3754.5,3764.800048828125,347587
2025-09-26 06:15:00+00:00,3773.300048828125,3775.800048828125,3760.5,3766.800048828125,244827
2025-09-26 06:30:00+00:00,3789.800048828125,3793.0,3767.199951171875,3774.0,314962
2025-09-26 06:45:00+00:00,3776.199951171875,3794.800048828125,3775.5,3790.0,264972
2025-09-26 07:00:00+00:00,3773.300048828125,3780.0,3760.300048828125,3775.199951171875,280531
2025-09-26 07:15:00+00:00,3767.199951171875,3774.89990234375,3759.5,3773.199951171875,119895
2025-09-26 07:30:00+00:00,3761.89990234375,3771.89990234375,3754.89990234375,3767.199951171875,165553
2025-09-26 07:45:00+00:00,3751.10009765625,3764.800048828125,3751.10009765625,3761.89990234375,245046
2025-09-26 08:00:00+00:00,3747.199951171875,3753.89990234375,3744.300048828125,3752.0,191082
2025-09-26 08:15:00+00:00,3746.5,3753.300048828125,3741.0,3747.10009765625,213334
2025-09-26 08:30:00+00:00,3741.699951171875,3749.199951171875,3730.0,3746.39990234375,344740
2025-09-26 08:45:00+00:00,3729.0,3742.0,3724.0,3741.5,203943
2025-09-26 09:00:00+00:00,3717.89990234375,3734.699951171875,3716.60009765625,3729.0,191109
2025-09-26 09:15:00+00:00,3724.300048828125,3734.0,3716.5,3717.89990234375,177432
2025-09-26 09:30:00+00:00,3728.199951171875,3731.300048828125,3719.0,3723.89990234375,176388
2025-09-26 09:45:00+00:00,3743.0,3743.199951171875,3727.10009765625,3727.5,253770
2025-09-29 03:45:00+00:00,3703.39990234375,3740.0,3698.199951171875,3738.0,104803
2025-09-29 04:00:00+00:00,3695.39990234375,3705.10009765625,3683.10009765625,3705.10009765625,171236
2025-09-29 04:15:00+00:00,3699.300048828125,3706.199951171875,3694.39990234375,3695.39990234375,62384
2025-09-29 04:30:00+00:00,3707.89990234375,3708.5,3693.10009765625,3699.60009765625,77344
2025-09-29 04:45:00+00:00,3713.39990234375,3716.39990234375,3707.10009765625,3708.300048828125,110109
2025-09-29 05:00:00+00:00,3705.89990234375,3716.39990234375,3700.300048828125,3713.39990234375,73161
2025-09-29 05:15:00+00:00,3707.89990234375,3708.0,3700.0,3705.89990234375,30052
2025-09-29 05:30:00+00:00,3714.5,3716.0,3705.300048828125,3707.89990234375,40217
2025-09-29 05:45:00+00:00,3715.10009765625,3718.199951171875,3705.5,3714.39990234375,42790
2025-09-29 06:00:00+00:00,3698.699951171875,3715.800048828125,3694.5,3715.10009765625,111906
2025-09-29 06:15:00+00:00,3697.300048828125,3700.0,3690.699951171875,3699.39990234375,37306
2025-09-29 06:30:00+00:00,3695.300048828125,3698.0,3690.0,3697.300048828125,27029
2025-09-29 06:45:00+00:00,3696.300048828125,3699.89990234375,3694.60009765625,3695.5,28813
2025-09-29 07:00:00+00:00,3698.39990234375,3699.10009765625,3689.199951171875,3696.300048828125,75048
2025-09-29 07:15:00+00:00,3709.0,3709.0,3697.300048828125,3698.39990234375,46890
2025-09-29 07:30:00+00:00,3708.0,3711.0,3701.10009765625,3708.800048828125,68854
2025-09-29 07:45:00+00:00,3707.5,3708.800048828125,3700.10009765625,3708.0,29255
2025-09-29 08:00:00+00:00,3703.39990234375,3710.300048828125,3701.199951171875,3707.5,37427
2025-09-29 08:15:00+00:00,3705.5,3707.300048828125,3700.60009765625,3703.39990234375,52053
2025-09-29 08:30:00+00:00,3703.10009765625,3707.0,3698.300048828125,3705.10009765625,36569
2025-09-29 08:45:00+00:00,3702.300048828125,3708.89990234375,3700.300048828125,3704.10009765625,44727
2025-09-29 09:00:00+00:00,3713.5,3715.10009765625,3702.199951171875,3702.5,101525
2025-09-29 09:15:00+00:00,3712.89990234375,3715.0,3711.0,3714.0,114701
2025-09-29 09:30:00+00:00,3685.39990234375,3709.699951171875,3684.39990234375,3709.699951171875,456481
2025-09-29 09:45:00+00:00,3701.0,3706.0,3679.699951171875,3685.300048828125,398883
2025-09-30 03:45:00+00:00,3674.60009765625,3696.60009765625,3673.89990234375,3694.39990234375,41849
2025-09-30 04:00:00+00:00,3651.89990234375,3679.5,3651.0,3674.39990234375,83625
2025-09-30 04:15:00+00:00,3656.39990234375,3658.0,3649.0,3651.60009765625,142126
2025-09-30 04:30:00+00:00,3656.0,3663.60009765625,3654.0,3656.5,28167
2025-09-30 04:45:00+00:00,3654.89990234375,3659.5,3652.10009765625,3655.5,32946
2025-09-30 05:00:00+00:00,3657.89990234375,3658.5,3648.60009765625,3654.89990234375,102617
2025-09-30 05:15:00+00:00,3658.60009765625,3661.199951171875,3656.0,3658.0,51965
2025-09-30 05:30:00+00:00,3662.60009765625,3664.0,3658.5,3658.60009765625,30032
2025-09-30 05:45:00+00:00,3666.800048828125,3666.800048828125,3659.89990234375,3663.0,33369
2025-09-30 06:00:00+00:00,3667.89990234375,3675.300048828125,3664.300048828125,3666.800048828125,96875
2025-09-30 06:15:00+00:00,3663.699951171875,3670.800048828125,3663.0,3667.199951171875,34291
2025-09-30 06:30:00+00:00,3667.60009765625,3669.800048828125,3663.0,3663.699951171875,27490
2025-09-30 06:45:00+00:00,3670.0,3671.39990234375,3667.10009765625,3668.39990234375,37538
2025-09-30 07:00:00+00:00,3666.39990234375,3670.60009765625,3665.0,3670.0,36062
2025-09-30 07:15:00+00:00,3664.199951171875,3668.0,3661.199951171875,3666.39990234375,33835
2025-09-30 07:30:00+00:00,3664.0,3667.199951171875,3661.199951171875,3664.0,29803
2025-09-30 07:45:00+00:00,3655.39990234375,3668.0,3655.0,3663.800048828125,40926
2025-09-30 08:00:00+00:00,3659.699951171875,3660.0,3655.0,3655.300048828125,35276
2025-09-30 08:15:00+00:00,3661.0,3663.0,3657.5,3659.60009765625,35603
2025-09-30 08:30:00+00:00,3660.300048828125,3662.0,3655.89990234375,3661.0,60238
2025-09-30 08:45:00+00:00,3665.5,3667.0,3658.300048828125,3659.89990234375,62671
2025-09-30 09:00:00+00:00,3672.5,3676.0,3661.199951171875,3665.800048828125,86376
2025-09-30 09:15:00+00:00,3671.699951171875,3673.699951171875,3664.89990234375,3672.5,83328
2025-09-30 09:30:00+00:00,3658.199951171875,3671.800048828125,3656.60009765625,3671.800048828125,220019
2025-09-30 09:45:00+00:00,3659.0,3665.300048828125,3653.300048828125,3658.199951171875,166262
2025-10-01 03:45:00+00:00,3653.39990234375,3654.699951171875,3640.300048828125,3654.300048828125,41133
2025-10-01 04:00:00+00:00,3662.39990234375,3662.39990234375,3651.0,3654.800048828125,35625
2025-10-01 04:15:00+00:00,3661.5,3668.5,3659.199951171875,3662.39990234375,42817
2025-10-01 04:30:00+00:00,3652.199951171875,3663.199951171875,3645.10009765625,3661.699951171875,101399
2025-10-01 04:45:00+00:00,3642.60009765625,3652.199951171875,3639.699951171875,3652.199951171875,41785
2025-10-01 05:00:00+00:00,3633.10009765625,3645.60009765625,3631.800048828125,3642.60009765625,52318
2025-10-01 05:15:00+00:00,3618.300048828125,3633.199951171875,3616.0,3633.0,80422
2025-10-01 05:30:00+00:00,3626.0,3627.0,3615.0,3618.300048828125,44348
2025-10-01 05:45:00+00:00,3630.699951171875,3630.89990234375,3623.699951171875,3626.0,50244
2025-10-01 06:00:00+00:00,3641.10009765625,3643.699951171875,3625.0,3630.699951171875,139117
2025-10-01 06:15:00+00:00,3651.89990234375,3655.0,3634.0,3642.300048828125,60771
2025-10-01 06:30:00+00:00,3655.699951171875,3657.0,3649.89990234375,3651.89990234375,32206
2025-10-01 06:45:00+00:00,3654.60009765625,3657.39990234375,3650.800048828125,3655.699951171875,43919
2025-10-01 07:00:00+00:00,3658.300048828125,3665.0,3653.5,3654.60009765625,60029
2025-10-01 07:15:00+00:00,3657.10009765625,3661.60009765625,3654.10009765625,3657.89990234375,52179
2025-10-01 07:30:00+00:00,3656.60009765625,3658.89990234375,3651.39990234375,3657.10009765625,50543
2025-10-01 07:45:00+00:00,3663.89990234375,3664.800048828125,3651.60009765625,3656.60009765625,55949
2025-10-01 08:00:00+00:00,3662.300048828125,3668.300048828125,3662.199951171875,3663.89990234375,56759
2025-10-01 08:15:00+00:00,3665.0,3666.5,3659.10009765625,3662.0,48376
2025-10-01 08:30:00+00:00,3666.0,3669.199951171875,3664.39990234375,3664.800048828125,87554
2025-10-01 08:45:00+00:00,3670.0,3672.0,3664.5,3667.39990234375,109313
2025-10-01 09:00:00+00:00,3670.199951171875,3671.800048828125,3665.60009765625,3670.0,102672
2025-10-01 09:15:00+00:00,3667.199951171875,3674.300048828125,3666.0,3670.199951171875,89967
2025-10-01 09:30:00+00:00,3670.10009765625,3671.89990234375,3664.10009765625,3668.10009765625,280877
2025-10-01 09:45:00+00:00,3688.0,3688.0,3670.0,3670.10009765625,186478
2025-10-03 03:45:00+00:00,3674.199951171875,3701.199951171875,3672.199951171875,3696.0,53871
2025-10-03 04:00:00+00:00,3681.39990234375,3681.39990234375,3666.300048828125,3672.5,43191
2025-10-03 04:15:00+00:00,3694.89990234375,3696.0,3677.89990234375,3680.39990234375,74687
2025-10-03 04:30:00+00:00,3680.300048828125,3699.800048828125,3680.0,3694.89990234375,110331
2025-10-03 04:45:00+00:00,3678.89990234375,3682.89990234375,3675.39990234375,3680.199951171875,26161
2025-10-03 05:00:00+00:00,3678.5,3681.39990234375,3675.0,3679.800048828125,45093
2025-10-03 05:15:00+00:00,3677.0,3686.60009765625,3677.0,3677.699951171875,65768
2025-10-03 05:30:00+00:00,3679.300048828125,3681.10009765625,3675.0,3677.800048828125,43040
2025-10-03 05:45:00+00:00,3683.300048828125,3689.199951171875,3679.10009765625,3679.199951171875,121887
2025-10-03 06:00:00+00:00,3690.0,3694.89990234375,3682.10009765625,3683.300048828125,59937
2025-10-03 06:15:00+00:00,3690.89990234375,3692.0,3682.5,3689.89990234375,29260
2025-10-03 06:30:00+00:00,3697.10009765625,3700.10009765625,3690.800048828125,3691.39990234375,90375
2025-10-03 06:45:00+00:00,3698.5,3698.800048828125,3690.89990234375,3696.60009765625,30278
2025-10-03 07:00:00+00:00,3694.0,3698.60009765625,3690.5,3697.300048828125,48631
2025-10-03 07:15:00+00:00,3694.0,3697.199951171875,3692.0,3693.699951171875,57319
2025-10-03 07:30:00+00:00,3686.60009765625,3696.89990234375,3686.60009765625,3694.5,37198
2025-10-03 07:45:00+00:00,3681.300048828125,3688.10009765625,3680.699951171875,3688.0,34992
2025-10-03 08:00:00+00:00,3684.699951171875,3686.699951171875,3680.10009765625,3681.300048828125,34159
2025-10-03 08:15:00+00:00,3691.699951171875,3692.89990234375,3683.89990234375,3684.699951171875,47778
2025-10-03 08:30:00+00:00,3687.89990234375,3696.60009765625,3686.5,3691.699951171875,53173
2025-10-03 08:45:00+00:00,3696.0,3697.199951171875,3686.300048828125,3687.5,42428
2025-10-03 09:00:00+00:00,3707.39990234375,3711.0,3695.0,3696.300048828125,102007
2025-10-03 09:15:00+00:00,3722.300048828125,3723.300048828125,3706.199951171875,3707.300048828125,94073
2025-10-03 09:30:00+00:00,3730.89990234375,3732.0,3722.0,3723.0,230106
2025-10-03 09:45:00+00:00,3733.10009765625,3745.199951171875,3730.0,3730.800048828125,280502
2025-10-06 03:45:00+00:00,3728.39990234375,3738.800048828125,3704.0,3720.89990234375,39764
2025-10-06 04:00:00+00:00,3720.0,3732.199951171875,3719.800048828125,3730.0,41480
2025-10-06 04:15:00+00:00,3728.89990234375,3731.0,3719.89990234375,3720.0,28436
2025-10-06 04:30:00+00:00,3728.5,3734.0,3724.800048828125,3730.0,24200
2025-10-06 04:45:00+00:00,3734.800048828125,3736.0,3725.199951171875,3728.5,30275
2025-10-06 05:00:00+00:00,3753.699951171875,3758.89990234375,3734.5,3734.60009765625,96029
2025-10-06 05:15:00+00:00,3756.10009765625,3766.89990234375,3752.10009765625,3754.699951171875,68236
2025-10-06 05:30:00+00:00,3739.0,3757.89990234375,3738.39990234375,3755.60009765625,111092
2025-10-06 05:45:00+00:00,3737.60009765625,3739.10009765625,3730.39990234375,3738.800048828125,27547
2025-10-06 06:00:00+00:00,3729.0,3738.300048828125,3728.300048828125,3737.199951171875,60258
2025-10-06 06:15:00+00:00,3730.0,3731.0,3727.39990234375,3729.5,25168
2025-10-06 06:30:00+00:00,3730.0,3732.10009765625,3729.0,3730.0,16739
2025-10-06 06:45:00+00:00,3729.800048828125,3730.300048828125,3728.60009765625,3729.800048828125,33313
2025-10-06 07:00:00+00:00,3730.199951171875,3730.199951171875,3728.39990234375,3729.800048828125,34433
2025-10-06 07:15:00+00:00,3742.89990234375,3742.89990234375,3730.199951171875,3730.199951171875,67562
2025-10-06 07:30:00+00:00,3749.199951171875,3751.10009765625,3740.199951171875,3742.699951171875,135784
2025-10-06 07:45:00+00:00,3750.199951171875,3751.0,3744.199951171875,3749.89990234375,86047
2025-10-06 08:00:00+00:00,3752.300048828125,3760.5,3748.199951171875,3750.199951171875,73731
2025-10-06 08:15:00+00:00,3756.10009765625,3756.60009765625,3749.199951171875,3752.300048828125,86067
2025-10-06 08:30:00+00:00,3746.699951171875,3757.39990234375,3745.60009765625,3756.10009765625,70994
2025-10-06 08:45:00+00:00,3741.89990234375,3749.89990234375,3741.5,3746.699951171875,50794
2025-10-06 09:00:00+00:00,3741.89990234375,3749.89990234375,3740.89990234375,3742.5,71503
2025-10-06 09:15:00+00:00,3740.39990234375,3746.60009765625,3740.0,3741.89990234375,55493
2025-10-06 09:30:00+00:00,3735.0,3740.0,3733.0,3739.800048828125,62241
2025-10-06 09:45:00+00:00,3745.0,3748.0,3733.10009765625,3735.0,136264
2025-10-07 03:45:00+00:00,3755.0,3765.0,3743.699951171875,3752.0,60261
2025-10-07 04:00:00+00:00,3753.39990234375,3756.5,3751.60009765625,3755.0,29032
2025-10-07 04:15:00+00:00,3759.800048828125,3762.89990234375,3750.0,3753.0,43039
2025-10-07 04:30:00+00:00,3751.300048828125,3763.0,3749.0,3758.89990234375,68320
2025-10-07 04:45:00+00:00,3741.60009765625,3752.0,3738.5,3751.60009765625,35409
2025-10-07 05:00:00+00:00,3739.39990234375,3744.5,3736.800048828125,3741.60009765625,61841
2025-10-07 05:15:00+00:00,3733.89990234375,3740.0,3731.0,3738.800048828125,40853
2025-10-07 05:30:00+00:00,3736.800048828125,3737.199951171875,3731.300048828125,3734.800048828125,21200
2025-10-07 05:45:00+00:00,3737.300048828125,3739.300048828125,3728.800048828125,3736.800048828125,40301
2025-10-07 06:00:00+00:00,3748.0,3748.0,3732.0,3736.0,110369
2025-10-07 06:15:00+00:00,3754.89990234375,3756.89990234375,3743.199951171875,3747.0,45792
2025-10-07 06:30:00+00:00,3755.89990234375,3761.199951171875,3753.89990234375,3755.300048828125,78227
2025-10-07 06:45:00+00:00,3754.60009765625,3756.0,3751.199951171875,3755.10009765625,41155
2025-10-07 07:00:00+00:00,3751.800048828125,3755.60009765625,3751.0,3754.89990234375,27035
2025-10-07 07:15:00+00:00,3748.10009765625,3752.0,3746.0,3751.800048828125,27427
2025-10-07 07:30:00+00:00,3745.300048828125,3748.60009765625,3743.89990234375,3748.60009765625,30751
2025-10-07 07:45:00+00:00,3744.89990234375,3747.0,3742.699951171875,3744.800048828125,31351
2025-10-07 08:00:00+00:00,3744.89990234375,3745.0,3740.800048828125,3745.0,28073
2025-10-07 08:15:00+00:00,3744.10009765625,3745.0,3742.300048828125,3745.0,23744
2025-10-07 08:30:00+00:00,3740.300048828125,3745.0,3738.39990234375,3744.10009765625,40587
2025-10-07 08:45:00+00:00,3729.10009765625,3744.89990234375,3728.89990234375,3741.5,76437
2025-10-07 09:00:00+00:00,3729.199951171875,3735.5,3728.800048828125,3729.0,66558
2025-10-07 09:15:00+00:00,3729.10009765625,3737.39990234375,3729.0,3729.60009765625,69853
2025-10-07 09:30:00+00:00,3729.0,3733.0,3726.5,3729.10009765625,296477
2025-10-07 09:45:00+00:00,3730.5,3735.10009765625,3727.699951171875,3728.89990234375,229845
2025-10-08 03:45:00+00:00,3745.60009765625,3755.89990234375,3719.39990234375,3732.0,63229
2025-10-08 04:00:00+00:00,3750.800048828125,3752.5,3735.10009765625,3744.89990234375,71658
2025-10-08 04:15:00+00:00,3757.89990234375,3757.89990234375,3742.10009765625,3751.0,54843
2025-10-08 04:30:00+00:00,3756.0,3760.0,3751.0,3757.699951171875,36317
2025-10-08 04:45:00+00:00,3756.0,3758.800048828125,3753.0,3755.300048828125,28443
2025-10-08 05:00:00+00:00,3753.39990234375,3756.0,3752.5,3756.0,35192
2025-10-08 05:15:00+00:00,3745.89990234375,3754.10009765625,3743.0,3753.39990234375,110691
2025-10-08 05:30:00+00:00,3730.0,3745.800048828125,3729.0,3745.800048828125,35131
2025-10-08 05:45:00+00:00,3720.60009765625,3730.300048828125,3718.800048828125,3730.0,51070
2025-10-08 06:00:00+00:00,3729.39990234375,3731.0,3717.60009765625,3721.0,22404
2025-10-08 06:15:00+00:00,3731.800048828125,3733.0,3727.10009765625,3729.300048828125,35431
2025-10-08 06:30:00+00:00,3733.0,3733.60009765625,3728.0,3731.699951171875,33997
2025-10-08 06:45:00+00:00,3728.5,3733.0,3721.800048828125,3732.89990234375,26913
2025-10-08 07:00:00+00:00,3734.699951171875,3737.199951171875,3726.60009765625,3728.199951171875,59092
2025-10-08 07:15:00+00:00,3736.0,3739.699951171875,3731.39990234375,3734.199951171875,45759
2025-10-08 07:30:00+00:00,3740.0,3741.10009765625,3730.89990234375,3736.0,64349
2025-10-08 07:45:00+00:00,3730.0,3740.0,3729.300048828125,3739.60009765625,71704
2025-10-08 08:00:00+00:00,3742.0,3744.89990234375,3729.300048828125,3729.89990234375,50600
2025-10-08 08:15:00+00:00,3747.0,3747.0,3741.89990234375,3741.89990234375,42624
2025-10-08 08:30:00+00:00,3738.0,3749.800048828125,3730.199951171875,3747.0,74432
2025-10-08 08:45:00+00:00,3732.0,3737.39990234375,3729.0,3737.39990234375,42914
2025-10-08 09:00:00+00:00,3733.0,3735.39990234375,3726.10009765625,3731.0,48282
2025-10-08 09:15:00+00:00,3729.800048828125,3735.300048828125,3728.39990234375,3732.89990234375,75891
2025-10-08 09:30:00+00:00,3729.5,3736.60009765625,3726.0,3729.60009765625,116216
2025-10-08 09:45:00+00:00,3728.0,3731.89990234375,3722.10009765625,3729.10009765625,87933
2025-10-09 03:45:00+00:00,3746.199951171875,3747.699951171875,3732.89990234375,3737.60009765625,23340
2025-10-09 04:00:00+00:00,3752.300048828125,3757.39990234375,3744.39990234375,3747.0,48814
2025-10-09 04:15:00+00:00,3751.5,3757.0,3748.699951171875,3752.699951171875,29279
2025-10-09 04:30:00+00:00,3753.89990234375,3753.89990234375,3746.300048828125,3751.699951171875,25199
2025-10-09 04:45:00+00:00,3763.10009765625,3764.199951171875,3745.89990234375,3753.800048828125,55979
2025-10-09 05:00:00+00:00,3780.0,3781.5,3760.89990234375,3763.5,99046
2025-10-09 05:15:00+00:00,3783.0,3795.5,3776.0,3780.0,143676
2025-10-09 05:30:00+00:00,3777.5,3789.0,3772.0,3784.0,69236
2025-10-09 05:45:00+00:00,3777.39990234375,3780.300048828125,3775.0,3778.800048828125,166695
2025-10-09 06:00:00+00:00,3775.300048828125,3780.0,3773.60009765625,3776.89990234375,53237
2025-10-09 06:15:00+00:00,3772.699951171875,3784.89990234375,3772.10009765625,3777.60009765625,52781
2025-10-09 06:30:00+00:00,3776.0,3776.0,3771.0,3772.699951171875,24401
2025-10-09 06:45:00+00:00,3772.800048828125,3780.0,3770.10009765625,3776.0,30079
2025-10-09 07:00:00+00:00,3755.699951171875,3773.800048828125,3755.300048828125,3772.800048828125,68733
2025-10-09 07:15:00+00:00,3754.60009765625,3758.10009765625,3752.0,3755.10009765625,41385
2025-10-09 07:30:00+00:00,3758.199951171875,3759.89990234375,3754.0,3754.5,47724
2025-10-09 07:45:00+00:00,3766.0,3766.0,3756.89990234375,3758.199951171875,30789
2025-10-09 08:00:00+00:00,3776.199951171875,3776.39990234375,3764.699951171875,3766.0,48002
2025-10-09 08:15:00+00:00,3774.39990234375,3776.800048828125,3771.199951171875,3776.199951171875,48865
2025-10-09 08:30:00+00:00,3766.89990234375,3777.5,3766.89990234375,3774.39990234375,53059
2025-10-09 08:45:00+00:00,3764.89990234375,3769.699951171875,3762.39990234375,3766.89990234375,62154
2025-10-09 09:00:00+00:00,3762.39990234375,3767.0,3760.199951171875,3764.5,78852
2025-10-09 09:15:00+00:00,3763.0,3765.699951171875,3754.699951171875,3762.300048828125,73689
2025-10-09 09:30:00+00:00,3768.60009765625,3774.89990234375,3763.199951171875,3763.5,252787
2025-10-09 09:45:00+00:00,3764.10009765625,3773.800048828125,3762.39990234375,3768.60009765625,179866
2025-10-10 03:45:00+00:00,3782.89990234375,3782.89990234375,3761.0,3767.699951171875,30866
2025-10-10 04:00:00+00:00,3787.699951171875,3789.699951171875,3778.0,3782.89990234375,36152
2025-10-10 04:15:00+00:00,3784.800048828125,3790.0,3782.60009765625,3788.0,22503
2025-10-10 04:30:00+00:00,3781.39990234375,3787.39990234375,3780.10009765625,3784.800048828125,14502
2025-10-10 04:45:00+00:00,3783.89990234375,3788.10009765625,3780.60009765625,3783.0,19630
2025-10-10 05:00:00+00:00,3783.89990234375,3784.800048828125,3778.199951171875,3783.39990234375,68094
2025-10-10 05:15:00+00:00,3792.0,3799.0,3780.60009765625,3784.60009765625,142648
2025-10-10 05:30:00+00:00,3796.5,3797.0,3790.0,3791.5,52556
2025-10-10 05:45:00+00:00,3790.0,3798.0,3786.699951171875,3796.5,37403
2025-10-10 06:00:00+00:00,3786.300048828125,3793.39990234375,3783.300048828125,3790.300048828125,43999
2025-10-10 06:15:00+00:00,3784.60009765625,3787.89990234375,3782.10009765625,3786.89990234375,24760
2025-10-10 06:30:00+00:00,3783.199951171875,3786.0,3779.39990234375,3786.0,51560
2025-10-10 06:45:00+00:00,3782.699951171875,3785.0,3780.0,3783.300048828125,36455
2025-10-10 07:00:00+00:00,3788.0,3790.0,3780.199951171875,3782.699951171875,40868
2025-10-10 07:15:00+00:00,3790.10009765625,3793.39990234375,3786.0,3787.800048828125,51547
2025-10-10 07:30:00+00:00,3789.5,3793.0,3784.39990234375,3790.0,49417
2025-10-10 07:45:00+00:00,3786.0,3792.10009765625,3780.0,3789.5,52329
2025-10-10 08:00:00+00:00,3787.60009765625,3789.800048828125,3783.89990234375,3784.699951171875,18040
2025-10-10 08:15:00+00:00,3791.60009765625,3793.0,3786.5,3787.60009765625,30493
2025-10-10 08:30:00+00:00,3788.800048828125,3792.0,3787.699951171875,3791.800048828125,18131
2025-10-10 08:45:00+00:00,3790.699951171875,3794.5,3786.10009765625,3790.39990234375,33681
2025-10-10 09:00:00+00:00,3789.10009765625,3793.89990234375,3786.300048828125,3789.699951171875,31097
2025-10-10 09:15:00+00:00,3787.800048828125,3789.10009765625,3782.800048828125,3788.699951171875,51730
2025-10-10 09:30:00+00:00,3782.39990234375,3789.199951171875,3782.0,3786.300048828125,51888
2025-10-10 09:45:00+00:00,3784.0,3786.0,3779.0,3782.39990234375,90523
2025-10-13 03:45:00+00:00,3758.39990234375,3783.89990234375,3746.0,3774.39990234375,34705
2025-10-13 04:00:00+00:00,3756.89990234375,3762.10009765625,3750.0,3758.300048828125,29324
2025-10-13 04:15:00+00:00,3758.199951171875,3762.89990234375,3755.10009765625,3756.89990234375,14486
2025-10-13 04:30:00+00:00,3756.0,3758.0,3749.89990234375,3758.0,18831
2025-10-13 04:45:00+00:00,3767.800048828125,3770.0,3756.699951171875,3756.699951171875,68800
2025-10-13 05:00:00+00:00,3767.0,3772.5,3761.699951171875,3767.89990234375,34189
2025-10-13 05:15:00+00:00,3768.10009765625,3770.0,3764.699951171875,3767.0,16072
2025-10-13 05:30:00+00:00,3762.39990234375,3768.39990234375,3760.0,3767.300048828125,15589
2025-10-13 05:45:00+00:00,3762.0,3762.5,3758.5,3762.39990234375,18281
2025-10-13 06:00:00+00:00,3757.0,3762.0,3755.199951171875,3761.5,20477
2025-10-13 06:15:00+00:00,3754.0,3756.800048828125,3752.10009765625,3756.800048828125,37041
2025-10-13 06:30:00+00:00,3756.0,3759.10009765625,3752.800048828125,3754.0,33751
2025-10-13 06:45:00+00:00,3760.0,3760.0,3753.800048828125,3756.199951171875,35715
2025-10-13 07:00:00+00:00,3764.0,3766.699951171875,3758.699951171875,3760.0,65456
2025-10-13 07:15:00+00:00,3770.10009765625,3771.10009765625,3760.0,3763.89990234375,44684
2025-10-13 07:30:00+00:00,3765.699951171875,3770.89990234375,3757.5,3770.89990234375,66370
2025-10-13 07:45:00+00:00,3764.800048828125,3767.10009765625,3761.199951171875,3765.800048828125,33615
2025-10-13 08:00:00+00:00,3763.89990234375,3765.60009765625,3762.199951171875,3764.89990234375,27696
2025-10-13 08:15:00+00:00,3754.89990234375,3770.199951171875,3753.800048828125,3763.89990234375,74281
2025-10-13 08:30:00+00:00,3759.39990234375,3768.0,3756.10009765625,3756.5,82127
2025-10-13 08:45:00+00:00,3776.39990234375,3777.800048828125,3758.10009765625,3759.300048828125,104694
2025-10-13 09:00:00+00:00,3774.60009765625,3781.0,3771.300048828125,3776.10009765625,101487
2025-10-13 09:15:00+00:00,3766.0,3774.800048828125,3765.39990234375,3774.0,27680
2025-10-13 09:30:00+00:00,3768.699951171875,3770.0,3764.10009765625,3766.39990234375,59489
2025-10-13 09:45:00+00:00,3771.300048828125,3776.699951171875,3765.199951171875,3768.800048828125,86329
2025-10-14 03:45:00+00:00,3777.300048828125,3784.199951171875,3771.300048828125,3776.699951171875,45074
2025-10-14 04:00:00+00:00,3762.800048828125,3777.10009765625,3762.800048828125,3777.0,42467
2025-10-14 04:15:00+00:00,3760.0,3765.300048828125,3759.10009765625,3763.5,32169
2025-10-14 04:30:00+00:00,3763.39990234375,3765.60009765625,3757.0,3760.0,30029
2025-10-14 04:45:00+00:00,3774.199951171875,3776.0,3760.10009765625,3762.0,33803
2025-10-14 05:00:00+00:00,3777.0,3781.39990234375,3770.89990234375,3773.800048828125,58584
2025-10-14 05:15:00+00:00,3768.0,3779.89990234375,3767.199951171875,3776.60009765625,43341
2025-10-14 05:30:00+00:00,3762.0,3768.60009765625,3760.10009765625,3768.0,39749
2025-10-14 05:45:00+00:00,3756.0,3762.0,3749.199951171875,3762.0,66947
2025-10-14 06:00:00+00:00,3762.199951171875,3768.800048828125,3755.0,3755.199951171875,80133
2025-10-14 06:15:00+00:00,3764.5,3769.5,3760.199951171875,3762.300048828125,26780
2025-10-14 06:30:00+00:00,3755.39990234375,3765.800048828125,3752.0,3764.5,55100
2025-10-14 06:45:00+00:00,3747.0,3757.39990234375,3745.300048828125,3754.5,47162
2025-10-14 07:00:00+00:00,3736.60009765625,3747.300048828125,3734.39990234375,3745.300048828125,67434
2025-10-14 07:15:00+00:00,3741.5,3741.89990234375,3735.300048828125,3737.199951171875,23987
2025-10-14 07:30:00+00:00,3738.699951171875,3744.60009765625,3732.39990234375,3741.60009765625,47325
2025-10-14 07:45:00+00:00,3735.0,3739.199951171875,3733.0,3738.60009765625,41257
2025-10-14 08:00:00+00:00,3746.5,3749.5,3735.0,3735.0,48076
2025-10-14 08:15:00+00:00,3742.10009765625,3747.89990234375,3738.0,3747.0,47043
2025-10-14 08:30:00+00:00,3738.800048828125,3745.89990234375,3730.60009765625,3743.39990234375,47029
2025-10-14 08:45:00+00:00,3746.10009765625,3747.199951171875,3733.199951171875,3740.0,59273
2025-10-14 09:00:00+00:00,3754.0,3762.5,3744.800048828125,3745.800048828125,74672
2025-10-14 09:15:00+00:00,3754.800048828125,3757.60009765625,3739.0,3753.800048828125,85703
2025-10-14 09:30:00+00:00,3745.5,3755.0,3740.0,3752.800048828125,92540
2025-10-14 09:45:00+00:00,3736.199951171875,3750.0,3736.10009765625,3745.60009765625,94272
2025-10-15 03:45:00+00:00,3779.0,3781.800048828125,3752.0,3752.0,45556
2025-10-15 04:00:00+00:00,3780.60009765625,3786.199951171875,3775.89990234375,3778.5,70708
2025-10-15 04:15:00+00:00,3783.0,3785.0,3775.699951171875,3781.39990234375,36915
2025-10-15 04:30:00+00:00,3786.199951171875,3789.39990234375,3780.60009765625,3783.10009765625,44810
2025-10-15 04:45:00+00:00,3788.60009765625,3792.199951171875,3785.0,3786.0,37132
2025-10-15 05:00:00+00:00,3808.89990234375,3812.199951171875,3788.60009765625,3788.60009765625,171753
2025-10-15 05:15:00+00:00,3810.0,3810.0,3805.0,3807.89990234375,71804
2025-10-15 05:30:00+00:00,3818.300048828125,3820.0,3807.0,3810.0,203706
2025-10-15 05:45:00+00:00,3835.89990234375,3836.800048828125,3817.5,3818.800048828125,228696
2025-10-15 06:00:00+00:00,3835.699951171875,3838.0,3832.0,3834.89990234375,74431
2025-10-15 06:15:00+00:00,3838.0,3838.89990234375,3825.10009765625,3836.199951171875,105275
2025-10-15 06:30:00+00:00,3836.10009765625,3841.199951171875,3827.199951171875,3838.199951171875,156620
2025-10-15 06:45:00+00:00,3830.699951171875,3839.10009765625,3825.10009765625,3837.0,96261
2025-10-15 07:00:00+00:00,3829.800048828125,3832.199951171875,3827.0,3830.800048828125,30999
2025-10-15 07:15:00+00:00,3827.39990234375,3830.699951171875,3825.0,3829.0,61937
2025-10-15 07:30:00+00:00,3836.0,3836.300048828125,3826.10009765625,3827.39990234375,89475
2025-10-15 07:45:00+00:00,3836.699951171875,3840.0,3835.0,3836.0,89267
2025-10-15 08:00:00+00:00,3836.699951171875,3840.0,3835.0,3835.5,86038
2025-10-15 08:15:00+00:00,3840.89990234375,3843.800048828125,3835.0,3835.39990234375,194857
2025-10-15 08:30:00+00:00,3838.39990234375,3843.199951171875,3836.699951171875,3840.89990234375,133516
2025-10-15 08:45:00+00:00,3836.39990234375,3840.0,3832.39990234375,3839.39990234375,74676
2025-10-15 09:00:00+00:00,3830.199951171875,3836.699951171875,3827.199951171875,3835.39990234375,91707
2025-10-15 09:15:00+00:00,3827.89990234375,3833.0,3817.10009765625,3831.0,91634
2025-10-15 09:30:00+00:00,3835.5,3838.300048828125,3823.800048828125,3826.699951171875,122542
2025-10-15 09:45:00+00:00,3828.699951171875,3835.0,3820.699951171875,3835.0,121426
2025-10-16 03:45:00+00:00,3841.60009765625,3849.0,3832.300048828125,3832.300048828125,49166
2025-10-16 04:00:00+00:00,3839.5,3845.39990234375,3831.199951171875,3840.10009765625,77528
2025-10-16 04:15:00+00:00,3837.300048828125,3843.5,3833.5,3839.5,47222
2025-10-16 04:30:00+00:00,3858.0,3859.0,3836.0,3837.300048828125,93263
2025-10-16 04:45:00+00:00,3871.0,3874.300048828125,3858.0,3858.800048828125,147941
2025-10-16 05:00:00+00:00,3880.199951171875,3881.0,3870.0,3871.0,135212
2025-10-16 05:15:00+00:00,3871.89990234375,3885.300048828125,3869.0,3880.0,276894
2025-10-16 05:30:00+00:00,3867.199951171875,3872.0,3866.0,3871.60009765625,65058
2025-10-16 05:45:00+00:00,3866.89990234375,3871.300048828125,3864.300048828125,3867.39990234375,93168
2025-10-16 06:00:00+00:00,3862.199951171875,3870.0,3858.800048828125,3867.0,55099
2025-10-16 06:15:00+00:00,3853.5,3864.699951171875,3850.60009765625,3862.5,86369
2025-10-16 06:30:00+00:00,3862.699951171875,3863.0,3852.5,3853.39990234375,52154
2025-10-16 06:45:00+00:00,3861.10009765625,3865.0,3859.699951171875,3862.699951171875,58400
2025-10-16 07:00:00+00:00,3862.5,3868.5,3860.10009765625,3861.300048828125,76555
2025-10-16 07:15:00+00:00,3860.0,3863.199951171875,3857.0,3862.5,50312
2025-10-16 07:30:00+00:00,3862.39990234375,3864.5,3858.300048828125,3861.0,52097
2025-10-16 07:45:00+00:00,3863.800048828125,3865.89990234375,3857.60009765625,3862.300048828125,91107
2025-10-16 08:00:00+00:00,3861.60009765625,3865.89990234375,3858.199951171875,3865.39990234375,58213
2025-10-16 08:15:00+00:00,3860.800048828125,3865.0,3857.0,3861.699951171875,102696
2025-10-16 08:30:00+00:00,3859.10009765625,3867.0,3859.0,3860.5,78352
2025-10-16 08:45:00+00:00,3862.300048828125,3864.300048828125,3858.89990234375,3859.89990234375,61602
2025-10-16 09:00:00+00:00,3864.89990234375,3869.5,3861.0,3862.300048828125,83362
2025-10-16 09:15:00+00:00,3859.39990234375,3869.60009765625,3858.0,3865.0,82122
2025-10-16 09:30:00+00:00,3860.0,3865.0,3858.300048828125,3859.800048828125,150117
2025-10-16 09:45:00+00:00,3861.89990234375,3865.60009765625,3859.5,3861.39990234375,148287
2025-10-17 03:45:00+00:00,3858.89990234375,3866.800048828125,3850.10009765625,3860.0,33428
2025-10-17 04:00:00+00:00,3860.89990234375,3865.0,3857.0,3860.0,39262
2025-10-17 04:15:00+00:00,3854.0,3860.89990234375,3845.0,3859.89990234375,21917
2025-10-17 04:30:00+00:00,3857.60009765625,3862.0,3852.199951171875,3854.199951171875,20134
2025-10-17 04:45:00+00:00,3856.300048828125,3863.0,3855.10009765625,3857.699951171875,22645
2025-10-17 05:00:00+00:00,3860.89990234375,3861.10009765625,3853.0,3856.300048828125,17877
2025-10-17 05:15:00+00:00,3864.800048828125,3866.89990234375,3859.800048828125,3861.10009765625,46038
2025-10-17 05:30:00+00:00,3866.0,3868.0,3863.60009765625,3864.800048828125,34312
2025-10-17 05:45:00+00:00,3864.800048828125,3866.5,3860.800048828125,3866.0,49361
2025-10-17 06:00:00+00:00,3863.89990234375,3868.800048828125,3861.0,3864.800048828125,57933
2025-10-17 06:15:00+00:00,3862.300048828125,3866.800048828125,3857.199951171875,3863.89990234375,80326
2025-10-17 06:30:00+00:00,3857.5,3863.800048828125,3855.199951171875,3862.0,17309
2025-10-17 06:45:00+00:00,3855.0,3859.300048828125,3852.10009765625,3857.199951171875,58434
2025-10-17 07:00:00+00:00,3854.60009765625,3855.0,3852.699951171875,3855.0,24453
2025-10-17 07:15:00+00:00,3851.10009765625,3855.0,3846.0,3854.39990234375,54029
2025-10-17 07:30:00+00:00,3843.0,3851.10009765625,3838.800048828125,3851.10009765625,111717
2025-10-17 07:45:00+00:00,3846.39990234375,3851.60009765625,3841.10009765625,3843.0,37947
2025-10-17 08:00:00+00:00,3844.60009765625,3849.300048828125,3834.89990234375,3847.699951171875,54212
2025-10-17 08:15:00+00:00,3841.60009765625,3845.300048828125,3836.0,3843.800048828125,43120
2025-10-17 08:30:00+00:00,3836.89990234375,3844.199951171875,3834.89990234375,3842.89990234375,46923
2025-10-17 08:45:00+00:00,3834.0,3840.0,3833.0,3836.800048828125,87643
2025-10-17 09:00:00+00:00,3835.0,3840.0,3831.699951171875,3834.800048828125,108842
2025-10-17 09:15:00+00:00,3838.0,3841.199951171875,3830.10009765625,3835.0,76606
2025-10-17 09:30:00+00:00,3839.89990234375,3840.0,3832.800048828125,3837.5,76903
2025-10-17 09:45:00+00:00,3839.5,3844.89990234375,3838.0,3839.39990234375,84741
2025-10-20 03:45:00+00:00,3862.0,3878.0,3853.60009765625,3859.0,33956
2025-10-20 04:00:00+00:00,3861.699951171875,3864.39990234375,3855.39990234375,3862.0,21084
2025-10-20 04:15:00+00:00,3858.800048828125,3864.0,3853.89990234375,3862.0,17150
2025-10-20 04:30:00+00:00,3866.5,3866.5,3856.199951171875,3856.89990234375,24154
2025-10-20 04:45:00+00:00,3868.0,3869.800048828125,3856.0,3866.5,27957
2025-10-20 05:00:00+00:00,3882.800048828125,3885.800048828125,3865.300048828125,3867.699951171875,52228
2025-10-20 05:15:00+00:00,3884.89990234375,3885.800048828125,3880.0,3882.60009765625,22587
2025-10-20 05:30:00+00:00,3883.699951171875,3887.60009765625,3880.0,3885.699951171875,34954
2025-10-20 05:45:00+00:00,3880.39990234375,3885.0,3873.5,3884.39990234375,49232
2025-10-20 06:00:00+00:00,3876.699951171875,3883.0,3872.699951171875,3880.5,63731
2025-10-20 06:15:00+00:00,3864.60009765625,3875.0,3861.0,3875.0,34899
2025-10-20 06:30:00+00:00,3859.89990234375,3866.0,3859.0,3864.10009765625,13137
2025-10-20 06:45:00+00:00,3855.300048828125,3860.0,3852.10009765625,3859.300048828125,19918
2025-10-20 07:00:00+00:00,3866.300048828125,3867.89990234375,3850.199951171875,3854.800048828125,36887
2025-10-20 07:15:00+00:00,3867.300048828125,3870.89990234375,3862.199951171875,3866.300048828125,46438
2025-10-20 07:30:00+00:00,3871.699951171875,3875.0,3866.0,3867.300048828125,46065
2025-10-20 07:45:00+00:00,3874.5,3877.699951171875,3862.699951171875,3871.699951171875,63814
2025-10-20 08:00:00+00:00,3871.60009765625,3876.800048828125,3869.10009765625,3874.300048828125,29533
2025-10-20 08:15:00+00:00,3871.699951171875,3873.0,3866.5,3870.10009765625,50037
2025-10-20 08:30:00+00:00,3869.300048828125,3875.0,3866.0,3871.199951171875,45729
2025-10-20 08:45:00+00:00,3870.60009765625,3874.39990234375,3865.0,3867.89990234375,62991
2025-10-20 09:00:00+00:00,3862.199951171875,3873.0,3861.39990234375,3870.60009765625,69561
2025-10-20 09:15:00+00:00,3865.0,3869.300048828125,3858.60009765625,3861.60009765625,112143
2025-10-20 09:30:00+00:00,3872.10009765625,3879.0,3864.0,3865.300048828125,132688
2025-10-20 09:45:00+00:00,3872.699951171875,3878.0,3869.699951171875,3872.39990234375,67385
2025-10-21 08:00:00+00:00,3892.0,3892.0,3892.0,3892.0,0
2025-10-21 08:15:00+00:00,3888.89990234375,3895.0,3879.800048828125,3890.5,107672
2025-10-21 08:30:00+00:00,3890.0,3893.0,3885.800048828125,3888.39990234375,54423
2025-10-21 08:45:00+00:00,3888.0,3893.0,3887.89990234375,3890.0,46473
2025-10-21 09:00:00+00:00,3887.5,3889.39990234375,3880.300048828125,3888.5,47001
2025-10-21 09:15:00+00:00,3888.199951171875,3888.199951171875,3887.0,3887.0,731
2025-10-23 03:45:00+00:00,3903.800048828125,3913.89990234375,3895.39990234375,3897.89990234375,118944
2025-10-23 04:00:00+00:00,3902.199951171875,3907.5,3897.60009765625,3903.699951171875,77417
2025-10-23 04:15:00+00:00,3917.0,3917.5,3902.300048828125,3902.5,118976
2025-10-23 04:30:00+00:00,3928.89990234375,3929.89990234375,3916.60009765625,3916.60009765625,116788
2025-10-23 04:45:00+00:00,3930.0,3943.39990234375,3924.699951171875,3926.5,116738
2025-10-23 05:00:00+00:00,3924.5,3932.0,3920.0,3930.0,84017
2025-10-23 05:15:00+00:00,3930.0,3931.89990234375,3920.0,3925.0,42336
2025-10-23 05:30:00+00:00,3927.800048828125,3933.199951171875,3923.0,3930.60009765625,68512
2025-10-23 05:45:00+00:00,3932.60009765625,3932.800048828125,3926.699951171875,3928.39990234375,26628
2025-10-23 06:00:00+00:00,3946.5,3946.89990234375,3931.300048828125,3932.5,90281
2025-10-23 06:15:00+00:00,3955.89990234375,3956.0,3946.39990234375,3946.5,119687
2025-10-23 06:30:00+00:00,3955.0,3956.300048828125,3948.199951171875,3956.0,78470
2025-10-23 06:45:00+00:00,3958.39990234375,3958.89990234375,3948.10009765625,3955.0,86310
2025-10-23 07:00:00+00:00,3959.89990234375,3961.0,3953.300048828125,3958.0,114189
2025-10-23 07:15:00+00:00,3959.699951171875,3962.300048828125,3957.300048828125,3959.10009765625,110153
2025-10-23 07:30:00+00:00,3961.5,3966.10009765625,3954.5,3959.5,112796
2025-10-23 07:45:00+00:00,3959.0,3963.39990234375,3954.199951171875,3961.0,87764
2025-10-23 08:00:00+00:00,3955.5,3961.0,3950.10009765625,3958.800048828125,85232
2025-10-23 08:15:00+00:00,3960.0,3962.5,3953.0,3955.10009765625,98660
2025-10-23 08:30:00+00:00,3951.300048828125,3960.5,3946.5,3960.0,145819
2025-10-23 08:45:00+00:00,3947.199951171875,3952.0,3941.699951171875,3951.39990234375,141949
2025-10-23 09:00:00+00:00,3951.699951171875,3955.5,3942.0,3946.89990234375,91164
2025-10-23 09:15:00+00:00,3935.199951171875,3955.10009765625,3935.199951171875,3951.699951171875,106843
2025-10-23 09:30:00+00:00,3912.60009765625,3936.0,3908.5,3935.60009765625,233388
2025-10-23 09:45:00+00:00,3916.0,3920.800048828125,3911.0,3912.60009765625,164565
2025-10-24 03:45:00+00:00,3920.89990234375,3930.60009765625,3902.60009765625,3926.0,41921
2025-10-24 04:00:00+00:00,3926.5,3930.0,3915.699951171875,3920.39990234375,42960
2025-10-24 04:15:00+00:00,3939.199951171875,3939.89990234375,3920.0,3926.5,60578
2025-10-24 04:30:00+00:00,3929.0,3939.0,3926.89990234375,3937.39990234375,36803
2025-10-24 04:45:00+00:00,3907.60009765625,3932.10009765625,3907.10009765625,3929.0,41246
2025-10-24 05:00:00+00:00,3914.699951171875,3917.0,3905.60009765625,3907.199951171875,24119
2025-10-24 05:15:00+00:00,3918.5,3920.0,3913.0,3914.60009765625,27500
2025-10-24 05:30:00+00:00,3925.5,3929.0,3914.39990234375,3918.5,76335
2025-10-24 05:45:00+00:00,3920.0,3927.60009765625,3920.0,3925.0,42185
2025-10-24 06:00:00+00:00,3925.0,3928.39990234375,3916.10009765625,3920.0,48313
2025-10-24 06:15:00+00:00,3924.699951171875,3927.5,3924.39990234375,3925.0,16125
2025-10-24 06:30:00+00:00,3918.39990234375,3925.0,3917.0,3925.0,44417
2025-10-24 06:45:00+00:00,3918.5,3924.0,3918.39990234375,3919.699951171875,54314
2025-10-24 07:00:00+00:00,3916.10009765625,3924.0,3914.39990234375,3918.39990234375,59495
2025-10-24 07:15:00+00:00,3915.60009765625,3917.5,3913.89990234375,3916.0,28424
2025-10-24 07:30:00+00:00,3921.0,3922.0,3915.10009765625,3916.800048828125,52148
2025-10-24 07:45:00+00:00,3920.5,3924.0,3917.60009765625,3921.0,46364
2025-10-24 08:00:00+00:00,3907.10009765625,3922.300048828125,3907.10009765625,3920.699951171875,30560
2025-10-24 08:15:00+00:00,3910.60009765625,3916.0,3906.0,3907.0,25033
2025-10-24 08:30:00+00:00,3909.89990234375,3916.39990234375,3906.60009765625,3910.60009765625,30235
2025-10-24 08:45:00+00:00,3913.300048828125,3914.5,3906.89990234375,3910.0,28285
2025-10-24 09:00:00+00:00,3909.0,3916.39990234375,3908.0,3913.300048828125,31334
2025-10-24 09:15:00+00:00,3901.199951171875,3911.0,3900.0,3910.199951171875,32619
2025-10-24 09:30:00+00:00,3907.0,3913.800048828125,3901.199951171875,3903.89990234375,73394
2025-10-24 09:45:00+00:00,3904.89990234375,3909.0,3897.699951171875,3907.89990234375,88814
2025-10-27 03:45:00+00:00,3926.10009765625,3932.39990234375,3910.60009765625,3911.800048828125,46566
2025-10-27 04:00:00+00:00,3936.5,3939.0,3916.60009765625,3926.5,63455
2025-10-27 04:15:00+00:00,3930.10009765625,3948.0,3929.300048828125,3937.300048828125,68322
2025-10-27 04:30:00+00:00,3934.800048828125,3938.300048828125,3925.5,3929.60009765625,23803
2025-10-27 04:45:00+00:00,3930.0,3935.0,3929.0,3934.89990234375,16407
2025-10-27 05:00:00+00:00,3934.0,3935.0,3926.60009765625,3930.0,19594
2025-10-27 05:15:00+00:00,3938.300048828125,3939.0,3932.300048828125,3934.0,19704
2025-10-27 05:30:00+00:00,3938.0,3938.89990234375,3930.39990234375,3938.300048828125,28879
2025-10-27 05:45:00+00:00,3937.199951171875,3941.0,3933.10009765625,3938.5,27307
2025-10-27 06:00:00+00:00,3935.10009765625,3939.300048828125,3933.5,3937.199951171875,24602
2025-10-27 06:15:00+00:00,3937.0,3938.89990234375,3931.800048828125,3935.89990234375,25848
2025-10-27 06:30:00+00:00,3942.10009765625,3945.0,3936.60009765625,3937.10009765625,44087
2025-10-27 06:45:00+00:00,3926.0,3942.39990234375,3926.0,3940.60009765625,35749
2025-10-27 07:00:00+00:00,3927.199951171875,3931.199951171875,3923.89990234375,3926.0,25147
2025-10-27 07:15:00+00:00,3929.0,3930.89990234375,3924.0,3927.60009765625,29582
2025-10-27 07:30:00+00:00,3930.800048828125,3934.89990234375,3925.5,3927.60009765625,40811
2025-10-27 07:45:00+00:00,3926.10009765625,3930.89990234375,3920.0,3930.39990234375,29321
2025-10-27 08:00:00+00:00,3929.0,3929.0,3921.800048828125,3926.0,21503
2025-10-27 08:15:00+00:00,3929.0,3932.300048828125,3924.199951171875,3929.0,24445
2025-10-27 08:30:00+00:00,3925.39990234375,3930.89990234375,3924.800048828125,3929.0,28425
2025-10-27 08:45:00+00:00,3926.300048828125,3932.199951171875,3923.699951171875,3924.199951171875,58597
2025-10-27 09:00:00+00:00,3931.699951171875,3938.0,3924.39990234375,3925.10009765625,48088
2025-10-27 09:15:00+00:00,3927.5,3931.60009765625,3921.89990234375,3930.5,66176
2025-10-27 09:30:00+00:00,3924.699951171875,3929.300048828125,3919.89990234375,3927.699951171875,89726
2025-10-27 09:45:00+00:00,3921.699951171875,3928.89990234375,3920.0,3924.699951171875,92557
2025-10-28 03:45:00+00:00,3951.89990234375,3954.199951171875,3922.10009765625,3922.10009765625,94339
2025-10-28 04:00:00+00:00,3959.10009765625,3966.0,3950.0,3951.89990234375,161382
2025-10-28 04:15:00+00:00,3947.699951171875,3962.89990234375,3945.5,3959.10009765625,84153
2025-10-28 04:30:00+00:00,3940.0,3949.699951171875,3935.0,3947.699951171875,155467
2025-10-28 04:45:00+00:00,3930.300048828125,3943.199951171875,3930.0,3940.0,65432
2025-10-28 05:00:00+00:00,3926.800048828125,3933.0,3924.699951171875,3931.300048828125,116920
2025-10-28 05:15:00+00:00,3930.800048828125,3936.800048828125,3926.39990234375,3926.39990234375,105625
2025-10-28 05:30:00+00:00,3925.300048828125,3932.10009765625,3924.699951171875,3930.10009765625,60318
2025-10-28 05:45:00+00:00,3927.0,3933.0,3924.800048828125,3925.199951171875,74765
2025-10-28 06:00:00+00:00,3937.199951171875,3938.300048828125,3927.10009765625,3928.10009765625,85892
2025-10-28 06:15:00+00:00,3930.5,3937.800048828125,3929.39990234375,3936.89990234375,75474
2025-10-28 06:30:00+00:00,3929.60009765625,3936.39990234375,3928.5,3930.300048828125,47355
2025-10-28 06:45:00+00:00,3935.199951171875,3938.0,3928.199951171875,3929.60009765625,59260
2025-10-28 07:00:00+00:00,3941.5,3941.800048828125,3934.89990234375,3935.10009765625,112201
2025-10-28 07:15:00+00:00,3946.800048828125,3949.199951171875,3938.0,3940.5,140402
2025-10-28 07:30:00+00:00,3956.39990234375,3960.39990234375,3945.5,3946.89990234375,77666
2025-10-28 07:45:00+00:00,3957.199951171875,3959.10009765625,3947.0,3955.699951171875,49484
2025-10-28 08:00:00+00:00,3947.60009765625,3959.5,3945.10009765625,3957.199951171875,43231
2025-10-28 08:15:00+00:00,3951.300048828125,3953.800048828125,3942.300048828125,3947.60009765625,73870
2025-10-28 08:30:00+00:00,3957.199951171875,3957.199951171875,3947.199951171875,3951.5,79060
2025-10-28 08:45:00+00:00,3951.5,3958.39990234375,3946.10009765625,3957.300048828125,96151
2025-10-28 09:00:00+00:00,3951.60009765625,3957.699951171875,3950.0,3951.60009765625,83581
2025-10-28 09:15:00+00:00,3955.5,3958.5,3948.5,3953.699951171875,131556
2025-10-28 09:30:00+00:00,3970.89990234375,3975.0,3955.5,3955.5,706416
2025-10-28 09:45:00+00:00,3985.60009765625,3986.0,3967.0,3971.10009765625,515499
2025-10-29 03:45:00+00:00,4013.0,4015.0,3982.0,3993.800048828125,108034
2025-10-29 04:00:00+00:00,4004.10009765625,4016.699951171875,3995.699951171875,4013.5,81889
2025-10-29 04:15:00+00:00,3985.5,4008.0,3985.199951171875,4003.60009765625,69189
2025-10-29 04:30:00+00:00,3982.699951171875,3987.89990234375,3969.0,3982.89990234375,59946
2025-10-29 04:45:00+00:00,3993.0,3993.5,3981.89990234375,3982.0,104983
2025-10-29 05:00:00+00:00,3995.800048828125,4001.5,3992.0,3992.5,96415
2025-10-29 05:15:00+00:00,3977.0,3996.199951171875,3957.0,3996.199951171875,95708
2025-10-29 05:30:00+00:00,3959.60009765625,3980.89990234375,3954.300048828125,3977.699951171875,126081
2025-10-29 05:45:00+00:00,3952.60009765625,3966.60009765625,3947.199951171875,3959.699951171875,65326
2025-10-29 06:00:00+00:00,3958.89990234375,3963.39990234375,3938.0,3952.39990234375,112306
2025-10-29 06:15:00+00:00,3960.0,3961.0,3955.199951171875,3958.89990234375,41520
2025-10-29 06:30:00+00:00,3959.5,3964.5,3956.10009765625,3959.800048828125,43111
2025-10-29 06:45:00+00:00,3960.10009765625,3963.0,3957.300048828125,3959.89990234375,16962
2025-10-29 07:00:00+00:00,3955.60009765625,3961.5,3952.0,3960.10009765625,58948
2025-10-29 07:15:00+00:00,3939.89990234375,3958.0,3938.5,3955.60009765625,68438
2025-10-29 07:30:00+00:00,3932.0,3942.800048828125,3923.0,3939.5,109811
2025-10-29 07:45:00+00:00,3933.89990234375,3940.0,3926.0,3932.60009765625,53876
2025-10-29 08:00:00+00:00,3937.89990234375,3940.89990234375,3931.800048828125,3934.0,40800
2025-10-29 08:15:00+00:00,3942.800048828125,3945.0,3935.0,3938.0,126238
2025-10-29 08:30:00+00:00,3932.39990234375,3943.800048828125,3929.800048828125,3943.0,51491
2025-10-29 08:45:00+00:00,3927.199951171875,3937.89990234375,3921.0,3932.10009765625,91515
2025-10-29 09:00:00+00:00,3932.60009765625,3933.10009765625,3920.10009765625,3927.199951171875,125658
2025-10-29 09:15:00+00:00,3940.10009765625,3940.89990234375,3926.699951171875,3932.800048828125,115100
2025-10-29 09:30:00+00:00,3953.89990234375,3953.89990234375,3936.5,3940.5,155519
2025-10-29 09:45:00+00:00,3958.89990234375,3970.800048828125,3951.800048828125,3951.800048828125,439583
2025-10-30 03:45:00+00:00,4048.0,4049.89990234375,4000.60009765625,4000.60009765625,467674
2025-10-30 04:00:00+00:00,4046.800048828125,4055.199951171875,4024.0,4048.800048828125,649780
2025-10-30 04:15:00+00:00,4047.60009765625,4054.800048828125,4035.0,4047.0,341135
2025-10-30 04:30:00+00:00,4051.60009765625,4062.300048828125,4045.0,4047.60009765625,316373
2025-10-30 04:45:00+00:00,4024.300048828125,4052.300048828125,4017.699951171875,4051.0,362262
2025-10-30 05:00:00+00:00,4007.0,4025.699951171875,3999.5,4024.300048828125,239341
2025-10-30 05:15:00+00:00,4014.39990234375,4024.300048828125,4006.89990234375,4007.0,178080
2025-10-30 05:30:00+00:00,4010.89990234375,4015.800048828125,4001.800048828125,4014.10009765625,114860
2025-10-30 05:45:00+00:00,4012.0,4020.0,4008.0,4010.89990234375,114600
2025-10-30 06:00:00+00:00,4002.300048828125,4013.0,4002.0,4011.89990234375,67878
2025-10-30 06:15:00+00:00,3995.39990234375,4002.800048828125,3990.0,4002.39990234375,110417
2025-10-30 06:30:00+00:00,4000.300048828125,4002.0,3992.60009765625,3995.39990234375,61504
2025-10-30 06:45:00+00:00,4004.0,4006.89990234375,3998.0,4000.5,90050
2025-10-30 07:00:00+00:00,4002.800048828125,4005.5,4000.0,4004.699951171875,41976
2025-10-30 07:15:00+00:00,3999.0,4004.0,3997.699951171875,4003.5,42898
2025-10-30 07:30:00+00:00,4001.89990234375,4002.60009765625,3998.0,3999.0,40612
2025-10-30 07:45:00+00:00,3993.199951171875,4004.0,3990.0,4001.89990234375,88035
2025-10-30 08:00:00+00:00,3998.0,3998.60009765625,3988.5,3993.39990234375,51436
2025-10-30 08:15:00+00:00,3999.0,4000.10009765625,3994.5,3998.0,49860
2025-10-30 08:30:00+00:00,3991.699951171875,4000.0,3990.0,3999.10009765625,57020
2025-10-30 08:45:00+00:00,3994.89990234375,4000.39990234375,3985.5,3991.0,173078
2025-10-30 09:00:00+00:00,3992.699951171875,3996.199951171875,3990.10009765625,3996.10009765625,85809
2025-10-30 09:15:00+00:00,3985.699951171875,3993.199951171875,3976.199951171875,3992.60009765625,335842
2025-10-30 09:30:00+00:00,3988.199951171875,3989.0,3980.39990234375,3985.800048828125,157956
2025-10-30 09:45:00+00:00,3989.5,3995.0,3983.60009765625,3988.199951171875,249021
2025-10-31 03:45:00+00:00,4000.5,4007.699951171875,3980.800048828125,3998.0,61625
2025-10-31 04:00:00+00:00,4019.5,4028.39990234375,4000.800048828125,4000.800048828125,134324
2025-10-31 04:15:00+00:00,4024.199951171875,4025.0,4012.0,4019.800048828125,121548
2025-10-31 04:30:00+00:00,4024.89990234375,4029.0,4015.60009765625,4024.10009765625,61025
2025-10-31 04:45:00+00:00,4016.0,4024.89990234375,4011.89990234375,4024.89990234375,42215
2025-10-31 05:00:00+00:00,4012.199951171875,4015.89990234375,4008.39990234375,4015.89990234375,59151
2025-10-31 05:15:00+00:00,4013.800048828125,4015.0,4006.0,4012.300048828125,65578
2025-10-31 05:30:00+00:00,4012.800048828125,4014.0,4008.0,4014.0,55317
2025-10-31 05:45:00+00:00,4013.699951171875,4016.89990234375,4012.39990234375,4012.800048828125,70946
2025-10-31 06:00:00+00:00,4022.800048828125,4027.0,4013.0,4014.0,234943
2025-10-31 06:15:00+00:00,4023.0,4024.800048828125,4017.60009765625,4023.300048828125,65648
2025-10-31 06:30:00+00:00,4037.89990234375,4045.60009765625,4022.89990234375,4023.0,146791
2025-10-31 06:45:00+00:00,4030.89990234375,4044.0,4025.0,4037.89990234375,52692
2025-10-31 07:00:00+00:00,4027.699951171875,4033.0,4025.0,4030.0,42504
2025-10-31 07:15:00+00:00,4033.800048828125,4033.800048828125,4025.39990234375,4026.10009765625,72234
2025-10-31 07:30:00+00:00,4041.89990234375,4045.0,4033.699951171875,4034.10009765625,66698
2025-10-31 07:45:00+00:00,4038.89990234375,4042.0,4033.800048828125,4041.89990234375,72790
2025-10-31 08:00:00+00:00,4033.0,4041.39990234375,4031.800048828125,4038.89990234375,69108
2025-10-31 08:15:00+00:00,4035.0,4039.10009765625,4031.800048828125,4033.0,70543
2025-10-31 08:30:00+00:00,4034.699951171875,4035.0,4030.699951171875,4035.0,54378
2025-10-31 08:45:00+00:00,4034.800048828125,4035.0,4031.699951171875,4035.0,43419
2025-10-31 09:00:00+00:00,4028.60009765625,4035.0,4028.60009765625,4034.89990234375,50261
2025-10-31 09:15:00+00:00,4035.0,4035.0,4027.60009765625,4029.39990234375,94540
2025-10-31 09:30:00+00:00,4034.89990234375,4037.5,4032.199951171875,4034.699951171875,232824
2025-10-31 09:45:00+00:00,4027.0,4035.10009765625,4024.39990234375,4035.0,243384
2025-11-03 03:45:00+00:00,4027.89990234375,4038.89990234375,4022.39990234375,4028.0,49368
2025-11-03 04:00:00+00:00,4026.39990234375,4032.10009765625,4016.800048828125,4026.39990234375,58873
2025-11-03 04:15:00+00:00,4033.5,4034.0,4025.10009765625,4025.60009765625,30976
2025-11-03 04:30:00+00:00,4030.10009765625,4036.0,4027.60009765625,4034.5,43562
2025-11-03 04:45:00+00:00,4031.699951171875,4032.89990234375,4026.60009765625,4031.39990234375,27162
2025-11-03 05:00:00+00:00,4036.0,4036.60009765625,4029.5,4031.60009765625,31270
2025-11-03 05:15:00+00:00,4029.800048828125,4036.39990234375,4028.10009765625,4035.89990234375,32546
2025-11-03 05:30:00+00:00,4023.89990234375,4030.300048828125,4022.199951171875,4030.300048828125,29670
2025-11-03 05:45:00+00:00,4022.800048828125,4025.800048828125,4020.0,4023.89990234375,26008
2025-11-03 06:00:00+00:00,4017.699951171875,4024.5,4017.0,4022.800048828125,30509
2025-11-03 06:15:00+00:00,4016.0,4018.89990234375,4011.699951171875,4016.800048828125,83384
2025-11-03 06:30:00+00:00,3997.300048828125,4017.10009765625,3994.699951171875,4016.5,68052
2025-11-03 06:45:00+00:00,3999.5,4002.5,3995.300048828125,3997.199951171875,39910
2025-11-03 07:00:00+00:00,3991.10009765625,3999.89990234375,3990.60009765625,3999.10009765625,42100
2025-11-03 07:15:00+00:00,3992.60009765625,3996.199951171875,3988.10009765625,3991.0,54514
2025-11-03 07:30:00+00:00,3996.60009765625,3997.800048828125,3988.5,3992.0,33241
2025-11-03 07:45:00+00:00,3992.89990234375,3998.0,3985.39990234375,3996.300048828125,45831
2025-11-03 08:00:00+00:00,3985.39990234375,3994.5,3985.0,3993.0,33200
2025-11-03 08:15:00+00:00,3990.0,3990.0,3981.60009765625,3985.0,32527
2025-11-03 08:30:00+00:00,3988.0,3991.60009765625,3985.0,3990.0,26563
2025-11-03 08:45:00+00:00,3984.60009765625,3991.800048828125,3984.199951171875,3987.60009765625,63956
2025-11-03 09:00:00+00:00,3987.0,3989.0,3984.39990234375,3985.199951171875,19475
2025-11-03 09:15:00+00:00,3982.699951171875,3989.10009765625,3975.300048828125,3987.0,69829
2025-11-03 09:30:00+00:00,3980.39990234375,3983.10009765625,3978.0,3982.699951171875,62680
2025-11-03 09:45:00+00:00,3980.89990234375,3985.0,3977.60009765625,3980.60009765625,84021
2025-11-04 03:45:00+00:00,3967.199951171875,3988.60009765625,3959.60009765625,3982.5,35124
2025-11-04 04:00:00+00:00,3959.800048828125,3967.199951171875,3957.5,3967.199951171875,52311
2025-11-04 04:15:00+00:00,3956.5,3960.0,3953.5,3959.0,48432
2025-11-04 04:30:00+00:00,3955.5,3970.0,3955.199951171875,3956.0,31188
2025-11-04 04:45:00+00:00,3958.0,3958.0,3948.60009765625,3956.60009765625,68408
2025-11-04 05:00:00+00:00,3952.800048828125,3958.300048828125,3950.10009765625,3957.300048828125,32043
2025-11-04 05:15:00+00:00,3948.10009765625,3955.10009765625,3945.199951171875,3952.10009765625,51936
2025-11-04 05:30:00+00:00,3946.10009765625,3949.89990234375,3943.60009765625,3947.800048828125,33489
2025-11-04 05:45:00+00:00,3941.0,3946.5,3936.300048828125,3946.0,78845
2025-11-04 06:00:00+00:00,3940.60009765625,3941.60009765625,3937.0,3941.0,37030
2025-11-04 06:15:00+00:00,3940.0,3941.0,3937.0,3940.60009765625,53818
2025-11-04 06:30:00+00:00,3940.300048828125,3941.0,3936.5,3940.300048828125,26359
2025-11-04 06:45:00+00:00,3939.5,3944.89990234375,3936.0,3940.39990234375,28566
2025-11-04 07:00:00+00:00,3938.300048828125,3944.0,3935.0,3939.5,72868
2025-11-04 07:15:00+00:00,3938.199951171875,3942.699951171875,3933.0,3937.39990234375,67160
2025-11-04 07:30:00+00:00,3937.800048828125,3940.89990234375,3935.10009765625,3938.199951171875,46767
2025-11-04 07:45:00+00:00,3940.0,3943.699951171875,3937.0,3937.199951171875,72846
2025-11-04 08:00:00+00:00,3940.0,3943.699951171875,3936.89990234375,3939.5,89009
2025-11-04 08:15:00+00:00,3944.0,3944.199951171875,3938.60009765625,3940.0,45767
2025-11-04 08:30:00+00:00,3945.89990234375,3947.10009765625,3940.5,3943.89990234375,85627
2025-11-04 08:45:00+00:00,3940.0,3948.0,3933.89990234375,3945.89990234375,85997
2025-11-04 09:00:00+00:00,3937.89990234375,3946.89990234375,3937.0,3939.89990234375,91514
2025-11-04 09:15:00+00:00,3937.5,3939.89990234375,3932.60009765625,3937.39990234375,84407
2025-11-04 09:30:00+00:00,3927.699951171875,3937.800048828125,3920.39990234375,3936.300048828125,511637
2025-11-04 09:45:00+00:00,3922.5,3929.0,3918.5,3927.60009765625,166677
2025-11-06 03:45:00+00:00,3953.60009765625,3976.699951171875,3934.199951171875,3937.0,33195
2025-11-06 04:00:00+00:00,3945.0,3957.10009765625,3942.89990234375,3956.0,31470
2025-11-06 04:15:00+00:00,3946.0,3946.300048828125,3937.39990234375,3946.0,23748
2025-11-06 04:30:00+00:00,3924.39990234375,3946.39990234375,3924.39990234375,3946.39990234375,31690
2025-11-06 04:45:00+00:00,3934.199951171875,3935.39990234375,3924.39990234375,3924.39990234375,23578
2025-11-06 05:00:00+00:00,3935.10009765625,3937.39990234375,3930.0,3935.300048828125,18551
2025-11-06 05:15:00+00:00,3930.699951171875,3936.699951171875,3929.60009765625,3935.0,41536
2025-11-06 05:30:00+00:00,3927.0,3932.699951171875,3926.699951171875,3931.0,22971
2025-11-06 05:45:00+00:00,3920.0,3931.0,3918.0,3928.5,26279
2025-11-06 06:00:00+00:00,3908.800048828125,3921.10009765625,3908.0,3921.10009765625,48846
2025-11-06 06:15:00+00:00,3914.699951171875,3915.5,3907.800048828125,3908.800048828125,46506
2025-11-06 06:30:00+00:00,3907.89990234375,3918.800048828125,3907.300048828125,3914.699951171875,56201
2025-11-06 06:45:00+00:00,3912.199951171875,3913.699951171875,3905.60009765625,3908.800048828125,62253
2025-11-06 07:00:00+00:00,3907.60009765625,3920.0,3907.60009765625,3912.39990234375,75641
2025-11-06 07:15:00+00:00,3912.199951171875,3923.800048828125,3907.199951171875,3908.0,85038
2025-11-06 07:30:00+00:00,3907.199951171875,3918.699951171875,3895.0,3912.300048828125,135180
2025-11-06 07:45:00+00:00,3902.800048828125,3909.699951171875,3902.10009765625,3907.300048828125,85584
2025-11-06 08:00:00+00:00,3898.800048828125,3909.300048828125,3896.0,3902.800048828125,67592
2025-11-06 08:15:00+00:00,3895.0,3902.800048828125,3886.60009765625,3898.800048828125,77212
2025-11-06 08:30:00+00:00,3893.39990234375,3898.800048828125,3889.300048828125,3894.60009765625,54059
2025-11-06 08:45:00+00:00,3888.39990234375,3894.800048828125,3885.89990234375,3892.699951171875,41109
2025-11-06 09:00:00+00:00,3895.0,3896.39990234375,3884.0,3889.10009765625,69446
2025-11-06 09:15:00+00:00,3883.60009765625,3897.60009765625,3883.39990234375,3895.699951171875,89323
2025-11-06 09:30:00+00:00,3881.60009765625,3886.0,3872.10009765625,3885.39990234375,211536
2025-11-06 09:45:00+00:00,3881.60009765625,3899.39990234375,3877.800048828125,3881.5,203282
2025-11-07 03:45:00+00:00,3865.0,3877.10009765625,3860.60009765625,3877.10009765625,46669
2025-11-07 04:00:00+00:00,3861.5,3867.10009765625,3850.60009765625,3866.10009765625,48643
2025-11-07 04:15:00+00:00,3864.699951171875,3868.0,3857.0,3861.5,40507
2025-11-07 04:30:00+00:00,3856.300048828125,3864.10009765625,3853.0,3864.10009765625,18665
2025-11-07 04:45:00+00:00,3866.0,3868.800048828125,3854.300048828125,3856.0,15642
2025-11-07 05:00:00+00:00,3849.300048828125,3867.0,3845.0,3866.60009765625,103031
2025-11-07 05:15:00+00:00,3839.0,3853.39990234375,3838.10009765625,3849.300048828125,74159
2025-11-07 05:30:00+00:00,3855.89990234375,3857.0,3832.300048828125,3839.89990234375,89639
2025-11-07 05:45:00+00:00,3859.800048828125,3859.800048828125,3850.199951171875,3856.199951171875,63092
2025-11-07 06:00:00+00:00,3864.0,3869.0,3855.0,3859.800048828125,129429
2025-11-07 06:15:00+00:00,3865.10009765625,3866.39990234375,3860.0,3864.39990234375,43130
2025-11-07 06:30:00+00:00,3864.800048828125,3871.199951171875,3862.0,3865.0,38780
2025-11-07 06:45:00+00:00,3852.5,3865.699951171875,3850.10009765625,3864.89990234375,56562
2025-11-07 07:00:00+00:00,3855.199951171875,3859.199951171875,3851.699951171875,3852.5,55660
2025-11-07 07:15:00+00:00,3874.39990234375,3874.39990234375,3855.89990234375,3855.89990234375,49233
2025-11-07 07:30:00+00:00,3875.300048828125,3882.0,3872.0,3874.0,50805
2025-11-07 07:45:00+00:00,3881.89990234375,3888.699951171875,3871.5,3875.300048828125,60988
2025-11-07 08:00:00+00:00,3888.0,3890.0,3881.800048828125,3883.89990234375,41015
2025-11-07 08:15:00+00:00,3880.699951171875,3892.89990234375,3880.199951171875,3889.0,27361
2025-11-07 08:30:00+00:00,3875.0,3882.300048828125,3871.199951171875,3882.0,58640
2025-11-07 08:45:00+00:00,3882.699951171875,3884.5,3873.5,3875.0,98764
2025-11-07 09:00:00+00:00,3882.39990234375,3884.5,3880.0,3882.699951171875,30241
2025-11-07 09:15:00+00:00,3882.10009765625,3883.0,3879.300048828125,3881.89990234375,70488
2025-11-07 09:30:00+00:00,3883.199951171875,3886.0,3877.5,3882.10009765625,111035
2025-11-07 09:45:00+00:00,3882.5,3888.0,3875.39990234375,3883.300048828125,113847
2025-11-10 03:45:00+00:00,3904.800048828125,3921.699951171875,3895.0,3895.0,33219
2025-11-10 04:00:00+00:00,3911.0,3930.0,3905.0,3905.0,53920
2025-11-10 04:15:00+00:00,3913.800048828125,3922.60009765625,3909.5,3911.0,49060
2025-11-10 04:30:00+00:00,3912.0,3919.39990234375,3912.0,3913.199951171875,39767
2025-11-10 04:45:00+00:00,3928.699951171875,3928.699951171875,3911.800048828125,3911.800048828125,34198
2025-11-10 05:00:00+00:00,3923.39990234375,3934.10009765625,3923.39990234375,3928.699951171875,66219
2025-11-10 05:15:00+00:00,3923.0,3927.199951171875,3920.10009765625,3923.5,51755
2025-11-10 05:30:00+00:00,3923.5,3926.300048828125,3918.5,3923.0,30712
2025-11-10 05:45:00+00:00,3931.0,3931.0,3922.60009765625,3923.300048828125,55121
2025-11-10 06:00:00+00:00,3938.0,3940.0,3930.0,3930.89990234375,112157
2025-11-10 06:15:00+00:00,3933.699951171875,3943.5,3932.89990234375,3937.89990234375,130725
2025-11-10 06:30:00+00:00,3933.0,3937.89990234375,3931.0,3933.60009765625,26172
2025-11-10 06:45:00+00:00,3937.300048828125,3937.300048828125,3930.0,3933.0,33947
2025-11-10 07:00:00+00:00,3934.800048828125,3938.800048828125,3933.0,3938.0,32967
2025-11-10 07:15:00+00:00,3932.0,3935.0,3930.0,3934.800048828125,53042
2025-11-10 07:30:00+00:00,3932.5,3935.5,3931.39990234375,3932.0,34220
2025-11-10 07:45:00+00:00,3932.39990234375,3933.800048828125,3928.800048828125,3932.39990234375,71526
2025-11-10 08:00:00+00:00,3925.0,3934.0,3922.699951171875,3931.0,33595
2025-11-10 08:15:00+00:00,3927.10009765625,3928.800048828125,3919.0,3925.10009765625,58617
2025-11-10 08:30:00+00:00,3929.60009765625,3931.0,3923.10009765625,3926.800048828125,55370
2025-11-10 08:45:00+00:00,3931.5,3933.699951171875,3924.5,3929.60009765625,54463
2025-11-10 09:00:00+00:00,3920.10009765625,3932.60009765625,3919.199951171875,3931.5,44823
2025-11-10 09:15:00+00:00,3926.699951171875,3929.10009765625,3919.0,3920.10009765625,45145
2025-11-10 09:30:00+00:00,3918.699951171875,3926.699951171875,3918.10009765625,3926.699951171875,63835
2025-11-10 09:45:00+00:00,3918.5,3919.89990234375,3912.10009765625,3918.199951171875,88988
2025-11-11 03:45:00+00:00,3931.300048828125,3935.0,3913.0,3927.60009765625,16126
2025-11-11 04:00:00+00:00,3927.300048828125,3934.800048828125,3920.0,3931.300048828125,25319
2025-11-11 04:15:00+00:00,3922.199951171875,3927.800048828125,3917.5,3925.699951171875,36017
2025-11-11 04:30:00+00:00,3918.0,3926.5,3918.0,3922.699951171875,17063
2025-11-11 04:45:00+00:00,3910.199951171875,3921.5,3909.199951171875,3917.5,24404
2025-11-11 05:00:00+00:00,3901.699951171875,3912.89990234375,3901.199951171875,3910.800048828125,31093
2025-11-11 05:15:00+00:00,3905.10009765625,3906.60009765625,3898.0,3902.300048828125,40936
2025-11-11 05:30:00+00:00,3903.0,3907.0,3901.699951171875,3905.0,10717
2025-11-11 05:45:00+00:00,3899.89990234375,3905.10009765625,3897.300048828125,3902.699951171875,21703
2025-11-11 06:00:00+00:00,3903.199951171875,3903.199951171875,3897.5,3899.89990234375,19240
2025-11-11 06:15:00+00:00,3915.5,3919.0,3898.0,3903.300048828125,57590
2025-11-11 06:30:00+00:00,3921.89990234375,3924.0,3915.0,3915.5,35474
2025-11-11 06:45:00+00:00,3928.0,3931.5,3920.300048828125,3922.0,50422
2025-11-11 07:00:00+00:00,3923.0,3932.0,3921.0,3929.10009765625,46665
2025-11-11 07:15:00+00:00,3923.60009765625,3927.89990234375,3921.0,3923.0,24411
2025-11-11 07:30:00+00:00,3940.0,3940.89990234375,3922.300048828125,3923.60009765625,86622
2025-11-11 07:45:00+00:00,3940.89990234375,3944.800048828125,3937.199951171875,3940.0,34403
2025-11-11 08:00:00+00:00,3942.89990234375,3946.60009765625,3940.0,3940.5,47851
2025-11-11 08:15:00+00:00,3944.5,3954.0,3940.300048828125,3942.89990234375,72393
2025-11-11 08:30:00+00:00,3947.0,3951.199951171875,3940.699951171875,3942.0,36810
2025-11-11 08:45:00+00:00,3960.0,3961.699951171875,3947.0,3947.39990234375,165157
2025-11-11 09:00:00+00:00,3962.0,3965.0,3958.89990234375,3961.199951171875,141994
2025-11-11 09:15:00+00:00,3961.39990234375,3966.800048828125,3960.0,3962.0,177990
2025-11-11 09:30:00+00:00,3956.0,3962.199951171875,3948.10009765625,3961.300048828125,377330
2025-11-11 09:45:00+00:00,3955.0,3958.699951171875,3950.0,3956.0,141015
2025-11-12 03:45:00+00:00,3964.5,3973.300048828125,3963.10009765625,3971.5,36347
2025-11-12 04:00:00+00:00,3954.0,3964.89990234375,3954.0,3963.199951171875,37553
2025-11-12 04:15:00+00:00,3945.0,3955.0,3943.5,3953.0,23986
2025-11-12 04:30:00+00:00,3945.800048828125,3949.89990234375,3942.39990234375,3945.0,18618
2025-11-12 04:45:00+00:00,3947.10009765625,3949.800048828125,3943.0,3946.39990234375,16930
2025-11-12 05:00:00+00:00,3955.89990234375,3956.0,3946.89990234375,3947.10009765625,18085
2025-11-12 05:15:00+00:00,3950.300048828125,3955.800048828125,3949.10009765625,3955.199951171875,20136
2025-11-12 05:30:00+00:00,3953.300048828125,3956.300048828125,3948.300048828125,3950.300048828125,34921
2025-11-12 05:45:00+00:00,3949.800048828125,3957.699951171875,3949.10009765625,3953.10009765625,32891
2025-11-12 06:00:00+00:00,3951.10009765625,3954.60009765625,3948.199951171875,3949.800048828125,27246
2025-11-12 06:15:00+00:00,3947.5,3954.300048828125,3947.300048828125,3951.10009765625,24370
2025-11-12 06:30:00+00:00,3946.89990234375,3951.60009765625,3945.39990234375,3946.60009765625,37133
2025-11-12 06:45:00+00:00,3952.800048828125,3954.0,3946.10009765625,3946.89990234375,24181
2025-11-12 07:00:00+00:00,3962.39990234375,3963.0,3952.800048828125,3952.800048828125,45237
2025-11-12 07:15:00+00:00,3954.300048828125,3963.800048828125,3950.800048828125,3961.5,37869
2025-11-12 07:30:00+00:00,3952.0,3954.10009765625,3947.60009765625,3954.10009765625,40243
2025-11-12 07:45:00+00:00,3950.10009765625,3953.0,3946.0,3952.10009765625,31255
2025-11-12 08:00:00+00:00,3943.699951171875,3951.199951171875,3937.0,3950.10009765625,69648
2025-11-12 08:15:00+00:00,3947.5,3948.0,3941.0,3944.0,24758
2025-11-12 08:30:00+00:00,3948.39990234375,3951.300048828125,3945.60009765625,3947.60009765625,66894
2025-11-12 08:45:00+00:00,3946.89990234375,3954.0,3946.10009765625,3948.300048828125,55594
2025-11-12 09:00:00+00:00,3951.699951171875,3952.199951171875,3946.800048828125,3946.800048828125,54160
2025-11-12 09:15:00+00:00,3954.300048828125,3954.5,3947.60009765625,3952.0,30198
2025-11-12 09:30:00+00:00,3954.199951171875,3958.0,3953.5,3954.39990234375,69458
2025-11-12 09:45:00+00:00,3954.89990234375,3954.89990234375,3950.0,3954.199951171875,66414
2025-11-13 03:45:00+00:00,3956.0,3957.5,3926.199951171875,3947.60009765625,36689
2025-11-13 04:00:00+00:00,3946.89990234375,3959.0,3941.0,3955.5,29666
2025-11-13 04:15:00+00:00,3966.60009765625,3968.89990234375,3947.10009765625,3948.60009765625,47861
2025-11-13 04:30:00+00:00,3960.0,3968.0,3960.0,3967.89990234375,28459
2025-11-13 04:45:00+00:00,3955.39990234375,3964.89990234375,3953.89990234375,3960.60009765625,20454
2025-11-13 05:00:00+00:00,3955.0,3959.5,3953.5,3955.39990234375,14774
2025-11-13 05:15:00+00:00,3960.0,3962.0,3953.300048828125,3955.0,19441
2025-11-13 05:30:00+00:00,3963.199951171875,3968.199951171875,3959.0,3959.699951171875,29636
2025-11-13 05:45:00+00:00,3962.0,3964.89990234375,3958.0,3964.89990234375,22409
2025-11-13 06:00:00+00:00,3965.199951171875,3968.0,3961.199951171875,3962.10009765625,23441
2025-11-13 06:15:00+00:00,3972.0,3972.300048828125,3965.0,3965.0,33200
2025-11-13 06:30:00+00:00,3973.0,3974.0,3970.199951171875,3971.0,36376
2025-11-13 06:45:00+00:00,3997.300048828125,3998.0,3972.0,3972.0,95208
2025-11-13 07:00:00+00:00,4001.199951171875,4004.39990234375,3995.39990234375,3997.300048828125,216709
2025-11-13 07:15:00+00:00,4004.5,4005.5,3996.800048828125,4001.0,105738
2025-11-13 07:30:00+00:00,4002.300048828125,4012.5,4000.699951171875,4005.60009765625,64047
2025-11-13 07:45:00+00:00,4010.0,4010.0,4002.39990234375,4002.39990234375,47407
2025-11-13 08:00:00+00:00,4019.89990234375,4022.89990234375,4007.5,4009.699951171875,100413
2025-11-13 08:15:00+00:00,4002.0,4022.0,4002.0,4019.800048828125,68511
2025-11-13 08:30:00+00:00,4003.300048828125,4006.300048828125,3996.300048828125,4004.0,80224
2025-11-13 08:45:00+00:00,4002.699951171875,4004.199951171875,3996.5,4003.199951171875,79236
2025-11-13 09:00:00+00:00,3999.5,4005.39990234375,3999.5,4002.699951171875,137622
2025-11-13 09:15:00+00:00,3999.699951171875,4003.699951171875,3997.0,3999.5,103027
2025-11-13 09:30:00+00:00,4003.89990234375,4003.89990234375,3997.0,3999.0,204376
2025-11-13 09:45:00+00:00,4002.5,4010.800048828125,4001.0,4003.800048828125,152807
2025-11-14 03:45:00+00:00,3984.699951171875,4002.0,3976.0,4002.0,35725
2025-11-14 04:00:00+00:00,3992.89990234375,3995.800048828125,3983.10009765625,3984.800048828125,67297
2025-11-14 04:15:00+00:00,3987.60009765625,3995.60009765625,3982.0,3994.89990234375,33997
2025-11-14 04:30:00+00:00,3987.0,3991.89990234375,3980.10009765625,3987.60009765625,31985
2025-11-14 04:45:00+00:00,3986.0,3994.89990234375,3984.39990234375,3987.699951171875,26733
2025-11-14 05:00:00+00:00,3983.800048828125,3986.199951171875,3975.800048828125,3985.300048828125,42342
2025-11-14 05:15:00+00:00,3991.0,3993.10009765625,3978.39990234375,3983.800048828125,35957
2025-11-14 05:30:00+00:00,4000.10009765625,4003.89990234375,3990.0,3991.0,52629
2025-11-14 05:45:00+00:00,3986.0,4001.60009765625,3982.699951171875,3999.699951171875,92606
2025-11-14 06:00:00+00:00,3981.0,3986.0,3980.0,3985.800048828125,22141
2025-11-14 06:15:00+00:00,3984.10009765625,3986.5,3980.0,3980.60009765625,41332
2025-11-14 06:30:00+00:00,3988.39990234375,3990.0,3978.0,3984.0,39758
2025-11-14 06:45:00+00:00,3986.0,3992.89990234375,3980.0,3987.800048828125,60720
2025-11-14 07:00:00+00:00,3981.89990234375,3987.800048828125,3977.0,3986.0,25717
2025-11-14 07:15:00+00:00,3982.0,3985.0,3979.5,3981.5,26556
2025-11-14 07:30:00+00:00,3985.0,3987.0,3975.10009765625,3982.0,57627
2025-11-14 07:45:00+00:00,3990.89990234375,3991.10009765625,3983.199951171875,3984.10009765625,27281
2025-11-14 08:00:00+00:00,3979.199951171875,3991.0,3979.199951171875,3990.89990234375,26035
2025-11-14 08:15:00+00:00,3979.800048828125,3981.800048828125,3972.0,3978.800048828125,40349
2025-11-14 08:30:00+00:00,3980.39990234375,3982.39990234375,3976.300048828125,3979.89990234375,27629
2025-11-14 08:45:00+00:00,3987.0,3987.89990234375,3977.0,3980.10009765625,38279
2025-11-14 09:00:00+00:00,3981.5,3988.5,3980.199951171875,3987.300048828125,26814
2025-11-14 09:15:00+00:00,3975.39990234375,3984.199951171875,3973.39990234375,3982.5,61520
2025-11-14 09:30:00+00:00,4009.39990234375,4011.300048828125,3977.5,3977.5,527685
2025-11-14 09:45:00+00:00,4004.39990234375,4010.0,3999.89990234375,4009.39990234375,399288
