Price,Close,High,Low,Open,Volume
Ticker,RELIANCE.NS,RELIANCE.NS,RELIANCE.NS,RELIANCE.NS,RELIANCE.NS
Datetime,,,,,
2025-08-20 03:45:00+00:00,1412.5,1416.9000244140625,1411.9000244140625,1415.4000244140625,225080
2025-08-20 04:00:00+00:00,1418.5,1419.0,1411.5,1412.5,409837
2025-08-20 04:15:00+00:00,1421.5999755859375,1423.0,1418.5999755859375,1418.800048828125,404462
2025-08-20 04:30:00+00:00,1420.0999755859375,1421.800048828125,1419.0,1421.800048828125,290332
2025-08-20 04:45:00+00:00,1422.300048828125,1424.5,1420.0,1420.0,482088
2025-08-20 05:00:00+00:00,1422.300048828125,1423.5999755859375,1420.0,1422.300048828125,371185
2025-08-20 05:15:00+00:00,1421.199951171875,1422.9000244140625,1420.199951171875,1422.5999755859375,345969
2025-08-20 05:30:00+00:00,1422.9000244140625,1423.199951171875,1420.5,1421.199951171875,403776
2025-08-20 05:45:00+00:00,1420.0999755859375,1423.0,1419.699951171875,1423.0,579396
2025-08-20 06:00:00+00:00,1419.300048828125,1420.199951171875,1416.9000244140625,1420.0,285853
2025-08-20 06:15:00+00:00,1420.199951171875,1420.5999755859375,1419.0,1419.4000244140625,173863
2025-08-20 06:30:00+00:00,1421.300048828125,1422.199951171875,1420.0,1420.199951171875,244978
2025-08-20 06:45:00+00:00,1420.5,1422.0,1419.300048828125,1421.199951171875,247352
2025-08-20 07:00:00+00:00,1420.9000244140625,1421.4000244140625,1419.4000244140625,1420.5,156724
2025-08-20 07:15:00+00:00,1421.9000244140625,1422.4000244140625,1420.4000244140625,1420.9000244140625,218027
2025-08-20 07:30:00+00:00,1420.199951171875,1421.800048828125,1419.0,1421.699951171875,163262
2025-08-20 07:45:00+00:00,1419.0999755859375,1422.300048828125,1418.5,1420.199951171875,328595
2025-08-20 08:00:00+00:00,1417.5999755859375,1420.0,1417.4000244140625,1419.0999755859375,187181
2025-08-20 08:15:00+00:00,1419.5999755859375,1419.9000244140625,1416.9000244140625,1417.699951171875,271556
2025-08-20 08:30:00+00:00,1420.0999755859375,1421.699951171875,1419.5,1419.800048828125,243232
2025-08-20 08:45:00+00:00,1417.0,1420.0999755859375,1416.0999755859375,1420.0,234005
2025-08-20 09:00:00+00:00,1417.0,1418.300048828125,1415.5,1416.800048828125,487962
2025-08-20 09:15:00+00:00,1417.0,1418.300048828125,1416.199951171875,1417.0,317848
2025-08-20 09:30:00+00:00,1412.800048828125,1417.0,1412.699951171875,1417.0,617554
2025-08-20 09:45:00+00:00,1411.300048828125,1418.300048828125,1410.300048828125,1412.9000244140625,679583
2025-08-21 03:45:00+00:00,1426.0999755859375,1428.9000244140625,1421.0,1422.300048828125,1294826
2025-08-21 04:00:00+00:00,1427.699951171875,1430.9000244140625,1426.0,1426.0999755859375,817560
2025-08-21 04:15:00+00:00,1430.0999755859375,1430.800048828125,1427.199951171875,1427.699951171875,432617
2025-08-21 04:30:00+00:00,1429.800048828125,1431.9000244140625,1429.0999755859375,1430.0999755859375,420306
2025-08-21 04:45:00+00:00,1429.4000244140625,1431.0,1428.5999755859375,1429.800048828125,266562
2025-08-21 05:00:00+00:00,1430.0,1430.9000244140625,1427.5999755859375,1429.300048828125,657601
2025-08-21 05:15:00+00:00,1427.9000244140625,1430.0999755859375,1427.0999755859375,1430.0999755859375,348355
2025-08-21 05:30:00+00:00,1427.5999755859375,1428.300048828125,1426.0,1428.0999755859375,412561
2025-08-21 05:45:00+00:00,1427.5999755859375,1429.5999755859375,1427.0,1427.5999755859375,399236
2025-08-21 06:00:00+00:00,1428.9000244140625,1428.9000244140625,1426.5999755859375,1427.5,268773
2025-08-21 06:15:00+00:00,1426.5,1428.9000244140625,1425.699951171875,1428.9000244140625,235279
2025-08-21 06:30:00+00:00,1426.0999755859375,1427.199951171875,1425.0,1426.699951171875,239063
2025-08-21 06:45:00+00:00,1425.800048828125,1427.699951171875,1424.5,1426.0999755859375,294500
2025-08-21 07:00:00+00:00,1428.9000244140625,1429.0,1425.5,1425.800048828125,250480
2025-08-21 07:15:00+00:00,1428.699951171875,1429.800048828125,1425.5999755859375,1428.9000244140625,445392
2025-08-21 07:30:00+00:00,1428.9000244140625,1429.0,1425.5,1428.4000244140625,252792
2025-08-21 07:45:00+00:00,1429.0,1430.0,1428.199951171875,1428.800048828125,184470
2025-08-21 08:00:00+00:00,1428.0999755859375,1430.0,1426.300048828125,1429.0,447019
2025-08-21 08:15:00+00:00,1429.800048828125,1429.800048828125,1427.5999755859375,1428.0999755859375,329127
2025-08-21 08:30:00+00:00,1430.0,1430.800048828125,1428.5999755859375,1429.9000244140625,505509
2025-08-21 08:45:00+00:00,1429.0,1430.9000244140625,1428.0999755859375,1429.9000244140625,395731
2025-08-21 09:00:00+00:00,1429.0,1429.9000244140625,1427.300048828125,1429.4000244140625,281188
2025-08-21 09:15:00+00:00,1427.699951171875,1429.4000244140625,1427.0999755859375,1429.0,235854
2025-08-21 09:30:00+00:00,1424.300048828125,1427.699951171875,1423.800048828125,1427.699951171875,830497
2025-08-21 09:45:00+00:00,1424.5,1425.800048828125,1421.5999755859375,1424.199951171875,772988
2025-08-22 03:45:00+00:00,1416.5999755859375,1422.9000244140625,1415.300048828125,1422.0,657971
2025-08-22 04:00:00+00:00,1418.0999755859375,1419.9000244140625,1415.0999755859375,1416.5999755859375,200613
2025-08-22 04:15:00+00:00,1417.800048828125,1419.4000244140625,1416.4000244140625,1418.0999755859375,121013
2025-08-22 04:30:00+00:00,1420.699951171875,1421.5999755859375,1418.0999755859375,1418.300048828125,165671
2025-08-22 04:45:00+00:00,1417.9000244140625,1420.5999755859375,1416.0,1420.4000244140625,240263
2025-08-22 05:00:00+00:00,1418.199951171875,1419.5,1417.199951171875,1417.699951171875,109170
2025-08-22 05:15:00+00:00,1415.9000244140625,1418.300048828125,1415.5,1418.300048828125,106809
2025-08-22 05:30:00+00:00,1414.4000244140625,1416.699951171875,1413.0999755859375,1416.4000244140625,386863
2025-08-22 05:45:00+00:00,1414.199951171875,1416.699951171875,1413.0,1414.4000244140625,379924
2025-08-22 06:00:00+00:00,1414.5,1416.9000244140625,1414.0999755859375,1414.300048828125,223865
2025-08-22 06:15:00+00:00,1415.5999755859375,1415.9000244140625,1413.300048828125,1414.0999755859375,183396
2025-08-22 06:30:00+00:00,1413.5999755859375,1415.5999755859375,1413.5,1415.5999755859375,183005
2025-08-22 06:45:00+00:00,1412.5999755859375,1413.9000244140625,1411.199951171875,1413.9000244140625,159766
2025-08-22 07:00:00+00:00,1411.9000244140625,1412.699951171875,1411.4000244140625,1412.5999755859375,120945
2025-08-22 07:15:00+00:00,1413.800048828125,1414.0,1411.5999755859375,1411.5999755859375,161949
2025-08-22 07:30:00+00:00,1413.300048828125,1413.9000244140625,1411.5999755859375,1413.300048828125,136675
2025-08-22 07:45:00+00:00,1415.5,1416.0999755859375,1413.0999755859375,1413.199951171875,117321
2025-08-22 08:00:00+00:00,1415.699951171875,1416.300048828125,1414.5999755859375,1415.5,138567
2025-08-22 08:15:00+00:00,1415.5,1416.5,1415.4000244140625,1415.5999755859375,84372
2025-08-22 08:30:00+00:00,1414.4000244140625,1415.5,1414.300048828125,1415.5,100320
2025-08-22 08:45:00+00:00,1413.0,1415.0,1412.0,1414.4000244140625,155581
2025-08-22 09:00:00+00:00,1410.5,1413.300048828125,1410.0,1413.300048828125,236088
2025-08-22 09:15:00+00:00,1410.5,1411.9000244140625,1409.800048828125,1410.699951171875,139853
2025-08-22 09:30:00+00:00,1408.9000244140625,1410.5,1408.0,1410.4000244140625,686434
2025-08-22 09:45:00+00:00,1410.0,1410.0999755859375,1408.9000244140625,1408.9000244140625,620954
2025-08-25 03:45:00+00:00,1415.800048828125,1416.800048828125,1410.800048828125,1412.0,233222
2025-08-25 04:00:00+00:00,1414.800048828125,1416.5,1413.0,1415.699951171875,255052
2025-08-25 04:15:00+00:00,1410.0999755859375,1415.0999755859375,1410.0999755859375,1414.800048828125,223820
2025-08-25 04:30:00+00:00,1408.5,1411.199951171875,1405.800048828125,1410.300048828125,310328
2025-08-25 04:45:00+00:00,1409.199951171875,1409.9000244140625,1406.5999755859375,1408.699951171875,161207
2025-08-25 05:00:00+00:00,1410.9000244140625,1411.4000244140625,1408.4000244140625,1409.0,237147
2025-08-25 05:15:00+00:00,1412.800048828125,1413.9000244140625,1410.800048828125,1410.800048828125,199643
2025-08-25 05:30:00+00:00,1411.0999755859375,1413.0,1410.5,1412.800048828125,150635
2025-08-25 05:45:00+00:00,1410.9000244140625,1411.9000244140625,1410.5,1411.199951171875,200239
2025-08-25 06:00:00+00:00,1410.5,1411.300048828125,1409.199951171875,1411.0,311295
2025-08-25 06:15:00+00:00,1409.800048828125,1412.0,1407.5999755859375,1410.5,271080
2025-08-25 06:30:00+00:00,1410.0,1410.4000244140625,1409.300048828125,1409.800048828125,147867
2025-08-25 06:45:00+00:00,1409.699951171875,1410.5999755859375,1408.800048828125,1410.0999755859375,143478
2025-08-25 07:00:00+00:00,1410.4000244140625,1411.5999755859375,1408.4000244140625,1409.699951171875,169734
2025-08-25 07:15:00+00:00,1414.0,1415.0,1410.4000244140625,1410.5,211622
2025-08-25 07:30:00+00:00,1416.0999755859375,1416.5,1413.9000244140625,1414.0,205532
2025-08-25 07:45:00+00:00,1414.9000244140625,1416.5,1414.5,1416.5,218611
2025-08-25 08:00:00+00:00,1415.4000244140625,1415.5,1414.699951171875,1414.9000244140625,122921
2025-08-25 08:15:00+00:00,1417.9000244140625,1419.5,1415.300048828125,1415.4000244140625,226299
2025-08-25 08:30:00+00:00,1415.5,1418.0,1415.0999755859375,1417.699951171875,149306
2025-08-25 08:45:00+00:00,1414.0999755859375,1417.300048828125,1412.5999755859375,1415.5,259620
2025-08-25 09:00:00+00:00,1410.699951171875,1414.300048828125,1410.0,1414.300048828125,313828
2025-08-25 09:15:00+00:00,1412.5,1413.0999755859375,1409.699951171875,1410.5,154558
2025-08-25 09:30:00+00:00,1410.199951171875,1412.5,1410.0,1412.5,314072
2025-08-25 09:45:00+00:00,1412.5999755859375,1415.5,1410.199951171875,1410.300048828125,275710
2025-08-26 03:45:00+00:00,1408.0,1409.9000244140625,1404.0,1408.300048828125,476061
2025-08-26 04:00:00+00:00,1404.699951171875,1408.699951171875,1404.5,1408.0,447861
2025-08-26 04:15:00+00:00,1400.5999755859375,1405.0,1398.5999755859375,1404.9000244140625,385125
2025-08-26 04:30:00+00:00,1402.199951171875,1403.9000244140625,1398.5,1400.5,133799
2025-08-26 04:45:00+00:00,1402.800048828125,1403.699951171875,1400.0,1402.4000244140625,97303
2025-08-26 05:00:00+00:00,1398.699951171875,1403.4000244140625,1396.199951171875,1403.0,178271
2025-08-26 05:15:00+00:00,1398.800048828125,1398.9000244140625,1396.5999755859375,1398.5999755859375,142858
2025-08-26 05:30:00+00:00,1398.699951171875,1399.9000244140625,1396.9000244140625,1398.800048828125,116915
2025-08-26 05:45:00+00:00,1399.0,1400.5999755859375,1397.800048828125,1398.699951171875,96632
2025-08-26 06:00:00+00:00,1398.0999755859375,1400.0,1396.800048828125,1398.9000244140625,160927
2025-08-26 06:15:00+00:00,1397.0,1398.0,1396.0999755859375,1398.0,136798
2025-08-26 06:30:00+00:00,1395.5,1397.9000244140625,1395.0999755859375,1396.800048828125,188310
2025-08-26 06:45:00+00:00,1395.4000244140625,1397.699951171875,1395.4000244140625,1395.4000244140625,179885
2025-08-26 07:00:00+00:00,1394.4000244140625,1395.800048828125,1393.0999755859375,1395.4000244140625,151884
2025-08-26 07:15:00+00:00,1394.0,1395.9000244140625,1393.699951171875,1394.5,134586
2025-08-26 07:30:00+00:00,1394.5999755859375,1395.5999755859375,1393.5,1394.0,338283
2025-08-26 07:45:00+00:00,1395.0,1395.699951171875,1393.199951171875,1394.5999755859375,280194
2025-08-26 08:00:00+00:00,1394.9000244140625,1396.800048828125,1394.0,1395.0,346069
2025-08-26 08:15:00+00:00,1394.0999755859375,1395.0,1392.300048828125,1394.699951171875,355297
2025-08-26 08:30:00+00:00,1392.5,1395.5,1391.5,1394.199951171875,396678
2025-08-26 08:45:00+00:00,1394.0,1394.199951171875,1391.4000244140625,1392.4000244140625,282360
2025-08-26 09:00:00+00:00,1394.199951171875,1394.699951171875,1392.0999755859375,1394.199951171875,240932
2025-08-26 09:15:00+00:00,1393.800048828125,1394.699951171875,1392.5999755859375,1394.300048828125,259039
2025-08-26 09:30:00+00:00,1384.0999755859375,1393.800048828125,1382.9000244140625,1393.800048828125,3480105
2025-08-26 09:45:00+00:00,1384.0,1385.0,1382.0,1384.4000244140625,3133942
2025-08-28 03:45:00+00:00,1369.5,1387.300048828125,1368.199951171875,1387.300048828125,489630
2025-08-28 04:00:00+00:00,1374.199951171875,1374.199951171875,1366.9000244140625,1369.5,451617
2025-08-28 04:15:00+00:00,1382.4000244140625,1382.5,1373.699951171875,1374.300048828125,590969
2025-08-28 04:30:00+00:00,1381.0,1386.5999755859375,1380.4000244140625,1382.4000244140625,495223
2025-08-28 04:45:00+00:00,1381.0,1383.800048828125,1379.699951171875,1380.699951171875,284074
2025-08-28 05:00:00+00:00,1380.699951171875,1382.800048828125,1380.0,1381.0999755859375,294588
2025-08-28 05:15:00+00:00,1383.699951171875,1384.5999755859375,1379.300048828125,1380.699951171875,644291
2025-08-28 05:30:00+00:00,1383.4000244140625,1387.5,1383.0999755859375,1383.5999755859375,802696
2025-08-28 05:45:00+00:00,1380.5,1383.4000244140625,1380.5,1383.4000244140625,266644
2025-08-28 06:00:00+00:00,1379.5999755859375,1382.199951171875,1378.5,1380.5,330662
2025-08-28 06:15:00+00:00,1377.800048828125,1380.800048828125,1377.5999755859375,1379.5,278671
2025-08-28 06:30:00+00:00,1380.800048828125,1382.199951171875,1377.5,1377.800048828125,321134
2025-08-28 06:45:00+00:00,1377.0,1380.800048828125,1376.0,1380.699951171875,264151
2025-08-28 07:00:00+00:00,1377.300048828125,1377.5,1375.5,1377.0,201679
2025-08-28 07:15:00+00:00,1376.5,1380.0999755859375,1376.4000244140625,1377.300048828125,261819
2025-08-28 07:30:00+00:00,1376.699951171875,1377.0,1374.9000244140625,1376.5,296247
2025-08-28 07:45:00+00:00,1375.699951171875,1376.9000244140625,1374.699951171875,1376.5999755859375,256441
2025-08-28 08:00:00+00:00,1375.699951171875,1376.5,1373.5,1375.5,298909
2025-08-28 08:15:00+00:00,1375.0999755859375,1376.5,1374.5999755859375,1375.699951171875,254742
2025-08-28 08:30:00+00:00,1381.0,1381.300048828125,1375.0,1375.0999755859375,525609
2025-08-28 08:45:00+00:00,1382.0999755859375,1383.5,1378.699951171875,1380.4000244140625,546910
2025-08-28 09:00:00+00:00,1379.9000244140625,1382.300048828125,1379.0999755859375,1381.5,564733
2025-08-28 09:15:00+00:00,1381.0999755859375,1384.0,1377.199951171875,1379.9000244140625,700139
2025-08-28 09:30:00+00:00,1389.0,1389.0,1379.300048828125,1381.4000244140625,1338961
2025-08-28 09:45:00+00:00,1385.9000244140625,1392.199951171875,1385.9000244140625,1389.0,750850
2025-08-29 03:45:00+00:00,1390.4000244140625,1396.5999755859375,1385.5,1388.800048828125,1930798
2025-08-29 04:00:00+00:00,1387.4000244140625,1390.5999755859375,1382.0999755859375,1390.4000244140625,585618
2025-08-29 04:15:00+00:00,1385.800048828125,1388.0,1385.199951171875,1387.5999755859375,297453
2025-08-29 04:30:00+00:00,1384.300048828125,1385.9000244140625,1383.0,1385.4000244140625,249706
2025-08-29 04:45:00+00:00,1386.0,1388.0,1384.0,1384.300048828125,287858
2025-08-29 05:00:00+00:00,1388.0,1388.9000244140625,1386.0,1386.0999755859375,220561
2025-08-29 05:15:00+00:00,1385.9000244140625,1388.5,1385.199951171875,1388.0,219475
2025-08-29 05:30:00+00:00,1387.9000244140625,1389.4000244140625,1385.5,1385.800048828125,323936
2025-08-29 05:45:00+00:00,1388.0999755859375,1388.800048828125,1386.5999755859375,1387.9000244140625,154629
2025-08-29 06:00:00+00:00,1387.9000244140625,1388.800048828125,1386.4000244140625,1388.0999755859375,210012
2025-08-29 06:15:00+00:00,1385.699951171875,1388.300048828125,1385.0,1387.800048828125,179290
2025-08-29 06:30:00+00:00,1388.0,1388.5999755859375,1385.0,1385.699951171875,160782
2025-08-29 06:45:00+00:00,1386.0999755859375,1388.300048828125,1386.0,1388.0999755859375,173662
2025-08-29 07:00:00+00:00,1386.9000244140625,1387.5999755859375,1385.699951171875,1386.199951171875,200453
2025-08-29 07:15:00+00:00,1387.300048828125,1388.300048828125,1386.0,1387.0,299381
2025-08-29 07:30:00+00:00,1384.699951171875,1387.199951171875,1384.0999755859375,1387.0999755859375,191638
2025-08-29 07:45:00+00:00,1387.0,1387.300048828125,1384.5,1384.699951171875,287306
2025-08-29 08:00:00+00:00,1385.9000244140625,1388.0,1385.300048828125,1387.0,311516
2025-08-29 08:15:00+00:00,1386.0,1389.0,1384.4000244140625,1385.300048828125,411975
2025-08-29 08:30:00+00:00,1388.0,1388.800048828125,1384.9000244140625,1386.0,885017
2025-08-29 08:45:00+00:00,1367.699951171875,1402.800048828125,1362.4000244140625,1388.0,3200837
2025-08-29 09:00:00+00:00,1357.0999755859375,1372.0,1350.4000244140625,1368.5,1788464
2025-08-29 09:15:00+00:00,1366.4000244140625,1367.800048828125,1356.300048828125,1356.9000244140625,1782991
2025-08-29 09:30:00+00:00,1356.5999755859375,1366.4000244140625,1356.0,1366.4000244140625,2084880
2025-08-29 09:45:00+00:00,1355.0,1359.0,1350.0,1357.199951171875,2308705
2025-09-01 03:45:00+00:00,1352.800048828125,1356.0,1341.199951171875,1356.0,667141
2025-09-01 04:00:00+00:00,1353.0,1353.0,1350.199951171875,1353.0,442401
2025-09-01 04:15:00+00:00,1353.5,1354.0,1351.300048828125,1352.9000244140625,484668
2025-09-01 04:30:00+00:00,1351.300048828125,1353.9000244140625,1350.4000244140625,1353.5,285388
2025-09-01 04:45:00+00:00,1352.4000244140625,1353.5,1350.800048828125,1351.4000244140625,312863
2025-09-01 05:00:00+00:00,1352.300048828125,1353.0,1351.0999755859375,1352.5,303712
2025-09-01 05:15:00+00:00,1352.199951171875,1353.199951171875,1351.0,1352.300048828125,518089
2025-09-01 05:30:00+00:00,1352.5999755859375,1353.800048828125,1351.699951171875,1352.199951171875,189476
2025-09-01 05:45:00+00:00,1351.800048828125,1352.9000244140625,1350.800048828125,1352.699951171875,215214
2025-09-01 06:00:00+00:00,1350.5999755859375,1352.0,1350.0,1351.9000244140625,209347
2025-09-01 06:15:00+00:00,1350.699951171875,1351.0,1348.5999755859375,1350.699951171875,307648
2025-09-01 06:30:00+00:00,1353.0,1353.5,1350.5999755859375,1350.699951171875,384342
2025-09-01 06:45:00+00:00,1356.300048828125,1357.9000244140625,1351.9000244140625,1353.0,618091
2025-09-01 07:00:00+00:00,1357.9000244140625,1359.0,1355.300048828125,1356.5,404150
2025-09-01 07:15:00+00:00,1356.5999755859375,1358.4000244140625,1355.199951171875,1357.5,264956
2025-09-01 07:30:00+00:00,1356.9000244140625,1357.199951171875,1354.699951171875,1356.5999755859375,263330
2025-09-01 07:45:00+00:00,1358.699951171875,1358.9000244140625,1356.0,1356.9000244140625,451358
2025-09-01 08:00:00+00:00,1362.0,1363.199951171875,1358.5,1358.5,437932
2025-09-01 08:15:00+00:00,1361.9000244140625,1362.9000244140625,1360.800048828125,1361.800048828125,250668
2025-09-01 08:30:00+00:00,1360.0999755859375,1362.800048828125,1360.0,1361.800048828125,323065
2025-09-01 08:45:00+00:00,1358.699951171875,1360.300048828125,1358.5,1360.0999755859375,268634
2025-09-01 09:00:00+00:00,1354.199951171875,1359.4000244140625,1354.0,1358.699951171875,364584
2025-09-01 09:15:00+00:00,1356.199951171875,1356.699951171875,1353.5999755859375,1354.199951171875,385533
2025-09-01 09:30:00+00:00,1353.0999755859375,1356.199951171875,1352.699951171875,1356.199951171875,776338
2025-09-01 09:45:00+00:00,1355.0,1355.5,1352.5,1353.300048828125,989013
2025-09-02 03:45:00+00:00,1373.699951171875,1377.800048828125,1359.9000244140625,1359.9000244140625,580293
2025-09-02 04:00:00+00:00,1377.4000244140625,1381.0,1373.5,1373.699951171875,797907
2025-09-02 04:15:00+00:00,1381.5999755859375,1383.9000244140625,1377.4000244140625,1377.5,445277
2025-09-02 04:30:00+00:00,1379.199951171875,1384.5,1379.0,1381.199951171875,432371
2025-09-02 04:45:00+00:00,1377.5,1379.800048828125,1375.699951171875,1379.199951171875,258299
2025-09-02 05:00:00+00:00,1379.699951171875,1380.0,1376.0999755859375,1377.199951171875,256919
2025-09-02 05:15:00+00:00,1381.199951171875,1381.300048828125,1379.199951171875,1379.9000244140625,330301
2025-09-02 05:30:00+00:00,1382.5999755859375,1384.0,1380.5,1380.800048828125,575505
2025-09-02 05:45:00+00:00,1380.300048828125,1384.300048828125,1380.0,1382.5999755859375,587187
2025-09-02 06:00:00+00:00,1379.300048828125,1381.5,1378.699951171875,1380.300048828125,344109
2025-09-02 06:15:00+00:00,1379.0999755859375,1380.0,1378.5,1379.300048828125,236490
2025-09-02 06:30:00+00:00,1376.699951171875,1380.0,1376.199951171875,1378.5999755859375,234230
2025-09-02 06:45:00+00:00,1377.300048828125,1377.800048828125,1375.0,1376.800048828125,214360
2025-09-02 07:00:00+00:00,1377.0,1379.5,1375.0999755859375,1377.300048828125,455720
2025-09-02 07:15:00+00:00,1378.300048828125,1378.9000244140625,1376.800048828125,1377.4000244140625,296418
2025-09-02 07:30:00+00:00,1376.4000244140625,1380.0,1375.5,1378.5,347648
2025-09-02 07:45:00+00:00,1373.4000244140625,1377.300048828125,1372.699951171875,1376.4000244140625,401078
2025-09-02 08:00:00+00:00,1370.699951171875,1374.9000244140625,1369.0999755859375,1372.699951171875,373832
2025-09-02 08:15:00+00:00,1366.5999755859375,1372.0,1366.5,1370.5999755859375,423842
2025-09-02 08:30:00+00:00,1365.0,1368.699951171875,1363.699951171875,1367.0,438051
2025-09-02 08:45:00+00:00,1365.300048828125,1369.4000244140625,1364.0,1365.0,467509
2025-09-02 09:00:00+00:00,1366.9000244140625,1370.199951171875,1364.199951171875,1365.5,383203
2025-09-02 09:15:00+00:00,1364.0999755859375,1368.4000244140625,1363.5,1366.800048828125,373292
2025-09-02 09:30:00+00:00,1366.699951171875,1367.5,1364.0999755859375,1364.0999755859375,588938
2025-09-02 09:45:00+00:00,1366.5,1367.800048828125,1365.0999755859375,1366.800048828125,550840
2025-09-03 03:45:00+00:00,1367.0,1370.4000244140625,1361.0,1370.4000244140625,337454
2025-09-03 04:00:00+00:00,1364.4000244140625,1368.199951171875,1363.5,1367.0,352319
2025-09-03 04:15:00+00:00,1366.199951171875,1366.5,1363.199951171875,1364.300048828125,222197
2025-09-03 04:30:00+00:00,1368.699951171875,1369.0,1366.0,1366.199951171875,235532
2025-09-03 04:45:00+00:00,1368.0999755859375,1369.199951171875,1367.0,1368.699951171875,123125
2025-09-03 05:00:00+00:00,1366.699951171875,1367.9000244140625,1365.5,1367.9000244140625,107718
2025-09-03 05:15:00+00:00,1367.5,1367.9000244140625,1366.0999755859375,1366.5999755859375,142096
2025-09-03 05:30:00+00:00,1367.4000244140625,1368.0,1364.5,1367.199951171875,430835
2025-09-03 05:45:00+00:00,1368.0,1370.300048828125,1366.0,1367.9000244140625,433678
2025-09-03 06:00:00+00:00,1368.300048828125,1368.800048828125,1367.4000244140625,1368.0,137117
2025-09-03 06:15:00+00:00,1369.300048828125,1370.5,1367.5999755859375,1368.0999755859375,186152
2025-09-03 06:30:00+00:00,1373.5999755859375,1373.800048828125,1369.199951171875,1369.300048828125,200463
2025-09-03 06:45:00+00:00,1372.0999755859375,1374.5,1372.0,1373.199951171875,283762
2025-09-03 07:00:00+00:00,1370.4000244140625,1373.0,1370.0,1372.699951171875,260690
2025-09-03 07:15:00+00:00,1368.300048828125,1371.199951171875,1366.800048828125,1370.4000244140625,248835
2025-09-03 07:30:00+00:00,1368.0,1369.5,1367.4000244140625,1368.0,228499
2025-09-03 07:45:00+00:00,1368.199951171875,1369.800048828125,1366.0999755859375,1368.0,323735
2025-09-03 08:00:00+00:00,1367.699951171875,1368.699951171875,1366.300048828125,1368.199951171875,331255
2025-09-03 08:15:00+00:00,1369.800048828125,1369.9000244140625,1367.300048828125,1367.5999755859375,286082
2025-09-03 08:30:00+00:00,1369.0,1369.9000244140625,1368.0,1369.699951171875,267612
2025-09-03 08:45:00+00:00,1368.800048828125,1369.4000244140625,1367.300048828125,1368.699951171875,295649
2025-09-03 09:00:00+00:00,1367.800048828125,1370.0,1367.699951171875,1368.9000244140625,174181
2025-09-03 09:15:00+00:00,1369.199951171875,1370.0,1367.800048828125,1367.9000244140625,191121
2025-09-03 09:30:00+00:00,1374.5,1376.300048828125,1368.9000244140625,1369.0999755859375,840667
2025-09-03 09:45:00+00:00,1372.0,1374.5999755859375,1371.0,1374.5,614470
2025-09-04 03:45:00+00:00,1365.0,1373.5999755859375,1363.0999755859375,1370.0,1821048
2025-09-04 04:00:00+00:00,1367.5999755859375,1368.9000244140625,1365.4000244140625,1365.4000244140625,502328
2025-09-04 04:15:00+00:00,1368.0,1369.9000244140625,1366.5,1367.4000244140625,320761
2025-09-04 04:30:00+00:00,1365.199951171875,1368.800048828125,1365.199951171875,1368.0,214198
2025-09-04 04:45:00+00:00,1364.9000244140625,1365.9000244140625,1364.0999755859375,1365.0999755859375,203263
2025-09-04 05:00:00+00:00,1361.800048828125,1365.4000244140625,1361.5,1364.9000244140625,721995
2025-09-04 05:15:00+00:00,1363.5,1365.4000244140625,1360.300048828125,1361.699951171875,386511
2025-09-04 05:30:00+00:00,1362.4000244140625,1364.800048828125,1362.199951171875,1363.5,178443
2025-09-04 05:45:00+00:00,1363.5,1363.800048828125,1361.5999755859375,1362.4000244140625,264755
2025-09-04 06:00:00+00:00,1365.300048828125,1366.300048828125,1363.4000244140625,1363.800048828125,715480
2025-09-04 06:15:00+00:00,1365.9000244140625,1367.0999755859375,1364.699951171875,1365.5,510331
2025-09-04 06:30:00+00:00,1366.300048828125,1367.0,1364.0,1365.9000244140625,766117
2025-09-04 06:45:00+00:00,1364.0,1365.9000244140625,1363.0,1365.9000244140625,274947
2025-09-04 07:00:00+00:00,1365.0,1365.0999755859375,1362.9000244140625,1363.9000244140625,312001
2025-09-04 07:15:00+00:00,1365.0,1366.300048828125,1364.0999755859375,1365.0,630764
2025-09-04 07:30:00+00:00,1364.5,1366.199951171875,1363.300048828125,1365.5,405202
2025-09-04 07:45:00+00:00,1363.5999755859375,1365.300048828125,1363.0999755859375,1364.5,281049
2025-09-04 08:00:00+00:00,1362.199951171875,1364.800048828125,1361.0999755859375,1363.800048828125,404587
2025-09-04 08:15:00+00:00,1361.300048828125,1362.9000244140625,1360.5,1362.0,362739
2025-09-04 08:30:00+00:00,1361.5999755859375,1362.9000244140625,1360.9000244140625,1361.199951171875,304248
2025-09-04 08:45:00+00:00,1359.800048828125,1362.5999755859375,1359.0,1361.5999755859375,506406
2025-09-04 09:00:00+00:00,1363.800048828125,1363.9000244140625,1359.699951171875,1359.800048828125,566086
2025-09-04 09:15:00+00:00,1362.300048828125,1365.0,1360.0999755859375,1363.5,1009999
2025-09-04 09:30:00+00:00,1358.300048828125,1362.0,1357.800048828125,1361.9000244140625,790090
2025-09-04 09:45:00+00:00,1359.199951171875,1360.0,1357.0999755859375,1358.300048828125,766952
2025-09-05 03:45:00+00:00,1369.800048828125,1371.5999755859375,1363.9000244140625,1363.9000244140625,449675
2025-09-05 04:00:00+00:00,1370.0,1372.5999755859375,1368.5999755859375,1369.699951171875,222611
2025-09-05 04:15:00+00:00,1368.5,1370.300048828125,1368.0999755859375,1369.9000244140625,125040
2025-09-05 04:30:00+00:00,1364.4000244140625,1369.5,1363.0999755859375,1368.699951171875,177666
2025-09-05 04:45:00+00:00,1368.5999755859375,1368.9000244140625,1362.699951171875,1364.4000244140625,178555
2025-09-05 05:00:00+00:00,1367.0,1369.0,1366.4000244140625,1368.800048828125,96328
2025-09-05 05:15:00+00:00,1361.5,1367.0999755859375,1359.4000244140625,1367.0,392898
2025-09-05 05:30:00+00:00,1365.5999755859375,1365.699951171875,1360.9000244140625,1361.5,128309
2025-09-05 05:45:00+00:00,1367.0,1367.4000244140625,1364.0,1365.5,190645
2025-09-05 06:00:00+00:00,1367.5999755859375,1368.9000244140625,1366.0999755859375,1367.300048828125,302703
2025-09-05 06:15:00+00:00,1367.0,1367.9000244140625,1365.800048828125,1367.4000244140625,159489
2025-09-05 06:30:00+00:00,1367.0999755859375,1368.4000244140625,1365.699951171875,1367.0,103309
2025-09-05 06:45:00+00:00,1365.699951171875,1367.5,1365.0999755859375,1367.0,113063
2025-09-05 07:00:00+00:00,1364.4000244140625,1366.800048828125,1363.0999755859375,1365.800048828125,112648
2025-09-05 07:15:00+00:00,1367.199951171875,1367.5,1363.199951171875,1364.4000244140625,167606
2025-09-05 07:30:00+00:00,1370.699951171875,1371.199951171875,1367.0999755859375,1367.0999755859375,158982
2025-09-05 07:45:00+00:00,1372.5999755859375,1374.800048828125,1370.699951171875,1370.699951171875,237903
2025-09-05 08:00:00+00:00,1372.800048828125,1373.0,1371.199951171875,1372.800048828125,130292
2025-09-05 08:15:00+00:00,1377.9000244140625,1378.0,1373.0,1373.300048828125,296498
2025-09-05 08:30:00+00:00,1374.699951171875,1380.9000244140625,1374.300048828125,1378.0,298205
2025-09-05 08:45:00+00:00,1374.5,1376.5999755859375,1373.699951171875,1374.5999755859375,291296
2025-09-05 09:00:00+00:00,1372.5999755859375,1375.800048828125,1371.699951171875,1374.5,297441
2025-09-05 09:15:00+00:00,1374.5,1374.9000244140625,1372.5999755859375,1372.800048828125,171938
2025-09-05 09:30:00+00:00,1375.699951171875,1376.4000244140625,1373.0,1374.5,547676
2025-09-05 09:45:00+00:00,1376.0,1376.0999755859375,1373.5,1375.800048828125,425552
2025-09-08 03:45:00+00:00,1375.0999755859375,1381.4000244140625,1373.5999755859375,1379.9000244140625,372821
2025-09-08 04:00:00+00:00,1376.5,1380.0999755859375,1374.699951171875,1375.0999755859375,295228
2025-09-08 04:15:00+00:00,1376.800048828125,1377.9000244140625,1375.5999755859375,1376.9000244140625,197028
2025-09-08 04:30:00+00:00,1376.0,1378.300048828125,1375.5,1376.5,165528
2025-09-08 04:45:00+00:00,1374.0999755859375,1376.699951171875,1373.0,1376.0999755859375,220828
2025-09-08 05:00:00+00:00,1376.0,1377.300048828125,1372.4000244140625,1374.0,276974
2025-09-08 05:15:00+00:00,1374.4000244140625,1377.199951171875,1374.199951171875,1375.800048828125,116043
2025-09-08 05:30:00+00:00,1376.300048828125,1376.300048828125,1374.300048828125,1374.5,119933
2025-09-08 05:45:00+00:00,1376.0,1376.300048828125,1375.300048828125,1376.0999755859375,125401
2025-09-08 06:00:00+00:00,1376.5,1376.5999755859375,1375.0,1376.0,128156
2025-09-08 06:15:00+00:00,1375.5999755859375,1376.5999755859375,1375.0999755859375,1376.5,97860
2025-09-08 06:30:00+00:00,1378.0,1378.0,1375.5999755859375,1376.0,93532
2025-09-08 06:45:00+00:00,1377.4000244140625,1379.0,1377.0,1378.0999755859375,138544
2025-09-08 07:00:00+00:00,1380.300048828125,1383.199951171875,1376.699951171875,1377.5999755859375,257699
2025-09-08 07:15:00+00:00,1384.300048828125,1384.4000244140625,1380.300048828125,1380.300048828125,322371
2025-09-08 07:30:00+00:00,1384.0,1386.0,1382.300048828125,1384.4000244140625,316960
2025-09-08 07:45:00+00:00,1383.199951171875,1384.5,1382.0999755859375,1383.9000244140625,271051
2025-09-08 08:00:00+00:00,1382.0999755859375,1384.0,1381.5,1383.4000244140625,171666
2025-09-08 08:15:00+00:00,1384.300048828125,1384.5,1381.5,1382.300048828125,212136
2025-09-08 08:30:00+00:00,1383.800048828125,1384.4000244140625,1381.699951171875,1384.4000244140625,217955
2025-09-08 08:45:00+00:00,1383.0999755859375,1384.800048828125,1382.5999755859375,1383.9000244140625,304120
2025-09-08 09:00:00+00:00,1382.9000244140625,1385.9000244140625,1382.5,1383.199951171875,406322
2025-09-08 09:15:00+00:00,1379.0,1383.0999755859375,1376.5,1383.0999755859375,515883
2025-09-08 09:30:00+00:00,1378.300048828125,1379.199951171875,1377.5,1379.0,592527
2025-09-08 09:45:00+00:00,1378.5,1380.0,1377.0,1378.4000244140625,420472
2025-09-09 03:45:00+00:00,1378.5,1381.0,1376.0,1377.0999755859375,606963
2025-09-09 04:00:00+00:00,1376.0,1379.5999755859375,1373.5999755859375,1379.5,279347
2025-09-09 04:15:00+00:00,1377.199951171875,1377.199951171875,1375.199951171875,1376.0,202325
2025-09-09 04:30:00+00:00,1373.9000244140625,1378.300048828125,1373.800048828125,1377.300048828125,220900
2025-09-09 04:45:00+00:00,1373.699951171875,1375.5,1372.199951171875,1373.9000244140625,278522
2025-09-09 05:00:00+00:00,1371.5,1374.0,1371.0,1373.699951171875,171149
2025-09-09 05:15:00+00:00,1372.199951171875,1372.5,1371.0,1371.5,196991
2025-09-09 05:30:00+00:00,1373.800048828125,1375.0,1372.0999755859375,1372.0999755859375,314747
2025-09-09 05:45:00+00:00,1374.0999755859375,1374.800048828125,1373.0999755859375,1373.800048828125,180184
2025-09-09 06:00:00+00:00,1373.699951171875,1374.800048828125,1372.0,1373.0,407449
2025-09-09 06:15:00+00:00,1372.5999755859375,1373.699951171875,1372.0999755859375,1373.699951171875,128081
2025-09-09 06:30:00+00:00,1372.800048828125,1373.199951171875,1368.699951171875,1372.5999755859375,362395
2025-09-09 06:45:00+00:00,1372.199951171875,1373.699951171875,1371.0999755859375,1372.9000244140625,339992
2025-09-09 07:00:00+00:00,1372.4000244140625,1374.0,1371.300048828125,1372.300048828125,377874
2025-09-09 07:15:00+00:00,1376.9000244140625,1377.0,1372.4000244140625,1372.4000244140625,354256
2025-09-09 07:30:00+00:00,1377.5,1378.9000244140625,1375.800048828125,1376.9000244140625,472314
2025-09-09 07:45:00+00:00,1377.199951171875,1378.5999755859375,1376.9000244140625,1377.699951171875,183766
2025-09-09 08:00:00+00:00,1378.0999755859375,1378.9000244140625,1377.0,1377.199951171875,272956
2025-09-09 08:15:00+00:00,1377.5,1379.0,1377.199951171875,1378.0,146279
2025-09-09 08:30:00+00:00,1377.4000244140625,1378.0,1375.800048828125,1377.5,317156
2025-09-09 08:45:00+00:00,1376.199951171875,1378.0,1375.0,1377.5,329428
2025-09-09 09:00:00+00:00,1375.0,1377.5999755859375,1373.0999755859375,1376.0999755859375,541712
2025-09-09 09:15:00+00:00,1375.0999755859375,1378.0,1374.0999755859375,1375.0,484210
2025-09-09 09:30:00+00:00,1376.4000244140625,1378.0,1375.0,1375.5,1498484
2025-09-09 09:45:00+00:00,1376.9000244140625,1377.800048828125,1375.0,1376.4000244140625,1085548
2025-09-10 03:45:00+00:00,1381.300048828125,1384.0,1378.0999755859375,1380.300048828125,986675
2025-09-10 04:00:00+00:00,1387.5999755859375,1387.800048828125,1381.0,1381.4000244140625,464989
2025-09-10 04:15:00+00:00,1383.5999755859375,1388.5,1383.5,1387.5,400693
2025-09-10 04:30:00+00:00,1383.0999755859375,1384.4000244140625,1382.800048828125,1383.5999755859375,155165
2025-09-10 04:45:00+00:00,1382.0,1384.0,1380.800048828125,1383.300048828125,209298
2025-09-10 05:00:00+00:00,1380.9000244140625,1382.5999755859375,1380.300048828125,1382.0,193561
2025-09-10 05:15:00+00:00,1381.5,1381.699951171875,1378.699951171875,1381.0,293285
2025-09-10 05:30:00+00:00,1381.5,1382.0999755859375,1380.800048828125,1381.5,225417
2025-09-10 05:45:00+00:00,1381.699951171875,1381.9000244140625,1378.800048828125,1381.300048828125,259008
2025-09-10 06:00:00+00:00,1382.5999755859375,1383.0,1381.5999755859375,1381.699951171875,141919
2025-09-10 06:15:00+00:00,1382.4000244140625,1382.699951171875,1380.5999755859375,1382.5,152515
2025-09-10 06:30:00+00:00,1382.5999755859375,1382.800048828125,1380.0,1382.4000244140625,294805
2025-09-10 06:45:00+00:00,1381.699951171875,1382.800048828125,1380.5,1382.699951171875,195783
2025-09-10 07:00:00+00:00,1380.800048828125,1381.800048828125,1379.5999755859375,1381.699951171875,319766
2025-09-10 07:15:00+00:00,1382.0,1382.5,1380.4000244140625,1380.9000244140625,163328
2025-09-10 07:30:00+00:00,1380.0,1382.0999755859375,1380.0,1382.0999755859375,102992
2025-09-10 07:45:00+00:00,1380.699951171875,1381.0,1379.300048828125,1380.0999755859375,120369
2025-09-10 08:00:00+00:00,1380.300048828125,1380.800048828125,1379.0999755859375,1380.699951171875,114732
2025-09-10 08:15:00+00:00,1380.199951171875,1381.5,1379.5,1380.300048828125,152893
2025-09-10 08:30:00+00:00,1380.0999755859375,1381.699951171875,1379.300048828125,1380.199951171875,169771
2025-09-10 08:45:00+00:00,1377.4000244140625,1380.0999755859375,1376.199951171875,1380.0999755859375,362458
2025-09-10 09:00:00+00:00,1375.5,1378.9000244140625,1374.300048828125,1377.0,518281
2025-09-10 09:15:00+00:00,1376.800048828125,1377.9000244140625,1374.800048828125,1374.800048828125,339721
2025-09-10 09:30:00+00:00,1376.800048828125,1377.5,1376.300048828125,1376.5999755859375,597628
2025-09-10 09:45:00+00:00,1377.0,1377.9000244140625,1376.4000244140625,1376.800048828125,854213
2025-09-11 03:45:00+00:00,1380.5999755859375,1383.0,1375.4000244140625,1376.300048828125,243681
2025-09-11 04:00:00+00:00,1381.4000244140625,1381.9000244140625,1379.5999755859375,1380.699951171875,192200
2025-09-11 04:15:00+00:00,1381.699951171875,1382.5,1380.9000244140625,1381.300048828125,136585
2025-09-11 04:30:00+00:00,1381.0,1383.0,1380.0,1381.9000244140625,173615
2025-09-11 04:45:00+00:00,1382.199951171875,1382.4000244140625,1380.9000244140625,1380.9000244140625,113353
2025-09-11 05:00:00+00:00,1383.0,1383.699951171875,1381.9000244140625,1382.199951171875,249505
2025-09-11 05:15:00+00:00,1383.9000244140625,1384.5999755859375,1382.0,1382.9000244140625,248830
2025-09-11 05:30:00+00:00,1384.4000244140625,1385.300048828125,1383.199951171875,1383.5,272150
2025-09-11 05:45:00+00:00,1383.9000244140625,1384.9000244140625,1382.800048828125,1384.300048828125,210169
2025-09-11 06:00:00+00:00,1382.9000244140625,1384.699951171875,1382.4000244140625,1383.9000244140625,344674
2025-09-11 06:15:00+00:00,1382.5,1383.0999755859375,1382.0,1383.0,92810
2025-09-11 06:30:00+00:00,1382.9000244140625,1383.0999755859375,1382.199951171875,1382.300048828125,74947
2025-09-11 06:45:00+00:00,1383.0999755859375,1384.5999755859375,1381.0999755859375,1382.5,347634
2025-09-11 07:00:00+00:00,1384.699951171875,1385.300048828125,1382.699951171875,1383.5999755859375,269250
2025-09-11 07:15:00+00:00,1383.0999755859375,1384.699951171875,1383.0,1384.699951171875,286967
2025-09-11 07:30:00+00:00,1384.0,1384.4000244140625,1382.5999755859375,1383.0999755859375,89090
2025-09-11 07:45:00+00:00,1384.300048828125,1384.300048828125,1382.9000244140625,1384.0,221115
2025-09-11 08:00:00+00:00,1384.0,1385.0,1383.0,1384.300048828125,222545
2025-09-11 08:15:00+00:00,1382.4000244140625,1384.699951171875,1381.5,1383.9000244140625,856582
2025-09-11 08:30:00+00:00,1380.300048828125,1382.4000244140625,1380.0999755859375,1382.4000244140625,120154
2025-09-11 08:45:00+00:00,1381.4000244140625,1382.5999755859375,1379.5999755859375,1380.300048828125,543827
2025-09-11 09:00:00+00:00,1381.699951171875,1381.9000244140625,1379.0,1381.4000244140625,610660
2025-09-11 09:15:00+00:00,1384.800048828125,1385.0999755859375,1380.5,1381.4000244140625,1189013
2025-09-11 09:30:00+00:00,1382.4000244140625,1384.800048828125,1381.699951171875,1384.800048828125,1500201
2025-09-11 09:45:00+00:00,1383.300048828125,1384.4000244140625,1381.9000244140625,1382.9000244140625,545904
2025-09-12 03:45:00+00:00,1386.4000244140625,1388.0,1382.800048828125,1382.800048828125,673664
2025-09-12 04:00:00+00:00,1391.0999755859375,1391.5,1386.0999755859375,1386.300048828125,427615
2025-09-12 04:15:00+00:00,1391.199951171875,1393.0,1390.5,1391.0999755859375,400278
2025-09-12 04:30:00+00:00,1391.0999755859375,1393.0,1390.300048828125,1391.4000244140625,173644
2025-09-12 04:45:00+00:00,1390.0,1391.9000244140625,1390.0,1391.0999755859375,147926
2025-09-12 05:00:00+00:00,1391.699951171875,1391.699951171875,1389.4000244140625,1390.0,115223
2025-09-12 05:15:00+00:00,1392.0999755859375,1394.0,1391.4000244140625,1392.0,293492
2025-09-12 05:30:00+00:00,1394.0,1396.0,1390.5,1392.0999755859375,562731
2025-09-12 05:45:00+00:00,1396.0,1396.199951171875,1393.5,1394.0,363020
2025-09-12 06:00:00+00:00,1394.9000244140625,1396.0,1393.699951171875,1396.0,203401
2025-09-12 06:15:00+00:00,1393.9000244140625,1395.0999755859375,1393.4000244140625,1395.0,173953
2025-09-12 06:30:00+00:00,1393.300048828125,1394.0,1393.0999755859375,1393.800048828125,105333
2025-09-12 06:45:00+00:00,1394.800048828125,1395.9000244140625,1393.0,1393.199951171875,230989
2025-09-12 07:00:00+00:00,1393.0,1394.699951171875,1392.699951171875,1394.699951171875,179613
2025-09-12 07:15:00+00:00,1393.0999755859375,1394.5999755859375,1392.0,1393.0,201096
2025-09-12 07:30:00+00:00,1391.5999755859375,1393.300048828125,1391.0,1393.199951171875,171062
2025-09-12 07:45:00+00:00,1391.4000244140625,1392.0999755859375,1391.199951171875,1391.699951171875,195811
2025-09-12 08:00:00+00:00,1391.5999755859375,1392.300048828125,1391.0,1391.4000244140625,252431
2025-09-12 08:15:00+00:00,1393.5,1393.5999755859375,1391.0,1391.800048828125,171953
2025-09-12 08:30:00+00:00,1395.199951171875,1395.300048828125,1393.5,1393.5999755859375,291831
2025-09-12 08:45:00+00:00,1395.0999755859375,1395.5,1394.800048828125,1395.0,190961
2025-09-12 09:00:00+00:00,1394.0999755859375,1395.4000244140625,1393.300048828125,1395.4000244140625,422034
2025-09-12 09:15:00+00:00,1394.5,1395.0999755859375,1393.5999755859375,1394.199951171875,234394
2025-09-12 09:30:00+00:00,1395.4000244140625,1395.800048828125,1394.4000244140625,1394.4000244140625,655829
2025-09-12 09:45:00+00:00,1395.0,1395.5999755859375,1394.0,1395.199951171875,563816
2025-09-15 03:45:00+00:00,1394.0,1396.699951171875,1392.5999755859375,1394.0,205537
2025-09-15 04:00:00+00:00,1391.9000244140625,1394.9000244140625,1391.0,1394.4000244140625,201008
2025-09-15 04:15:00+00:00,1392.5,1394.9000244140625,1391.699951171875,1392.0,159478
2025-09-15 04:30:00+00:00,1392.0,1393.0999755859375,1391.4000244140625,1392.699951171875,92400
2025-09-15 04:45:00+00:00,1392.300048828125,1392.699951171875,1391.5,1392.0,78024
2025-09-15 05:00:00+00:00,1391.0,1392.800048828125,1391.0,1392.300048828125,128885
2025-09-15 05:15:00+00:00,1391.9000244140625,1392.5,1388.699951171875,1391.0,240965
2025-09-15 05:30:00+00:00,1391.9000244140625,1392.800048828125,1391.800048828125,1391.800048828125,66986
2025-09-15 05:45:00+00:00,1392.699951171875,1393.0999755859375,1391.5999755859375,1392.0,58868
2025-09-15 06:00:00+00:00,1394.300048828125,1394.800048828125,1392.0,1393.0999755859375,140443
2025-09-15 06:15:00+00:00,1395.300048828125,1395.800048828125,1394.0,1394.300048828125,183087
2025-09-15 06:30:00+00:00,1394.9000244140625,1396.4000244140625,1394.5999755859375,1395.300048828125,171156
2025-09-15 06:45:00+00:00,1395.199951171875,1395.5999755859375,1394.4000244140625,1395.0,85927
2025-09-15 07:00:00+00:00,1394.9000244140625,1396.5999755859375,1394.9000244140625,1395.5999755859375,134661
2025-09-15 07:15:00+00:00,1395.0999755859375,1395.699951171875,1393.5999755859375,1394.9000244140625,189051
2025-09-15 07:30:00+00:00,1396.0999755859375,1396.800048828125,1393.5999755859375,1394.9000244140625,102897
2025-09-15 07:45:00+00:00,1398.800048828125,1399.800048828125,1395.4000244140625,1396.199951171875,321579
2025-09-15 08:00:00+00:00,1394.800048828125,1399.0999755859375,1393.4000244140625,1398.9000244140625,288918
2025-09-15 08:15:00+00:00,1396.5999755859375,1397.199951171875,1393.5,1395.0,311193
2025-09-15 08:30:00+00:00,1397.300048828125,1399.0999755859375,1396.5,1397.0,201305
2025-09-15 08:45:00+00:00,1396.199951171875,1397.5,1394.0999755859375,1397.300048828125,333254
2025-09-15 09:00:00+00:00,1399.199951171875,1399.9000244140625,1395.9000244140625,1396.199951171875,244143
2025-09-15 09:15:00+00:00,1398.800048828125,1400.0,1397.9000244140625,1399.199951171875,217337
2025-09-15 09:30:00+00:00,1399.9000244140625,1400.699951171875,1398.4000244140625,1399.0,515686
2025-09-15 09:45:00+00:00,1399.300048828125,1399.9000244140625,1398.0999755859375,1399.9000244140625,318444
2025-09-16 03:45:00+00:00,1403.0999755859375,1405.699951171875,1400.5,1401.699951171875,837021
2025-09-16 04:00:00+00:00,1404.5,1405.5999755859375,1402.0,1403.4000244140625,206884
2025-09-16 04:15:00+00:00,1403.800048828125,1405.4000244140625,1403.300048828125,1404.5,186444
2025-09-16 04:30:00+00:00,1403.199951171875,1405.4000244140625,1402.9000244140625,1403.9000244140625,207744
2025-09-16 04:45:00+00:00,1405.0,1405.4000244140625,1403.0999755859375,1403.300048828125,151104
2025-09-16 05:00:00+00:00,1406.699951171875,1408.0,1404.5999755859375,1405.0,273476
2025-09-16 05:15:00+00:00,1406.0,1406.0999755859375,1405.0,1405.0,240745
2025-09-16 05:30:00+00:00,1406.199951171875,1406.5,1405.0,1405.199951171875,201213
2025-09-16 05:45:00+00:00,1406.4000244140625,1407.699951171875,1405.699951171875,1406.199951171875,173530
2025-09-16 06:00:00+00:00,1406.4000244140625,1406.9000244140625,1406.0,1406.4000244140625,241993
2025-09-16 06:15:00+00:00,1402.699951171875,1406.800048828125,1402.0,1406.0,356203
2025-09-16 06:30:00+00:00,1401.300048828125,1403.300048828125,1401.0999755859375,1402.699951171875,287610
2025-09-16 06:45:00+00:00,1402.699951171875,1403.800048828125,1400.0,1401.199951171875,244363
2025-09-16 07:00:00+00:00,1403.0,1403.300048828125,1402.0999755859375,1402.800048828125,116250
2025-09-16 07:15:00+00:00,1402.699951171875,1403.5,1402.699951171875,1403.0999755859375,101325
2025-09-16 07:30:00+00:00,1400.800048828125,1402.9000244140625,1400.4000244140625,1402.699951171875,139195
2025-09-16 07:45:00+00:00,1400.0,1401.5,1400.0,1400.9000244140625,143859
2025-09-16 08:00:00+00:00,1400.0,1400.300048828125,1399.199951171875,1400.199951171875,122192
2025-09-16 08:15:00+00:00,1399.9000244140625,1400.4000244140625,1399.300048828125,1400.0,135135
2025-09-16 08:30:00+00:00,1400.0,1400.800048828125,1399.9000244140625,1399.9000244140625,70674
2025-09-16 08:45:00+00:00,1402.5999755859375,1403.0999755859375,1399.5,1400.0999755859375,672022
2025-09-16 09:00:00+00:00,1403.199951171875,1406.800048828125,1402.0,1402.5999755859375,602454
2025-09-16 09:30:00+00:00,1404.9000244140625,1406.9000244140625,1403.4000244140625,1404.699951171875,2023777
2025-09-16 09:45:00+00:00,1405.300048828125,1406.0,1405.300048828125,1405.800048828125,0
2025-09-17 03:45:00+00:00,1408.9000244140625,1412.5,1407.199951171875,1407.9000244140625,742625
2025-09-17 04:00:00+00:00,1410.0999755859375,1410.199951171875,1408.199951171875,1408.9000244140625,250418
2025-09-17 04:15:00+00:00,1409.9000244140625,1410.199951171875,1408.699951171875,1410.199951171875,127257
2025-09-17 04:30:00+00:00,1410.0,1411.699951171875,1409.300048828125,1409.9000244140625,314919
2025-09-17 04:45:00+00:00,1410.9000244140625,1411.0,1409.0,1409.9000244140625,153882
2025-09-17 05:00:00+00:00,1411.0,1411.699951171875,1410.5999755859375,1411.0,173939
2025-09-17 05:15:00+00:00,1412.199951171875,1412.300048828125,1410.699951171875,1411.0,305723
2025-09-17 05:30:00+00:00,1411.699951171875,1412.300048828125,1410.5999755859375,1412.199951171875,190999
2025-09-17 05:45:00+00:00,1411.4000244140625,1412.300048828125,1410.9000244140625,1411.699951171875,146888
2025-09-17 06:00:00+00:00,1412.0,1412.0,1409.5,1411.5,161493
2025-09-17 06:15:00+00:00,1412.5,1413.5,1411.5999755859375,1411.800048828125,168589
2025-09-17 06:30:00+00:00,1411.0999755859375,1413.0,1410.699951171875,1412.800048828125,132176
2025-09-17 06:45:00+00:00,1411.5999755859375,1412.0999755859375,1410.699951171875,1411.0,219687
2025-09-17 07:00:00+00:00,1411.199951171875,1411.9000244140625,1409.300048828125,1411.5999755859375,327279
2025-09-17 07:15:00+00:00,1410.699951171875,1411.199951171875,1409.9000244140625,1411.199951171875,257106
2025-09-17 07:30:00+00:00,1412.5,1413.0,1409.4000244140625,1410.5999755859375,320356
2025-09-17 07:45:00+00:00,1413.4000244140625,1414.5,1412.0999755859375,1412.300048828125,245565
2025-09-17 08:00:00+00:00,1414.0,1416.199951171875,1413.199951171875,1413.5999755859375,367326
2025-09-17 08:15:00+00:00,1414.300048828125,1414.5999755859375,1412.0999755859375,1414.199951171875,316924
2025-09-17 08:30:00+00:00,1413.800048828125,1414.199951171875,1412.0,1413.800048828125,409577
2025-09-17 08:45:00+00:00,1412.9000244140625,1414.300048828125,1410.300048828125,1413.800048828125,366404
2025-09-17 09:00:00+00:00,1413.9000244140625,1414.0,1410.300048828125,1412.800048828125,554102
2025-09-17 09:15:00+00:00,1415.199951171875,1415.800048828125,1413.4000244140625,1413.800048828125,351085
2025-09-17 09:30:00+00:00,1413.800048828125,1415.800048828125,1413.0999755859375,1415.199951171875,421599
2025-09-17 09:45:00+00:00,1413.4000244140625,1414.5,1412.0999755859375,1413.9000244140625,491665
2025-09-18 03:45:00+00:00,1418.699951171875,1421.300048828125,1415.199951171875,1420.300048828125,360912
2025-09-18 04:00:00+00:00,1418.5,1420.0,1417.0,1418.5,344034
2025-09-18 04:15:00+00:00,1419.5,1420.9000244140625,1418.0,1418.5,281491
2025-09-18 04:30:00+00:00,1418.0,1419.9000244140625,1417.5999755859375,1419.5,207628
2025-09-18 04:45:00+00:00,1417.0,1418.0,1416.4000244140625,1417.9000244140625,236944
2025-09-18 05:00:00+00:00,1416.9000244140625,1418.0,1414.0,1417.0,352169
2025-09-18 05:15:00+00:00,1416.800048828125,1417.5999755859375,1415.9000244140625,1416.9000244140625,212148
2025-09-18 05:30:00+00:00,1415.0999755859375,1417.0,1415.0,1417.0,141118
2025-09-18 05:45:00+00:00,1415.5999755859375,1415.800048828125,1414.699951171875,1415.300048828125,113254
2025-09-18 06:00:00+00:00,1415.0,1417.0,1414.199951171875,1415.300048828125,230343
2025-09-18 06:15:00+00:00,1415.800048828125,1416.5,1414.9000244140625,1415.0999755859375,156764
2025-09-18 06:30:00+00:00,1414.800048828125,1415.9000244140625,1413.300048828125,1415.800048828125,488418
2025-09-18 06:45:00+00:00,1414.5,1415.4000244140625,1413.5999755859375,1415.300048828125,217356
2025-09-18 07:00:00+00:00,1413.0,1414.9000244140625,1411.699951171875,1414.800048828125,284702
2025-09-18 07:15:00+00:00,1415.5,1416.0,1410.699951171875,1412.800048828125,537299
2025-09-18 07:30:00+00:00,1412.300048828125,1415.5,1411.699951171875,1415.5,363135
2025-09-18 07:45:00+00:00,1414.0,1415.0,1412.199951171875,1412.5999755859375,231220
2025-09-18 08:00:00+00:00,1415.0,1415.5999755859375,1412.5999755859375,1413.800048828125,420620
2025-09-18 08:15:00+00:00,1413.800048828125,1416.9000244140625,1412.9000244140625,1414.800048828125,266295
2025-09-18 08:30:00+00:00,1414.4000244140625,1415.0999755859375,1412.9000244140625,1413.5,305152
2025-09-18 08:45:00+00:00,1413.0999755859375,1416.0,1413.0999755859375,1414.5,381333
2025-09-18 09:00:00+00:00,1412.4000244140625,1415.0999755859375,1411.4000244140625,1413.5,425056
2025-09-18 09:15:00+00:00,1412.9000244140625,1414.0,1411.0,1412.4000244140625,538898
2025-09-18 09:30:00+00:00,1414.5,1415.5,1412.9000244140625,1412.9000244140625,849849
2025-09-18 09:45:00+00:00,1415.0,1416.9000244140625,1413.199951171875,1414.5,771074
2025-09-19 03:45:00+00:00,1411.4000244140625,1416.5,1408.0999755859375,1415.699951171875,346501
2025-09-19 04:00:00+00:00,1408.199951171875,1411.300048828125,1407.300048828125,1411.199951171875,288355
2025-09-19 04:15:00+00:00,1406.0,1407.9000244140625,1405.800048828125,1407.9000244140625,239140
2025-09-19 04:30:00+00:00,1405.800048828125,1406.300048828125,1403.5999755859375,1406.300048828125,265792
2025-09-19 04:45:00+00:00,1405.9000244140625,1406.4000244140625,1404.0,1406.0,205621
2025-09-19 05:00:00+00:00,1405.5,1406.800048828125,1404.300048828125,1405.9000244140625,164681
2025-09-19 05:15:00+00:00,1405.0999755859375,1405.5,1404.9000244140625,1405.300048828125,99813
2025-09-19 05:30:00+00:00,1405.300048828125,1406.300048828125,1404.0,1405.0999755859375,200742
2025-09-19 05:45:00+00:00,1405.800048828125,1406.0999755859375,1405.0,1405.199951171875,85974
2025-09-19 06:00:00+00:00,1407.699951171875,1409.0999755859375,1405.9000244140625,1405.9000244140625,326416
2025-09-19 06:15:00+00:00,1408.0,1408.4000244140625,1406.0,1407.4000244140625,199603
2025-09-19 06:30:00+00:00,1408.0,1409.0,1408.0,1408.0999755859375,149946
2025-09-19 06:45:00+00:00,1409.5,1410.0,1408.0,1408.0999755859375,319054
2025-09-19 07:00:00+00:00,1409.0,1410.199951171875,1408.800048828125,1409.5,129966
2025-09-19 07:15:00+00:00,1411.699951171875,1412.4000244140625,1409.0,1409.0,408651
2025-09-19 07:30:00+00:00,1412.699951171875,1413.5,1411.5,1411.699951171875,176321
2025-09-19 07:45:00+00:00,1412.5999755859375,1413.9000244140625,1412.199951171875,1412.800048828125,231917
2025-09-19 08:00:00+00:00,1412.5999755859375,1414.5,1411.9000244140625,1412.699951171875,358096
2025-09-19 08:15:00+00:00,1412.0,1412.699951171875,1410.5999755859375,1412.5999755859375,175102
2025-09-19 08:30:00+00:00,1412.5999755859375,1414.0,1411.699951171875,1412.199951171875,195765
2025-09-19 08:45:00+00:00,1410.800048828125,1414.5,1410.699951171875,1412.5999755859375,349381
2025-09-19 09:00:00+00:00,1412.300048828125,1413.0,1410.5999755859375,1411.0,265662
2025-09-19 09:15:00+00:00,1412.4000244140625,1413.0999755859375,1412.300048828125,1412.4000244140625,224475
2025-09-19 09:30:00+00:00,1406.300048828125,1412.5,1406.0,1412.4000244140625,3985561
2025-09-19 09:45:00+00:00,1409.4000244140625,1410.199951171875,1406.199951171875,1406.300048828125,3580152
2025-09-22 03:45:00+00:00,1407.5999755859375,1408.0999755859375,1402.0,1403.800048828125,212840
2025-09-22 04:00:00+00:00,1408.0,1408.4000244140625,1406.5,1407.199951171875,137819
2025-09-22 04:15:00+00:00,1409.699951171875,1409.9000244140625,1407.4000244140625,1408.0,221781
2025-09-22 04:30:00+00:00,1409.0,1410.300048828125,1408.199951171875,1409.699951171875,80486
2025-09-22 04:45:00+00:00,1408.5,1408.9000244140625,1407.9000244140625,1408.699951171875,59330
2025-09-22 05:00:00+00:00,1408.4000244140625,1408.5,1408.199951171875,1408.5,82813
2025-09-22 05:15:00+00:00,1407.0,1408.4000244140625,1405.5999755859375,1408.300048828125,129139
2025-09-22 05:30:00+00:00,1404.699951171875,1407.4000244140625,1404.0,1407.0,200500
2025-09-22 05:45:00+00:00,1404.5999755859375,1405.0,1403.0,1404.800048828125,224780
2025-09-22 06:00:00+00:00,1406.199951171875,1406.5999755859375,1403.4000244140625,1404.5999755859375,88009
2025-09-22 06:15:00+00:00,1404.199951171875,1406.9000244140625,1403.5999755859375,1406.300048828125,459621
2025-09-22 06:30:00+00:00,1404.199951171875,1405.9000244140625,1402.5,1404.300048828125,493868
2025-09-22 06:45:00+00:00,1404.5999755859375,1405.199951171875,1404.0,1404.0999755859375,151724
2025-09-22 07:00:00+00:00,1406.0,1406.5999755859375,1403.699951171875,1404.5999755859375,202193
2025-09-22 07:15:00+00:00,1406.0,1407.0,1405.199951171875,1405.800048828125,183498
2025-09-22 07:30:00+00:00,1407.300048828125,1407.9000244140625,1406.0,1406.0999755859375,281541
2025-09-22 07:45:00+00:00,1405.5999755859375,1407.5999755859375,1403.5,1407.4000244140625,309626
2025-09-22 08:00:00+00:00,1403.199951171875,1406.0999755859375,1403.199951171875,1405.699951171875,337690
2025-09-22 08:15:00+00:00,1403.5999755859375,1405.4000244140625,1403.0999755859375,1403.800048828125,252766
2025-09-22 08:30:00+00:00,1403.5,1404.9000244140625,1402.5,1403.5,545852
2025-09-22 08:45:00+00:00,1394.5999755859375,1404.0,1394.5999755859375,1403.5999755859375,480998
2025-09-22 09:00:00+00:00,1389.800048828125,1395.300048828125,1389.4000244140625,1394.800048828125,400922
2025-09-22 09:15:00+00:00,1392.300048828125,1393.199951171875,1388.0999755859375,1389.800048828125,578908
2025-09-22 09:30:00+00:00,1390.199951171875,1393.0,1389.699951171875,1392.5,657092
2025-09-22 09:45:00+00:00,1390.9000244140625,1391.0,1389.0,1390.300048828125,527389
2025-09-23 03:45:00+00:00,1390.9000244140625,1393.0,1387.0999755859375,1391.0999755859375,282284
2025-09-23 04:00:00+00:00,1385.800048828125,1390.800048828125,1385.199951171875,1390.800048828125,535343
2025-09-23 04:15:00+00:00,1384.300048828125,1386.5,1382.0,1386.5,323027
2025-09-23 04:30:00+00:00,1383.5,1385.699951171875,1383.199951171875,1383.5999755859375,206569
2025-09-23 04:45:00+00:00,1382.5999755859375,1383.699951171875,1381.0999755859375,1383.5,178497
2025-09-23 05:00:00+00:00,1384.300048828125,1384.300048828125,1381.9000244140625,1382.5,117896
2025-09-23 05:15:00+00:00,1380.5999755859375,1386.0,1380.300048828125,1384.0999755859375,830638
2025-09-23 05:30:00+00:00,1382.9000244140625,1384.9000244140625,1380.0,1380.4000244140625,307302
2025-09-23 05:45:00+00:00,1380.800048828125,1383.0,1380.0,1382.800048828125,283077
2025-09-23 06:00:00+00:00,1379.300048828125,1381.4000244140625,1377.9000244140625,1380.800048828125,566211
2025-09-23 06:15:00+00:00,1378.5999755859375,1379.699951171875,1376.800048828125,1379.0999755859375,221708
2025-09-23 06:30:00+00:00,1382.5999755859375,1382.800048828125,1378.5,1378.5,283502
2025-09-23 06:45:00+00:00,1383.699951171875,1384.5,1380.300048828125,1382.800048828125,504592
2025-09-23 07:00:00+00:00,1385.300048828125,1388.4000244140625,1383.0999755859375,1383.800048828125,598903
2025-09-23 07:15:00+00:00,1383.699951171875,1385.699951171875,1382.9000244140625,1385.300048828125,372694
2025-09-23 07:30:00+00:00,1385.0,1387.5,1383.5999755859375,1383.9000244140625,260553
2025-09-23 07:45:00+00:00,1388.199951171875,1388.800048828125,1384.800048828125,1385.0,251112
2025-09-23 08:00:00+00:00,1389.0,1391.5,1387.5,1388.0999755859375,543953
2025-09-23 08:15:00+00:00,1388.0,1390.5999755859375,1387.199951171875,1388.9000244140625,237969
2025-09-23 08:30:00+00:00,1392.199951171875,1395.0,1387.5,1388.0,492224
2025-09-23 08:45:00+00:00,1392.4000244140625,1394.0,1390.0,1392.0999755859375,538853
2025-09-23 09:00:00+00:00,1393.9000244140625,1393.9000244140625,1390.300048828125,1392.0999755859375,831254
2025-09-23 09:15:00+00:00,1390.699951171875,1394.0999755859375,1390.5,1394.0999755859375,1212911
2025-09-23 09:30:00+00:00,1389.5,1391.9000244140625,1388.5,1390.800048828125,2210010
2025-09-23 09:45:00+00:00,1390.5999755859375,1390.9000244140625,1388.9000244140625,1389.5999755859375,1238216
2025-09-24 03:45:00+00:00,1385.699951171875,1388.0,1383.4000244140625,1386.5,172480
2025-09-24 04:00:00+00:00,1384.800048828125,1387.0999755859375,1383.699951171875,1385.5999755859375,158111
2025-09-24 04:15:00+00:00,1385.0,1386.0,1383.5999755859375,1385.0,91543
2025-09-24 04:30:00+00:00,1386.0999755859375,1386.699951171875,1384.699951171875,1384.800048828125,89681
2025-09-24 04:45:00+00:00,1386.4000244140625,1387.9000244140625,1385.9000244140625,1386.199951171875,93706
2025-09-24 05:00:00+00:00,1386.300048828125,1387.4000244140625,1385.0999755859375,1386.5,128716
2025-09-24 05:15:00+00:00,1387.300048828125,1388.0999755859375,1385.800048828125,1386.0,107644
2025-09-24 05:30:00+00:00,1387.300048828125,1388.0,1385.800048828125,1387.300048828125,99603
2025-09-24 05:45:00+00:00,1389.9000244140625,1389.9000244140625,1387.0,1387.0999755859375,80820
2025-09-24 06:00:00+00:00,1393.4000244140625,1393.9000244140625,1389.9000244140625,1389.9000244140625,155019
2025-09-24 06:15:00+00:00,1393.800048828125,1396.0,1392.300048828125,1393.300048828125,149507
2025-09-24 06:30:00+00:00,1395.0,1395.300048828125,1391.5,1393.800048828125,134271
2025-09-24 06:45:00+00:00,1393.699951171875,1395.0999755859375,1393.0,1395.0999755859375,116708
2025-09-24 07:00:00+00:00,1392.699951171875,1394.9000244140625,1392.300048828125,1393.699951171875,138172
2025-09-24 07:15:00+00:00,1393.300048828125,1394.0,1391.699951171875,1392.4000244140625,116667
2025-09-24 07:30:00+00:00,1393.699951171875,1394.4000244140625,1393.0,1393.0999755859375,194442
2025-09-24 07:45:00+00:00,1393.800048828125,1394.300048828125,1391.9000244140625,1394.199951171875,304875
2025-09-24 08:00:00+00:00,1392.0999755859375,1394.300048828125,1391.699951171875,1393.800048828125,175744
2025-09-24 08:15:00+00:00,1389.0999755859375,1393.0,1389.0,1392.0,215255
2025-09-24 08:30:00+00:00,1388.300048828125,1389.9000244140625,1388.0,1389.5999755859375,148758
2025-09-24 08:45:00+00:00,1387.0,1390.199951171875,1386.4000244140625,1388.300048828125,294357
2025-09-24 09:00:00+00:00,1385.5,1389.699951171875,1385.5,1387.0999755859375,395967
2025-09-24 09:15:00+00:00,1384.4000244140625,1386.5,1384.0,1385.800048828125,206915
2025-09-24 09:30:00+00:00,1382.0999755859375,1386.5,1381.0,1384.699951171875,1134655
2025-09-24 09:45:00+00:00,1383.0,1383.0,1380.5,1382.199951171875,739648
2025-09-25 03:45:00+00:00,1383.0999755859375,1384.5,1375.0,1381.4000244140625,289763
2025-09-25 04:00:00+00:00,1379.5999755859375,1383.0999755859375,1379.4000244140625,1383.0,130113
2025-09-25 04:15:00+00:00,1378.9000244140625,1379.800048828125,1377.199951171875,1379.800048828125,191313
2025-09-25 04:30:00+00:00,1377.199951171875,1379.300048828125,1377.0,1379.0999755859375,125695
2025-09-25 04:45:00+00:00,1378.699951171875,1378.800048828125,1376.5,1377.5999755859375,124613
2025-09-25 05:00:00+00:00,1377.5999755859375,1379.699951171875,1377.4000244140625,1378.699951171875,223183
2025-09-25 05:15:00+00:00,1376.4000244140625,1377.699951171875,1376.0,1377.5999755859375,284504
2025-09-25 05:30:00+00:00,1377.5,1378.0,1374.0,1376.199951171875,210596
2025-09-25 05:45:00+00:00,1378.0,1379.699951171875,1377.300048828125,1377.5,149230
2025-09-25 06:00:00+00:00,1376.199951171875,1378.5,1376.0,1378.300048828125,87123
2025-09-25 06:15:00+00:00,1374.5,1377.0999755859375,1374.300048828125,1376.4000244140625,463208
2025-09-25 06:30:00+00:00,1374.9000244140625,1375.0999755859375,1373.0,1374.5,403448
2025-09-25 06:45:00+00:00,1377.300048828125,1378.699951171875,1374.199951171875,1374.5999755859375,698037
2025-09-25 07:00:00+00:00,1375.4000244140625,1379.0999755859375,1375.300048828125,1377.199951171875,386903
2025-09-25 07:15:00+00:00,1376.0,1377.699951171875,1375.4000244140625,1375.4000244140625,354855
2025-09-25 07:30:00+00:00,1376.0999755859375,1378.300048828125,1375.0999755859375,1376.300048828125,508732
2025-09-25 07:45:00+00:00,1375.5,1379.300048828125,1375.0999755859375,1375.5,685048
2025-09-25 08:00:00+00:00,1377.199951171875,1378.0,1375.0999755859375,1375.4000244140625,281211
2025-09-25 08:15:00+00:00,1376.199951171875,1379.0,1375.699951171875,1377.0999755859375,478103
2025-09-25 08:30:00+00:00,1375.0999755859375,1377.300048828125,1374.5,1376.199951171875,406589
2025-09-25 08:45:00+00:00,1374.9000244140625,1376.199951171875,1373.699951171875,1375.0,531589
2025-09-25 09:00:00+00:00,1374.5999755859375,1375.5999755859375,1373.5,1374.300048828125,395757
2025-09-25 09:15:00+00:00,1373.0,1376.0,1372.5999755859375,1374.5999755859375,569205
2025-09-25 09:30:00+00:00,1372.300048828125,1373.300048828125,1369.0,1373.0999755859375,1750566
2025-09-25 09:45:00+00:00,1374.800048828125,1375.0,1372.4000244140625,1372.4000244140625,1289501
2025-09-26 03:45:00+00:00,1367.5999755859375,1372.0999755859375,1367.5999755859375,1372.0,220943
2025-09-26 04:00:00+00:00,1368.0,1368.800048828125,1366.0,1367.5999755859375,254316
2025-09-26 04:15:00+00:00,1368.9000244140625,1369.9000244140625,1368.0,1368.199951171875,128326
2025-09-26 04:30:00+00:00,1368.5999755859375,1369.0999755859375,1367.0,1368.5,94924
2025-09-26 04:45:00+00:00,1370.9000244140625,1370.9000244140625,1367.699951171875,1368.5999755859375,256008
2025-09-26 05:00:00+00:00,1374.5999755859375,1376.0,1369.5,1370.9000244140625,309350
2025-09-26 05:15:00+00:00,1373.0999755859375,1375.9000244140625,1372.0999755859375,1375.0,396226
2025-09-26 05:30:00+00:00,1375.199951171875,1375.5,1372.4000244140625,1373.0999755859375,189200
2025-09-26 05:45:00+00:00,1378.5,1378.5,1374.5,1375.199951171875,304898
2025-09-26 06:00:00+00:00,1378.300048828125,1379.5,1375.800048828125,1378.5,505966
2025-09-26 06:15:00+00:00,1379.800048828125,1381.300048828125,1377.0,1378.699951171875,487285
2025-09-26 06:30:00+00:00,1378.800048828125,1380.9000244140625,1377.199951171875,1379.800048828125,521956
2025-09-26 06:45:00+00:00,1378.5999755859375,1379.800048828125,1377.0999755859375,1379.0,185211
2025-09-26 07:00:00+00:00,1379.300048828125,1379.300048828125,1377.4000244140625,1378.5999755859375,160566
2025-09-26 07:15:00+00:00,1379.699951171875,1381.800048828125,1379.0,1379.0999755859375,545547
2025-09-26 07:30:00+00:00,1379.5999755859375,1381.5,1379.199951171875,1379.5999755859375,300232
2025-09-26 07:45:00+00:00,1379.800048828125,1382.5,1379.5,1380.300048828125,543744
2025-09-26 08:00:00+00:00,1379.199951171875,1380.800048828125,1377.699951171875,1380.0999755859375,267749
2025-09-26 08:15:00+00:00,1374.300048828125,1380.0999755859375,1373.800048828125,1379.5,442021
2025-09-26 08:30:00+00:00,1376.699951171875,1376.9000244140625,1373.0,1374.300048828125,508701
2025-09-26 08:45:00+00:00,1375.300048828125,1376.800048828125,1373.800048828125,1376.800048828125,545429
2025-09-26 09:00:00+00:00,1377.0,1377.800048828125,1375.0,1375.0999755859375,383396
2025-09-26 09:15:00+00:00,1375.300048828125,1378.199951171875,1374.800048828125,1376.800048828125,387181
2025-09-26 09:30:00+00:00,1375.800048828125,1378.0999755859375,1375.0,1375.300048828125,724410
2025-09-26 09:45:00+00:00,1379.0,1380.0999755859375,1375.4000244140625,1375.800048828125,832130
2025-09-29 03:45:00+00:00,1383.300048828125,1384.5999755859375,1380.0999755859375,1381.9000244140625,151701
2025-09-29 04:00:00+00:00,1383.699951171875,1385.5,1382.0,1383.0999755859375,256059
2025-09-29 04:15:00+00:00,1385.199951171875,1385.199951171875,1383.0999755859375,1383.699951171875,170455
2025-09-29 04:30:00+00:00,1384.5,1386.9000244140625,1384.0,1385.4000244140625,150081
2025-09-29 04:45:00+00:00,1382.5999755859375,1386.4000244140625,1382.5999755859375,1384.4000244140625,161273
2025-09-29 05:00:00+00:00,1384.0,1384.4000244140625,1381.199951171875,1382.5999755859375,244076
2025-09-29 05:15:00+00:00,1385.199951171875,1385.5,1383.0,1384.199951171875,238876
2025-09-29 05:30:00+00:00,1387.5999755859375,1388.0,1385.0999755859375,1385.4000244140625,193001
2025-09-29 05:45:00+00:00,1387.300048828125,1387.800048828125,1386.300048828125,1387.199951171875,93846
2025-09-29 06:00:00+00:00,1377.800048828125,1387.300048828125,1376.5999755859375,1387.300048828125,419774
2025-09-29 06:15:00+00:00,1377.5999755859375,1379.0,1375.0999755859375,1377.699951171875,249004
2025-09-29 06:30:00+00:00,1378.199951171875,1378.5999755859375,1375.9000244140625,1377.5,325233
2025-09-29 06:45:00+00:00,1379.9000244140625,1381.0,1377.5999755859375,1378.0999755859375,405670
2025-09-29 07:00:00+00:00,1374.4000244140625,1380.199951171875,1373.4000244140625,1379.9000244140625,1076248
2025-09-29 07:15:00+00:00,1372.4000244140625,1375.0,1371.5,1374.5999755859375,392013
2025-09-29 07:30:00+00:00,1375.0,1376.0999755859375,1371.5,1372.5999755859375,501784
2025-09-29 07:45:00+00:00,1375.300048828125,1376.4000244140625,1372.300048828125,1375.0,403335
2025-09-29 08:00:00+00:00,1373.199951171875,1376.5999755859375,1371.199951171875,1375.4000244140625,394965
2025-09-29 08:15:00+00:00,1372.5999755859375,1374.5999755859375,1370.9000244140625,1373.0,828395
2025-09-29 08:30:00+00:00,1375.199951171875,1375.199951171875,1372.4000244140625,1372.4000244140625,268265
2025-09-29 08:45:00+00:00,1375.199951171875,1376.5,1373.5999755859375,1375.4000244140625,533528
2025-09-29 09:00:00+00:00,1375.0999755859375,1377.5999755859375,1374.300048828125,1375.199951171875,775295
2025-09-29 09:15:00+00:00,1374.300048828125,1375.4000244140625,1373.9000244140625,1375.0999755859375,458617
2025-09-29 09:30:00+00:00,1377.0999755859375,1377.5999755859375,1368.199951171875,1372.199951171875,3055360
2025-09-29 09:45:00+00:00,1376.0,1377.0999755859375,1372.199951171875,1377.0999755859375,2230350
2025-09-30 03:45:00+00:00,1367.300048828125,1375.300048828125,1367.0999755859375,1375.0,471174
2025-09-30 04:00:00+00:00,1368.0,1369.0,1365.0999755859375,1367.0,362538
2025-09-30 04:15:00+00:00,1369.9000244140625,1370.5999755859375,1367.300048828125,1367.9000244140625,181527
2025-09-30 04:30:00+00:00,1368.0999755859375,1371.5,1368.0,1369.9000244140625,313502
2025-09-30 04:45:00+00:00,1367.0,1369.0,1366.300048828125,1368.0,224134
2025-09-30 05:00:00+00:00,1364.800048828125,1367.0,1363.0999755859375,1367.0,351680
2025-09-30 05:15:00+00:00,1364.300048828125,1364.9000244140625,1363.199951171875,1364.800048828125,181316
2025-09-30 05:30:00+00:00,1366.4000244140625,1366.800048828125,1364.199951171875,1364.300048828125,156552
2025-09-30 05:45:00+00:00,1367.300048828125,1368.699951171875,1365.5999755859375,1366.4000244140625,194698
2025-09-30 06:00:00+00:00,1366.9000244140625,1369.199951171875,1366.800048828125,1367.4000244140625,166169
2025-09-30 06:15:00+00:00,1365.5,1367.699951171875,1365.4000244140625,1366.9000244140625,163637
2025-09-30 06:30:00+00:00,1366.0999755859375,1366.300048828125,1364.300048828125,1365.4000244140625,426575
2025-09-30 06:45:00+00:00,1367.9000244140625,1368.5999755859375,1365.699951171875,1366.0999755859375,384328
2025-09-30 07:00:00+00:00,1366.5999755859375,1369.300048828125,1365.800048828125,1367.800048828125,724735
2025-09-30 07:15:00+00:00,1365.199951171875,1367.199951171875,1365.0,1366.5,452422
2025-09-30 07:30:00+00:00,1366.9000244140625,1367.4000244140625,1365.0,1365.199951171875,517906
2025-09-30 07:45:00+00:00,1366.0999755859375,1368.4000244140625,1366.0,1366.800048828125,488696
2025-09-30 08:00:00+00:00,1367.5,1369.199951171875,1365.0999755859375,1366.0999755859375,866333
2025-09-30 08:15:00+00:00,1365.5,1367.699951171875,1365.4000244140625,1367.4000244140625,206168
2025-09-30 08:30:00+00:00,1368.0999755859375,1368.4000244140625,1365.0999755859375,1365.4000244140625,885339
2025-09-30 08:45:00+00:00,1367.0999755859375,1369.0,1366.0,1367.699951171875,1226820
2025-09-30 09:00:00+00:00,1367.4000244140625,1369.0,1365.800048828125,1367.0,890435
2025-09-30 09:15:00+00:00,1364.699951171875,1368.800048828125,1364.199951171875,1367.699951171875,1307880
2025-09-30 09:30:00+00:00,1363.5999755859375,1366.300048828125,1363.199951171875,1365.199951171875,1638267
2025-09-30 09:45:00+00:00,1364.5,1364.5,1362.9000244140625,1363.699951171875,1392761
2025-10-01 03:45:00+00:00,1374.699951171875,1374.800048828125,1366.5,1366.800048828125,281333
2025-10-01 04:00:00+00:00,1377.5999755859375,1378.5999755859375,1374.4000244140625,1375.699951171875,341592
2025-10-01 04:15:00+00:00,1374.5999755859375,1377.9000244140625,1373.699951171875,1377.4000244140625,296906
2025-10-01 04:30:00+00:00,1373.5,1376.4000244140625,1372.5,1374.699951171875,525397
2025-10-01 04:45:00+00:00,1373.5,1374.699951171875,1372.800048828125,1373.699951171875,171861
2025-10-01 05:00:00+00:00,1371.0,1375.0,1370.5999755859375,1373.699951171875,381864
2025-10-01 05:15:00+00:00,1372.800048828125,1373.5999755859375,1370.4000244140625,1370.699951171875,497925
2025-10-01 05:30:00+00:00,1374.0999755859375,1374.5999755859375,1372.4000244140625,1372.800048828125,387543
2025-10-01 05:45:00+00:00,1372.5999755859375,1376.4000244140625,1371.9000244140625,1374.199951171875,335621
2025-10-01 06:00:00+00:00,1374.0,1374.0999755859375,1372.199951171875,1372.5999755859375,140842
2025-10-01 06:15:00+00:00,1375.0999755859375,1375.300048828125,1373.9000244140625,1374.0,137524
2025-10-01 06:30:00+00:00,1375.0,1376.5999755859375,1373.9000244140625,1375.199951171875,297647
2025-10-01 06:45:00+00:00,1370.9000244140625,1374.699951171875,1369.0,1374.5999755859375,493760
2025-10-01 07:00:00+00:00,1370.5,1371.800048828125,1370.300048828125,1370.800048828125,233988
2025-10-01 07:15:00+00:00,1366.699951171875,1372.199951171875,1366.5999755859375,1370.5,406413
2025-10-01 07:30:00+00:00,1367.0,1368.699951171875,1366.199951171875,1366.699951171875,376448
2025-10-01 07:45:00+00:00,1366.199951171875,1367.4000244140625,1364.4000244140625,1367.0999755859375,489808
2025-10-01 08:00:00+00:00,1365.300048828125,1366.800048828125,1364.300048828125,1366.199951171875,529618
2025-10-01 08:15:00+00:00,1364.5,1365.5,1362.9000244140625,1365.199951171875,560404
2025-10-01 08:30:00+00:00,1364.0999755859375,1366.9000244140625,1364.0999755859375,1364.5,496199
2025-10-01 08:45:00+00:00,1366.199951171875,1366.800048828125,1362.699951171875,1364.199951171875,756989
2025-10-01 09:00:00+00:00,1367.0999755859375,1369.0999755859375,1365.0999755859375,1366.199951171875,743768
2025-10-01 09:15:00+00:00,1367.300048828125,1369.300048828125,1366.300048828125,1367.199951171875,556948
2025-10-01 09:30:00+00:00,1368.800048828125,1369.9000244140625,1366.5,1367.300048828125,972337
2025-10-01 09:45:00+00:00,1369.5,1371.0,1368.0999755859375,1369.0,824354
2025-10-03 03:45:00+00:00,1365.5,1370.699951171875,1363.0999755859375,1366.699951171875,332500
2025-10-03 04:00:00+00:00,1364.699951171875,1366.5999755859375,1362.5,1365.5,444390
2025-10-03 04:15:00+00:00,1363.199951171875,1364.5999755859375,1360.9000244140625,1364.199951171875,558953
2025-10-03 04:30:00+00:00,1362.800048828125,1363.300048828125,1361.0,1363.199951171875,372548
2025-10-03 04:45:00+00:00,1363.5,1364.199951171875,1361.300048828125,1362.5999755859375,291250
2025-10-03 05:00:00+00:00,1361.5999755859375,1365.0,1361.5,1363.5,351667
2025-10-03 05:15:00+00:00,1359.5,1361.5999755859375,1358.199951171875,1361.5,616122
2025-10-03 05:30:00+00:00,1359.0,1359.699951171875,1358.5,1359.5,413507
2025-10-03 05:45:00+00:00,1360.0,1361.0,1358.800048828125,1359.0,316158
2025-10-03 06:00:00+00:00,1359.4000244140625,1360.300048828125,1358.5,1360.0999755859375,438054
2025-10-03 06:15:00+00:00,1360.4000244140625,1360.4000244140625,1358.5,1359.300048828125,297015
2025-10-03 06:30:00+00:00,1362.5,1362.5,1360.0999755859375,1360.4000244140625,441572
2025-10-03 06:45:00+00:00,1361.4000244140625,1362.699951171875,1360.4000244140625,1362.5,470943
2025-10-03 07:00:00+00:00,1359.0999755859375,1361.5,1357.0,1361.5,722365
2025-10-03 07:15:00+00:00,1359.699951171875,1361.0999755859375,1359.0999755859375,1359.199951171875,419631
2025-10-03 07:30:00+00:00,1362.5,1362.5999755859375,1358.199951171875,1359.699951171875,438571
2025-10-03 07:45:00+00:00,1362.699951171875,1363.5999755859375,1362.0999755859375,1362.5999755859375,291688
2025-10-03 08:00:00+00:00,1363.199951171875,1363.9000244140625,1361.0,1362.5999755859375,475463
2025-10-03 08:15:00+00:00,1362.5999755859375,1363.699951171875,1361.300048828125,1363.0999755859375,381221
2025-10-03 08:30:00+00:00,1361.0,1364.0,1361.0,1362.5999755859375,330232
2025-10-03 08:45:00+00:00,1360.5999755859375,1362.9000244140625,1360.199951171875,1361.0,416088
2025-10-03 09:00:00+00:00,1362.699951171875,1363.0,1360.0,1360.699951171875,371408
2025-10-03 09:15:00+00:00,1363.9000244140625,1364.0,1361.699951171875,1362.699951171875,798938
2025-10-03 09:30:00+00:00,1362.699951171875,1364.199951171875,1362.5999755859375,1363.800048828125,1022107
2025-10-03 09:45:00+00:00,1363.4000244140625,1363.800048828125,1362.5,1362.699951171875,1036897
2025-10-06 03:45:00+00:00,1363.9000244140625,1365.800048828125,1359.699951171875,1362.699951171875,2264428
2025-10-06 04:00:00+00:00,1364.5999755859375,1365.4000244140625,1361.9000244140625,1363.800048828125,328466
2025-10-06 04:15:00+00:00,1364.5,1366.5,1364.0999755859375,1364.5999755859375,324387
2025-10-06 04:30:00+00:00,1365.9000244140625,1367.4000244140625,1364.0,1364.300048828125,283481
2025-10-06 04:45:00+00:00,1365.0,1366.0,1364.699951171875,1365.699951171875,99556
2025-10-06 05:00:00+00:00,1365.0,1366.699951171875,1364.9000244140625,1364.9000244140625,141984
2025-10-06 05:15:00+00:00,1364.0999755859375,1365.4000244140625,1363.800048828125,1365.199951171875,291532
2025-10-06 05:30:00+00:00,1365.5999755859375,1366.0,1364.0,1364.5,1301452
2025-10-06 05:45:00+00:00,1367.699951171875,1370.4000244140625,1364.0999755859375,1365.5999755859375,955589
2025-10-06 06:00:00+00:00,1369.300048828125,1369.4000244140625,1365.0,1367.4000244140625,399387
2025-10-06 06:15:00+00:00,1366.800048828125,1369.5,1366.4000244140625,1369.199951171875,105516
2025-10-06 06:30:00+00:00,1365.9000244140625,1367.5,1365.0999755859375,1366.5999755859375,82086
2025-10-06 06:45:00+00:00,1365.0999755859375,1367.0,1364.5,1366.0,149385
2025-10-06 07:00:00+00:00,1365.5999755859375,1365.5999755859375,1364.0,1365.0999755859375,300981
2025-10-06 07:15:00+00:00,1368.300048828125,1368.300048828125,1365.0,1365.5999755859375,252043
2025-10-06 07:30:00+00:00,1372.9000244140625,1373.5,1367.9000244140625,1367.9000244140625,462043
2025-10-06 07:45:00+00:00,1374.9000244140625,1375.0,1371.699951171875,1372.699951171875,321326
2025-10-06 08:00:00+00:00,1374.4000244140625,1377.4000244140625,1374.300048828125,1375.0,612391
2025-10-06 08:15:00+00:00,1374.0,1374.5,1372.0999755859375,1374.4000244140625,426763
2025-10-06 08:30:00+00:00,1372.9000244140625,1377.0,1372.5,1374.0999755859375,363256
2025-10-06 08:45:00+00:00,1371.0999755859375,1373.9000244140625,1370.699951171875,1372.9000244140625,367428
2025-10-06 09:00:00+00:00,1374.800048828125,1375.0,1370.5999755859375,1371.0999755859375,455512
2025-10-06 09:15:00+00:00,1375.800048828125,1376.9000244140625,1373.0999755859375,1374.5999755859375,504129
2025-10-06 09:30:00+00:00,1374.4000244140625,1375.800048828125,1374.0999755859375,1375.5999755859375,394901
2025-10-06 09:45:00+00:00,1374.699951171875,1375.5999755859375,1373.5,1374.5999755859375,561258
2025-10-07 03:45:00+00:00,1382.0,1383.4000244140625,1377.199951171875,1377.199951171875,211942
2025-10-07 04:00:00+00:00,1383.9000244140625,1384.0,1380.699951171875,1382.0999755859375,264842
2025-10-07 04:15:00+00:00,1385.5,1386.0,1383.0,1383.9000244140625,336619
2025-10-07 04:30:00+00:00,1387.5999755859375,1388.0,1385.0999755859375,1385.5,379483
2025-10-07 04:45:00+00:00,1386.9000244140625,1390.5,1386.5999755859375,1387.800048828125,497074
2025-10-07 05:00:00+00:00,1383.4000244140625,1388.5,1382.800048828125,1387.0,347567
2025-10-07 05:15:00+00:00,1383.5,1384.800048828125,1383.0999755859375,1383.300048828125,165222
2025-10-07 05:30:00+00:00,1382.699951171875,1384.4000244140625,1381.9000244140625,1383.0999755859375,285842
2025-10-07 05:45:00+00:00,1383.199951171875,1383.4000244140625,1380.0,1382.5,526068
2025-10-07 06:00:00+00:00,1382.300048828125,1384.0999755859375,1381.5,1383.199951171875,391052
2025-10-07 06:15:00+00:00,1383.699951171875,1383.9000244140625,1381.5999755859375,1382.300048828125,149654
2025-10-07 06:30:00+00:00,1387.800048828125,1389.199951171875,1383.699951171875,1383.800048828125,338437
2025-10-07 06:45:00+00:00,1388.300048828125,1388.9000244140625,1386.300048828125,1387.5999755859375,257195
2025-10-07 07:00:00+00:00,1388.5999755859375,1390.0,1386.5999755859375,1388.699951171875,451771
2025-10-07 07:15:00+00:00,1386.699951171875,1390.0,1385.0,1388.699951171875,420232
2025-10-07 07:30:00+00:00,1387.0,1388.9000244140625,1385.9000244140625,1386.5,351518
2025-10-07 07:45:00+00:00,1390.9000244140625,1391.0,1387.0,1387.300048828125,312656
2025-10-07 08:00:00+00:00,1395.0,1395.9000244140625,1387.4000244140625,1390.9000244140625,621949
2025-10-07 08:15:00+00:00,1393.199951171875,1395.5,1390.800048828125,1395.4000244140625,428723
2025-10-07 08:30:00+00:00,1393.300048828125,1394.0,1392.199951171875,1393.4000244140625,279544
2025-10-07 08:45:00+00:00,1389.5999755859375,1393.9000244140625,1389.4000244140625,1393.300048828125,540797
2025-10-07 09:00:00+00:00,1389.300048828125,1391.4000244140625,1386.0999755859375,1389.5999755859375,577166
2025-10-07 09:15:00+00:00,1390.0999755859375,1393.699951171875,1388.800048828125,1389.300048828125,633912
2025-10-07 09:30:00+00:00,1383.199951171875,1390.0,1383.0999755859375,1390.0,1343335
2025-10-07 09:45:00+00:00,1384.4000244140625,1385.0999755859375,1382.800048828125,1383.199951171875,777329
2025-10-08 03:45:00+00:00,1385.699951171875,1386.5999755859375,1378.9000244140625,1385.5999755859375,227856
2025-10-08 04:00:00+00:00,1386.199951171875,1389.0,1385.0,1385.800048828125,237597
2025-10-08 04:15:00+00:00,1384.5,1386.4000244140625,1382.5,1386.4000244140625,133208
2025-10-08 04:30:00+00:00,1381.0,1384.5,1379.5999755859375,1384.5,213777
2025-10-08 04:45:00+00:00,1380.0999755859375,1381.0999755859375,1378.300048828125,1380.4000244140625,207300
2025-10-08 05:00:00+00:00,1377.699951171875,1380.0999755859375,1377.300048828125,1380.0999755859375,140161
2025-10-08 05:15:00+00:00,1374.0,1377.699951171875,1373.0,1377.699951171875,259129
2025-10-08 05:30:00+00:00,1371.0,1374.0999755859375,1370.4000244140625,1373.9000244140625,220810
2025-10-08 05:45:00+00:00,1370.0,1372.0,1368.199951171875,1371.0,380884
2025-10-08 06:00:00+00:00,1370.300048828125,1371.0,1368.5999755859375,1369.800048828125,132518
2025-10-08 06:15:00+00:00,1370.199951171875,1372.9000244140625,1369.5,1370.199951171875,527111
2025-10-08 06:30:00+00:00,1369.300048828125,1370.5999755859375,1368.300048828125,1370.4000244140625,186448
2025-10-08 06:45:00+00:00,1366.699951171875,1369.5999755859375,1365.300048828125,1369.300048828125,386961
2025-10-08 07:00:00+00:00,1367.9000244140625,1368.0,1364.5,1366.699951171875,358708
2025-10-08 07:15:00+00:00,1370.0999755859375,1370.0999755859375,1367.199951171875,1367.800048828125,358237
2025-10-08 07:30:00+00:00,1369.4000244140625,1370.0999755859375,1367.5,1370.0999755859375,201321
2025-10-08 07:45:00+00:00,1370.699951171875,1371.800048828125,1368.0,1369.4000244140625,369124
2025-10-08 08:00:00+00:00,1371.5,1372.5999755859375,1370.0,1370.5,430855
2025-10-08 08:15:00+00:00,1371.0,1372.199951171875,1370.5,1371.5,257728
2025-10-08 08:30:00+00:00,1369.0,1371.9000244140625,1367.699951171875,1371.0999755859375,705681
2025-10-08 08:45:00+00:00,1368.199951171875,1369.9000244140625,1366.5999755859375,1369.0,418693
2025-10-08 09:00:00+00:00,1367.4000244140625,1369.199951171875,1366.5999755859375,1368.0,252745
2025-10-08 09:15:00+00:00,1368.699951171875,1369.5999755859375,1366.5,1367.800048828125,388098
2025-10-08 09:30:00+00:00,1366.5,1368.5999755859375,1366.4000244140625,1368.5999755859375,556745
2025-10-08 09:45:00+00:00,1367.300048828125,1367.9000244140625,1366.4000244140625,1366.5,644829
2025-10-09 03:45:00+00:00,1377.5999755859375,1379.300048828125,1369.5,1370.5,390382
2025-10-09 04:00:00+00:00,1375.199951171875,1379.0,1375.0,1377.5999755859375,157072
2025-10-09 04:15:00+00:00,1374.0999755859375,1376.199951171875,1373.199951171875,1375.199951171875,106789
2025-10-09 04:30:00+00:00,1374.4000244140625,1374.9000244140625,1373.0999755859375,1374.199951171875,98704
2025-10-09 04:45:00+00:00,1375.300048828125,1376.199951171875,1373.9000244140625,1374.0,96884
2025-10-09 05:00:00+00:00,1374.9000244140625,1375.9000244140625,1374.199951171875,1375.5999755859375,77420
2025-10-09 05:15:00+00:00,1374.0,1375.5,1373.0,1375.0,119107
2025-10-09 05:30:00+00:00,1379.5,1379.9000244140625,1373.300048828125,1374.0,379481
2025-10-09 05:45:00+00:00,1378.5999755859375,1379.800048828125,1376.0,1379.5,290004
2025-10-09 06:00:00+00:00,1376.4000244140625,1380.0,1375.199951171875,1378.4000244140625,487851
2025-10-09 06:15:00+00:00,1375.5,1379.300048828125,1375.5,1376.5,342143
2025-10-09 06:30:00+00:00,1376.5,1377.699951171875,1375.5,1375.699951171875,348812
2025-10-09 06:45:00+00:00,1375.699951171875,1377.0,1375.199951171875,1376.5,140722
2025-10-09 07:00:00+00:00,1374.199951171875,1375.9000244140625,1370.5999755859375,1375.699951171875,621137
2025-10-09 07:15:00+00:00,1374.4000244140625,1376.0,1372.800048828125,1374.0,229166
2025-10-09 07:30:00+00:00,1375.0,1375.5,1372.0,1374.300048828125,355095
2025-10-09 07:45:00+00:00,1375.4000244140625,1376.300048828125,1373.5999755859375,1375.0,137470
2025-10-09 08:00:00+00:00,1378.0,1379.0,1374.5999755859375,1375.4000244140625,269526
2025-10-09 08:15:00+00:00,1378.5999755859375,1378.9000244140625,1375.5,1378.4000244140625,317976
2025-10-09 08:30:00+00:00,1377.0999755859375,1379.9000244140625,1376.800048828125,1378.9000244140625,257370
2025-10-09 08:45:00+00:00,1375.4000244140625,1377.699951171875,1373.5,1377.0,376812
2025-10-09 09:00:00+00:00,1377.300048828125,1379.699951171875,1375.0,1375.4000244140625,477031
2025-10-09 09:15:00+00:00,1376.5,1378.0,1373.5,1377.300048828125,562329
2025-10-09 09:30:00+00:00,1378.0999755859375,1379.0,1375.5,1376.4000244140625,963110
2025-10-09 09:45:00+00:00,1377.0,1379.5,1375.4000244140625,1378.0999755859375,752224
2025-10-10 03:45:00+00:00,1382.800048828125,1383.699951171875,1375.800048828125,1377.699951171875,174749
2025-10-10 04:00:00+00:00,1384.9000244140625,1384.9000244140625,1381.5999755859375,1382.800048828125,181347
2025-10-10 04:15:00+00:00,1382.0,1385.5,1381.0,1384.9000244140625,189435
2025-10-10 04:30:00+00:00,1382.5999755859375,1384.0,1381.5999755859375,1382.0,153118
2025-10-10 04:45:00+00:00,1382.199951171875,1384.199951171875,1381.800048828125,1382.5999755859375,133570
2025-10-10 05:00:00+00:00,1381.0,1383.0999755859375,1381.0,1382.0,138559
2025-10-10 05:15:00+00:00,1382.0999755859375,1383.300048828125,1380.5999755859375,1381.0,231829
2025-10-10 05:30:00+00:00,1383.0,1383.199951171875,1381.5999755859375,1381.9000244140625,111496
2025-10-10 05:45:00+00:00,1381.5999755859375,1383.4000244140625,1381.300048828125,1383.0,190296
2025-10-10 06:00:00+00:00,1381.800048828125,1383.0999755859375,1380.0,1381.300048828125,410140
2025-10-10 06:15:00+00:00,1380.699951171875,1382.0,1380.4000244140625,1381.9000244140625,90703
2025-10-10 06:30:00+00:00,1381.5999755859375,1382.0,1380.300048828125,1381.0999755859375,102513
2025-10-10 06:45:00+00:00,1381.800048828125,1382.199951171875,1380.0,1381.5,215242
2025-10-10 07:00:00+00:00,1382.5999755859375,1383.0,1381.5999755859375,1381.699951171875,121828
2025-10-10 07:15:00+00:00,1385.9000244140625,1387.199951171875,1382.5999755859375,1382.5999755859375,442662
2025-10-10 07:30:00+00:00,1385.4000244140625,1386.0999755859375,1383.0999755859375,1385.699951171875,279394
2025-10-10 07:45:00+00:00,1386.199951171875,1387.9000244140625,1384.5999755859375,1385.300048828125,472505
2025-10-10 08:00:00+00:00,1387.0,1387.9000244140625,1386.4000244140625,1386.4000244140625,219813
2025-10-10 08:15:00+00:00,1385.0,1387.300048828125,1385.0,1387.0,206255
2025-10-10 08:30:00+00:00,1386.0999755859375,1387.5,1385.0,1385.0,226745
2025-10-10 08:45:00+00:00,1384.5,1386.800048828125,1384.0,1386.4000244140625,193680
2025-10-10 09:00:00+00:00,1382.4000244140625,1384.800048828125,1381.5,1384.5,181393
2025-10-10 09:15:00+00:00,1382.699951171875,1382.9000244140625,1380.4000244140625,1382.199951171875,342273
2025-10-10 09:30:00+00:00,1383.199951171875,1384.800048828125,1381.4000244140625,1382.699951171875,395879
2025-10-10 09:45:00+00:00,1380.699951171875,1383.5,1380.0,1383.300048828125,698051
2025-10-13 03:45:00+00:00,1372.9000244140625,1376.800048828125,1370.800048828125,1375.9000244140625,169366
2025-10-13 04:00:00+00:00,1372.5,1373.699951171875,1371.300048828125,1372.699951171875,183329
2025-10-13 04:15:00+00:00,1373.0,1375.4000244140625,1372.5999755859375,1372.699951171875,111726
2025-10-13 04:30:00+00:00,1371.5,1373.300048828125,1370.699951171875,1373.300048828125,174393
2025-10-13 04:45:00+00:00,1371.9000244140625,1372.4000244140625,1371.0999755859375,1371.5999755859375,101715
2025-10-13 05:00:00+00:00,1370.4000244140625,1372.5999755859375,1370.0999755859375,1372.0,189042
2025-10-13 05:15:00+00:00,1370.9000244140625,1370.9000244140625,1369.699951171875,1370.300048828125,122815
2025-10-13 05:30:00+00:00,1369.800048828125,1371.699951171875,1369.800048828125,1370.4000244140625,97324
2025-10-13 05:45:00+00:00,1368.800048828125,1370.0999755859375,1368.199951171875,1369.800048828125,159517
2025-10-13 06:00:00+00:00,1368.800048828125,1369.4000244140625,1367.800048828125,1368.699951171875,187279
2025-10-13 06:15:00+00:00,1370.199951171875,1370.5999755859375,1368.4000244140625,1369.0,271879
2025-10-13 06:30:00+00:00,1371.199951171875,1372.0,1369.0,1370.199951171875,490572
2025-10-13 06:45:00+00:00,1371.5,1371.800048828125,1369.5,1371.0999755859375,182226
2025-10-13 07:00:00+00:00,1372.800048828125,1373.0,1370.5999755859375,1371.5,285597
2025-10-13 07:15:00+00:00,1372.699951171875,1372.9000244140625,1370.0,1372.5,369769
2025-10-13 07:30:00+00:00,1374.0,1374.0999755859375,1371.199951171875,1372.5999755859375,468378
2025-10-13 07:45:00+00:00,1372.0999755859375,1374.5999755859375,1370.0999755859375,1374.0,396711
2025-10-13 08:00:00+00:00,1373.0,1373.0999755859375,1371.0,1372.0999755859375,211503
2025-10-13 08:15:00+00:00,1372.0,1374.4000244140625,1371.0999755859375,1373.300048828125,441371
2025-10-13 08:30:00+00:00,1373.300048828125,1374.4000244140625,1372.300048828125,1372.4000244140625,217449
2025-10-13 08:45:00+00:00,1375.0999755859375,1375.9000244140625,1372.0,1373.300048828125,435216
2025-10-13 09:00:00+00:00,1374.699951171875,1375.5,1372.0999755859375,1375.5,264651
2025-10-13 09:15:00+00:00,1377.199951171875,1377.699951171875,1372.5,1374.5,715963
2025-10-13 09:30:00+00:00,1374.5,1377.199951171875,1373.9000244140625,1377.199951171875,631711
2025-10-13 09:45:00+00:00,1376.0,1376.800048828125,1374.300048828125,1374.5,509368
2025-10-14 03:45:00+00:00,1385.4000244140625,1388.0,1378.5999755859375,1380.0999755859375,384823
2025-10-14 04:00:00+00:00,1380.199951171875,1385.5,1380.199951171875,1385.0999755859375,248315
2025-10-14 04:15:00+00:00,1378.199951171875,1381.699951171875,1378.199951171875,1380.5,303743
2025-10-14 04:30:00+00:00,1377.800048828125,1380.0,1375.800048828125,1378.199951171875,263617
2025-10-14 04:45:00+00:00,1378.5999755859375,1379.0999755859375,1375.0999755859375,1377.5,208879
2025-10-14 05:00:00+00:00,1379.9000244140625,1381.0999755859375,1378.0,1378.5,572358
2025-10-14 05:15:00+00:00,1381.0,1382.4000244140625,1379.300048828125,1379.9000244140625,212824
2025-10-14 05:30:00+00:00,1380.699951171875,1381.5999755859375,1378.300048828125,1381.0,176451
2025-10-14 05:45:00+00:00,1378.9000244140625,1380.699951171875,1378.300048828125,1380.699951171875,370201
2025-10-14 06:00:00+00:00,1381.800048828125,1381.800048828125,1377.0999755859375,1378.9000244140625,297864
2025-10-14 06:15:00+00:00,1380.9000244140625,1381.800048828125,1380.0,1381.800048828125,222822
2025-10-14 06:30:00+00:00,1377.5999755859375,1382.199951171875,1376.5999755859375,1380.9000244140625,550528
2025-10-14 06:45:00+00:00,1372.5999755859375,1378.9000244140625,1372.5,1378.0,245476
2025-10-14 07:00:00+00:00,1370.699951171875,1374.5999755859375,1370.199951171875,1372.5,568781
2025-10-14 07:15:00+00:00,1373.199951171875,1373.5999755859375,1370.4000244140625,1370.699951171875,113836
2025-10-14 07:30:00+00:00,1373.5,1374.4000244140625,1370.5999755859375,1373.5999755859375,436282
2025-10-14 07:45:00+00:00,1374.199951171875,1374.300048828125,1372.4000244140625,1373.300048828125,150687
2025-10-14 08:00:00+00:00,1375.199951171875,1376.9000244140625,1373.0999755859375,1374.199951171875,405186
2025-10-14 08:15:00+00:00,1376.0,1376.5999755859375,1372.5,1375.5,557681
2025-10-14 08:30:00+00:00,1373.5,1376.5,1372.9000244140625,1376.0,338119
2025-10-14 08:45:00+00:00,1374.800048828125,1375.800048828125,1372.199951171875,1373.800048828125,399762
2025-10-14 09:00:00+00:00,1378.699951171875,1379.0,1374.5,1374.800048828125,517212
2025-10-14 09:15:00+00:00,1377.4000244140625,1379.5999755859375,1375.0999755859375,1378.5999755859375,477364
2025-10-14 09:30:00+00:00,1375.5,1377.800048828125,1374.800048828125,1377.4000244140625,739743
2025-10-14 09:45:00+00:00,1374.9000244140625,1376.9000244140625,1374.199951171875,1375.4000244140625,561568
2025-10-15 03:45:00+00:00,1379.0999755859375,1383.300048828125,1378.0,1378.5999755859375,326011
2025-10-15 04:00:00+00:00,1377.4000244140625,1380.9000244140625,1376.0999755859375,1379.4000244140625,241940
2025-10-15 04:15:00+00:00,1376.199951171875,1377.9000244140625,1375.5999755859375,1377.4000244140625,184116
2025-10-15 04:30:00+00:00,1377.5999755859375,1378.300048828125,1376.0,1376.0,136096
2025-10-15 04:45:00+00:00,1377.699951171875,1379.5,1377.5,1377.9000244140625,503459
2025-10-15 05:00:00+00:00,1378.199951171875,1379.5,1377.699951171875,1378.300048828125,219965
2025-10-15 05:15:00+00:00,1379.0999755859375,1379.4000244140625,1377.0,1378.199951171875,343038
2025-10-15 05:30:00+00:00,1378.0999755859375,1379.800048828125,1376.699951171875,1379.199951171875,411990
2025-10-15 05:45:00+00:00,1378.4000244140625,1379.199951171875,1377.199951171875,1378.199951171875,326200
2025-10-15 06:00:00+00:00,1377.5999755859375,1378.5999755859375,1377.0999755859375,1378.5999755859375,198165
2025-10-15 06:15:00+00:00,1377.800048828125,1378.199951171875,1376.9000244140625,1377.699951171875,191463
2025-10-15 06:30:00+00:00,1376.199951171875,1378.300048828125,1376.199951171875,1377.699951171875,386808
2025-10-15 06:45:00+00:00,1378.0,1378.699951171875,1376.0999755859375,1376.0999755859375,564098
2025-10-15 07:00:00+00:00,1378.0999755859375,1378.9000244140625,1377.0999755859375,1378.0,292138
2025-10-15 07:15:00+00:00,1378.9000244140625,1379.4000244140625,1377.800048828125,1378.300048828125,319115
2025-10-15 07:30:00+00:00,1378.0,1379.300048828125,1378.0,1379.0,153159
2025-10-15 07:45:00+00:00,1379.9000244140625,1381.300048828125,1377.9000244140625,1378.4000244140625,1388308
2025-10-15 08:00:00+00:00,1379.0999755859375,1381.9000244140625,1378.699951171875,1380.0,298577
2025-10-15 08:15:00+00:00,1376.9000244140625,1379.800048828125,1376.199951171875,1379.4000244140625,236362
2025-10-15 08:30:00+00:00,1374.699951171875,1377.5,1374.0,1376.800048828125,315440
2025-10-15 08:45:00+00:00,1374.300048828125,1375.5,1373.0,1374.800048828125,231983
2025-10-15 09:00:00+00:00,1375.0,1376.800048828125,1373.199951171875,1374.300048828125,506396
2025-10-15 09:15:00+00:00,1374.9000244140625,1376.0999755859375,1373.4000244140625,1375.0,438433
2025-10-15 09:30:00+00:00,1374.5999755859375,1375.0,1373.0,1375.0,1045932
2025-10-15 09:45:00+00:00,1374.5999755859375,1375.9000244140625,1373.300048828125,1374.699951171875,1065913
2025-10-16 03:45:00+00:00,1381.0,1381.300048828125,1375.5,1376.300048828125,386026
2025-10-16 04:00:00+00:00,1380.0999755859375,1381.0999755859375,1378.5999755859375,1381.0,317985
2025-10-16 04:15:00+00:00,1378.300048828125,1380.9000244140625,1378.300048828125,1380.199951171875,213062
2025-10-16 04:30:00+00:00,1376.9000244140625,1379.0,1376.800048828125,1378.0999755859375,193264
2025-10-16 04:45:00+00:00,1378.5,1379.0999755859375,1376.5999755859375,1377.0,168848
2025-10-16 05:00:00+00:00,1379.0,1379.9000244140625,1378.0,1378.5,272357
2025-10-16 05:15:00+00:00,1378.9000244140625,1379.4000244140625,1377.800048828125,1379.0,204807
2025-10-16 05:30:00+00:00,1377.9000244140625,1379.0,1377.5999755859375,1378.9000244140625,352382
2025-10-16 05:45:00+00:00,1378.5,1378.9000244140625,1377.300048828125,1377.800048828125,334136
2025-10-16 06:00:00+00:00,1378.699951171875,1379.0,1378.0,1378.4000244140625,220693
2025-10-16 06:15:00+00:00,1379.9000244140625,1379.9000244140625,1378.5999755859375,1378.699951171875,222177
2025-10-16 06:30:00+00:00,1383.4000244140625,1383.5,1379.9000244140625,1379.9000244140625,483315
2025-10-16 06:45:00+00:00,1383.5999755859375,1384.800048828125,1383.0,1383.4000244140625,557078
2025-10-16 07:00:00+00:00,1384.9000244140625,1385.0,1382.4000244140625,1383.5999755859375,227376
2025-10-16 07:15:00+00:00,1384.0,1386.5,1383.4000244140625,1384.800048828125,356621
2025-10-16 07:30:00+00:00,1383.0999755859375,1385.5,1382.699951171875,1384.0,254118
2025-10-16 07:45:00+00:00,1381.4000244140625,1383.0999755859375,1380.199951171875,1383.0,798778
2025-10-16 08:00:00+00:00,1384.0,1384.300048828125,1381.0,1381.9000244140625,827954
2025-10-16 08:15:00+00:00,1385.300048828125,1385.4000244140625,1383.5999755859375,1384.0,323334
2025-10-16 08:30:00+00:00,1389.199951171875,1389.9000244140625,1384.9000244140625,1385.4000244140625,637876
2025-10-16 08:45:00+00:00,1391.0,1392.300048828125,1389.0999755859375,1389.0999755859375,480134
2025-10-16 09:00:00+00:00,1394.5,1394.5999755859375,1390.800048828125,1391.0999755859375,676760
2025-10-16 09:15:00+00:00,1398.5,1400.300048828125,1394.5999755859375,1394.699951171875,1266240
2025-10-16 09:30:00+00:00,1397.300048828125,1400.199951171875,1396.699951171875,1398.5,1317756
2025-10-16 09:45:00+00:00,1398.5,1398.5,1396.4000244140625,1397.199951171875,914124
2025-10-17 03:45:00+00:00,1405.9000244140625,1410.800048828125,1405.0,1405.0,795586
2025-10-17 04:00:00+00:00,1402.300048828125,1408.699951171875,1401.0999755859375,1405.9000244140625,637445
2025-10-17 04:15:00+00:00,1403.699951171875,1404.0,1399.5999755859375,1402.699951171875,646252
2025-10-17 04:30:00+00:00,1407.800048828125,1408.0,1403.699951171875,1403.699951171875,369986
2025-10-17 04:45:00+00:00,1410.5999755859375,1411.0,1406.5,1407.699951171875,474487
2025-10-17 05:00:00+00:00,1412.800048828125,1413.5999755859375,1410.5999755859375,1410.699951171875,587693
2025-10-17 05:15:00+00:00,1415.0,1415.4000244140625,1412.0,1412.4000244140625,695917
2025-10-17 05:30:00+00:00,1416.0999755859375,1416.199951171875,1414.4000244140625,1415.0,274128
2025-10-17 05:45:00+00:00,1415.0999755859375,1417.5,1414.199951171875,1416.0999755859375,486140
2025-10-17 06:00:00+00:00,1414.5,1417.5,1411.699951171875,1415.300048828125,540469
2025-10-17 06:15:00+00:00,1416.9000244140625,1417.0,1413.5,1414.300048828125,1196893
2025-10-17 06:30:00+00:00,1421.0999755859375,1423.0999755859375,1415.699951171875,1416.800048828125,773056
2025-10-17 06:45:00+00:00,1421.5,1422.5,1417.199951171875,1421.699951171875,912070
2025-10-17 07:00:00+00:00,1420.5999755859375,1421.5999755859375,1419.0999755859375,1421.5999755859375,533614
2025-10-17 07:15:00+00:00,1414.5,1422.0,1411.4000244140625,1420.699951171875,1316042
2025-10-17 07:30:00+00:00,1411.5,1416.0,1410.0,1414.199951171875,958295
2025-10-17 07:45:00+00:00,1413.0,1416.0,1410.9000244140625,1411.300048828125,671978
2025-10-17 08:00:00+00:00,1414.5999755859375,1414.800048828125,1411.0,1413.4000244140625,910131
2025-10-17 08:15:00+00:00,1416.0,1416.800048828125,1412.5,1414.300048828125,544409
2025-10-17 08:30:00+00:00,1414.4000244140625,1418.4000244140625,1413.699951171875,1416.0,642513
2025-10-17 08:45:00+00:00,1412.5,1417.5999755859375,1411.0999755859375,1413.9000244140625,942972
2025-10-17 09:00:00+00:00,1417.4000244140625,1418.5999755859375,1412.300048828125,1412.5999755859375,605802
2025-10-17 09:15:00+00:00,1419.300048828125,1420.0,1417.5,1417.800048828125,789836
2025-10-17 09:30:00+00:00,1415.9000244140625,1419.0,1415.699951171875,1418.9000244140625,896001
2025-10-17 09:45:00+00:00,1419.9000244140625,1420.0,1415.800048828125,1415.9000244140625,861773
2025-10-20 03:45:00+00:00,1451.4000244140625,1460.0999755859375,1439.0,1439.0,2717479
2025-10-20 04:00:00+00:00,1458.0999755859375,1459.5999755859375,1451.300048828125,1451.699951171875,1246275
2025-10-20 04:15:00+00:00,1457.0,1458.800048828125,1454.5,1458.5999755859375,648998
2025-10-20 04:30:00+00:00,1464.9000244140625,1465.0,1455.300048828125,1456.5999755859375,1481524
2025-10-20 04:45:00+00:00,1461.800048828125,1465.300048828125,1460.699951171875,1465.0,966395
2025-10-20 05:00:00+00:00,1463.5,1463.5999755859375,1460.0,1461.5999755859375,538842
2025-10-20 05:15:00+00:00,1466.199951171875,1466.699951171875,1462.9000244140625,1463.300048828125,1029413
2025-10-20 05:30:00+00:00,1463.300048828125,1466.5999755859375,1462.0,1466.300048828125,601846
2025-10-20 05:45:00+00:00,1462.0,1463.9000244140625,1460.0,1463.300048828125,402433
2025-10-20 06:00:00+00:00,1460.0,1462.699951171875,1459.199951171875,1462.0999755859375,551882
2025-10-20 06:15:00+00:00,1460.800048828125,1460.800048828125,1459.5999755859375,1460.0,304877
2025-10-20 06:30:00+00:00,1463.5,1464.0,1460.0999755859375,1460.800048828125,402858
2025-10-20 06:45:00+00:00,1463.699951171875,1465.0,1462.300048828125,1463.5999755859375,513877
2025-10-20 07:00:00+00:00,1465.800048828125,1466.4000244140625,1463.699951171875,1463.9000244140625,502839
2025-10-20 07:15:00+00:00,1470.5,1470.5999755859375,1465.5,1465.800048828125,966612
2025-10-20 07:30:00+00:00,1473.0,1473.5,1469.5,1470.4000244140625,872003
2025-10-20 07:45:00+00:00,1470.5999755859375,1473.5,1470.0999755859375,1473.0,758046
2025-10-20 08:00:00+00:00,1468.9000244140625,1471.0,1468.0999755859375,1470.699951171875,500507
2025-10-20 08:15:00+00:00,1468.0,1469.4000244140625,1466.0,1468.9000244140625,547137
2025-10-20 08:30:00+00:00,1469.5,1469.699951171875,1466.5999755859375,1467.699951171875,443121
2025-10-20 08:45:00+00:00,1466.9000244140625,1470.800048828125,1466.0999755859375,1469.5,629442
2025-10-20 09:00:00+00:00,1464.9000244140625,1468.0,1463.699951171875,1467.0,672897
2025-10-20 09:15:00+00:00,1464.9000244140625,1467.5999755859375,1463.4000244140625,1465.0,759410
2025-10-20 09:30:00+00:00,1467.5,1468.9000244140625,1463.699951171875,1464.9000244140625,1518927
2025-10-20 09:45:00+00:00,1468.0,1469.0,1466.5999755859375,1467.4000244140625,1162331
2025-10-21 08:00:00+00:00,1468.0,1468.0,1468.0,1468.0,0
2025-10-21 08:15:00+00:00,1470.0999755859375,1473.5,1465.5,1469.5,891267
2025-10-21 08:30:00+00:00,1468.5999755859375,1470.5,1467.0,1470.199951171875,308147
2025-10-21 08:45:00+00:00,1465.5,1469.5,1465.0,1468.5999755859375,343567
2025-10-21 09:00:00+00:00,1461.0,1466.5999755859375,1460.4000244140625,1465.5,485161
2025-10-21 09:15:00+00:00,1465.199951171875,1465.199951171875,1461.0,1461.0,767
2025-10-23 03:45:00+00:00,1478.5999755859375,1478.9000244140625,1471.0,1473.9000244140625,985629
2025-10-23 04:00:00+00:00,1477.300048828125,1482.800048828125,1475.199951171875,1478.9000244140625,904502
2025-10-23 04:15:00+00:00,1473.5999755859375,1478.0999755859375,1472.0999755859375,1477.0999755859375,560544
2025-10-23 04:30:00+00:00,1477.4000244140625,1477.9000244140625,1473.5999755859375,1473.699951171875,469756
2025-10-23 04:45:00+00:00,1469.5999755859375,1478.5,1468.5,1477.4000244140625,812518
2025-10-23 05:00:00+00:00,1464.5,1469.4000244140625,1464.199951171875,1468.800048828125,671272
2025-10-23 05:15:00+00:00,1464.199951171875,1464.800048828125,1461.5999755859375,1464.5,566548
2025-10-23 05:30:00+00:00,1463.0999755859375,1465.5999755859375,1461.800048828125,1464.0999755859375,395142
2025-10-23 05:45:00+00:00,1458.9000244140625,1463.199951171875,1458.9000244140625,1463.0999755859375,495265
2025-10-23 06:00:00+00:00,1462.0,1462.0999755859375,1458.5999755859375,1459.0,737187
2025-10-23 06:15:00+00:00,1464.0999755859375,1464.0999755859375,1461.0,1461.9000244140625,551802
2025-10-23 06:30:00+00:00,1464.800048828125,1465.0,1462.5999755859375,1464.0999755859375,628746
2025-10-23 06:45:00+00:00,1466.800048828125,1467.5,1461.9000244140625,1464.800048828125,558034
2025-10-23 07:00:00+00:00,1469.9000244140625,1470.0,1466.800048828125,1466.800048828125,534740
2025-10-23 07:15:00+00:00,1469.300048828125,1471.699951171875,1468.199951171875,1470.0,830766
2025-10-23 07:30:00+00:00,1470.199951171875,1470.4000244140625,1467.5,1469.0999755859375,801660
2025-10-23 07:45:00+00:00,1467.9000244140625,1471.9000244140625,1467.0,1470.199951171875,580334
2025-10-23 08:00:00+00:00,1465.300048828125,1468.5,1462.699951171875,1467.9000244140625,460051
2025-10-23 08:15:00+00:00,1462.5,1466.5,1462.5,1465.199951171875,289994
2025-10-23 08:30:00+00:00,1460.5,1463.699951171875,1460.0,1462.5,500515
2025-10-23 08:45:00+00:00,1460.800048828125,1462.199951171875,1458.5,1460.5,700834
2025-10-23 09:00:00+00:00,1460.199951171875,1461.9000244140625,1458.5,1460.9000244140625,850190
2025-10-23 09:15:00+00:00,1454.9000244140625,1461.0,1454.4000244140625,1460.5,711070
2025-10-23 09:30:00+00:00,1446.300048828125,1455.5999755859375,1444.5999755859375,1455.0,1507869
2025-10-23 09:45:00+00:00,1447.5,1449.0,1445.5,1446.199951171875,1327242
2025-10-24 03:45:00+00:00,1445.4000244140625,1449.9000244140625,1441.0999755859375,1449.9000244140625,635419
2025-10-24 04:00:00+00:00,1448.4000244140625,1449.800048828125,1445.4000244140625,1445.9000244140625,440050
2025-10-24 04:15:00+00:00,1449.9000244140625,1450.0,1447.0999755859375,1448.0999755859375,168497
2025-10-24 04:30:00+00:00,1448.0,1450.5,1447.5,1449.800048828125,499950
2025-10-24 04:45:00+00:00,1445.0,1448.300048828125,1445.0,1447.699951171875,409143
2025-10-24 05:00:00+00:00,1445.0,1448.0,1444.5999755859375,1445.4000244140625,285564
2025-10-24 05:15:00+00:00,1448.4000244140625,1448.4000244140625,1444.800048828125,1445.300048828125,360602
2025-10-24 05:30:00+00:00,1448.9000244140625,1449.5,1447.0999755859375,1448.699951171875,559870
2025-10-24 05:45:00+00:00,1448.199951171875,1449.199951171875,1447.0999755859375,1448.9000244140625,431648
2025-10-24 06:00:00+00:00,1454.5999755859375,1455.0,1447.5999755859375,1447.5999755859375,423853
2025-10-24 06:15:00+00:00,1452.800048828125,1455.0,1452.800048828125,1454.9000244140625,261599
2025-10-24 06:30:00+00:00,1455.9000244140625,1457.0,1452.5999755859375,1452.800048828125,284614
2025-10-24 06:45:00+00:00,1458.199951171875,1459.300048828125,1453.800048828125,1455.800048828125,284010
2025-10-24 07:00:00+00:00,1459.0,1459.800048828125,1457.199951171875,1458.5,244084
2025-10-24 07:15:00+00:00,1455.699951171875,1459.699951171875,1455.199951171875,1459.300048828125,188484
2025-10-24 07:30:00+00:00,1459.0,1459.300048828125,1455.199951171875,1456.0,457192
2025-10-24 07:45:00+00:00,1453.5,1459.199951171875,1453.0,1459.0,293816
2025-10-24 08:00:00+00:00,1448.800048828125,1454.699951171875,1448.699951171875,1453.4000244140625,382109
2025-10-24 08:15:00+00:00,1449.300048828125,1450.699951171875,1447.5,1448.699951171875,287843
2025-10-24 08:30:00+00:00,1449.0999755859375,1451.699951171875,1448.5,1449.300048828125,196933
2025-10-24 08:45:00+00:00,1450.4000244140625,1451.0,1448.300048828125,1449.0999755859375,116117
2025-10-24 09:00:00+00:00,1449.0999755859375,1451.199951171875,1448.4000244140625,1450.199951171875,218180
2025-10-24 09:15:00+00:00,1448.5999755859375,1450.0,1448.0,1449.0999755859375,163466
2025-10-24 09:30:00+00:00,1452.4000244140625,1454.199951171875,1448.699951171875,1449.0,784398
2025-10-24 09:45:00+00:00,1451.5999755859375,1452.9000244140625,1449.9000244140625,1452.4000244140625,732081
2025-10-27 03:45:00+00:00,1468.199951171875,1468.5,1459.9000244140625,1459.9000244140625,317774
2025-10-27 04:00:00+00:00,1480.0,1481.5,1468.5999755859375,1468.9000244140625,967593
2025-10-27 04:15:00+00:00,1479.5,1481.0,1477.0999755859375,1479.5999755859375,524700
2025-10-27 04:30:00+00:00,1482.4000244140625,1483.4000244140625,1479.199951171875,1479.5,676957
2025-10-27 04:45:00+00:00,1481.0999755859375,1483.0,1480.4000244140625,1483.0,650867
2025-10-27 05:00:00+00:00,1481.5,1482.199951171875,1477.699951171875,1480.9000244140625,798359
2025-10-27 05:15:00+00:00,1481.9000244140625,1482.0999755859375,1479.9000244140625,1481.800048828125,541036
2025-10-27 05:30:00+00:00,1482.0,1482.9000244140625,1480.9000244140625,1481.5999755859375,576485
2025-10-27 05:45:00+00:00,1480.300048828125,1482.4000244140625,1479.4000244140625,1481.800048828125,798547
2025-10-27 06:00:00+00:00,1481.0,1482.0,1479.800048828125,1480.5,323207
2025-10-27 06:15:00+00:00,1483.9000244140625,1484.800048828125,1481.0,1481.0,553086
2025-10-27 06:30:00+00:00,1483.0,1484.699951171875,1482.0999755859375,1483.9000244140625,367446
2025-10-27 06:45:00+00:00,1481.699951171875,1483.0,1481.300048828125,1483.0,307678
2025-10-27 07:00:00+00:00,1483.199951171875,1483.5,1480.5999755859375,1482.0999755859375,324463
2025-10-27 07:15:00+00:00,1481.5,1484.0,1481.0,1483.0999755859375,225282
2025-10-27 07:30:00+00:00,1481.5,1482.5,1480.5,1481.699951171875,491374
2025-10-27 07:45:00+00:00,1478.800048828125,1481.800048828125,1478.300048828125,1481.5999755859375,494434
2025-10-27 08:00:00+00:00,1478.5,1479.0,1476.4000244140625,1478.699951171875,295767
2025-10-27 08:15:00+00:00,1481.0,1481.800048828125,1478.0999755859375,1478.4000244140625,294030
2025-10-27 08:30:00+00:00,1480.300048828125,1481.699951171875,1480.199951171875,1481.0,313302
2025-10-27 08:45:00+00:00,1484.0,1484.800048828125,1480.199951171875,1480.4000244140625,540145
2025-10-27 09:00:00+00:00,1483.5,1484.9000244140625,1482.699951171875,1484.0,399110
2025-10-27 09:15:00+00:00,1483.0,1484.0,1481.4000244140625,1483.199951171875,671707
2025-10-27 09:30:00+00:00,1484.0999755859375,1484.5999755859375,1482.800048828125,1482.800048828125,1060422
2025-10-27 09:45:00+00:00,1483.0,1484.800048828125,1483.0,1484.199951171875,956071
2025-10-28 03:45:00+00:00,1486.9000244140625,1488.5,1481.199951171875,1483.9000244140625,787650
2025-10-28 04:00:00+00:00,1490.5,1490.699951171875,1486.800048828125,1486.800048828125,698125
2025-10-28 04:15:00+00:00,1485.0,1492.0,1484.300048828125,1490.5999755859375,445551
2025-10-28 04:30:00+00:00,1483.699951171875,1485.0,1481.0999755859375,1484.9000244140625,325935
2025-10-28 04:45:00+00:00,1485.4000244140625,1486.300048828125,1481.5,1483.5999755859375,383179
2025-10-28 05:00:00+00:00,1482.5999755859375,1486.4000244140625,1482.5,1485.199951171875,241129
2025-10-28 05:15:00+00:00,1479.699951171875,1483.5,1479.0999755859375,1482.5,526556
2025-10-28 05:30:00+00:00,1481.800048828125,1481.800048828125,1478.5999755859375,1479.5,371920
2025-10-28 05:45:00+00:00,1484.5999755859375,1486.0,1480.9000244140625,1481.9000244140625,271153
2025-10-28 06:00:00+00:00,1483.0,1486.9000244140625,1483.0,1484.5999755859375,414785
2025-10-28 06:15:00+00:00,1481.800048828125,1484.800048828125,1481.4000244140625,1483.0,626790
2025-10-28 06:30:00+00:00,1482.4000244140625,1483.0,1481.0999755859375,1482.300048828125,253145
2025-10-28 06:45:00+00:00,1482.800048828125,1484.300048828125,1480.300048828125,1482.5999755859375,433140
2025-10-28 07:00:00+00:00,1486.800048828125,1487.0999755859375,1482.0,1482.699951171875,344479
2025-10-28 07:15:00+00:00,1487.5,1489.300048828125,1485.4000244140625,1487.0,612547
2025-10-28 07:30:00+00:00,1486.5,1489.5,1486.0999755859375,1487.5,417627
2025-10-28 07:45:00+00:00,1488.4000244140625,1489.0999755859375,1484.699951171875,1486.5,546603
2025-10-28 08:00:00+00:00,1484.800048828125,1489.9000244140625,1484.800048828125,1488.4000244140625,442223
2025-10-28 08:15:00+00:00,1486.300048828125,1487.699951171875,1484.300048828125,1484.800048828125,755167
2025-10-28 08:30:00+00:00,1485.699951171875,1488.0999755859375,1482.199951171875,1486.199951171875,872733
2025-10-28 08:45:00+00:00,1481.800048828125,1485.800048828125,1479.4000244140625,1485.699951171875,881233
2025-10-28 09:00:00+00:00,1480.0,1481.5,1477.5999755859375,1481.300048828125,975076
2025-10-28 09:15:00+00:00,1484.800048828125,1485.0999755859375,1479.699951171875,1480.0,1117155
2025-10-28 09:30:00+00:00,1487.0999755859375,1488.0,1483.4000244140625,1484.800048828125,2462130
2025-10-28 09:45:00+00:00,1490.0,1490.0,1486.199951171875,1487.199951171875,1684117
2025-10-29 03:45:00+00:00,1498.300048828125,1500.199951171875,1489.0999755859375,1489.0999755859375,218010
2025-10-29 04:00:00+00:00,1497.0999755859375,1500.4000244140625,1494.300048828125,1498.800048828125,558335
2025-10-29 04:15:00+00:00,1497.699951171875,1499.0,1496.0999755859375,1497.0,174052
2025-10-29 04:30:00+00:00,1503.5,1505.199951171875,1497.0999755859375,1497.5999755859375,803819
2025-10-29 04:45:00+00:00,1503.300048828125,1506.300048828125,1502.699951171875,1503.699951171875,578479
2025-10-29 05:00:00+00:00,1502.5,1505.199951171875,1502.0,1503.300048828125,236073
2025-10-29 05:15:00+00:00,1502.4000244140625,1503.0,1499.0,1502.5,324705
2025-10-29 05:30:00+00:00,1503.4000244140625,1503.5,1500.699951171875,1502.4000244140625,371664
2025-10-29 05:45:00+00:00,1502.0,1503.5999755859375,1500.0999755859375,1503.4000244140625,482912
2025-10-29 06:00:00+00:00,1506.5,1508.300048828125,1501.9000244140625,1502.199951171875,529992
2025-10-29 06:15:00+00:00,1501.800048828125,1506.9000244140625,1500.300048828125,1506.5999755859375,611330
2025-10-29 06:30:00+00:00,1501.5,1503.0,1499.0,1501.800048828125,437269
2025-10-29 06:45:00+00:00,1500.5999755859375,1502.0,1499.5,1501.9000244140625,244431
2025-10-29 07:00:00+00:00,1504.199951171875,1504.5,1500.5999755859375,1500.800048828125,353468
2025-10-29 07:15:00+00:00,1503.9000244140625,1506.0,1503.699951171875,1504.4000244140625,372384
2025-10-29 07:30:00+00:00,1505.699951171875,1505.9000244140625,1502.0999755859375,1503.800048828125,658643
2025-10-29 07:45:00+00:00,1503.300048828125,1506.0,1502.5999755859375,1505.699951171875,548387
2025-10-29 08:00:00+00:00,1504.5999755859375,1507.4000244140625,1502.699951171875,1503.300048828125,679913
2025-10-29 08:15:00+00:00,1503.5999755859375,1505.199951171875,1503.0999755859375,1504.800048828125,271011
2025-10-29 08:30:00+00:00,1503.300048828125,1504.4000244140625,1501.0999755859375,1503.9000244140625,230009
2025-10-29 08:45:00+00:00,1502.5999755859375,1504.699951171875,1501.0999755859375,1503.300048828125,718730
2025-10-29 09:00:00+00:00,1502.800048828125,1504.5,1501.5,1502.5,482768
2025-10-29 09:15:00+00:00,1503.5,1504.5999755859375,1500.800048828125,1502.800048828125,537808
2025-10-29 09:30:00+00:00,1504.0,1504.800048828125,1503.4000244140625,1503.5,398089
2025-10-29 09:45:00+00:00,1504.0,1505.300048828125,1503.0999755859375,1503.5999755859375,492590
2025-10-30 03:45:00+00:00,1495.5,1500.699951171875,1494.300048828125,1499.9000244140625,149327
2025-10-30 04:00:00+00:00,1493.5999755859375,1495.9000244140625,1492.800048828125,1495.699951171875,282910
2025-10-30 04:15:00+00:00,1493.0,1494.4000244140625,1490.4000244140625,1493.800048828125,290927
2025-10-30 04:30:00+00:00,1496.0,1496.0,1490.699951171875,1493.0,194606
2025-10-30 04:45:00+00:00,1493.300048828125,1496.5999755859375,1493.199951171875,1496.0,120486
2025-10-30 05:00:00+00:00,1490.800048828125,1494.0,1490.0999755859375,1493.699951171875,172970
2025-10-30 05:15:00+00:00,1492.9000244140625,1493.5,1490.5999755859375,1490.800048828125,200700
2025-10-30 05:30:00+00:00,1496.9000244140625,1498.300048828125,1492.0999755859375,1492.9000244140625,461354
2025-10-30 05:45:00+00:00,1498.5,1503.0999755859375,1496.4000244140625,1497.300048828125,731741
2025-10-30 06:00:00+00:00,1498.199951171875,1499.5,1496.9000244140625,1498.5,398564
2025-10-30 06:15:00+00:00,1495.5999755859375,1499.4000244140625,1495.0,1498.0999755859375,404877
2025-10-30 06:30:00+00:00,1495.199951171875,1497.0,1495.0,1495.5999755859375,224822
2025-10-30 06:45:00+00:00,1494.5,1495.699951171875,1494.0,1495.199951171875,201201
2025-10-30 07:00:00+00:00,1495.9000244140625,1496.0999755859375,1492.9000244140625,1494.199951171875,103966
2025-10-30 07:15:00+00:00,1495.0,1496.5,1494.9000244140625,1495.800048828125,120963
2025-10-30 07:30:00+00:00,1494.0999755859375,1495.699951171875,1493.0,1495.0,190996
2025-10-30 07:45:00+00:00,1492.300048828125,1495.5999755859375,1491.800048828125,1494.0999755859375,244659
2025-10-30 08:00:00+00:00,1489.0,1492.699951171875,1488.5,1492.0999755859375,296840
2025-10-30 08:15:00+00:00,1489.800048828125,1490.5,1487.0999755859375,1489.300048828125,258689
2025-10-30 08:30:00+00:00,1491.0,1491.300048828125,1488.4000244140625,1490.0,194919
2025-10-30 08:45:00+00:00,1490.5,1491.5,1487.5999755859375,1490.5999755859375,502485
2025-10-30 09:00:00+00:00,1489.699951171875,1490.800048828125,1486.5999755859375,1490.5,641151
2025-10-30 09:15:00+00:00,1485.5999755859375,1489.800048828125,1484.0,1489.0,455425
2025-10-30 09:30:00+00:00,1488.199951171875,1490.4000244140625,1485.5,1485.9000244140625,1594824
2025-10-30 09:45:00+00:00,1489.699951171875,1490.300048828125,1488.0,1488.0999755859375,669892
2025-10-31 03:45:00+00:00,1495.9000244140625,1497.5,1488.5999755859375,1490.0,195770
2025-10-31 04:00:00+00:00,1490.4000244140625,1497.0,1488.0999755859375,1495.9000244140625,320421
2025-10-31 04:15:00+00:00,1488.5,1491.5,1487.4000244140625,1490.300048828125,190319
2025-10-31 04:30:00+00:00,1486.4000244140625,1488.699951171875,1485.0,1488.699951171875,168530
2025-10-31 04:45:00+00:00,1486.9000244140625,1487.300048828125,1484.800048828125,1486.199951171875,101537
2025-10-31 05:00:00+00:00,1488.0999755859375,1488.199951171875,1484.0,1486.9000244140625,214788
2025-10-31 05:15:00+00:00,1485.300048828125,1488.5,1485.0,1488.0,98910
2025-10-31 05:30:00+00:00,1484.5999755859375,1485.300048828125,1482.5999755859375,1485.300048828125,94538
2025-10-31 05:45:00+00:00,1483.199951171875,1484.9000244140625,1482.800048828125,1484.0999755859375,109301
2025-10-31 06:00:00+00:00,1487.5,1487.5,1482.9000244140625,1483.300048828125,106761
2025-10-31 06:15:00+00:00,1488.4000244140625,1488.4000244140625,1484.5999755859375,1487.300048828125,144406
2025-10-31 06:30:00+00:00,1487.5999755859375,1492.800048828125,1487.5999755859375,1488.300048828125,183754
2025-10-31 06:45:00+00:00,1486.0999755859375,1489.4000244140625,1486.0999755859375,1487.9000244140625,86805
2025-10-31 07:00:00+00:00,1487.699951171875,1491.0999755859375,1485.800048828125,1486.5,183822
2025-10-31 07:15:00+00:00,1491.0,1491.9000244140625,1487.0,1488.0,340365
2025-10-31 07:30:00+00:00,1489.0,1491.5,1488.300048828125,1490.699951171875,242032
2025-10-31 07:45:00+00:00,1488.4000244140625,1490.0999755859375,1488.0999755859375,1489.0,388328
2025-10-31 08:00:00+00:00,1487.5,1489.699951171875,1486.0999755859375,1488.4000244140625,215465
2025-10-31 08:15:00+00:00,1487.9000244140625,1489.800048828125,1485.4000244140625,1487.5,313446
2025-10-31 08:30:00+00:00,1489.699951171875,1489.800048828125,1486.699951171875,1487.9000244140625,372667
2025-10-31 08:45:00+00:00,1491.4000244140625,1491.5999755859375,1488.5,1489.699951171875,387681
2025-10-31 09:00:00+00:00,1488.4000244140625,1491.4000244140625,1486.0999755859375,1491.4000244140625,516769
2025-10-31 09:15:00+00:00,1487.800048828125,1489.0999755859375,1487.0999755859375,1488.4000244140625,327048
2025-10-31 09:30:00+00:00,1486.4000244140625,1487.5999755859375,1485.0,1487.5999755859375,1715172
2025-10-31 09:45:00+00:00,1486.4000244140625,1487.9000244140625,1486.0,1486.5,1514561
2025-11-03 03:45:00+00:00,1483.9000244140625,1488.9000244140625,1482.5,1487.0999755859375,142071
2025-11-03 04:00:00+00:00,1488.9000244140625,1490.0,1479.5,1482.9000244140625,406958
2025-11-03 04:15:00+00:00,1491.0,1491.5,1487.300048828125,1488.800048828125,287358
2025-11-03 04:30:00+00:00,1488.5,1491.5,1488.0,1491.0999755859375,151784
2025-11-03 04:45:00+00:00,1490.800048828125,1491.300048828125,1486.4000244140625,1487.5,201215
2025-11-03 05:00:00+00:00,1494.5999755859375,1494.9000244140625,1490.0,1490.800048828125,228026
2025-11-03 05:15:00+00:00,1492.0,1495.0,1491.199951171875,1494.800048828125,108491
2025-11-03 05:30:00+00:00,1491.199951171875,1492.5999755859375,1491.199951171875,1492.0,87036
2025-11-03 05:45:00+00:00,1491.800048828125,1492.0,1491.0,1491.199951171875,211742
2025-11-03 06:00:00+00:00,1491.0999755859375,1491.9000244140625,1489.800048828125,1491.699951171875,492539
2025-11-03 06:15:00+00:00,1491.5999755859375,1494.4000244140625,1488.5,1491.199951171875,690196
2025-11-03 06:30:00+00:00,1489.0,1492.0,1488.5,1491.5999755859375,164395
2025-11-03 06:45:00+00:00,1488.0,1493.0,1487.5999755859375,1488.800048828125,451870
2025-11-03 07:00:00+00:00,1490.199951171875,1490.5999755859375,1486.300048828125,1488.0,387224
2025-11-03 07:15:00+00:00,1489.4000244140625,1489.9000244140625,1488.199951171875,1489.9000244140625,53793
2025-11-03 07:30:00+00:00,1486.699951171875,1489.9000244140625,1485.0,1489.4000244140625,138144
2025-11-03 07:45:00+00:00,1488.300048828125,1488.5,1485.9000244140625,1486.800048828125,278245
2025-11-03 08:00:00+00:00,1489.0999755859375,1490.699951171875,1487.699951171875,1488.4000244140625,492184
2025-11-03 08:15:00+00:00,1488.5,1489.0999755859375,1484.5,1489.0999755859375,607021
2025-11-03 08:30:00+00:00,1488.300048828125,1489.699951171875,1486.0,1488.5999755859375,400553
2025-11-03 08:45:00+00:00,1489.199951171875,1490.300048828125,1487.5,1488.199951171875,601484
2025-11-03 09:00:00+00:00,1488.300048828125,1489.199951171875,1488.0,1489.199951171875,149916
2025-11-03 09:15:00+00:00,1486.300048828125,1487.9000244140625,1485.4000244140625,1487.699951171875,363421
2025-11-03 09:30:00+00:00,1484.5,1485.699951171875,1483.300048828125,1485.699951171875,579110
2025-11-03 09:45:00+00:00,1487.0,1487.5,1484.0,1484.5,453907
2025-11-04 03:45:00+00:00,1489.5999755859375,1492.5999755859375,1482.300048828125,1482.9000244140625,269460
2025-11-04 04:00:00+00:00,1487.199951171875,1489.699951171875,1486.5999755859375,1489.5999755859375,163617
2025-11-04 04:15:00+00:00,1486.199951171875,1486.800048828125,1484.5,1486.699951171875,132096
2025-11-04 04:30:00+00:00,1488.0999755859375,1489.0,1486.199951171875,1486.5,115754
2025-11-04 04:45:00+00:00,1488.5,1489.4000244140625,1486.5999755859375,1488.0999755859375,114096
2025-11-04 05:00:00+00:00,1487.5999755859375,1489.0,1486.9000244140625,1488.4000244140625,99180
2025-11-04 05:15:00+00:00,1491.0,1491.4000244140625,1487.0999755859375,1487.800048828125,215181
2025-11-04 05:30:00+00:00,1489.5,1491.9000244140625,1487.199951171875,1491.199951171875,406691
2025-11-04 05:45:00+00:00,1490.199951171875,1491.199951171875,1488.0,1489.5999755859375,455872
2025-11-04 06:00:00+00:00,1487.5,1490.199951171875,1485.699951171875,1490.0,459914
2025-11-04 06:15:00+00:00,1483.5999755859375,1487.800048828125,1483.5999755859375,1487.5,225094
2025-11-04 06:30:00+00:00,1485.5,1486.0,1483.5,1484.0,188065
2025-11-04 06:45:00+00:00,1484.800048828125,1485.9000244140625,1483.4000244140625,1485.4000244140625,210763
2025-11-04 07:00:00+00:00,1486.4000244140625,1486.5,1484.0,1484.800048828125,150845
2025-11-04 07:15:00+00:00,1481.800048828125,1487.9000244140625,1480.4000244140625,1486.4000244140625,618743
2025-11-04 07:30:00+00:00,1480.5,1484.5999755859375,1480.199951171875,1481.300048828125,248703
2025-11-04 07:45:00+00:00,1482.800048828125,1482.800048828125,1478.5,1480.5999755859375,700980
2025-11-04 08:00:00+00:00,1482.0,1483.5999755859375,1480.4000244140625,1482.699951171875,378105
2025-11-04 08:15:00+00:00,1481.9000244140625,1482.5999755859375,1481.0999755859375,1481.5,116189
2025-11-04 08:30:00+00:00,1479.9000244140625,1482.0999755859375,1478.9000244140625,1482.0,313749
2025-11-04 08:45:00+00:00,1478.9000244140625,1480.699951171875,1478.0,1479.800048828125,300298
2025-11-04 09:00:00+00:00,1476.5999755859375,1479.800048828125,1476.5999755859375,1478.5,303665
2025-11-04 09:15:00+00:00,1477.800048828125,1478.5,1473.5,1476.9000244140625,667823
2025-11-04 09:30:00+00:00,1472.0999755859375,1479.5999755859375,1471.0999755859375,1477.699951171875,1915444
2025-11-04 09:45:00+00:00,1473.0999755859375,1473.5,1470.5,1472.0999755859375,858566
2025-11-06 03:45:00+00:00,1490.800048828125,1496.4000244140625,1477.199951171875,1480.0999755859375,477410
2025-11-06 04:00:00+00:00,1498.9000244140625,1499.800048828125,1489.800048828125,1490.699951171875,1103941
2025-11-06 04:15:00+00:00,1500.0,1501.4000244140625,1497.4000244140625,1498.9000244140625,632249
2025-11-06 04:30:00+00:00,1493.199951171875,1500.800048828125,1493.199951171875,1499.699951171875,558569
2025-11-06 04:45:00+00:00,1495.0999755859375,1495.9000244140625,1493.0,1493.199951171875,360550
2025-11-06 05:00:00+00:00,1495.5,1498.699951171875,1494.300048828125,1495.0999755859375,275547
2025-11-06 05:15:00+00:00,1495.199951171875,1495.5999755859375,1493.0999755859375,1495.199951171875,371731
2025-11-06 05:30:00+00:00,1497.0,1497.199951171875,1494.9000244140625,1495.300048828125,325080
2025-11-06 05:45:00+00:00,1494.800048828125,1497.0999755859375,1492.800048828125,1497.0999755859375,310838
2025-11-06 06:00:00+00:00,1493.800048828125,1495.0,1493.0,1494.800048828125,201282
2025-11-06 06:15:00+00:00,1494.800048828125,1495.0,1493.699951171875,1493.800048828125,193321
2025-11-06 06:30:00+00:00,1494.800048828125,1497.800048828125,1493.800048828125,1495.0,410258
2025-11-06 06:45:00+00:00,1494.300048828125,1497.0,1493.699951171875,1495.199951171875,450211
2025-11-06 07:00:00+00:00,1494.9000244140625,1497.800048828125,1492.4000244140625,1494.0999755859375,549420
2025-11-06 07:15:00+00:00,1491.5,1496.300048828125,1491.199951171875,1495.0999755859375,701213
2025-11-06 07:30:00+00:00,1489.5999755859375,1493.800048828125,1486.300048828125,1491.5,579301
2025-11-06 07:45:00+00:00,1491.5,1493.4000244140625,1489.300048828125,1489.5999755859375,521625
2025-11-06 08:00:00+00:00,1491.0,1494.9000244140625,1490.0,1491.4000244140625,737507
2025-11-06 08:15:00+00:00,1491.5999755859375,1492.5,1486.800048828125,1491.0,618491
2025-11-06 08:30:00+00:00,1493.5999755859375,1493.800048828125,1491.0999755859375,1491.5,587681
2025-11-06 08:45:00+00:00,1495.300048828125,1495.4000244140625,1493.0999755859375,1493.699951171875,682620
2025-11-06 09:00:00+00:00,1493.9000244140625,1497.0,1492.0999755859375,1495.300048828125,634062
2025-11-06 09:15:00+00:00,1498.199951171875,1498.199951171875,1493.0999755859375,1493.9000244140625,1167833
2025-11-06 09:30:00+00:00,1493.699951171875,1498.199951171875,1493.0999755859375,1498.199951171875,1895878
2025-11-06 09:45:00+00:00,1496.0999755859375,1496.0999755859375,1493.5,1493.699951171875,1086885
2025-11-07 03:45:00+00:00,1488.0,1494.4000244140625,1487.4000244140625,1493.699951171875,201566
2025-11-07 04:00:00+00:00,1494.0999755859375,1494.9000244140625,1485.0999755859375,1487.5999755859375,464545
2025-11-07 04:15:00+00:00,1495.699951171875,1498.199951171875,1493.199951171875,1495.0999755859375,617748
2025-11-07 04:30:00+00:00,1493.5,1496.4000244140625,1493.0999755859375,1495.699951171875,344531
2025-11-07 04:45:00+00:00,1494.0,1494.300048828125,1491.699951171875,1493.0,199374
2025-11-07 05:00:00+00:00,1492.199951171875,1495.4000244140625,1492.199951171875,1494.0999755859375,311019
2025-11-07 05:15:00+00:00,1492.199951171875,1493.5,1492.0,1492.5,172145
2025-11-07 05:30:00+00:00,1494.300048828125,1494.5999755859375,1490.300048828125,1492.199951171875,209710
2025-11-07 05:45:00+00:00,1495.0,1495.9000244140625,1493.300048828125,1494.300048828125,154188
2025-11-07 06:00:00+00:00,1491.9000244140625,1495.0,1491.0999755859375,1495.0,310291
2025-11-07 06:15:00+00:00,1489.800048828125,1491.9000244140625,1489.5,1491.9000244140625,273528
2025-11-07 06:30:00+00:00,1488.5,1490.4000244140625,1487.5,1489.800048828125,319124
2025-11-07 06:45:00+00:00,1484.9000244140625,1488.699951171875,1484.699951171875,1488.5,209162
2025-11-07 07:00:00+00:00,1485.0999755859375,1485.699951171875,1482.4000244140625,1484.9000244140625,263142
2025-11-07 07:15:00+00:00,1483.199951171875,1485.5,1481.0999755859375,1485.0999755859375,215383
2025-11-07 07:30:00+00:00,1481.699951171875,1483.800048828125,1480.800048828125,1483.0999755859375,268171
2025-11-07 07:45:00+00:00,1484.5999755859375,1486.0,1481.199951171875,1482.0,186597
2025-11-07 08:00:00+00:00,1485.199951171875,1485.800048828125,1483.5,1484.4000244140625,149525
2025-11-07 08:15:00+00:00,1483.199951171875,1486.0,1483.0,1485.300048828125,191049
2025-11-07 08:30:00+00:00,1480.0,1484.0,1478.199951171875,1483.4000244140625,333783
2025-11-07 08:45:00+00:00,1482.699951171875,1482.800048828125,1480.0,1480.4000244140625,235636
2025-11-07 09:00:00+00:00,1480.0999755859375,1483.5,1480.0,1482.699951171875,213933
2025-11-07 09:15:00+00:00,1477.699951171875,1480.5999755859375,1476.0,1480.0999755859375,313199
2025-11-07 09:30:00+00:00,1476.9000244140625,1478.9000244140625,1476.300048828125,1478.0,694028
2025-11-07 09:45:00+00:00,1480.5,1480.5999755859375,1476.5999755859375,1476.9000244140625,703610
2025-11-10 03:45:00+00:00,1489.4000244140625,1491.699951171875,1478.0,1478.0,160343
2025-11-10 04:00:00+00:00,1492.699951171875,1494.800048828125,1489.5999755859375,1489.5999755859375,291809
2025-11-10 04:15:00+00:00,1492.4000244140625,1494.9000244140625,1491.800048828125,1492.699951171875,278741
2025-11-10 04:30:00+00:00,1492.5,1493.5999755859375,1491.800048828125,1492.5,152738
2025-11-10 04:45:00+00:00,1490.9000244140625,1493.0999755859375,1490.699951171875,1492.300048828125,140081
2025-11-10 05:00:00+00:00,1489.0,1491.0,1488.9000244140625,1490.9000244140625,209324
2025-11-10 05:15:00+00:00,1491.4000244140625,1493.4000244140625,1488.0,1489.0,254851
2025-11-10 05:30:00+00:00,1492.5999755859375,1493.800048828125,1491.0999755859375,1491.4000244140625,235304
2025-11-10 05:45:00+00:00,1499.0,1499.199951171875,1492.199951171875,1492.5,581164
2025-11-10 06:00:00+00:00,1496.199951171875,1500.5999755859375,1495.800048828125,1499.0,548257
2025-11-10 06:15:00+00:00,1494.0,1497.0,1494.0,1496.0999755859375,145361
2025-11-10 06:30:00+00:00,1494.5999755859375,1495.0999755859375,1493.9000244140625,1494.0,96099
2025-11-10 06:45:00+00:00,1496.5999755859375,1497.0,1493.199951171875,1494.9000244140625,156468
2025-11-10 07:00:00+00:00,1499.4000244140625,1499.5,1496.0,1496.5999755859375,146295
2025-11-10 07:15:00+00:00,1499.0,1499.5,1497.9000244140625,1499.4000244140625,111836
2025-11-10 07:30:00+00:00,1497.300048828125,1499.5,1497.0999755859375,1499.0,106037
2025-11-10 07:45:00+00:00,1495.199951171875,1497.5999755859375,1494.800048828125,1497.4000244140625,136730
2025-11-10 08:00:00+00:00,1493.699951171875,1495.699951171875,1493.4000244140625,1495.199951171875,141413
2025-11-10 08:15:00+00:00,1494.699951171875,1495.199951171875,1492.4000244140625,1493.699951171875,273807
2025-11-10 08:30:00+00:00,1493.4000244140625,1495.699951171875,1493.300048828125,1494.699951171875,241284
2025-11-10 08:45:00+00:00,1493.699951171875,1494.9000244140625,1493.300048828125,1493.4000244140625,201719
2025-11-10 09:00:00+00:00,1490.199951171875,1493.699951171875,1490.0999755859375,1493.699951171875,413185
2025-11-10 09:15:00+00:00,1491.300048828125,1491.9000244140625,1489.199951171875,1490.4000244140625,366219
2025-11-10 09:30:00+00:00,1488.5,1491.300048828125,1487.800048828125,1491.300048828125,653219
2025-11-10 09:45:00+00:00,1489.699951171875,1490.9000244140625,1488.4000244140625,1488.5,679432
2025-11-11 03:45:00+00:00,1490.0,1498.5,1488.300048828125,1496.0,203950
2025-11-11 04:00:00+00:00,1489.800048828125,1490.0,1487.0999755859375,1489.300048828125,141279
2025-11-11 04:15:00+00:00,1487.9000244140625,1490.0,1486.0999755859375,1489.800048828125,122999
2025-11-11 04:30:00+00:00,1483.5999755859375,1489.0,1483.4000244140625,1487.9000244140625,188259
2025-11-11 04:45:00+00:00,1485.0,1485.800048828125,1483.4000244140625,1483.5999755859375,143452
2025-11-11 05:00:00+00:00,1484.0999755859375,1485.800048828125,1483.0,1484.699951171875,178711
2025-11-11 05:15:00+00:00,1482.199951171875,1484.0999755859375,1481.4000244140625,1484.0999755859375,204471
2025-11-11 05:30:00+00:00,1481.9000244140625,1482.699951171875,1480.5999755859375,1482.199951171875,112221
2025-11-11 05:45:00+00:00,1482.0,1483.0,1480.9000244140625,1481.9000244140625,99003
2025-11-11 06:00:00+00:00,1481.9000244140625,1482.0,1480.199951171875,1482.0,111086
2025-11-11 06:15:00+00:00,1483.199951171875,1485.5,1481.5,1481.9000244140625,524279
2025-11-11 06:30:00+00:00,1482.5999755859375,1485.0999755859375,1481.800048828125,1483.300048828125,128869
2025-11-11 06:45:00+00:00,1485.300048828125,1485.800048828125,1481.800048828125,1482.5999755859375,197213
2025-11-11 07:00:00+00:00,1485.4000244140625,1486.4000244140625,1484.5999755859375,1485.699951171875,254435
2025-11-11 07:15:00+00:00,1485.0,1486.5,1484.5999755859375,1485.5,142007
2025-11-11 07:30:00+00:00,1485.9000244140625,1486.5,1484.699951171875,1484.800048828125,98403
2025-11-11 07:45:00+00:00,1487.699951171875,1488.699951171875,1485.5999755859375,1485.9000244140625,288605
2025-11-11 08:00:00+00:00,1488.9000244140625,1490.0,1486.5999755859375,1487.5999755859375,274050
2025-11-11 08:15:00+00:00,1492.0999755859375,1494.300048828125,1488.5,1488.5999755859375,425717
2025-11-11 08:30:00+00:00,1492.0999755859375,1493.0,1490.5,1492.0,158150
2025-11-11 08:45:00+00:00,1494.800048828125,1495.5999755859375,1491.5,1492.0999755859375,454801
2025-11-11 09:00:00+00:00,1493.0,1495.9000244140625,1492.199951171875,1495.0,342162
2025-11-11 09:15:00+00:00,1492.4000244140625,1494.4000244140625,1491.699951171875,1492.800048828125,341504
2025-11-11 09:30:00+00:00,1494.0,1494.5999755859375,1491.199951171875,1492.4000244140625,960992
2025-11-11 09:45:00+00:00,1493.800048828125,1495.199951171875,1492.199951171875,1494.0,691296
2025-11-12 03:45:00+00:00,1503.699951171875,1513.4000244140625,1503.4000244140625,1503.4000244140625,514133
2025-11-12 04:00:00+00:00,1505.5999755859375,1506.800048828125,1502.9000244140625,1503.9000244140625,487004
2025-11-12 04:15:00+00:00,1504.5999755859375,1508.5,1504.0,1505.9000244140625,224333
2025-11-12 04:30:00+00:00,1504.4000244140625,1505.5,1503.300048828125,1504.9000244140625,235465
2025-11-12 04:45:00+00:00,1505.5,1505.5999755859375,1504.0,1504.0,119403
2025-11-12 05:00:00+00:00,1510.5999755859375,1511.800048828125,1505.4000244140625,1505.4000244140625,437719
2025-11-12 05:15:00+00:00,1512.0,1512.300048828125,1510.0,1510.9000244140625,1116567
2025-11-12 05:30:00+00:00,1512.9000244140625,1513.9000244140625,1512.0,1512.0,405369
2025-11-12 05:45:00+00:00,1518.0,1519.0,1512.699951171875,1512.9000244140625,528632
2025-11-12 06:00:00+00:00,1520.0,1521.4000244140625,1516.800048828125,1518.0,641722
2025-11-12 06:15:00+00:00,1519.199951171875,1521.0,1519.0,1520.0999755859375,244719
2025-11-12 06:30:00+00:00,1520.5,1521.4000244140625,1518.0,1519.0,288249
2025-11-12 06:45:00+00:00,1519.5,1520.9000244140625,1519.0,1520.0,191132
2025-11-12 07:00:00+00:00,1519.699951171875,1520.199951171875,1518.5,1519.9000244140625,143533
2025-11-12 07:15:00+00:00,1523.0999755859375,1523.5999755859375,1519.0,1519.5,657563
2025-11-12 07:30:00+00:00,1523.699951171875,1524.300048828125,1521.800048828125,1523.0999755859375,566079
2025-11-12 07:45:00+00:00,1522.9000244140625,1524.300048828125,1521.300048828125,1523.5,608550
2025-11-12 08:00:00+00:00,1523.199951171875,1524.5999755859375,1521.5,1523.0,699031
2025-11-12 08:15:00+00:00,1522.699951171875,1523.800048828125,1522.199951171875,1523.0999755859375,198691
2025-11-12 08:30:00+00:00,1518.699951171875,1522.9000244140625,1518.5,1522.800048828125,344776
2025-11-12 08:45:00+00:00,1517.800048828125,1519.800048828125,1516.4000244140625,1518.699951171875,307161
2025-11-12 09:00:00+00:00,1516.300048828125,1518.300048828125,1515.0,1517.800048828125,296562
2025-11-12 09:15:00+00:00,1514.800048828125,1516.9000244140625,1514.199951171875,1516.0,336449
2025-11-12 09:30:00+00:00,1512.0999755859375,1515.0,1511.9000244140625,1514.9000244140625,1155192
2025-11-12 09:45:00+00:00,1511.5,1512.300048828125,1508.5999755859375,1512.0999755859375,944643
2025-11-13 03:45:00+00:00,1511.0999755859375,1514.0,1507.0,1514.0,162216
2025-11-13 04:00:00+00:00,1509.4000244140625,1513.199951171875,1509.0,1511.0,248485
2025-11-13 04:15:00+00:00,1510.699951171875,1511.199951171875,1507.5,1509.199951171875,170185
2025-11-13 04:30:00+00:00,1512.0,1512.5,1509.0,1510.300048828125,115852
2025-11-13 04:45:00+00:00,1512.4000244140625,1512.800048828125,1510.300048828125,1512.0999755859375,141308
2025-11-13 05:00:00+00:00,1513.800048828125,1514.199951171875,1511.0,1512.5,160988
2025-11-13 05:15:00+00:00,1515.5,1516.4000244140625,1513.4000244140625,1513.800048828125,163366
2025-11-13 05:30:00+00:00,1515.0,1517.800048828125,1514.0,1515.5,231580
2025-11-13 05:45:00+00:00,1518.5,1519.0,1514.0,1514.9000244140625,231813
2025-11-13 06:00:00+00:00,1516.800048828125,1518.5999755859375,1516.0,1518.5999755859375,208844
2025-11-13 06:15:00+00:00,1517.800048828125,1517.9000244140625,1515.9000244140625,1516.9000244140625,112428
2025-11-13 06:30:00+00:00,1517.4000244140625,1518.800048828125,1517.0,1517.800048828125,118551
2025-11-13 06:45:00+00:00,1519.0,1519.5,1517.0999755859375,1517.199951171875,199316
2025-11-13 07:00:00+00:00,1518.300048828125,1519.300048828125,1516.300048828125,1519.199951171875,253086
2025-11-13 07:15:00+00:00,1519.300048828125,1520.300048828125,1515.5999755859375,1518.300048828125,432125
2025-11-13 07:30:00+00:00,1518.5,1519.5999755859375,1517.4000244140625,1519.300048828125,182690
2025-11-13 07:45:00+00:00,1519.0,1519.699951171875,1518.0,1518.5,158562
2025-11-13 08:00:00+00:00,1520.199951171875,1522.0999755859375,1518.0999755859375,1519.199951171875,561572
2025-11-13 08:15:00+00:00,1515.0999755859375,1521.0,1515.0999755859375,1520.800048828125,277301
2025-11-13 08:30:00+00:00,1509.9000244140625,1516.800048828125,1508.0,1515.300048828125,552485
2025-11-13 08:45:00+00:00,1512.800048828125,1513.199951171875,1509.4000244140625,1509.699951171875,295004
2025-11-13 09:00:00+00:00,1511.800048828125,1513.9000244140625,1511.199951171875,1512.800048828125,466410
2025-11-13 09:15:00+00:00,1509.5999755859375,1513.5,1509.5,1511.800048828125,390751
2025-11-13 09:30:00+00:00,1511.5999755859375,1511.800048828125,1508.0,1509.5,542614
2025-11-13 09:45:00+00:00,1512.0999755859375,1512.9000244140625,1510.4000244140625,1511.5999755859375,565013
2025-11-14 03:45:00+00:00,1510.0,1513.5,1505.9000244140625,1508.0,110116
2025-11-14 04:00:00+00:00,1515.199951171875,1515.699951171875,1509.800048828125,1510.0,272373
2025-11-14 04:15:00+00:00,1514.300048828125,1516.199951171875,1512.0,1515.199951171875,179049
2025-11-14 04:30:00+00:00,1515.0,1515.800048828125,1512.0,1514.199951171875,162735
2025-11-14 04:45:00+00:00,1515.0,1517.5999755859375,1514.5,1515.0999755859375,208794
2025-11-14 05:00:00+00:00,1513.300048828125,1515.800048828125,1512.5999755859375,1514.9000244140625,195021
2025-11-14 05:15:00+00:00,1518.0,1519.0,1513.300048828125,1513.4000244140625,298665
2025-11-14 05:30:00+00:00,1515.800048828125,1518.300048828125,1515.800048828125,1518.0,171404
2025-11-14 05:45:00+00:00,1515.199951171875,1516.0,1513.199951171875,1515.800048828125,113522
2025-11-14 06:00:00+00:00,1513.300048828125,1515.699951171875,1512.800048828125,1515.5,132425
2025-11-14 06:15:00+00:00,1513.0999755859375,1514.9000244140625,1512.9000244140625,1513.4000244140625,114132
2025-11-14 06:30:00+00:00,1515.199951171875,1516.0,1513.199951171875,1513.199951171875,130946
2025-11-14 06:45:00+00:00,1517.199951171875,1517.5,1514.5,1514.800048828125,141300
2025-11-14 07:00:00+00:00,1516.300048828125,1517.699951171875,1516.199951171875,1517.5,142907
2025-11-14 07:15:00+00:00,1515.9000244140625,1517.5,1515.5,1516.199951171875,127441
2025-11-14 07:30:00+00:00,1515.800048828125,1516.300048828125,1514.699951171875,1516.0,134999
2025-11-14 07:45:00+00:00,1516.800048828125,1517.0,1515.4000244140625,1515.9000244140625,137738
2025-11-14 08:00:00+00:00,1513.0999755859375,1517.0,1512.199951171875,1516.699951171875,169098
2025-11-14 08:15:00+00:00,1512.699951171875,1514.4000244140625,1511.0,1512.699951171875,190357
2025-11-14 08:30:00+00:00,1513.9000244140625,1514.0,1512.0,1512.5999755859375,89637
2025-11-14 08:45:00+00:00,1514.4000244140625,1515.0,1512.5999755859375,1513.800048828125,155390
2025-11-14 09:00:00+00:00,1516.0,1516.9000244140625,1513.9000244140625,1514.4000244140625,202832
2025-11-14 09:15:00+00:00,1512.9000244140625,1516.800048828125,1512.5999755859375,1516.0,296297
2025-11-14 09:30:00+00:00,1520.0999755859375,1520.800048828125,1513.5,1513.5,1835659
2025-11-14 09:45:00+00:00,1518.199951171875,1520.4000244140625,1516.800048828125,1520.199951171875,1715859
