Price,Close,High,Low,Open,Volume
Ticker,TCS.NS,TCS.NS,TCS.NS,TCS.NS,TCS.NS
Datetime,,,,,
2025-08-20 03:45:00+00:00,3017.300048828125,3024.5,3011.199951171875,3018.0,0
2025-08-20 03:50:00+00:00,3024.800048828125,3024.800048828125,3016.10009765625,3017.10009765625,49788
2025-08-20 03:55:00+00:00,3028.0,3028.89990234375,3024.300048828125,3024.800048828125,55349
2025-08-20 04:00:00+00:00,3027.89990234375,3032.39990234375,3026.199951171875,3028.0,57194
2025-08-20 04:05:00+00:00,3030.39990234375,3031.39990234375,3027.800048828125,3028.0,32831
2025-08-20 04:10:00+00:00,3037.39990234375,3039.0,3030.39990234375,3031.0,70018
2025-08-20 04:15:00+00:00,3037.10009765625,3038.800048828125,3036.0,3037.39990234375,26503
2025-08-20 04:20:00+00:00,3032.10009765625,3039.0,3031.10009765625,3037.60009765625,44745
2025-08-20 04:25:00+00:00,3032.10009765625,3033.699951171875,3030.0,3032.199951171875,20195
2025-08-20 04:30:00+00:00,3037.699951171875,3038.5,3032.199951171875,3032.300048828125,24640
2025-08-20 04:35:00+00:00,3034.10009765625,3038.89990234375,3033.0,3037.5,23013
2025-08-20 04:40:00+00:00,3036.300048828125,3036.300048828125,3030.60009765625,3035.300048828125,21552
2025-08-20 04:45:00+00:00,3042.0,3044.0,3034.800048828125,3036.60009765625,93115
2025-08-20 04:50:00+00:00,3044.60009765625,3045.10009765625,3041.800048828125,3042.300048828125,38831
2025-08-20 04:55:00+00:00,3043.699951171875,3046.39990234375,3043.5,3044.699951171875,24641
2025-08-20 05:00:00+00:00,3047.5,3047.5,3042.0,3043.699951171875,37113
2025-08-20 05:05:00+00:00,3048.10009765625,3050.0,3046.0,3047.0,66179
2025-08-20 05:10:00+00:00,3047.699951171875,3049.5,3044.300048828125,3048.10009765625,24666
2025-08-20 05:15:00+00:00,3055.0,3055.199951171875,3047.39990234375,3048.699951171875,54734
2025-08-20 05:20:00+00:00,3053.10009765625,3059.199951171875,3052.300048828125,3055.0,63113
2025-08-20 05:25:00+00:00,3049.10009765625,3053.800048828125,3049.0,3053.800048828125,22609
2025-08-20 05:30:00+00:00,3055.10009765625,3055.10009765625,3048.89990234375,3049.0,25796
2025-08-20 05:35:00+00:00,3054.39990234375,3056.89990234375,3052.60009765625,3055.0,15691
2025-08-20 05:40:00+00:00,3059.39990234375,3059.89990234375,3054.0,3054.39990234375,37795
2025-08-20 05:45:00+00:00,3057.699951171875,3060.5,3057.0,3059.39990234375,22418
2025-08-20 05:50:00+00:00,3058.800048828125,3060.0,3056.10009765625,3056.199951171875,21863
2025-08-20 05:55:00+00:00,3066.0,3066.0,3058.800048828125,3058.800048828125,77200
2025-08-20 06:00:00+00:00,3067.89990234375,3070.800048828125,3065.0,3065.699951171875,83381
2025-08-20 06:05:00+00:00,3070.800048828125,3071.199951171875,3067.300048828125,3067.300048828125,48259
2025-08-20 06:10:00+00:00,3074.5,3075.0,3069.0,3070.800048828125,84310
2025-08-20 06:15:00+00:00,3074.0,3076.800048828125,3073.199951171875,3074.60009765625,77916
2025-08-20 06:20:00+00:00,3080.10009765625,3081.0,3073.199951171875,3074.0,105469
2025-08-20 06:25:00+00:00,3082.0,3084.89990234375,3079.300048828125,3080.10009765625,83886
2025-08-20 06:30:00+00:00,3086.5,3088.0,3081.0,3082.0,69954
2025-08-20 06:35:00+00:00,3078.10009765625,3090.300048828125,3078.0,3086.199951171875,237787
2025-08-20 06:40:00+00:00,3085.699951171875,3090.10009765625,3078.0,3078.10009765625,356800
2025-08-20 06:45:00+00:00,3080.10009765625,3087.0,3080.10009765625,3086.0,34001
2025-08-20 06:50:00+00:00,3079.5,3084.10009765625,3079.10009765625,3081.5,35209
2025-08-20 06:55:00+00:00,3079.10009765625,3080.699951171875,3076.60009765625,3079.5,33775
2025-08-20 07:00:00+00:00,3081.0,3085.60009765625,3079.10009765625,3079.10009765625,55040
2025-08-20 07:05:00+00:00,3082.5,3083.5,3080.699951171875,3081.0,12492
2025-08-20 07:10:00+00:00,3084.699951171875,3085.60009765625,3081.199951171875,3081.699951171875,15480
2025-08-20 07:15:00+00:00,3085.60009765625,3085.699951171875,3082.0,3085.0,23997
2025-08-20 07:20:00+00:00,3084.300048828125,3086.0,3083.60009765625,3086.0,10746
2025-08-20 07:25:00+00:00,3083.39990234375,3084.800048828125,3082.199951171875,3084.199951171875,10356
2025-08-20 07:30:00+00:00,3085.10009765625,3085.699951171875,3083.10009765625,3084.10009765625,19972
2025-08-20 07:35:00+00:00,3087.39990234375,3088.0,3084.0,3085.10009765625,40321
2025-08-20 07:40:00+00:00,3089.0,3089.0,3086.0,3087.39990234375,57825
2025-08-20 07:45:00+00:00,3089.89990234375,3090.0,3087.60009765625,3089.0,30298
2025-08-20 07:50:00+00:00,3088.300048828125,3091.0,3085.0,3090.0,67097
2025-08-20 07:55:00+00:00,3084.800048828125,3089.0,3083.89990234375,3088.39990234375,31200
2025-08-20 08:00:00+00:00,3082.60009765625,3085.199951171875,3080.0,3084.699951171875,52699
2025-08-20 08:05:00+00:00,3083.300048828125,3087.0,3082.199951171875,3082.60009765625,41878
2025-08-20 08:10:00+00:00,3082.699951171875,3083.5,3081.10009765625,3083.300048828125,34995
2025-08-20 08:15:00+00:00,3081.699951171875,3083.5,3080.0,3082.699951171875,48282
2025-08-20 08:20:00+00:00,3083.10009765625,3083.800048828125,3081.10009765625,3081.699951171875,31988
2025-08-20 08:25:00+00:00,3080.60009765625,3084.10009765625,3080.39990234375,3083.199951171875,35873
2025-08-20 08:30:00+00:00,3080.10009765625,3082.0,3080.0,3080.699951171875,44393
2025-08-20 08:35:00+00:00,3083.699951171875,3084.60009765625,3080.10009765625,3080.10009765625,27563
2025-08-20 08:40:00+00:00,3081.800048828125,3085.5,3081.39990234375,3083.699951171875,39289
2025-08-20 08:45:00+00:00,3083.5,3083.699951171875,3080.699951171875,3081.60009765625,27118
2025-08-20 08:50:00+00:00,3086.0,3087.300048828125,3083.5,3083.5,105096
2025-08-20 08:55:00+00:00,3089.699951171875,3089.699951171875,3085.10009765625,3086.0,82816
2025-08-20 09:00:00+00:00,3091.10009765625,3092.0,3087.5,3089.5,130988
2025-08-20 09:05:00+00:00,3097.39990234375,3097.39990234375,3090.0,3091.199951171875,143617
2025-08-20 09:10:00+00:00,3101.10009765625,3101.699951171875,3096.10009765625,3097.5,155891
2025-08-20 09:15:00+00:00,3100.39990234375,3101.199951171875,3098.10009765625,3101.0,135916
2025-08-20 09:20:00+00:00,3100.10009765625,3102.10009765625,3099.0,3100.39990234375,158196
2025-08-20 09:25:00+00:00,3101.10009765625,3101.39990234375,3099.199951171875,3100.0,99656
2025-08-20 09:30:00+00:00,3097.39990234375,3101.39990234375,3097.199951171875,3101.39990234375,187634
2025-08-20 09:35:00+00:00,3100.800048828125,3101.0,3097.89990234375,3097.89990234375,112076
2025-08-20 09:40:00+00:00,3101.10009765625,3101.699951171875,3100.5,3101.0,185181
2025-08-20 09:45:00+00:00,3097.10009765625,3102.39990234375,3097.0,3101.10009765625,114276
2025-08-20 09:50:00+00:00,3093.5,3097.10009765625,3092.10009765625,3097.10009765625,102107
2025-08-20 09:55:00+00:00,3094.800048828125,3098.0,3092.0,3093.5,91238
2025-08-21 03:45:00+00:00,3089.800048828125,3115.10009765625,3089.800048828125,3112.199951171875,0
2025-08-21 03:50:00+00:00,3086.800048828125,3091.39990234375,3083.699951171875,3088.699951171875,168591
2025-08-21 03:55:00+00:00,3094.89990234375,3094.89990234375,3086.199951171875,3087.199951171875,97580
2025-08-21 04:00:00+00:00,3096.10009765625,3098.699951171875,3094.0,3094.800048828125,43212
2025-08-21 04:05:00+00:00,3092.300048828125,3097.800048828125,3091.0,3096.199951171875,85920
2025-08-21 04:10:00+00:00,3087.300048828125,3093.199951171875,3087.300048828125,3091.89990234375,20716
2025-08-21 04:15:00+00:00,3090.5,3091.39990234375,3087.10009765625,3087.10009765625,11022
2025-08-21 04:20:00+00:00,3090.60009765625,3091.60009765625,3087.699951171875,3090.699951171875,14060
2025-08-21 04:25:00+00:00,3093.0,3093.0,3089.300048828125,3089.300048828125,11762
2025-08-21 04:30:00+00:00,3095.699951171875,3097.0,3090.699951171875,3093.0,18481
2025-08-21 04:35:00+00:00,3097.60009765625,3098.699951171875,3095.0,3095.699951171875,22786
2025-08-21 04:40:00+00:00,3095.300048828125,3097.89990234375,3093.60009765625,3097.60009765625,15746
2025-08-21 04:45:00+00:00,3098.300048828125,3099.800048828125,3094.10009765625,3095.39990234375,25843
2025-08-21 04:50:00+00:00,3100.60009765625,3101.0,3097.0,3098.0,18100
2025-08-21 04:55:00+00:00,3101.5,3105.800048828125,3099.60009765625,3100.60009765625,39562
2025-08-21 05:00:00+00:00,3105.5,3105.60009765625,3101.0,3102.300048828125,50947
2025-08-21 05:05:00+00:00,3110.60009765625,3110.60009765625,3105.300048828125,3105.39990234375,45880
2025-08-21 05:10:00+00:00,3111.199951171875,3111.199951171875,3107.199951171875,3110.60009765625,31616
2025-08-21 05:15:00+00:00,3108.10009765625,3111.199951171875,3107.199951171875,3111.199951171875,30765
2025-08-21 05:20:00+00:00,3106.5,3108.89990234375,3105.10009765625,3108.0,28369
2025-08-21 05:25:00+00:00,3107.5,3108.0,3105.10009765625,3106.5,13217
2025-08-21 05:30:00+00:00,3106.300048828125,3109.0,3106.300048828125,3107.199951171875,20433
2025-08-21 05:35:00+00:00,3108.199951171875,3108.5,3106.300048828125,3106.39990234375,13572
2025-08-21 05:40:00+00:00,3111.800048828125,3111.89990234375,3108.10009765625,3108.5,31657
2025-08-21 05:45:00+00:00,3113.0,3113.39990234375,3109.10009765625,3111.800048828125,27032
2025-08-21 05:50:00+00:00,3116.39990234375,3117.39990234375,3112.199951171875,3113.39990234375,76739
2025-08-21 05:55:00+00:00,3117.800048828125,3118.800048828125,3115.5,3116.10009765625,31490
2025-08-21 06:00:00+00:00,3115.300048828125,3118.0,3114.10009765625,3117.800048828125,42387
2025-08-21 06:05:00+00:00,3117.39990234375,3118.10009765625,3114.699951171875,3115.60009765625,43930
2025-08-21 06:10:00+00:00,3119.0,3119.0,3117.0,3117.60009765625,61517
2025-08-21 06:15:00+00:00,3116.39990234375,3119.89990234375,3115.0,3119.0,138169
2025-08-21 06:20:00+00:00,3114.5,3116.199951171875,3114.0,3116.0,57395
2025-08-21 06:25:00+00:00,3116.5,3117.0,3113.0,3114.5,27517
2025-08-21 06:30:00+00:00,3117.10009765625,3117.800048828125,3116.0,3116.60009765625,28181
2025-08-21 06:35:00+00:00,3114.800048828125,3117.300048828125,3114.0,3117.10009765625,41549
2025-08-21 06:40:00+00:00,3113.5,3114.60009765625,3111.800048828125,3114.5,23165
2025-08-21 06:45:00+00:00,3112.5,3114.0,3111.5,3113.199951171875,22707
2025-08-21 06:50:00+00:00,3113.199951171875,3113.89990234375,3112.39990234375,3113.0,12246
2025-08-21 06:55:00+00:00,3109.800048828125,3113.5,3107.699951171875,3113.300048828125,41242
2025-08-21 07:00:00+00:00,3111.0,3111.699951171875,3107.10009765625,3109.89990234375,34891
2025-08-21 07:05:00+00:00,3113.39990234375,3115.5,3110.10009765625,3110.10009765625,36771
2025-08-21 07:10:00+00:00,3114.300048828125,3114.89990234375,3112.0,3113.89990234375,10199
2025-08-21 07:15:00+00:00,3115.0,3115.300048828125,3114.0,3114.300048828125,20879
2025-08-21 07:20:00+00:00,3113.800048828125,3116.10009765625,3112.5,3115.10009765625,33365
2025-08-21 07:25:00+00:00,3111.0,3113.800048828125,3110.10009765625,3113.60009765625,8755
2025-08-21 07:30:00+00:00,3110.10009765625,3111.60009765625,3110.0,3111.39990234375,6209
2025-08-21 07:35:00+00:00,3110.199951171875,3110.60009765625,3108.5,3110.199951171875,10914
2025-08-21 07:40:00+00:00,3114.10009765625,3114.89990234375,3110.10009765625,3110.5,32285
2025-08-21 07:45:00+00:00,3114.10009765625,3114.89990234375,3114.0,3114.39990234375,10932
2025-08-21 07:50:00+00:00,3114.10009765625,3114.89990234375,3114.0,3114.89990234375,72177
2025-08-21 07:55:00+00:00,3110.0,3114.199951171875,3110.0,3114.0,47813
2025-08-21 08:00:00+00:00,3109.39990234375,3111.39990234375,3105.10009765625,3110.0,109080
2025-08-21 08:05:00+00:00,3108.60009765625,3110.0,3107.39990234375,3109.60009765625,11822
2025-08-21 08:10:00+00:00,3108.699951171875,3108.800048828125,3104.0,3108.699951171875,29592
2025-08-21 08:15:00+00:00,3108.699951171875,3109.60009765625,3106.199951171875,3108.5,22899
2025-08-21 08:20:00+00:00,3111.10009765625,3111.60009765625,3107.699951171875,3108.60009765625,10056
2025-08-21 08:25:00+00:00,3112.39990234375,3113.0,3110.0,3111.0,7425
2025-08-21 08:30:00+00:00,3112.699951171875,3113.800048828125,3111.699951171875,3113.0,14188
2025-08-21 08:35:00+00:00,3115.0,3115.199951171875,3110.300048828125,3112.699951171875,25090
2025-08-21 08:40:00+00:00,3115.199951171875,3116.10009765625,3114.10009765625,3115.199951171875,17590
2025-08-21 08:45:00+00:00,3115.89990234375,3117.800048828125,3114.60009765625,3114.60009765625,39361
2025-08-21 08:50:00+00:00,3115.39990234375,3116.5,3115.0,3115.89990234375,8058
2025-08-21 08:55:00+00:00,3114.0,3115.5,3110.89990234375,3115.0,84076
2025-08-21 09:00:00+00:00,3113.0,3114.0,3111.699951171875,3114.0,16676
2025-08-21 09:05:00+00:00,3109.10009765625,3115.10009765625,3109.10009765625,3112.0,91563
2025-08-21 09:10:00+00:00,3109.0,3112.300048828125,3107.60009765625,3108.800048828125,40389
2025-08-21 09:15:00+00:00,3109.0,3111.5,3107.60009765625,3109.0,12388
2025-08-21 09:20:00+00:00,3108.0,3109.199951171875,3107.39990234375,3109.0,5501
2025-08-21 09:25:00+00:00,3105.199951171875,3108.0,3104.10009765625,3108.0,22838
2025-08-21 09:30:00+00:00,3103.800048828125,3106.89990234375,3102.800048828125,3105.300048828125,94731
2025-08-21 09:35:00+00:00,3103.699951171875,3107.39990234375,3102.10009765625,3103.699951171875,84768
2025-08-21 09:40:00+00:00,3103.699951171875,3104.800048828125,3101.199951171875,3103.699951171875,66599
2025-08-21 09:45:00+00:00,3101.699951171875,3104.0,3100.60009765625,3104.0,31567
2025-08-21 09:50:00+00:00,3100.0,3102.0,3096.0,3101.800048828125,81611
2025-08-21 09:55:00+00:00,3102.60009765625,3102.60009765625,3097.0,3099.5,0
2025-08-22 03:45:00+00:00,3092.0,3095.699951171875,3087.300048828125,3092.60009765625,87485
2025-08-22 03:50:00+00:00,3088.800048828125,3092.699951171875,3086.10009765625,3092.699951171875,53040
2025-08-22 03:55:00+00:00,3083.89990234375,3088.800048828125,3082.10009765625,3088.800048828125,42419
2025-08-22 04:00:00+00:00,3078.699951171875,3083.60009765625,3075.199951171875,3083.60009765625,35465
2025-08-22 04:05:00+00:00,3076.39990234375,3080.0,3073.699951171875,3079.0,24238
2025-08-22 04:10:00+00:00,3076.199951171875,3078.300048828125,3071.10009765625,3076.199951171875,48061
2025-08-22 04:15:00+00:00,3077.0,3079.0,3075.5,3076.199951171875,18267
2025-08-22 04:20:00+00:00,3076.5,3078.0,3072.10009765625,3076.800048828125,14808
2025-08-22 04:25:00+00:00,3071.800048828125,3077.60009765625,3071.800048828125,3076.60009765625,19018
2025-08-22 04:30:00+00:00,3066.60009765625,3071.89990234375,3065.0,3071.89990234375,39126
2025-08-22 04:35:00+00:00,3067.39990234375,3069.699951171875,3066.800048828125,3066.800048828125,16125
2025-08-22 04:40:00+00:00,3065.89990234375,3069.0,3064.89990234375,3067.39990234375,51606
2025-08-22 04:45:00+00:00,3063.800048828125,3066.0,3062.0,3065.89990234375,19415
2025-08-22 04:50:00+00:00,3064.89990234375,3067.0,3062.5,3063.5,17569
2025-08-22 04:55:00+00:00,3065.800048828125,3066.5,3062.199951171875,3064.5,22180
2025-08-22 05:00:00+00:00,3067.199951171875,3067.5,3065.10009765625,3065.39990234375,7307
2025-08-22 05:05:00+00:00,3064.60009765625,3069.60009765625,3064.60009765625,3067.300048828125,17807
2025-08-22 05:10:00+00:00,3060.89990234375,3064.300048828125,3060.199951171875,3064.300048828125,24159
2025-08-22 05:15:00+00:00,3061.300048828125,3061.89990234375,3057.5,3060.39990234375,39604
2025-08-22 05:20:00+00:00,3066.0,3066.5,3061.0,3061.300048828125,9917
2025-08-22 05:25:00+00:00,3065.5,3067.39990234375,3065.39990234375,3065.800048828125,5879
2025-08-22 05:30:00+00:00,3066.0,3067.0,3061.699951171875,3066.0,10737
2025-08-22 05:35:00+00:00,3066.699951171875,3067.60009765625,3065.0,3066.0,6175
2025-08-22 05:40:00+00:00,3065.699951171875,3066.800048828125,3064.0,3066.39990234375,4219
2025-08-22 05:45:00+00:00,3069.10009765625,3069.10009765625,3065.0,3065.89990234375,23984
2025-08-22 05:50:00+00:00,3071.300048828125,3072.800048828125,3069.10009765625,3069.39990234375,15100
2025-08-22 05:55:00+00:00,3071.0,3072.0,3070.300048828125,3071.0,9263
2025-08-22 06:00:00+00:00,3069.199951171875,3072.0,3067.39990234375,3071.10009765625,52984
2025-08-22 06:05:00+00:00,3071.10009765625,3072.0,3068.699951171875,3069.0,7666
2025-08-22 06:10:00+00:00,3072.800048828125,3072.800048828125,3071.0,3071.10009765625,7502
2025-08-22 06:15:00+00:00,3071.0,3072.89990234375,3071.0,3072.699951171875,9998
2025-08-22 06:20:00+00:00,3073.0,3073.0,3070.0,3071.10009765625,12543
2025-08-22 06:25:00+00:00,3074.0,3074.800048828125,3071.800048828125,3072.89990234375,8591
2025-08-22 06:30:00+00:00,3072.699951171875,3074.60009765625,3071.0,3073.199951171875,25410
2025-08-22 06:35:00+00:00,3069.199951171875,3073.60009765625,3067.89990234375,3072.699951171875,23710
2025-08-22 06:40:00+00:00,3067.5,3069.5,3065.300048828125,3069.0,9778
2025-08-22 06:45:00+00:00,3068.0,3069.199951171875,3065.5,3067.0,21453
2025-08-22 06:50:00+00:00,3067.0,3070.89990234375,3067.0,3068.300048828125,6039
2025-08-22 06:55:00+00:00,3071.300048828125,3072.199951171875,3067.0,3067.0,43949
2025-08-22 07:00:00+00:00,3072.0,3072.60009765625,3069.60009765625,3071.300048828125,6708
2025-08-22 07:05:00+00:00,3071.800048828125,3073.39990234375,3070.10009765625,3072.0,16064
2025-08-22 07:10:00+00:00,3070.10009765625,3070.89990234375,3068.60009765625,3070.89990234375,6791
2025-08-22 07:15:00+00:00,3071.300048828125,3072.800048828125,3070.10009765625,3070.10009765625,13378
2025-08-22 07:20:00+00:00,3072.199951171875,3073.699951171875,3071.0,3071.10009765625,10881
2025-08-22 07:25:00+00:00,3073.800048828125,3074.300048828125,3072.0,3072.0,47970
2025-08-22 07:30:00+00:00,3073.199951171875,3074.0,3072.89990234375,3073.89990234375,10522
2025-08-22 07:35:00+00:00,3070.699951171875,3073.300048828125,3070.5,3073.199951171875,22756
2025-08-22 07:40:00+00:00,3070.10009765625,3070.699951171875,3069.199951171875,3070.5,8103
2025-08-22 07:45:00+00:00,3067.800048828125,3070.0,3067.199951171875,3069.699951171875,6854
2025-08-22 07:50:00+00:00,3071.0,3072.0,3067.0,3067.699951171875,33457
2025-08-22 07:55:00+00:00,3071.699951171875,3072.5,3071.0,3071.0,5863
2025-08-22 08:00:00+00:00,3072.39990234375,3073.0,3071.10009765625,3071.699951171875,4907
2025-08-22 08:05:00+00:00,3074.0,3074.300048828125,3072.199951171875,3072.199951171875,6895
2025-08-22 08:10:00+00:00,3071.60009765625,3073.5,3071.5,3073.5,13401
2025-08-22 08:15:00+00:00,3070.10009765625,3071.60009765625,3070.0,3071.60009765625,10577
2025-08-22 08:20:00+00:00,3069.800048828125,3070.10009765625,3069.199951171875,3070.10009765625,15432
2025-08-22 08:25:00+00:00,3068.5,3070.0,3066.800048828125,3069.800048828125,14320
2025-08-22 08:30:00+00:00,3067.0,3069.199951171875,3066.699951171875,3068.5,6571
2025-08-22 08:35:00+00:00,3067.60009765625,3068.0,3066.5,3067.0,7468
2025-08-22 08:40:00+00:00,3065.10009765625,3067.60009765625,3065.0,3067.60009765625,9499
2025-08-22 08:45:00+00:00,3064.199951171875,3065.300048828125,3062.0,3065.0,19204
2025-08-22 08:50:00+00:00,3063.60009765625,3065.60009765625,3063.5,3064.199951171875,11589
2025-08-22 08:55:00+00:00,3062.300048828125,3064.10009765625,3062.300048828125,3063.60009765625,7682
2025-08-22 09:00:00+00:00,3057.0,3062.300048828125,3057.0,3062.300048828125,31872
2025-08-22 09:05:00+00:00,3057.699951171875,3058.39990234375,3056.0,3057.10009765625,20123
2025-08-22 09:10:00+00:00,3058.0,3059.89990234375,3057.39990234375,3057.39990234375,14186
2025-08-22 09:15:00+00:00,3058.0,3059.89990234375,3057.5,3058.10009765625,11352
2025-08-22 09:20:00+00:00,3057.800048828125,3058.0,3057.0,3058.0,9192
2025-08-22 09:25:00+00:00,3057.699951171875,3058.699951171875,3057.10009765625,3057.89990234375,16867
2025-08-22 09:30:00+00:00,3054.60009765625,3058.0,3053.0,3058.0,35382
2025-08-22 09:35:00+00:00,3054.60009765625,3056.699951171875,3054.60009765625,3054.800048828125,64311
2025-08-22 09:40:00+00:00,3052.10009765625,3056.0,3052.0,3055.0,30925
2025-08-22 09:45:00+00:00,3051.699951171875,3053.39990234375,3051.60009765625,3052.10009765625,47747
2025-08-22 09:50:00+00:00,3051.699951171875,3051.800048828125,3051.300048828125,3051.60009765625,34644
2025-08-22 09:55:00+00:00,3051.0,3055.0,3050.10009765625,3051.800048828125,46539
2025-08-25 03:45:00+00:00,3100.0,3105.300048828125,3079.699951171875,3082.10009765625,0
2025-08-25 03:50:00+00:00,3098.10009765625,3107.800048828125,3098.0,3099.5,93686
2025-08-25 03:55:00+00:00,3110.199951171875,3111.0,3095.39990234375,3098.800048828125,83584
2025-08-25 04:00:00+00:00,3117.0,3117.89990234375,3110.0,3111.0,115626
2025-08-25 04:05:00+00:00,3121.10009765625,3123.60009765625,3116.60009765625,3117.0,102228
2025-08-25 04:10:00+00:00,3130.0,3130.0,3120.300048828125,3121.5,122942
2025-08-25 04:15:00+00:00,3130.89990234375,3131.39990234375,3127.10009765625,3130.10009765625,88899
2025-08-25 04:20:00+00:00,3130.89990234375,3132.89990234375,3128.39990234375,3130.0,46848
2025-08-25 04:25:00+00:00,3124.699951171875,3131.0,3122.89990234375,3130.60009765625,51719
2025-08-25 04:30:00+00:00,3125.0,3129.300048828125,3122.0,3125.0,40297
2025-08-25 04:35:00+00:00,3122.89990234375,3127.39990234375,3122.39990234375,3123.89990234375,28398
2025-08-25 04:40:00+00:00,3126.199951171875,3127.0,3122.5,3124.0,38767
2025-08-25 04:45:00+00:00,3129.89990234375,3129.89990234375,3124.60009765625,3126.199951171875,23529
2025-08-25 04:50:00+00:00,3135.800048828125,3136.60009765625,3128.89990234375,3129.89990234375,64392
2025-08-25 04:55:00+00:00,3130.300048828125,3135.800048828125,3129.89990234375,3135.800048828125,41550
2025-08-25 05:00:00+00:00,3134.0,3135.0,3129.60009765625,3130.300048828125,28074
2025-08-25 05:05:00+00:00,3141.0,3141.800048828125,3133.0,3134.0,71248
2025-08-25 05:10:00+00:00,3145.0,3146.89990234375,3140.89990234375,3140.89990234375,65571
2025-08-25 05:15:00+00:00,3143.0,3145.800048828125,3142.0,3145.0,49351
2025-08-25 05:20:00+00:00,3143.800048828125,3146.0,3141.699951171875,3144.0,45513
2025-08-25 05:25:00+00:00,3140.89990234375,3144.60009765625,3139.5,3143.60009765625,42982
2025-08-25 05:30:00+00:00,3144.699951171875,3144.800048828125,3140.89990234375,3141.0,24318
2025-08-25 05:35:00+00:00,3145.5,3146.0,3142.89990234375,3144.39990234375,39271
2025-08-25 05:40:00+00:00,3146.89990234375,3146.89990234375,3143.10009765625,3145.199951171875,34878
2025-08-25 05:45:00+00:00,3146.300048828125,3151.0,3145.10009765625,3147.5,119791
2025-08-25 05:50:00+00:00,3144.199951171875,3146.89990234375,3142.199951171875,3146.300048828125,22031
2025-08-25 05:55:00+00:00,3145.199951171875,3146.5,3142.89990234375,3143.39990234375,23307
2025-08-25 06:00:00+00:00,3147.10009765625,3148.0,3144.800048828125,3145.5,33266
2025-08-25 06:05:00+00:00,3144.89990234375,3147.10009765625,3143.0,3146.800048828125,18346
2025-08-25 06:10:00+00:00,3144.10009765625,3146.0,3144.0,3144.0,19245
2025-08-25 06:15:00+00:00,3145.0,3146.0,3144.10009765625,3144.10009765625,19181
2025-08-25 06:20:00+00:00,3144.0,3148.0,3142.300048828125,3144.89990234375,84033
2025-08-25 06:25:00+00:00,3144.89990234375,3145.300048828125,3143.300048828125,3144.0,11669
2025-08-25 06:30:00+00:00,3149.0,3149.199951171875,3144.89990234375,3144.89990234375,71524
2025-08-25 06:35:00+00:00,3148.10009765625,3149.5,3147.10009765625,3149.0,26218
2025-08-25 06:40:00+00:00,3148.89990234375,3149.300048828125,3147.199951171875,3148.89990234375,22022
2025-08-25 06:45:00+00:00,3147.60009765625,3150.5,3147.0,3149.0,75772
2025-08-25 06:50:00+00:00,3147.199951171875,3152.0,3147.10009765625,3147.800048828125,117085
2025-08-25 06:55:00+00:00,3147.0,3148.199951171875,3145.39990234375,3147.199951171875,29328
2025-08-25 07:00:00+00:00,3146.0,3147.0,3144.0,3147.0,22466
2025-08-25 07:05:00+00:00,3145.89990234375,3147.199951171875,3144.800048828125,3145.89990234375,16061
2025-08-25 07:10:00+00:00,3145.5,3145.89990234375,3144.5,3145.800048828125,10113
2025-08-25 07:15:00+00:00,3146.199951171875,3147.0,3144.0,3145.800048828125,15217
2025-08-25 07:20:00+00:00,3144.89990234375,3147.0,3144.199951171875,3146.5,14648
2025-08-25 07:25:00+00:00,3147.800048828125,3149.0,3144.699951171875,3144.89990234375,19020
2025-08-25 07:30:00+00:00,3148.0,3149.699951171875,3147.800048828125,3147.800048828125,20393
2025-08-25 07:35:00+00:00,3146.0,3148.5,3145.0,3148.199951171875,13969
2025-08-25 07:40:00+00:00,3146.89990234375,3148.0,3145.5,3146.0,18509
2025-08-25 07:45:00+00:00,3146.89990234375,3147.89990234375,3145.800048828125,3146.5,17187
2025-08-25 07:50:00+00:00,3147.199951171875,3147.199951171875,3145.5,3146.800048828125,21634
2025-08-25 07:55:00+00:00,3145.39990234375,3147.10009765625,3145.10009765625,3147.10009765625,13595
2025-08-25 08:00:00+00:00,3143.0,3146.39990234375,3143.0,3145.5,22351
2025-08-25 08:05:00+00:00,3147.10009765625,3147.89990234375,3143.300048828125,3144.0,18575
2025-08-25 08:10:00+00:00,3145.89990234375,3147.5,3144.0,3147.10009765625,28511
2025-08-25 08:15:00+00:00,3147.0,3147.39990234375,3145.10009765625,3145.89990234375,13723
2025-08-25 08:20:00+00:00,3145.0,3147.300048828125,3144.300048828125,3147.0,12572
2025-08-25 08:25:00+00:00,3143.800048828125,3146.0,3143.0,3144.89990234375,18746
2025-08-25 08:30:00+00:00,3141.89990234375,3144.5,3140.39990234375,3143.699951171875,28311
2025-08-25 08:35:00+00:00,3143.0,3143.39990234375,3139.0,3142.5,28530
2025-08-25 08:40:00+00:00,3140.60009765625,3142.89990234375,3139.0,3142.89990234375,47169
2025-08-25 08:45:00+00:00,3140.0,3144.60009765625,3138.39990234375,3140.60009765625,75399
2025-08-25 08:50:00+00:00,3139.89990234375,3141.39990234375,3136.0,3139.5,72747
2025-08-25 08:55:00+00:00,3141.10009765625,3142.0,3138.39990234375,3139.89990234375,40819
2025-08-25 09:00:00+00:00,3141.89990234375,3142.800048828125,3140.39990234375,3141.10009765625,18574
2025-08-25 09:05:00+00:00,3136.60009765625,3141.89990234375,3136.199951171875,3141.89990234375,56955
2025-08-25 09:10:00+00:00,3139.5,3139.60009765625,3136.199951171875,3136.5,57966
2025-08-25 09:15:00+00:00,3142.300048828125,3143.39990234375,3138.699951171875,3139.5,51508
2025-08-25 09:20:00+00:00,3143.39990234375,3143.89990234375,3142.10009765625,3143.10009765625,20400
2025-08-25 09:25:00+00:00,3144.89990234375,3145.0,3142.60009765625,3142.60009765625,32990
2025-08-25 09:30:00+00:00,3141.199951171875,3144.5,3141.0,3144.5,56449
2025-08-25 09:35:00+00:00,3139.800048828125,3141.60009765625,3139.5,3141.199951171875,63235
2025-08-25 09:40:00+00:00,3139.0,3141.0,3138.0,3139.800048828125,41677
2025-08-25 09:45:00+00:00,3140.10009765625,3141.60009765625,3139.0,3139.10009765625,48314
2025-08-25 09:50:00+00:00,3140.699951171875,3140.800048828125,3138.0,3140.10009765625,45296
2025-08-25 09:55:00+00:00,3142.10009765625,3143.10009765625,3140.0,3140.800048828125,52232
2025-08-26 03:45:00+00:00,3142.89990234375,3144.10009765625,3125.0,3128.699951171875,0
2025-08-26 03:50:00+00:00,3143.699951171875,3143.800048828125,3135.0,3141.0,50945
2025-08-26 03:55:00+00:00,3139.199951171875,3146.89990234375,3139.0,3143.800048828125,72693
2025-08-26 04:00:00+00:00,3137.699951171875,3139.800048828125,3135.0,3139.199951171875,42787
2025-08-26 04:05:00+00:00,3148.5,3148.5,3137.10009765625,3138.0,57591
2025-08-26 04:10:00+00:00,3149.0,3152.0,3146.800048828125,3148.39990234375,65465
2025-08-26 04:15:00+00:00,3149.0,3150.0,3141.800048828125,3149.5,31958
2025-08-26 04:20:00+00:00,3150.199951171875,3152.0,3148.0,3149.0,77143
2025-08-26 04:25:00+00:00,3148.800048828125,3151.0,3147.60009765625,3148.5,20500
2025-08-26 04:30:00+00:00,3146.800048828125,3148.89990234375,3143.199951171875,3148.89990234375,30709
2025-08-26 04:35:00+00:00,3144.60009765625,3147.0,3142.60009765625,3146.89990234375,24821
2025-08-26 04:40:00+00:00,3139.89990234375,3144.60009765625,3138.5,3144.60009765625,26094
2025-08-26 04:45:00+00:00,3142.800048828125,3144.0,3137.39990234375,3139.89990234375,23471
2025-08-26 04:50:00+00:00,3142.5,3143.199951171875,3139.39990234375,3142.800048828125,11372
2025-08-26 04:55:00+00:00,3139.0,3142.60009765625,3137.800048828125,3142.199951171875,10412
2025-08-26 05:00:00+00:00,3138.300048828125,3140.0,3136.5,3138.89990234375,30861
2025-08-26 05:05:00+00:00,3139.10009765625,3139.89990234375,3137.5,3138.0,21427
2025-08-26 05:10:00+00:00,3136.10009765625,3139.10009765625,3135.0,3138.39990234375,47338
2025-08-26 05:15:00+00:00,3137.699951171875,3138.0,3136.0,3136.199951171875,20990
2025-08-26 05:20:00+00:00,3140.10009765625,3141.10009765625,3136.800048828125,3137.699951171875,12806
2025-08-26 05:25:00+00:00,3141.60009765625,3142.10009765625,3138.10009765625,3140.10009765625,65056
2025-08-26 05:30:00+00:00,3143.60009765625,3144.89990234375,3140.300048828125,3141.800048828125,14501
2025-08-26 05:35:00+00:00,3147.89990234375,3150.0,3143.89990234375,3143.89990234375,27000
2025-08-26 05:40:00+00:00,3146.89990234375,3150.0,3145.0,3147.300048828125,17793
2025-08-26 05:45:00+00:00,3149.5,3149.89990234375,3145.89990234375,3146.800048828125,21619
2025-08-26 05:50:00+00:00,3149.0,3150.5,3146.800048828125,3149.199951171875,53422
2025-08-26 05:55:00+00:00,3150.5,3150.5,3147.5,3149.0,23551
2025-08-26 06:00:00+00:00,3150.0,3150.5,3148.5,3150.39990234375,23925
2025-08-26 06:05:00+00:00,3148.10009765625,3150.39990234375,3146.5,3150.0,30315
2025-08-26 06:10:00+00:00,3147.39990234375,3148.10009765625,3145.5,3147.10009765625,29456
2025-08-26 06:15:00+00:00,3148.0,3149.89990234375,3146.300048828125,3147.39990234375,28592
2025-08-26 06:20:00+00:00,3144.10009765625,3148.5,3144.10009765625,3147.89990234375,32223
2025-08-26 06:25:00+00:00,3143.89990234375,3146.10009765625,3143.5,3145.0,27207
2025-08-26 06:30:00+00:00,3143.300048828125,3145.5,3141.300048828125,3143.800048828125,32530
2025-08-26 06:35:00+00:00,3147.0,3148.89990234375,3143.300048828125,3143.5,38195
2025-08-26 06:40:00+00:00,3145.699951171875,3147.5,3142.39990234375,3147.300048828125,38084
2025-08-26 06:45:00+00:00,3146.199951171875,3147.5,3143.60009765625,3145.89990234375,26990
2025-08-26 06:50:00+00:00,3148.699951171875,3149.300048828125,3145.39990234375,3146.199951171875,22190
2025-08-26 06:55:00+00:00,3143.5,3149.39990234375,3143.5,3148.699951171875,23946
2025-08-26 07:00:00+00:00,3144.699951171875,3145.5,3143.199951171875,3144.0,26840
2025-08-26 07:05:00+00:00,3143.10009765625,3145.10009765625,3141.800048828125,3144.699951171875,42242
2025-08-26 07:10:00+00:00,3145.60009765625,3145.89990234375,3141.699951171875,3143.10009765625,53754
2025-08-26 07:15:00+00:00,3144.699951171875,3146.60009765625,3143.5,3144.60009765625,27848
2025-08-26 07:20:00+00:00,3144.300048828125,3146.89990234375,3143.800048828125,3144.89990234375,39598
2025-08-26 07:25:00+00:00,3148.39990234375,3148.5,3144.800048828125,3144.89990234375,33989
2025-08-26 07:30:00+00:00,3147.89990234375,3149.89990234375,3147.199951171875,3148.5,25753
2025-08-26 07:35:00+00:00,3150.800048828125,3151.0,3147.0,3148.800048828125,34911
2025-08-26 07:40:00+00:00,3149.10009765625,3151.0,3143.89990234375,3150.699951171875,130526
2025-08-26 07:45:00+00:00,3148.699951171875,3150.0,3143.89990234375,3149.60009765625,176892
2025-08-26 07:50:00+00:00,3149.89990234375,3150.0,3147.5,3149.60009765625,20127
2025-08-26 07:55:00+00:00,3151.199951171875,3151.5,3149.800048828125,3149.89990234375,27809
2025-08-26 08:00:00+00:00,3158.0,3158.199951171875,3150.0,3150.300048828125,44283
2025-08-26 08:05:00+00:00,3157.89990234375,3158.89990234375,3155.0,3158.0,45233
2025-08-26 08:10:00+00:00,3160.300048828125,3162.0,3157.10009765625,3158.0,90376
2025-08-26 08:15:00+00:00,3160.0,3161.89990234375,3156.10009765625,3160.199951171875,40162
2025-08-26 08:20:00+00:00,3159.699951171875,3160.5,3159.10009765625,3160.0,16395
2025-08-26 08:25:00+00:00,3158.300048828125,3160.5,3153.0,3159.10009765625,450607
2025-08-26 08:30:00+00:00,3157.10009765625,3158.300048828125,3154.60009765625,3158.10009765625,23900
2025-08-26 08:35:00+00:00,3153.0,3157.39990234375,3152.800048828125,3157.10009765625,31795
2025-08-26 08:40:00+00:00,3153.300048828125,3153.800048828125,3152.10009765625,3153.0,30925
2025-08-26 08:45:00+00:00,3153.5,3154.60009765625,3152.39990234375,3152.699951171875,20879
2025-08-26 08:50:00+00:00,3152.89990234375,3153.89990234375,3152.5,3153.60009765625,17317
2025-08-26 08:55:00+00:00,3157.0,3158.800048828125,3152.5,3153.10009765625,82811
2025-08-26 09:00:00+00:00,3153.699951171875,3158.300048828125,3152.5,3156.60009765625,58384
2025-08-26 09:05:00+00:00,3158.699951171875,3159.199951171875,3152.60009765625,3153.300048828125,28369
2025-08-26 09:10:00+00:00,3157.300048828125,3159.0,3155.199951171875,3158.5,30501
2025-08-26 09:15:00+00:00,3155.0,3158.0,3153.699951171875,3157.0,22391
2025-08-26 09:20:00+00:00,3155.300048828125,3156.60009765625,3154.10009765625,3155.199951171875,34524
2025-08-26 09:25:00+00:00,3154.699951171875,3155.300048828125,3153.5,3155.0,66823
2025-08-26 09:30:00+00:00,3156.199951171875,3158.60009765625,3153.5,3153.5,334154
2025-08-26 09:35:00+00:00,3155.300048828125,3158.800048828125,3154.300048828125,3156.300048828125,319002
2025-08-26 09:40:00+00:00,3155.10009765625,3156.60009765625,3154.89990234375,3155.5,342798
2025-08-26 09:45:00+00:00,3155.199951171875,3159.0,3154.89990234375,3155.10009765625,379293
2025-08-26 09:50:00+00:00,3157.800048828125,3161.10009765625,3155.10009765625,3155.300048828125,780858
2025-08-26 09:55:00+00:00,3157.199951171875,3159.800048828125,3156.60009765625,3157.89990234375,218504
2025-08-28 03:45:00+00:00,3132.10009765625,3143.800048828125,3131.300048828125,3143.800048828125,0
2025-08-28 03:50:00+00:00,3121.0,3133.89990234375,3121.0,3132.60009765625,76084
2025-08-28 03:55:00+00:00,3119.39990234375,3121.39990234375,3117.5,3121.39990234375,59369
2025-08-28 04:00:00+00:00,3114.800048828125,3119.699951171875,3113.699951171875,3118.89990234375,46619
2025-08-28 04:05:00+00:00,3118.699951171875,3119.0,3112.800048828125,3114.60009765625,65869
2025-08-28 04:10:00+00:00,3117.5,3118.89990234375,3114.699951171875,3118.699951171875,42904
2025-08-28 04:15:00+00:00,3115.699951171875,3120.0,3115.39990234375,3117.5,52225
2025-08-28 04:20:00+00:00,3115.0,3117.199951171875,3113.0,3115.699951171875,53112
2025-08-28 04:25:00+00:00,3110.60009765625,3116.10009765625,3110.60009765625,3115.0,34693
2025-08-28 04:30:00+00:00,3107.5,3111.0,3105.300048828125,3110.60009765625,38224
2025-08-28 04:35:00+00:00,3113.39990234375,3115.0,3107.0,3107.60009765625,52302
2025-08-28 04:40:00+00:00,3104.199951171875,3113.39990234375,3104.0,3113.0,30648
2025-08-28 04:45:00+00:00,3104.10009765625,3106.0,3103.0,3104.199951171875,29480
2025-08-28 04:50:00+00:00,3103.39990234375,3105.800048828125,3101.199951171875,3104.10009765625,22519
2025-08-28 04:55:00+00:00,3109.5,3112.0,3103.10009765625,3103.39990234375,36712
2025-08-28 05:00:00+00:00,3114.60009765625,3114.89990234375,3108.300048828125,3109.5,24320
2025-08-28 05:05:00+00:00,3117.0,3118.0,3113.60009765625,3114.5,62126
2025-08-28 05:10:00+00:00,3123.300048828125,3123.39990234375,3116.800048828125,3117.0,36233
2025-08-28 05:15:00+00:00,3125.0,3126.39990234375,3121.800048828125,3123.300048828125,34950
2025-08-28 05:20:00+00:00,3124.199951171875,3125.199951171875,3122.10009765625,3125.10009765625,25031
2025-08-28 05:25:00+00:00,3126.60009765625,3127.89990234375,3122.300048828125,3124.199951171875,24727
2025-08-28 05:30:00+00:00,3126.0,3126.699951171875,3121.89990234375,3126.5,17724
2025-08-28 05:35:00+00:00,3127.199951171875,3128.5,3125.199951171875,3126.0,27307
2025-08-28 05:40:00+00:00,3126.0,3127.39990234375,3122.199951171875,3127.39990234375,41887
2025-08-28 05:45:00+00:00,3123.39990234375,3127.5,3122.5,3126.10009765625,37824
2025-08-28 05:50:00+00:00,3126.199951171875,3126.39990234375,3120.89990234375,3123.199951171875,22578
2025-08-28 05:55:00+00:00,3125.199951171875,3127.5,3124.800048828125,3126.10009765625,32238
2025-08-28 06:00:00+00:00,3126.10009765625,3126.39990234375,3123.0,3125.199951171875,19718
2025-08-28 06:05:00+00:00,3120.800048828125,3127.5,3120.800048828125,3126.199951171875,23614
2025-08-28 06:10:00+00:00,3117.89990234375,3122.5,3117.89990234375,3121.800048828125,11916
2025-08-28 06:15:00+00:00,3120.10009765625,3120.60009765625,3117.0,3118.300048828125,31652
2025-08-28 06:20:00+00:00,3120.10009765625,3122.199951171875,3119.10009765625,3120.0,22240
2025-08-28 06:25:00+00:00,3119.800048828125,3121.0,3119.699951171875,3120.10009765625,9564
2025-08-28 06:30:00+00:00,3120.199951171875,3120.39990234375,3114.60009765625,3119.699951171875,35765
2025-08-28 06:35:00+00:00,3118.39990234375,3120.199951171875,3117.5,3120.199951171875,14710
2025-08-28 06:40:00+00:00,3119.0,3120.699951171875,3118.199951171875,3118.39990234375,34051
2025-08-28 06:45:00+00:00,3114.300048828125,3119.300048828125,3114.0,3119.0,12596
2025-08-28 06:50:00+00:00,3110.89990234375,3114.60009765625,3110.800048828125,3114.300048828125,10777
2025-08-28 06:55:00+00:00,3106.800048828125,3111.300048828125,3106.5,3110.800048828125,17170
2025-08-28 07:00:00+00:00,3111.5,3115.0,3106.800048828125,3106.800048828125,46379
2025-08-28 07:05:00+00:00,3111.39990234375,3113.5,3110.199951171875,3111.699951171875,39178
2025-08-28 07:10:00+00:00,3112.10009765625,3113.0,3110.39990234375,3111.5,28967
2025-08-28 07:15:00+00:00,3112.0,3112.39990234375,3109.300048828125,3112.0,25475
2025-08-28 07:20:00+00:00,3112.10009765625,3113.5,3109.0,3112.10009765625,35145
2025-08-28 07:25:00+00:00,3110.89990234375,3112.800048828125,3110.0,3112.10009765625,10331
2025-08-28 07:30:00+00:00,3109.10009765625,3111.10009765625,3108.0,3110.89990234375,13248
2025-08-28 07:35:00+00:00,3105.800048828125,3109.10009765625,3105.5,3109.10009765625,14133
2025-08-28 07:40:00+00:00,3110.199951171875,3110.89990234375,3105.199951171875,3105.800048828125,30402
2025-08-28 07:45:00+00:00,3110.89990234375,3110.89990234375,3108.199951171875,3110.10009765625,18303
2025-08-28 07:50:00+00:00,3109.0,3110.89990234375,3108.300048828125,3110.800048828125,22090
2025-08-28 07:55:00+00:00,3110.0,3110.10009765625,3108.60009765625,3109.0,15997
2025-08-28 08:00:00+00:00,3110.5,3114.60009765625,3110.10009765625,3110.10009765625,26924
2025-08-28 08:05:00+00:00,3110.300048828125,3110.89990234375,3108.800048828125,3110.5,10026
2025-08-28 08:10:00+00:00,3110.199951171875,3111.60009765625,3108.199951171875,3110.800048828125,13676
2025-08-28 08:15:00+00:00,3107.89990234375,3110.199951171875,3106.199951171875,3110.199951171875,12489
2025-08-28 08:20:00+00:00,3107.39990234375,3108.199951171875,3105.89990234375,3107.5,11182
2025-08-28 08:25:00+00:00,3105.0,3107.300048828125,3105.0,3107.300048828125,8702
2025-08-28 08:30:00+00:00,3106.5,3110.300048828125,3105.10009765625,3105.10009765625,43732
2025-08-28 08:35:00+00:00,3110.300048828125,3111.89990234375,3106.5,3106.5,15797
2025-08-28 08:40:00+00:00,3111.5,3115.60009765625,3109.39990234375,3110.39990234375,29930
2025-08-28 08:45:00+00:00,3112.199951171875,3114.10009765625,3110.10009765625,3112.699951171875,39306
2025-08-28 08:50:00+00:00,3110.60009765625,3112.199951171875,3110.5,3112.199951171875,9786
2025-08-28 08:55:00+00:00,3108.699951171875,3110.60009765625,3105.0,3110.60009765625,62447
2025-08-28 09:00:00+00:00,3106.300048828125,3108.89990234375,3106.0,3108.5,11137
2025-08-28 09:05:00+00:00,3107.800048828125,3110.5,3105.60009765625,3106.199951171875,34006
2025-08-28 09:10:00+00:00,3105.89990234375,3108.89990234375,3105.5,3107.800048828125,15507
2025-08-28 09:15:00+00:00,3101.0,3107.5,3100.300048828125,3106.0,68065
2025-08-28 09:20:00+00:00,3107.199951171875,3108.0,3101.10009765625,3101.39990234375,79877
2025-08-28 09:25:00+00:00,3104.699951171875,3107.699951171875,3103.199951171875,3106.699951171875,31273
2025-08-28 09:30:00+00:00,3094.5,3104.699951171875,3092.89990234375,3104.699951171875,177987
2025-08-28 09:35:00+00:00,3091.10009765625,3098.89990234375,3090.300048828125,3094.39990234375,183320
2025-08-28 09:40:00+00:00,3092.199951171875,3093.300048828125,3086.800048828125,3091.60009765625,183463
2025-08-28 09:45:00+00:00,3089.89990234375,3093.10009765625,3089.0,3092.300048828125,95285
2025-08-28 09:50:00+00:00,3096.199951171875,3096.89990234375,3089.0,3089.800048828125,111285
2025-08-28 09:55:00+00:00,3097.0,3098.89990234375,3091.800048828125,3096.199951171875,77228
2025-08-29 03:45:00+00:00,3101.300048828125,3114.39990234375,3094.199951171875,3099.199951171875,105916
2025-08-29 03:50:00+00:00,3104.89990234375,3109.0,3100.5,3102.0,34541
2025-08-29 03:55:00+00:00,3100.39990234375,3105.0,3098.89990234375,3104.0,23762
2025-08-29 04:00:00+00:00,3089.10009765625,3102.0,3089.10009765625,3100.300048828125,36361
2025-08-29 04:05:00+00:00,3089.89990234375,3092.60009765625,3085.39990234375,3089.10009765625,27579
2025-08-29 04:10:00+00:00,3084.10009765625,3093.800048828125,3084.10009765625,3089.89990234375,18004
2025-08-29 04:15:00+00:00,3079.5,3085.10009765625,3079.39990234375,3084.60009765625,31166
2025-08-29 04:20:00+00:00,3083.5,3084.39990234375,3079.5,3079.5,15983
2025-08-29 04:25:00+00:00,3083.39990234375,3087.60009765625,3081.699951171875,3083.300048828125,16211
2025-08-29 04:30:00+00:00,3087.5,3087.89990234375,3081.10009765625,3083.300048828125,18376
2025-08-29 04:35:00+00:00,3088.10009765625,3089.800048828125,3087.0,3087.0,15671
2025-08-29 04:40:00+00:00,3087.800048828125,3090.300048828125,3086.39990234375,3088.10009765625,57505
2025-08-29 04:45:00+00:00,3088.300048828125,3091.39990234375,3086.5,3088.0,14840
2025-08-29 04:50:00+00:00,3087.60009765625,3089.10009765625,3086.0,3088.10009765625,11545
2025-08-29 04:55:00+00:00,3091.199951171875,3091.300048828125,3085.0,3087.5,17362
2025-08-29 05:00:00+00:00,3095.199951171875,3095.199951171875,3090.0,3091.300048828125,28016
2025-08-29 05:05:00+00:00,3096.0,3097.89990234375,3094.800048828125,3095.10009765625,22495
2025-08-29 05:10:00+00:00,3094.10009765625,3097.10009765625,3094.10009765625,3096.89990234375,27328
2025-08-29 05:15:00+00:00,3094.5,3096.199951171875,3091.300048828125,3094.199951171875,44329
2025-08-29 05:20:00+00:00,3095.10009765625,3095.300048828125,3095.0,3095.0,12969
2025-08-29 05:25:00+00:00,3093.199951171875,3095.10009765625,3091.89990234375,3095.0,26945
2025-08-29 05:30:00+00:00,3097.699951171875,3098.800048828125,3093.199951171875,3093.60009765625,14623
2025-08-29 05:35:00+00:00,3100.0,3100.800048828125,3095.0,3097.699951171875,40664
2025-08-29 05:40:00+00:00,3102.89990234375,3104.39990234375,3100.0,3100.10009765625,14668
2025-08-29 05:45:00+00:00,3101.89990234375,3102.89990234375,3100.0,3102.89990234375,14708
2025-08-29 05:50:00+00:00,3100.60009765625,3101.89990234375,3099.0,3101.89990234375,39135
2025-08-29 05:55:00+00:00,3100.199951171875,3101.800048828125,3097.699951171875,3100.5,19904
2025-08-29 06:00:00+00:00,3107.10009765625,3107.10009765625,3100.10009765625,3100.39990234375,56925
2025-08-29 06:05:00+00:00,3104.10009765625,3109.0,3102.699951171875,3106.699951171875,79979
2025-08-29 06:10:00+00:00,3106.0,3106.89990234375,3101.800048828125,3104.60009765625,97847
2025-08-29 06:15:00+00:00,3107.699951171875,3111.699951171875,3105.89990234375,3106.199951171875,88770
2025-08-29 06:20:00+00:00,3105.0,3108.699951171875,3104.300048828125,3107.800048828125,7186
2025-08-29 06:25:00+00:00,3103.39990234375,3106.800048828125,3101.300048828125,3104.89990234375,15959
2025-08-29 06:30:00+00:00,3097.800048828125,3103.199951171875,3097.699951171875,3103.10009765625,9248
2025-08-29 06:35:00+00:00,3095.0,3098.800048828125,3095.0,3097.89990234375,11240
2025-08-29 06:40:00+00:00,3092.800048828125,3095.39990234375,3092.699951171875,3095.0,8916
2025-08-29 06:45:00+00:00,3093.300048828125,3095.699951171875,3092.60009765625,3093.0,13273
2025-08-29 06:50:00+00:00,3092.39990234375,3093.800048828125,3091.699951171875,3093.800048828125,7006
2025-08-29 06:55:00+00:00,3091.89990234375,3095.39990234375,3090.60009765625,3092.39990234375,11009
2025-08-29 07:00:00+00:00,3092.60009765625,3093.10009765625,3090.699951171875,3091.89990234375,7013
2025-08-29 07:05:00+00:00,3094.39990234375,3096.5,3091.89990234375,3092.5,8354
2025-08-29 07:10:00+00:00,3094.300048828125,3095.300048828125,3093.60009765625,3094.300048828125,6693
2025-08-29 07:15:00+00:00,3097.5,3097.5,3093.800048828125,3094.300048828125,9982
2025-08-29 07:20:00+00:00,3100.0,3102.10009765625,3096.0,3097.199951171875,18691
2025-08-29 07:25:00+00:00,3103.0,3103.0,3100.0,3100.0,29797
2025-08-29 07:30:00+00:00,3098.89990234375,3101.699951171875,3097.300048828125,3101.699951171875,13042
2025-08-29 07:35:00+00:00,3099.300048828125,3100.699951171875,3098.699951171875,3098.89990234375,9673
2025-08-29 07:40:00+00:00,3099.300048828125,3099.60009765625,3098.699951171875,3099.0,5731
2025-08-29 07:45:00+00:00,3101.800048828125,3102.800048828125,3098.699951171875,3099.300048828125,33773
2025-08-29 07:50:00+00:00,3101.5,3102.0,3098.89990234375,3101.800048828125,6922
2025-08-29 07:55:00+00:00,3100.39990234375,3101.800048828125,3098.800048828125,3101.39990234375,13889
2025-08-29 08:00:00+00:00,3099.0,3100.60009765625,3098.800048828125,3100.39990234375,5592
2025-08-29 08:05:00+00:00,3099.39990234375,3100.89990234375,3098.699951171875,3099.0,6385
2025-08-29 08:10:00+00:00,3099.60009765625,3099.89990234375,3098.699951171875,3099.60009765625,4089
2025-08-29 08:15:00+00:00,3097.5,3099.800048828125,3095.89990234375,3099.60009765625,9949
2025-08-29 08:20:00+00:00,3095.199951171875,3097.60009765625,3094.800048828125,3097.60009765625,11999
2025-08-29 08:25:00+00:00,3094.300048828125,3096.800048828125,3092.39990234375,3095.199951171875,29897
2025-08-29 08:30:00+00:00,3094.89990234375,3096.39990234375,3093.60009765625,3094.300048828125,14627
2025-08-29 08:35:00+00:00,3094.300048828125,3095.39990234375,3093.5,3095.39990234375,7713
2025-08-29 08:40:00+00:00,3093.39990234375,3095.5,3092.300048828125,3095.5,11732
2025-08-29 08:45:00+00:00,3092.800048828125,3095.0,3092.10009765625,3093.39990234375,9592
2025-08-29 08:50:00+00:00,3093.5,3094.699951171875,3091.0,3093.0,30872
2025-08-29 08:55:00+00:00,3086.39990234375,3093.5,3085.699951171875,3093.5,21212
2025-08-29 09:00:00+00:00,3088.800048828125,3092.199951171875,3086.0,3086.300048828125,21761
2025-08-29 09:05:00+00:00,3087.699951171875,3090.10009765625,3087.300048828125,3088.60009765625,13582
2025-08-29 09:10:00+00:00,3087.60009765625,3089.699951171875,3086.89990234375,3086.89990234375,10652
2025-08-29 09:15:00+00:00,3088.199951171875,3088.800048828125,3087.5,3087.89990234375,11012
2025-08-29 09:20:00+00:00,3088.89990234375,3089.0,3087.39990234375,3088.300048828125,15142
2025-08-29 09:25:00+00:00,3094.199951171875,3095.10009765625,3088.199951171875,3088.89990234375,25586
2025-08-29 09:30:00+00:00,3089.199951171875,3094.10009765625,3089.10009765625,3094.0,87306
2025-08-29 09:35:00+00:00,3089.699951171875,3090.60009765625,3085.5,3089.199951171875,146240
2025-08-29 09:40:00+00:00,3087.10009765625,3089.89990234375,3085.89990234375,3089.699951171875,127078
2025-08-29 09:45:00+00:00,3078.39990234375,3087.10009765625,3078.10009765625,3087.10009765625,118486
2025-08-29 09:50:00+00:00,3080.0,3081.89990234375,3077.60009765625,3078.300048828125,118659
2025-08-29 09:55:00+00:00,3084.699951171875,3088.300048828125,3079.199951171875,3080.10009765625,0
2025-09-01 03:45:00+00:00,3117.60009765625,3119.300048828125,3098.800048828125,3104.89990234375,0
2025-09-01 03:50:00+00:00,3122.300048828125,3122.300048828125,3117.5,3117.89990234375,39697
2025-09-01 03:55:00+00:00,3117.10009765625,3124.0,3116.0,3122.0,41573
2025-09-01 04:00:00+00:00,3129.800048828125,3129.800048828125,3117.10009765625,3117.10009765625,45365
2025-09-01 04:05:00+00:00,3126.60009765625,3130.89990234375,3126.10009765625,3129.60009765625,54876
2025-09-01 04:10:00+00:00,3124.0,3127.0,3121.10009765625,3126.60009765625,26376
2025-09-01 04:15:00+00:00,3124.199951171875,3126.60009765625,3123.699951171875,3124.199951171875,14017
2025-09-01 04:20:00+00:00,3124.300048828125,3125.89990234375,3121.199951171875,3124.300048828125,11291
2025-09-01 04:25:00+00:00,3123.10009765625,3124.60009765625,3122.0,3124.300048828125,7216
2025-09-01 04:30:00+00:00,3120.5,3123.0,3119.10009765625,3122.199951171875,14433
2025-09-01 04:35:00+00:00,3119.0,3122.0,3118.10009765625,3120.89990234375,10113
2025-09-01 04:40:00+00:00,3115.60009765625,3119.0,3115.0,3118.89990234375,17528
2025-09-01 04:45:00+00:00,3112.10009765625,3117.89990234375,3112.10009765625,3115.89990234375,13670
2025-09-01 04:50:00+00:00,3116.89990234375,3118.0,3111.699951171875,3113.0,17342
2025-09-01 04:55:00+00:00,3117.89990234375,3120.199951171875,3116.5,3116.89990234375,10785
2025-09-01 05:00:00+00:00,3113.699951171875,3118.0,3113.0,3117.0,7467
2025-09-01 05:05:00+00:00,3113.0,3114.199951171875,3111.0,3113.699951171875,11334
2025-09-01 05:10:00+00:00,3116.89990234375,3116.89990234375,3112.89990234375,3113.89990234375,4068
2025-09-01 05:15:00+00:00,3114.0,3118.0,3113.300048828125,3116.10009765625,5837
2025-09-01 05:20:00+00:00,3114.60009765625,3115.0,3110.60009765625,3114.0,10936
2025-09-01 05:25:00+00:00,3116.300048828125,3116.300048828125,3114.0,3114.60009765625,4136
2025-09-01 05:30:00+00:00,3119.699951171875,3121.699951171875,3115.699951171875,3116.800048828125,12088
2025-09-01 05:35:00+00:00,3122.800048828125,3122.800048828125,3117.39990234375,3119.800048828125,18717
2025-09-01 05:40:00+00:00,3125.89990234375,3126.0,3122.0,3123.0,8770
2025-09-01 05:45:00+00:00,3121.60009765625,3125.89990234375,3121.39990234375,3125.800048828125,6721
2025-09-01 05:50:00+00:00,3121.10009765625,3123.699951171875,3121.0,3122.800048828125,3306
2025-09-01 05:55:00+00:00,3124.39990234375,3124.39990234375,3121.699951171875,3121.699951171875,4912
2025-09-01 06:00:00+00:00,3125.0,3126.0,3122.0,3123.10009765625,10040
2025-09-01 06:05:00+00:00,3123.5,3125.0,3122.800048828125,3124.5,3598
2025-09-01 06:10:00+00:00,3124.5,3125.39990234375,3123.0,3123.10009765625,7113
2025-09-01 06:15:00+00:00,3121.5,3125.39990234375,3121.5,3124.699951171875,19850
2025-09-01 06:20:00+00:00,3122.199951171875,3123.0,3121.199951171875,3121.5,2536
2025-09-01 06:25:00+00:00,3122.0,3123.800048828125,3121.10009765625,3121.89990234375,7524
2025-09-01 06:30:00+00:00,3125.800048828125,3126.0,3121.5,3121.5,12572
2025-09-01 06:35:00+00:00,3123.199951171875,3125.800048828125,3122.199951171875,3125.800048828125,4214
2025-09-01 06:40:00+00:00,3125.199951171875,3125.5,3122.300048828125,3123.5,17659
2025-09-01 06:45:00+00:00,3123.0,3126.10009765625,3121.89990234375,3125.0,20322
2025-09-01 06:50:00+00:00,3123.89990234375,3124.0,3120.39990234375,3123.0,26701
2025-09-01 06:55:00+00:00,3124.39990234375,3125.800048828125,3123.10009765625,3124.5,5528
2025-09-01 07:00:00+00:00,3123.800048828125,3124.89990234375,3123.0,3124.800048828125,3796
2025-09-01 07:05:00+00:00,3122.10009765625,3125.39990234375,3121.5,3123.800048828125,37386
2025-09-01 07:10:00+00:00,3115.699951171875,3124.199951171875,3115.0,3122.10009765625,40402
2025-09-01 07:15:00+00:00,3116.39990234375,3117.199951171875,3114.0,3115.0,11907
2025-09-01 07:20:00+00:00,3120.0,3122.39990234375,3115.300048828125,3116.39990234375,64155
2025-09-01 07:25:00+00:00,3118.699951171875,3121.800048828125,3116.10009765625,3120.5,29357
2025-09-01 07:30:00+00:00,3118.60009765625,3119.199951171875,3116.5,3118.10009765625,10101
2025-09-01 07:35:00+00:00,3120.60009765625,3122.300048828125,3117.10009765625,3118.60009765625,11750
2025-09-01 07:40:00+00:00,3117.300048828125,3120.39990234375,3116.10009765625,3120.39990234375,7019
2025-09-01 07:45:00+00:00,3115.800048828125,3118.5,3114.800048828125,3117.699951171875,8848
2025-09-01 07:50:00+00:00,3115.60009765625,3118.0,3114.89990234375,3115.89990234375,7348
2025-09-01 07:55:00+00:00,3120.10009765625,3121.0,3113.5,3115.60009765625,36545
2025-09-01 08:00:00+00:00,3118.699951171875,3120.300048828125,3117.10009765625,3120.10009765625,6310
2025-09-01 08:05:00+00:00,3117.699951171875,3119.89990234375,3117.699951171875,3118.300048828125,6436
2025-09-01 08:10:00+00:00,3117.5,3119.199951171875,3115.89990234375,3117.89990234375,11025
2025-09-01 08:15:00+00:00,3116.0,3117.699951171875,3115.199951171875,3117.699951171875,7192
2025-09-01 08:20:00+00:00,3115.60009765625,3117.10009765625,3113.800048828125,3116.0,15700
2025-09-01 08:25:00+00:00,3113.60009765625,3115.60009765625,3112.60009765625,3115.60009765625,5865
2025-09-01 08:30:00+00:00,3111.89990234375,3113.699951171875,3111.800048828125,3113.5,7373
2025-09-01 08:35:00+00:00,3112.0,3112.699951171875,3111.10009765625,3112.300048828125,10620
2025-09-01 08:40:00+00:00,3113.60009765625,3113.60009765625,3110.89990234375,3112.0,9339
2025-09-01 08:45:00+00:00,3113.39990234375,3114.39990234375,3112.39990234375,3113.5,10076
2025-09-01 08:50:00+00:00,3112.5,3113.89990234375,3111.10009765625,3113.5,9167
2025-09-01 08:55:00+00:00,3109.39990234375,3113.60009765625,3108.5,3112.5,17672
2025-09-01 09:00:00+00:00,3111.89990234375,3112.89990234375,3109.300048828125,3109.300048828125,6643
2025-09-01 09:05:00+00:00,3113.0,3114.5,3111.89990234375,3111.89990234375,12037
2025-09-01 09:10:00+00:00,3112.5,3114.39990234375,3111.0,3113.0,8916
2025-09-01 09:15:00+00:00,3114.199951171875,3114.5,3111.39990234375,3111.89990234375,9170
2025-09-01 09:20:00+00:00,3114.199951171875,3114.5,3113.10009765625,3114.199951171875,6661
2025-09-01 09:25:00+00:00,3116.10009765625,3117.300048828125,3113.800048828125,3114.0,11893
2025-09-01 09:30:00+00:00,3113.5,3117.0,3112.10009765625,3116.89990234375,14165
2025-09-01 09:35:00+00:00,3113.89990234375,3115.5,3113.0,3113.699951171875,17475
2025-09-01 09:40:00+00:00,3113.60009765625,3116.39990234375,3112.10009765625,3113.89990234375,38436
2025-09-01 09:45:00+00:00,3111.39990234375,3113.699951171875,3110.60009765625,3113.39990234375,37307
2025-09-01 09:50:00+00:00,3110.199951171875,3112.300048828125,3110.0,3112.300048828125,23079
2025-09-01 09:55:00+00:00,3112.60009765625,3114.0,3109.10009765625,3110.199951171875,32820
2025-09-02 03:45:00+00:00,3117.699951171875,3121.800048828125,3104.10009765625,3119.5,0
2025-09-02 03:50:00+00:00,3106.300048828125,3115.800048828125,3106.300048828125,3114.800048828125,37824
2025-09-02 03:55:00+00:00,3109.10009765625,3110.10009765625,3103.10009765625,3107.699951171875,38788
2025-09-02 04:00:00+00:00,3110.60009765625,3111.39990234375,3108.5,3108.5,10649
2025-09-02 04:05:00+00:00,3114.39990234375,3114.39990234375,3110.0,3110.199951171875,15244
2025-09-02 04:10:00+00:00,3115.89990234375,3116.699951171875,3112.5,3114.39990234375,11431
2025-09-02 04:15:00+00:00,3116.0,3116.39990234375,3113.89990234375,3115.89990234375,11047
2025-09-02 04:20:00+00:00,3120.10009765625,3122.800048828125,3116.0,3116.699951171875,28504
2025-09-02 04:25:00+00:00,3125.39990234375,3126.699951171875,3120.0,3120.89990234375,32507
2025-09-02 04:30:00+00:00,3127.89990234375,3128.0,3125.10009765625,3125.39990234375,9104
2025-09-02 04:35:00+00:00,3129.0,3130.5,3127.0,3127.39990234375,19383
2025-09-02 04:40:00+00:00,3131.699951171875,3132.800048828125,3128.0,3129.0,23088
2025-09-02 04:45:00+00:00,3130.699951171875,3131.699951171875,3129.10009765625,3131.60009765625,13800
2025-09-02 04:50:00+00:00,3130.699951171875,3133.699951171875,3128.800048828125,3130.0,15493
2025-09-02 04:55:00+00:00,3132.89990234375,3133.0,3130.699951171875,3130.699951171875,11249
2025-09-02 05:00:00+00:00,3130.0,3133.699951171875,3129.5,3132.5,18159
2025-09-02 05:05:00+00:00,3131.0,3131.0,3129.0,3130.10009765625,13693
2025-09-02 05:10:00+00:00,3134.199951171875,3134.5,3130.89990234375,3131.0,17474
2025-09-02 05:15:00+00:00,3133.5,3134.5,3132.10009765625,3134.199951171875,18700
2025-09-02 05:20:00+00:00,3132.39990234375,3133.5,3131.39990234375,3133.5,12874
2025-09-02 05:25:00+00:00,3133.0,3134.0,3132.699951171875,3133.5,8210
2025-09-02 05:30:00+00:00,3134.0,3134.89990234375,3132.89990234375,3133.0,16484
2025-09-02 05:35:00+00:00,3133.800048828125,3134.89990234375,3132.699951171875,3134.10009765625,20827
2025-09-02 05:40:00+00:00,3135.60009765625,3137.10009765625,3132.699951171875,3134.0,40354
2025-09-02 05:45:00+00:00,3139.89990234375,3139.89990234375,3134.300048828125,3136.300048828125,13781
2025-09-02 05:50:00+00:00,3139.60009765625,3141.0,3139.0,3139.89990234375,20115
2025-09-02 05:55:00+00:00,3140.699951171875,3141.5,3138.800048828125,3139.0,20869
2025-09-02 06:00:00+00:00,3143.60009765625,3144.0,3140.0,3140.800048828125,15031
2025-09-02 06:05:00+00:00,3142.699951171875,3144.10009765625,3141.5,3143.60009765625,11593
2025-09-02 06:10:00+00:00,3143.5,3144.300048828125,3142.5,3142.699951171875,16542
2025-09-02 06:15:00+00:00,3151.60009765625,3151.60009765625,3143.5,3143.5,32286
2025-09-02 06:20:00+00:00,3150.800048828125,3154.89990234375,3150.0,3151.39990234375,32928
2025-09-02 06:25:00+00:00,3150.0,3151.800048828125,3147.5,3150.800048828125,20866
2025-09-02 06:30:00+00:00,3152.300048828125,3153.60009765625,3148.199951171875,3150.0,25407
2025-09-02 06:35:00+00:00,3149.5,3152.800048828125,3148.0,3152.10009765625,32448
2025-09-02 06:40:00+00:00,3149.699951171875,3150.0,3148.0,3149.5,8552
2025-09-02 06:45:00+00:00,3151.60009765625,3151.89990234375,3148.5,3149.60009765625,16243
2025-09-02 06:50:00+00:00,3153.89990234375,3154.0,3150.199951171875,3151.60009765625,14536
2025-09-02 06:55:00+00:00,3153.300048828125,3154.0,3153.10009765625,3153.89990234375,11698
2025-09-02 07:00:00+00:00,3151.60009765625,3154.0,3150.10009765625,3153.300048828125,13216
2025-09-02 07:05:00+00:00,3151.699951171875,3153.0,3148.5,3151.5,33195
2025-09-02 07:10:00+00:00,3149.0,3152.10009765625,3148.39990234375,3152.10009765625,14376
2025-09-02 07:15:00+00:00,3148.199951171875,3150.0,3148.0,3149.0,33642
2025-09-02 07:20:00+00:00,3143.699951171875,3148.699951171875,3142.5,3148.199951171875,51477
2025-09-02 07:25:00+00:00,3143.0,3145.199951171875,3142.0,3144.60009765625,23490
2025-09-02 07:30:00+00:00,3138.5,3143.0,3137.0,3143.0,35751
2025-09-02 07:35:00+00:00,3135.39990234375,3138.300048828125,3134.0,3138.0,41922
2025-09-02 07:40:00+00:00,3134.39990234375,3136.0,3132.0,3135.39990234375,21871
2025-09-02 07:45:00+00:00,3131.300048828125,3135.0,3130.800048828125,3134.199951171875,16924
2025-09-02 07:50:00+00:00,3130.199951171875,3132.60009765625,3128.5,3131.300048828125,30411
2025-09-02 07:55:00+00:00,3131.0,3132.0,3128.10009765625,3130.199951171875,24816
2025-09-02 08:00:00+00:00,3131.5,3132.89990234375,3129.60009765625,3131.0,19524
2025-09-02 08:05:00+00:00,3132.5,3133.10009765625,3127.699951171875,3131.39990234375,39295
2025-09-02 08:10:00+00:00,3125.10009765625,3132.199951171875,3123.199951171875,3131.89990234375,28986
2025-09-02 08:15:00+00:00,3126.800048828125,3127.5,3123.199951171875,3125.10009765625,29434
2025-09-02 08:20:00+00:00,3123.5,3129.300048828125,3123.5,3127.10009765625,23297
2025-09-02 08:25:00+00:00,3117.199951171875,3123.800048828125,3117.199951171875,3123.5,35072
2025-09-02 08:30:00+00:00,3113.39990234375,3119.800048828125,3113.10009765625,3117.300048828125,55062
2025-09-02 08:35:00+00:00,3116.199951171875,3116.60009765625,3111.300048828125,3113.60009765625,45334
2025-09-02 08:40:00+00:00,3110.699951171875,3117.39990234375,3109.699951171875,3115.10009765625,42524
2025-09-02 08:45:00+00:00,3110.89990234375,3112.0,3109.300048828125,3110.5,24218
2025-09-02 08:50:00+00:00,3108.39990234375,3114.800048828125,3108.300048828125,3110.800048828125,42267
2025-09-02 08:55:00+00:00,3108.199951171875,3109.699951171875,3105.0,3108.39990234375,45577
2025-09-02 09:00:00+00:00,3113.0,3113.0,3107.199951171875,3108.199951171875,39305
2025-09-02 09:05:00+00:00,3117.5,3120.0,3112.89990234375,3113.0,47366
2025-09-02 09:10:00+00:00,3116.39990234375,3119.5,3115.39990234375,3117.5,34334
2025-09-02 09:15:00+00:00,3117.300048828125,3119.800048828125,3115.0,3116.39990234375,30871
2025-09-02 09:20:00+00:00,3114.5,3118.800048828125,3111.10009765625,3117.300048828125,32281
2025-09-02 09:25:00+00:00,3118.10009765625,3120.0,3114.699951171875,3115.0,24477
2025-09-02 09:30:00+00:00,3110.699951171875,3119.39990234375,3110.60009765625,3118.10009765625,48298
2025-09-02 09:35:00+00:00,3114.199951171875,3115.89990234375,3111.0,3111.89990234375,43142
2025-09-02 09:40:00+00:00,3111.60009765625,3115.0,3110.199951171875,3113.199951171875,64977
2025-09-02 09:45:00+00:00,3113.199951171875,3113.89990234375,3110.0,3111.60009765625,66483
2025-09-02 09:50:00+00:00,3110.60009765625,3113.199951171875,3109.0,3113.199951171875,70253
2025-09-02 09:55:00+00:00,3111.5,3112.89990234375,3105.699951171875,3110.5,101130
2025-09-03 03:45:00+00:00,3121.5,3141.0,3120.39990234375,3130.0,0
2025-09-03 03:50:00+00:00,3124.39990234375,3125.0,3118.5,3120.300048828125,35777
2025-09-03 03:55:00+00:00,3129.89990234375,3130.0,3124.300048828125,3124.5,33771
2025-09-03 04:00:00+00:00,3122.0,3129.89990234375,3120.60009765625,3129.89990234375,23492
2025-09-03 04:05:00+00:00,3121.199951171875,3126.199951171875,3120.699951171875,3122.0,15132
2025-09-03 04:10:00+00:00,3116.60009765625,3119.10009765625,3115.60009765625,3119.0,23774
2025-09-03 04:15:00+00:00,3117.800048828125,3117.800048828125,3115.0,3116.60009765625,15183
2025-09-03 04:20:00+00:00,3118.60009765625,3119.699951171875,3116.800048828125,3116.800048828125,7783
2025-09-03 04:25:00+00:00,3117.699951171875,3119.10009765625,3116.199951171875,3117.89990234375,12187
2025-09-03 04:30:00+00:00,3114.89990234375,3118.199951171875,3113.0,3117.60009765625,19674
2025-09-03 04:35:00+00:00,3115.300048828125,3115.60009765625,3111.5,3114.699951171875,28156
2025-09-03 04:40:00+00:00,3110.0,3116.199951171875,3109.199951171875,3115.300048828125,30244
2025-09-03 04:45:00+00:00,3109.0,3111.10009765625,3107.5,3109.5,17749
2025-09-03 04:50:00+00:00,3106.199951171875,3109.0,3105.5,3109.0,15428
2025-09-03 04:55:00+00:00,3105.39990234375,3108.0,3105.199951171875,3106.199951171875,18800
2025-09-03 05:00:00+00:00,3103.10009765625,3106.0,3102.800048828125,3105.60009765625,26881
2025-09-03 05:05:00+00:00,3098.5,3103.89990234375,3098.199951171875,3103.89990234375,35147
2025-09-03 05:10:00+00:00,3097.39990234375,3099.699951171875,3094.0,3098.5,34244
2025-09-03 05:15:00+00:00,3097.39990234375,3098.10009765625,3094.0,3097.300048828125,17970
2025-09-03 05:20:00+00:00,3096.10009765625,3097.5,3096.0,3097.39990234375,9188
2025-09-03 05:25:00+00:00,3095.39990234375,3096.300048828125,3094.699951171875,3096.10009765625,10497
2025-09-03 05:30:00+00:00,3090.60009765625,3095.60009765625,3090.5,3095.0,21744
2025-09-03 05:35:00+00:00,3093.0,3094.199951171875,3088.0,3090.5,30273
2025-09-03 05:40:00+00:00,3091.199951171875,3094.60009765625,3090.300048828125,3093.0,15497
2025-09-03 05:45:00+00:00,3094.300048828125,3094.300048828125,3091.5,3092.0,12559
2025-09-03 05:50:00+00:00,3092.89990234375,3096.0,3092.89990234375,3094.5,21023
2025-09-03 05:55:00+00:00,3090.10009765625,3092.89990234375,3088.5,3092.89990234375,27738
2025-09-03 06:00:00+00:00,3089.0,3090.10009765625,3088.0,3089.89990234375,11141
2025-09-03 06:05:00+00:00,3090.0,3091.0,3088.39990234375,3088.699951171875,13340
2025-09-03 06:10:00+00:00,3089.89990234375,3090.10009765625,3088.199951171875,3090.0,10486
2025-09-03 06:15:00+00:00,3088.699951171875,3089.89990234375,3088.0,3089.89990234375,10293
2025-09-03 06:20:00+00:00,3091.39990234375,3091.800048828125,3088.0,3088.699951171875,15094
2025-09-03 06:25:00+00:00,3096.699951171875,3096.800048828125,3090.699951171875,3090.699951171875,22125
2025-09-03 06:30:00+00:00,3094.800048828125,3097.5,3094.0,3096.89990234375,13813
2025-09-03 06:35:00+00:00,3095.89990234375,3096.0,3094.5,3095.39990234375,11651
2025-09-03 06:40:00+00:00,3098.0,3099.0,3095.89990234375,3095.89990234375,22798
2025-09-03 06:45:00+00:00,3097.0,3099.0,3097.0,3098.10009765625,10429
2025-09-03 06:50:00+00:00,3097.60009765625,3098.800048828125,3096.10009765625,3097.0,16433
2025-09-03 06:55:00+00:00,3098.10009765625,3099.199951171875,3096.0,3096.10009765625,40428
2025-09-03 07:00:00+00:00,3099.0,3100.39990234375,3097.89990234375,3098.800048828125,17213
2025-09-03 07:05:00+00:00,3099.0,3099.300048828125,3097.699951171875,3099.300048828125,16446
2025-09-03 07:10:00+00:00,3097.0,3099.10009765625,3095.199951171875,3099.10009765625,22605
2025-09-03 07:15:00+00:00,3096.60009765625,3098.800048828125,3095.199951171875,3097.0,17055
2025-09-03 07:20:00+00:00,3094.39990234375,3096.699951171875,3093.300048828125,3096.699951171875,10075
2025-09-03 07:25:00+00:00,3094.199951171875,3094.89990234375,3091.199951171875,3094.39990234375,14777
2025-09-03 07:30:00+00:00,3094.199951171875,3094.89990234375,3093.0,3094.199951171875,12031
2025-09-03 07:35:00+00:00,3095.199951171875,3095.699951171875,3093.699951171875,3094.199951171875,10531
2025-09-03 07:40:00+00:00,3095.199951171875,3097.0,3095.0,3095.199951171875,9508
2025-09-03 07:45:00+00:00,3095.60009765625,3096.199951171875,3094.800048828125,3096.0,11289
2025-09-03 07:50:00+00:00,3095.89990234375,3096.5,3095.0,3095.300048828125,11943
2025-09-03 07:55:00+00:00,3095.10009765625,3096.0,3095.0,3095.0,12146
2025-09-03 08:00:00+00:00,3094.60009765625,3095.300048828125,3094.0,3095.300048828125,8632
2025-09-03 08:05:00+00:00,3094.199951171875,3094.699951171875,3093.39990234375,3094.10009765625,10230
2025-09-03 08:10:00+00:00,3098.0,3099.0,3094.199951171875,3094.199951171875,13694
2025-09-03 08:15:00+00:00,3096.10009765625,3097.800048828125,3095.89990234375,3097.800048828125,7926
2025-09-03 08:20:00+00:00,3095.199951171875,3097.39990234375,3093.60009765625,3096.800048828125,11866
2025-09-03 08:25:00+00:00,3095.5,3096.39990234375,3094.10009765625,3096.0,9624
2025-09-03 08:30:00+00:00,3093.39990234375,3096.0,3093.0,3095.5,14756
2025-09-03 08:35:00+00:00,3095.10009765625,3096.10009765625,3093.10009765625,3094.5,13135
2025-09-03 08:40:00+00:00,3095.5,3096.699951171875,3094.199951171875,3095.10009765625,10356
2025-09-03 08:45:00+00:00,3096.5,3096.699951171875,3094.800048828125,3095.5,9028
2025-09-03 08:50:00+00:00,3095.10009765625,3096.89990234375,3094.60009765625,3095.60009765625,8615
2025-09-03 08:55:00+00:00,3095.300048828125,3096.0,3094.39990234375,3095.5,12181
2025-09-03 09:00:00+00:00,3094.199951171875,3096.10009765625,3094.0,3095.300048828125,12328
2025-09-03 09:05:00+00:00,3093.60009765625,3095.0,3093.0,3094.5,45824
2025-09-03 09:10:00+00:00,3095.10009765625,3095.5,3090.300048828125,3093.699951171875,37614
2025-09-03 09:15:00+00:00,3094.89990234375,3095.39990234375,3094.10009765625,3095.10009765625,21652
2025-09-03 09:20:00+00:00,3094.89990234375,3095.699951171875,3094.0,3094.89990234375,20324
2025-09-03 09:25:00+00:00,3094.699951171875,3095.0,3093.89990234375,3094.800048828125,19886
2025-09-03 09:30:00+00:00,3095.699951171875,3095.800048828125,3093.300048828125,3094.60009765625,85228
2025-09-03 09:35:00+00:00,3096.60009765625,3097.0,3095.0,3096.0,49569
2025-09-03 09:40:00+00:00,3098.60009765625,3099.39990234375,3097.0,3097.800048828125,77780
2025-09-03 09:45:00+00:00,3101.39990234375,3102.0,3097.60009765625,3098.10009765625,90364
2025-09-03 09:50:00+00:00,3098.800048828125,3102.0,3098.60009765625,3101.5,52715
2025-09-03 09:55:00+00:00,3100.0,3100.300048828125,3096.0,3098.800048828125,61539
2025-09-04 03:45:00+00:00,3113.10009765625,3116.0,3101.199951171875,3115.10009765625,0
2025-09-04 03:50:00+00:00,3106.0,3113.39990234375,3106.0,3112.10009765625,43729
2025-09-04 03:55:00+00:00,3106.0,3108.0,3102.0,3106.10009765625,19560
2025-09-04 04:00:00+00:00,3111.0,3111.0,3106.0,3106.0,17550
2025-09-04 04:05:00+00:00,3111.699951171875,3114.300048828125,3110.199951171875,3111.0,13645
2025-09-04 04:10:00+00:00,3110.0,3113.0,3109.5,3111.199951171875,13086
2025-09-04 04:15:00+00:00,3112.0,3112.0,3105.199951171875,3108.39990234375,15397
2025-09-04 04:20:00+00:00,3112.0,3113.699951171875,3109.800048828125,3112.0,15603
2025-09-04 04:25:00+00:00,3112.10009765625,3112.60009765625,3108.699951171875,3112.60009765625,12937
2025-09-04 04:30:00+00:00,3112.0,3112.699951171875,3110.0,3111.89990234375,9926
2025-09-04 04:35:00+00:00,3109.5,3112.5,3109.10009765625,3112.199951171875,8154
2025-09-04 04:40:00+00:00,3110.300048828125,3112.300048828125,3109.0,3109.0,21020
2025-09-04 04:45:00+00:00,3111.800048828125,3111.800048828125,3108.89990234375,3110.300048828125,11112
2025-09-04 04:50:00+00:00,3113.300048828125,3113.300048828125,3111.199951171875,3111.800048828125,10587
2025-09-04 04:55:00+00:00,3112.5,3113.300048828125,3112.300048828125,3113.300048828125,7399
2025-09-04 05:00:00+00:00,3113.699951171875,3113.699951171875,3111.0,3112.5,8692
2025-09-04 05:05:00+00:00,3113.0,3113.89990234375,3111.800048828125,3113.699951171875,9732
2025-09-04 05:10:00+00:00,3103.39990234375,3113.5,3103.39990234375,3112.89990234375,26484
2025-09-04 05:15:00+00:00,3102.0,3105.300048828125,3100.0,3103.10009765625,27765
2025-09-04 05:20:00+00:00,3100.300048828125,3103.5,3100.0,3102.39990234375,9857
2025-09-04 05:25:00+00:00,3100.39990234375,3101.300048828125,3098.5,3099.0,12327
2025-09-04 05:30:00+00:00,3099.5,3103.0,3099.0,3100.39990234375,13805
2025-09-04 05:35:00+00:00,3099.800048828125,3100.89990234375,3099.0,3099.5,7388
2025-09-04 05:40:00+00:00,3099.199951171875,3100.0,3098.699951171875,3099.800048828125,5905
2025-09-04 05:45:00+00:00,3099.0,3099.89990234375,3098.800048828125,3099.300048828125,4974
2025-09-04 05:50:00+00:00,3097.0,3099.10009765625,3095.800048828125,3098.89990234375,12811
2025-09-04 05:55:00+00:00,3098.10009765625,3098.300048828125,3096.10009765625,3096.10009765625,3602
2025-09-04 06:00:00+00:00,3101.10009765625,3101.199951171875,3097.60009765625,3098.300048828125,8893
2025-09-04 06:05:00+00:00,3100.0,3100.800048828125,3099.60009765625,3100.800048828125,5331
2025-09-04 06:10:00+00:00,3103.0,3103.0,3100.0,3100.800048828125,9772
2025-09-04 06:15:00+00:00,3104.699951171875,3105.699951171875,3102.0,3103.0,18139
2025-09-04 06:20:00+00:00,3106.0,3106.89990234375,3104.60009765625,3105.0,9203
2025-09-04 06:25:00+00:00,3104.5,3106.5,3103.89990234375,3106.0,7848
2025-09-04 06:30:00+00:00,3103.60009765625,3104.60009765625,3103.300048828125,3104.5,6668
2025-09-04 06:35:00+00:00,3105.0,3107.60009765625,3103.699951171875,3103.699951171875,11427
2025-09-04 06:40:00+00:00,3104.300048828125,3105.10009765625,3102.89990234375,3105.10009765625,7841
2025-09-04 06:45:00+00:00,3101.800048828125,3105.0,3101.10009765625,3104.60009765625,7399
2025-09-04 06:50:00+00:00,3100.10009765625,3102.5,3100.0,3101.60009765625,7300
2025-09-04 06:55:00+00:00,3098.300048828125,3100.800048828125,3098.0,3100.39990234375,10863
2025-09-04 07:00:00+00:00,3098.0,3098.300048828125,3096.10009765625,3097.10009765625,8280
2025-09-04 07:05:00+00:00,3101.300048828125,3101.300048828125,3096.89990234375,3097.300048828125,6293
2025-09-04 07:10:00+00:00,3099.800048828125,3101.300048828125,3098.10009765625,3101.300048828125,7650
2025-09-04 07:15:00+00:00,3101.60009765625,3101.699951171875,3099.199951171875,3099.89990234375,8647
2025-09-04 07:20:00+00:00,3102.0,3102.0,3099.199951171875,3101.199951171875,8487
2025-09-04 07:25:00+00:00,3101.10009765625,3104.5,3100.10009765625,3101.5,7591
2025-09-04 07:30:00+00:00,3103.300048828125,3103.300048828125,3101.0,3102.0,5152
2025-09-04 07:35:00+00:00,3102.89990234375,3105.0,3102.89990234375,3103.199951171875,12277
2025-09-04 07:40:00+00:00,3105.199951171875,3105.89990234375,3101.0,3103.0,14600
2025-09-04 07:45:00+00:00,3106.699951171875,3107.60009765625,3104.5,3105.199951171875,11400
2025-09-04 07:50:00+00:00,3106.89990234375,3107.60009765625,3105.10009765625,3106.699951171875,10378
2025-09-04 07:55:00+00:00,3106.60009765625,3107.0,3106.300048828125,3106.89990234375,9485
2025-09-04 08:00:00+00:00,3105.300048828125,3106.800048828125,3104.199951171875,3106.60009765625,13158
2025-09-04 08:05:00+00:00,3105.89990234375,3106.39990234375,3104.699951171875,3105.300048828125,10241
2025-09-04 08:10:00+00:00,3104.5,3105.89990234375,3101.60009765625,3105.89990234375,35320
2025-09-04 08:15:00+00:00,3101.5,3104.39990234375,3100.0,3103.300048828125,20289
2025-09-04 08:20:00+00:00,3100.60009765625,3103.300048828125,3098.5,3101.5,29162
2025-09-04 08:25:00+00:00,3098.5,3100.89990234375,3098.0,3100.300048828125,19983
2025-09-04 08:30:00+00:00,3098.5,3098.699951171875,3098.0,3098.5,9226
2025-09-04 08:35:00+00:00,3097.300048828125,3098.5,3096.60009765625,3098.39990234375,9918
2025-09-04 08:40:00+00:00,3098.10009765625,3099.39990234375,3096.800048828125,3096.89990234375,13414
2025-09-04 08:45:00+00:00,3099.5,3099.800048828125,3097.0,3098.10009765625,11133
2025-09-04 08:50:00+00:00,3093.60009765625,3100.0,3093.10009765625,3099.5,32634
2025-09-04 08:55:00+00:00,3095.60009765625,3096.199951171875,3092.39990234375,3093.699951171875,16356
2025-09-04 09:00:00+00:00,3100.10009765625,3100.300048828125,3094.699951171875,3095.60009765625,38329
2025-09-04 09:05:00+00:00,3096.800048828125,3099.699951171875,3096.0,3099.699951171875,11853
2025-09-04 09:10:00+00:00,3099.5,3100.300048828125,3096.699951171875,3096.699951171875,23690
2025-09-04 09:15:00+00:00,3099.199951171875,3099.800048828125,3098.0,3099.800048828125,7753
2025-09-04 09:20:00+00:00,3093.199951171875,3100.89990234375,3093.199951171875,3099.10009765625,27579
2025-09-04 09:25:00+00:00,3094.699951171875,3097.60009765625,3093.199951171875,3093.199951171875,16249
2025-09-04 09:30:00+00:00,3096.699951171875,3099.0,3095.0,3095.39990234375,46977
2025-09-04 09:35:00+00:00,3097.199951171875,3099.0,3093.10009765625,3096.699951171875,72259
2025-09-04 09:40:00+00:00,3095.199951171875,3099.5,3092.0,3097.699951171875,107339
2025-09-04 09:45:00+00:00,3095.39990234375,3100.0,3091.60009765625,3094.89990234375,112487
2025-09-04 09:50:00+00:00,3095.199951171875,3099.10009765625,3094.699951171875,3095.39990234375,77900
2025-09-04 09:55:00+00:00,3095.699951171875,3098.39990234375,3094.5,3095.0,43993
2025-09-05 03:45:00+00:00,3097.0,3101.39990234375,3093.0,3098.10009765625,0
2025-09-05 03:50:00+00:00,3090.199951171875,3099.60009765625,3090.10009765625,3097.0,22738
2025-09-05 03:55:00+00:00,3092.300048828125,3093.39990234375,3090.199951171875,3090.199951171875,18755
2025-09-05 04:00:00+00:00,3098.0,3098.0,3092.39990234375,3092.699951171875,13847
2025-09-05 04:05:00+00:00,3097.699951171875,3099.0,3096.60009765625,3098.199951171875,39861
2025-09-05 04:10:00+00:00,3098.0,3099.300048828125,3094.60009765625,3097.699951171875,32642
2025-09-05 04:15:00+00:00,3099.0,3099.0,3096.89990234375,3098.699951171875,11366
2025-09-05 04:20:00+00:00,3099.89990234375,3100.800048828125,3098.699951171875,3098.89990234375,13978
2025-09-05 04:25:00+00:00,3096.60009765625,3099.89990234375,3095.199951171875,3099.89990234375,15219
2025-09-05 04:30:00+00:00,3094.0,3097.199951171875,3093.39990234375,3096.39990234375,6366
2025-09-05 04:35:00+00:00,3082.800048828125,3094.0,3074.800048828125,3094.0,108378
2025-09-05 04:40:00+00:00,3049.699951171875,3083.199951171875,3047.89990234375,3081.89990234375,209292
2025-09-05 04:45:00+00:00,3035.39990234375,3049.39990234375,3029.39990234375,3049.39990234375,163058
2025-09-05 04:50:00+00:00,3044.800048828125,3045.699951171875,3030.0,3036.0,95260
2025-09-05 04:55:00+00:00,3057.199951171875,3064.199951171875,3037.0,3044.699951171875,95226
2025-09-05 05:00:00+00:00,3046.60009765625,3061.5,3043.60009765625,3058.300048828125,102609
2025-09-05 05:05:00+00:00,3056.199951171875,3059.800048828125,3043.10009765625,3046.60009765625,35843
2025-09-05 05:10:00+00:00,3053.5,3058.0,3047.0,3055.199951171875,56630
2025-09-05 05:15:00+00:00,3055.0,3061.699951171875,3051.800048828125,3053.5,35034
2025-09-05 05:20:00+00:00,3050.10009765625,3058.60009765625,3050.10009765625,3055.0,25869
2025-09-05 05:25:00+00:00,3049.699951171875,3052.89990234375,3047.0,3050.10009765625,35326
2025-09-05 05:30:00+00:00,3055.10009765625,3059.300048828125,3047.10009765625,3049.10009765625,25317
2025-09-05 05:35:00+00:00,3045.10009765625,3056.0,3044.0,3055.199951171875,33216
2025-09-05 05:40:00+00:00,3041.300048828125,3045.800048828125,3041.300048828125,3045.800048828125,32213
2025-09-05 05:45:00+00:00,3040.60009765625,3043.5,3039.10009765625,3041.699951171875,35270
2025-09-05 05:50:00+00:00,3040.60009765625,3043.89990234375,3040.10009765625,3040.89990234375,29640
2025-09-05 05:55:00+00:00,3038.60009765625,3040.5,3036.199951171875,3040.5,40392
2025-09-05 06:00:00+00:00,3037.10009765625,3041.199951171875,3036.89990234375,3038.699951171875,19846
2025-09-05 06:05:00+00:00,3034.0,3039.89990234375,3034.0,3037.10009765625,35674
2025-09-05 06:10:00+00:00,3033.199951171875,3035.699951171875,3031.800048828125,3034.0,32300
2025-09-05 06:15:00+00:00,3032.199951171875,3033.800048828125,3031.0,3033.39990234375,19828
2025-09-05 06:20:00+00:00,3034.800048828125,3036.699951171875,3032.10009765625,3032.300048828125,16299
2025-09-05 06:25:00+00:00,3035.60009765625,3035.60009765625,3033.0,3034.699951171875,20046
2025-09-05 06:30:00+00:00,3033.5,3035.0,3032.0,3035.0,13818
2025-09-05 06:35:00+00:00,3040.10009765625,3041.39990234375,3033.5,3033.5,31701
2025-09-05 06:40:00+00:00,3036.89990234375,3040.39990234375,3036.699951171875,3040.10009765625,25944
2025-09-05 06:45:00+00:00,3039.5,3040.89990234375,3036.5,3036.89990234375,18823
2025-09-05 06:50:00+00:00,3041.10009765625,3042.699951171875,3039.199951171875,3039.5,28782
2025-09-05 06:55:00+00:00,3040.300048828125,3041.800048828125,3039.199951171875,3041.10009765625,13617
2025-09-05 07:00:00+00:00,3037.199951171875,3040.60009765625,3036.300048828125,3040.199951171875,18220
2025-09-05 07:05:00+00:00,3036.0,3037.39990234375,3035.10009765625,3037.10009765625,18838
2025-09-05 07:10:00+00:00,3037.199951171875,3037.89990234375,3035.699951171875,3036.10009765625,19342
2025-09-05 07:15:00+00:00,3035.60009765625,3037.800048828125,3035.0,3037.800048828125,44998
2025-09-05 07:20:00+00:00,3034.800048828125,3036.699951171875,3034.300048828125,3035.699951171875,19945
2025-09-05 07:25:00+00:00,3037.300048828125,3038.699951171875,3034.5,3034.800048828125,23538
2025-09-05 07:30:00+00:00,3039.39990234375,3040.0,3037.10009765625,3037.300048828125,27851
2025-09-05 07:35:00+00:00,3039.89990234375,3040.0,3038.800048828125,3039.39990234375,25441
2025-09-05 07:40:00+00:00,3039.199951171875,3040.0,3039.0,3039.89990234375,63979
2025-09-05 07:45:00+00:00,3042.199951171875,3044.0,3039.0,3039.199951171875,60033
2025-09-05 07:50:00+00:00,3041.0,3042.10009765625,3039.60009765625,3042.10009765625,14910
2025-09-05 07:55:00+00:00,3044.39990234375,3045.0,3040.60009765625,3041.0,24244
2025-09-05 08:00:00+00:00,3045.300048828125,3045.39990234375,3043.10009765625,3044.800048828125,14409
2025-09-05 08:05:00+00:00,3047.0,3047.0,3043.10009765625,3045.300048828125,20774
2025-09-05 08:10:00+00:00,3047.800048828125,3048.10009765625,3046.60009765625,3047.0,18822
2025-09-05 08:15:00+00:00,3050.0,3052.699951171875,3048.300048828125,3048.60009765625,24395
2025-09-05 08:20:00+00:00,3048.800048828125,3050.10009765625,3046.5,3050.10009765625,18958
2025-09-05 08:25:00+00:00,3051.5,3052.199951171875,3049.0,3049.10009765625,19372
2025-09-05 08:30:00+00:00,3051.0,3054.199951171875,3050.39990234375,3051.699951171875,17766
2025-09-05 08:35:00+00:00,3050.10009765625,3051.0,3049.0,3051.0,17054
2025-09-05 08:40:00+00:00,3047.89990234375,3051.0,3047.10009765625,3049.699951171875,28763
2025-09-05 08:45:00+00:00,3049.199951171875,3052.5,3047.699951171875,3047.699951171875,32507
2025-09-05 08:50:00+00:00,3049.800048828125,3050.800048828125,3049.0,3049.199951171875,13639
2025-09-05 08:55:00+00:00,3050.0,3050.300048828125,3049.199951171875,3049.699951171875,14063
2025-09-05 09:00:00+00:00,3050.199951171875,3050.300048828125,3049.39990234375,3050.10009765625,20660
2025-09-05 09:05:00+00:00,3046.800048828125,3050.10009765625,3046.5,3050.10009765625,42231
2025-09-05 09:10:00+00:00,3048.800048828125,3050.800048828125,3046.10009765625,3046.800048828125,28908
2025-09-05 09:15:00+00:00,3050.0,3050.0,3048.0,3048.800048828125,17528
2025-09-05 09:20:00+00:00,3049.300048828125,3050.89990234375,3049.0,3049.89990234375,28233
2025-09-05 09:25:00+00:00,3049.39990234375,3050.39990234375,3048.39990234375,3049.300048828125,25317
2025-09-05 09:30:00+00:00,3050.199951171875,3050.300048828125,3049.10009765625,3049.199951171875,41889
2025-09-05 09:35:00+00:00,3050.699951171875,3052.199951171875,3049.39990234375,3050.5,38545
2025-09-05 09:40:00+00:00,3047.699951171875,3051.0,3047.0,3050.699951171875,46297
2025-09-05 09:45:00+00:00,3047.0,3049.89990234375,3046.5,3047.699951171875,64209
2025-09-05 09:50:00+00:00,3047.89990234375,3048.5,3046.699951171875,3047.39990234375,103251
2025-09-05 09:55:00+00:00,3049.10009765625,3049.60009765625,3045.199951171875,3048.0,51969
2025-09-08 03:45:00+00:00,3047.199951171875,3064.89990234375,3046.0,3053.10009765625,0
2025-09-08 03:50:00+00:00,3047.89990234375,3051.300048828125,3044.0,3046.0,59219
2025-09-08 03:55:00+00:00,3051.0,3055.199951171875,3047.89990234375,3048.199951171875,30913
2025-09-08 04:00:00+00:00,3051.300048828125,3053.0,3048.60009765625,3051.0,21216
2025-09-08 04:05:00+00:00,3049.699951171875,3053.0,3049.0,3051.300048828125,14527
2025-09-08 04:10:00+00:00,3048.5,3051.300048828125,3045.60009765625,3049.699951171875,14834
2025-09-08 04:15:00+00:00,3050.60009765625,3051.60009765625,3049.300048828125,3049.300048828125,9873
2025-09-08 04:20:00+00:00,3047.199951171875,3050.800048828125,3046.800048828125,3050.5,9926
2025-09-08 04:25:00+00:00,3038.800048828125,3047.699951171875,3037.300048828125,3047.199951171875,36044
2025-09-08 04:30:00+00:00,3038.10009765625,3041.699951171875,3038.10009765625,3038.800048828125,15220
2025-09-08 04:35:00+00:00,3025.800048828125,3041.699951171875,3025.0,3039.39990234375,1095571
2025-09-08 04:40:00+00:00,3028.0,3033.0,3026.0,3026.199951171875,39428
2025-09-08 04:45:00+00:00,3026.300048828125,3028.89990234375,3023.60009765625,3027.699951171875,58640
2025-09-08 04:50:00+00:00,3023.699951171875,3027.5,3022.199951171875,3026.0,24203
2025-09-08 04:55:00+00:00,3027.0,3028.89990234375,3023.0,3023.699951171875,26584
2025-09-08 05:00:00+00:00,3025.10009765625,3028.39990234375,3023.10009765625,3027.0,22113
2025-09-08 05:05:00+00:00,3026.89990234375,3027.800048828125,3022.699951171875,3024.800048828125,19654
2025-09-08 05:10:00+00:00,3028.0,3030.0,3027.0,3027.0,13804
2025-09-08 05:15:00+00:00,3026.800048828125,3030.800048828125,3025.60009765625,3028.0,19357
2025-09-08 05:20:00+00:00,3022.10009765625,3027.0,3022.10009765625,3026.800048828125,23688
2025-09-08 05:25:00+00:00,3023.699951171875,3024.199951171875,3021.5,3022.60009765625,20712
2025-09-08 05:30:00+00:00,3019.39990234375,3023.89990234375,3019.39990234375,3023.89990234375,112799
2025-09-08 05:35:00+00:00,3020.0,3020.300048828125,3018.300048828125,3019.699951171875,28943
2025-09-08 05:40:00+00:00,3020.5,3022.5,3019.5,3020.0,20469
2025-09-08 05:45:00+00:00,3023.10009765625,3023.10009765625,3020.10009765625,3021.800048828125,11610
2025-09-08 05:50:00+00:00,3022.0,3025.0,3021.699951171875,3023.300048828125,13969
2025-09-08 05:55:00+00:00,3023.300048828125,3023.300048828125,3020.5,3021.699951171875,9431
2025-09-08 06:00:00+00:00,3023.199951171875,3024.0,3020.5,3023.5,11624
2025-09-08 06:05:00+00:00,3021.699951171875,3023.60009765625,3020.10009765625,3023.60009765625,11668
2025-09-08 06:10:00+00:00,3023.5,3023.60009765625,3021.0,3021.699951171875,7853
2025-09-08 06:15:00+00:00,3023.199951171875,3023.60009765625,3022.60009765625,3023.5,9162
2025-09-08 06:20:00+00:00,3022.0,3023.699951171875,3021.800048828125,3023.300048828125,20616
2025-09-08 06:25:00+00:00,3023.199951171875,3023.300048828125,3021.0,3021.10009765625,5234
2025-09-08 06:30:00+00:00,3024.89990234375,3024.89990234375,3022.0,3023.199951171875,7431
2025-09-08 06:35:00+00:00,3026.39990234375,3026.89990234375,3024.89990234375,3024.89990234375,13093
2025-09-08 06:40:00+00:00,3026.89990234375,3027.0,3026.199951171875,3026.39990234375,5983
2025-09-08 06:45:00+00:00,3027.0,3028.0,3026.0,3026.89990234375,9315
2025-09-08 06:50:00+00:00,3027.0,3027.0,3025.199951171875,3026.89990234375,5416
2025-09-08 06:55:00+00:00,3024.199951171875,3027.39990234375,3023.5,3027.0,8458
2025-09-08 07:00:00+00:00,3023.89990234375,3024.39990234375,3023.0,3023.5,5882
2025-09-08 07:05:00+00:00,3028.800048828125,3029.0,3023.89990234375,3023.89990234375,10797
2025-09-08 07:10:00+00:00,3028.5,3029.60009765625,3026.800048828125,3029.0,8642
2025-09-08 07:15:00+00:00,3026.699951171875,3028.800048828125,3026.699951171875,3028.39990234375,4322
2025-09-08 07:20:00+00:00,3027.0,3027.39990234375,3025.5,3026.89990234375,7727
2025-09-08 07:25:00+00:00,3028.0,3029.10009765625,3027.39990234375,3028.300048828125,6515
2025-09-08 07:30:00+00:00,3026.0,3028.0,3025.5,3028.0,5804
2025-09-08 07:35:00+00:00,3027.89990234375,3027.89990234375,3025.89990234375,3026.199951171875,7216
2025-09-08 07:40:00+00:00,3027.0,3027.89990234375,3026.0,3027.89990234375,3867
2025-09-08 07:45:00+00:00,3025.5,3027.300048828125,3024.199951171875,3026.89990234375,10335
2025-09-08 07:50:00+00:00,3025.800048828125,3025.800048828125,3024.0,3025.5,6667
2025-09-08 07:55:00+00:00,3025.89990234375,3026.0,3024.199951171875,3025.60009765625,4188
2025-09-08 08:00:00+00:00,3026.39990234375,3027.89990234375,3025.800048828125,3025.89990234375,8420
2025-09-08 08:05:00+00:00,3025.39990234375,3027.39990234375,3025.39990234375,3026.60009765625,6112
2025-09-08 08:10:00+00:00,3024.800048828125,3026.800048828125,3023.5,3026.800048828125,7115
2025-09-08 08:15:00+00:00,3022.89990234375,3024.89990234375,3022.0,3024.800048828125,9120
2025-09-08 08:20:00+00:00,3022.0,3023.60009765625,3022.0,3022.89990234375,6452
2025-09-08 08:25:00+00:00,3023.800048828125,3024.300048828125,3022.0,3022.199951171875,7415
2025-09-08 08:30:00+00:00,3022.5,3024.0,3022.10009765625,3023.89990234375,5899
2025-09-08 08:35:00+00:00,3025.0,3025.0,3022.0,3022.5,8179
2025-09-08 08:40:00+00:00,3025.300048828125,3025.699951171875,3023.39990234375,3025.0,8649
2025-09-08 08:45:00+00:00,3025.60009765625,3025.89990234375,3024.699951171875,3025.800048828125,9142
2025-09-08 08:50:00+00:00,3024.0,3025.89990234375,3024.0,3025.800048828125,8190
2025-09-08 08:55:00+00:00,3024.39990234375,3025.0,3023.60009765625,3024.0,7428
2025-09-08 09:00:00+00:00,3029.5,3029.89990234375,3024.39990234375,3024.39990234375,35438
2025-09-08 09:05:00+00:00,3025.300048828125,3029.60009765625,3024.5,3029.0,12656
2025-09-08 09:10:00+00:00,3025.89990234375,3026.0,3024.199951171875,3025.0,7002
2025-09-08 09:15:00+00:00,3019.60009765625,3026.0,3019.10009765625,3025.10009765625,58898
2025-09-08 09:20:00+00:00,3021.60009765625,3023.60009765625,3019.800048828125,3020.10009765625,14446
2025-09-08 09:25:00+00:00,3022.0,3023.39990234375,3019.699951171875,3022.60009765625,30169
2025-09-08 09:30:00+00:00,3019.699951171875,3022.5,3019.10009765625,3022.199951171875,33050
2025-09-08 09:35:00+00:00,3018.89990234375,3019.89990234375,3018.89990234375,3019.699951171875,28520
2025-09-08 09:40:00+00:00,3018.10009765625,3018.89990234375,3016.199951171875,3018.89990234375,45449
2025-09-08 09:45:00+00:00,3019.10009765625,3020.39990234375,3016.699951171875,3018.10009765625,75008
2025-09-08 09:50:00+00:00,3020.60009765625,3020.800048828125,3018.60009765625,3019.199951171875,42513
2025-09-08 09:55:00+00:00,3023.0,3023.39990234375,3019.0,3020.60009765625,60625
2025-09-09 03:45:00+00:00,3034.699951171875,3053.89990234375,3032.89990234375,3039.10009765625,0
2025-09-09 03:50:00+00:00,3040.0,3045.0,3030.89990234375,3034.60009765625,80042
2025-09-09 03:55:00+00:00,3040.5,3044.800048828125,3035.10009765625,3040.0,31671
2025-09-09 04:00:00+00:00,3047.39990234375,3049.300048828125,3040.0,3040.699951171875,49365
2025-09-09 04:05:00+00:00,3048.0,3049.60009765625,3044.199951171875,3045.89990234375,45354
2025-09-09 04:10:00+00:00,3056.60009765625,3059.89990234375,3046.800048828125,3048.5,72932
2025-09-09 04:15:00+00:00,3048.10009765625,3059.0,3048.10009765625,3057.199951171875,48498
2025-09-09 04:20:00+00:00,3052.199951171875,3052.5,3045.60009765625,3048.300048828125,22183
2025-09-09 04:25:00+00:00,3049.89990234375,3052.199951171875,3049.5,3052.199951171875,13523
2025-09-09 04:30:00+00:00,3047.300048828125,3053.800048828125,3047.0,3049.5,21921
2025-09-09 04:35:00+00:00,3045.5,3046.60009765625,3042.10009765625,3046.39990234375,21949
2025-09-09 04:40:00+00:00,3041.199951171875,3045.39990234375,3040.0,3045.39990234375,15237
2025-09-09 04:45:00+00:00,3041.800048828125,3043.89990234375,3040.0,3041.199951171875,17040
2025-09-09 04:50:00+00:00,3043.89990234375,3044.10009765625,3040.10009765625,3042.0,11917
2025-09-09 04:55:00+00:00,3047.89990234375,3049.0,3042.10009765625,3044.0,19548
2025-09-09 05:00:00+00:00,3047.0,3049.300048828125,3045.699951171875,3049.0,17465
2025-09-09 05:05:00+00:00,3046.5,3048.89990234375,3046.199951171875,3047.10009765625,20110
2025-09-09 05:10:00+00:00,3047.60009765625,3048.0,3046.0,3046.5,9498
2025-09-09 05:15:00+00:00,3051.5,3052.5,3047.0,3048.0,23466
2025-09-09 05:20:00+00:00,3051.0,3055.0,3050.0,3051.699951171875,22441
2025-09-09 05:25:00+00:00,3050.5,3051.60009765625,3048.699951171875,3051.0,10339
2025-09-09 05:30:00+00:00,3053.0,3055.60009765625,3050.39990234375,3050.39990234375,26246
2025-09-09 05:35:00+00:00,3051.199951171875,3053.0,3050.60009765625,3052.89990234375,8592
2025-09-09 05:40:00+00:00,3050.199951171875,3051.800048828125,3050.0,3051.300048828125,8378
2025-09-09 05:45:00+00:00,3048.0,3050.39990234375,3046.60009765625,3050.10009765625,12449
2025-09-09 05:50:00+00:00,3052.0,3053.5,3047.800048828125,3048.0,20149
2025-09-09 05:55:00+00:00,3052.0,3053.5,3050.5,3052.300048828125,35073
2025-09-09 06:00:00+00:00,3049.800048828125,3051.89990234375,3049.10009765625,3051.89990234375,7981
2025-09-09 06:05:00+00:00,3049.10009765625,3051.5,3048.0,3049.800048828125,9903
2025-09-09 06:10:00+00:00,3050.5,3052.800048828125,3047.89990234375,3049.0,31280
2025-09-09 06:15:00+00:00,3050.699951171875,3053.89990234375,3050.199951171875,3051.60009765625,96968
2025-09-09 06:20:00+00:00,3050.5,3052.39990234375,3050.0,3050.800048828125,9398
2025-09-09 06:25:00+00:00,3052.39990234375,3052.5,3050.0,3050.60009765625,23352
2025-09-09 06:30:00+00:00,3050.199951171875,3053.0,3050.0,3053.0,20506
2025-09-09 06:35:00+00:00,3047.699951171875,3050.300048828125,3045.199951171875,3050.300048828125,12012
2025-09-09 06:40:00+00:00,3050.800048828125,3050.89990234375,3047.300048828125,3047.300048828125,9437
2025-09-09 06:45:00+00:00,3052.199951171875,3053.0,3050.39990234375,3050.800048828125,25436
2025-09-09 06:50:00+00:00,3051.89990234375,3053.0,3050.39990234375,3052.0,26712
2025-09-09 06:55:00+00:00,3051.60009765625,3053.800048828125,3050.0,3052.0,25886
2025-09-09 07:00:00+00:00,3049.10009765625,3051.89990234375,3048.10009765625,3051.10009765625,12528
2025-09-09 07:05:00+00:00,3049.5,3050.5,3048.0,3049.800048828125,13710
2025-09-09 07:10:00+00:00,3052.0,3052.199951171875,3049.199951171875,3049.5,9879
2025-09-09 07:15:00+00:00,3054.699951171875,3055.5,3051.0,3051.0,18568
2025-09-09 07:20:00+00:00,3053.5,3055.0,3052.39990234375,3054.89990234375,11280
2025-09-09 07:25:00+00:00,3050.39990234375,3053.199951171875,3048.699951171875,3053.199951171875,20237
2025-09-09 07:30:00+00:00,3050.699951171875,3051.5,3048.699951171875,3050.10009765625,15548
2025-09-09 07:35:00+00:00,3051.0,3051.89990234375,3048.5,3050.800048828125,10600
2025-09-09 07:40:00+00:00,3049.5,3051.0,3049.0,3051.0,10265
2025-09-09 07:45:00+00:00,3048.60009765625,3050.800048828125,3046.699951171875,3049.89990234375,22506
2025-09-09 07:50:00+00:00,3047.300048828125,3049.5,3045.5,3048.699951171875,11136
2025-09-09 07:55:00+00:00,3046.699951171875,3048.5,3045.300048828125,3047.5,9839
2025-09-09 08:00:00+00:00,3047.300048828125,3049.300048828125,3046.300048828125,3046.89990234375,10783
2025-09-09 08:05:00+00:00,3045.0,3049.800048828125,3044.0,3047.5,24996
2025-09-09 08:10:00+00:00,3044.300048828125,3047.60009765625,3043.39990234375,3044.60009765625,26892
2025-09-09 08:15:00+00:00,3043.699951171875,3044.800048828125,3041.800048828125,3044.300048828125,11855
2025-09-09 08:20:00+00:00,3045.0,3045.0,3042.10009765625,3043.800048828125,12632
2025-09-09 08:25:00+00:00,3047.39990234375,3048.10009765625,3044.60009765625,3045.0,12296
2025-09-09 08:30:00+00:00,3051.699951171875,3052.0,3043.699951171875,3047.39990234375,36848
2025-09-09 08:35:00+00:00,3047.300048828125,3051.699951171875,3043.60009765625,3050.300048828125,31806
2025-09-09 08:40:00+00:00,3047.89990234375,3050.0,3046.60009765625,3047.199951171875,27526
2025-09-09 08:45:00+00:00,3046.5,3048.5,3044.0,3048.0,15995
2025-09-09 08:50:00+00:00,3045.300048828125,3046.5,3043.800048828125,3046.5,12830
2025-09-09 08:55:00+00:00,3047.800048828125,3048.89990234375,3044.60009765625,3045.199951171875,24901
2025-09-09 09:00:00+00:00,3046.39990234375,3049.60009765625,3045.89990234375,3047.89990234375,32317
2025-09-09 09:05:00+00:00,3046.60009765625,3046.800048828125,3042.39990234375,3046.800048828125,37401
2025-09-09 09:10:00+00:00,3044.89990234375,3049.0,3044.89990234375,3046.800048828125,22001
2025-09-09 09:15:00+00:00,3049.800048828125,3049.89990234375,3044.199951171875,3045.10009765625,30291
2025-09-09 09:20:00+00:00,3051.89990234375,3052.0,3047.300048828125,3050.0,45059
2025-09-09 09:25:00+00:00,3048.800048828125,3054.10009765625,3047.699951171875,3052.0,35953
2025-09-09 09:30:00+00:00,3048.89990234375,3051.39990234375,3046.0,3048.89990234375,101053
2025-09-09 09:35:00+00:00,3046.39990234375,3051.800048828125,3046.10009765625,3049.89990234375,100342
2025-09-09 09:40:00+00:00,3048.89990234375,3050.39990234375,3046.199951171875,3046.800048828125,118720
2025-09-09 09:45:00+00:00,3047.0,3053.39990234375,3047.0,3050.0,146409
2025-09-09 09:50:00+00:00,3051.39990234375,3051.39990234375,3047.0,3047.0,84738
2025-09-09 09:55:00+00:00,3052.0,3055.0,3049.10009765625,3051.0,86872
2025-09-10 03:45:00+00:00,3089.5,3089.699951171875,3057.39990234375,3058.89990234375,233487
2025-09-10 03:50:00+00:00,3098.89990234375,3107.60009765625,3088.89990234375,3090.0,153885
2025-09-10 03:55:00+00:00,3103.89990234375,3104.5,3096.60009765625,3099.199951171875,83030
2025-09-10 04:00:00+00:00,3103.60009765625,3105.89990234375,3098.0,3102.5,60571
2025-09-10 04:05:00+00:00,3105.89990234375,3109.199951171875,3102.89990234375,3104.0,57199
2025-09-10 04:10:00+00:00,3109.0,3111.89990234375,3104.10009765625,3105.800048828125,62558
2025-09-10 04:15:00+00:00,3103.0,3113.0,3102.0,3109.0,55288
2025-09-10 04:20:00+00:00,3103.800048828125,3108.10009765625,3102.0,3103.0,28571
2025-09-10 04:25:00+00:00,3103.60009765625,3108.300048828125,3103.0,3103.39990234375,35363
2025-09-10 04:30:00+00:00,3107.0,3111.0,3103.5,3103.60009765625,91815
2025-09-10 04:35:00+00:00,3105.699951171875,3110.0,3105.199951171875,3107.0,37615
2025-09-10 04:40:00+00:00,3106.5,3109.800048828125,3105.5,3105.699951171875,30060
2025-09-10 04:45:00+00:00,3107.60009765625,3112.0,3106.0,3107.199951171875,23243
2025-09-10 04:50:00+00:00,3107.89990234375,3108.0,3106.199951171875,3107.699951171875,9050
2025-09-10 04:55:00+00:00,3114.300048828125,3115.89990234375,3107.39990234375,3107.39990234375,44403
2025-09-10 05:00:00+00:00,3112.199951171875,3118.0,3111.300048828125,3114.699951171875,37940
2025-09-10 05:05:00+00:00,3120.0,3122.0,3111.60009765625,3112.199951171875,63578
2025-09-10 05:10:00+00:00,3120.39990234375,3122.10009765625,3116.5,3120.0,46436
2025-09-10 05:15:00+00:00,3117.0,3121.0,3116.5,3119.800048828125,19841
2025-09-10 05:20:00+00:00,3116.5,3117.800048828125,3113.0,3117.0,23818
2025-09-10 05:25:00+00:00,3113.60009765625,3117.39990234375,3113.10009765625,3116.10009765625,26181
2025-09-10 05:30:00+00:00,3117.10009765625,3119.5,3113.60009765625,3113.60009765625,13858
2025-09-10 05:35:00+00:00,3119.5,3120.699951171875,3117.0,3117.60009765625,17169
2025-09-10 05:40:00+00:00,3115.89990234375,3119.5,3115.10009765625,3119.10009765625,7969
2025-09-10 05:45:00+00:00,3110.0,3116.89990234375,3109.5,3116.10009765625,20417
2025-09-10 05:50:00+00:00,3110.800048828125,3111.10009765625,3107.10009765625,3110.0,18362
2025-09-10 05:55:00+00:00,3111.699951171875,3112.699951171875,3110.39990234375,3112.0,10258
2025-09-10 06:00:00+00:00,3110.199951171875,3112.0,3109.5,3111.89990234375,8644
2025-09-10 06:05:00+00:00,3108.0,3110.800048828125,3107.0,3110.199951171875,13991
2025-09-10 06:10:00+00:00,3105.89990234375,3108.0,3104.699951171875,3107.60009765625,16824
2025-09-10 06:15:00+00:00,3104.5,3106.199951171875,3103.699951171875,3105.5,25267
2025-09-10 06:20:00+00:00,3107.39990234375,3107.39990234375,3103.699951171875,3104.199951171875,9161
2025-09-10 06:25:00+00:00,3108.10009765625,3108.89990234375,3106.800048828125,3107.5,10805
2025-09-10 06:30:00+00:00,3107.39990234375,3109.800048828125,3106.0,3108.10009765625,18719
2025-09-10 06:35:00+00:00,3109.60009765625,3109.89990234375,3106.10009765625,3107.199951171875,13096
2025-09-10 06:40:00+00:00,3109.89990234375,3110.199951171875,3108.0,3109.60009765625,8608
2025-09-10 06:45:00+00:00,3111.199951171875,3112.89990234375,3109.60009765625,3110.0,22482
2025-09-10 06:50:00+00:00,3113.60009765625,3113.89990234375,3110.300048828125,3112.0,18372
2025-09-10 06:55:00+00:00,3114.199951171875,3115.10009765625,3113.60009765625,3113.60009765625,9004
2025-09-10 07:00:00+00:00,3110.5,3115.800048828125,3110.0,3114.10009765625,22778
2025-09-10 07:05:00+00:00,3110.0,3111.699951171875,3108.199951171875,3111.60009765625,7535
2025-09-10 07:10:00+00:00,3110.10009765625,3110.60009765625,3108.699951171875,3110.0,10433
2025-09-10 07:15:00+00:00,3108.699951171875,3111.699951171875,3108.10009765625,3110.10009765625,6758
2025-09-10 07:20:00+00:00,3110.0,3111.800048828125,3108.5,3108.699951171875,12886
2025-09-10 07:25:00+00:00,3112.300048828125,3113.5,3109.300048828125,3110.0,14402
2025-09-10 07:30:00+00:00,3110.699951171875,3111.39990234375,3109.300048828125,3111.39990234375,9921
2025-09-10 07:35:00+00:00,3113.5,3113.89990234375,3110.800048828125,3110.800048828125,7351
2025-09-10 07:40:00+00:00,3111.39990234375,3114.60009765625,3110.5,3113.5,10746
2025-09-10 07:45:00+00:00,3109.800048828125,3112.0,3108.10009765625,3111.39990234375,14969
2025-09-10 07:50:00+00:00,3110.5,3110.5,3106.300048828125,3109.800048828125,11407
2025-09-10 07:55:00+00:00,3108.5,3110.800048828125,3107.0,3110.5,11585
2025-09-10 08:00:00+00:00,3106.39990234375,3108.60009765625,3105.5,3108.5,10488
2025-09-10 08:05:00+00:00,3108.0,3108.60009765625,3104.300048828125,3106.60009765625,11661
2025-09-10 08:10:00+00:00,3108.800048828125,3109.0,3107.300048828125,3108.0,7738
2025-09-10 08:15:00+00:00,3107.699951171875,3109.0,3107.199951171875,3108.5,8768
2025-09-10 08:20:00+00:00,3106.60009765625,3107.800048828125,3105.699951171875,3107.800048828125,8051
2025-09-10 08:25:00+00:00,3105.300048828125,3107.89990234375,3104.60009765625,3106.60009765625,9158
2025-09-10 08:30:00+00:00,3103.89990234375,3106.0,3103.0,3105.89990234375,11908
2025-09-10 08:35:00+00:00,3106.5,3108.0,3102.800048828125,3103.0,12074
2025-09-10 08:40:00+00:00,3105.300048828125,3107.199951171875,3103.89990234375,3106.5,9143
2025-09-10 08:45:00+00:00,3104.5,3106.0,3103.5,3105.300048828125,8060
2025-09-10 08:50:00+00:00,3105.800048828125,3107.5,3103.0,3104.10009765625,27229
2025-09-10 08:55:00+00:00,3105.300048828125,3106.39990234375,3104.10009765625,3105.800048828125,7702
2025-09-10 09:00:00+00:00,3104.10009765625,3106.5,3104.10009765625,3105.300048828125,9077
2025-09-10 09:05:00+00:00,3103.800048828125,3104.800048828125,3103.0,3104.39990234375,14174
2025-09-10 09:10:00+00:00,3102.800048828125,3105.0,3102.60009765625,3103.800048828125,25615
2025-09-10 09:15:00+00:00,3110.300048828125,3111.0,3103.0,3103.0,29392
2025-09-10 09:20:00+00:00,3111.0,3112.0,3110.0,3110.300048828125,16518
2025-09-10 09:25:00+00:00,3108.10009765625,3111.0,3105.10009765625,3111.0,31107
2025-09-10 09:30:00+00:00,3110.699951171875,3111.300048828125,3107.89990234375,3108.39990234375,18830
2025-09-10 09:35:00+00:00,3110.39990234375,3110.89990234375,3110.300048828125,3110.699951171875,16177
2025-09-10 09:40:00+00:00,3112.39990234375,3112.39990234375,3107.60009765625,3108.89990234375,36210
2025-09-10 09:45:00+00:00,3111.800048828125,3112.39990234375,3109.39990234375,3112.39990234375,39731
2025-09-10 09:50:00+00:00,3108.89990234375,3111.89990234375,3107.89990234375,3111.89990234375,51383
2025-09-10 09:55:00+00:00,3110.0,3111.89990234375,3108.0,3108.89990234375,31311
2025-09-11 03:45:00+00:00,3127.5,3136.300048828125,3118.10009765625,3133.699951171875,0
2025-09-11 03:50:00+00:00,3123.0,3127.39990234375,3118.60009765625,3127.10009765625,71789
2025-09-11 03:55:00+00:00,3121.89990234375,3125.60009765625,3118.5,3123.0,46317
2025-09-11 04:00:00+00:00,3124.0,3124.39990234375,3118.300048828125,3121.89990234375,42022
2025-09-11 04:05:00+00:00,3126.300048828125,3129.800048828125,3123.60009765625,3123.89990234375,39065
2025-09-11 04:10:00+00:00,3128.39990234375,3129.0,3125.39990234375,3126.10009765625,20535
2025-09-11 04:15:00+00:00,3126.199951171875,3128.39990234375,3123.60009765625,3128.39990234375,21951
2025-09-11 04:20:00+00:00,3120.89990234375,3126.199951171875,3120.10009765625,3126.0,21138
2025-09-11 04:25:00+00:00,3116.699951171875,3121.0,3115.300048828125,3120.199951171875,33150
2025-09-11 04:30:00+00:00,3112.89990234375,3117.0,3111.300048828125,3116.699951171875,35225
2025-09-11 04:35:00+00:00,3111.89990234375,3115.0,3110.699951171875,3112.800048828125,29073
2025-09-11 04:40:00+00:00,3112.60009765625,3113.800048828125,3110.10009765625,3111.89990234375,19790
2025-09-11 04:45:00+00:00,3117.199951171875,3117.800048828125,3112.39990234375,3112.39990234375,22853
2025-09-11 04:50:00+00:00,3117.0,3118.0,3115.0,3117.199951171875,20067
2025-09-11 04:55:00+00:00,3116.800048828125,3118.5,3114.300048828125,3117.10009765625,21657
2025-09-11 05:00:00+00:00,3120.5,3122.0,3116.60009765625,3116.699951171875,24845
2025-09-11 05:05:00+00:00,3118.199951171875,3120.5,3118.199951171875,3120.5,12027
2025-09-11 05:10:00+00:00,3114.699951171875,3119.699951171875,3114.699951171875,3119.60009765625,11395
2025-09-11 05:15:00+00:00,3114.0,3116.10009765625,3112.60009765625,3115.10009765625,31854
2025-09-11 05:20:00+00:00,3115.5,3115.5,3113.10009765625,3114.0,10651
2025-09-11 05:25:00+00:00,3113.5,3116.0,3111.60009765625,3115.5,16225
2025-09-11 05:30:00+00:00,3116.0,3117.300048828125,3112.10009765625,3113.39990234375,24302
2025-09-11 05:35:00+00:00,3118.699951171875,3119.199951171875,3116.0,3116.0,13927
2025-09-11 05:40:00+00:00,3117.199951171875,3118.800048828125,3116.699951171875,3118.60009765625,8903
2025-09-11 05:45:00+00:00,3117.39990234375,3118.300048828125,3116.89990234375,3117.699951171875,8730
2025-09-11 05:50:00+00:00,3116.199951171875,3118.300048828125,3115.60009765625,3117.60009765625,34469
2025-09-11 05:55:00+00:00,3116.199951171875,3119.10009765625,3114.39990234375,3117.699951171875,29966
2025-09-11 06:00:00+00:00,3115.300048828125,3116.699951171875,3113.199951171875,3116.699951171875,13677
2025-09-11 06:05:00+00:00,3112.89990234375,3115.39990234375,3112.0,3115.39990234375,14192
2025-09-11 06:10:00+00:00,3113.0,3113.699951171875,3111.0,3112.60009765625,15125
2025-09-11 06:15:00+00:00,3112.199951171875,3113.5,3111.300048828125,3112.5,12190
2025-09-11 06:20:00+00:00,3112.60009765625,3113.800048828125,3111.300048828125,3112.0,9510
2025-09-11 06:25:00+00:00,3113.699951171875,3113.800048828125,3112.5,3112.60009765625,6947
2025-09-11 06:30:00+00:00,3114.0,3115.0,3113.60009765625,3113.699951171875,8479
2025-09-11 06:35:00+00:00,3116.300048828125,3117.39990234375,3114.0,3114.300048828125,11765
2025-09-11 06:40:00+00:00,3114.300048828125,3116.300048828125,3114.0,3115.800048828125,8585
2025-09-11 06:45:00+00:00,3114.0,3115.0,3113.0,3114.5,12087
2025-09-11 06:50:00+00:00,3114.300048828125,3114.800048828125,3113.199951171875,3114.0,11597
2025-09-11 06:55:00+00:00,3116.5,3116.5,3112.0,3114.199951171875,14993
2025-09-11 07:00:00+00:00,3117.300048828125,3118.39990234375,3116.5,3116.699951171875,15838
2025-09-11 07:05:00+00:00,3115.800048828125,3117.699951171875,3115.0,3117.300048828125,9211
2025-09-11 07:10:00+00:00,3114.39990234375,3116.300048828125,3114.39990234375,3115.800048828125,7925
2025-09-11 07:15:00+00:00,3112.39990234375,3115.10009765625,3112.199951171875,3114.5,9140
2025-09-11 07:20:00+00:00,3119.0,3119.5,3112.10009765625,3112.5,73203
2025-09-11 07:25:00+00:00,3119.39990234375,3121.0,3117.89990234375,3118.699951171875,15923
2025-09-11 07:30:00+00:00,3119.10009765625,3120.0,3118.60009765625,3119.39990234375,7299
2025-09-11 07:35:00+00:00,3121.60009765625,3122.0,3118.89990234375,3119.199951171875,11937
2025-09-11 07:40:00+00:00,3121.60009765625,3122.39990234375,3121.39990234375,3121.89990234375,6047
2025-09-11 07:45:00+00:00,3120.800048828125,3121.800048828125,3120.0,3121.699951171875,9458
2025-09-11 07:50:00+00:00,3121.699951171875,3122.199951171875,3120.5,3121.5,8720
2025-09-11 07:55:00+00:00,3121.60009765625,3122.0,3120.39990234375,3120.39990234375,5652
2025-09-11 08:00:00+00:00,3121.300048828125,3122.699951171875,3121.0,3122.199951171875,6904
2025-09-11 08:05:00+00:00,3121.800048828125,3121.89990234375,3120.10009765625,3121.300048828125,6693
2025-09-11 08:10:00+00:00,3120.5,3122.0,3120.0,3121.89990234375,11256
2025-09-11 08:15:00+00:00,3121.89990234375,3121.89990234375,3120.0,3121.0,36149
2025-09-11 08:20:00+00:00,3120.89990234375,3122.800048828125,3120.0,3122.0,10638
2025-09-11 08:25:00+00:00,3119.60009765625,3121.10009765625,3118.0,3120.10009765625,14648
2025-09-11 08:30:00+00:00,3119.800048828125,3120.5,3119.199951171875,3120.0,12046
2025-09-11 08:35:00+00:00,3120.39990234375,3120.5,3119.0,3119.5,11308
2025-09-11 08:40:00+00:00,3120.39990234375,3120.39990234375,3119.10009765625,3120.199951171875,13226
2025-09-11 08:45:00+00:00,3120.800048828125,3121.699951171875,3120.0,3120.10009765625,23545
2025-09-11 08:50:00+00:00,3120.10009765625,3120.89990234375,3120.10009765625,3120.800048828125,6917
2025-09-11 08:55:00+00:00,3119.5,3120.0,3118.199951171875,3120.0,16164
2025-09-11 09:00:00+00:00,3117.89990234375,3120.0,3116.0,3119.5,29382
2025-09-11 09:05:00+00:00,3122.10009765625,3122.10009765625,3117.800048828125,3118.0,41231
2025-09-11 09:10:00+00:00,3121.5,3121.89990234375,3120.0,3120.89990234375,8231
2025-09-11 09:15:00+00:00,3121.89990234375,3122.0,3118.699951171875,3121.5,32949
2025-09-11 09:20:00+00:00,3122.0,3122.0,3120.10009765625,3120.800048828125,24253
2025-09-11 09:25:00+00:00,3121.800048828125,3122.89990234375,3120.10009765625,3121.60009765625,49594
2025-09-11 09:30:00+00:00,3123.10009765625,3124.199951171875,3118.699951171875,3121.699951171875,153523
2025-09-11 09:35:00+00:00,3123.0,3124.39990234375,3120.0,3123.0,113853
2025-09-11 09:40:00+00:00,3125.39990234375,3126.5,3121.39990234375,3122.800048828125,156092
2025-09-11 09:45:00+00:00,3128.0,3130.0,3125.39990234375,3126.300048828125,115125
2025-09-11 09:50:00+00:00,3125.800048828125,3128.300048828125,3125.0,3127.5,60652
2025-09-11 09:55:00+00:00,3124.199951171875,3127.0,3124.199951171875,3125.800048828125,45726
2025-09-12 03:45:00+00:00,3132.199951171875,3148.5,3131.5,3139.0,0
2025-09-12 03:50:00+00:00,3136.699951171875,3137.0,3130.800048828125,3133.0,54598
2025-09-12 03:55:00+00:00,3133.300048828125,3139.39990234375,3133.300048828125,3136.89990234375,32000
2025-09-12 04:00:00+00:00,3126.800048828125,3133.0,3121.0,3133.0,56070
2025-09-12 04:05:00+00:00,3127.699951171875,3127.89990234375,3124.0,3127.699951171875,19574
2025-09-12 04:10:00+00:00,3125.300048828125,3127.699951171875,3122.699951171875,3126.89990234375,24324
2025-09-12 04:15:00+00:00,3128.89990234375,3130.0,3123.5,3125.300048828125,16252
2025-09-12 04:20:00+00:00,3130.5,3133.199951171875,3128.39990234375,3128.89990234375,30118
2025-09-12 04:25:00+00:00,3130.10009765625,3133.199951171875,3130.0,3131.10009765625,15803
2025-09-12 04:30:00+00:00,3133.10009765625,3134.699951171875,3130.699951171875,3131.10009765625,18071
2025-09-12 04:35:00+00:00,3136.800048828125,3137.0,3133.0,3133.0,29470
2025-09-12 04:40:00+00:00,3136.0,3136.60009765625,3135.0,3136.10009765625,16305
2025-09-12 04:45:00+00:00,3132.0,3136.199951171875,3132.0,3136.0,14958
2025-09-12 04:50:00+00:00,3132.5,3133.39990234375,3131.89990234375,3132.10009765625,11489
2025-09-12 04:55:00+00:00,3132.800048828125,3133.5,3131.60009765625,3133.300048828125,14176
2025-09-12 05:00:00+00:00,3131.699951171875,3133.0,3131.0,3132.800048828125,18272
2025-09-12 05:05:00+00:00,3132.800048828125,3133.89990234375,3131.699951171875,3131.800048828125,12169
2025-09-12 05:10:00+00:00,3134.699951171875,3135.0,3132.800048828125,3132.800048828125,11399
2025-09-12 05:15:00+00:00,3131.300048828125,3134.699951171875,3130.39990234375,3134.699951171875,13821
2025-09-12 05:20:00+00:00,3130.0,3131.800048828125,3129.0,3130.5,13754
2025-09-12 05:25:00+00:00,3129.0,3130.5,3128.0,3130.39990234375,13338
2025-09-12 05:30:00+00:00,3131.699951171875,3131.699951171875,3128.10009765625,3128.89990234375,12030
2025-09-12 05:35:00+00:00,3131.39990234375,3133.300048828125,3131.300048828125,3131.800048828125,19680
2025-09-12 05:40:00+00:00,3132.699951171875,3133.300048828125,3130.39990234375,3131.300048828125,17624
2025-09-12 05:45:00+00:00,3136.800048828125,3136.800048828125,3130.89990234375,3132.699951171875,22505
2025-09-12 05:50:00+00:00,3134.5,3137.199951171875,3134.0,3136.699951171875,15108
2025-09-12 05:55:00+00:00,3138.800048828125,3139.699951171875,3134.10009765625,3134.5,26707
2025-09-12 06:00:00+00:00,3137.5,3138.800048828125,3137.0,3138.199951171875,14915
2025-09-12 06:05:00+00:00,3137.699951171875,3138.0,3137.0,3137.89990234375,15141
2025-09-12 06:10:00+00:00,3138.5,3139.10009765625,3137.39990234375,3137.60009765625,19199
2025-09-12 06:15:00+00:00,3137.300048828125,3139.39990234375,3135.699951171875,3138.199951171875,17761
2025-09-12 06:20:00+00:00,3138.0,3138.800048828125,3136.60009765625,3137.5,12245
2025-09-12 06:25:00+00:00,3135.60009765625,3138.60009765625,3135.60009765625,3138.0,11730
2025-09-12 06:30:00+00:00,3135.5,3136.39990234375,3134.199951171875,3135.60009765625,7108
2025-09-12 06:35:00+00:00,3133.60009765625,3135.5,3131.89990234375,3135.5,11027
2025-09-12 06:40:00+00:00,3130.800048828125,3135.0,3129.5,3133.10009765625,12609
2025-09-12 06:45:00+00:00,3130.39990234375,3131.0,3129.5,3130.60009765625,7290
2025-09-12 06:50:00+00:00,3132.300048828125,3132.60009765625,3130.199951171875,3130.199951171875,12147
2025-09-12 06:55:00+00:00,3133.0,3133.60009765625,3131.699951171875,3132.300048828125,9996
2025-09-12 07:00:00+00:00,3132.699951171875,3133.0,3131.800048828125,3133.0,7169
2025-09-12 07:05:00+00:00,3132.800048828125,3133.0,3132.10009765625,3132.89990234375,5417
2025-09-12 07:10:00+00:00,3132.89990234375,3133.0,3132.800048828125,3132.800048828125,5432
2025-09-12 07:15:00+00:00,3130.800048828125,3133.0,3130.300048828125,3133.0,5839
2025-09-12 07:20:00+00:00,3130.300048828125,3131.300048828125,3130.0,3130.300048828125,7652
2025-09-12 07:25:00+00:00,3131.60009765625,3131.699951171875,3129.39990234375,3130.0,7789
2025-09-12 07:30:00+00:00,3130.0,3131.89990234375,3129.60009765625,3130.60009765625,6359
2025-09-12 07:35:00+00:00,3132.0,3132.0,3129.5,3129.699951171875,6647
2025-09-12 07:40:00+00:00,3131.300048828125,3132.300048828125,3130.0,3132.300048828125,7959
2025-09-12 07:45:00+00:00,3132.60009765625,3133.0,3131.199951171875,3131.199951171875,6365
2025-09-12 07:50:00+00:00,3133.0,3133.300048828125,3132.5,3132.89990234375,6698
2025-09-12 07:55:00+00:00,3134.5,3134.699951171875,3131.199951171875,3132.800048828125,16163
2025-09-12 08:00:00+00:00,3135.10009765625,3135.10009765625,3133.699951171875,3134.5,11472
2025-09-12 08:05:00+00:00,3135.800048828125,3136.0,3134.0,3135.800048828125,14842
2025-09-12 08:10:00+00:00,3135.89990234375,3137.10009765625,3135.0,3135.800048828125,13343
2025-09-12 08:15:00+00:00,3134.89990234375,3135.89990234375,3134.5,3135.89990234375,5587
2025-09-12 08:20:00+00:00,3134.39990234375,3134.89990234375,3133.699951171875,3134.5,9731
2025-09-12 08:25:00+00:00,3135.89990234375,3136.0,3134.300048828125,3134.300048828125,14635
2025-09-12 08:30:00+00:00,3136.5,3137.699951171875,3135.39990234375,3136.0,14995
2025-09-12 08:35:00+00:00,3135.699951171875,3137.300048828125,3135.699951171875,3136.60009765625,10592
2025-09-12 08:40:00+00:00,3136.0,3136.5,3135.0,3136.5,7450
2025-09-12 08:45:00+00:00,3134.39990234375,3136.0,3134.10009765625,3135.39990234375,8791
2025-09-12 08:50:00+00:00,3134.0,3134.699951171875,3132.60009765625,3134.300048828125,9432
2025-09-12 08:55:00+00:00,3135.0,3135.39990234375,3133.39990234375,3134.0,9176
2025-09-12 09:00:00+00:00,3132.800048828125,3135.0,3132.800048828125,3135.0,10070
2025-09-12 09:05:00+00:00,3130.39990234375,3133.300048828125,3130.10009765625,3132.800048828125,22851
2025-09-12 09:10:00+00:00,3131.0,3131.199951171875,3130.0,3130.5,15660
2025-09-12 09:15:00+00:00,3130.60009765625,3131.5,3130.0,3131.0,12776
2025-09-12 09:20:00+00:00,3130.800048828125,3130.800048828125,3130.39990234375,3130.60009765625,9623
2025-09-12 09:25:00+00:00,3128.699951171875,3131.300048828125,3128.699951171875,3130.800048828125,18331
2025-09-12 09:30:00+00:00,3131.0,3133.0,3129.10009765625,3130.0,30372
2025-09-12 09:35:00+00:00,3132.699951171875,3133.10009765625,3130.89990234375,3130.89990234375,33163
2025-09-12 09:40:00+00:00,3134.0,3134.199951171875,3133.10009765625,3133.300048828125,45401
2025-09-12 09:45:00+00:00,3134.699951171875,3135.199951171875,3134.0,3134.0,50423
2025-09-12 09:50:00+00:00,3133.39990234375,3135.39990234375,3132.10009765625,3134.699951171875,42806
2025-09-12 09:55:00+00:00,3133.39990234375,3134.0,3130.0,3133.0,0
2025-09-15 03:45:00+00:00,3119.300048828125,3127.0,3115.0,3126.39990234375,0
2025-09-15 03:50:00+00:00,3117.10009765625,3126.0,3117.0,3119.800048828125,32902
2025-09-15 03:55:00+00:00,3115.60009765625,3119.89990234375,3115.0,3117.0,22221
2025-09-15 04:00:00+00:00,3113.10009765625,3116.300048828125,3113.0,3115.5,29356
2025-09-15 04:05:00+00:00,3115.10009765625,3115.5,3112.60009765625,3113.10009765625,12483
2025-09-15 04:10:00+00:00,3114.199951171875,3117.89990234375,3114.199951171875,3115.10009765625,12999
2025-09-15 04:15:00+00:00,3114.60009765625,3116.60009765625,3113.800048828125,3115.0,14376
2025-09-15 04:20:00+00:00,3118.300048828125,3118.800048828125,3115.0,3115.0,14770
2025-09-15 04:25:00+00:00,3114.699951171875,3118.300048828125,3114.10009765625,3118.300048828125,7953
2025-09-15 04:30:00+00:00,3112.5,3114.800048828125,3112.0,3114.800048828125,20490
2025-09-15 04:35:00+00:00,3110.0,3112.89990234375,3110.0,3112.300048828125,20564
2025-09-15 04:40:00+00:00,3105.0,3110.0,3105.0,3110.0,35023
2025-09-15 04:45:00+00:00,3106.800048828125,3107.699951171875,3105.0,3105.800048828125,21445
2025-09-15 04:50:00+00:00,3106.199951171875,3108.60009765625,3105.10009765625,3106.800048828125,19139
2025-09-15 04:55:00+00:00,3100.0,3107.39990234375,3099.5,3106.300048828125,75797
2025-09-15 05:00:00+00:00,3100.0,3101.199951171875,3099.5,3100.199951171875,34028
2025-09-15 05:05:00+00:00,3099.89990234375,3101.10009765625,3099.89990234375,3100.0,27968
2025-09-15 05:10:00+00:00,3099.89990234375,3100.300048828125,3099.699951171875,3100.0,15651
2025-09-15 05:15:00+00:00,3097.39990234375,3099.800048828125,3097.199951171875,3099.5,16274
2025-09-15 05:20:00+00:00,3100.0,3100.0,3096.0,3097.39990234375,31065
2025-09-15 05:25:00+00:00,3102.10009765625,3103.5,3099.10009765625,3099.300048828125,15767
2025-09-15 05:30:00+00:00,3102.60009765625,3103.0,3099.5,3100.89990234375,9775
2025-09-15 05:35:00+00:00,3099.5,3103.800048828125,3099.39990234375,3102.60009765625,14398
2025-09-15 05:40:00+00:00,3099.699951171875,3100.60009765625,3099.5,3099.800048828125,8686
2025-09-15 05:45:00+00:00,3098.0,3099.699951171875,3097.89990234375,3099.60009765625,9866
2025-09-15 05:50:00+00:00,3099.800048828125,3099.800048828125,3098.10009765625,3098.10009765625,12545
2025-09-15 05:55:00+00:00,3099.800048828125,3100.300048828125,3099.0,3099.0,8789
2025-09-15 06:00:00+00:00,3100.0,3101.0,3099.39990234375,3099.89990234375,78582
2025-09-15 06:05:00+00:00,3100.0,3100.89990234375,3099.800048828125,3099.89990234375,22108
2025-09-15 06:10:00+00:00,3099.800048828125,3101.10009765625,3098.800048828125,3100.0,22354
2025-09-15 06:15:00+00:00,3100.0,3101.10009765625,3099.699951171875,3099.800048828125,11739
2025-09-15 06:20:00+00:00,3099.89990234375,3101.199951171875,3098.199951171875,3100.0,16406
2025-09-15 06:25:00+00:00,3100.0,3100.800048828125,3099.800048828125,3100.0,13967
2025-09-15 06:30:00+00:00,3100.0,3101.300048828125,3099.699951171875,3100.10009765625,15134
2025-09-15 06:35:00+00:00,3100.0,3100.699951171875,3099.0,3100.0,14334
2025-09-15 06:40:00+00:00,3103.699951171875,3104.0,3099.89990234375,3100.0,25758
2025-09-15 06:45:00+00:00,3107.89990234375,3108.5,3103.60009765625,3103.699951171875,22468
2025-09-15 06:50:00+00:00,3106.699951171875,3107.89990234375,3105.800048828125,3107.89990234375,16836
2025-09-15 06:55:00+00:00,3108.699951171875,3109.800048828125,3106.5,3106.699951171875,15067
2025-09-15 07:00:00+00:00,3108.10009765625,3108.699951171875,3106.0,3108.60009765625,12167
2025-09-15 07:05:00+00:00,3108.89990234375,3109.0,3108.0,3108.10009765625,11108
2025-09-15 07:10:00+00:00,3107.0,3108.89990234375,3105.60009765625,3108.89990234375,15207
2025-09-15 07:15:00+00:00,3108.60009765625,3109.0,3106.199951171875,3106.60009765625,14206
2025-09-15 07:20:00+00:00,3108.10009765625,3109.0,3108.10009765625,3108.60009765625,11393
2025-09-15 07:25:00+00:00,3108.0,3109.60009765625,3107.800048828125,3108.10009765625,17738
2025-09-15 07:30:00+00:00,3109.10009765625,3109.39990234375,3107.89990234375,3108.0,21854
2025-09-15 07:35:00+00:00,3109.0,3110.699951171875,3108.89990234375,3109.10009765625,48471
2025-09-15 07:40:00+00:00,3109.0,3109.39990234375,3107.0,3109.0,9679
2025-09-15 07:45:00+00:00,3109.0,3109.60009765625,3108.60009765625,3109.0,15283
2025-09-15 07:50:00+00:00,3108.300048828125,3109.0,3107.0,3109.0,13917
2025-09-15 07:55:00+00:00,3108.0,3108.300048828125,3107.89990234375,3108.300048828125,8865
2025-09-15 08:00:00+00:00,3109.300048828125,3109.300048828125,3107.89990234375,3108.0,10881
2025-09-15 08:05:00+00:00,3109.0,3109.39990234375,3108.800048828125,3109.0,7534
2025-09-15 08:10:00+00:00,3104.39990234375,3109.0,3102.39990234375,3109.0,46478
2025-09-15 08:15:00+00:00,3107.800048828125,3108.60009765625,3104.39990234375,3104.699951171875,19051
2025-09-15 08:20:00+00:00,3108.199951171875,3108.300048828125,3106.89990234375,3107.39990234375,5793
2025-09-15 08:25:00+00:00,3108.300048828125,3108.300048828125,3108.199951171875,3108.199951171875,6513
2025-09-15 08:30:00+00:00,3108.800048828125,3109.0,3108.300048828125,3108.300048828125,11765
2025-09-15 08:35:00+00:00,3108.89990234375,3109.0,3108.699951171875,3108.89990234375,11509
2025-09-15 08:40:00+00:00,3108.10009765625,3109.0,3108.10009765625,3108.89990234375,12979
2025-09-15 08:45:00+00:00,3107.699951171875,3108.10009765625,3106.699951171875,3107.89990234375,9512
2025-09-15 08:50:00+00:00,3107.699951171875,3109.0,3107.60009765625,3107.699951171875,12594
2025-09-15 08:55:00+00:00,3108.300048828125,3108.39990234375,3107.60009765625,3107.800048828125,6963
2025-09-15 09:00:00+00:00,3109.0,3109.60009765625,3108.300048828125,3108.300048828125,14716
2025-09-15 09:05:00+00:00,3108.89990234375,3109.0,3107.10009765625,3109.0,17807
2025-09-15 09:10:00+00:00,3111.300048828125,3113.89990234375,3108.39990234375,3108.89990234375,58768
2025-09-15 09:15:00+00:00,3110.5,3111.300048828125,3109.89990234375,3111.300048828125,11116
2025-09-15 09:20:00+00:00,3110.199951171875,3111.199951171875,3110.0,3110.39990234375,17022
2025-09-15 09:25:00+00:00,3110.5,3111.0,3110.0,3110.10009765625,17048
2025-09-15 09:30:00+00:00,3111.300048828125,3112.699951171875,3110.0,3110.5,53739
2025-09-15 09:35:00+00:00,3111.5,3112.0,3110.699951171875,3111.39990234375,50799
2025-09-15 09:40:00+00:00,3111.89990234375,3111.89990234375,3111.39990234375,3111.5,37427
2025-09-15 09:45:00+00:00,3111.89990234375,3112.800048828125,3110.10009765625,3111.89990234375,76095
2025-09-15 09:50:00+00:00,3112.800048828125,3112.89990234375,3111.89990234375,3111.89990234375,67475
2025-09-15 09:55:00+00:00,3112.39990234375,3113.5,3110.0,3112.800048828125,47096
2025-09-16 03:45:00+00:00,3124.5,3125.800048828125,3114.10009765625,3122.10009765625,191245
2025-09-16 03:50:00+00:00,3111.800048828125,3126.89990234375,3111.0,3124.5,53831
2025-09-16 03:55:00+00:00,3114.89990234375,3115.300048828125,3109.5,3112.5,31970
2025-09-16 04:00:00+00:00,3117.699951171875,3117.89990234375,3114.0,3115.10009765625,27700
2025-09-16 04:05:00+00:00,3115.800048828125,3118.199951171875,3112.0,3117.0,26424
2025-09-16 04:10:00+00:00,3114.10009765625,3117.39990234375,3112.5,3116.300048828125,18909
2025-09-16 04:15:00+00:00,3117.199951171875,3117.5,3113.5,3114.10009765625,26504
2025-09-16 04:20:00+00:00,3120.0,3120.0,3117.0,3118.0,22207
2025-09-16 04:25:00+00:00,3123.89990234375,3123.89990234375,3119.60009765625,3120.0,28055
2025-09-16 04:30:00+00:00,3126.800048828125,3128.0,3123.5,3124.699951171875,33298
2025-09-16 04:35:00+00:00,3125.60009765625,3128.39990234375,3125.5,3126.0,18100
2025-09-16 04:40:00+00:00,3125.10009765625,3126.5,3125.0,3125.60009765625,14645
2025-09-16 04:45:00+00:00,3126.5,3126.89990234375,3125.0,3125.5,17211
2025-09-16 04:50:00+00:00,3125.5,3126.5,3125.10009765625,3126.5,27788
2025-09-16 04:55:00+00:00,3127.0,3128.0,3125.39990234375,3126.39990234375,23346
2025-09-16 05:00:00+00:00,3126.0,3128.0,3126.0,3126.89990234375,17765
2025-09-16 05:05:00+00:00,3126.39990234375,3127.5,3125.0,3126.0,24622
2025-09-16 05:10:00+00:00,3125.0,3125.60009765625,3124.10009765625,3125.199951171875,30330
2025-09-16 05:30:00+00:00,3126.800048828125,3128.0,3126.0,3126.89990234375,167232
2025-09-16 05:35:00+00:00,3126.199951171875,3127.0,3125.699951171875,3126.800048828125,11619
2025-09-16 05:40:00+00:00,3126.0,3126.89990234375,3126.0,3126.199951171875,9336
2025-09-16 05:45:00+00:00,3126.39990234375,3126.89990234375,3125.800048828125,3126.300048828125,9656
2025-09-16 05:50:00+00:00,3128.699951171875,3130.89990234375,3126.39990234375,3126.39990234375,30604
2025-09-16 05:55:00+00:00,3128.300048828125,3129.300048828125,3127.10009765625,3128.699951171875,7112
2025-09-16 06:00:00+00:00,3129.199951171875,3129.89990234375,3129.0,3129.199951171875,2927
2025-09-16 06:05:00+00:00,3129.0,3130.0,3128.89990234375,3129.89990234375,10521
2025-09-16 06:10:00+00:00,3129.0,3129.800048828125,3128.199951171875,3129.39990234375,21600
2025-09-16 06:15:00+00:00,3127.800048828125,3128.5,3126.0,3128.5,24296
2025-09-16 06:20:00+00:00,3130.0,3130.0,3127.800048828125,3127.800048828125,9882
2025-09-16 06:25:00+00:00,3129.0,3130.0,3128.5,3130.0,10044
2025-09-16 06:30:00+00:00,3130.60009765625,3131.0,3128.699951171875,3129.39990234375,11595
2025-09-16 06:35:00+00:00,3130.300048828125,3131.0,3130.300048828125,3130.60009765625,9695
2025-09-16 08:45:00+00:00,3133.0,3133.89990234375,3129.39990234375,3130.60009765625,530723
2025-09-16 08:50:00+00:00,3131.10009765625,3135.0,3131.10009765625,3133.0,43960
2025-09-16 08:55:00+00:00,3130.89990234375,3132.699951171875,3129.39990234375,3131.10009765625,24899
2025-09-16 09:00:00+00:00,3132.300048828125,3133.699951171875,3130.199951171875,3130.89990234375,15751
2025-09-16 09:05:00+00:00,3136.0,3136.0,3132.199951171875,3132.300048828125,53907
2025-09-16 09:10:00+00:00,3133.0,3136.300048828125,3132.800048828125,3136.0,17053
2025-09-16 09:30:00+00:00,3144.300048828125,3145.0,3134.300048828125,3134.300048828125,370923
2025-09-16 09:35:00+00:00,3145.89990234375,3150.0,3141.699951171875,3145.0,165180
2025-09-16 09:40:00+00:00,3147.199951171875,3150.0,3144.300048828125,3147.10009765625,118333
2025-09-16 09:45:00+00:00,3148.5,3150.0,3144.5,3146.5,106768
2025-09-16 09:50:00+00:00,3147.0,3149.800048828125,3144.800048828125,3148.5,100622
2025-09-16 09:55:00+00:00,3145.699951171875,3149.0,3144.5,3147.0,54086
2025-09-17 03:45:00+00:00,3152.0,3152.0,3142.5,3148.10009765625,0
2025-09-17 03:50:00+00:00,3166.5,3166.5,3151.5,3152.199951171875,87684
2025-09-17 03:55:00+00:00,3171.199951171875,3172.10009765625,3161.10009765625,3166.5,78384
2025-09-17 04:00:00+00:00,3166.5,3174.89990234375,3165.5,3170.699951171875,69608
2025-09-17 04:05:00+00:00,3169.0,3169.89990234375,3162.0,3164.10009765625,43460
2025-09-17 04:10:00+00:00,3165.699951171875,3170.0,3165.0,3169.5,24314
2025-09-17 04:15:00+00:00,3163.89990234375,3167.39990234375,3162.10009765625,3166.39990234375,35710
2025-09-17 04:20:00+00:00,3165.0,3167.0,3163.5,3163.89990234375,27815
2025-09-17 04:25:00+00:00,3168.0,3170.0,3165.0,3165.0,28619
2025-09-17 04:30:00+00:00,3171.0,3171.60009765625,3167.89990234375,3169.300048828125,35825
2025-09-17 04:35:00+00:00,3169.39990234375,3171.39990234375,3167.5,3171.0,25443
2025-09-17 04:40:00+00:00,3165.5,3173.5,3165.5,3169.300048828125,62902
2025-09-17 04:45:00+00:00,3168.699951171875,3171.0,3165.5,3166.699951171875,27569
2025-09-17 04:50:00+00:00,3173.699951171875,3174.699951171875,3168.39990234375,3169.800048828125,26555
2025-09-17 04:55:00+00:00,3171.89990234375,3173.300048828125,3170.699951171875,3173.300048828125,15095
2025-09-17 05:00:00+00:00,3176.300048828125,3177.800048828125,3171.60009765625,3172.0,43462
2025-09-17 05:05:00+00:00,3179.39990234375,3180.89990234375,3175.5,3176.300048828125,51743
2025-09-17 05:10:00+00:00,3176.0,3182.39990234375,3175.300048828125,3179.5,36440
2025-09-17 05:15:00+00:00,3174.10009765625,3178.0,3172.89990234375,3176.0,20482
2025-09-17 05:20:00+00:00,3175.0,3175.0,3172.5,3174.10009765625,17191
2025-09-17 05:25:00+00:00,3177.89990234375,3179.199951171875,3174.0,3174.89990234375,21140
2025-09-17 05:30:00+00:00,3178.10009765625,3179.5,3176.199951171875,3177.800048828125,25746
2025-09-17 05:35:00+00:00,3177.89990234375,3178.199951171875,3175.300048828125,3178.199951171875,14604
2025-09-17 05:40:00+00:00,3172.60009765625,3177.89990234375,3169.199951171875,3176.89990234375,37508
2025-09-17 05:45:00+00:00,3175.0,3177.0,3171.39990234375,3173.0,29003
2025-09-17 05:50:00+00:00,3174.10009765625,3176.10009765625,3172.300048828125,3176.10009765625,23528
2025-09-17 05:55:00+00:00,3174.0,3175.89990234375,3173.699951171875,3174.0,10454
2025-09-17 06:00:00+00:00,3171.800048828125,3175.800048828125,3171.0,3174.0,10936
2025-09-17 06:05:00+00:00,3172.699951171875,3175.0,3171.5,3171.800048828125,11204
2025-09-17 06:10:00+00:00,3173.0,3175.5,3171.5,3172.89990234375,18559
2025-09-17 06:15:00+00:00,3174.199951171875,3174.60009765625,3171.60009765625,3172.89990234375,14647
2025-09-17 06:20:00+00:00,3173.300048828125,3175.5,3172.5,3174.199951171875,17280
2025-09-17 06:25:00+00:00,3172.699951171875,3174.300048828125,3171.60009765625,3173.300048828125,6214
2025-09-17 06:30:00+00:00,3170.800048828125,3173.0,3169.300048828125,3171.800048828125,23477
2025-09-17 06:35:00+00:00,3167.89990234375,3171.699951171875,3166.800048828125,3170.800048828125,25289
2025-09-17 06:40:00+00:00,3170.0,3172.800048828125,3166.199951171875,3167.89990234375,60502
2025-09-17 06:45:00+00:00,3169.300048828125,3172.0,3169.0,3170.0,22307
2025-09-17 06:50:00+00:00,3169.89990234375,3172.60009765625,3169.300048828125,3170.10009765625,19769
2025-09-17 06:55:00+00:00,3171.300048828125,3172.0,3170.300048828125,3171.10009765625,5322
2025-09-17 07:00:00+00:00,3170.0,3174.800048828125,3169.300048828125,3172.0,22513
2025-09-17 07:05:00+00:00,3170.5,3171.60009765625,3169.60009765625,3170.10009765625,14815
2025-09-17 07:10:00+00:00,3170.39990234375,3171.699951171875,3166.39990234375,3170.5,57419
2025-09-17 07:15:00+00:00,3171.89990234375,3172.5,3169.5,3170.39990234375,8545
2025-09-17 07:20:00+00:00,3171.10009765625,3172.0,3169.300048828125,3172.0,11021
2025-09-17 07:25:00+00:00,3172.89990234375,3172.89990234375,3170.0,3171.10009765625,7394
2025-09-17 07:30:00+00:00,3172.300048828125,3172.89990234375,3170.5,3172.800048828125,10059
2025-09-17 07:35:00+00:00,3174.0,3174.0,3171.199951171875,3171.199951171875,10991
2025-09-17 07:40:00+00:00,3173.199951171875,3174.0,3172.0,3174.0,5613
2025-09-17 07:45:00+00:00,3172.10009765625,3173.199951171875,3170.0,3173.199951171875,18163
2025-09-17 07:50:00+00:00,3172.5,3172.89990234375,3171.199951171875,3172.10009765625,6410
2025-09-17 07:55:00+00:00,3171.39990234375,3172.60009765625,3170.5,3172.5,4104
2025-09-17 08:00:00+00:00,3171.300048828125,3171.800048828125,3170.0,3170.300048828125,9799
2025-09-17 08:05:00+00:00,3171.300048828125,3171.800048828125,3170.199951171875,3171.300048828125,8845
2025-09-17 08:10:00+00:00,3171.0,3171.5,3169.89990234375,3170.199951171875,19091
2025-09-17 08:15:00+00:00,3171.39990234375,3171.5,3168.0,3170.0,32597
2025-09-17 08:20:00+00:00,3171.89990234375,3172.0,3170.0,3170.199951171875,7541
2025-09-17 08:25:00+00:00,3172.5,3172.5,3170.800048828125,3171.199951171875,6843
2025-09-17 08:30:00+00:00,3169.199951171875,3172.60009765625,3168.0,3172.5,19504
2025-09-17 08:35:00+00:00,3167.89990234375,3170.300048828125,3163.0,3168.39990234375,111055
2025-09-17 08:40:00+00:00,3168.800048828125,3169.199951171875,3165.5,3168.800048828125,44208
2025-09-17 08:45:00+00:00,3169.5,3170.10009765625,3167.5,3167.699951171875,30027
2025-09-17 08:50:00+00:00,3170.699951171875,3171.699951171875,3170.0,3170.10009765625,28843
2025-09-17 08:55:00+00:00,3171.800048828125,3172.0,3166.10009765625,3170.199951171875,97193
2025-09-17 09:00:00+00:00,3171.800048828125,3172.199951171875,3169.0,3171.800048828125,22878
2025-09-17 09:05:00+00:00,3171.300048828125,3172.10009765625,3170.800048828125,3171.5,19459
2025-09-17 09:10:00+00:00,3170.10009765625,3171.39990234375,3169.699951171875,3171.0,14969
2025-09-17 09:15:00+00:00,3172.5,3173.800048828125,3170.0,3170.0,38421
2025-09-17 09:20:00+00:00,3171.5,3174.699951171875,3171.39990234375,3172.5,20981
2025-09-17 09:25:00+00:00,3172.0,3174.39990234375,3171.199951171875,3171.199951171875,59737
2025-09-17 09:30:00+00:00,3173.5,3174.10009765625,3172.300048828125,3173.199951171875,51009
2025-09-17 09:35:00+00:00,3174.60009765625,3175.10009765625,3171.89990234375,3173.5,66676
2025-09-17 09:40:00+00:00,3172.199951171875,3175.800048828125,3172.0,3175.199951171875,57099
2025-09-17 09:45:00+00:00,3171.10009765625,3173.5,3170.10009765625,3172.199951171875,56997
2025-09-17 09:50:00+00:00,3171.800048828125,3173.0,3170.800048828125,3171.199951171875,76421
2025-09-17 09:55:00+00:00,3175.0,3175.0,3170.0,3171.800048828125,104232
2025-09-18 03:45:00+00:00,3189.0,3192.0,3187.199951171875,3187.199951171875,0
2025-09-18 03:50:00+00:00,3194.60009765625,3196.0,3185.0,3188.800048828125,128858
2025-09-18 03:55:00+00:00,3202.5,3202.5,3194.0,3194.60009765625,100698
2025-09-18 04:00:00+00:00,3195.199951171875,3202.800048828125,3194.0,3202.39990234375,124885
2025-09-18 04:05:00+00:00,3188.800048828125,3195.199951171875,3187.699951171875,3195.199951171875,72915
2025-09-18 04:10:00+00:00,3193.0,3193.0,3186.800048828125,3189.0,46197
2025-09-18 04:15:00+00:00,3192.60009765625,3195.0,3191.10009765625,3193.0,34496
2025-09-18 04:20:00+00:00,3191.5,3193.199951171875,3189.0,3193.199951171875,15072
2025-09-18 04:25:00+00:00,3193.0,3194.5,3190.199951171875,3191.5,16760
2025-09-18 04:30:00+00:00,3189.5,3193.10009765625,3189.0,3192.300048828125,16301
2025-09-18 04:35:00+00:00,3187.0,3189.699951171875,3185.60009765625,3189.0,18390
2025-09-18 04:40:00+00:00,3181.0,3186.800048828125,3180.0,3186.800048828125,48518
2025-09-18 04:45:00+00:00,3181.300048828125,3182.0,3179.300048828125,3181.0,18958
2025-09-18 04:50:00+00:00,3179.800048828125,3181.39990234375,3175.699951171875,3181.199951171875,21834
2025-09-18 04:55:00+00:00,3178.10009765625,3179.699951171875,3176.0,3179.699951171875,22421
2025-09-18 05:00:00+00:00,3180.5,3181.800048828125,3178.0,3178.5,17078
2025-09-18 05:05:00+00:00,3182.5,3183.300048828125,3180.300048828125,3180.5,16403
2025-09-18 05:10:00+00:00,3180.800048828125,3183.199951171875,3179.0,3182.699951171875,14241
2025-09-18 05:15:00+00:00,3179.39990234375,3182.699951171875,3179.300048828125,3181.800048828125,11667
2025-09-18 05:20:00+00:00,3176.800048828125,3179.39990234375,3173.800048828125,3179.39990234375,30115
2025-09-18 05:25:00+00:00,3175.60009765625,3178.0,3175.10009765625,3177.0,12975
2025-09-18 05:30:00+00:00,3173.89990234375,3177.39990234375,3173.5,3176.0,17352
2025-09-18 05:35:00+00:00,3174.0,3176.5,3173.0,3173.800048828125,15166
2025-09-18 05:40:00+00:00,3175.300048828125,3176.0,3173.800048828125,3174.0,12454
2025-09-18 05:45:00+00:00,3175.800048828125,3175.800048828125,3172.699951171875,3175.0,23308
2025-09-18 05:50:00+00:00,3175.0,3176.800048828125,3174.199951171875,3175.199951171875,30116
2025-09-18 05:55:00+00:00,3175.60009765625,3176.0,3173.199951171875,3175.0,21372
2025-09-18 06:00:00+00:00,3175.0,3177.89990234375,3173.0,3175.300048828125,35661
2025-09-18 06:05:00+00:00,3173.89990234375,3176.89990234375,3171.10009765625,3174.0,49879
2025-09-18 06:10:00+00:00,3176.60009765625,3177.0,3173.199951171875,3174.300048828125,21429
2025-09-18 06:15:00+00:00,3174.60009765625,3176.89990234375,3173.0,3176.5,14047
2025-09-18 06:20:00+00:00,3174.0,3175.10009765625,3172.10009765625,3174.60009765625,14387
2025-09-18 06:25:00+00:00,3175.10009765625,3175.39990234375,3173.199951171875,3174.0,12280
2025-09-18 06:30:00+00:00,3174.5,3175.60009765625,3173.800048828125,3174.89990234375,12846
2025-09-18 06:35:00+00:00,3172.89990234375,3176.5,3171.10009765625,3174.5,35680
2025-09-18 06:40:00+00:00,3173.699951171875,3175.0,3170.0,3172.89990234375,31777
2025-09-18 06:45:00+00:00,3174.199951171875,3174.89990234375,3172.10009765625,3173.60009765625,17127
2025-09-18 06:50:00+00:00,3175.0,3175.0,3172.10009765625,3174.0,23198
2025-09-18 06:55:00+00:00,3172.699951171875,3175.60009765625,3172.199951171875,3174.60009765625,14310
2025-09-18 07:00:00+00:00,3172.300048828125,3174.89990234375,3172.0,3172.699951171875,22611
2025-09-18 07:05:00+00:00,3175.0,3178.199951171875,3171.199951171875,3172.300048828125,31668
2025-09-18 07:10:00+00:00,3176.0,3176.0,3172.300048828125,3175.0,27124
2025-09-18 07:15:00+00:00,3176.800048828125,3177.89990234375,3174.60009765625,3176.0,11587
2025-09-18 07:20:00+00:00,3175.300048828125,3176.89990234375,3175.0,3176.800048828125,8221
2025-09-18 07:25:00+00:00,3175.39990234375,3176.0,3173.699951171875,3175.0,8732
2025-09-18 07:30:00+00:00,3168.89990234375,3175.0,3166.10009765625,3175.0,35816
2025-09-18 07:35:00+00:00,3172.300048828125,3174.0,3166.39990234375,3168.89990234375,40528
2025-09-18 07:40:00+00:00,3171.699951171875,3173.199951171875,3170.199951171875,3172.5,10767
2025-09-18 07:45:00+00:00,3167.60009765625,3172.199951171875,3167.5,3171.800048828125,10823
2025-09-18 07:50:00+00:00,3165.199951171875,3168.10009765625,3164.5,3168.0,16514
2025-09-18 07:55:00+00:00,3169.39990234375,3169.39990234375,3164.199951171875,3165.0,29793
2025-09-18 08:00:00+00:00,3169.10009765625,3170.60009765625,3167.0,3169.39990234375,73544
2025-09-18 08:05:00+00:00,3169.0,3170.0,3167.0,3169.10009765625,9714
2025-09-18 08:10:00+00:00,3167.0,3169.300048828125,3166.5,3168.699951171875,8635
2025-09-18 08:15:00+00:00,3166.60009765625,3167.800048828125,3165.10009765625,3166.60009765625,10185
2025-09-18 08:20:00+00:00,3164.0,3167.0,3162.0,3166.89990234375,25011
2025-09-18 08:25:00+00:00,3168.0,3169.39990234375,3161.699951171875,3164.0,38703
2025-09-18 08:30:00+00:00,3167.0,3170.0,3165.0,3167.300048828125,45286
2025-09-18 08:35:00+00:00,3166.199951171875,3170.10009765625,3165.10009765625,3168.699951171875,87877
2025-09-18 08:40:00+00:00,3172.0,3173.10009765625,3166.10009765625,3166.10009765625,38212
2025-09-18 08:45:00+00:00,3171.39990234375,3173.199951171875,3171.10009765625,3172.0,8911
2025-09-18 08:50:00+00:00,3168.699951171875,3171.800048828125,3167.800048828125,3171.39990234375,27890
2025-09-18 08:55:00+00:00,3170.0,3171.60009765625,3167.699951171875,3168.5,20037
2025-09-18 09:00:00+00:00,3169.60009765625,3172.0,3169.300048828125,3170.199951171875,16275
2025-09-18 09:05:00+00:00,3171.39990234375,3173.699951171875,3170.10009765625,3171.0,24506
2025-09-18 09:10:00+00:00,3171.10009765625,3172.39990234375,3169.800048828125,3171.0,23552
2025-09-18 09:15:00+00:00,3172.699951171875,3173.800048828125,3169.300048828125,3170.300048828125,35562
2025-09-18 09:20:00+00:00,3172.5,3175.0,3171.199951171875,3173.300048828125,21813
2025-09-18 09:25:00+00:00,3173.89990234375,3174.60009765625,3172.5,3172.89990234375,19215
2025-09-18 09:30:00+00:00,3176.800048828125,3177.0,3173.699951171875,3173.89990234375,73680
2025-09-18 09:35:00+00:00,3176.5,3178.0,3174.10009765625,3176.60009765625,128908
2025-09-18 09:40:00+00:00,3175.800048828125,3179.0,3174.5,3177.199951171875,90947
2025-09-18 09:45:00+00:00,3178.10009765625,3179.89990234375,3175.199951171875,3175.800048828125,74297
2025-09-18 09:50:00+00:00,3175.300048828125,3178.60009765625,3174.800048828125,3178.199951171875,63191
2025-09-18 09:55:00+00:00,3176.699951171875,3177.300048828125,3170.0,3175.39990234375,75098
2025-09-19 03:45:00+00:00,3163.0,3176.0,3157.0,3169.10009765625,0
2025-09-19 03:50:00+00:00,3153.10009765625,3164.60009765625,3151.39990234375,3162.5,269000
2025-09-19 03:55:00+00:00,3151.39990234375,3153.89990234375,3146.0,3153.89990234375,29899
2025-09-19 04:00:00+00:00,3150.699951171875,3151.800048828125,3144.0,3151.300048828125,30097
2025-09-19 04:05:00+00:00,3154.89990234375,3155.5,3149.0,3149.89990234375,138076
2025-09-19 04:10:00+00:00,3152.5,3160.0,3152.300048828125,3155.5,111367
2025-09-19 04:15:00+00:00,3159.0,3160.39990234375,3150.0,3152.5,67047
2025-09-19 04:20:00+00:00,3161.89990234375,3162.89990234375,3158.0,3158.89990234375,21814
2025-09-19 04:25:00+00:00,3156.800048828125,3161.89990234375,3155.800048828125,3161.89990234375,15043
2025-09-19 04:30:00+00:00,3164.0,3164.0,3156.199951171875,3156.199951171875,38998
2025-09-19 04:35:00+00:00,3164.0,3166.199951171875,3164.0,3166.10009765625,22698
2025-09-19 04:40:00+00:00,3168.0,3169.89990234375,3164.300048828125,3164.300048828125,41714
2025-09-19 04:45:00+00:00,3164.699951171875,3168.39990234375,3164.300048828125,3168.39990234375,8574
2025-09-19 04:50:00+00:00,3165.0,3166.5,3163.0,3164.300048828125,12621
2025-09-19 04:55:00+00:00,3166.0,3168.0,3164.0,3165.800048828125,11205
2025-09-19 05:00:00+00:00,3161.699951171875,3167.0,3160.60009765625,3165.89990234375,15980
2025-09-19 05:05:00+00:00,3161.300048828125,3163.39990234375,3161.0,3162.800048828125,8465
2025-09-19 05:10:00+00:00,3161.699951171875,3162.699951171875,3161.0,3161.89990234375,6297
2025-09-19 05:15:00+00:00,3162.0,3162.0,3159.300048828125,3160.0,10178
2025-09-19 05:20:00+00:00,3162.39990234375,3162.39990234375,3160.800048828125,3162.0,6193
2025-09-19 05:25:00+00:00,3158.0,3162.300048828125,3157.39990234375,3162.300048828125,8155
2025-09-19 05:30:00+00:00,3158.10009765625,3159.800048828125,3156.10009765625,3158.699951171875,7036
2025-09-19 05:35:00+00:00,3157.800048828125,3159.10009765625,3155.5,3157.39990234375,12149
2025-09-19 05:40:00+00:00,3158.800048828125,3159.39990234375,3156.89990234375,3157.89990234375,11208
2025-09-19 05:45:00+00:00,3157.0,3158.89990234375,3155.10009765625,3158.39990234375,9941
2025-09-19 05:50:00+00:00,3157.10009765625,3158.5,3155.60009765625,3156.300048828125,5934
2025-09-19 05:55:00+00:00,3156.60009765625,3157.10009765625,3155.199951171875,3157.10009765625,6630
2025-09-19 06:00:00+00:00,3158.800048828125,3158.89990234375,3155.10009765625,3156.60009765625,43951
2025-09-19 06:05:00+00:00,3158.699951171875,3160.699951171875,3156.10009765625,3158.89990234375,18835
2025-09-19 06:10:00+00:00,3157.39990234375,3160.0,3155.60009765625,3158.60009765625,9823
2025-09-19 06:15:00+00:00,3157.800048828125,3160.199951171875,3156.5,3157.0,37709
2025-09-19 06:20:00+00:00,3160.199951171875,3160.199951171875,3156.0,3156.89990234375,35776
2025-09-19 06:25:00+00:00,3159.199951171875,3160.5,3157.5,3160.0,48343
2025-09-19 06:30:00+00:00,3154.10009765625,3159.39990234375,3153.89990234375,3159.199951171875,14139
2025-09-19 06:35:00+00:00,3153.699951171875,3155.89990234375,3153.5,3153.800048828125,18865
2025-09-19 06:40:00+00:00,3155.89990234375,3155.89990234375,3153.39990234375,3153.699951171875,19550
2025-09-19 06:45:00+00:00,3154.0,3155.89990234375,3151.89990234375,3155.89990234375,38023
2025-09-19 06:50:00+00:00,3155.699951171875,3156.0,3152.0,3153.5,30207
2025-09-19 06:55:00+00:00,3156.60009765625,3157.800048828125,3154.39990234375,3155.699951171875,33634
2025-09-19 07:00:00+00:00,3153.800048828125,3156.699951171875,3153.800048828125,3156.699951171875,6835
2025-09-19 07:05:00+00:00,3154.300048828125,3155.800048828125,3153.300048828125,3153.89990234375,22529
2025-09-19 07:10:00+00:00,3156.10009765625,3156.800048828125,3153.300048828125,3154.300048828125,48751
2025-09-19 07:15:00+00:00,3158.10009765625,3160.0,3155.5,3156.10009765625,80848
2025-09-19 07:20:00+00:00,3157.39990234375,3160.10009765625,3155.10009765625,3158.10009765625,33185
2025-09-19 07:25:00+00:00,3157.199951171875,3160.10009765625,3156.0,3157.5,35421
2025-09-19 07:30:00+00:00,3157.89990234375,3159.0,3157.199951171875,3157.199951171875,5723
2025-09-19 07:35:00+00:00,3159.89990234375,3160.300048828125,3157.10009765625,3157.800048828125,26037
2025-09-19 07:40:00+00:00,3158.0,3160.0,3157.39990234375,3159.0,14998
2025-09-19 07:45:00+00:00,3160.0,3160.5,3157.699951171875,3158.0,20845
2025-09-19 07:50:00+00:00,3160.0,3160.300048828125,3158.0,3160.0,11231
2025-09-19 07:55:00+00:00,3162.89990234375,3165.89990234375,3159.800048828125,3160.10009765625,34351
2025-09-19 08:00:00+00:00,3159.89990234375,3165.800048828125,3159.89990234375,3162.89990234375,18358
2025-09-19 08:05:00+00:00,3157.800048828125,3161.89990234375,3156.199951171875,3159.89990234375,13623
2025-09-19 08:10:00+00:00,3159.199951171875,3159.699951171875,3157.800048828125,3157.800048828125,9939
2025-09-19 08:15:00+00:00,3158.199951171875,3159.5,3156.89990234375,3159.39990234375,7312
2025-09-19 08:20:00+00:00,3158.10009765625,3159.39990234375,3157.5,3158.199951171875,6162
2025-09-19 08:25:00+00:00,3158.39990234375,3161.300048828125,3156.10009765625,3158.60009765625,38485
2025-09-19 08:30:00+00:00,3162.89990234375,3163.60009765625,3158.800048828125,3159.5,14373
2025-09-19 08:35:00+00:00,3162.89990234375,3163.0,3161.699951171875,3162.89990234375,7415
2025-09-19 08:40:00+00:00,3162.300048828125,3162.89990234375,3161.5,3162.89990234375,7980
2025-09-19 08:45:00+00:00,3162.10009765625,3164.10009765625,3160.0,3162.199951171875,16874
2025-09-19 08:50:00+00:00,3156.0,3162.0,3155.0,3162.0,17355
2025-09-19 08:55:00+00:00,3157.300048828125,3160.0,3154.0,3155.0,108073
2025-09-19 09:00:00+00:00,3155.89990234375,3157.300048828125,3152.0,3157.300048828125,66753
2025-09-19 09:05:00+00:00,3155.0,3158.0,3154.199951171875,3155.89990234375,27417
2025-09-19 09:10:00+00:00,3162.0,3162.5,3154.699951171875,3156.699951171875,170571
2025-09-19 09:15:00+00:00,3163.0,3163.89990234375,3160.5,3162.5,23071
2025-09-19 09:20:00+00:00,3165.199951171875,3165.300048828125,3162.0,3163.10009765625,23870
2025-09-19 09:25:00+00:00,3162.0,3165.0,3162.0,3165.0,22594
2025-09-19 09:30:00+00:00,3166.5,3166.5,3158.89990234375,3160.10009765625,301618
2025-09-19 09:35:00+00:00,3165.5,3167.10009765625,3161.699951171875,3166.39990234375,264045
2025-09-19 09:40:00+00:00,3167.199951171875,3170.5,3164.89990234375,3167.60009765625,361432
2025-09-19 09:45:00+00:00,3175.699951171875,3175.699951171875,3166.0,3167.10009765625,408143
2025-09-19 09:50:00+00:00,3173.0,3179.699951171875,3171.699951171875,3174.0,385390
2025-09-19 09:55:00+00:00,3171.0,3174.5,3160.89990234375,3173.5,200880
2025-09-22 03:45:00+00:00,3086.10009765625,3096.300048828125,3065.0,3088.0,0
2025-09-22 03:50:00+00:00,3091.300048828125,3092.699951171875,3083.199951171875,3084.5,142094
2025-09-22 03:55:00+00:00,3100.60009765625,3102.0,3090.0,3091.0,128212
2025-09-22 04:00:00+00:00,3100.5,3102.5,3094.800048828125,3100.60009765625,113722
2025-09-22 04:05:00+00:00,3101.800048828125,3101.89990234375,3097.0,3099.0,64206
2025-09-22 04:10:00+00:00,3104.300048828125,3105.699951171875,3100.10009765625,3101.300048828125,62305
2025-09-22 04:15:00+00:00,3100.0,3105.60009765625,3100.0,3104.800048828125,60132
2025-09-22 04:20:00+00:00,3101.10009765625,3101.10009765625,3094.0,3100.800048828125,148820
2025-09-22 04:25:00+00:00,3101.60009765625,3106.0,3100.0,3101.0,44696
2025-09-22 04:30:00+00:00,3100.60009765625,3103.800048828125,3098.89990234375,3102.199951171875,31956
2025-09-22 04:35:00+00:00,3100.0,3100.60009765625,3097.699951171875,3100.5,31269
2025-09-22 04:40:00+00:00,3100.5,3101.0,3098.300048828125,3100.0,27924
2025-09-22 04:45:00+00:00,3099.89990234375,3100.60009765625,3098.0,3100.300048828125,31099
2025-09-22 04:50:00+00:00,3098.60009765625,3100.0,3096.39990234375,3099.800048828125,26441
2025-09-22 04:55:00+00:00,3096.89990234375,3099.300048828125,3095.39990234375,3098.60009765625,24405
2025-09-22 05:00:00+00:00,3091.199951171875,3097.0,3089.89990234375,3096.89990234375,80685
2025-09-22 05:05:00+00:00,3089.800048828125,3092.5,3087.0,3091.199951171875,50646
2025-09-22 05:10:00+00:00,3087.60009765625,3090.0,3086.5,3089.800048828125,37601
2025-09-22 05:15:00+00:00,3090.199951171875,3091.199951171875,3086.0,3087.5,29227
2025-09-22 05:20:00+00:00,3089.89990234375,3090.89990234375,3087.0,3090.800048828125,25751
2025-09-22 05:25:00+00:00,3090.0,3091.199951171875,3089.0,3089.89990234375,14185
2025-09-22 05:30:00+00:00,3089.10009765625,3090.199951171875,3088.0,3090.10009765625,18774
2025-09-22 05:35:00+00:00,3086.800048828125,3089.199951171875,3084.89990234375,3089.10009765625,43624
2025-09-22 05:40:00+00:00,3088.60009765625,3088.699951171875,3085.300048828125,3086.0,27813
2025-09-22 05:45:00+00:00,3082.89990234375,3089.0,3081.800048828125,3089.0,26692
2025-09-22 05:50:00+00:00,3082.10009765625,3082.60009765625,3080.0,3082.5,51421
2025-09-22 05:55:00+00:00,3079.199951171875,3082.5,3078.39990234375,3082.199951171875,36562
2025-09-22 06:00:00+00:00,3079.89990234375,3080.800048828125,3078.10009765625,3079.10009765625,20236
2025-09-22 06:05:00+00:00,3080.800048828125,3080.800048828125,3078.39990234375,3079.89990234375,19515
2025-09-22 06:10:00+00:00,3083.300048828125,3083.89990234375,3080.10009765625,3081.0,27284
2025-09-22 06:15:00+00:00,3082.199951171875,3083.699951171875,3082.0,3083.300048828125,12700
2025-09-22 06:20:00+00:00,3081.60009765625,3082.10009765625,3080.5,3082.10009765625,16259
2025-09-22 06:25:00+00:00,3081.800048828125,3083.10009765625,3081.0,3081.699951171875,14331
2025-09-22 06:30:00+00:00,3082.10009765625,3084.39990234375,3081.10009765625,3081.89990234375,15608
2025-09-22 06:35:00+00:00,3082.60009765625,3083.300048828125,3080.60009765625,3082.800048828125,15967
2025-09-22 06:40:00+00:00,3081.5,3083.800048828125,3080.10009765625,3082.199951171875,23741
2025-09-22 06:45:00+00:00,3082.60009765625,3084.0,3080.699951171875,3081.800048828125,70609
2025-09-22 06:50:00+00:00,3083.199951171875,3085.39990234375,3082.0,3082.60009765625,22505
2025-09-22 06:55:00+00:00,3081.300048828125,3084.10009765625,3081.0,3083.0,19887
2025-09-22 07:00:00+00:00,3081.10009765625,3082.300048828125,3080.699951171875,3081.699951171875,10427
2025-09-22 07:05:00+00:00,3082.5,3083.0,3080.699951171875,3081.0,13053
2025-09-22 07:10:00+00:00,3085.10009765625,3085.39990234375,3082.300048828125,3082.699951171875,14476
2025-09-22 07:15:00+00:00,3082.10009765625,3085.199951171875,3082.0,3085.0,36963
2025-09-22 07:20:00+00:00,3080.199951171875,3082.39990234375,3080.0,3082.10009765625,26393
2025-09-22 07:25:00+00:00,3078.800048828125,3081.0,3077.10009765625,3080.199951171875,36641
2025-09-22 07:30:00+00:00,3077.5,3079.5,3075.60009765625,3079.0,27274
2025-09-22 07:35:00+00:00,3075.300048828125,3078.5,3074.60009765625,3077.39990234375,37733
2025-09-22 07:40:00+00:00,3075.5,3077.0,3075.0,3076.199951171875,19472
2025-09-22 07:45:00+00:00,3074.199951171875,3076.0,3073.699951171875,3075.60009765625,20652
2025-09-22 07:50:00+00:00,3072.5,3075.300048828125,3072.0,3074.199951171875,29006
2025-09-22 07:55:00+00:00,3074.800048828125,3076.0,3070.60009765625,3072.5,36123
2025-09-22 08:00:00+00:00,3073.300048828125,3076.0,3072.5,3076.0,21257
2025-09-22 08:05:00+00:00,3073.10009765625,3074.0,3072.5,3073.5,29374
2025-09-22 08:10:00+00:00,3073.300048828125,3074.60009765625,3073.0,3073.800048828125,21758
2025-09-22 08:15:00+00:00,3071.39990234375,3073.800048828125,3070.5,3073.300048828125,24899
2025-09-22 08:20:00+00:00,3070.800048828125,3072.10009765625,3070.5,3071.10009765625,19275
2025-09-22 08:25:00+00:00,3070.60009765625,3071.89990234375,3070.0,3070.89990234375,36412
2025-09-22 08:30:00+00:00,3070.5,3071.699951171875,3070.300048828125,3070.60009765625,20649
2025-09-22 08:35:00+00:00,3074.5,3076.199951171875,3070.5,3070.60009765625,44844
2025-09-22 08:40:00+00:00,3073.5,3074.60009765625,3072.39990234375,3074.60009765625,18052
2025-09-22 08:45:00+00:00,3071.89990234375,3073.60009765625,3071.39990234375,3073.5,19037
2025-09-22 08:50:00+00:00,3070.10009765625,3072.0,3070.0,3071.800048828125,20978
2025-09-22 08:55:00+00:00,3068.39990234375,3071.39990234375,3068.39990234375,3070.0,50150
2025-09-22 09:00:00+00:00,3067.10009765625,3069.0,3066.39990234375,3068.699951171875,33383
2025-09-22 09:05:00+00:00,3068.5,3069.10009765625,3066.0,3067.0,53108
2025-09-22 09:10:00+00:00,3066.39990234375,3068.5,3066.10009765625,3068.39990234375,33975
2025-09-22 09:15:00+00:00,3067.300048828125,3067.5,3065.0,3066.39990234375,62207
2025-09-22 09:20:00+00:00,3069.5,3070.89990234375,3067.10009765625,3067.199951171875,39705
2025-09-22 09:25:00+00:00,3070.800048828125,3072.60009765625,3069.199951171875,3069.800048828125,50751
2025-09-22 09:30:00+00:00,3074.60009765625,3075.0,3070.89990234375,3071.10009765625,54260
2025-09-22 09:35:00+00:00,3073.89990234375,3076.0,3073.0,3074.800048828125,81905
2025-09-22 09:40:00+00:00,3073.39990234375,3075.5,3073.10009765625,3073.300048828125,73194
2025-09-22 09:45:00+00:00,3072.89990234375,3074.5,3070.800048828125,3073.300048828125,139183
2025-09-22 09:50:00+00:00,3075.39990234375,3076.0,3072.800048828125,3073.0,96530
2025-09-22 09:55:00+00:00,3075.5,3076.0,3075.0,3075.5,49884
2025-09-23 03:45:00+00:00,3077.0,3080.699951171875,3072.39990234375,3073.39990234375,0
2025-09-23 03:50:00+00:00,3076.39990234375,3076.699951171875,3071.0,3076.0,114670
2025-09-23 03:55:00+00:00,3064.800048828125,3076.199951171875,3064.39990234375,3076.199951171875,46613
2025-09-23 04:00:00+00:00,3058.5,3064.60009765625,3058.199951171875,3064.60009765625,65736
2025-09-23 04:05:00+00:00,3060.699951171875,3060.800048828125,3057.0,3058.0,57668
2025-09-23 04:10:00+00:00,3057.0,3060.300048828125,3056.0,3060.300048828125,34357
2025-09-23 04:15:00+00:00,3054.0,3057.60009765625,3054.0,3057.39990234375,43244
2025-09-23 04:20:00+00:00,3054.60009765625,3055.5,3052.10009765625,3053.60009765625,50133
2025-09-23 04:25:00+00:00,3059.300048828125,3059.699951171875,3054.39990234375,3054.39990234375,75150
2025-09-23 04:30:00+00:00,3059.39990234375,3059.699951171875,3059.0,3059.300048828125,18552
2025-09-23 04:35:00+00:00,3058.89990234375,3059.800048828125,3058.89990234375,3059.300048828125,38248
2025-09-23 04:40:00+00:00,3057.5,3060.0,3055.0,3059.10009765625,54226
2025-09-23 04:45:00+00:00,3057.10009765625,3058.10009765625,3057.0,3057.0,10944
2025-09-23 04:50:00+00:00,3057.10009765625,3057.10009765625,3056.39990234375,3057.0,21431
2025-09-23 04:55:00+00:00,3057.10009765625,3058.0,3056.89990234375,3057.0,26049
2025-09-23 05:00:00+00:00,3057.0,3058.0,3057.0,3057.10009765625,21924
2025-09-23 05:05:00+00:00,3059.10009765625,3060.0,3056.199951171875,3057.0,20622
2025-09-23 05:10:00+00:00,3059.0,3059.89990234375,3057.800048828125,3059.10009765625,41623
2025-09-23 05:15:00+00:00,3059.0,3059.39990234375,3059.0,3059.0,10537
2025-09-23 05:20:00+00:00,3059.10009765625,3059.199951171875,3058.89990234375,3059.0,13253
2025-09-23 05:25:00+00:00,3059.10009765625,3059.60009765625,3058.5,3059.0,11039
2025-09-23 05:30:00+00:00,3059.10009765625,3060.0,3058.10009765625,3059.10009765625,11706
2025-09-23 05:35:00+00:00,3059.10009765625,3060.0,3059.0,3059.10009765625,12283
2025-09-23 05:40:00+00:00,3059.0,3059.89990234375,3058.89990234375,3059.0,15695
2025-09-23 05:45:00+00:00,3057.0,3059.10009765625,3056.199951171875,3059.10009765625,32111
2025-09-23 05:50:00+00:00,3057.0,3058.0,3057.0,3057.0,16268
2025-09-23 05:55:00+00:00,3057.10009765625,3058.0,3056.5,3057.10009765625,23893
2025-09-23 06:00:00+00:00,3057.0,3057.199951171875,3056.39990234375,3057.10009765625,39127
2025-09-23 06:05:00+00:00,3057.10009765625,3057.10009765625,3056.89990234375,3057.10009765625,16072
2025-09-23 06:10:00+00:00,3057.10009765625,3058.300048828125,3057.0,3057.0,11790
2025-09-23 06:15:00+00:00,3057.199951171875,3058.800048828125,3057.0,3057.10009765625,10363
2025-09-23 06:20:00+00:00,3057.60009765625,3058.10009765625,3057.10009765625,3057.300048828125,21220
2025-09-23 06:25:00+00:00,3058.0,3059.5,3057.39990234375,3057.699951171875,19098
2025-09-23 06:30:00+00:00,3060.699951171875,3061.0,3057.5,3058.0,24874
2025-09-23 06:35:00+00:00,3064.0,3064.0,3060.5,3060.5,23548
2025-09-23 06:40:00+00:00,3065.0,3066.60009765625,3063.5,3063.5,20051
2025-09-23 06:45:00+00:00,3062.699951171875,3065.5,3061.0,3065.199951171875,31158
2025-09-23 06:50:00+00:00,3061.800048828125,3064.0,3061.5,3063.0,22071
2025-09-23 06:55:00+00:00,3061.10009765625,3062.60009765625,3061.0,3061.89990234375,15883
2025-09-23 07:00:00+00:00,3064.199951171875,3064.199951171875,3059.39990234375,3061.5,34202
2025-09-23 07:05:00+00:00,3068.800048828125,3069.89990234375,3064.10009765625,3064.10009765625,36732
2025-09-23 07:10:00+00:00,3065.10009765625,3069.300048828125,3065.0,3068.699951171875,29214
2025-09-23 07:15:00+00:00,3062.89990234375,3065.10009765625,3062.699951171875,3065.10009765625,23348
2025-09-23 07:20:00+00:00,3064.800048828125,3064.89990234375,3062.199951171875,3062.89990234375,15446
2025-09-23 07:25:00+00:00,3061.89990234375,3065.199951171875,3061.5,3064.800048828125,27145
2025-09-23 07:30:00+00:00,3063.10009765625,3064.89990234375,3061.800048828125,3062.800048828125,20511
2025-09-23 07:35:00+00:00,3061.10009765625,3064.0,3061.0,3063.5,21219
2025-09-23 07:40:00+00:00,3060.60009765625,3061.60009765625,3060.5,3061.10009765625,19547
2025-09-23 07:45:00+00:00,3060.199951171875,3060.60009765625,3060.0,3060.60009765625,16966
2025-09-23 07:50:00+00:00,3061.0,3061.199951171875,3060.0,3060.199951171875,16512
2025-09-23 07:55:00+00:00,3062.199951171875,3064.39990234375,3060.10009765625,3060.300048828125,17637
2025-09-23 08:00:00+00:00,3067.60009765625,3069.800048828125,3062.199951171875,3062.199951171875,25800
2025-09-23 08:05:00+00:00,3068.60009765625,3069.0,3066.10009765625,3068.89990234375,28585
2025-09-23 08:10:00+00:00,3068.300048828125,3068.89990234375,3067.0,3068.60009765625,12708
2025-09-23 08:15:00+00:00,3070.0,3071.10009765625,3067.800048828125,3068.300048828125,15412
2025-09-23 08:20:00+00:00,3069.0,3072.5,3069.0,3070.0,18543
2025-09-23 08:25:00+00:00,3067.800048828125,3070.699951171875,3067.300048828125,3069.0,13187
2025-09-23 08:30:00+00:00,3070.89990234375,3072.699951171875,3067.60009765625,3068.0,36427
2025-09-23 08:35:00+00:00,3073.60009765625,3076.0,3070.699951171875,3070.699951171875,23483
2025-09-23 08:40:00+00:00,3069.800048828125,3075.0,3069.10009765625,3073.5,44952
2025-09-23 08:45:00+00:00,3068.300048828125,3071.300048828125,3066.800048828125,3069.60009765625,34947
2025-09-23 08:50:00+00:00,3070.699951171875,3071.60009765625,3066.300048828125,3068.199951171875,332245
2025-09-23 08:55:00+00:00,3069.0,3072.199951171875,3068.0,3070.10009765625,18308
2025-09-23 09:00:00+00:00,3067.300048828125,3070.699951171875,3066.60009765625,3069.300048828125,40801
2025-09-23 09:05:00+00:00,3066.300048828125,3072.300048828125,3066.0,3067.199951171875,25895
2025-09-23 09:10:00+00:00,3067.300048828125,3068.199951171875,3065.60009765625,3066.300048828125,20359
2025-09-23 09:15:00+00:00,3062.199951171875,3067.89990234375,3061.39990234375,3067.300048828125,42311
2025-09-23 09:20:00+00:00,3063.39990234375,3065.0,3061.199951171875,3062.39990234375,35031
2025-09-23 09:25:00+00:00,3062.89990234375,3065.0,3061.199951171875,3062.800048828125,66995
2025-09-23 09:30:00+00:00,3063.60009765625,3069.39990234375,3060.0,3062.89990234375,167116
2025-09-23 09:35:00+00:00,3060.300048828125,3063.699951171875,3059.699951171875,3063.699951171875,97939
2025-09-23 09:40:00+00:00,3061.0,3066.300048828125,3057.0,3060.199951171875,192038
2025-09-23 09:45:00+00:00,3061.800048828125,3069.0,3059.10009765625,3061.39990234375,152663
2025-09-23 09:50:00+00:00,3063.5,3064.89990234375,3059.5,3062.199951171875,105876
2025-09-23 09:55:00+00:00,3065.0,3065.800048828125,3061.89990234375,3063.0,45024
2025-09-24 03:45:00+00:00,3046.10009765625,3055.800048828125,3046.0,3054.699951171875,0
2025-09-24 03:50:00+00:00,3045.0,3045.60009765625,3041.199951171875,3045.199951171875,56453
2025-09-24 03:55:00+00:00,3044.0,3046.89990234375,3043.699951171875,3044.60009765625,31352
2025-09-24 04:00:00+00:00,3042.699951171875,3045.60009765625,3039.699951171875,3043.89990234375,66358
2025-09-24 04:05:00+00:00,3042.5,3043.39990234375,3041.10009765625,3042.39990234375,22224
2025-09-24 04:10:00+00:00,3041.300048828125,3043.5,3041.0,3042.39990234375,42918
2025-09-24 04:15:00+00:00,3042.39990234375,3043.5,3040.10009765625,3041.10009765625,24204
2025-09-24 04:20:00+00:00,3041.699951171875,3045.10009765625,3041.699951171875,3042.199951171875,24624
2025-09-24 04:25:00+00:00,3048.199951171875,3048.89990234375,3042.300048828125,3042.60009765625,18176
2025-09-24 04:30:00+00:00,3047.89990234375,3048.10009765625,3044.800048828125,3048.10009765625,12622
2025-09-24 04:35:00+00:00,3047.699951171875,3049.699951171875,3046.5,3047.60009765625,11549
2025-09-24 04:40:00+00:00,3047.5,3049.5,3046.300048828125,3047.199951171875,19708
2025-09-24 04:45:00+00:00,3049.199951171875,3054.199951171875,3046.5,3046.5,22133
2025-09-24 04:50:00+00:00,3048.89990234375,3049.699951171875,3048.10009765625,3049.199951171875,6620
2025-09-24 04:55:00+00:00,3050.699951171875,3051.5,3049.0,3049.0,8126
2025-09-24 05:00:00+00:00,3050.300048828125,3052.300048828125,3050.199951171875,3050.699951171875,9294
2025-09-24 05:05:00+00:00,3048.0,3051.199951171875,3048.0,3050.300048828125,8061
2025-09-24 05:10:00+00:00,3046.0,3048.10009765625,3046.0,3048.10009765625,7214
2025-09-24 05:15:00+00:00,3045.39990234375,3047.0,3045.39990234375,3046.89990234375,6621
2025-09-24 05:20:00+00:00,3044.300048828125,3045.60009765625,3044.0,3044.89990234375,9771
2025-09-24 05:25:00+00:00,3044.0,3045.800048828125,3043.699951171875,3044.699951171875,7364
2025-09-24 05:30:00+00:00,3046.199951171875,3046.199951171875,3043.0,3043.800048828125,9476
2025-09-24 05:35:00+00:00,3042.0,3046.10009765625,3042.0,3046.10009765625,8535
2025-09-24 05:40:00+00:00,3045.0,3045.0,3042.10009765625,3042.10009765625,7362
2025-09-24 05:45:00+00:00,3046.0,3046.699951171875,3044.89990234375,3044.89990234375,7469
2025-09-24 05:50:00+00:00,3042.39990234375,3046.89990234375,3042.10009765625,3046.0,8364
2025-09-24 05:55:00+00:00,3042.60009765625,3042.89990234375,3041.10009765625,3042.10009765625,10482
2025-09-24 06:00:00+00:00,3044.39990234375,3045.0,3042.10009765625,3043.39990234375,8360
2025-09-24 06:05:00+00:00,3045.39990234375,3046.800048828125,3043.199951171875,3043.199951171875,8108
2025-09-24 06:10:00+00:00,3043.39990234375,3045.89990234375,3042.89990234375,3044.800048828125,5939
2025-09-24 06:15:00+00:00,3044.89990234375,3045.39990234375,3043.0,3043.89990234375,7412
2025-09-24 06:20:00+00:00,3044.199951171875,3046.199951171875,3043.0,3045.0,5889
2025-09-24 06:25:00+00:00,3045.10009765625,3045.5,3043.10009765625,3045.5,5229
2025-09-24 06:30:00+00:00,3041.800048828125,3045.5,3041.0,3045.0,11604
2025-09-24 06:35:00+00:00,3043.300048828125,3043.800048828125,3041.10009765625,3041.800048828125,5539
2025-09-24 06:40:00+00:00,3044.89990234375,3044.89990234375,3042.10009765625,3042.10009765625,6937
2025-09-24 06:45:00+00:00,3046.5,3047.0,3044.10009765625,3044.10009765625,10650
2025-09-24 06:50:00+00:00,3048.0,3048.0,3045.300048828125,3045.89990234375,9110
2025-09-24 06:55:00+00:00,3047.60009765625,3048.0,3046.0,3047.89990234375,7226
2025-09-24 07:00:00+00:00,3047.5,3047.89990234375,3045.10009765625,3046.60009765625,9717
2025-09-24 07:05:00+00:00,3047.199951171875,3050.0,3046.800048828125,3047.5,21134
2025-09-24 07:10:00+00:00,3047.10009765625,3047.60009765625,3046.199951171875,3047.0,6692
2025-09-24 07:15:00+00:00,3045.5,3046.699951171875,3043.5,3046.5,15489
2025-09-24 07:20:00+00:00,3046.0,3046.0,3045.0,3045.60009765625,7714
2025-09-24 07:25:00+00:00,3046.0,3046.0,3044.699951171875,3046.0,13027
2025-09-24 07:30:00+00:00,3047.89990234375,3048.0,3044.89990234375,3045.0,6932
2025-09-24 07:35:00+00:00,3047.300048828125,3049.0,3047.0,3048.0,7689
2025-09-24 07:40:00+00:00,3049.10009765625,3049.199951171875,3047.0,3047.300048828125,6903
2025-09-24 07:45:00+00:00,3050.60009765625,3050.89990234375,3048.60009765625,3049.39990234375,303593
2025-09-24 07:50:00+00:00,3050.10009765625,3051.5,3049.0,3050.60009765625,8319
2025-09-24 07:55:00+00:00,3048.5,3050.300048828125,3047.10009765625,3049.10009765625,9318
2025-09-24 08:00:00+00:00,3049.800048828125,3050.60009765625,3048.10009765625,3048.5,16052
2025-09-24 08:05:00+00:00,3050.199951171875,3050.5,3048.10009765625,3049.0,6681
2025-09-24 08:10:00+00:00,3049.800048828125,3050.39990234375,3048.0,3049.5,9468
2025-09-24 08:15:00+00:00,3047.0,3050.0,3047.0,3049.300048828125,19998
2025-09-24 08:20:00+00:00,3048.0,3049.0,3047.0,3047.10009765625,16596
2025-09-24 08:25:00+00:00,3044.0,3049.5,3043.199951171875,3049.0,17742
2025-09-24 08:30:00+00:00,3045.10009765625,3045.800048828125,3043.0,3044.0,4730
2025-09-24 08:35:00+00:00,3044.0,3045.60009765625,3043.39990234375,3045.10009765625,6729
2025-09-24 08:40:00+00:00,3044.300048828125,3045.60009765625,3043.0,3044.800048828125,8236
2025-09-24 08:45:00+00:00,3042.60009765625,3045.5,3042.60009765625,3044.0,10328
2025-09-24 08:50:00+00:00,3041.300048828125,3043.800048828125,3041.199951171875,3042.89990234375,14714
2025-09-24 08:55:00+00:00,3042.89990234375,3043.60009765625,3041.300048828125,3041.39990234375,8238
2025-09-24 09:00:00+00:00,3041.5,3043.699951171875,3041.199951171875,3042.89990234375,6337
2025-09-24 09:05:00+00:00,3043.699951171875,3043.89990234375,3041.10009765625,3041.800048828125,15797
2025-09-24 09:10:00+00:00,3041.5,3044.0,3040.0,3043.800048828125,27828
2025-09-24 09:15:00+00:00,3041.199951171875,3042.60009765625,3040.5,3041.5,7554
2025-09-24 09:20:00+00:00,3040.199951171875,3041.800048828125,3040.0,3041.199951171875,10774
2025-09-24 09:25:00+00:00,3037.39990234375,3040.5,3035.89990234375,3040.199951171875,41504
2025-09-24 09:30:00+00:00,3037.5,3037.800048828125,3033.39990234375,3037.0,52814
2025-09-24 09:35:00+00:00,3034.89990234375,3037.60009765625,3033.89990234375,3037.39990234375,32631
2025-09-24 09:40:00+00:00,3036.10009765625,3036.800048828125,3034.0,3035.0,42611
2025-09-24 09:45:00+00:00,3035.10009765625,3036.199951171875,3034.800048828125,3036.10009765625,41621
2025-09-24 09:50:00+00:00,3036.300048828125,3036.39990234375,3035.0,3035.0,47125
2025-09-24 09:55:00+00:00,3036.89990234375,3037.0,3034.60009765625,3035.60009765625,40538
2025-09-25 03:45:00+00:00,3027.0,3028.0,3018.89990234375,3023.0,0
2025-09-25 03:50:00+00:00,3028.0,3029.5,3023.0,3027.199951171875,43641
2025-09-25 03:55:00+00:00,3021.0,3028.39990234375,3020.0,3028.39990234375,79320
2025-09-25 04:00:00+00:00,3022.60009765625,3023.699951171875,3020.199951171875,3021.0,32909
2025-09-25 04:05:00+00:00,3022.5,3023.10009765625,3019.60009765625,3022.199951171875,34278
2025-09-25 04:10:00+00:00,3027.39990234375,3027.5,3021.39990234375,3022.39990234375,47806
2025-09-25 04:15:00+00:00,3023.0,3027.60009765625,3023.0,3027.199951171875,30874
2025-09-25 04:20:00+00:00,3020.199951171875,3023.199951171875,3019.5,3023.199951171875,27211
2025-09-25 04:25:00+00:00,3021.699951171875,3022.5,3020.199951171875,3020.199951171875,12870
2025-09-25 04:30:00+00:00,3020.699951171875,3021.300048828125,3019.5,3021.0,16795
2025-09-25 04:35:00+00:00,3017.699951171875,3021.5,3017.0,3021.0,17720
2025-09-25 04:40:00+00:00,3017.0,3017.699951171875,3013.199951171875,3017.60009765625,42096
2025-09-25 04:45:00+00:00,3014.60009765625,3017.0,3013.300048828125,3017.0,27540
2025-09-25 04:50:00+00:00,3011.5,3015.0,3011.10009765625,3014.5,29430
2025-09-25 04:55:00+00:00,3010.0,3011.699951171875,3009.10009765625,3011.5,52611
2025-09-25 05:00:00+00:00,3007.89990234375,3010.39990234375,3006.5,3010.0,35720
2025-09-25 05:05:00+00:00,3002.10009765625,3007.89990234375,3002.10009765625,3007.699951171875,52115
2025-09-25 05:10:00+00:00,3005.10009765625,3006.199951171875,3001.199951171875,3002.10009765625,49163
2025-09-25 05:15:00+00:00,3006.5,3006.5,3004.0,3005.10009765625,21654
2025-09-25 05:20:00+00:00,3006.199951171875,3007.699951171875,3005.800048828125,3006.5,23689
2025-09-25 05:25:00+00:00,3004.0,3006.800048828125,3001.199951171875,3006.800048828125,32382
2025-09-25 05:30:00+00:00,3004.5,3004.89990234375,3001.10009765625,3004.199951171875,27396
2025-09-25 05:35:00+00:00,3006.699951171875,3006.800048828125,3003.60009765625,3004.699951171875,15490
2025-09-25 05:40:00+00:00,3006.199951171875,3006.800048828125,3005.39990234375,3006.800048828125,13387
2025-09-25 05:45:00+00:00,3006.300048828125,3006.800048828125,3005.60009765625,3006.10009765625,11454
2025-09-25 05:50:00+00:00,3005.89990234375,3006.800048828125,3005.0,3006.300048828125,14449
2025-09-25 05:55:00+00:00,3004.5,3005.89990234375,3003.300048828125,3005.699951171875,23258
2025-09-25 06:00:00+00:00,3001.10009765625,3004.5,3001.0,3004.5,29221
2025-09-25 06:05:00+00:00,3001.699951171875,3002.5,3001.0,3001.0,20376
2025-09-25 06:10:00+00:00,3001.5,3002.0,3001.0,3001.699951171875,22805
2025-09-25 06:15:00+00:00,3003.60009765625,3003.60009765625,3001.5,3001.5,19787
2025-09-25 06:20:00+00:00,3000.199951171875,3003.800048828125,3000.0,3003.60009765625,60879
2025-09-25 06:25:00+00:00,2997.199951171875,3001.10009765625,2997.0,3000.39990234375,78456
2025-09-25 06:30:00+00:00,2995.39990234375,2998.300048828125,2995.0,2997.199951171875,39493
2025-09-25 06:35:00+00:00,2993.39990234375,2996.199951171875,2993.39990234375,2995.39990234375,57988
2025-09-25 06:40:00+00:00,2994.0,2995.89990234375,2992.699951171875,2993.699951171875,31342
2025-09-25 06:45:00+00:00,2992.5,2995.699951171875,2992.0,2994.0,54293
2025-09-25 06:50:00+00:00,2993.300048828125,2994.0,2990.39990234375,2992.60009765625,35546
2025-09-25 06:55:00+00:00,2994.89990234375,2995.0,2993.0,2993.300048828125,20856
2025-09-25 07:00:00+00:00,2992.39990234375,2995.0,2992.0,2994.89990234375,32286
2025-09-25 07:05:00+00:00,2990.89990234375,2992.699951171875,2990.5,2992.39990234375,21746
2025-09-25 07:10:00+00:00,2983.60009765625,2990.699951171875,2980.89990234375,2990.199951171875,94223
2025-09-25 07:15:00+00:00,2980.39990234375,2984.10009765625,2980.0,2983.60009765625,64317
2025-09-25 07:20:00+00:00,2982.10009765625,2982.10009765625,2978.199951171875,2980.39990234375,42434
2025-09-25 07:25:00+00:00,2982.39990234375,2982.699951171875,2980.10009765625,2982.10009765625,39718
2025-09-25 07:30:00+00:00,2983.10009765625,2984.0,2981.5,2982.199951171875,28785
2025-09-25 07:35:00+00:00,2983.5,2984.39990234375,2983.0,2983.10009765625,34302
2025-09-25 07:40:00+00:00,2987.10009765625,2987.699951171875,2983.89990234375,2983.89990234375,33826
2025-09-25 07:45:00+00:00,2983.89990234375,2987.300048828125,2983.0,2987.10009765625,41486
2025-09-25 07:50:00+00:00,2980.10009765625,2984.60009765625,2980.0,2983.300048828125,49589
2025-09-25 07:55:00+00:00,2979.10009765625,2980.39990234375,2978.0,2980.39990234375,32056
2025-09-25 08:00:00+00:00,2979.60009765625,2981.10009765625,2978.800048828125,2979.10009765625,24157
2025-09-25 08:05:00+00:00,2976.10009765625,2979.699951171875,2975.60009765625,2979.60009765625,41451
2025-09-25 08:10:00+00:00,2977.10009765625,2977.699951171875,2975.0,2976.10009765625,49467
2025-09-25 08:15:00+00:00,2977.10009765625,2978.89990234375,2977.10009765625,2977.10009765625,27486
2025-09-25 08:20:00+00:00,2974.0,2976.89990234375,2972.0,2976.89990234375,47499
2025-09-25 08:25:00+00:00,2969.300048828125,2974.800048828125,2969.199951171875,2973.300048828125,69824
2025-09-25 08:30:00+00:00,2964.5,2969.89990234375,2963.10009765625,2969.300048828125,56875
2025-09-25 08:35:00+00:00,2963.0,2965.10009765625,2962.800048828125,2964.5,45860
2025-09-25 08:40:00+00:00,2962.0,2963.0,2959.199951171875,2963.0,115980
2025-09-25 08:45:00+00:00,2963.199951171875,2964.60009765625,2962.0,2962.10009765625,60276
2025-09-25 08:50:00+00:00,2961.39990234375,2964.10009765625,2961.0,2963.199951171875,63054
2025-09-25 08:55:00+00:00,2961.39990234375,2964.10009765625,2960.699951171875,2961.60009765625,70949
2025-09-25 09:00:00+00:00,2962.300048828125,2964.0,2960.300048828125,2961.39990234375,59301
2025-09-25 09:05:00+00:00,2964.800048828125,2965.60009765625,2961.60009765625,2962.300048828125,91121
2025-09-25 09:10:00+00:00,2963.0,2965.0,2962.0,2964.699951171875,55623
2025-09-25 09:15:00+00:00,2964.0,2965.0,2962.300048828125,2962.699951171875,75695
2025-09-25 09:20:00+00:00,2961.199951171875,2964.800048828125,2960.300048828125,2964.0,113975
2025-09-25 09:25:00+00:00,2960.199951171875,2961.800048828125,2960.0,2961.0,86610
2025-09-25 09:30:00+00:00,2958.89990234375,2960.5,2957.0,2960.10009765625,189448
2025-09-25 09:35:00+00:00,2964.699951171875,2965.0,2958.0,2959.0,276913
2025-09-25 09:40:00+00:00,2962.199951171875,2967.0,2961.39990234375,2964.699951171875,187940
2025-09-25 09:45:00+00:00,2956.300048828125,2963.60009765625,2956.199951171875,2962.199951171875,332338
2025-09-25 09:50:00+00:00,2953.0,2956.5,2952.300048828125,2956.300048828125,694240
2025-09-25 09:55:00+00:00,2958.0,2958.0,2951.39990234375,2953.0,150698
2025-09-26 03:45:00+00:00,2940.0,2953.39990234375,2938.0,2953.39990234375,0
2025-09-26 03:50:00+00:00,2936.0,2945.0,2931.0,2939.89990234375,181721
2025-09-26 03:55:00+00:00,2940.89990234375,2942.300048828125,2935.60009765625,2936.300048828125,49482
2025-09-26 04:00:00+00:00,2934.300048828125,2941.199951171875,2933.699951171875,2940.89990234375,38424
2025-09-26 04:05:00+00:00,2931.10009765625,2935.0,2929.0,2934.300048828125,51659
2025-09-26 04:10:00+00:00,2921.10009765625,2931.89990234375,2921.10009765625,2931.89990234375,72060
2025-09-26 04:15:00+00:00,2932.800048828125,2932.800048828125,2919.0,2921.10009765625,78892
2025-09-26 04:20:00+00:00,2932.0,2935.10009765625,2930.10009765625,2932.800048828125,37330
2025-09-26 04:25:00+00:00,2932.300048828125,2935.0,2928.89990234375,2931.800048828125,40162
2025-09-26 04:30:00+00:00,2927.0,2933.39990234375,2927.0,2933.0,23997
2025-09-26 04:35:00+00:00,2926.0,2929.199951171875,2925.199951171875,2927.199951171875,18385
2025-09-26 04:40:00+00:00,2928.0,2931.0,2924.199951171875,2926.0,36074
2025-09-26 04:45:00+00:00,2925.0,2928.800048828125,2924.0,2928.5,26136
2025-09-26 04:50:00+00:00,2925.5,2930.89990234375,2923.199951171875,2924.5,122997
2025-09-26 04:55:00+00:00,2926.39990234375,2927.800048828125,2924.800048828125,2925.5,54609
2025-09-26 05:00:00+00:00,2929.800048828125,2930.199951171875,2926.5,2927.199951171875,15775
2025-09-26 05:05:00+00:00,2930.0,2931.199951171875,2929.300048828125,2929.300048828125,19880
2025-09-26 05:10:00+00:00,2929.300048828125,2931.89990234375,2929.0,2930.0,19917
2025-09-26 05:15:00+00:00,2929.699951171875,2930.800048828125,2928.0,2929.89990234375,38193
2025-09-26 05:20:00+00:00,2926.0,2930.0,2926.0,2929.300048828125,21404
2025-09-26 05:25:00+00:00,2924.39990234375,2926.5,2923.89990234375,2925.89990234375,49314
2025-09-26 05:30:00+00:00,2920.60009765625,2924.300048828125,2920.0,2924.0,68395
2025-09-26 05:35:00+00:00,2920.0,2921.199951171875,2919.300048828125,2920.60009765625,44272
2025-09-26 05:40:00+00:00,2920.699951171875,2922.89990234375,2920.0,2920.0,40110
2025-09-26 05:45:00+00:00,2918.10009765625,2920.60009765625,2917.39990234375,2920.5,42734
2025-09-26 05:50:00+00:00,2916.39990234375,2918.699951171875,2916.0,2917.89990234375,47481
2025-09-26 05:55:00+00:00,2917.60009765625,2917.800048828125,2915.0,2916.39990234375,41528
2025-09-26 06:00:00+00:00,2913.300048828125,2917.89990234375,2912.199951171875,2916.89990234375,44398
2025-09-26 06:05:00+00:00,2913.0,2915.0,2912.10009765625,2913.300048828125,34948
2025-09-26 06:10:00+00:00,2913.5,2914.89990234375,2912.5,2913.0,29396
2025-09-26 06:15:00+00:00,2914.5,2915.0,2912.699951171875,2914.5,36286
2025-09-26 06:20:00+00:00,2916.0,2916.0,2914.39990234375,2914.5,45251
2025-09-26 06:25:00+00:00,2917.300048828125,2917.60009765625,2915.5,2915.89990234375,53836
2025-09-26 06:30:00+00:00,2913.5,2917.60009765625,2913.39990234375,2917.60009765625,40435
2025-09-26 06:35:00+00:00,2916.800048828125,2917.0,2913.39990234375,2913.699951171875,32017
2025-09-26 06:40:00+00:00,2914.0,2917.0,2913.5,2916.699951171875,29581
2025-09-26 06:45:00+00:00,2917.800048828125,2918.0,2913.800048828125,2914.0,39349
2025-09-26 06:50:00+00:00,2920.39990234375,2920.89990234375,2917.5,2917.89990234375,34356
2025-09-26 06:55:00+00:00,2920.39990234375,2922.5,2920.0,2920.0,25925
2025-09-26 07:00:00+00:00,2920.60009765625,2921.39990234375,2920.0,2920.199951171875,26283
2025-09-26 07:05:00+00:00,2920.0,2921.0,2920.0,2921.0,19308
2025-09-26 07:10:00+00:00,2919.300048828125,2921.5,2918.10009765625,2920.0,31602
2025-09-26 07:15:00+00:00,2920.300048828125,2920.5,2917.0,2918.89990234375,30419
2025-09-26 07:20:00+00:00,2920.0,2920.60009765625,2920.0,2920.10009765625,25146
2025-09-26 07:25:00+00:00,2918.10009765625,2920.800048828125,2917.300048828125,2920.0,39512
2025-09-26 07:30:00+00:00,2914.699951171875,2918.699951171875,2914.199951171875,2917.300048828125,44593
2025-09-26 07:35:00+00:00,2914.300048828125,2915.699951171875,2914.10009765625,2914.199951171875,26067
2025-09-26 07:40:00+00:00,2912.39990234375,2914.89990234375,2912.39990234375,2914.300048828125,26744
2025-09-26 07:45:00+00:00,2912.699951171875,2913.89990234375,2911.39990234375,2912.39990234375,36118
2025-09-26 07:50:00+00:00,2910.39990234375,2913.10009765625,2910.39990234375,2912.5,33981
2025-09-26 07:55:00+00:00,2910.199951171875,2911.699951171875,2910.0,2910.39990234375,27160
2025-09-26 08:00:00+00:00,2904.0,2910.10009765625,2904.0,2910.10009765625,79307
2025-09-26 08:05:00+00:00,2903.300048828125,2904.800048828125,2902.10009765625,2904.0,42513
2025-09-26 08:10:00+00:00,2904.10009765625,2907.39990234375,2902.199951171875,2903.0,44451
2025-09-26 08:15:00+00:00,2903.699951171875,2907.0,2903.39990234375,2904.699951171875,45736
2025-09-26 08:20:00+00:00,2901.300048828125,2903.699951171875,2900.5,2903.699951171875,56442
2025-09-26 08:25:00+00:00,2900.699951171875,2903.60009765625,2900.10009765625,2901.300048828125,41071
2025-09-26 08:30:00+00:00,2895.199951171875,2901.89990234375,2895.199951171875,2900.5,116351
2025-09-26 08:35:00+00:00,2891.699951171875,2895.60009765625,2891.5,2895.0,53806
2025-09-26 08:40:00+00:00,2894.199951171875,2897.300048828125,2891.699951171875,2892.300048828125,45608
2025-09-26 08:45:00+00:00,2893.699951171875,2894.699951171875,2892.0,2894.10009765625,35109
2025-09-26 08:50:00+00:00,2896.10009765625,2897.10009765625,2893.5,2894.199951171875,28354
2025-09-26 08:55:00+00:00,2896.10009765625,2898.5,2895.0,2896.0,37617
2025-09-26 09:00:00+00:00,2899.0,2899.60009765625,2895.5,2896.10009765625,33920
2025-09-26 09:05:00+00:00,2898.89990234375,2899.800048828125,2895.5,2898.10009765625,53773
2025-09-26 09:10:00+00:00,2895.39990234375,2898.89990234375,2894.0,2898.89990234375,37510
2025-09-26 09:15:00+00:00,2897.5,2897.800048828125,2893.199951171875,2895.699951171875,53180
2025-09-26 09:20:00+00:00,2894.10009765625,2899.0,2894.10009765625,2897.300048828125,37985
2025-09-26 09:25:00+00:00,2894.89990234375,2896.699951171875,2894.5,2895.0,33593
2025-09-26 09:30:00+00:00,2895.60009765625,2896.5,2894.199951171875,2895.300048828125,56030
2025-09-26 09:35:00+00:00,2895.5,2897.199951171875,2894.10009765625,2895.699951171875,103474
2025-09-26 09:40:00+00:00,2898.199951171875,2898.199951171875,2894.39990234375,2895.5,96798
2025-09-26 09:45:00+00:00,2900.0,2901.0,2896.800048828125,2897.199951171875,169920
2025-09-26 09:50:00+00:00,2904.5,2904.5,2898.89990234375,2900.10009765625,124568
2025-09-26 09:55:00+00:00,2905.39990234375,2905.39990234375,2903.39990234375,2904.800048828125,111624
2025-09-29 03:45:00+00:00,2907.0,2914.60009765625,2902.699951171875,2914.60009765625,0
2025-09-29 03:50:00+00:00,2911.5,2911.5,2906.300048828125,2907.699951171875,94572
2025-09-29 03:55:00+00:00,2915.0,2915.0,2908.39990234375,2911.10009765625,74057
2025-09-29 04:00:00+00:00,2916.800048828125,2916.800048828125,2913.39990234375,2914.89990234375,62048
2025-09-29 04:05:00+00:00,2912.10009765625,2917.89990234375,2910.89990234375,2916.699951171875,40843
2025-09-29 04:10:00+00:00,2919.0,2919.0,2911.300048828125,2911.89990234375,37287
2025-09-29 04:15:00+00:00,2917.300048828125,2919.5,2915.39990234375,2918.60009765625,19694
2025-09-29 04:20:00+00:00,2918.300048828125,2919.0,2913.199951171875,2917.5,29387
2025-09-29 04:25:00+00:00,2917.199951171875,2920.89990234375,2916.60009765625,2918.89990234375,32269
2025-09-29 04:30:00+00:00,2918.39990234375,2919.300048828125,2915.5,2916.89990234375,25870
2025-09-29 04:35:00+00:00,2917.300048828125,2918.800048828125,2916.39990234375,2918.39990234375,17801
2025-09-29 04:40:00+00:00,2919.5,2920.800048828125,2916.10009765625,2917.199951171875,40875
2025-09-29 04:45:00+00:00,2923.199951171875,2923.89990234375,2918.39990234375,2920.0,23570
2025-09-29 04:50:00+00:00,2925.5,2927.10009765625,2922.300048828125,2923.199951171875,46406
2025-09-29 04:55:00+00:00,2921.199951171875,2924.699951171875,2919.0,2924.699951171875,15032
2025-09-29 05:00:00+00:00,2926.699951171875,2927.5,2920.0,2921.0,20566
2025-09-29 05:05:00+00:00,2925.89990234375,2929.199951171875,2923.89990234375,2927.10009765625,27533
2025-09-29 05:10:00+00:00,2925.5,2927.199951171875,2925.0,2925.800048828125,13463
2025-09-29 05:15:00+00:00,2925.10009765625,2926.0,2923.800048828125,2925.300048828125,15036
2025-09-29 05:20:00+00:00,2921.199951171875,2925.39990234375,2921.199951171875,2925.300048828125,29192
2025-09-29 05:25:00+00:00,2918.199951171875,2922.89990234375,2917.5,2921.39990234375,23907
2025-09-29 05:30:00+00:00,2921.10009765625,2921.39990234375,2918.300048828125,2919.300048828125,11672
2025-09-29 05:35:00+00:00,2921.300048828125,2922.699951171875,2921.300048828125,2921.39990234375,7654
2025-09-29 05:40:00+00:00,2919.800048828125,2921.5,2919.0,2921.5,4899
2025-09-29 05:45:00+00:00,2916.10009765625,2919.800048828125,2915.800048828125,2918.800048828125,26936
2025-09-29 05:50:00+00:00,2916.699951171875,2917.10009765625,2916.0,2916.39990234375,7208
2025-09-29 05:55:00+00:00,2916.60009765625,2917.5,2916.199951171875,2916.699951171875,11307
2025-09-29 06:00:00+00:00,2912.89990234375,2916.60009765625,2912.800048828125,2916.300048828125,19892
2025-09-29 06:05:00+00:00,2908.10009765625,2913.10009765625,2906.5,2912.699951171875,81935
2025-09-29 06:10:00+00:00,2906.699951171875,2908.0,2903.800048828125,2907.800048828125,72185
2025-09-29 06:15:00+00:00,2902.10009765625,2907.300048828125,2902.10009765625,2906.300048828125,18508
2025-09-29 06:20:00+00:00,2905.300048828125,2906.0,2901.300048828125,2902.10009765625,18000
2025-09-29 06:25:00+00:00,2902.39990234375,2905.800048828125,2902.39990234375,2905.199951171875,29888
2025-09-29 06:30:00+00:00,2902.0,2904.10009765625,2901.0,2903.60009765625,21158
2025-09-29 06:35:00+00:00,2901.5,2903.699951171875,2901.39990234375,2902.300048828125,16087
2025-09-29 06:40:00+00:00,2898.60009765625,2902.199951171875,2897.800048828125,2901.60009765625,42643
2025-09-29 06:45:00+00:00,2901.5,2901.89990234375,2898.5,2898.5,51793
2025-09-29 06:50:00+00:00,2902.10009765625,2903.39990234375,2900.10009765625,2901.5,24364
2025-09-29 06:55:00+00:00,2902.300048828125,2904.89990234375,2901.699951171875,2902.5,24684
2025-09-29 07:00:00+00:00,2899.10009765625,2902.89990234375,2898.60009765625,2902.300048828125,16736
2025-09-29 07:05:00+00:00,2896.60009765625,2901.5,2896.5,2899.199951171875,18895
2025-09-29 07:10:00+00:00,2896.5,2897.39990234375,2895.5,2896.39990234375,16048
2025-09-29 07:15:00+00:00,2897.39990234375,2898.800048828125,2895.300048828125,2896.300048828125,21210
2025-09-29 07:20:00+00:00,2900.39990234375,2901.60009765625,2896.0,2897.5,25026
2025-09-29 07:25:00+00:00,2901.0,2901.800048828125,2900.300048828125,2900.800048828125,12987
2025-09-29 07:30:00+00:00,2903.699951171875,2904.800048828125,2899.60009765625,2901.0,37163
2025-09-29 07:35:00+00:00,2902.0,2904.0,2898.10009765625,2904.0,25099
2025-09-29 07:40:00+00:00,2905.0,2905.300048828125,2901.0,2901.0,16928
2025-09-29 07:45:00+00:00,2903.300048828125,2905.39990234375,2902.0,2904.60009765625,18951
2025-09-29 07:50:00+00:00,2904.699951171875,2905.39990234375,2902.699951171875,2903.199951171875,13794
2025-09-29 07:55:00+00:00,2904.10009765625,2906.0,2903.10009765625,2904.699951171875,18930
2025-09-29 08:00:00+00:00,2903.699951171875,2906.39990234375,2903.39990234375,2904.699951171875,10801
2025-09-29 08:05:00+00:00,2904.0,2905.5,2903.199951171875,2903.699951171875,11259
2025-09-29 08:10:00+00:00,2900.39990234375,2904.300048828125,2898.199951171875,2904.300048828125,29526
2025-09-29 08:15:00+00:00,2902.199951171875,2903.0,2900.39990234375,2900.89990234375,25599
2025-09-29 08:20:00+00:00,2901.800048828125,2904.0,2901.199951171875,2903.0,21402
2025-09-29 08:25:00+00:00,2902.39990234375,2902.60009765625,2900.0,2901.60009765625,14332
2025-09-29 08:30:00+00:00,2903.89990234375,2903.89990234375,2902.5,2902.5,14489
2025-09-29 08:35:00+00:00,2902.699951171875,2903.89990234375,2901.800048828125,2903.89990234375,12077
2025-09-29 08:40:00+00:00,2902.89990234375,2903.199951171875,2901.300048828125,2902.0,13930
2025-09-29 08:45:00+00:00,2905.800048828125,2906.800048828125,2902.89990234375,2902.89990234375,30555
2025-09-29 08:50:00+00:00,2906.89990234375,2907.89990234375,2905.89990234375,2905.89990234375,17060
2025-09-29 08:55:00+00:00,2903.199951171875,2907.0,2902.60009765625,2907.0,32980
2025-09-29 09:00:00+00:00,2902.300048828125,2903.699951171875,2901.60009765625,2903.199951171875,26803
2025-09-29 09:05:00+00:00,2902.0,2905.0,2902.0,2902.800048828125,28636
2025-09-29 09:10:00+00:00,2900.199951171875,2902.699951171875,2900.10009765625,2902.0,20784
2025-09-29 09:15:00+00:00,2899.0,2900.800048828125,2898.699951171875,2900.199951171875,40740
2025-09-29 09:20:00+00:00,2898.199951171875,2899.300048828125,2897.39990234375,2898.699951171875,25535
2025-09-29 09:25:00+00:00,2898.800048828125,2899.800048828125,2897.5,2898.199951171875,37243
2025-09-29 09:30:00+00:00,2896.10009765625,2898.89990234375,2894.39990234375,2898.89990234375,177986
2025-09-29 09:35:00+00:00,2895.0,2896.89990234375,2894.0,2895.0,194270
2025-09-29 09:40:00+00:00,2895.300048828125,2896.800048828125,2894.39990234375,2895.39990234375,185808
2025-09-29 09:45:00+00:00,2894.5,2896.800048828125,2894.0,2895.300048828125,196649
2025-09-29 09:50:00+00:00,2900.800048828125,2901.800048828125,2894.300048828125,2894.5,193926
2025-09-29 09:55:00+00:00,2903.10009765625,2905.89990234375,2897.39990234375,2900.0,134196
2025-09-30 03:45:00+00:00,2906.800048828125,2915.0,2906.199951171875,2914.800048828125,0
2025-09-30 03:50:00+00:00,2903.800048828125,2910.5,2900.5,2907.300048828125,45716
2025-09-30 03:55:00+00:00,2899.800048828125,2904.0,2898.5,2903.699951171875,37977
2025-09-30 04:00:00+00:00,2899.60009765625,2901.60009765625,2899.300048828125,2899.89990234375,17540
2025-09-30 04:05:00+00:00,2897.39990234375,2899.300048828125,2897.39990234375,2899.300048828125,14426
2025-09-30 04:10:00+00:00,2898.199951171875,2901.5,2896.60009765625,2897.199951171875,18540
2025-09-30 04:15:00+00:00,2900.699951171875,2901.0,2898.199951171875,2898.199951171875,9785
2025-09-30 04:20:00+00:00,2901.60009765625,2901.60009765625,2900.60009765625,2900.60009765625,10392
2025-09-30 04:25:00+00:00,2907.0,2908.60009765625,2901.199951171875,2901.60009765625,18968
2025-09-30 04:30:00+00:00,2908.5,2909.300048828125,2906.10009765625,2907.0,11963
2025-09-30 04:35:00+00:00,2904.89990234375,2908.89990234375,2904.39990234375,2908.5,12162
2025-09-30 04:40:00+00:00,2905.0,2906.10009765625,2903.60009765625,2904.699951171875,10643
2025-09-30 04:45:00+00:00,2906.60009765625,2907.300048828125,2903.10009765625,2905.199951171875,10435
2025-09-30 04:50:00+00:00,2907.300048828125,2907.800048828125,2905.800048828125,2906.699951171875,9956
2025-09-30 04:55:00+00:00,2903.89990234375,2907.89990234375,2901.89990234375,2907.199951171875,13885
2025-09-30 05:00:00+00:00,2904.699951171875,2905.0,2902.89990234375,2903.60009765625,7353
2025-09-30 05:05:00+00:00,2903.60009765625,2904.60009765625,2903.300048828125,2904.60009765625,26153
2025-09-30 05:10:00+00:00,2905.60009765625,2906.0,2903.5,2903.60009765625,21445
2025-09-30 05:15:00+00:00,2901.300048828125,2905.89990234375,2901.199951171875,2905.5,39843
2025-09-30 05:20:00+00:00,2903.10009765625,2903.39990234375,2901.39990234375,2901.60009765625,7426
2025-09-30 05:25:00+00:00,2902.60009765625,2904.300048828125,2902.60009765625,2903.10009765625,6631
2025-09-30 05:30:00+00:00,2905.0,2906.0,2902.5,2902.60009765625,14034
2025-09-30 05:35:00+00:00,2905.800048828125,2907.39990234375,2904.89990234375,2905.800048828125,11277
2025-09-30 05:40:00+00:00,2907.699951171875,2908.0,2905.699951171875,2905.699951171875,5103
2025-09-30 05:45:00+00:00,2905.89990234375,2908.5,2905.89990234375,2907.699951171875,11452
2025-09-30 05:50:00+00:00,2905.10009765625,2908.5,2904.10009765625,2905.199951171875,8587
2025-09-30 05:55:00+00:00,2903.5,2905.10009765625,2903.0,2905.10009765625,7732
2025-09-30 06:00:00+00:00,2902.60009765625,2903.89990234375,2902.60009765625,2903.10009765625,5287
2025-09-30 06:05:00+00:00,2902.5,2905.300048828125,2902.0,2902.300048828125,11125
2025-09-30 06:10:00+00:00,2902.300048828125,2903.39990234375,2902.199951171875,2902.5,5525
2025-09-30 06:15:00+00:00,2902.5,2903.60009765625,2902.199951171875,2902.199951171875,5392
2025-09-30 06:20:00+00:00,2902.800048828125,2903.300048828125,2902.0,2902.699951171875,4745
2025-09-30 06:25:00+00:00,2902.5,2903.39990234375,2901.60009765625,2902.699951171875,7510
2025-09-30 06:30:00+00:00,2902.699951171875,2903.0,2901.800048828125,2902.199951171875,6328
2025-09-30 06:35:00+00:00,2901.89990234375,2902.89990234375,2901.800048828125,2902.699951171875,4676
2025-09-30 06:40:00+00:00,2900.699951171875,2902.300048828125,2900.0,2902.0,10188
2025-09-30 06:45:00+00:00,2902.0,2902.10009765625,2900.699951171875,2901.0,8397
2025-09-30 06:50:00+00:00,2903.5,2905.0,2903.0,2903.199951171875,10212
2025-09-30 06:55:00+00:00,2903.89990234375,2904.60009765625,2903.0,2903.300048828125,10355
2025-09-30 07:00:00+00:00,2905.0,2905.800048828125,2901.199951171875,2903.800048828125,42590
2025-09-30 07:05:00+00:00,2905.60009765625,2906.199951171875,2903.699951171875,2905.10009765625,10445
2025-09-30 07:10:00+00:00,2906.0,2906.0,2904.300048828125,2905.10009765625,5495
2025-09-30 07:15:00+00:00,2905.300048828125,2906.10009765625,2905.10009765625,2905.800048828125,5747
2025-09-30 07:20:00+00:00,2905.0,2906.10009765625,2904.300048828125,2905.199951171875,5483
2025-09-30 07:25:00+00:00,2905.39990234375,2906.10009765625,2903.699951171875,2905.0,11715
2025-09-30 07:30:00+00:00,2907.39990234375,2907.5,2904.10009765625,2905.199951171875,8435
2025-09-30 07:35:00+00:00,2908.39990234375,2908.60009765625,2906.5,2907.5,9592
2025-09-30 07:40:00+00:00,2906.300048828125,2908.699951171875,2906.300048828125,2908.39990234375,10428
2025-09-30 07:45:00+00:00,2906.39990234375,2907.5,2905.300048828125,2906.0,14043
2025-09-30 07:50:00+00:00,2905.0,2907.0,2904.0,2906.89990234375,7834
2025-09-30 07:55:00+00:00,2904.60009765625,2905.699951171875,2903.699951171875,2905.0,15502
2025-09-30 08:00:00+00:00,2904.800048828125,2906.0,2903.699951171875,2904.60009765625,13968
2025-09-30 08:05:00+00:00,2904.39990234375,2905.60009765625,2903.699951171875,2904.5,14098
2025-09-30 08:10:00+00:00,2904.10009765625,2905.10009765625,2903.10009765625,2904.300048828125,12911
2025-09-30 08:15:00+00:00,2903.800048828125,2904.60009765625,2902.199951171875,2904.10009765625,9310
2025-09-30 08:20:00+00:00,2901.300048828125,2904.199951171875,2901.10009765625,2903.699951171875,11500
2025-09-30 08:25:00+00:00,2900.60009765625,2902.60009765625,2900.300048828125,2901.199951171875,11387
2025-09-30 08:30:00+00:00,2900.800048828125,2901.89990234375,2900.0,2900.5,20063
2025-09-30 08:35:00+00:00,2901.60009765625,2902.300048828125,2900.0,2900.60009765625,24824
2025-09-30 08:40:00+00:00,2898.5,2901.60009765625,2896.60009765625,2901.5,52965
2025-09-30 08:45:00+00:00,2896.199951171875,2899.699951171875,2896.10009765625,2899.39990234375,25072
2025-09-30 08:50:00+00:00,2897.699951171875,2902.10009765625,2889.800048828125,2896.699951171875,365393
2025-09-30 08:55:00+00:00,2893.0,2897.0,2892.5,2897.0,30416
2025-09-30 09:00:00+00:00,2891.5,2894.800048828125,2889.60009765625,2893.199951171875,35601
2025-09-30 09:05:00+00:00,2893.39990234375,2895.300048828125,2889.0,2890.699951171875,45355
2025-09-30 09:10:00+00:00,2895.0,2896.0,2893.199951171875,2893.39990234375,21674
2025-09-30 09:15:00+00:00,2894.800048828125,2896.0,2891.5,2894.39990234375,37876
2025-09-30 09:20:00+00:00,2895.10009765625,2895.89990234375,2892.5,2894.39990234375,16943
2025-09-30 09:25:00+00:00,2892.0,2895.89990234375,2891.199951171875,2895.0,29379
2025-09-30 09:30:00+00:00,2888.10009765625,2892.5,2887.300048828125,2892.199951171875,147555
2025-09-30 09:35:00+00:00,2887.699951171875,2890.5,2885.300048828125,2888.0,162983
2025-09-30 09:40:00+00:00,2888.60009765625,2889.60009765625,2885.699951171875,2887.800048828125,120226
2025-09-30 09:45:00+00:00,2888.199951171875,2890.10009765625,2886.89990234375,2888.300048828125,123181
2025-09-30 09:50:00+00:00,2889.0,2889.699951171875,2887.5,2888.199951171875,103906
2025-09-30 09:55:00+00:00,2896.0,2896.0,2887.800048828125,2888.60009765625,77439
2025-10-01 03:45:00+00:00,2890.300048828125,2898.0,2889.0,2893.10009765625,0
2025-10-01 03:50:00+00:00,2889.199951171875,2891.0,2883.199951171875,2888.60009765625,35692
2025-10-01 03:55:00+00:00,2891.5,2891.5,2886.5,2889.0,17864
2025-10-01 04:00:00+00:00,2890.0,2893.699951171875,2890.0,2892.0,27997
2025-10-01 04:05:00+00:00,2888.89990234375,2891.800048828125,2888.89990234375,2890.89990234375,19048
2025-10-01 04:10:00+00:00,2889.89990234375,2892.199951171875,2888.699951171875,2888.699951171875,38243
2025-10-01 04:15:00+00:00,2890.800048828125,2893.0,2888.39990234375,2889.5,17086
2025-10-01 04:20:00+00:00,2883.0,2891.0,2881.0,2891.0,41724
2025-10-01 04:25:00+00:00,2881.300048828125,2883.5,2881.10009765625,2882.60009765625,22009
2025-10-01 04:30:00+00:00,2877.800048828125,2881.199951171875,2875.39990234375,2881.199951171875,58118
2025-10-01 04:35:00+00:00,2874.699951171875,2878.300048828125,2874.0,2877.800048828125,28958
2025-10-01 04:40:00+00:00,2876.199951171875,2877.0,2874.10009765625,2874.300048828125,25160
2025-10-01 04:45:00+00:00,2874.199951171875,2876.199951171875,2874.199951171875,2876.10009765625,21681
2025-10-01 04:50:00+00:00,2872.60009765625,2874.10009765625,2872.0,2874.10009765625,21424
2025-10-01 04:55:00+00:00,2873.5,2874.5,2868.39990234375,2872.199951171875,33723
2025-10-01 05:00:00+00:00,2875.699951171875,2876.39990234375,2872.89990234375,2873.89990234375,18749
2025-10-01 05:05:00+00:00,2871.60009765625,2876.39990234375,2871.0,2876.39990234375,17827
2025-10-01 05:10:00+00:00,2869.0,2871.699951171875,2868.0,2871.199951171875,24407
2025-10-01 05:15:00+00:00,2868.800048828125,2870.10009765625,2866.60009765625,2868.300048828125,28578
2025-10-01 05:20:00+00:00,2874.5,2875.0,2868.89990234375,2868.89990234375,18765
2025-10-01 05:25:00+00:00,2879.39990234375,2879.39990234375,2873.89990234375,2874.60009765625,28070
2025-10-01 05:30:00+00:00,2883.300048828125,2884.0,2878.39990234375,2878.800048828125,40466
2025-10-01 05:35:00+00:00,2884.60009765625,2885.89990234375,2882.60009765625,2883.800048828125,36030
2025-10-01 05:40:00+00:00,2882.39990234375,2885.0,2882.39990234375,2884.5,21500
2025-10-01 05:45:00+00:00,2883.300048828125,2889.5,2881.39990234375,2882.300048828125,32532
2025-10-01 05:50:00+00:00,2887.199951171875,2887.89990234375,2883.89990234375,2883.89990234375,25996
2025-10-01 05:55:00+00:00,2889.5,2890.0,2886.0,2887.39990234375,22324
2025-10-01 06:00:00+00:00,2891.0,2893.199951171875,2889.39990234375,2889.39990234375,23181
2025-10-01 06:05:00+00:00,2891.199951171875,2893.0,2889.699951171875,2890.89990234375,12899
2025-10-01 06:10:00+00:00,2893.0,2893.0,2890.5,2891.0,11829
2025-10-01 06:15:00+00:00,2898.60009765625,2899.39990234375,2892.699951171875,2893.300048828125,28405
2025-10-01 06:20:00+00:00,2898.5,2898.5,2896.0,2898.199951171875,14271
2025-10-01 06:25:00+00:00,2898.800048828125,2899.89990234375,2897.0,2898.0,16445
2025-10-01 06:30:00+00:00,2899.0,2899.300048828125,2897.89990234375,2898.800048828125,14493
2025-10-01 06:35:00+00:00,2899.800048828125,2901.10009765625,2898.300048828125,2899.0,21655
2025-10-01 06:40:00+00:00,2900.800048828125,2904.5,2899.0,2899.800048828125,17605
2025-10-01 06:45:00+00:00,2897.0,2901.300048828125,2897.0,2900.800048828125,16157
2025-10-01 06:50:00+00:00,2895.5,2896.89990234375,2894.60009765625,2896.89990234375,11234
2025-10-01 06:55:00+00:00,2897.5,2897.89990234375,2893.0,2894.300048828125,21093
2025-10-01 07:00:00+00:00,2893.199951171875,2897.699951171875,2892.699951171875,2897.5,10971
2025-10-01 07:05:00+00:00,2894.60009765625,2894.89990234375,2892.699951171875,2893.10009765625,6934
2025-10-01 07:10:00+00:00,2893.0,2896.10009765625,2892.39990234375,2894.0,10666
2025-10-01 07:15:00+00:00,2898.0,2898.60009765625,2892.0,2892.800048828125,16995
2025-10-01 07:20:00+00:00,2898.39990234375,2899.0,2896.89990234375,2898.300048828125,9311
2025-10-01 07:25:00+00:00,2897.199951171875,2899.89990234375,2897.0,2898.199951171875,9885
2025-10-01 07:30:00+00:00,2897.5,2899.0,2895.89990234375,2897.10009765625,15016
2025-10-01 07:35:00+00:00,2899.60009765625,2899.60009765625,2896.699951171875,2896.699951171875,10764
2025-10-01 07:40:00+00:00,2900.300048828125,2901.39990234375,2898.0,2899.39990234375,10845
2025-10-01 07:45:00+00:00,2901.300048828125,2902.39990234375,2898.0,2900.89990234375,16480
2025-10-01 07:50:00+00:00,2901.39990234375,2901.89990234375,2900.0,2901.0,11676
2025-10-01 07:55:00+00:00,2903.199951171875,2903.89990234375,2900.10009765625,2901.300048828125,13346
2025-10-01 08:00:00+00:00,2902.10009765625,2903.199951171875,2900.89990234375,2903.0,11953
2025-10-01 08:05:00+00:00,2900.5,2903.0,2900.0,2902.0,15488
2025-10-01 08:10:00+00:00,2901.300048828125,2902.0,2900.0,2900.5,7314
2025-10-01 08:15:00+00:00,2900.800048828125,2902.0,2900.5,2901.300048828125,9249
2025-10-01 08:20:00+00:00,2898.10009765625,2901.699951171875,2897.0,2901.60009765625,19308
2025-10-01 08:25:00+00:00,2898.800048828125,2899.89990234375,2897.0,2898.0,7824
2025-10-01 08:30:00+00:00,2899.0,2899.300048828125,2898.10009765625,2899.0,10134
2025-10-01 08:35:00+00:00,2901.0,2901.0,2898.800048828125,2898.89990234375,16116
2025-10-01 08:40:00+00:00,2899.39990234375,2902.60009765625,2899.10009765625,2901.0,21339
2025-10-01 08:45:00+00:00,2908.60009765625,2908.89990234375,2899.10009765625,2899.5,43444
2025-10-01 08:50:00+00:00,2910.800048828125,2914.0,2908.60009765625,2908.60009765625,26228
2025-10-01 08:55:00+00:00,2912.699951171875,2914.89990234375,2909.60009765625,2910.699951171875,23843
2025-10-01 09:00:00+00:00,2918.800048828125,2918.800048828125,2912.699951171875,2912.699951171875,25594
2025-10-01 09:05:00+00:00,2918.89990234375,2922.39990234375,2918.89990234375,2918.89990234375,46504
2025-10-01 09:10:00+00:00,2921.300048828125,2924.0,2918.0,2918.10009765625,30665
2025-10-01 09:15:00+00:00,2923.699951171875,2924.800048828125,2920.199951171875,2921.199951171875,29926
2025-10-01 09:20:00+00:00,2921.5,2924.60009765625,2920.39990234375,2924.199951171875,13563
2025-10-01 09:25:00+00:00,2916.5,2922.0,2912.39990234375,2921.5,33883
2025-10-01 09:30:00+00:00,2916.39990234375,2919.10009765625,2912.89990234375,2915.89990234375,76448
2025-10-01 09:35:00+00:00,2913.300048828125,2919.39990234375,2912.10009765625,2917.0,62600
2025-10-01 09:40:00+00:00,2910.10009765625,2916.5,2910.10009765625,2913.39990234375,66799
2025-10-01 09:45:00+00:00,2914.39990234375,2917.39990234375,2909.10009765625,2910.699951171875,74295
2025-10-01 09:50:00+00:00,2912.0,2915.300048828125,2910.0,2915.300048828125,75420
2025-10-01 09:55:00+00:00,2916.800048828125,2918.0,2912.0,2912.199951171875,50021
2025-10-03 03:45:00+00:00,2906.0,2920.60009765625,2900.800048828125,2920.10009765625,0
2025-10-03 03:50:00+00:00,2905.60009765625,2908.60009765625,2900.60009765625,2905.300048828125,66464
2025-10-03 03:55:00+00:00,2907.5,2907.5,2903.800048828125,2905.5,60919
2025-10-03 04:00:00+00:00,2905.60009765625,2908.0,2903.0,2906.300048828125,39899
2025-10-03 04:05:00+00:00,2908.800048828125,2909.60009765625,2905.60009765625,2905.60009765625,34116
2025-10-03 04:10:00+00:00,2912.10009765625,2912.10009765625,2907.300048828125,2908.89990234375,30113
2025-10-03 04:15:00+00:00,2917.699951171875,2918.800048828125,2911.5,2912.0,48946
2025-10-03 04:20:00+00:00,2912.10009765625,2917.5,2911.39990234375,2917.0,49662
2025-10-03 04:25:00+00:00,2913.60009765625,2914.89990234375,2912.0,2912.60009765625,26275
2025-10-03 04:30:00+00:00,2909.5,2913.60009765625,2907.699951171875,2913.60009765625,21646
2025-10-03 04:35:00+00:00,2906.60009765625,2909.60009765625,2906.60009765625,2909.60009765625,23887
2025-10-03 04:40:00+00:00,2903.199951171875,2906.60009765625,2903.10009765625,2906.60009765625,43875
2025-10-03 04:45:00+00:00,2901.0,2904.10009765625,2901.0,2903.0,32010
2025-10-03 04:50:00+00:00,2898.300048828125,2901.10009765625,2897.60009765625,2901.10009765625,50607
2025-10-03 04:55:00+00:00,2904.0,2904.0,2896.699951171875,2898.300048828125,40091
2025-10-03 05:00:00+00:00,2902.5,2906.39990234375,2902.5,2904.0,20743
2025-10-03 05:05:00+00:00,2899.89990234375,2902.5,2898.60009765625,2902.5,28679
2025-10-03 05:10:00+00:00,2897.0,2899.89990234375,2897.0,2899.89990234375,21105
2025-10-03 05:15:00+00:00,2898.10009765625,2898.10009765625,2891.800048828125,2897.0,43293
2025-10-03 05:20:00+00:00,2899.0,2901.10009765625,2898.0,2898.0,18568
2025-10-03 05:25:00+00:00,2897.699951171875,2899.10009765625,2897.0,2897.89990234375,17220
2025-10-03 05:30:00+00:00,2896.300048828125,2898.699951171875,2896.0,2897.60009765625,16850
2025-10-03 05:35:00+00:00,2895.10009765625,2897.5,2895.0,2896.0,22523
2025-10-03 05:40:00+00:00,2894.60009765625,2896.0,2894.300048828125,2895.60009765625,18096
2025-10-03 05:45:00+00:00,2898.699951171875,2899.699951171875,2894.300048828125,2894.5,27930
2025-10-03 05:50:00+00:00,2900.10009765625,2901.699951171875,2898.10009765625,2898.699951171875,18817
2025-10-03 05:55:00+00:00,2898.699951171875,2900.10009765625,2897.89990234375,2900.10009765625,31183
2025-10-03 06:00:00+00:00,2899.10009765625,2899.89990234375,2898.5,2898.699951171875,26307
2025-10-03 06:05:00+00:00,2897.199951171875,2899.800048828125,2897.199951171875,2899.39990234375,15055
2025-10-03 06:10:00+00:00,2896.39990234375,2897.60009765625,2896.10009765625,2897.199951171875,20399
2025-10-03 06:15:00+00:00,2899.10009765625,2899.60009765625,2896.300048828125,2896.39990234375,24811
2025-10-03 06:20:00+00:00,2902.0,2902.5,2899.199951171875,2899.199951171875,34318
2025-10-03 06:25:00+00:00,2902.300048828125,2902.5,2900.300048828125,2901.800048828125,15070
2025-10-03 06:30:00+00:00,2897.199951171875,2902.0,2896.39990234375,2902.0,21095
2025-10-03 06:35:00+00:00,2901.199951171875,2901.199951171875,2897.0,2897.199951171875,19897
2025-10-03 06:40:00+00:00,2900.5,2903.39990234375,2898.89990234375,2901.199951171875,31644
2025-10-03 06:45:00+00:00,2895.39990234375,2900.699951171875,2895.39990234375,2900.699951171875,21236
2025-10-03 06:50:00+00:00,2894.60009765625,2895.39990234375,2893.0,2895.39990234375,28862
2025-10-03 06:55:00+00:00,2895.0,2896.10009765625,2893.199951171875,2894.300048828125,15512
2025-10-03 07:00:00+00:00,2893.300048828125,2895.10009765625,2893.199951171875,2895.0,18105
2025-10-03 07:05:00+00:00,2895.10009765625,2895.39990234375,2892.199951171875,2893.300048828125,49168
2025-10-03 07:10:00+00:00,2895.800048828125,2896.10009765625,2894.39990234375,2895.10009765625,19815
2025-10-03 07:15:00+00:00,2895.89990234375,2896.89990234375,2895.10009765625,2895.800048828125,18474
2025-10-03 07:20:00+00:00,2897.39990234375,2897.39990234375,2895.10009765625,2895.89990234375,16441
2025-10-03 07:25:00+00:00,2899.39990234375,2899.89990234375,2897.199951171875,2897.199951171875,19814
2025-10-03 07:30:00+00:00,2899.0,2900.0,2896.5,2900.0,21275
2025-10-03 07:35:00+00:00,2900.0,2900.800048828125,2899.199951171875,2899.199951171875,17784
2025-10-03 07:40:00+00:00,2899.60009765625,2901.0,2899.60009765625,2900.10009765625,24641
2025-10-03 07:45:00+00:00,2898.0,2899.60009765625,2896.199951171875,2899.60009765625,26506
2025-10-03 07:50:00+00:00,2896.39990234375,2898.0,2896.39990234375,2898.0,12024
2025-10-03 07:55:00+00:00,2896.89990234375,2897.0,2895.10009765625,2897.0,18439
2025-10-03 08:00:00+00:00,2896.800048828125,2897.39990234375,2895.300048828125,2896.89990234375,20697
2025-10-03 08:05:00+00:00,2896.800048828125,2898.5,2895.60009765625,2896.800048828125,23647
2025-10-03 08:10:00+00:00,2897.60009765625,2899.10009765625,2896.800048828125,2898.60009765625,47991
2025-10-03 08:15:00+00:00,2895.5,2897.699951171875,2895.10009765625,2897.60009765625,14411
2025-10-03 08:20:00+00:00,2896.699951171875,2897.199951171875,2895.0,2895.5,15752
2025-10-03 08:25:00+00:00,2895.800048828125,2897.10009765625,2895.699951171875,2896.39990234375,20276
2025-10-03 08:30:00+00:00,2896.300048828125,2896.5,2895.0,2895.800048828125,20879
2025-10-03 08:35:00+00:00,2896.300048828125,2896.699951171875,2896.0,2896.300048828125,13406
2025-10-03 08:40:00+00:00,2894.300048828125,2895.89990234375,2894.0,2895.89990234375,28597
2025-10-03 08:45:00+00:00,2895.60009765625,2896.89990234375,2893.5,2894.300048828125,29579
2025-10-03 08:50:00+00:00,2896.0,2896.300048828125,2895.199951171875,2895.60009765625,29626
2025-10-03 08:55:00+00:00,2897.0,2897.0,2895.800048828125,2896.10009765625,20636
2025-10-03 09:00:00+00:00,2896.300048828125,2898.0,2895.60009765625,2897.10009765625,39683
2025-10-03 09:05:00+00:00,2902.10009765625,2902.300048828125,2896.300048828125,2896.300048828125,46660
2025-10-03 09:10:00+00:00,2904.60009765625,2905.89990234375,2902.300048828125,2902.300048828125,44002
2025-10-03 09:15:00+00:00,2903.5,2905.5,2902.39990234375,2904.5,38295
2025-10-03 09:20:00+00:00,2904.89990234375,2905.0,2902.0,2903.5,42270
2025-10-03 09:25:00+00:00,2903.39990234375,2905.0,2902.5,2904.699951171875,44525
2025-10-03 09:30:00+00:00,2902.300048828125,2904.199951171875,2902.199951171875,2903.699951171875,86508
2025-10-03 09:35:00+00:00,2902.0,2903.39990234375,2902.0,2902.300048828125,82334
2025-10-03 09:40:00+00:00,2900.800048828125,2901.89990234375,2900.300048828125,2901.800048828125,118654
2025-10-03 09:45:00+00:00,2900.300048828125,2902.199951171875,2900.300048828125,2900.89990234375,115807
2025-10-03 09:50:00+00:00,2903.0,2903.10009765625,2900.10009765625,2900.300048828125,144645
2025-10-03 09:55:00+00:00,2903.0,2904.0,2900.199951171875,2903.0,106906
2025-10-06 03:45:00+00:00,2916.699951171875,2921.39990234375,2897.60009765625,2904.60009765625,0
2025-10-06 03:50:00+00:00,2914.0,2920.0,2910.0,2916.0,26887
2025-10-06 03:55:00+00:00,2922.89990234375,2923.0,2913.39990234375,2913.39990234375,30821
2025-10-06 04:00:00+00:00,2918.0,2925.60009765625,2917.800048828125,2922.89990234375,32065
2025-10-06 04:05:00+00:00,2919.199951171875,2922.0,2915.300048828125,2918.0,16590
2025-10-06 04:10:00+00:00,2932.89990234375,2933.199951171875,2918.5,2918.5,43857
2025-10-06 04:15:00+00:00,2937.0,2938.0,2932.10009765625,2934.10009765625,50555
2025-10-06 04:20:00+00:00,2931.39990234375,2938.0,2931.39990234375,2937.0,26032
2025-10-06 04:25:00+00:00,2939.89990234375,2940.0,2930.0,2931.300048828125,44174
2025-10-06 04:30:00+00:00,2939.5,2943.800048828125,2938.300048828125,2940.0,45476
2025-10-06 04:35:00+00:00,2944.89990234375,2945.0,2937.0,2939.5,36199
2025-10-06 04:40:00+00:00,2947.0,2948.0,2942.39990234375,2944.800048828125,36397
2025-10-06 04:45:00+00:00,2949.5,2951.5,2945.5,2946.60009765625,46960
2025-10-06 04:50:00+00:00,2953.0,2953.60009765625,2947.5,2948.60009765625,40581
2025-10-06 04:55:00+00:00,2949.300048828125,2952.89990234375,2946.10009765625,2952.800048828125,25980
2025-10-06 05:00:00+00:00,2952.0,2953.5,2949.0,2949.39990234375,17946
2025-10-06 05:05:00+00:00,2955.60009765625,2956.89990234375,2950.699951171875,2952.0,34840
2025-10-06 05:10:00+00:00,2952.300048828125,2956.800048828125,2951.10009765625,2956.5,22032
2025-10-06 05:15:00+00:00,2951.199951171875,2957.39990234375,2951.10009765625,2952.89990234375,20189
2025-10-06 05:20:00+00:00,2948.0,2950.199951171875,2946.5,2950.199951171875,17291
2025-10-06 05:25:00+00:00,2948.300048828125,2952.0,2948.0,2948.0,10067
2025-10-06 05:30:00+00:00,2951.0,2954.10009765625,2947.89990234375,2948.0,12924
2025-10-06 05:35:00+00:00,2949.699951171875,2951.89990234375,2947.800048828125,2950.800048828125,14344
2025-10-06 05:40:00+00:00,2953.89990234375,2954.5,2948.199951171875,2949.699951171875,26704
2025-10-06 05:45:00+00:00,2952.60009765625,2954.699951171875,2951.0,2953.800048828125,16205
2025-10-06 05:50:00+00:00,2951.0,2955.5,2950.60009765625,2952.10009765625,9111
2025-10-06 05:55:00+00:00,2955.5,2955.60009765625,2949.0,2951.0,16976
2025-10-06 06:00:00+00:00,2959.5,2960.39990234375,2954.5,2954.5,45825
2025-10-06 06:05:00+00:00,2957.60009765625,2962.300048828125,2956.300048828125,2959.60009765625,28643
2025-10-06 06:10:00+00:00,2959.699951171875,2960.0,2957.0,2957.800048828125,11659
2025-10-06 06:15:00+00:00,2957.300048828125,2961.0,2956.0,2958.0,13578
2025-10-06 06:20:00+00:00,2955.5,2957.39990234375,2953.10009765625,2957.39990234375,13460
2025-10-06 06:25:00+00:00,2956.0,2957.300048828125,2954.39990234375,2955.800048828125,12298
2025-10-06 06:30:00+00:00,2958.0,2961.10009765625,2955.800048828125,2955.800048828125,20444
2025-10-06 06:35:00+00:00,2961.300048828125,2962.699951171875,2957.60009765625,2957.60009765625,14055
2025-10-06 06:40:00+00:00,2962.300048828125,2962.60009765625,2960.0,2962.60009765625,53561
2025-10-06 06:45:00+00:00,2963.10009765625,2963.39990234375,2961.0,2962.0,14218
2025-10-06 06:50:00+00:00,2962.10009765625,2963.5,2961.0,2963.0,11489
2025-10-06 06:55:00+00:00,2960.5,2963.0,2960.0,2962.10009765625,12783
2025-10-06 07:00:00+00:00,2959.10009765625,2961.199951171875,2958.0,2960.39990234375,24497
2025-10-06 07:05:00+00:00,2961.10009765625,2962.0,2957.0,2959.300048828125,23619
2025-10-06 07:10:00+00:00,2961.60009765625,2962.0,2956.800048828125,2961.699951171875,46033
2025-10-06 07:15:00+00:00,2963.0,2966.199951171875,2961.0,2961.0,33252
2025-10-06 07:20:00+00:00,2964.60009765625,2965.0,2962.89990234375,2963.39990234375,11246
2025-10-06 07:25:00+00:00,2968.0,2969.0,2964.0,2964.60009765625,23212
2025-10-06 07:30:00+00:00,2968.89990234375,2969.0,2967.0,2968.0,15662
2025-10-06 07:35:00+00:00,2968.0,2969.0,2967.10009765625,2968.0,9065
2025-10-06 07:40:00+00:00,2969.5,2969.699951171875,2967.199951171875,2967.199951171875,12873
2025-10-06 07:45:00+00:00,2967.800048828125,2970.0,2967.199951171875,2969.300048828125,13883
2025-10-06 07:50:00+00:00,2967.0,2970.0,2966.0,2968.0,12256
2025-10-06 07:55:00+00:00,2969.10009765625,2969.5,2965.89990234375,2967.10009765625,10418
2025-10-06 08:00:00+00:00,2971.5,2973.60009765625,2969.39990234375,2970.0,27771
2025-10-06 08:05:00+00:00,2970.800048828125,2972.89990234375,2969.60009765625,2971.5,16673
2025-10-06 08:10:00+00:00,2974.39990234375,2974.800048828125,2970.800048828125,2971.0,13860
2025-10-06 08:15:00+00:00,2970.5,2974.300048828125,2969.5,2974.300048828125,23969
2025-10-06 08:20:00+00:00,2970.89990234375,2971.300048828125,2965.10009765625,2970.10009765625,32906
2025-10-06 08:25:00+00:00,2975.60009765625,2975.60009765625,2968.300048828125,2970.89990234375,24823
2025-10-06 08:30:00+00:00,2975.10009765625,2979.0,2975.0,2975.800048828125,28786
2025-10-06 08:35:00+00:00,2976.89990234375,2979.0,2974.5,2976.0,11749
2025-10-06 08:40:00+00:00,2979.0,2979.300048828125,2975.39990234375,2977.60009765625,24433
2025-10-06 08:45:00+00:00,2977.0,2979.5,2974.39990234375,2978.5,29943
2025-10-06 08:50:00+00:00,2978.199951171875,2978.5,2977.0,2977.0,17459
2025-10-06 08:55:00+00:00,2973.199951171875,2979.60009765625,2972.300048828125,2978.0,38384
2025-10-06 09:00:00+00:00,2976.699951171875,2978.0,2972.300048828125,2973.0,31077
2025-10-06 09:05:00+00:00,2981.300048828125,2981.39990234375,2976.60009765625,2976.699951171875,41838
2025-10-06 09:10:00+00:00,2981.800048828125,2984.60009765625,2980.39990234375,2981.300048828125,25523
2025-10-06 09:15:00+00:00,2982.60009765625,2985.699951171875,2981.300048828125,2981.5,46818
2025-10-06 09:20:00+00:00,2986.300048828125,2989.0,2981.800048828125,2982.300048828125,42025
2025-10-06 09:25:00+00:00,2986.0,2986.89990234375,2984.39990234375,2986.0,20565
2025-10-06 09:30:00+00:00,2990.199951171875,2993.300048828125,2985.199951171875,2985.300048828125,71201
2025-10-06 09:35:00+00:00,2990.300048828125,2991.89990234375,2988.800048828125,2990.199951171875,38507
2025-10-06 09:40:00+00:00,2991.199951171875,2991.89990234375,2988.10009765625,2990.0,41641
2025-10-06 09:45:00+00:00,2985.10009765625,2991.0,2984.0,2991.0,76636
2025-10-06 09:50:00+00:00,2985.89990234375,2987.0,2982.0,2984.60009765625,44417
2025-10-06 09:55:00+00:00,2989.0,2990.0,2985.10009765625,2985.89990234375,32980
2025-10-07 03:45:00+00:00,2985.10009765625,2998.0,2967.699951171875,2998.0,178837
2025-10-07 03:50:00+00:00,2974.89990234375,2991.0,2972.39990234375,2984.39990234375,100783
2025-10-07 03:55:00+00:00,2969.89990234375,2977.800048828125,2966.10009765625,2973.699951171875,44644
2025-10-07 04:00:00+00:00,2963.60009765625,2972.60009765625,2960.10009765625,2970.0,94901
2025-10-07 04:05:00+00:00,2963.39990234375,2965.0,2957.300048828125,2964.5,58742
2025-10-07 04:10:00+00:00,2966.89990234375,2969.0,2962.5,2963.39990234375,40866
2025-10-07 04:15:00+00:00,2967.0,2967.800048828125,2963.60009765625,2966.5,36677
2025-10-07 04:20:00+00:00,2972.39990234375,2975.10009765625,2966.10009765625,2967.5,45542
2025-10-07 04:25:00+00:00,2968.10009765625,2974.60009765625,2968.0,2973.0,37344
2025-10-07 04:30:00+00:00,2969.10009765625,2971.0,2965.0,2968.800048828125,47057
2025-10-07 04:35:00+00:00,2966.199951171875,2970.800048828125,2963.39990234375,2970.0,42693
2025-10-07 04:40:00+00:00,2962.60009765625,2967.89990234375,2961.0,2966.199951171875,22880
2025-10-07 04:45:00+00:00,2960.89990234375,2963.0,2958.10009765625,2963.0,40608
2025-10-07 04:50:00+00:00,2960.0,2961.800048828125,2958.800048828125,2960.89990234375,16955
2025-10-07 04:55:00+00:00,2964.300048828125,2966.5,2959.199951171875,2960.0,27486
2025-10-07 05:00:00+00:00,2966.5,2970.0,2963.89990234375,2965.60009765625,26831
2025-10-07 05:05:00+00:00,2970.89990234375,2971.0,2965.0,2965.60009765625,71960
2025-10-07 05:10:00+00:00,2968.60009765625,2971.0,2968.10009765625,2970.89990234375,16569
2025-10-07 05:15:00+00:00,2965.10009765625,2968.699951171875,2965.0,2968.60009765625,20821
2025-10-07 05:20:00+00:00,2967.39990234375,2967.39990234375,2963.60009765625,2965.10009765625,20910
2025-10-07 05:25:00+00:00,2965.39990234375,2967.699951171875,2964.699951171875,2966.300048828125,21859
2025-10-07 05:30:00+00:00,2963.800048828125,2966.0,2963.0,2964.89990234375,14158
2025-10-07 05:35:00+00:00,2963.10009765625,2965.0,2961.199951171875,2964.0,22958
2025-10-07 05:40:00+00:00,2962.699951171875,2964.5,2960.10009765625,2964.300048828125,17467
2025-10-07 05:45:00+00:00,2962.60009765625,2964.89990234375,2961.5,2962.699951171875,16260
2025-10-07 05:50:00+00:00,2961.0,2963.39990234375,2960.5,2962.60009765625,12959
2025-10-07 05:55:00+00:00,2966.699951171875,2966.699951171875,2960.60009765625,2961.10009765625,48415
2025-10-07 06:00:00+00:00,2968.0,2970.300048828125,2966.10009765625,2966.10009765625,55322
2025-10-07 06:05:00+00:00,2965.0,2969.39990234375,2962.199951171875,2968.10009765625,63148
2025-10-07 06:10:00+00:00,2962.699951171875,2966.699951171875,2962.39990234375,2965.0,38920
2025-10-07 06:15:00+00:00,2962.5,2964.300048828125,2961.60009765625,2962.60009765625,12800
2025-10-07 06:20:00+00:00,2963.5,2965.199951171875,2962.10009765625,2962.5,33732
2025-10-07 06:25:00+00:00,2964.199951171875,2965.39990234375,2963.5,2963.5,14629
2025-10-07 06:30:00+00:00,2963.89990234375,2965.699951171875,2963.10009765625,2964.199951171875,10683
2025-10-07 06:35:00+00:00,2963.60009765625,2967.60009765625,2963.60009765625,2963.89990234375,11874
2025-10-07 06:40:00+00:00,2961.0,2964.5,2961.0,2963.60009765625,14625
2025-10-07 06:45:00+00:00,2957.0,2961.5,2957.0,2961.0,42945
2025-10-07 06:50:00+00:00,2956.0,2957.89990234375,2955.5,2957.0,17390
2025-10-07 06:55:00+00:00,2958.5,2959.699951171875,2956.0,2956.10009765625,14531
2025-10-07 07:00:00+00:00,2958.89990234375,2960.39990234375,2957.5,2958.60009765625,13740
2025-10-07 07:05:00+00:00,2960.0,2961.10009765625,2958.60009765625,2958.800048828125,30936
2025-10-07 07:10:00+00:00,2973.89990234375,2976.5,2959.0,2960.0,121125
2025-10-07 07:15:00+00:00,2973.89990234375,2976.39990234375,2969.5,2973.5,51666
2025-10-07 07:20:00+00:00,2975.699951171875,2980.39990234375,2972.5,2973.89990234375,42837
2025-10-07 07:25:00+00:00,2974.300048828125,2976.800048828125,2972.10009765625,2975.60009765625,39680
2025-10-07 07:30:00+00:00,2972.5,2975.5,2972.39990234375,2974.89990234375,19654
2025-10-07 07:35:00+00:00,2974.0,2974.699951171875,2972.39990234375,2972.5,16457
2025-10-07 07:40:00+00:00,2972.699951171875,2975.199951171875,2972.10009765625,2974.199951171875,49687
2025-10-07 07:45:00+00:00,2972.699951171875,2975.199951171875,2972.10009765625,2973.300048828125,50405
2025-10-07 07:50:00+00:00,2973.39990234375,2974.800048828125,2971.0,2973.199951171875,39917
2025-10-07 07:55:00+00:00,2973.0,2974.199951171875,2972.0,2972.699951171875,11425
2025-10-07 08:00:00+00:00,2972.0,2974.0,2972.0,2973.0,28718
2025-10-07 08:05:00+00:00,2972.5,2974.0,2971.699951171875,2972.39990234375,22101
2025-10-07 08:10:00+00:00,2973.60009765625,2975.199951171875,2972.60009765625,2972.60009765625,27177
2025-10-07 08:15:00+00:00,2973.60009765625,2975.0,2973.0,2974.300048828125,15575
2025-10-07 08:20:00+00:00,2973.10009765625,2975.300048828125,2972.5,2974.300048828125,16806
2025-10-07 08:25:00+00:00,2973.0,2975.0,2972.0,2973.60009765625,14738
2025-10-07 08:30:00+00:00,2977.10009765625,2978.300048828125,2973.0,2973.300048828125,45727
2025-10-07 08:35:00+00:00,2983.10009765625,2983.5,2975.89990234375,2977.199951171875,27483
2025-10-07 08:40:00+00:00,2982.699951171875,2983.5,2977.800048828125,2983.10009765625,28788
2025-10-07 08:45:00+00:00,2988.39990234375,2989.0,2982.300048828125,2982.699951171875,44403
2025-10-07 08:50:00+00:00,2985.699951171875,2989.0,2982.60009765625,2988.5,26531
2025-10-07 08:55:00+00:00,2976.89990234375,2985.699951171875,2975.300048828125,2985.699951171875,37632
2025-10-07 09:00:00+00:00,2979.800048828125,2979.800048828125,2975.89990234375,2976.89990234375,15531
2025-10-07 09:05:00+00:00,2981.39990234375,2984.800048828125,2978.39990234375,2978.699951171875,35647
2025-10-07 09:10:00+00:00,2977.89990234375,2981.699951171875,2975.39990234375,2981.699951171875,50782
2025-10-07 09:15:00+00:00,2978.89990234375,2979.0,2976.0,2976.800048828125,23653
2025-10-07 09:20:00+00:00,2974.5,2980.0,2974.199951171875,2978.89990234375,27580
2025-10-07 09:25:00+00:00,2975.800048828125,2976.699951171875,2972.60009765625,2974.5,30191
2025-10-07 09:30:00+00:00,2977.199951171875,2979.89990234375,2970.60009765625,2975.699951171875,148579
2025-10-07 09:35:00+00:00,2972.89990234375,2977.39990234375,2972.10009765625,2977.199951171875,85179
2025-10-07 09:40:00+00:00,2971.199951171875,2973.0,2969.39990234375,2972.39990234375,101595
2025-10-07 09:45:00+00:00,2974.0,2975.89990234375,2970.60009765625,2970.60009765625,110723
2025-10-07 09:50:00+00:00,2973.89990234375,2975.800048828125,2971.10009765625,2973.60009765625,88774
2025-10-07 09:55:00+00:00,2975.0,2977.5,2972.10009765625,2974.10009765625,43363
2025-10-08 03:45:00+00:00,3008.699951171875,3010.0,2970.0,2970.0,0
2025-10-08 03:50:00+00:00,3013.0,3014.0,3006.5,3009.300048828125,128175
2025-10-08 03:55:00+00:00,3022.199951171875,3022.199951171875,3006.0,3012.5,142494
2025-10-08 04:00:00+00:00,3022.5,3031.89990234375,3019.89990234375,3021.10009765625,151747
2025-10-08 04:05:00+00:00,3025.89990234375,3030.0,3021.300048828125,3022.10009765625,53335
2025-10-08 04:10:00+00:00,3035.0,3035.60009765625,3023.60009765625,3024.5,163005
2025-10-08 04:15:00+00:00,3033.699951171875,3042.60009765625,3030.300048828125,3034.199951171875,353632
2025-10-08 04:20:00+00:00,3037.39990234375,3039.60009765625,3029.199951171875,3032.800048828125,78153
2025-10-08 04:25:00+00:00,3031.89990234375,3038.0,3031.10009765625,3037.0,43290
2025-10-08 04:30:00+00:00,3032.60009765625,3035.800048828125,3030.89990234375,3031.800048828125,45323
2025-10-08 04:35:00+00:00,3030.10009765625,3035.0,3027.60009765625,3032.60009765625,80917
2025-10-08 04:40:00+00:00,3030.10009765625,3035.0,3027.300048828125,3028.300048828125,59707
2025-10-08 04:45:00+00:00,3028.10009765625,3032.199951171875,3027.39990234375,3031.300048828125,42970
2025-10-08 04:50:00+00:00,3017.199951171875,3027.800048828125,3014.199951171875,3027.39990234375,120006
2025-10-08 04:55:00+00:00,3025.89990234375,3026.89990234375,3017.0,3017.10009765625,207549
2025-10-08 05:00:00+00:00,3030.0,3030.5,3022.0,3025.89990234375,36713
2025-10-08 05:05:00+00:00,3028.199951171875,3030.0,3024.800048828125,3029.699951171875,13734
2025-10-08 05:10:00+00:00,3025.300048828125,3029.300048828125,3024.39990234375,3028.199951171875,9860
2025-10-08 05:15:00+00:00,3024.199951171875,3025.5,3022.5,3025.5,15624
2025-10-08 05:20:00+00:00,3019.0,3025.0,3018.5,3025.0,23045
2025-10-08 05:25:00+00:00,3018.89990234375,3024.0,3017.89990234375,3019.5,39957
2025-10-08 05:30:00+00:00,3026.10009765625,3027.60009765625,3019.699951171875,3020.0,94210
2025-10-08 05:35:00+00:00,3025.300048828125,3026.5,3022.300048828125,3026.300048828125,13760
2025-10-08 05:40:00+00:00,3021.89990234375,3025.199951171875,3020.699951171875,3025.0,15819
2025-10-08 05:45:00+00:00,3021.699951171875,3022.199951171875,3019.60009765625,3021.800048828125,11250
2025-10-08 05:50:00+00:00,3022.0,3023.0,3020.5,3021.699951171875,10744
2025-10-08 05:55:00+00:00,3021.5,3026.300048828125,3021.5,3022.0,97608
2025-10-08 06:00:00+00:00,3024.10009765625,3025.0,3020.199951171875,3021.5,46024
2025-10-08 06:05:00+00:00,3025.39990234375,3025.60009765625,3023.300048828125,3024.10009765625,45104
2025-10-08 06:10:00+00:00,3022.199951171875,3025.39990234375,3022.0,3025.199951171875,44815
2025-10-08 06:15:00+00:00,3025.800048828125,3025.800048828125,3020.60009765625,3023.0,43066
2025-10-08 06:20:00+00:00,3029.5,3030.300048828125,3024.800048828125,3025.699951171875,46092
2025-10-08 06:25:00+00:00,3029.0,3030.0,3025.39990234375,3028.5,19148
2025-10-08 06:30:00+00:00,3028.60009765625,3030.0,3027.0,3029.0,10240
2025-10-08 06:35:00+00:00,3028.39990234375,3028.89990234375,3026.60009765625,3028.60009765625,6105
2025-10-08 06:40:00+00:00,3029.10009765625,3031.39990234375,3028.0,3028.10009765625,21967
2025-10-08 06:45:00+00:00,3025.800048828125,3029.10009765625,3025.5,3029.0,10970
2025-10-08 06:50:00+00:00,3021.10009765625,3025.800048828125,3020.39990234375,3025.800048828125,16953
2025-10-08 06:55:00+00:00,3023.60009765625,3025.60009765625,3018.39990234375,3020.60009765625,25314
2025-10-08 07:00:00+00:00,3019.10009765625,3024.199951171875,3018.199951171875,3024.199951171875,13367
2025-10-08 07:05:00+00:00,3019.800048828125,3022.39990234375,3018.699951171875,3019.0,13492
2025-10-08 07:10:00+00:00,3023.0,3023.300048828125,3020.0,3020.0,9210
2025-10-08 07:15:00+00:00,3025.39990234375,3025.39990234375,3023.0,3023.0,13668
2025-10-08 07:20:00+00:00,3025.39990234375,3025.60009765625,3022.0,3025.39990234375,10489
2025-10-08 07:25:00+00:00,3025.39990234375,3025.39990234375,3021.60009765625,3025.0,34353
2025-10-08 07:30:00+00:00,3023.699951171875,3026.0,3016.0,3025.699951171875,98633
2025-10-08 07:35:00+00:00,3025.89990234375,3026.60009765625,3022.10009765625,3024.10009765625,9373
2025-10-08 07:40:00+00:00,3025.89990234375,3026.0,3025.0,3025.199951171875,78229
2025-10-08 07:45:00+00:00,3035.699951171875,3037.0,3023.300048828125,3025.800048828125,100862
2025-10-08 07:50:00+00:00,3032.39990234375,3038.0,3031.199951171875,3035.300048828125,28324
2025-10-08 07:55:00+00:00,3031.60009765625,3033.60009765625,3030.60009765625,3032.0,13904
2025-10-08 08:00:00+00:00,3030.10009765625,3032.0,3028.89990234375,3031.0,19347
2025-10-08 08:05:00+00:00,3030.699951171875,3031.699951171875,3030.0,3030.10009765625,11260
2025-10-08 08:10:00+00:00,3030.10009765625,3031.89990234375,3029.699951171875,3030.699951171875,15353
2025-10-08 08:15:00+00:00,3028.89990234375,3032.0,3027.5,3030.10009765625,19489
2025-10-08 08:20:00+00:00,3028.0,3030.0,3026.10009765625,3028.89990234375,35984
2025-10-08 08:25:00+00:00,3028.0,3029.39990234375,3026.300048828125,3028.0,6147
2025-10-08 08:30:00+00:00,3025.0,3030.5,3024.800048828125,3028.699951171875,31542
2025-10-08 08:35:00+00:00,3025.0,3028.699951171875,3022.60009765625,3025.0,58427
2025-10-08 08:40:00+00:00,3022.300048828125,3026.300048828125,3021.60009765625,3025.699951171875,29954
2025-10-08 08:45:00+00:00,3025.10009765625,3027.0,3020.5,3023.39990234375,96415
2025-10-08 08:50:00+00:00,3028.5,3030.10009765625,3025.10009765625,3025.300048828125,45900
2025-10-08 08:55:00+00:00,3027.5,3029.39990234375,3026.10009765625,3028.5,39909
2025-10-08 09:00:00+00:00,3025.39990234375,3027.60009765625,3023.0,3027.0,47244
2025-10-08 09:05:00+00:00,3027.60009765625,3029.0,3025.89990234375,3025.89990234375,33133
2025-10-08 09:10:00+00:00,3027.89990234375,3030.0,3025.0,3027.800048828125,27372
2025-10-08 09:15:00+00:00,3025.0,3029.0,3024.199951171875,3027.89990234375,28419
2025-10-08 09:20:00+00:00,3027.89990234375,3028.5,3022.60009765625,3025.199951171875,37781
2025-10-08 09:25:00+00:00,3025.0,3027.800048828125,3024.89990234375,3027.39990234375,16338
2025-10-08 09:30:00+00:00,3025.10009765625,3027.89990234375,3023.199951171875,3025.89990234375,60326
2025-10-08 09:35:00+00:00,3025.10009765625,3026.5,3025.0,3025.699951171875,43709
2025-10-08 09:40:00+00:00,3025.0,3026.800048828125,3024.699951171875,3025.300048828125,70059
2025-10-08 09:45:00+00:00,3025.0,3026.89990234375,3024.10009765625,3025.0,89610
2025-10-08 09:50:00+00:00,3025.89990234375,3026.699951171875,3024.699951171875,3025.0,85587
2025-10-08 09:55:00+00:00,3030.5,3035.800048828125,3025.0,3025.0,169146
2025-10-09 03:45:00+00:00,3026.800048828125,3048.5,3020.89990234375,3037.0,0
2025-10-09 03:50:00+00:00,3029.5,3037.800048828125,3027.699951171875,3027.699951171875,60522
2025-10-09 03:55:00+00:00,3027.89990234375,3033.0,3024.60009765625,3029.0,32361
2025-10-09 04:00:00+00:00,3022.0,3028.89990234375,3021.10009765625,3027.699951171875,27621
2025-10-09 04:05:00+00:00,3030.0,3030.0,3020.5,3021.800048828125,30875
2025-10-09 04:10:00+00:00,3029.89990234375,3034.0,3029.0,3031.699951171875,27201
2025-10-09 04:15:00+00:00,3027.10009765625,3031.89990234375,3027.0,3029.89990234375,20231
2025-10-09 04:20:00+00:00,3030.0,3030.0,3026.39990234375,3027.199951171875,24994
2025-10-09 04:25:00+00:00,3030.89990234375,3032.0,3028.800048828125,3030.10009765625,18052
2025-10-09 04:30:00+00:00,3029.199951171875,3031.5,3028.800048828125,3030.39990234375,11888
2025-10-09 04:35:00+00:00,3025.89990234375,3029.39990234375,3025.60009765625,3029.39990234375,9829
2025-10-09 04:40:00+00:00,3024.699951171875,3025.39990234375,3022.5,3025.10009765625,24317
2025-10-09 04:45:00+00:00,3027.800048828125,3029.199951171875,3021.89990234375,3024.0,21956
2025-10-09 04:50:00+00:00,3037.89990234375,3039.89990234375,3026.699951171875,3027.0,56057
2025-10-09 04:55:00+00:00,3042.10009765625,3043.89990234375,3036.5,3037.800048828125,57739
2025-10-09 05:00:00+00:00,3034.60009765625,3043.0,3034.0,3042.10009765625,22993
2025-10-09 05:05:00+00:00,3031.699951171875,3036.199951171875,3031.699951171875,3034.0,25104
2025-10-09 05:10:00+00:00,3032.0,3033.199951171875,3030.10009765625,3032.0,13698
2025-10-09 05:15:00+00:00,3031.60009765625,3033.39990234375,3031.0,3032.800048828125,10088
2025-10-09 05:20:00+00:00,3027.5,3032.89990234375,3026.5,3031.60009765625,27222
2025-10-09 05:25:00+00:00,3033.300048828125,3034.5,3026.699951171875,3028.0,17484
2025-10-09 05:30:00+00:00,3038.0,3038.0,3032.0,3033.300048828125,21397
2025-10-09 05:35:00+00:00,3037.0,3038.39990234375,3035.60009765625,3037.0,17824
2025-10-09 05:40:00+00:00,3035.0,3037.89990234375,3032.5,3037.89990234375,26625
2025-10-09 05:45:00+00:00,3036.5,3036.699951171875,3032.5,3036.0,11946
2025-10-09 05:50:00+00:00,3037.800048828125,3038.0,3035.0,3035.5,13985
2025-10-09 05:55:00+00:00,3041.0,3041.0,3037.800048828125,3037.800048828125,32525
2025-10-09 06:00:00+00:00,3042.5,3043.199951171875,3039.300048828125,3041.0,24946
2025-10-09 06:05:00+00:00,3043.39990234375,3044.199951171875,3041.0,3043.10009765625,26465
2025-10-09 06:10:00+00:00,3040.0,3044.0,3039.699951171875,3043.10009765625,38871
2025-10-09 06:15:00+00:00,3042.800048828125,3044.89990234375,3039.800048828125,3041.60009765625,30290
2025-10-09 06:20:00+00:00,3040.199951171875,3045.0,3039.0,3042.800048828125,27571
2025-10-09 06:25:00+00:00,3037.800048828125,3040.199951171875,3036.60009765625,3040.199951171875,17144
2025-10-09 06:30:00+00:00,3038.10009765625,3040.5,3036.199951171875,3038.199951171875,54239
2025-10-09 06:35:00+00:00,3039.699951171875,3040.0,3036.10009765625,3039.0,25337
2025-10-09 06:40:00+00:00,3040.0,3042.0,3039.10009765625,3039.89990234375,12610
2025-10-09 06:45:00+00:00,3041.5,3042.0,3040.0,3040.0,8607
2025-10-09 06:50:00+00:00,3044.0,3044.0,3041.10009765625,3041.5,16162
2025-10-09 06:55:00+00:00,3044.39990234375,3046.0,3043.0,3044.800048828125,27011
2025-10-09 07:00:00+00:00,3054.5,3055.5,3045.10009765625,3045.699951171875,113271
2025-10-09 07:05:00+00:00,3054.60009765625,3060.300048828125,3053.0,3054.5,96448
2025-10-09 07:10:00+00:00,3057.60009765625,3060.5,3052.10009765625,3054.60009765625,37290
2025-10-09 07:15:00+00:00,3057.0,3060.0,3055.39990234375,3057.300048828125,19253
2025-10-09 07:20:00+00:00,3049.5,3057.89990234375,3049.0,3057.89990234375,32162
2025-10-09 07:25:00+00:00,3047.60009765625,3052.89990234375,3047.5,3050.0,32957
2025-10-09 07:30:00+00:00,3048.699951171875,3049.89990234375,3045.0,3048.0,22352
2025-10-09 07:35:00+00:00,3046.300048828125,3048.699951171875,3043.0,3048.699951171875,18229
2025-10-09 07:40:00+00:00,3039.199951171875,3046.300048828125,3035.699951171875,3046.300048828125,102992
2025-10-09 07:45:00+00:00,3038.800048828125,3040.0,3035.199951171875,3038.0,101715
2025-10-09 07:50:00+00:00,3043.699951171875,3044.0,3038.10009765625,3038.800048828125,113118
2025-10-09 07:55:00+00:00,3045.39990234375,3046.300048828125,3042.60009765625,3043.60009765625,18451
2025-10-09 08:00:00+00:00,3047.699951171875,3048.800048828125,3044.5,3045.300048828125,12769
2025-10-09 08:05:00+00:00,3042.0,3048.199951171875,3041.300048828125,3047.5,12252
2025-10-09 08:10:00+00:00,3040.800048828125,3042.0,3035.10009765625,3042.0,60597
2025-10-09 08:15:00+00:00,3042.800048828125,3043.0,3038.89990234375,3040.800048828125,21717
2025-10-09 08:20:00+00:00,3046.699951171875,3047.0,3040.800048828125,3042.699951171875,12530
2025-10-09 08:25:00+00:00,3046.89990234375,3048.0,3043.300048828125,3045.699951171875,8690
2025-10-09 08:30:00+00:00,3045.800048828125,3047.10009765625,3044.300048828125,3046.39990234375,9073
2025-10-09 08:35:00+00:00,3048.0,3048.0,3044.199951171875,3045.800048828125,19046
2025-10-09 08:40:00+00:00,3039.699951171875,3048.0,3039.60009765625,3047.199951171875,21579
2025-10-09 08:45:00+00:00,3040.0,3043.0,3037.800048828125,3039.699951171875,34157
2025-10-09 08:50:00+00:00,3040.10009765625,3041.699951171875,3037.699951171875,3040.0,24584
2025-10-09 08:55:00+00:00,3043.5,3043.60009765625,3039.60009765625,3040.10009765625,26283
2025-10-09 09:00:00+00:00,3039.60009765625,3045.60009765625,3038.60009765625,3043.5,14387
2025-10-09 09:05:00+00:00,3048.800048828125,3050.0,3039.0,3039.0,56301
2025-10-09 09:10:00+00:00,3055.0,3057.39990234375,3047.300048828125,3049.10009765625,59130
2025-10-09 09:15:00+00:00,3053.10009765625,3059.0,3052.699951171875,3054.39990234375,59791
2025-10-09 09:20:00+00:00,3057.89990234375,3057.89990234375,3051.0,3052.800048828125,116904
2025-10-09 09:25:00+00:00,3060.800048828125,3062.89990234375,3057.10009765625,3057.89990234375,91807
2025-10-09 09:30:00+00:00,3059.89990234375,3064.0,3058.5,3061.300048828125,129413
2025-10-09 09:35:00+00:00,3064.300048828125,3065.199951171875,3058.199951171875,3060.60009765625,132250
2025-10-09 09:40:00+00:00,3063.10009765625,3064.89990234375,3062.39990234375,3064.300048828125,96526
2025-10-09 09:45:00+00:00,3063.39990234375,3065.5,3061.60009765625,3063.39990234375,126186
2025-10-09 09:50:00+00:00,3059.39990234375,3064.0,3056.300048828125,3063.60009765625,127176
2025-10-09 09:55:00+00:00,3060.0,3061.0,3058.0,3058.60009765625,76196
2025-10-10 03:45:00+00:00,3054.39990234375,3067.199951171875,3015.800048828125,3050.0,0
2025-10-10 03:50:00+00:00,3040.10009765625,3054.699951171875,3030.300048828125,3054.10009765625,524331
2025-10-10 03:55:00+00:00,3033.10009765625,3042.800048828125,3021.10009765625,3040.199951171875,449816
2025-10-10 04:00:00+00:00,3038.800048828125,3041.0,3028.10009765625,3034.0,315340
2025-10-10 04:05:00+00:00,3035.699951171875,3046.800048828125,3035.699951171875,3039.60009765625,181349
2025-10-10 04:10:00+00:00,3039.5,3040.89990234375,3032.0,3034.10009765625,96494
2025-10-10 04:15:00+00:00,3035.60009765625,3040.800048828125,3033.199951171875,3039.39990234375,53140
2025-10-10 04:20:00+00:00,3036.300048828125,3038.5,3035.0,3035.699951171875,62249
2025-10-10 04:25:00+00:00,3037.800048828125,3042.60009765625,3033.0,3035.10009765625,217030
2025-10-10 04:30:00+00:00,3041.39990234375,3041.89990234375,3037.800048828125,3037.800048828125,185835
2025-10-10 04:35:00+00:00,3038.10009765625,3041.60009765625,3037.5,3041.60009765625,74358
2025-10-10 04:40:00+00:00,3044.800048828125,3045.89990234375,3037.89990234375,3038.300048828125,54590
2025-10-10 04:45:00+00:00,3049.699951171875,3051.699951171875,3045.0,3045.0,87306
2025-10-10 04:50:00+00:00,3052.199951171875,3052.199951171875,3048.10009765625,3049.699951171875,64129
2025-10-10 04:55:00+00:00,3050.0,3053.800048828125,3048.5,3052.10009765625,106414
2025-10-10 05:00:00+00:00,3050.199951171875,3053.300048828125,3048.5,3050.0,63663
2025-10-10 05:05:00+00:00,3045.39990234375,3050.800048828125,3045.300048828125,3050.199951171875,65957
2025-10-10 05:10:00+00:00,3038.5,3045.300048828125,3036.0,3045.199951171875,58072
2025-10-10 05:15:00+00:00,3032.60009765625,3042.0,3032.0,3038.60009765625,88229
2025-10-10 05:20:00+00:00,3035.699951171875,3036.0,3031.300048828125,3033.0,160493
2025-10-10 05:25:00+00:00,3040.199951171875,3040.5,3031.5,3036.0,140362
2025-10-10 05:30:00+00:00,3041.0,3042.0,3036.89990234375,3040.10009765625,52576
2025-10-10 05:35:00+00:00,3037.10009765625,3042.0,3035.0,3041.10009765625,37013
2025-10-10 05:40:00+00:00,3036.800048828125,3038.0,3035.699951171875,3037.10009765625,28663
2025-10-10 05:45:00+00:00,3036.10009765625,3037.89990234375,3034.10009765625,3036.699951171875,77420
2025-10-10 05:50:00+00:00,3020.0,3035.60009765625,3015.0,3035.199951171875,203066
2025-10-10 05:55:00+00:00,3014.800048828125,3022.199951171875,3007.0,3019.89990234375,268135
2025-10-10 06:00:00+00:00,3019.89990234375,3023.89990234375,3009.800048828125,3015.0,559020
2025-10-10 06:05:00+00:00,3020.5,3027.39990234375,3018.5,3019.60009765625,253366
2025-10-10 06:10:00+00:00,3028.300048828125,3029.5,3020.0,3020.0,86040
2025-10-10 06:15:00+00:00,3030.300048828125,3037.0,3028.0,3028.0,90003
2025-10-10 06:20:00+00:00,3027.300048828125,3031.0,3021.800048828125,3030.5,56638
2025-10-10 06:25:00+00:00,3021.60009765625,3027.5,3021.60009765625,3027.300048828125,44763
2025-10-10 06:30:00+00:00,3023.60009765625,3025.39990234375,3022.0,3022.60009765625,17583
2025-10-10 06:35:00+00:00,3018.89990234375,3023.800048828125,3018.0,3023.60009765625,38344
2025-10-10 06:40:00+00:00,3020.0,3020.0,3015.0,3018.89990234375,47593
2025-10-10 06:45:00+00:00,3022.0,3022.0,3017.699951171875,3020.0,39846
2025-10-10 06:50:00+00:00,3019.0,3022.0,3019.0,3022.0,20161
2025-10-10 06:55:00+00:00,3016.0,3019.699951171875,3016.0,3019.10009765625,35449
2025-10-10 07:00:00+00:00,3020.10009765625,3022.0,3013.60009765625,3015.0,170570
2025-10-10 07:05:00+00:00,3027.10009765625,3027.10009765625,3020.10009765625,3020.10009765625,136631
2025-10-10 07:10:00+00:00,3026.89990234375,3029.0,3025.199951171875,3027.0,31292
2025-10-10 07:15:00+00:00,3029.800048828125,3030.89990234375,3025.699951171875,3026.89990234375,58066
2025-10-10 07:20:00+00:00,3029.39990234375,3030.0,3025.699951171875,3029.89990234375,29590
2025-10-10 07:25:00+00:00,3029.39990234375,3031.800048828125,3028.60009765625,3029.89990234375,28215
2025-10-10 07:30:00+00:00,3029.5,3030.0,3027.5,3029.699951171875,22067
2025-10-10 07:35:00+00:00,3031.89990234375,3034.39990234375,3028.699951171875,3029.5,28489
2025-10-10 07:40:00+00:00,3030.5,3032.60009765625,3030.0,3031.89990234375,30607
2025-10-10 07:45:00+00:00,3030.199951171875,3033.699951171875,3030.0,3030.800048828125,52970
2025-10-10 07:50:00+00:00,3028.300048828125,3030.39990234375,3025.5,3030.39990234375,50422
2025-10-10 07:55:00+00:00,3026.199951171875,3028.89990234375,3022.800048828125,3028.89990234375,54544
2025-10-10 08:00:00+00:00,3029.89990234375,3030.0,3025.0,3026.199951171875,28419
2025-10-10 08:05:00+00:00,3028.300048828125,3030.10009765625,3026.0,3029.89990234375,29466
2025-10-10 08:10:00+00:00,3025.699951171875,3028.800048828125,3025.699951171875,3028.0,31314
2025-10-10 08:15:00+00:00,3025.699951171875,3026.0,3025.0,3025.699951171875,20434
2025-10-10 08:20:00+00:00,3025.800048828125,3025.89990234375,3024.10009765625,3025.89990234375,29766
2025-10-10 08:25:00+00:00,3022.5,3028.0,3022.5,3026.0,32896
2025-10-10 08:30:00+00:00,3023.5,3025.300048828125,3022.10009765625,3023.10009765625,67591
2025-10-10 08:35:00+00:00,3022.300048828125,3025.39990234375,3020.5,3023.300048828125,98849
2025-10-10 08:40:00+00:00,3023.39990234375,3025.39990234375,3020.0,3022.39990234375,88374
2025-10-10 08:45:00+00:00,3020.60009765625,3024.5,3020.0,3023.39990234375,180951
2025-10-10 08:50:00+00:00,3021.5,3022.89990234375,3020.10009765625,3020.5,46250
2025-10-10 08:55:00+00:00,3018.60009765625,3021.89990234375,3018.39990234375,3021.199951171875,46065
2025-10-10 09:00:00+00:00,3020.10009765625,3021.0,3017.5,3018.5,57758
2025-10-10 09:05:00+00:00,3021.39990234375,3026.39990234375,3020.0,3020.89990234375,112744
2025-10-10 09:10:00+00:00,3020.60009765625,3021.800048828125,3019.300048828125,3021.800048828125,34028
2025-10-10 09:15:00+00:00,3020.5,3021.0,3017.39990234375,3020.800048828125,64591
2025-10-10 09:20:00+00:00,3023.0,3026.0,3019.800048828125,3020.5,68404
2025-10-10 09:25:00+00:00,3023.89990234375,3025.10009765625,3020.699951171875,3023.0,67065
2025-10-10 09:30:00+00:00,3029.199951171875,3029.300048828125,3024.0,3024.60009765625,114573
2025-10-10 09:35:00+00:00,3026.300048828125,3029.0,3026.10009765625,3028.10009765625,94611
2025-10-10 09:40:00+00:00,3026.0,3027.800048828125,3025.10009765625,3026.60009765625,116631
2025-10-10 09:45:00+00:00,3028.5,3029.300048828125,3025.300048828125,3025.699951171875,143891
2025-10-10 09:50:00+00:00,3030.10009765625,3031.0,3028.0,3028.0,122825
2025-10-10 09:55:00+00:00,3028.0,3032.5,3026.300048828125,3030.300048828125,161764
2025-10-13 03:45:00+00:00,3020.800048828125,3029.800048828125,3002.10009765625,3008.0,0
2025-10-13 03:50:00+00:00,3029.60009765625,3030.0,3018.60009765625,3021.60009765625,70706
2025-10-13 03:55:00+00:00,3028.39990234375,3035.300048828125,3025.39990234375,3028.800048828125,79077
2025-10-13 04:00:00+00:00,3021.60009765625,3030.800048828125,3020.60009765625,3028.39990234375,47714
2025-10-13 04:05:00+00:00,3026.39990234375,3028.39990234375,3016.800048828125,3020.300048828125,54246
2025-10-13 04:10:00+00:00,3022.699951171875,3026.10009765625,3021.300048828125,3026.0,20918
2025-10-13 04:15:00+00:00,3027.800048828125,3028.0,3022.0,3022.0,34707
2025-10-13 04:20:00+00:00,3026.0,3028.39990234375,3022.699951171875,3027.800048828125,31883
2025-10-13 04:25:00+00:00,3021.300048828125,3026.0,3020.39990234375,3026.0,16815
2025-10-13 04:30:00+00:00,3021.800048828125,3024.89990234375,3021.5,3021.800048828125,24970
2025-10-13 04:35:00+00:00,3020.5,3021.89990234375,3015.89990234375,3021.199951171875,40872
2025-10-13 04:40:00+00:00,3016.699951171875,3020.5,3016.60009765625,3020.39990234375,55911
2025-10-13 04:45:00+00:00,3009.89990234375,3016.800048828125,3009.0,3016.699951171875,96096
2025-10-13 04:50:00+00:00,3009.0,3009.89990234375,3004.800048828125,3009.89990234375,56838
2025-10-13 04:55:00+00:00,3012.89990234375,3012.89990234375,3008.60009765625,3008.89990234375,24670
2025-10-13 05:00:00+00:00,3016.0,3017.199951171875,3013.0,3013.0,37931
2025-10-13 05:05:00+00:00,3015.199951171875,3015.60009765625,3011.800048828125,3015.60009765625,37653
2025-10-13 05:10:00+00:00,3014.800048828125,3017.89990234375,3014.800048828125,3015.199951171875,21996
2025-10-13 05:15:00+00:00,3006.10009765625,3015.0,3006.10009765625,3015.0,54711
2025-10-13 05:20:00+00:00,3002.699951171875,3006.199951171875,3002.699951171875,3006.199951171875,66211
2025-10-13 05:25:00+00:00,3001.0,3003.300048828125,2998.199951171875,3003.300048828125,75461
2025-10-13 05:30:00+00:00,3002.89990234375,3003.699951171875,3000.60009765625,3001.10009765625,31449
2025-10-13 05:35:00+00:00,3003.60009765625,3005.60009765625,3003.0,3003.0,22028
2025-10-13 05:40:00+00:00,3006.300048828125,3006.699951171875,3003.5,3004.0,16079
2025-10-13 05:45:00+00:00,3006.39990234375,3007.60009765625,3005.89990234375,3006.10009765625,8210
2025-10-13 05:50:00+00:00,3004.89990234375,3006.60009765625,3004.699951171875,3006.5,13967
2025-10-13 05:55:00+00:00,3006.60009765625,3006.89990234375,3004.199951171875,3004.89990234375,12956
2025-10-13 06:00:00+00:00,3004.800048828125,3006.300048828125,3004.300048828125,3006.199951171875,15468
2025-10-13 06:05:00+00:00,3006.39990234375,3006.39990234375,3003.60009765625,3005.60009765625,12543
2025-10-13 06:10:00+00:00,3002.0,3006.199951171875,3002.0,3006.199951171875,13902
2025-10-13 06:15:00+00:00,3003.0,3004.300048828125,3000.39990234375,3002.10009765625,20272
2025-10-13 06:20:00+00:00,3005.89990234375,3006.0,3003.0,3003.0,8604
2025-10-13 06:25:00+00:00,3009.300048828125,3009.89990234375,3005.800048828125,3005.89990234375,24476
2025-10-13 06:30:00+00:00,3009.800048828125,3010.199951171875,3009.10009765625,3009.89990234375,41906
2025-10-13 06:35:00+00:00,3010.10009765625,3010.89990234375,3009.800048828125,3010.0,17863
2025-10-13 06:40:00+00:00,3010.0,3011.699951171875,3010.0,3010.0,19730
2025-10-13 06:45:00+00:00,3008.800048828125,3010.10009765625,3008.800048828125,3010.10009765625,27971
2025-10-13 06:50:00+00:00,3011.0,3011.0,3007.10009765625,3008.699951171875,20824
2025-10-13 06:55:00+00:00,3012.699951171875,3014.10009765625,3011.0,3011.0,20401
2025-10-13 07:00:00+00:00,3009.800048828125,3012.60009765625,3009.800048828125,3012.60009765625,10389
2025-10-13 07:05:00+00:00,3012.800048828125,3013.89990234375,3009.800048828125,3009.89990234375,23821
2025-10-13 07:10:00+00:00,3012.60009765625,3013.5,3011.60009765625,3012.800048828125,12583
2025-10-13 07:15:00+00:00,3010.0,3013.699951171875,3010.0,3012.699951171875,27134
2025-10-13 07:20:00+00:00,3011.199951171875,3011.89990234375,3010.0,3010.0,18718
2025-10-13 07:25:00+00:00,3011.800048828125,3013.0,3011.10009765625,3011.199951171875,14093
2025-10-13 07:30:00+00:00,3010.0,3012.300048828125,3010.0,3011.89990234375,34558
2025-10-13 07:35:00+00:00,3011.5,3011.800048828125,3010.0,3010.10009765625,13027
2025-10-13 07:40:00+00:00,3012.699951171875,3013.89990234375,3011.0,3011.5,27109
2025-10-13 07:45:00+00:00,3013.800048828125,3016.300048828125,3012.300048828125,3012.300048828125,27421
2025-10-13 07:50:00+00:00,3013.0,3014.89990234375,3013.0,3013.89990234375,21976
2025-10-13 07:55:00+00:00,3011.0,3013.5,3011.0,3013.0,25918
2025-10-13 08:00:00+00:00,3011.39990234375,3012.699951171875,3010.300048828125,3011.0,17623
2025-10-13 08:05:00+00:00,3009.60009765625,3011.39990234375,3009.0,3010.60009765625,29890
2025-10-13 08:10:00+00:00,3010.0,3010.39990234375,3009.0,3009.0,25998
2025-10-13 08:15:00+00:00,3012.5,3012.5,3010.0,3010.0,30110
2025-10-13 08:20:00+00:00,3004.10009765625,3012.60009765625,3004.10009765625,3012.5,60446
2025-10-13 08:25:00+00:00,3002.199951171875,3004.800048828125,3001.0,3004.800048828125,44705
2025-10-13 08:30:00+00:00,3006.300048828125,3006.5,3002.10009765625,3003.89990234375,39716
2025-10-13 08:35:00+00:00,3005.699951171875,3007.199951171875,3004.5,3006.0,26864
2025-10-13 08:40:00+00:00,3003.39990234375,3006.39990234375,3003.39990234375,3005.5,29327
2025-10-13 08:45:00+00:00,3001.699951171875,3004.10009765625,3001.199951171875,3004.0,35248
2025-10-13 08:50:00+00:00,3002.300048828125,3005.89990234375,3000.800048828125,3002.0,46422
2025-10-13 08:55:00+00:00,3007.89990234375,3008.800048828125,3002.39990234375,3002.39990234375,42161
2025-10-13 09:00:00+00:00,3009.199951171875,3011.89990234375,3007.89990234375,3008.0,38635
2025-10-13 09:05:00+00:00,3007.0,3009.0,3006.0,3009.0,27032
2025-10-13 09:10:00+00:00,3006.699951171875,3007.5,3005.199951171875,3007.0,27084
2025-10-13 09:15:00+00:00,3007.0,3008.10009765625,3006.60009765625,3007.0,28970
2025-10-13 09:20:00+00:00,3007.39990234375,3009.39990234375,3006.5,3007.300048828125,40888
2025-10-13 09:25:00+00:00,3008.0,3008.300048828125,3006.5,3008.0,51283
2025-10-13 09:30:00+00:00,3006.60009765625,3008.89990234375,3006.10009765625,3008.0,53607
2025-10-13 09:35:00+00:00,3005.10009765625,3007.300048828125,3004.39990234375,3007.300048828125,87001
2025-10-13 09:40:00+00:00,3005.89990234375,3006.0,3004.60009765625,3005.10009765625,77644
2025-10-13 09:45:00+00:00,3008.60009765625,3008.89990234375,3006.10009765625,3006.699951171875,74049
2025-10-13 09:50:00+00:00,3009.89990234375,3010.10009765625,3008.5,3008.60009765625,77711
2025-10-13 09:55:00+00:00,3007.199951171875,3012.0,3005.0,3009.39990234375,73197
2025-10-14 03:45:00+00:00,3018.800048828125,3026.699951171875,3012.5,3019.89990234375,0
2025-10-14 03:50:00+00:00,3017.0,3018.10009765625,3010.0,3017.199951171875,95549
2025-10-14 03:55:00+00:00,3015.0,3017.0,3013.10009765625,3015.89990234375,72517
2025-10-14 04:00:00+00:00,3015.300048828125,3016.0,3012.199951171875,3014.89990234375,68692
2025-10-14 04:05:00+00:00,3011.39990234375,3014.800048828125,3010.699951171875,3014.5,20596
2025-10-14 04:10:00+00:00,3007.699951171875,3011.199951171875,3007.699951171875,3011.199951171875,45020
2025-10-14 04:15:00+00:00,3008.300048828125,3010.0,3005.199951171875,3007.699951171875,24711
2025-10-14 04:20:00+00:00,3004.0,3007.89990234375,3000.10009765625,3007.89990234375,71837
2025-10-14 04:25:00+00:00,3002.0,3004.39990234375,3002.0,3004.0,61531
2025-10-14 04:30:00+00:00,3000.39990234375,3005.800048828125,2997.199951171875,3002.0,96582
2025-10-14 04:35:00+00:00,2999.60009765625,3001.0,2999.0,3000.10009765625,34015
2025-10-14 04:40:00+00:00,2998.39990234375,3001.0,2998.0,2999.60009765625,33130
2025-10-14 04:45:00+00:00,2995.300048828125,2999.0,2991.5,2998.89990234375,49349
2025-10-14 04:50:00+00:00,2996.699951171875,2996.699951171875,2993.89990234375,2995.0,25483
2025-10-14 04:55:00+00:00,2996.0,2996.699951171875,2995.0,2996.699951171875,24852
2025-10-14 05:00:00+00:00,2994.300048828125,2996.10009765625,2994.10009765625,2995.89990234375,15519
2025-10-14 05:05:00+00:00,2994.699951171875,2994.89990234375,2993.0,2994.5,22175
2025-10-14 05:10:00+00:00,2989.89990234375,2996.89990234375,2987.39990234375,2994.800048828125,69658
2025-10-14 05:15:00+00:00,2990.39990234375,2992.5,2988.10009765625,2990.0,22249
2025-10-14 05:20:00+00:00,2988.5,2990.5,2987.0,2990.10009765625,22953
2025-10-14 05:25:00+00:00,2982.0,2989.5,2981.10009765625,2987.800048828125,47649
2025-10-14 05:30:00+00:00,2981.800048828125,2984.0,2980.300048828125,2982.10009765625,29370
2025-10-14 05:35:00+00:00,2981.800048828125,2983.199951171875,2980.39990234375,2981.800048828125,26834
2025-10-14 05:40:00+00:00,2978.300048828125,2982.0,2975.10009765625,2981.800048828125,58676
2025-10-14 05:45:00+00:00,2972.39990234375,2978.89990234375,2972.39990234375,2978.89990234375,42343
2025-10-14 05:50:00+00:00,2973.39990234375,2975.0,2970.5,2972.699951171875,28623
2025-10-14 05:55:00+00:00,2976.800048828125,2976.800048828125,2970.60009765625,2973.39990234375,22797
2025-10-14 06:00:00+00:00,2975.89990234375,2976.39990234375,2972.5,2976.39990234375,25606
2025-10-14 06:05:00+00:00,2976.89990234375,2976.89990234375,2975.60009765625,2975.89990234375,19729
2025-10-14 06:10:00+00:00,2976.0,2977.800048828125,2975.60009765625,2977.300048828125,24382
2025-10-14 06:15:00+00:00,2975.300048828125,2976.39990234375,2974.800048828125,2976.10009765625,22036
2025-10-14 06:20:00+00:00,2975.5,2977.0,2975.0,2975.300048828125,14642
2025-10-14 06:25:00+00:00,2974.5,2977.0,2973.0,2975.5,19371
2025-10-14 06:30:00+00:00,2978.39990234375,2979.800048828125,2974.5,2974.800048828125,60826
2025-10-14 06:35:00+00:00,2970.300048828125,2978.39990234375,2970.0,2978.39990234375,38827
2025-10-14 06:40:00+00:00,2969.199951171875,2970.39990234375,2965.39990234375,2970.10009765625,61290
2025-10-14 06:45:00+00:00,2970.39990234375,2971.10009765625,2969.0,2969.5,54433
2025-10-14 06:50:00+00:00,2968.89990234375,2970.5,2967.39990234375,2970.39990234375,28364
2025-10-14 06:55:00+00:00,2962.10009765625,2968.699951171875,2961.5,2968.699951171875,38390
2025-10-14 07:00:00+00:00,2966.10009765625,2966.300048828125,2961.60009765625,2961.60009765625,23022
2025-10-14 07:05:00+00:00,2963.199951171875,2967.800048828125,2963.199951171875,2966.199951171875,40484
2025-10-14 07:10:00+00:00,2963.39990234375,2967.0,2962.5,2964.0,41504
2025-10-14 07:15:00+00:00,2966.0,2966.800048828125,2962.60009765625,2963.89990234375,25967
2025-10-14 07:20:00+00:00,2961.199951171875,2966.800048828125,2961.10009765625,2966.0,30142
2025-10-14 07:25:00+00:00,2959.800048828125,2963.0,2958.39990234375,2961.89990234375,68442
2025-10-14 07:30:00+00:00,2960.800048828125,2961.39990234375,2958.0,2959.60009765625,43339
2025-10-14 07:35:00+00:00,2959.10009765625,2963.10009765625,2957.10009765625,2960.800048828125,39528
2025-10-14 07:40:00+00:00,2958.800048828125,2960.0,2957.0,2959.199951171875,26771
2025-10-14 07:45:00+00:00,2959.699951171875,2961.0,2958.5,2958.89990234375,34365
2025-10-14 07:50:00+00:00,2961.0,2961.5,2959.699951171875,2959.800048828125,30811
2025-10-14 07:55:00+00:00,2961.39990234375,2961.800048828125,2960.800048828125,2960.800048828125,16605
2025-10-14 08:00:00+00:00,2964.0,2964.39990234375,2961.39990234375,2961.39990234375,26703
2025-10-14 08:05:00+00:00,2963.89990234375,2964.199951171875,2960.300048828125,2964.0,41406
2025-10-14 08:10:00+00:00,2965.699951171875,2966.300048828125,2963.89990234375,2963.89990234375,31576
2025-10-14 08:15:00+00:00,2965.300048828125,2966.800048828125,2961.60009765625,2965.699951171875,37614
2025-10-14 08:20:00+00:00,2961.0,2966.0,2960.10009765625,2964.60009765625,26203
2025-10-14 08:25:00+00:00,2962.10009765625,2962.5,2960.5,2961.0,20271
2025-10-14 08:30:00+00:00,2964.0,2964.39990234375,2960.0,2961.60009765625,51841
2025-10-14 08:35:00+00:00,2964.699951171875,2965.699951171875,2963.0,2964.0,28986
2025-10-14 08:40:00+00:00,2963.0,2964.5,2958.10009765625,2964.5,51774
2025-10-14 08:45:00+00:00,2959.699951171875,2963.89990234375,2959.0,2961.60009765625,46699
2025-10-14 08:50:00+00:00,2965.89990234375,2965.89990234375,2958.89990234375,2961.89990234375,56081
2025-10-14 08:55:00+00:00,2965.199951171875,2966.699951171875,2963.199951171875,2965.800048828125,34662
2025-10-14 09:00:00+00:00,2967.39990234375,2968.0,2965.0,2965.199951171875,30754
2025-10-14 09:05:00+00:00,2965.60009765625,2969.89990234375,2965.0,2967.39990234375,54209
2025-10-14 09:10:00+00:00,2965.199951171875,2966.699951171875,2964.0,2965.699951171875,46601
2025-10-14 09:15:00+00:00,2962.60009765625,2968.39990234375,2959.39990234375,2965.39990234375,68022
2025-10-14 09:20:00+00:00,2963.0,2963.60009765625,2962.0,2962.60009765625,35699
2025-10-14 09:25:00+00:00,2963.10009765625,2964.10009765625,2960.10009765625,2963.0,45290
2025-10-14 09:30:00+00:00,2960.300048828125,2964.0,2960.10009765625,2962.60009765625,104059
2025-10-14 09:35:00+00:00,2959.10009765625,2963.800048828125,2958.300048828125,2960.300048828125,232939
2025-10-14 09:40:00+00:00,2959.60009765625,2960.199951171875,2956.10009765625,2960.199951171875,91555
2025-10-14 09:45:00+00:00,2959.699951171875,2962.0,2956.60009765625,2959.699951171875,156036
2025-10-14 09:50:00+00:00,2958.800048828125,2961.60009765625,2957.10009765625,2959.60009765625,137213
2025-10-14 09:55:00+00:00,2960.0,2960.0,2957.89990234375,2959.10009765625,70403
2025-10-15 03:45:00+00:00,2968.300048828125,2971.300048828125,2962.10009765625,2964.699951171875,0
2025-10-15 03:50:00+00:00,2970.10009765625,2975.0,2965.0,2968.300048828125,45951
2025-10-15 03:55:00+00:00,2974.800048828125,2979.39990234375,2970.10009765625,2970.10009765625,53282
2025-10-15 04:00:00+00:00,2970.199951171875,2975.89990234375,2968.699951171875,2974.300048828125,28039
2025-10-15 04:05:00+00:00,2963.5,2971.0,2961.0,2969.39990234375,44633
2025-10-15 04:10:00+00:00,2965.699951171875,2968.39990234375,2963.699951171875,2963.800048828125,31623
2025-10-15 04:15:00+00:00,2963.800048828125,2967.60009765625,2963.800048828125,2966.5,23978
2025-10-15 04:20:00+00:00,2960.0,2964.199951171875,2956.300048828125,2964.199951171875,38207
2025-10-15 04:25:00+00:00,2957.699951171875,2962.89990234375,2956.60009765625,2959.699951171875,16768
2025-10-15 04:30:00+00:00,2953.39990234375,2959.699951171875,2951.699951171875,2957.699951171875,75711
2025-10-15 04:35:00+00:00,2955.699951171875,2956.0,2952.60009765625,2953.60009765625,132781
2025-10-15 04:40:00+00:00,2956.39990234375,2958.699951171875,2955.0,2955.89990234375,33801
2025-10-15 04:45:00+00:00,2955.800048828125,2957.60009765625,2953.800048828125,2956.39990234375,20855
2025-10-15 04:50:00+00:00,2957.800048828125,2958.0,2955.5,2955.5,19445
2025-10-15 04:55:00+00:00,2954.699951171875,2958.800048828125,2954.0,2957.699951171875,22573
2025-10-15 05:00:00+00:00,2953.0,2954.800048828125,2952.5,2954.800048828125,34541
2025-10-15 05:05:00+00:00,2956.0,2957.39990234375,2952.199951171875,2953.199951171875,52265
2025-10-15 05:10:00+00:00,2957.10009765625,2958.0,2955.0,2956.0,37903
2025-10-15 05:15:00+00:00,2953.699951171875,2957.10009765625,2953.0,2957.10009765625,18170
2025-10-15 05:20:00+00:00,2955.10009765625,2955.89990234375,2952.0,2953.89990234375,21610
2025-10-15 05:25:00+00:00,2956.0,2956.0,2953.699951171875,2955.10009765625,21987
2025-10-15 05:30:00+00:00,2955.39990234375,2957.800048828125,2953.89990234375,2955.89990234375,46393
2025-10-15 05:35:00+00:00,2952.5,2955.5,2952.5,2955.39990234375,13286
2025-10-15 05:40:00+00:00,2952.300048828125,2953.89990234375,2951.10009765625,2952.5,21540
2025-10-15 05:45:00+00:00,2953.60009765625,2954.0,2952.0,2952.300048828125,12989
2025-10-15 05:50:00+00:00,2955.89990234375,2955.89990234375,2953.300048828125,2953.60009765625,15518
2025-10-15 05:55:00+00:00,2958.800048828125,2959.300048828125,2955.699951171875,2955.89990234375,51352
2025-10-15 06:00:00+00:00,2959.0,2959.89990234375,2958.10009765625,2958.39990234375,20180
2025-10-15 06:05:00+00:00,2960.800048828125,2962.0,2958.199951171875,2959.199951171875,145319
2025-10-15 06:10:00+00:00,2960.60009765625,2962.800048828125,2960.0,2960.800048828125,61405
2025-10-15 06:15:00+00:00,2959.800048828125,2961.300048828125,2958.0,2960.60009765625,20686
2025-10-15 06:20:00+00:00,2961.60009765625,2962.300048828125,2958.60009765625,2959.5,16538
2025-10-15 06:25:00+00:00,2962.800048828125,2963.300048828125,2961.5,2961.60009765625,17689
2025-10-15 06:30:00+00:00,2966.300048828125,2968.5,2962.800048828125,2962.800048828125,34423
2025-10-15 06:35:00+00:00,2971.39990234375,2972.10009765625,2965.60009765625,2966.300048828125,41270
2025-10-15 06:40:00+00:00,2970.800048828125,2973.300048828125,2970.800048828125,2971.39990234375,31702
2025-10-15 06:45:00+00:00,2972.5,2974.5,2970.800048828125,2970.89990234375,29656
2025-10-15 06:50:00+00:00,2971.0,2972.300048828125,2969.800048828125,2972.300048828125,19818
2025-10-15 06:55:00+00:00,2970.699951171875,2972.199951171875,2968.800048828125,2971.199951171875,37350
2025-10-15 07:00:00+00:00,2971.5,2971.800048828125,2970.300048828125,2970.699951171875,17640
2025-10-15 07:05:00+00:00,2971.39990234375,2971.5,2970.10009765625,2971.0,14589
2025-10-15 07:10:00+00:00,2973.10009765625,2973.10009765625,2970.39990234375,2971.39990234375,34933
2025-10-15 07:15:00+00:00,2972.5,2973.60009765625,2972.0,2973.60009765625,40015
2025-10-15 07:20:00+00:00,2974.699951171875,2974.699951171875,2972.0,2972.5,29689
2025-10-15 07:25:00+00:00,2974.800048828125,2975.89990234375,2974.5,2974.89990234375,44390
2025-10-15 07:30:00+00:00,2971.300048828125,2974.89990234375,2969.800048828125,2974.89990234375,47533
2025-10-15 07:35:00+00:00,2969.39990234375,2972.0,2968.89990234375,2971.199951171875,62425
2025-10-15 07:40:00+00:00,2970.0,2970.0,2968.300048828125,2969.60009765625,14121
2025-10-15 07:45:00+00:00,2969.699951171875,2971.39990234375,2968.60009765625,2969.39990234375,34636
2025-10-15 07:50:00+00:00,2969.300048828125,2970.300048828125,2969.300048828125,2969.89990234375,29464
2025-10-15 07:55:00+00:00,2970.0,2972.199951171875,2968.199951171875,2969.699951171875,66772
2025-10-15 08:00:00+00:00,2969.39990234375,2970.0,2969.0,2969.699951171875,13548
2025-10-15 08:05:00+00:00,2970.0,2970.0,2969.39990234375,2969.39990234375,12053
2025-10-15 08:10:00+00:00,2969.800048828125,2970.0,2969.199951171875,2970.0,12631
2025-10-15 08:15:00+00:00,2969.89990234375,2969.89990234375,2969.199951171875,2969.5,15372
2025-10-15 08:20:00+00:00,2969.699951171875,2970.0,2969.699951171875,2969.89990234375,14262
2025-10-15 08:25:00+00:00,2969.699951171875,2970.0,2968.89990234375,2969.800048828125,14640
2025-10-15 08:30:00+00:00,2970.0,2970.0,2968.10009765625,2969.699951171875,13396
2025-10-15 08:35:00+00:00,2969.89990234375,2970.10009765625,2967.300048828125,2969.800048828125,52796
2025-10-15 08:40:00+00:00,2970.0,2970.0,2969.5,2970.0,22756
2025-10-15 08:45:00+00:00,2973.300048828125,2973.5,2968.89990234375,2970.0,44240
2025-10-15 08:50:00+00:00,2972.89990234375,2975.0,2972.300048828125,2973.300048828125,25645
2025-10-15 08:55:00+00:00,2974.699951171875,2974.699951171875,2972.800048828125,2972.89990234375,22020
2025-10-15 09:00:00+00:00,2972.800048828125,2977.0,2971.199951171875,2974.699951171875,32780
2025-10-15 09:05:00+00:00,2973.300048828125,2973.60009765625,2971.89990234375,2972.699951171875,18754
2025-10-15 09:10:00+00:00,2974.199951171875,2974.89990234375,2972.300048828125,2973.300048828125,27234
2025-10-15 09:15:00+00:00,2967.89990234375,2975.5,2967.39990234375,2974.300048828125,42891
2025-10-15 09:20:00+00:00,2970.89990234375,2970.89990234375,2965.300048828125,2967.800048828125,36415
2025-10-15 09:25:00+00:00,2970.800048828125,2971.39990234375,2970.0,2970.60009765625,22728
2025-10-15 09:30:00+00:00,2969.89990234375,2970.89990234375,2964.800048828125,2967.10009765625,380066
2025-10-15 09:35:00+00:00,2969.60009765625,2970.89990234375,2969.5,2969.89990234375,361248
2025-10-15 09:40:00+00:00,2969.89990234375,2971.10009765625,2969.5,2969.5,303617
2025-10-15 09:45:00+00:00,2970.0,2970.0,2969.89990234375,2970.0,305744
2025-10-15 09:50:00+00:00,2970.60009765625,2970.699951171875,2969.89990234375,2970.0,366271
2025-10-15 09:55:00+00:00,2969.800048828125,2970.800048828125,2966.0,2970.5,194935
2025-10-16 03:45:00+00:00,2965.60009765625,2972.10009765625,2955.800048828125,2972.10009765625,0
2025-10-16 03:50:00+00:00,2958.39990234375,2965.60009765625,2958.0,2965.60009765625,38304
2025-10-16 03:55:00+00:00,2959.699951171875,2962.800048828125,2958.0,2958.0,27466
2025-10-16 04:00:00+00:00,2960.10009765625,2963.0,2958.0,2958.5,35812
2025-10-16 04:05:00+00:00,2956.300048828125,2963.0,2956.300048828125,2960.5,28290
2025-10-16 04:10:00+00:00,2955.199951171875,2956.5,2952.5,2956.5,48839
2025-10-16 04:15:00+00:00,2954.0,2956.300048828125,2953.699951171875,2955.199951171875,20052
2025-10-16 04:20:00+00:00,2955.89990234375,2956.89990234375,2953.0,2954.0,26978
2025-10-16 04:25:00+00:00,2955.60009765625,2958.0,2955.199951171875,2955.89990234375,14176
2025-10-16 04:30:00+00:00,2954.199951171875,2955.800048828125,2952.300048828125,2955.699951171875,28953
2025-10-16 04:35:00+00:00,2954.10009765625,2954.5,2953.199951171875,2953.199951171875,12121
2025-10-16 04:40:00+00:00,2952.199951171875,2954.5,2952.10009765625,2954.10009765625,21846
2025-10-16 04:45:00+00:00,2951.800048828125,2953.39990234375,2950.60009765625,2952.300048828125,27805
2025-10-16 04:50:00+00:00,2951.699951171875,2952.699951171875,2951.10009765625,2951.60009765625,17852
2025-10-16 04:55:00+00:00,2952.89990234375,2954.5,2951.10009765625,2951.60009765625,17015
2025-10-16 05:00:00+00:00,2948.199951171875,2954.0,2944.39990234375,2953.60009765625,112055
2025-10-16 05:05:00+00:00,2947.10009765625,2949.10009765625,2946.60009765625,2948.39990234375,24679
2025-10-16 05:10:00+00:00,2946.89990234375,2947.800048828125,2944.199951171875,2947.10009765625,28942
2025-10-16 05:15:00+00:00,2954.5,2955.0,2946.0,2946.60009765625,36201
2025-10-16 05:20:00+00:00,2955.39990234375,2957.10009765625,2954.199951171875,2954.5,40539
2025-10-16 05:25:00+00:00,2957.800048828125,2957.800048828125,2955.0,2955.60009765625,18926
2025-10-16 05:30:00+00:00,2955.39990234375,2957.60009765625,2955.0,2957.60009765625,12409
2025-10-16 05:35:00+00:00,2956.39990234375,2957.0,2955.0,2955.300048828125,15658
2025-10-16 05:40:00+00:00,2958.10009765625,2958.199951171875,2956.300048828125,2956.800048828125,19638
2025-10-16 05:45:00+00:00,2959.0,2960.0,2958.0,2958.0,31205
2025-10-16 05:50:00+00:00,2954.0,2959.199951171875,2953.10009765625,2959.199951171875,223986
2025-10-16 05:55:00+00:00,2955.60009765625,2955.60009765625,2953.199951171875,2954.0,18879
2025-10-16 06:00:00+00:00,2956.0,2957.89990234375,2955.60009765625,2955.60009765625,12781
2025-10-16 06:05:00+00:00,2955.60009765625,2956.39990234375,2955.5,2956.0,10252
2025-10-16 06:10:00+00:00,2955.0,2956.10009765625,2955.0,2955.5,36012
2025-10-16 06:15:00+00:00,2955.39990234375,2956.0,2955.0,2955.39990234375,20278
2025-10-16 06:20:00+00:00,2955.199951171875,2956.0,2955.0,2955.39990234375,7739
2025-10-16 06:25:00+00:00,2955.199951171875,2957.0,2955.0,2955.199951171875,39991
2025-10-16 06:30:00+00:00,2956.10009765625,2958.5,2955.10009765625,2955.199951171875,25399
2025-10-16 06:35:00+00:00,2958.0,2959.0,2955.10009765625,2955.800048828125,15935
2025-10-16 06:40:00+00:00,2960.699951171875,2961.0,2957.60009765625,2957.60009765625,29246
2025-10-16 06:45:00+00:00,2960.0,2961.60009765625,2960.0,2960.699951171875,28755
2025-10-16 06:50:00+00:00,2962.699951171875,2963.199951171875,2960.0,2960.0,39997
2025-10-16 06:55:00+00:00,2962.5,2964.89990234375,2961.5,2961.699951171875,23979
2025-10-16 07:00:00+00:00,2961.800048828125,2964.0,2960.0,2962.300048828125,40518
2025-10-16 07:05:00+00:00,2961.0,2963.699951171875,2960.699951171875,2962.300048828125,26102
2025-10-16 07:10:00+00:00,2961.5,2961.800048828125,2960.10009765625,2961.0,12016
2025-10-16 07:15:00+00:00,2957.89990234375,2962.0,2957.0,2961.5,39797
2025-10-16 07:20:00+00:00,2957.10009765625,2959.199951171875,2955.5,2958.0,45010
2025-10-16 07:25:00+00:00,2956.0,2958.0,2955.10009765625,2957.10009765625,44892
2025-10-16 07:30:00+00:00,2958.199951171875,2960.0,2955.199951171875,2956.0,26936
2025-10-16 07:35:00+00:00,2957.60009765625,2958.89990234375,2956.699951171875,2958.5,13058
2025-10-16 07:40:00+00:00,2962.89990234375,2965.0,2956.300048828125,2957.60009765625,61100
2025-10-16 07:45:00+00:00,2958.89990234375,2964.5,2957.800048828125,2962.800048828125,49840
2025-10-16 07:50:00+00:00,2963.699951171875,2964.5,2958.60009765625,2959.800048828125,47687
2025-10-16 07:55:00+00:00,2960.0,2963.800048828125,2959.699951171875,2963.699951171875,22886
2025-10-16 08:00:00+00:00,2960.800048828125,2961.0,2958.800048828125,2960.0,25003
2025-10-16 08:05:00+00:00,2961.699951171875,2962.5,2960.0,2960.300048828125,20028
2025-10-16 08:10:00+00:00,2962.39990234375,2963.39990234375,2961.0,2961.10009765625,37426
2025-10-16 08:15:00+00:00,2962.0,2962.800048828125,2961.5,2962.10009765625,17745
2025-10-16 08:20:00+00:00,2962.10009765625,2962.699951171875,2960.699951171875,2962.5,47900
2025-10-16 08:25:00+00:00,2962.89990234375,2963.0,2961.0,2961.800048828125,78063
2025-10-16 08:30:00+00:00,2963.199951171875,2964.699951171875,2961.699951171875,2962.89990234375,47165
2025-10-16 08:35:00+00:00,2967.800048828125,2967.89990234375,2962.0,2964.199951171875,63658
2025-10-16 08:40:00+00:00,2964.5,2969.89990234375,2964.5,2967.699951171875,81374
2025-10-16 08:45:00+00:00,2964.39990234375,2966.800048828125,2962.60009765625,2965.60009765625,37847
2025-10-16 08:50:00+00:00,2968.5,2969.0,2963.800048828125,2964.300048828125,37947
2025-10-16 08:55:00+00:00,2967.39990234375,2970.0,2966.10009765625,2967.800048828125,40792
2025-10-16 09:00:00+00:00,2969.0,2969.0,2967.10009765625,2967.10009765625,39503
2025-10-16 09:05:00+00:00,2968.60009765625,2972.39990234375,2968.0,2969.0,61253
2025-10-16 09:10:00+00:00,2968.699951171875,2969.89990234375,2967.39990234375,2968.60009765625,51564
2025-10-16 09:15:00+00:00,2968.60009765625,2971.60009765625,2967.699951171875,2968.800048828125,69044
2025-10-16 09:20:00+00:00,2970.0,2971.0,2967.89990234375,2968.60009765625,48418
2025-10-16 09:25:00+00:00,2968.699951171875,2971.199951171875,2968.300048828125,2970.699951171875,52405
2025-10-16 09:30:00+00:00,2972.89990234375,2972.89990234375,2968.699951171875,2968.699951171875,113804
2025-10-16 09:35:00+00:00,2970.800048828125,2973.0,2969.0,2972.5,94685
2025-10-16 09:40:00+00:00,2969.199951171875,2972.0,2968.800048828125,2970.800048828125,117905
2025-10-16 09:45:00+00:00,2970.300048828125,2973.10009765625,2969.199951171875,2969.39990234375,125639
2025-10-16 09:50:00+00:00,2969.89990234375,2972.0,2969.5,2970.10009765625,119131
2025-10-16 09:55:00+00:00,2971.800048828125,2972.0,2969.199951171875,2969.699951171875,73725
2025-10-17 03:45:00+00:00,2973.10009765625,2973.60009765625,2956.0,2967.10009765625,0
2025-10-17 03:50:00+00:00,2974.39990234375,2975.0,2965.10009765625,2972.699951171875,46280
2025-10-17 03:55:00+00:00,2970.699951171875,2976.5,2970.0,2974.800048828125,34557
2025-10-17 04:00:00+00:00,2966.699951171875,2972.300048828125,2965.0,2972.300048828125,30534
2025-10-17 04:05:00+00:00,2962.699951171875,2967.300048828125,2961.0,2967.0,30338
2025-10-17 04:10:00+00:00,2970.39990234375,2970.39990234375,2963.5,2964.39990234375,295121
2025-10-17 04:15:00+00:00,2960.5,2971.0,2960.5,2970.39990234375,537863
2025-10-17 04:20:00+00:00,2962.699951171875,2962.800048828125,2958.0,2960.5,27529
2025-10-17 04:25:00+00:00,2964.39990234375,2966.39990234375,2960.39990234375,2963.0,14715
2025-10-17 04:30:00+00:00,2964.0,2966.300048828125,2962.60009765625,2966.300048828125,8994
2025-10-17 04:35:00+00:00,2973.0,2974.0,2963.39990234375,2963.5,53979
2025-10-17 04:40:00+00:00,2974.300048828125,2975.89990234375,2970.10009765625,2972.199951171875,51410
2025-10-17 04:45:00+00:00,2982.0,2983.89990234375,2972.10009765625,2974.300048828125,294477
2025-10-17 04:50:00+00:00,2979.0,2983.0,2978.10009765625,2982.0,36568
2025-10-17 04:55:00+00:00,2978.300048828125,2981.0,2978.300048828125,2979.5,20878
2025-10-17 05:00:00+00:00,2973.300048828125,2978.39990234375,2972.5,2977.800048828125,38207
2025-10-17 05:05:00+00:00,2964.800048828125,2974.0,2964.800048828125,2974.0,85645
2025-10-17 05:10:00+00:00,2970.0,2970.39990234375,2964.800048828125,2965.199951171875,31880
2025-10-17 05:15:00+00:00,2976.800048828125,2978.0,2970.0,2970.699951171875,19152
2025-10-17 05:20:00+00:00,2976.800048828125,2980.199951171875,2976.300048828125,2976.800048828125,18766
2025-10-17 05:25:00+00:00,2983.10009765625,2983.10009765625,2975.60009765625,2976.800048828125,32435
2025-10-17 05:30:00+00:00,2982.0,2984.800048828125,2981.60009765625,2983.199951171875,26723
2025-10-17 05:35:00+00:00,2982.5,2983.39990234375,2981.199951171875,2981.60009765625,11187
2025-10-17 05:40:00+00:00,2982.800048828125,2983.800048828125,2982.10009765625,2982.800048828125,14867
2025-10-17 05:45:00+00:00,2986.5,2988.800048828125,2982.699951171875,2983.10009765625,45420
2025-10-17 05:50:00+00:00,2985.0,2986.89990234375,2984.0,2986.5,18944
2025-10-17 05:55:00+00:00,2987.0,2988.0,2984.5,2984.5,20868
2025-10-17 06:00:00+00:00,2986.699951171875,2987.300048828125,2985.0,2987.0,23973
2025-10-17 06:05:00+00:00,2981.5,2987.39990234375,2981.0,2986.0,20322
2025-10-17 06:10:00+00:00,2974.0,2981.5,2973.10009765625,2981.10009765625,63392
2025-10-17 06:15:00+00:00,2969.60009765625,2974.0,2968.300048828125,2974.0,86630
2025-10-17 06:20:00+00:00,2965.39990234375,2970.0,2958.699951171875,2969.60009765625,251845
2025-10-17 06:25:00+00:00,2969.5,2970.199951171875,2963.5,2964.39990234375,69080
2025-10-17 06:30:00+00:00,2970.0,2971.199951171875,2969.0,2969.5,17089
2025-10-17 06:35:00+00:00,2970.60009765625,2971.0,2969.0,2970.0,16133
2025-10-17 06:40:00+00:00,2972.199951171875,2974.39990234375,2970.0,2970.699951171875,16181
2025-10-17 06:45:00+00:00,2975.0,2975.0,2969.5,2972.300048828125,47925
2025-10-17 06:50:00+00:00,2978.0,2979.800048828125,2974.10009765625,2975.0,46516
2025-10-17 06:55:00+00:00,2978.5,2979.5,2976.199951171875,2978.5,22748
2025-10-17 07:00:00+00:00,2975.5,2978.5,2975.0,2978.5,26211
2025-10-17 07:05:00+00:00,2972.0,2975.5,2971.0,2975.5,17060
2025-10-17 07:10:00+00:00,2971.39990234375,2972.89990234375,2969.10009765625,2971.0,28004
2025-10-17 07:15:00+00:00,2970.800048828125,2972.60009765625,2968.0,2971.199951171875,43020
2025-10-17 07:20:00+00:00,2965.0,2970.89990234375,2965.0,2970.89990234375,27798
2025-10-17 07:25:00+00:00,2964.699951171875,2965.800048828125,2962.10009765625,2965.0,48471
2025-10-17 07:30:00+00:00,2956.60009765625,2965.0,2956.60009765625,2964.0,51721
2025-10-17 07:35:00+00:00,2958.300048828125,2962.0,2956.10009765625,2957.39990234375,48517
2025-10-17 07:40:00+00:00,2961.199951171875,2963.0,2958.0,2958.60009765625,56520
2025-10-17 07:45:00+00:00,2960.60009765625,2963.60009765625,2959.300048828125,2960.0,27795
2025-10-17 07:50:00+00:00,2966.199951171875,2966.199951171875,2959.5,2960.60009765625,148959
2025-10-17 07:55:00+00:00,2963.0,2971.89990234375,2963.0,2966.199951171875,61869
2025-10-17 08:00:00+00:00,2962.0,2965.199951171875,2961.5,2963.10009765625,26488
2025-10-17 08:05:00+00:00,2962.5,2963.5,2960.5,2962.0,30846
2025-10-17 08:10:00+00:00,2967.10009765625,2969.5,2962.699951171875,2963.300048828125,53087
2025-10-17 08:15:00+00:00,2968.199951171875,2970.300048828125,2965.0,2967.10009765625,37245
2025-10-17 08:20:00+00:00,2964.199951171875,2969.10009765625,2962.89990234375,2969.0,34073
2025-10-17 08:25:00+00:00,2970.0,2970.0,2963.0,2963.699951171875,30641
2025-10-17 08:30:00+00:00,2968.60009765625,2970.800048828125,2967.0,2970.0,16789
2025-10-17 08:35:00+00:00,2967.0,2969.39990234375,2965.800048828125,2968.300048828125,23342
2025-10-17 08:40:00+00:00,2963.300048828125,2967.699951171875,2961.699951171875,2967.199951171875,35134
2025-10-17 08:45:00+00:00,2963.5,2964.89990234375,2960.0,2962.10009765625,31426
2025-10-17 08:50:00+00:00,2966.0,2966.699951171875,2962.0,2963.39990234375,35266
2025-10-17 08:55:00+00:00,2962.699951171875,2968.0,2961.300048828125,2965.89990234375,47582
2025-10-17 09:00:00+00:00,2960.89990234375,2964.199951171875,2960.5,2961.300048828125,30201
2025-10-17 09:05:00+00:00,2961.0,2964.5,2960.300048828125,2960.800048828125,46727
2025-10-17 09:10:00+00:00,2961.199951171875,2963.699951171875,2960.0,2962.5,37872
2025-10-17 09:15:00+00:00,2961.5,2964.89990234375,2960.300048828125,2961.199951171875,49014
2025-10-17 09:20:00+00:00,2961.300048828125,2962.800048828125,2960.0,2961.60009765625,64075
2025-10-17 09:25:00+00:00,2962.800048828125,2963.5,2960.800048828125,2961.300048828125,51915
2025-10-17 09:30:00+00:00,2962.300048828125,2963.699951171875,2960.10009765625,2962.800048828125,68915
2025-10-17 09:35:00+00:00,2963.10009765625,2963.60009765625,2961.0,2962.199951171875,63392
2025-10-17 09:40:00+00:00,2962.800048828125,2962.800048828125,2960.10009765625,2962.699951171875,86741
2025-10-17 09:45:00+00:00,2961.699951171875,2963.89990234375,2961.5,2962.39990234375,65625
2025-10-17 09:50:00+00:00,2962.5,2963.699951171875,2961.5,2961.60009765625,69196
2025-10-17 09:55:00+00:00,2962.199951171875,2964.39990234375,2960.0,2962.5,42577
2025-10-20 03:45:00+00:00,2988.300048828125,2993.199951171875,2979.60009765625,2984.60009765625,0
2025-10-20 03:50:00+00:00,2982.699951171875,2990.0,2982.10009765625,2989.39990234375,38741
2025-10-20 03:55:00+00:00,2983.5,2987.699951171875,2979.699951171875,2981.89990234375,22827
2025-10-20 04:00:00+00:00,2981.199951171875,2984.89990234375,2981.0,2984.89990234375,11653
2025-10-20 04:05:00+00:00,2988.39990234375,2988.800048828125,2980.199951171875,2981.5,27580
2025-10-20 04:10:00+00:00,2993.199951171875,2999.0,2987.60009765625,2987.60009765625,77045
2025-10-20 04:15:00+00:00,2994.60009765625,2996.10009765625,2987.199951171875,2993.199951171875,35712
2025-10-20 04:20:00+00:00,2993.0,2995.5,2991.0,2994.60009765625,16018
2025-10-20 04:25:00+00:00,2992.0,2997.0,2991.5,2993.0,15218
2025-10-20 04:30:00+00:00,2993.300048828125,2993.89990234375,2990.60009765625,2991.699951171875,11538
2025-10-20 04:35:00+00:00,3002.0,3003.0,2993.5,2993.5,58506
2025-10-20 04:40:00+00:00,3000.300048828125,3003.300048828125,2999.0,3002.39990234375,34728
2025-10-20 04:45:00+00:00,3001.5,3003.0,3000.0,3001.89990234375,23456
2025-10-20 04:50:00+00:00,2999.199951171875,3002.0,2997.5,3002.0,26390
2025-10-20 04:55:00+00:00,2997.300048828125,3000.0,2996.300048828125,3000.0,26760
2025-10-20 05:00:00+00:00,2999.5,3000.10009765625,2996.199951171875,2997.5,11562
2025-10-20 05:05:00+00:00,2999.0,3000.0,2999.0,3000.0,19953
2025-10-20 05:10:00+00:00,3000.0,3000.0,2999.0,3000.0,11464
2025-10-20 05:15:00+00:00,2999.699951171875,3000.0,2999.0,3000.0,20322
2025-10-20 05:20:00+00:00,3000.0,3000.0,2998.60009765625,2999.699951171875,21261
2025-10-20 05:25:00+00:00,2997.10009765625,3000.0,2994.800048828125,3000.0,37726
2025-10-20 05:30:00+00:00,2995.0,2999.60009765625,2994.89990234375,2998.5,55558
2025-10-20 05:35:00+00:00,2995.0,2995.89990234375,2993.699951171875,2995.0,29275
2025-10-20 05:40:00+00:00,2998.39990234375,3000.0,2993.39990234375,2994.39990234375,155307
2025-10-20 05:45:00+00:00,2999.0,3000.0,2998.0,3000.0,59417
2025-10-20 05:50:00+00:00,2998.800048828125,3000.0,2998.0,2999.0,44596
2025-10-20 05:55:00+00:00,2997.89990234375,2999.89990234375,2997.5,2998.800048828125,26040
2025-10-20 06:00:00+00:00,3001.699951171875,3001.800048828125,2997.699951171875,2998.10009765625,44993
2025-10-20 06:05:00+00:00,2999.699951171875,3001.60009765625,2998.800048828125,3001.5,44713
2025-10-20 06:10:00+00:00,3005.39990234375,3005.89990234375,2996.199951171875,3000.0,42293
2025-10-20 06:15:00+00:00,3001.800048828125,3005.300048828125,3000.0,3005.300048828125,16187
2025-10-20 06:20:00+00:00,2998.89990234375,3002.0,2997.89990234375,3001.89990234375,23617
2025-10-20 06:25:00+00:00,3000.199951171875,3002.699951171875,2998.699951171875,2998.699951171875,29043
2025-10-20 06:30:00+00:00,3003.0,3005.0,3000.300048828125,3001.300048828125,15796
2025-10-20 06:35:00+00:00,3007.199951171875,3007.300048828125,3002.199951171875,3002.300048828125,26258
2025-10-20 06:40:00+00:00,3009.0,3009.699951171875,3007.10009765625,3007.300048828125,36989
2025-10-20 06:45:00+00:00,3007.39990234375,3009.89990234375,3006.0,3009.0,21484
2025-10-20 06:50:00+00:00,3007.0,3008.0,3005.300048828125,3007.39990234375,14538
2025-10-20 06:55:00+00:00,3008.5,3008.699951171875,3005.0,3007.0,27374
2025-10-20 07:00:00+00:00,3009.5,3009.5,3006.300048828125,3008.0,23454
2025-10-20 07:05:00+00:00,3011.0,3011.0,3006.800048828125,3009.5,28291
2025-10-20 07:10:00+00:00,3013.800048828125,3014.0,3010.0,3010.0,22542
2025-10-20 07:15:00+00:00,3011.5,3016.0,3011.199951171875,3014.0,44213
2025-10-20 07:20:00+00:00,3013.10009765625,3014.800048828125,3011.10009765625,3011.300048828125,21126
2025-10-20 07:25:00+00:00,3015.800048828125,3016.0,3012.199951171875,3013.89990234375,32012
2025-10-20 07:30:00+00:00,3019.300048828125,3019.5,3014.89990234375,3015.0,39288
2025-10-20 07:35:00+00:00,3017.60009765625,3020.0,3015.5,3019.199951171875,41259
2025-10-20 07:40:00+00:00,3022.0,3022.0,3015.800048828125,3017.89990234375,48852
2025-10-20 07:45:00+00:00,3021.89990234375,3022.60009765625,3020.10009765625,3021.300048828125,42096
2025-10-20 07:50:00+00:00,3022.0,3023.0,3019.89990234375,3020.10009765625,73596
2025-10-20 07:55:00+00:00,3019.10009765625,3022.0,3017.0,3021.800048828125,47842
2025-10-20 08:00:00+00:00,3018.0,3021.0,3017.300048828125,3019.10009765625,40968
2025-10-20 08:05:00+00:00,3017.0,3018.5,3015.10009765625,3018.0,55135
2025-10-20 08:10:00+00:00,3016.199951171875,3017.800048828125,3013.699951171875,3017.10009765625,29186
2025-10-20 08:15:00+00:00,3011.699951171875,3018.0,3011.10009765625,3016.199951171875,35885
2025-10-20 08:20:00+00:00,3012.300048828125,3014.0,3007.0,3011.699951171875,53204
2025-10-20 08:25:00+00:00,3014.0,3015.5,3012.0,3013.39990234375,26019
2025-10-20 08:30:00+00:00,3013.800048828125,3015.0,3011.300048828125,3014.199951171875,25696
2025-10-20 08:35:00+00:00,3012.699951171875,3015.5,3012.0,3013.800048828125,32238
2025-10-20 08:40:00+00:00,3015.800048828125,3015.800048828125,3012.0,3013.800048828125,29012
2025-10-20 08:45:00+00:00,3016.0,3018.0,3014.10009765625,3015.0,45059
2025-10-20 08:50:00+00:00,3014.800048828125,3018.0,3014.60009765625,3016.0,40431
2025-10-20 08:55:00+00:00,3016.89990234375,3017.39990234375,3013.699951171875,3014.800048828125,31115
2025-10-20 09:00:00+00:00,3017.39990234375,3018.0,3013.5,3016.39990234375,45826
2025-10-20 09:05:00+00:00,3016.800048828125,3017.300048828125,3015.0,3016.800048828125,31079
2025-10-20 09:10:00+00:00,3016.0,3018.0,3014.0,3016.800048828125,31300
2025-10-20 09:15:00+00:00,3018.0,3018.0,3011.0,3016.10009765625,45455
2025-10-20 09:20:00+00:00,3015.39990234375,3018.0,3013.10009765625,3018.0,32821
2025-10-20 09:25:00+00:00,3015.89990234375,3017.0,3013.39990234375,3015.39990234375,41338
2025-10-20 09:30:00+00:00,3013.60009765625,3017.0,3010.5,3016.300048828125,82099
2025-10-20 09:35:00+00:00,3018.0,3018.0,3013.0,3013.0,126183
2025-10-20 09:40:00+00:00,3016.10009765625,3018.699951171875,3014.10009765625,3017.300048828125,130438
2025-10-20 09:45:00+00:00,3013.10009765625,3018.300048828125,3011.60009765625,3016.5,111805
2025-10-20 09:50:00+00:00,3014.10009765625,3015.5,3010.800048828125,3011.800048828125,103887
2025-10-20 09:55:00+00:00,3015.199951171875,3016.300048828125,3013.0,3014.0,57876
2025-10-21 08:05:00+00:00,3031.10009765625,3031.10009765625,3031.10009765625,3031.10009765625,0
2025-10-21 08:15:00+00:00,3021.0,3026.5,3019.10009765625,3024.89990234375,45717
2025-10-21 08:20:00+00:00,3015.699951171875,3021.300048828125,3012.699951171875,3021.0,33404
2025-10-21 08:25:00+00:00,3018.60009765625,3018.699951171875,3015.0,3015.39990234375,22703
2025-10-21 08:30:00+00:00,3019.89990234375,3020.0,3016.199951171875,3018.0,19443
2025-10-21 08:35:00+00:00,3016.300048828125,3020.0,3016.300048828125,3020.0,14782
2025-10-21 08:40:00+00:00,3017.0,3018.800048828125,3016.0,3017.300048828125,16078
2025-10-21 08:45:00+00:00,3017.60009765625,3018.89990234375,3016.5,3017.0,14124
2025-10-21 08:50:00+00:00,3015.89990234375,3017.699951171875,3013.39990234375,3017.5,28581
2025-10-21 08:55:00+00:00,3012.0,3015.89990234375,3011.800048828125,3015.800048828125,12538
2025-10-21 09:00:00+00:00,3001.699951171875,3012.0,2996.0,3011.89990234375,51206
2025-10-21 09:05:00+00:00,3000.800048828125,3003.5,2998.60009765625,3000.89990234375,18643
2025-10-21 09:10:00+00:00,3000.0,3001.199951171875,2998.0,3000.60009765625,26907
2025-10-21 09:15:00+00:00,3006.699951171875,3006.699951171875,3000.0,3000.0,493
2025-10-23 03:45:00+00:00,3049.0,3050.800048828125,3036.699951171875,3036.699951171875,186836
2025-10-23 03:50:00+00:00,3046.199951171875,3049.60009765625,3041.10009765625,3049.0,111279
2025-10-23 03:55:00+00:00,3044.60009765625,3046.89990234375,3043.10009765625,3046.10009765625,72021
2025-10-23 04:00:00+00:00,3042.60009765625,3047.0,3041.5,3044.60009765625,63077
2025-10-23 04:05:00+00:00,3041.89990234375,3046.5,3041.89990234375,3042.89990234375,49556
2025-10-23 04:10:00+00:00,3046.0,3046.0,3039.60009765625,3042.0,86962
2025-10-23 04:15:00+00:00,3042.60009765625,3046.0,3042.0,3045.699951171875,36735
2025-10-23 04:20:00+00:00,3041.0,3044.699951171875,3040.10009765625,3042.10009765625,28842
2025-10-23 04:25:00+00:00,3046.0,3047.0,3040.39990234375,3040.89990234375,53706
2025-10-23 04:30:00+00:00,3048.5,3049.60009765625,3045.89990234375,3046.800048828125,51226
2025-10-23 04:35:00+00:00,3060.699951171875,3061.5,3047.89990234375,3049.0,165171
2025-10-23 04:40:00+00:00,3061.0,3066.0,3059.300048828125,3060.699951171875,95199
2025-10-23 04:45:00+00:00,3062.699951171875,3065.0,3060.89990234375,3061.10009765625,47768
2025-10-23 04:50:00+00:00,3073.0,3075.699951171875,3062.89990234375,3063.300048828125,112220
2025-10-23 04:55:00+00:00,3081.5,3084.800048828125,3072.300048828125,3073.39990234375,111063
2025-10-23 05:00:00+00:00,3085.89990234375,3087.0,3078.699951171875,3081.5,114000
2025-10-23 05:05:00+00:00,3091.300048828125,3091.300048828125,3083.60009765625,3085.89990234375,110550
2025-10-23 05:10:00+00:00,3090.0,3093.5,3086.5,3091.60009765625,105258
2025-10-23 05:15:00+00:00,3084.5,3090.39990234375,3082.800048828125,3089.5,72586
2025-10-23 05:20:00+00:00,3084.699951171875,3086.0,3080.39990234375,3084.300048828125,52618
2025-10-23 05:25:00+00:00,3088.39990234375,3089.89990234375,3083.0,3084.800048828125,52776
2025-10-23 05:30:00+00:00,3088.60009765625,3091.800048828125,3087.800048828125,3088.39990234375,85884
2025-10-23 05:35:00+00:00,3089.300048828125,3090.800048828125,3086.0,3087.699951171875,71629
2025-10-23 05:40:00+00:00,3088.60009765625,3089.300048828125,3087.199951171875,3088.0,44831
2025-10-23 05:45:00+00:00,3090.89990234375,3091.0,3088.5,3088.89990234375,48881
2025-10-23 05:50:00+00:00,3090.5,3091.0,3087.0,3091.0,47073
2025-10-23 05:55:00+00:00,3084.60009765625,3091.0,3084.39990234375,3090.60009765625,53239
2025-10-23 06:00:00+00:00,3084.10009765625,3086.199951171875,3082.0,3085.0,24762
2025-10-23 06:05:00+00:00,3086.10009765625,3086.5,3083.0,3084.10009765625,29131
2025-10-23 06:10:00+00:00,3087.0,3088.300048828125,3085.5,3086.39990234375,47648
2025-10-23 06:15:00+00:00,3089.89990234375,3090.0,3086.800048828125,3087.199951171875,21702
2025-10-23 06:20:00+00:00,3093.0,3093.0,3089.300048828125,3089.89990234375,53338
2025-10-23 06:25:00+00:00,3094.89990234375,3095.0,3092.199951171875,3093.0,65299
2025-10-23 06:30:00+00:00,3092.699951171875,3096.0,3092.300048828125,3095.0,68636
2025-10-23 06:35:00+00:00,3091.89990234375,3093.0,3090.199951171875,3092.699951171875,27059
2025-10-23 06:40:00+00:00,3092.0,3093.199951171875,3090.89990234375,3091.89990234375,34301
2025-10-23 06:45:00+00:00,3095.10009765625,3095.5,3091.5,3092.0,36563
2025-10-23 06:50:00+00:00,3095.300048828125,3095.60009765625,3092.39990234375,3095.199951171875,66697
2025-10-23 06:55:00+00:00,3096.199951171875,3097.89990234375,3095.0,3095.300048828125,47669
2025-10-23 07:00:00+00:00,3095.0,3098.0,3094.699951171875,3097.0,55591
2025-10-23 07:05:00+00:00,3095.89990234375,3096.0,3093.699951171875,3095.10009765625,32063
2025-10-23 07:10:00+00:00,3095.89990234375,3096.39990234375,3092.60009765625,3095.60009765625,69615
2025-10-23 07:15:00+00:00,3091.699951171875,3096.60009765625,3090.0,3095.89990234375,105099
2025-10-23 07:20:00+00:00,3089.300048828125,3094.300048828125,3089.199951171875,3092.0,82162
2025-10-23 07:25:00+00:00,3091.10009765625,3092.89990234375,3088.5,3089.60009765625,59972
2025-10-23 07:30:00+00:00,3090.300048828125,3093.0,3090.0,3091.39990234375,81142
2025-10-23 07:35:00+00:00,3089.800048828125,3092.699951171875,3089.800048828125,3090.39990234375,49739
2025-10-23 07:40:00+00:00,3090.0,3091.0,3088.10009765625,3089.800048828125,76527
2025-10-23 07:45:00+00:00,3091.39990234375,3092.0,3089.199951171875,3090.0,87774
2025-10-23 07:50:00+00:00,3089.699951171875,3092.300048828125,3087.699951171875,3091.800048828125,67958
2025-10-23 07:55:00+00:00,3084.300048828125,3090.0,3084.300048828125,3089.800048828125,63313
2025-10-23 08:00:00+00:00,3082.89990234375,3085.0,3078.199951171875,3084.300048828125,91636
2025-10-23 08:05:00+00:00,3083.699951171875,3085.0,3079.0,3082.800048828125,72934
2025-10-23 08:10:00+00:00,3082.800048828125,3084.89990234375,3081.300048828125,3083.699951171875,35177
2025-10-23 08:15:00+00:00,3081.60009765625,3084.5,3080.5,3081.89990234375,33867
2025-10-23 08:20:00+00:00,3080.10009765625,3083.10009765625,3079.0,3081.60009765625,36770
2025-10-23 08:25:00+00:00,3078.800048828125,3082.39990234375,3078.699951171875,3080.0,51893
2025-10-23 08:30:00+00:00,3080.5,3080.5,3076.60009765625,3078.800048828125,57340
2025-10-23 08:35:00+00:00,3078.89990234375,3081.199951171875,3077.39990234375,3079.800048828125,39914
2025-10-23 08:40:00+00:00,3080.300048828125,3081.0,3076.89990234375,3078.800048828125,45217
2025-10-23 08:45:00+00:00,3081.39990234375,3082.699951171875,3079.0,3080.0,73805
2025-10-23 08:50:00+00:00,3082.699951171875,3083.0,3078.0,3081.10009765625,54640
2025-10-23 08:55:00+00:00,3081.60009765625,3084.5,3079.5,3082.5,61358
2025-10-23 09:00:00+00:00,3079.300048828125,3082.10009765625,3078.0,3081.60009765625,64228
2025-10-23 09:05:00+00:00,3081.699951171875,3082.699951171875,3078.0,3078.699951171875,70187
2025-10-23 09:10:00+00:00,3086.60009765625,3087.300048828125,3080.300048828125,3081.699951171875,76137
2025-10-23 09:15:00+00:00,3086.89990234375,3087.5,3085.10009765625,3086.60009765625,58562
2025-10-23 09:20:00+00:00,3080.89990234375,3086.800048828125,3080.10009765625,3086.800048828125,58809
2025-10-23 09:25:00+00:00,3078.10009765625,3081.199951171875,3077.300048828125,3081.0,65864
2025-10-23 09:30:00+00:00,3075.10009765625,3079.0,3075.0,3078.10009765625,111564
2025-10-23 09:35:00+00:00,3072.800048828125,3075.10009765625,3070.10009765625,3075.10009765625,122243
2025-10-23 09:40:00+00:00,3071.699951171875,3074.10009765625,3070.89990234375,3072.800048828125,152212
2025-10-23 09:45:00+00:00,3073.0,3073.0,3071.0,3071.39990234375,116383
2025-10-23 09:50:00+00:00,3072.300048828125,3074.800048828125,3071.60009765625,3074.0,122517
2025-10-23 09:55:00+00:00,3071.0,3073.0,3070.0,3072.0,95448
2025-10-24 03:45:00+00:00,3064.5,3079.60009765625,3061.300048828125,3075.10009765625,0
2025-10-24 03:50:00+00:00,3069.60009765625,3070.0,3062.0,3064.39990234375,53805
2025-10-24 03:55:00+00:00,3074.0,3074.800048828125,3066.0,3072.0,53011
2025-10-24 04:00:00+00:00,3075.39990234375,3077.0,3072.0,3074.0,38233
2025-10-24 04:05:00+00:00,3085.0,3085.0,3074.10009765625,3075.10009765625,47272
2025-10-24 04:10:00+00:00,3083.10009765625,3084.5,3080.199951171875,3084.39990234375,24879
2025-10-24 04:15:00+00:00,3084.0,3084.0,3081.0,3083.10009765625,15741
2025-10-24 04:20:00+00:00,3084.300048828125,3086.39990234375,3082.5,3084.39990234375,33246
2025-10-24 04:25:00+00:00,3089.39990234375,3090.0,3084.0,3084.300048828125,55764
2025-10-24 04:30:00+00:00,3088.39990234375,3090.0,3088.10009765625,3089.89990234375,41866
2025-10-24 04:35:00+00:00,3087.5,3088.800048828125,3086.0,3088.699951171875,17571
2025-10-24 04:40:00+00:00,3080.0,3087.699951171875,3080.0,3087.5,32945
2025-10-24 04:45:00+00:00,3073.5,3080.199951171875,3072.699951171875,3080.0,58771
2025-10-24 04:50:00+00:00,3077.0,3077.300048828125,3073.0,3073.5,23305
2025-10-24 04:55:00+00:00,3075.10009765625,3079.60009765625,3075.0,3076.800048828125,22037
2025-10-24 05:00:00+00:00,3077.0,3077.39990234375,3075.0,3075.300048828125,17226
2025-10-24 05:05:00+00:00,3078.60009765625,3079.300048828125,3075.199951171875,3076.800048828125,14922
2025-10-24 05:10:00+00:00,3078.0,3078.5,3074.800048828125,3078.5,36646
2025-10-24 05:15:00+00:00,3076.60009765625,3079.0,3075.0,3078.199951171875,32988
2025-10-24 05:20:00+00:00,3077.60009765625,3078.5,3076.39990234375,3076.60009765625,10416
2025-10-24 05:25:00+00:00,3078.39990234375,3078.39990234375,3075.0,3076.60009765625,18535
2025-10-24 05:30:00+00:00,3078.5,3079.300048828125,3075.5,3078.10009765625,17400
2025-10-24 05:35:00+00:00,3079.0,3081.60009765625,3076.800048828125,3078.699951171875,67656
2025-10-24 05:40:00+00:00,3081.60009765625,3083.0,3076.300048828125,3078.89990234375,39931
2025-10-24 05:45:00+00:00,3080.0,3082.0,3079.300048828125,3081.60009765625,10084
2025-10-24 05:50:00+00:00,3084.89990234375,3085.0,3079.89990234375,3079.89990234375,39093
2025-10-24 05:55:00+00:00,3079.800048828125,3085.199951171875,3079.0,3085.0,39126
2025-10-24 06:00:00+00:00,3084.699951171875,3085.0,3080.300048828125,3080.300048828125,35951
2025-10-24 06:05:00+00:00,3085.300048828125,3086.300048828125,3082.5,3084.5,22455
2025-10-24 06:10:00+00:00,3086.699951171875,3088.89990234375,3085.39990234375,3085.800048828125,28401
2025-10-24 06:15:00+00:00,3082.199951171875,3087.60009765625,3082.0,3087.39990234375,50621
2025-10-24 06:20:00+00:00,3081.5,3084.5,3081.0,3082.10009765625,20023
2025-10-24 06:25:00+00:00,3080.800048828125,3082.39990234375,3080.10009765625,3081.10009765625,20196
2025-10-24 06:30:00+00:00,3082.39990234375,3082.39990234375,3080.0,3081.199951171875,20751
2025-10-24 06:35:00+00:00,3085.10009765625,3085.10009765625,3081.89990234375,3081.89990234375,36136
2025-10-24 06:40:00+00:00,3084.60009765625,3087.60009765625,3084.199951171875,3084.89990234375,17664
2025-10-24 06:45:00+00:00,3081.800048828125,3084.800048828125,3080.89990234375,3084.39990234375,15950
2025-10-24 06:50:00+00:00,3083.89990234375,3084.699951171875,3080.199951171875,3081.699951171875,55815
2025-10-24 06:55:00+00:00,3081.199951171875,3084.39990234375,3080.199951171875,3084.300048828125,17411
2025-10-24 07:00:00+00:00,3083.10009765625,3083.800048828125,3081.0,3081.300048828125,23752
2025-10-24 07:05:00+00:00,3085.0,3085.0,3083.0,3083.10009765625,38406
2025-10-24 07:10:00+00:00,3084.39990234375,3085.0,3080.0,3085.0,26979
2025-10-24 07:15:00+00:00,3082.0,3084.39990234375,3081.89990234375,3084.300048828125,11349
2025-10-24 07:20:00+00:00,3078.5,3082.0,3077.10009765625,3082.0,19946
2025-10-24 07:25:00+00:00,3077.699951171875,3080.199951171875,3076.60009765625,3079.0,14488
2025-10-24 07:30:00+00:00,3081.199951171875,3082.0,3076.0,3077.60009765625,45465
2025-10-24 07:35:00+00:00,3078.199951171875,3081.199951171875,3075.5,3081.199951171875,32387
2025-10-24 07:40:00+00:00,3080.199951171875,3080.199951171875,3076.5,3078.10009765625,16246
2025-10-24 07:45:00+00:00,3075.800048828125,3080.5,3072.10009765625,3080.199951171875,72648
2025-10-24 07:50:00+00:00,3074.60009765625,3077.699951171875,3073.60009765625,3075.300048828125,15500
2025-10-24 07:55:00+00:00,3068.39990234375,3075.0,3068.199951171875,3074.699951171875,24047
2025-10-24 08:00:00+00:00,3067.0,3069.89990234375,3065.0,3068.39990234375,29882
2025-10-24 08:05:00+00:00,3067.0,3071.89990234375,3064.5,3067.0,108377
2025-10-24 08:10:00+00:00,3065.0,3068.5,3065.0,3067.0,12619
2025-10-24 08:15:00+00:00,3062.5,3067.0,3062.5,3065.0,19829
2025-10-24 08:20:00+00:00,3065.5,3066.800048828125,3062.5,3062.60009765625,109481
2025-10-24 08:25:00+00:00,3063.39990234375,3066.39990234375,3062.60009765625,3065.699951171875,38757
2025-10-24 08:30:00+00:00,3061.5,3064.699951171875,3061.0,3063.39990234375,41062
2025-10-24 08:35:00+00:00,3058.800048828125,3062.199951171875,3058.699951171875,3061.5,29169
2025-10-24 08:40:00+00:00,3062.10009765625,3065.5,3058.5,3059.10009765625,44372
2025-10-24 08:45:00+00:00,3062.800048828125,3065.699951171875,3061.5,3062.199951171875,41187
2025-10-24 08:50:00+00:00,3065.800048828125,3066.0,3062.5,3062.800048828125,20180
2025-10-24 08:55:00+00:00,3066.300048828125,3067.5,3065.39990234375,3065.800048828125,14556
2025-10-24 09:00:00+00:00,3065.0,3068.5,3064.5,3065.89990234375,21995
2025-10-24 09:05:00+00:00,3064.0,3066.800048828125,3062.60009765625,3065.0,33321
2025-10-24 09:10:00+00:00,3064.199951171875,3065.10009765625,3062.89990234375,3064.199951171875,12110
2025-10-24 09:15:00+00:00,3062.89990234375,3065.800048828125,3061.60009765625,3064.800048828125,19195
2025-10-24 09:20:00+00:00,3061.0,3063.0,3060.0,3061.89990234375,19895
2025-10-24 09:25:00+00:00,3061.699951171875,3062.0,3060.0,3061.60009765625,18358
2025-10-24 09:30:00+00:00,3066.10009765625,3066.699951171875,3060.699951171875,3061.60009765625,75928
2025-10-24 09:35:00+00:00,3064.89990234375,3066.89990234375,3063.0,3066.199951171875,65672
2025-10-24 09:40:00+00:00,3063.5,3066.0,3062.10009765625,3065.0,62812
2025-10-24 09:45:00+00:00,3062.10009765625,3063.60009765625,3060.89990234375,3063.39990234375,70154
2025-10-24 09:50:00+00:00,3061.39990234375,3062.10009765625,3060.199951171875,3062.10009765625,57396
2025-10-24 09:55:00+00:00,3061.0,3062.699951171875,3060.60009765625,3061.39990234375,49614
2025-10-27 03:45:00+00:00,3067.800048828125,3074.699951171875,3061.0,3067.199951171875,0
2025-10-27 03:50:00+00:00,3069.800048828125,3073.10009765625,3065.800048828125,3068.5,58211
2025-10-27 03:55:00+00:00,3072.5,3072.5,3064.39990234375,3068.199951171875,42566
2025-10-27 04:00:00+00:00,3076.89990234375,3077.0,3068.5,3072.89990234375,34109
2025-10-27 04:05:00+00:00,3080.39990234375,3081.199951171875,3076.699951171875,3076.89990234375,46777
2025-10-27 04:10:00+00:00,3092.0,3092.0,3079.800048828125,3079.800048828125,60961
2025-10-27 04:15:00+00:00,3089.300048828125,3092.0,3083.60009765625,3092.0,41712
2025-10-27 04:20:00+00:00,3090.0,3091.800048828125,3088.10009765625,3089.300048828125,40871
2025-10-27 04:25:00+00:00,3086.800048828125,3091.89990234375,3086.300048828125,3090.5,44655
2025-10-27 04:30:00+00:00,3086.199951171875,3089.10009765625,3085.0,3086.199951171875,21628
2025-10-27 04:35:00+00:00,3087.5,3089.60009765625,3085.199951171875,3086.199951171875,22326
2025-10-27 04:40:00+00:00,3089.800048828125,3089.89990234375,3087.10009765625,3088.10009765625,17641
2025-10-27 04:45:00+00:00,3086.39990234375,3089.800048828125,3086.0,3089.800048828125,17408
2025-10-27 04:50:00+00:00,3086.0,3087.699951171875,3085.0,3087.0,12592
2025-10-27 04:55:00+00:00,3088.0,3088.0,3083.39990234375,3086.199951171875,13597
2025-10-27 05:00:00+00:00,3087.39990234375,3088.89990234375,3086.10009765625,3086.800048828125,8927
2025-10-27 05:05:00+00:00,3087.0,3088.300048828125,3085.10009765625,3087.39990234375,17262
2025-10-27 05:10:00+00:00,3087.0,3090.0,3086.800048828125,3087.5,13495
2025-10-27 05:15:00+00:00,3088.199951171875,3089.0,3085.199951171875,3088.5,10281
2025-10-27 05:20:00+00:00,3087.89990234375,3088.300048828125,3086.5,3088.10009765625,11782
2025-10-27 05:25:00+00:00,3089.300048828125,3089.300048828125,3087.0,3088.300048828125,11381
2025-10-27 05:30:00+00:00,3088.39990234375,3090.0,3087.0,3089.300048828125,13300
2025-10-27 05:35:00+00:00,3088.0,3089.699951171875,3087.0,3088.39990234375,13591
2025-10-27 05:40:00+00:00,3087.5,3090.0,3086.5,3088.10009765625,42008
2025-10-27 05:45:00+00:00,3085.0,3087.800048828125,3082.800048828125,3086.5,12945
2025-10-27 05:50:00+00:00,3086.0,3086.0,3084.10009765625,3085.0,5976
2025-10-27 05:55:00+00:00,3084.10009765625,3086.199951171875,3083.199951171875,3084.699951171875,14580
2025-10-27 06:00:00+00:00,3087.5,3088.800048828125,3083.10009765625,3084.199951171875,29966
2025-10-27 06:05:00+00:00,3087.0,3088.300048828125,3085.39990234375,3087.699951171875,25524
2025-10-27 06:10:00+00:00,3084.0,3087.0,3084.0,3086.39990234375,8930
2025-10-27 06:15:00+00:00,3085.39990234375,3086.199951171875,3081.0,3083.5,53080
2025-10-27 06:20:00+00:00,3091.0,3091.0,3084.10009765625,3085.5,49306
2025-10-27 06:25:00+00:00,3091.89990234375,3091.89990234375,3088.5,3090.5,26570
2025-10-27 06:30:00+00:00,3092.39990234375,3092.800048828125,3090.10009765625,3091.89990234375,27689
2025-10-27 06:35:00+00:00,3092.10009765625,3093.89990234375,3090.5,3092.39990234375,42617
2025-10-27 06:40:00+00:00,3091.0,3092.10009765625,3090.39990234375,3092.10009765625,19199
2025-10-27 06:45:00+00:00,3089.0,3092.0,3087.699951171875,3091.300048828125,41128
2025-10-27 06:50:00+00:00,3089.800048828125,3091.5,3087.60009765625,3089.199951171875,14619
2025-10-27 06:55:00+00:00,3089.39990234375,3091.89990234375,3087.10009765625,3090.60009765625,13402
2025-10-27 07:00:00+00:00,3087.800048828125,3089.0,3085.300048828125,3088.39990234375,26183
2025-10-27 07:05:00+00:00,3086.0,3087.800048828125,3084.39990234375,3087.0,7664
2025-10-27 07:10:00+00:00,3086.699951171875,3087.39990234375,3084.10009765625,3086.699951171875,6561
2025-10-27 07:15:00+00:00,3085.10009765625,3086.699951171875,3083.60009765625,3086.699951171875,4939
2025-10-27 07:20:00+00:00,3085.199951171875,3086.199951171875,3083.300048828125,3084.10009765625,11422
2025-10-27 07:25:00+00:00,3087.10009765625,3087.60009765625,3085.0,3085.199951171875,5101
2025-10-27 07:30:00+00:00,3085.0,3087.10009765625,3084.0,3087.10009765625,6074
2025-10-27 07:35:00+00:00,3085.300048828125,3085.60009765625,3084.0,3085.5,3332
2025-10-27 07:40:00+00:00,3084.0,3085.89990234375,3082.5,3083.800048828125,12329
2025-10-27 07:45:00+00:00,3079.199951171875,3083.89990234375,3079.199951171875,3083.800048828125,20211
2025-10-27 07:50:00+00:00,3081.60009765625,3081.699951171875,3078.0,3079.300048828125,17324
2025-10-27 07:55:00+00:00,3081.10009765625,3082.39990234375,3079.0,3080.5,6547
2025-10-27 08:00:00+00:00,3080.5,3081.5,3080.0,3080.10009765625,6368
2025-10-27 08:05:00+00:00,3083.300048828125,3083.39990234375,3079.60009765625,3080.0,8534
2025-10-27 08:10:00+00:00,3083.0,3083.0,3080.199951171875,3082.5,7228
2025-10-27 08:15:00+00:00,3083.60009765625,3083.800048828125,3080.0,3083.0,16608
2025-10-27 08:20:00+00:00,3084.300048828125,3085.0,3082.199951171875,3083.699951171875,14597
2025-10-27 08:25:00+00:00,3083.800048828125,3085.0,3082.300048828125,3084.300048828125,22578
2025-10-27 08:30:00+00:00,3086.800048828125,3087.39990234375,3083.800048828125,3084.39990234375,25374
2025-10-27 08:35:00+00:00,3083.89990234375,3087.10009765625,3083.0,3086.800048828125,12674
2025-10-27 08:40:00+00:00,3083.0,3083.89990234375,3082.300048828125,3083.60009765625,4498
2025-10-27 08:45:00+00:00,3089.0,3089.300048828125,3082.0,3082.0,91879
2025-10-27 08:50:00+00:00,3089.199951171875,3089.699951171875,3087.300048828125,3089.10009765625,19811
2025-10-27 08:55:00+00:00,3086.60009765625,3089.199951171875,3085.199951171875,3089.10009765625,11731
2025-10-27 09:00:00+00:00,3085.199951171875,3087.89990234375,3085.0,3087.10009765625,5572
2025-10-27 09:05:00+00:00,3084.699951171875,3086.699951171875,3084.699951171875,3085.10009765625,5783
2025-10-27 09:10:00+00:00,3085.0,3086.0,3083.5,3085.699951171875,5169
2025-10-27 09:15:00+00:00,3080.5,3085.800048828125,3080.5,3085.0,29364
2025-10-27 09:20:00+00:00,3085.39990234375,3086.0,3080.0,3080.10009765625,94517
2025-10-27 09:25:00+00:00,3085.800048828125,3086.0,3084.199951171875,3085.39990234375,22197
2025-10-27 09:30:00+00:00,3084.60009765625,3087.0,3083.800048828125,3085.699951171875,44584
2025-10-27 09:35:00+00:00,3084.39990234375,3084.800048828125,3083.699951171875,3084.699951171875,37496
2025-10-27 09:40:00+00:00,3083.699951171875,3085.699951171875,3083.60009765625,3084.89990234375,44370
2025-10-27 09:45:00+00:00,3085.300048828125,3085.800048828125,3082.10009765625,3083.60009765625,59088
2025-10-27 09:50:00+00:00,3085.39990234375,3085.60009765625,3084.10009765625,3085.199951171875,42853
2025-10-27 09:55:00+00:00,3083.0,3087.800048828125,3083.0,3085.60009765625,58179
2025-10-28 03:45:00+00:00,3079.39990234375,3090.199951171875,3069.800048828125,3069.800048828125,0
2025-10-28 03:50:00+00:00,3081.800048828125,3084.60009765625,3078.0,3079.0,40343
2025-10-28 03:55:00+00:00,3083.0,3084.0,3078.800048828125,3081.39990234375,48208
2025-10-28 04:00:00+00:00,3083.10009765625,3087.39990234375,3081.0,3083.0,35458
2025-10-28 04:05:00+00:00,3080.699951171875,3084.699951171875,3080.60009765625,3083.199951171875,29448
2025-10-28 04:10:00+00:00,3081.5,3083.0,3080.300048828125,3080.699951171875,23919
2025-10-28 04:15:00+00:00,3079.89990234375,3082.10009765625,3078.89990234375,3081.5,25368
2025-10-28 04:20:00+00:00,3076.699951171875,3080.699951171875,3075.5,3079.89990234375,21906
2025-10-28 04:25:00+00:00,3075.89990234375,3077.89990234375,3074.699951171875,3076.5,21347
2025-10-28 04:30:00+00:00,3071.0,3076.199951171875,3070.39990234375,3075.89990234375,24005
2025-10-28 04:35:00+00:00,3069.5,3071.60009765625,3067.60009765625,3071.60009765625,26287
2025-10-28 04:40:00+00:00,3070.0,3071.0,3068.0,3069.39990234375,30101
2025-10-28 04:45:00+00:00,3069.0,3071.10009765625,3069.0,3069.89990234375,20037
2025-10-28 04:50:00+00:00,3068.300048828125,3069.199951171875,3067.10009765625,3068.199951171875,14098
2025-10-28 04:55:00+00:00,3068.5,3070.89990234375,3068.0,3069.0,43838
2025-10-28 05:00:00+00:00,3067.89990234375,3069.800048828125,3066.300048828125,3068.5,25145
2025-10-28 05:05:00+00:00,3069.199951171875,3069.60009765625,3065.0,3067.5,71448
2025-10-28 05:10:00+00:00,3065.800048828125,3069.39990234375,3065.699951171875,3068.199951171875,10395
2025-10-28 05:15:00+00:00,3064.89990234375,3065.800048828125,3062.0,3065.800048828125,19461
2025-10-28 05:20:00+00:00,3061.89990234375,3066.0,3061.5,3064.39990234375,23368
2025-10-28 05:25:00+00:00,3061.60009765625,3063.39990234375,3061.5,3062.0,13928
2025-10-28 05:30:00+00:00,3054.10009765625,3061.699951171875,3053.60009765625,3061.699951171875,43471
2025-10-28 05:35:00+00:00,3058.0,3060.10009765625,3053.300048828125,3054.0,25254
2025-10-28 05:40:00+00:00,3053.0,3059.699951171875,3053.0,3058.89990234375,20381
2025-10-28 05:45:00+00:00,3055.0,3056.300048828125,3051.39990234375,3054.5,91361
2025-10-28 05:50:00+00:00,3060.89990234375,3060.89990234375,3055.0,3055.0,27854
2025-10-28 05:55:00+00:00,3060.89990234375,3061.699951171875,3059.800048828125,3059.800048828125,11408
2025-10-28 06:00:00+00:00,3059.0,3061.800048828125,3059.0,3060.89990234375,35612
2025-10-28 06:05:00+00:00,3060.300048828125,3061.10009765625,3056.199951171875,3059.0,28453
2025-10-28 06:10:00+00:00,3060.10009765625,3062.0,3060.0,3060.89990234375,15938
2025-10-28 06:15:00+00:00,3058.60009765625,3060.89990234375,3057.5,3060.10009765625,29553
2025-10-28 06:20:00+00:00,3056.89990234375,3060.800048828125,3056.89990234375,3058.5,11149
2025-10-28 06:25:00+00:00,3055.0,3057.39990234375,3055.0,3056.800048828125,19226
2025-10-28 06:30:00+00:00,3054.0,3055.5,3053.300048828125,3054.199951171875,16422
2025-10-28 06:35:00+00:00,3052.0,3054.800048828125,3051.5,3054.0,27172
2025-10-28 06:40:00+00:00,3052.39990234375,3054.0,3051.5,3052.39990234375,15224
2025-10-28 06:45:00+00:00,3056.39990234375,3057.0,3052.0,3053.300048828125,55979
2025-10-28 06:50:00+00:00,3055.0,3057.60009765625,3054.5,3056.10009765625,15798
2025-10-28 06:55:00+00:00,3054.5,3056.0,3053.10009765625,3055.5,26241
2025-10-28 07:00:00+00:00,3055.89990234375,3055.89990234375,3054.199951171875,3054.300048828125,30182
2025-10-28 07:05:00+00:00,3058.0,3059.699951171875,3055.199951171875,3055.89990234375,22064
2025-10-28 07:10:00+00:00,3061.199951171875,3062.60009765625,3058.10009765625,3059.39990234375,24291
2025-10-28 07:15:00+00:00,3060.39990234375,3064.199951171875,3059.300048828125,3062.300048828125,27857
2025-10-28 07:20:00+00:00,3060.10009765625,3062.39990234375,3058.89990234375,3060.39990234375,38534
2025-10-28 07:25:00+00:00,3059.699951171875,3062.0,3058.199951171875,3059.10009765625,23991
2025-10-28 07:30:00+00:00,3054.0,3060.0,3053.699951171875,3058.699951171875,26481
2025-10-28 07:35:00+00:00,3053.89990234375,3055.39990234375,3052.0,3054.199951171875,25238
2025-10-28 07:40:00+00:00,3054.300048828125,3055.5,3053.0,3053.800048828125,9137
2025-10-28 07:45:00+00:00,3054.699951171875,3056.0,3051.800048828125,3054.300048828125,17979
2025-10-28 07:50:00+00:00,3058.5,3058.5,3054.199951171875,3055.300048828125,22547
2025-10-28 07:55:00+00:00,3059.10009765625,3060.89990234375,3057.89990234375,3058.5,16149
2025-10-28 08:00:00+00:00,3059.199951171875,3060.5,3058.0,3059.10009765625,18589
2025-10-28 08:05:00+00:00,3060.10009765625,3060.199951171875,3059.199951171875,3059.199951171875,16902
2025-10-28 08:10:00+00:00,3053.10009765625,3060.5,3052.300048828125,3060.10009765625,32300
2025-10-28 08:15:00+00:00,3052.10009765625,3056.39990234375,3051.300048828125,3052.800048828125,21083
2025-10-28 08:20:00+00:00,3050.800048828125,3053.300048828125,3050.39990234375,3052.10009765625,83698
2025-10-28 08:25:00+00:00,3050.800048828125,3051.60009765625,3050.0,3050.5,23019
2025-10-28 08:30:00+00:00,3047.39990234375,3052.199951171875,3047.39990234375,3050.39990234375,73920
2025-10-28 08:35:00+00:00,3047.5,3047.89990234375,3045.10009765625,3047.39990234375,38341
2025-10-28 08:40:00+00:00,3044.60009765625,3046.89990234375,3043.10009765625,3046.0,62993
2025-10-28 08:45:00+00:00,3045.699951171875,3048.5,3044.800048828125,3045.0,45519
2025-10-28 08:50:00+00:00,3044.199951171875,3047.5,3043.300048828125,3045.699951171875,26227
2025-10-28 08:55:00+00:00,3042.89990234375,3045.89990234375,3041.0,3045.800048828125,49448
2025-10-28 09:00:00+00:00,3041.60009765625,3043.10009765625,3040.60009765625,3043.10009765625,36131
2025-10-28 09:05:00+00:00,3045.60009765625,3046.0,3040.199951171875,3041.60009765625,40231
2025-10-28 09:10:00+00:00,3045.300048828125,3048.0,3043.10009765625,3045.60009765625,25233
2025-10-28 09:15:00+00:00,3042.39990234375,3048.89990234375,3042.39990234375,3045.0,44631
2025-10-28 09:20:00+00:00,3045.0,3047.5,3042.699951171875,3043.0,49288
2025-10-28 09:25:00+00:00,3046.800048828125,3049.699951171875,3044.10009765625,3044.199951171875,56776
2025-10-28 09:30:00+00:00,3057.89990234375,3059.0,3046.800048828125,3046.800048828125,229987
2025-10-28 09:35:00+00:00,3055.800048828125,3060.10009765625,3050.10009765625,3058.5,341576
2025-10-28 09:40:00+00:00,3059.0,3061.800048828125,3054.5,3056.39990234375,213584
2025-10-28 09:45:00+00:00,3061.699951171875,3063.5,3058.39990234375,3059.199951171875,159447
2025-10-28 09:50:00+00:00,3060.5,3062.699951171875,3059.0,3061.60009765625,170013
2025-10-28 09:55:00+00:00,3057.89990234375,3061.800048828125,3057.89990234375,3060.5,71390
2025-10-29 03:45:00+00:00,3060.0,3067.0,3058.10009765625,3067.0,0
2025-10-29 03:50:00+00:00,3062.5,3062.60009765625,3056.10009765625,3058.60009765625,29210
2025-10-29 03:55:00+00:00,3065.60009765625,3067.5,3061.60009765625,3063.89990234375,30420
2025-10-29 04:00:00+00:00,3062.0,3065.5,3061.10009765625,3065.5,18846
2025-10-29 04:05:00+00:00,3052.0,3061.89990234375,3051.300048828125,3061.89990234375,36048
2025-10-29 04:10:00+00:00,3052.0,3054.300048828125,3051.0,3052.0,51541
2025-10-29 04:15:00+00:00,3049.199951171875,3054.300048828125,3049.10009765625,3050.89990234375,46751
2025-10-29 04:20:00+00:00,3048.0,3051.89990234375,3046.10009765625,3049.5,36215
2025-10-29 04:25:00+00:00,3049.5,3052.89990234375,3047.10009765625,3048.0,24856
2025-10-29 04:30:00+00:00,3053.699951171875,3055.0,3050.0,3051.300048828125,18869
2025-10-29 04:35:00+00:00,3052.699951171875,3055.39990234375,3051.800048828125,3054.199951171875,14970
2025-10-29 04:40:00+00:00,3056.199951171875,3057.39990234375,3053.60009765625,3053.60009765625,15352
2025-10-29 04:45:00+00:00,3058.5,3059.60009765625,3056.199951171875,3056.89990234375,21709
2025-10-29 04:50:00+00:00,3056.800048828125,3058.89990234375,3055.0,3058.5,44333
2025-10-29 04:55:00+00:00,3064.10009765625,3064.800048828125,3054.39990234375,3056.800048828125,42478
2025-10-29 05:00:00+00:00,3072.0,3072.89990234375,3062.5,3064.199951171875,46033
2025-10-29 05:05:00+00:00,3070.60009765625,3073.5,3066.199951171875,3072.800048828125,104116
2025-10-29 05:10:00+00:00,3068.0,3070.5,3066.39990234375,3070.5,27274
2025-10-29 05:15:00+00:00,3061.0,3069.0,3060.800048828125,3068.0,109036
2025-10-29 05:20:00+00:00,3057.5,3061.0,3053.199951171875,3061.0,105824
2025-10-29 05:25:00+00:00,3059.39990234375,3061.5,3055.0,3056.89990234375,128463
2025-10-29 05:30:00+00:00,3060.800048828125,3063.89990234375,3058.39990234375,3059.5,61258
2025-10-29 05:35:00+00:00,3062.300048828125,3063.10009765625,3060.60009765625,3060.800048828125,18554
2025-10-29 05:40:00+00:00,3058.39990234375,3063.5,3058.10009765625,3062.199951171875,63989
2025-10-29 05:45:00+00:00,3057.10009765625,3058.699951171875,3055.0,3058.60009765625,35157
2025-10-29 05:50:00+00:00,3059.0,3059.5,3057.10009765625,3057.199951171875,21826
2025-10-29 05:55:00+00:00,3061.300048828125,3062.199951171875,3058.699951171875,3058.699951171875,19179
2025-10-29 06:00:00+00:00,3062.800048828125,3063.699951171875,3060.10009765625,3061.199951171875,22059
2025-10-29 06:05:00+00:00,3068.199951171875,3069.60009765625,3062.699951171875,3062.800048828125,38103
2025-10-29 06:10:00+00:00,3067.10009765625,3068.60009765625,3064.39990234375,3068.199951171875,20118
2025-10-29 06:15:00+00:00,3064.39990234375,3067.699951171875,3063.5,3067.60009765625,25414
2025-10-29 06:20:00+00:00,3062.5,3065.0,3060.800048828125,3064.60009765625,41194
2025-10-29 06:25:00+00:00,3061.10009765625,3062.39990234375,3060.5,3062.39990234375,17118
2025-10-29 06:30:00+00:00,3064.89990234375,3066.0,3060.199951171875,3061.10009765625,26860
2025-10-29 06:35:00+00:00,3067.5,3069.10009765625,3064.5,3066.10009765625,21615
2025-10-29 06:40:00+00:00,3066.199951171875,3068.0,3065.60009765625,3067.5,7273
2025-10-29 06:45:00+00:00,3068.199951171875,3070.0,3066.5,3066.89990234375,13116
2025-10-29 06:50:00+00:00,3068.199951171875,3069.0,3066.5,3068.0,9633
2025-10-29 06:55:00+00:00,3073.300048828125,3074.800048828125,3067.0,3068.39990234375,21584
2025-10-29 07:00:00+00:00,3073.199951171875,3075.300048828125,3072.199951171875,3073.199951171875,32439
2025-10-29 07:05:00+00:00,3075.0,3075.300048828125,3072.0,3073.199951171875,24965
2025-10-29 07:10:00+00:00,3075.0,3075.800048828125,3072.0,3075.800048828125,37283
2025-10-29 07:15:00+00:00,3072.0,3075.300048828125,3072.0,3075.300048828125,25135
2025-10-29 07:20:00+00:00,3070.39990234375,3075.0,3070.39990234375,3072.0,43391
2025-10-29 07:25:00+00:00,3071.699951171875,3071.89990234375,3070.0,3070.89990234375,8490
2025-10-29 07:30:00+00:00,3070.0,3072.5,3070.0,3071.800048828125,15848
2025-10-29 07:35:00+00:00,3070.300048828125,3072.0,3070.0,3070.0,29439
2025-10-29 07:40:00+00:00,3070.199951171875,3074.699951171875,3070.0,3070.199951171875,29131
2025-10-29 07:45:00+00:00,3065.89990234375,3070.800048828125,3065.300048828125,3070.199951171875,27176
2025-10-29 07:50:00+00:00,3065.39990234375,3068.0,3065.0,3065.89990234375,18167
2025-10-29 07:55:00+00:00,3065.800048828125,3068.0,3065.0,3065.39990234375,27227
2025-10-29 08:00:00+00:00,3062.60009765625,3065.89990234375,3061.39990234375,3065.89990234375,68804
2025-10-29 08:05:00+00:00,3061.39990234375,3065.300048828125,3060.5,3062.199951171875,38821
2025-10-29 08:10:00+00:00,3060.89990234375,3061.5,3058.800048828125,3061.5,30323
2025-10-29 08:15:00+00:00,3060.0,3062.199951171875,3060.0,3060.89990234375,12892
2025-10-29 08:20:00+00:00,3062.199951171875,3063.39990234375,3060.39990234375,3060.39990234375,17665
2025-10-29 08:25:00+00:00,3061.300048828125,3062.699951171875,3061.0,3062.39990234375,10432
2025-10-29 08:30:00+00:00,3061.5,3063.89990234375,3061.0,3061.0,15749
2025-10-29 08:35:00+00:00,3060.0,3062.699951171875,3060.0,3061.60009765625,18944
2025-10-29 08:40:00+00:00,3060.10009765625,3061.0,3060.0,3060.10009765625,21227
2025-10-29 08:45:00+00:00,3062.5,3063.699951171875,3059.60009765625,3060.39990234375,47629
2025-10-29 08:50:00+00:00,3060.60009765625,3062.5,3059.0,3062.5,22752
2025-10-29 08:55:00+00:00,3060.39990234375,3060.60009765625,3060.0,3060.5,28340
2025-10-29 09:00:00+00:00,3061.89990234375,3062.199951171875,3060.300048828125,3060.300048828125,21781
2025-10-29 09:05:00+00:00,3059.5,3061.89990234375,3059.0,3061.0,33219
2025-10-29 09:10:00+00:00,3058.300048828125,3060.0,3058.199951171875,3059.300048828125,34280
2025-10-29 09:15:00+00:00,3055.60009765625,3060.0,3055.5,3058.60009765625,82867
2025-10-29 09:20:00+00:00,3057.89990234375,3058.0,3055.5,3055.60009765625,81370
2025-10-29 09:25:00+00:00,3058.199951171875,3059.89990234375,3058.0,3058.0,49104
2025-10-29 09:30:00+00:00,3057.5,3058.5,3056.199951171875,3058.5,69078
2025-10-29 09:35:00+00:00,3056.89990234375,3058.0,3055.699951171875,3057.60009765625,65511
2025-10-29 09:40:00+00:00,3056.699951171875,3058.0,3055.60009765625,3056.89990234375,76480
2025-10-29 09:45:00+00:00,3057.0,3057.300048828125,3055.60009765625,3056.300048828125,102658
2025-10-29 09:50:00+00:00,3060.0,3061.39990234375,3056.39990234375,3057.0,66413
2025-10-29 09:55:00+00:00,3057.60009765625,3061.0,3057.60009765625,3060.0,53100
2025-10-30 03:45:00+00:00,3061.300048828125,3063.800048828125,3051.10009765625,3052.699951171875,0
2025-10-30 03:50:00+00:00,3058.199951171875,3063.0,3056.5,3062.199951171875,47960
2025-10-30 03:55:00+00:00,3052.10009765625,3057.89990234375,3051.89990234375,3057.89990234375,48463
2025-10-30 04:00:00+00:00,3049.60009765625,3055.89990234375,3049.0,3052.89990234375,26405
2025-10-30 04:05:00+00:00,3048.10009765625,3050.0,3047.10009765625,3048.800048828125,37171
2025-10-30 04:10:00+00:00,3046.89990234375,3048.0,3045.10009765625,3045.89990234375,29559
2025-10-30 04:15:00+00:00,3049.699951171875,3049.89990234375,3045.10009765625,3046.699951171875,23151
2025-10-30 04:20:00+00:00,3043.800048828125,3049.89990234375,3043.0,3049.89990234375,31138
2025-10-30 04:25:00+00:00,3045.10009765625,3046.10009765625,3043.0,3043.0,12003
2025-10-30 04:30:00+00:00,3043.0,3045.5,3042.10009765625,3045.0,15694
2025-10-30 04:35:00+00:00,3045.0,3045.0,3043.39990234375,3045.0,28280
2025-10-30 04:40:00+00:00,3045.0,3045.0,3043.699951171875,3045.0,14784
2025-10-30 04:45:00+00:00,3044.5,3045.60009765625,3043.60009765625,3045.0,11667
2025-10-30 04:50:00+00:00,3046.199951171875,3047.89990234375,3044.0,3044.5,10854
2025-10-30 04:55:00+00:00,3044.800048828125,3047.0,3044.800048828125,3046.199951171875,7375
2025-10-30 05:00:00+00:00,3044.800048828125,3045.0,3042.800048828125,3045.0,8192
2025-10-30 05:05:00+00:00,3039.89990234375,3046.199951171875,3039.10009765625,3044.5,45478
2025-10-30 05:10:00+00:00,3040.699951171875,3040.800048828125,3038.699951171875,3039.800048828125,14731
2025-10-30 05:15:00+00:00,3040.0,3040.0,3039.0,3040.0,12427
2025-10-30 05:20:00+00:00,3038.800048828125,3040.0,3038.5,3039.800048828125,10496
2025-10-30 05:25:00+00:00,3038.199951171875,3040.0,3038.0,3038.5,12827
2025-10-30 05:30:00+00:00,3040.0,3040.0,3038.800048828125,3039.10009765625,7365
2025-10-30 05:35:00+00:00,3039.0,3042.5,3039.0,3040.0,19248
2025-10-30 05:40:00+00:00,3038.5,3040.0,3036.0,3038.199951171875,29877
2025-10-30 05:45:00+00:00,3038.10009765625,3040.0,3036.699951171875,3039.0,88897
2025-10-30 05:50:00+00:00,3040.699951171875,3040.800048828125,3037.0,3038.699951171875,85369
2025-10-30 05:55:00+00:00,3040.39990234375,3043.10009765625,3038.699951171875,3040.60009765625,102873
2025-10-30 06:00:00+00:00,3038.39990234375,3042.0,3038.39990234375,3040.39990234375,42505
2025-10-30 06:05:00+00:00,3036.699951171875,3037.699951171875,3035.199951171875,3037.199951171875,97598
2025-10-30 06:10:00+00:00,3036.0,3038.199951171875,3035.0,3038.199951171875,66175
2025-10-30 06:15:00+00:00,3038.300048828125,3038.300048828125,3035.89990234375,3036.0,55695
2025-10-30 06:20:00+00:00,3035.800048828125,3039.0,3035.60009765625,3038.300048828125,25616
2025-10-30 06:25:00+00:00,3035.0,3035.60009765625,3034.0,3035.60009765625,22032
2025-10-30 06:30:00+00:00,3033.0,3036.10009765625,3033.0,3035.0,39925
2025-10-30 06:35:00+00:00,3038.0,3038.0,3033.5,3033.89990234375,39172
2025-10-30 06:40:00+00:00,3040.0,3040.0,3037.10009765625,3037.10009765625,24703
2025-10-30 06:45:00+00:00,3038.0,3040.0,3038.0,3040.0,24236
2025-10-30 06:50:00+00:00,3038.89990234375,3038.89990234375,3036.199951171875,3037.10009765625,12112
2025-10-30 06:55:00+00:00,3038.89990234375,3039.89990234375,3038.199951171875,3038.89990234375,5436
2025-10-30 07:00:00+00:00,3038.699951171875,3038.89990234375,3036.0,3038.89990234375,9410
2025-10-30 07:05:00+00:00,3039.89990234375,3039.89990234375,3038.0,3038.800048828125,5850
2025-10-30 07:10:00+00:00,3039.699951171875,3040.0,3038.89990234375,3039.5,21129
2025-10-30 07:15:00+00:00,3039.89990234375,3040.0,3039.0,3039.0,17945
2025-10-30 07:20:00+00:00,3038.800048828125,3040.0,3038.0,3039.89990234375,4700
2025-10-30 07:25:00+00:00,3038.39990234375,3039.199951171875,3037.89990234375,3038.0,13898
2025-10-30 07:30:00+00:00,3038.0,3038.300048828125,3036.300048828125,3038.0,11530
2025-10-30 07:35:00+00:00,3036.800048828125,3039.0,3036.39990234375,3038.0,10681
2025-10-30 07:40:00+00:00,3037.0,3039.0,3035.800048828125,3036.800048828125,13603
2025-10-30 07:45:00+00:00,3038.60009765625,3038.800048828125,3035.699951171875,3037.0,12580
2025-10-30 07:50:00+00:00,3038.89990234375,3040.0,3036.699951171875,3038.800048828125,14983
2025-10-30 07:55:00+00:00,3035.699951171875,3040.0,3035.5,3038.89990234375,15671
2025-10-30 08:00:00+00:00,3034.89990234375,3037.5,3034.5,3035.60009765625,9660
2025-10-30 08:05:00+00:00,3037.300048828125,3038.60009765625,3034.89990234375,3035.0,17016
2025-10-30 08:10:00+00:00,3036.800048828125,3038.199951171875,3035.0,3037.5,10435
2025-10-30 08:15:00+00:00,3037.39990234375,3037.800048828125,3035.60009765625,3036.0,6115
2025-10-30 08:20:00+00:00,3039.0,3039.699951171875,3036.5,3037.5,17087
2025-10-30 08:25:00+00:00,3038.199951171875,3039.300048828125,3035.39990234375,3039.0,24253
2025-10-30 08:30:00+00:00,3037.39990234375,3039.0,3036.300048828125,3038.199951171875,9766
2025-10-30 08:35:00+00:00,3036.39990234375,3037.89990234375,3036.39990234375,3037.39990234375,9015
2025-10-30 08:40:00+00:00,3037.39990234375,3037.5,3036.0,3037.39990234375,7060
2025-10-30 08:45:00+00:00,3037.10009765625,3037.39990234375,3035.5,3037.10009765625,11226
2025-10-30 08:50:00+00:00,3037.5,3040.0,3036.300048828125,3036.39990234375,29232
2025-10-30 08:55:00+00:00,3038.39990234375,3039.0,3036.800048828125,3037.89990234375,11687
2025-10-30 09:00:00+00:00,3035.60009765625,3039.0,3035.5,3038.699951171875,26656
2025-10-30 09:05:00+00:00,3036.5,3038.0,3035.5,3035.5,15014
2025-10-30 09:10:00+00:00,3035.89990234375,3037.39990234375,3035.10009765625,3036.89990234375,20469
2025-10-30 09:15:00+00:00,3035.0,3038.300048828125,3035.0,3037.300048828125,22421
2025-10-30 09:20:00+00:00,3034.60009765625,3036.10009765625,3034.5,3035.60009765625,18770
2025-10-30 09:25:00+00:00,3034.300048828125,3035.5,3033.300048828125,3034.5,38817
2025-10-30 09:30:00+00:00,3035.10009765625,3037.0,3034.199951171875,3034.300048828125,55681
2025-10-30 09:35:00+00:00,3035.10009765625,3035.800048828125,3034.0,3035.10009765625,115314
2025-10-30 09:40:00+00:00,3035.5,3036.60009765625,3034.10009765625,3035.0,75122
2025-10-30 09:45:00+00:00,3037.0,3037.300048828125,3033.10009765625,3035.5,97775
2025-10-30 09:50:00+00:00,3034.699951171875,3037.699951171875,3034.699951171875,3037.39990234375,64615
2025-10-30 09:55:00+00:00,3035.5,3036.5,3035.0,3035.39990234375,45682
2025-10-31 03:45:00+00:00,3047.0,3047.199951171875,3025.199951171875,3038.5,0
2025-10-31 03:50:00+00:00,3058.300048828125,3060.0,3043.0,3047.5,107489
2025-10-31 03:55:00+00:00,3064.39990234375,3067.39990234375,3057.199951171875,3058.300048828125,83410
2025-10-31 04:00:00+00:00,3064.800048828125,3064.800048828125,3061.699951171875,3064.39990234375,18785
2025-10-31 04:05:00+00:00,3063.699951171875,3064.0,3061.39990234375,3063.60009765625,17366
2025-10-31 04:10:00+00:00,3062.89990234375,3064.0,3060.0,3062.800048828125,15909
2025-10-31 04:15:00+00:00,3058.699951171875,3063.5,3057.800048828125,3063.5,18695
2025-10-31 04:20:00+00:00,3057.89990234375,3059.89990234375,3055.199951171875,3059.300048828125,8638
2025-10-31 04:25:00+00:00,3061.60009765625,3063.800048828125,3057.60009765625,3057.60009765625,22890
2025-10-31 04:30:00+00:00,3060.800048828125,3063.199951171875,3059.89990234375,3061.300048828125,11763
2025-10-31 04:35:00+00:00,3056.800048828125,3060.0,3054.10009765625,3060.0,12903
2025-10-31 04:40:00+00:00,3059.5,3060.0,3057.10009765625,3057.300048828125,4837
2025-10-31 04:45:00+00:00,3056.800048828125,3058.39990234375,3056.10009765625,3058.39990234375,6865
2025-10-31 04:50:00+00:00,3057.0,3057.699951171875,3054.10009765625,3056.5,9264
2025-10-31 04:55:00+00:00,3055.0,3057.0,3054.5,3057.0,3949
2025-10-31 05:00:00+00:00,3051.89990234375,3055.10009765625,3051.0,3055.0,26359
2025-10-31 05:05:00+00:00,3051.60009765625,3052.60009765625,3050.699951171875,3052.0,16939
2025-10-31 05:10:00+00:00,3056.60009765625,3057.199951171875,3052.5,3052.699951171875,6978
2025-10-31 05:15:00+00:00,3056.699951171875,3057.60009765625,3055.800048828125,3056.0,4027
2025-10-31 05:20:00+00:00,3054.0,3057.0,3054.0,3057.0,4869
2025-10-31 05:25:00+00:00,3058.199951171875,3059.0,3053.800048828125,3054.0,11145
2025-10-31 05:30:00+00:00,3052.5,3058.60009765625,3052.5,3058.0,32039
2025-10-31 05:35:00+00:00,3055.0,3057.300048828125,3052.39990234375,3052.39990234375,34664
2025-10-31 05:40:00+00:00,3055.0,3055.89990234375,3052.800048828125,3054.89990234375,5566
2025-10-31 05:45:00+00:00,3059.699951171875,3059.800048828125,3053.699951171875,3054.199951171875,7127
2025-10-31 05:50:00+00:00,3059.0,3060.0,3058.5,3059.0,10695
2025-10-31 05:55:00+00:00,3062.199951171875,3063.0,3058.89990234375,3058.89990234375,23942
2025-10-31 06:00:00+00:00,3063.0,3064.699951171875,3061.0,3061.10009765625,17464
2025-10-31 06:05:00+00:00,3061.60009765625,3063.800048828125,3061.300048828125,3063.199951171875,3830
2025-10-31 06:10:00+00:00,3061.5,3063.0,3061.0,3061.5,3370
2025-10-31 06:15:00+00:00,3061.0,3062.300048828125,3061.0,3062.0,4581
2025-10-31 06:20:00+00:00,3061.5,3062.300048828125,3061.0,3061.60009765625,4997
2025-10-31 06:25:00+00:00,3061.699951171875,3062.300048828125,3061.0,3062.0,2647
2025-10-31 06:30:00+00:00,3062.60009765625,3062.60009765625,3061.0,3061.699951171875,4734
2025-10-31 06:35:00+00:00,3063.0,3063.5,3062.0,3062.60009765625,5526
2025-10-31 06:40:00+00:00,3061.60009765625,3063.39990234375,3061.60009765625,3063.199951171875,25841
2025-10-31 06:45:00+00:00,3062.0,3062.5,3061.0,3062.0,4238
2025-10-31 06:50:00+00:00,3061.60009765625,3062.39990234375,3061.0,3061.5,2984
2025-10-31 06:55:00+00:00,3061.39990234375,3061.699951171875,3061.0,3061.60009765625,3025
2025-10-31 07:00:00+00:00,3061.10009765625,3062.5,3060.5,3061.39990234375,7465
2025-10-31 07:05:00+00:00,3061.0,3062.39990234375,3060.39990234375,3061.89990234375,9610
2025-10-31 07:10:00+00:00,3061.5,3062.0,3060.699951171875,3061.89990234375,3663
2025-10-31 07:15:00+00:00,3061.39990234375,3061.800048828125,3060.300048828125,3061.5,1463
2025-10-31 07:20:00+00:00,3060.0,3061.300048828125,3060.0,3061.300048828125,3709
2025-10-31 07:25:00+00:00,3060.0,3061.800048828125,3060.0,3060.89990234375,4353
2025-10-31 07:30:00+00:00,3060.60009765625,3060.699951171875,3058.800048828125,3060.39990234375,6120
2025-10-31 07:35:00+00:00,3058.199951171875,3060.60009765625,3057.39990234375,3060.60009765625,3067
2025-10-31 07:40:00+00:00,3053.199951171875,3058.199951171875,3053.10009765625,3058.199951171875,14586
2025-10-31 07:45:00+00:00,3055.0,3055.0,3053.10009765625,3053.10009765625,61956
2025-10-31 07:50:00+00:00,3051.5,3055.0,3051.0,3055.0,8128
2025-10-31 07:55:00+00:00,3050.0,3051.89990234375,3048.60009765625,3051.60009765625,16843
2025-10-31 08:00:00+00:00,3049.5,3050.0,3049.39990234375,3050.0,2937
2025-10-31 08:05:00+00:00,3046.0,3050.0,3043.699951171875,3050.0,51859
2025-10-31 08:10:00+00:00,3046.0,3047.89990234375,3045.10009765625,3045.89990234375,10368
2025-10-31 08:15:00+00:00,3047.0,3049.199951171875,3045.89990234375,3046.0,18104
2025-10-31 08:20:00+00:00,3049.199951171875,3049.199951171875,3045.89990234375,3047.5,97115
2025-10-31 08:25:00+00:00,3053.5,3054.5,3049.199951171875,3050.0,26142
2025-10-31 08:30:00+00:00,3053.60009765625,3054.800048828125,3051.10009765625,3053.5,26182
2025-10-31 08:35:00+00:00,3054.89990234375,3055.0,3052.60009765625,3054.5,14267
2025-10-31 08:40:00+00:00,3061.39990234375,3061.5,3054.5,3055.0,17050
2025-10-31 08:45:00+00:00,3061.0,3061.800048828125,3058.5,3061.300048828125,17208
2025-10-31 08:50:00+00:00,3063.0,3063.39990234375,3061.0,3061.0,21951
2025-10-31 08:55:00+00:00,3060.89990234375,3063.0,3060.10009765625,3063.0,12464
2025-10-31 09:00:00+00:00,3061.0,3061.89990234375,3060.5,3060.89990234375,13708
2025-10-31 09:05:00+00:00,3061.60009765625,3062.0,3059.39990234375,3061.0,15646
2025-10-31 09:10:00+00:00,3060.39990234375,3062.5,3059.0,3061.800048828125,22290
2025-10-31 09:15:00+00:00,3065.0,3065.5,3059.10009765625,3060.39990234375,33047
2025-10-31 09:20:00+00:00,3061.60009765625,3065.800048828125,3061.5,3065.0,34401
2025-10-31 09:25:00+00:00,3061.60009765625,3063.89990234375,3060.0,3061.60009765625,22126
2025-10-31 09:30:00+00:00,3058.5,3061.10009765625,3056.60009765625,3061.10009765625,84368
2025-10-31 09:35:00+00:00,3056.0,3060.10009765625,3056.0,3058.5,88453
2025-10-31 09:40:00+00:00,3056.0,3058.300048828125,3055.0,3056.60009765625,94072
2025-10-31 09:45:00+00:00,3057.699951171875,3059.5,3055.800048828125,3055.89990234375,88646
2025-10-31 09:50:00+00:00,3059.39990234375,3059.800048828125,3056.89990234375,3057.800048828125,100911
2025-10-31 09:55:00+00:00,3057.10009765625,3063.0,3057.10009765625,3059.300048828125,73193
2025-11-03 03:45:00+00:00,3048.800048828125,3056.800048828125,3043.0,3050.0,0
2025-11-03 03:50:00+00:00,3047.300048828125,3052.10009765625,3045.39990234375,3048.300048828125,28433
2025-11-03 03:55:00+00:00,3050.0,3051.699951171875,3046.0,3047.5,17687
2025-11-03 04:00:00+00:00,3045.10009765625,3050.0,3043.0,3050.0,30176
2025-11-03 04:05:00+00:00,3047.60009765625,3048.800048828125,3045.0,3045.5,18475
2025-11-03 04:10:00+00:00,3045.5,3049.800048828125,3044.5,3046.699951171875,21819
2025-11-03 04:15:00+00:00,3044.0,3047.10009765625,3038.39990234375,3044.39990234375,26398
2025-11-03 04:20:00+00:00,3045.89990234375,3047.199951171875,3042.699951171875,3043.5,16537
2025-11-03 04:25:00+00:00,3048.0,3048.0,3044.60009765625,3044.60009765625,10879
2025-11-03 04:30:00+00:00,3044.5,3048.10009765625,3042.60009765625,3048.10009765625,7597
2025-11-03 04:35:00+00:00,3039.5,3043.89990234375,3038.5,3043.60009765625,9838
2025-11-03 04:40:00+00:00,3037.5,3041.199951171875,3037.300048828125,3039.5,13935
2025-11-03 04:45:00+00:00,3036.89990234375,3037.60009765625,3033.800048828125,3037.10009765625,30919
2025-11-03 04:50:00+00:00,3032.699951171875,3037.10009765625,3032.10009765625,3036.699951171875,15615
2025-11-03 04:55:00+00:00,3033.5,3036.10009765625,3032.300048828125,3032.699951171875,15521
2025-11-03 05:00:00+00:00,3033.699951171875,3035.800048828125,3031.199951171875,3034.5,13904
2025-11-03 05:05:00+00:00,3034.10009765625,3035.699951171875,3032.800048828125,3033.10009765625,29945
2025-11-03 05:10:00+00:00,3036.89990234375,3037.5,3033.0,3034.10009765625,30498
2025-11-03 05:15:00+00:00,3034.0,3037.0,3033.199951171875,3037.0,30095
2025-11-03 05:20:00+00:00,3032.60009765625,3035.300048828125,3031.0,3034.39990234375,24509
2025-11-03 05:25:00+00:00,3032.89990234375,3033.300048828125,3030.5,3032.0,10976
2025-11-03 05:30:00+00:00,3034.199951171875,3035.0,3031.5,3033.0,40505
2025-11-03 05:35:00+00:00,3038.199951171875,3038.199951171875,3033.199951171875,3034.199951171875,48163
2025-11-03 05:40:00+00:00,3036.0,3038.39990234375,3036.0,3038.0,60645
2025-11-03 05:45:00+00:00,3038.10009765625,3038.199951171875,3035.300048828125,3035.300048828125,7149
2025-11-03 05:50:00+00:00,3041.699951171875,3042.800048828125,3037.60009765625,3038.199951171875,12292
2025-11-03 05:55:00+00:00,3040.10009765625,3041.0,3038.699951171875,3040.39990234375,4578
2025-11-03 06:00:00+00:00,3040.5,3041.0,3040.0,3040.89990234375,3330
2025-11-03 06:05:00+00:00,3036.0,3041.0,3035.60009765625,3040.89990234375,46053
2025-11-03 06:10:00+00:00,3031.0,3037.300048828125,3030.89990234375,3035.5,31525
2025-11-03 06:15:00+00:00,3027.60009765625,3032.89990234375,3026.800048828125,3030.800048828125,34320
2025-11-03 06:20:00+00:00,3024.0,3028.39990234375,3022.10009765625,3028.39990234375,28314
2025-11-03 06:25:00+00:00,3025.10009765625,3025.699951171875,3023.5,3024.0,29858
2025-11-03 06:30:00+00:00,3024.0,3026.39990234375,3023.199951171875,3025.0,33335
2025-11-03 06:35:00+00:00,3023.0,3024.0,3020.0,3023.39990234375,42540
2025-11-03 06:40:00+00:00,3021.5,3023.800048828125,3020.199951171875,3022.0,34017
2025-11-03 06:45:00+00:00,3021.60009765625,3022.800048828125,3020.10009765625,3021.199951171875,13393
2025-11-03 06:50:00+00:00,3021.39990234375,3025.199951171875,3021.300048828125,3021.89990234375,43646
2025-11-03 06:55:00+00:00,3021.10009765625,3022.89990234375,3020.60009765625,3021.10009765625,9539
2025-11-03 07:00:00+00:00,3021.60009765625,3022.699951171875,3019.39990234375,3021.199951171875,23975
2025-11-03 07:05:00+00:00,3019.89990234375,3021.5,3019.10009765625,3021.5,36862
2025-11-03 07:10:00+00:00,3019.89990234375,3021.0,3019.0,3019.89990234375,11085
2025-11-03 07:15:00+00:00,3020.199951171875,3021.0,3019.300048828125,3019.800048828125,22011
2025-11-03 07:20:00+00:00,3020.39990234375,3020.60009765625,3018.60009765625,3020.199951171875,14747
2025-11-03 07:25:00+00:00,3020.10009765625,3020.800048828125,3019.800048828125,3020.5,23322
2025-11-03 07:30:00+00:00,3018.39990234375,3021.10009765625,3018.0,3020.10009765625,14694
2025-11-03 07:35:00+00:00,3016.800048828125,3017.89990234375,3016.0,3017.0,24392
2025-11-03 07:40:00+00:00,3015.10009765625,3017.10009765625,3011.699951171875,3016.800048828125,51575
2025-11-03 07:45:00+00:00,3016.300048828125,3017.0,3013.89990234375,3015.0,26223
2025-11-03 07:50:00+00:00,3013.60009765625,3017.199951171875,3013.5,3016.199951171875,15525
2025-11-03 07:55:00+00:00,3011.39990234375,3014.89990234375,3011.0,3013.60009765625,19191
2025-11-03 08:00:00+00:00,3010.5,3012.699951171875,3010.0,3011.0,40670
2025-11-03 08:05:00+00:00,3010.800048828125,3011.39990234375,3010.0,3010.5,18513
2025-11-03 08:10:00+00:00,3015.5,3015.60009765625,3010.60009765625,3011.60009765625,25091
2025-11-03 08:15:00+00:00,3013.89990234375,3017.60009765625,3012.800048828125,3015.199951171875,21162
2025-11-03 08:20:00+00:00,3011.0,3013.89990234375,3010.5,3013.89990234375,19074
2025-11-03 08:25:00+00:00,3013.0,3013.5,3010.89990234375,3011.89990234375,39684
2025-11-03 08:30:00+00:00,3011.800048828125,3015.0,3011.699951171875,3013.10009765625,27507
2025-11-03 08:35:00+00:00,3013.199951171875,3013.5,3011.0,3011.699951171875,19900
2025-11-03 08:40:00+00:00,3013.300048828125,3014.699951171875,3012.0,3013.5,16221
2025-11-03 08:45:00+00:00,3016.0,3017.199951171875,3012.699951171875,3013.39990234375,38116
2025-11-03 08:50:00+00:00,3014.5,3016.0,3014.199951171875,3015.10009765625,17893
2025-11-03 08:55:00+00:00,3015.800048828125,3017.199951171875,3014.0,3014.0,40380
2025-11-03 09:00:00+00:00,3017.10009765625,3017.10009765625,3015.60009765625,3016.60009765625,35241
2025-11-03 09:05:00+00:00,3019.0,3019.0,3016.10009765625,3017.0,31948
2025-11-03 09:10:00+00:00,3018.0,3018.199951171875,3016.10009765625,3017.5,30011
2025-11-03 09:15:00+00:00,3015.0,3018.10009765625,3015.0,3018.10009765625,56313
2025-11-03 09:20:00+00:00,3016.699951171875,3017.199951171875,3014.0,3015.0,53519
2025-11-03 09:25:00+00:00,3014.10009765625,3016.60009765625,3014.0,3016.10009765625,29040
2025-11-03 09:30:00+00:00,3014.0,3015.300048828125,3014.0,3015.300048828125,33822
2025-11-03 09:35:00+00:00,3016.800048828125,3017.5,3013.10009765625,3014.199951171875,74429
2025-11-03 09:40:00+00:00,3016.300048828125,3016.89990234375,3016.10009765625,3016.699951171875,48006
2025-11-03 09:45:00+00:00,3017.5,3019.199951171875,3016.300048828125,3016.300048828125,86387
2025-11-03 09:50:00+00:00,3017.5,3018.699951171875,3017.10009765625,3017.10009765625,56903
2025-11-03 09:55:00+00:00,3019.5,3020.89990234375,3017.699951171875,3018.0,49202
2025-11-04 03:45:00+00:00,3020.60009765625,3028.60009765625,3016.0,3022.89990234375,0
2025-11-04 03:50:00+00:00,3018.199951171875,3022.5,3011.0,3019.699951171875,40283
2025-11-04 03:55:00+00:00,3015.60009765625,3018.89990234375,3015.0,3018.10009765625,24547
2025-11-04 04:00:00+00:00,3013.60009765625,3015.0,3012.300048828125,3013.5,18631
2025-11-04 04:05:00+00:00,3014.60009765625,3014.60009765625,3008.300048828125,3011.199951171875,33506
2025-11-04 04:10:00+00:00,3012.699951171875,3014.39990234375,3011.199951171875,3013.10009765625,14789
2025-11-04 04:15:00+00:00,3007.0,3013.5,3007.0,3013.39990234375,23457
2025-11-04 04:20:00+00:00,3005.300048828125,3008.0,3005.0,3007.199951171875,47574
2025-11-04 04:25:00+00:00,3001.60009765625,3006.0,3001.0,3005.89990234375,37748
2025-11-04 04:30:00+00:00,3002.39990234375,3003.10009765625,3001.199951171875,3001.60009765625,47872
2025-11-04 04:35:00+00:00,3003.800048828125,3006.0,3001.5,3002.5,31078
2025-11-04 04:40:00+00:00,3000.89990234375,3003.5,3000.199951171875,3003.0,27945
2025-11-04 04:45:00+00:00,2996.800048828125,3000.89990234375,2995.199951171875,3000.199951171875,41735
2025-11-04 04:50:00+00:00,2998.699951171875,2998.699951171875,2996.5,2996.89990234375,14877
2025-11-04 04:55:00+00:00,2997.199951171875,2999.699951171875,2997.0,2998.0,12556
2025-11-04 05:00:00+00:00,2993.89990234375,2997.39990234375,2993.0,2997.39990234375,26643
2025-11-04 05:05:00+00:00,2995.199951171875,2995.60009765625,2993.39990234375,2994.0,18056
2025-11-04 05:10:00+00:00,2992.89990234375,2995.10009765625,2992.0,2995.10009765625,20797
2025-11-04 05:15:00+00:00,2992.800048828125,2993.5,2992.0,2992.5,10375
2025-11-04 05:20:00+00:00,2994.0,2994.800048828125,2992.0,2992.0,13684
2025-11-04 05:25:00+00:00,2995.800048828125,2996.60009765625,2993.89990234375,2994.0,20699
2025-11-04 05:30:00+00:00,2993.300048828125,2996.300048828125,2992.60009765625,2995.800048828125,62573
2025-11-04 05:35:00+00:00,2985.800048828125,2994.10009765625,2985.10009765625,2993.199951171875,78275
2025-11-04 05:40:00+00:00,2979.199951171875,2986.300048828125,2979.199951171875,2985.89990234375,75224
2025-11-04 05:45:00+00:00,2979.300048828125,2980.39990234375,2976.0,2979.10009765625,63137
2025-11-04 05:50:00+00:00,2981.800048828125,2981.89990234375,2979.10009765625,2979.300048828125,42485
2025-11-04 05:55:00+00:00,2983.5,2984.0,2979.0,2981.800048828125,49395
2025-11-04 06:00:00+00:00,2980.800048828125,2983.800048828125,2978.800048828125,2983.5,23905
2025-11-04 06:05:00+00:00,2981.199951171875,2982.5,2980.5,2981.199951171875,39886
2025-11-04 06:10:00+00:00,2984.800048828125,2985.5,2981.199951171875,2981.199951171875,25102
2025-11-04 06:15:00+00:00,2984.60009765625,2985.0,2984.0,2984.800048828125,11202
2025-11-04 06:20:00+00:00,2987.0,2987.0,2984.199951171875,2984.199951171875,11669
2025-11-04 06:25:00+00:00,2982.5,2987.5,2982.0,2986.60009765625,22121
2025-11-04 06:30:00+00:00,2982.60009765625,2983.89990234375,2980.60009765625,2982.199951171875,50740
2025-11-04 06:35:00+00:00,2982.199951171875,2984.0,2981.5,2982.60009765625,20985
2025-11-04 06:40:00+00:00,2985.39990234375,2986.800048828125,2982.0,2983.0,15015
2025-11-04 06:45:00+00:00,2981.89990234375,2985.5,2981.89990234375,2985.39990234375,34325
2025-11-04 06:50:00+00:00,2981.10009765625,2982.0,2980.699951171875,2982.0,25040
2025-11-04 06:55:00+00:00,2980.60009765625,2981.199951171875,2980.39990234375,2980.800048828125,11048
2025-11-04 07:00:00+00:00,2981.0,2981.699951171875,2980.0,2980.60009765625,18572
2025-11-04 07:05:00+00:00,2982.800048828125,2984.199951171875,2980.699951171875,2980.699951171875,11680
2025-11-04 07:10:00+00:00,2985.699951171875,2985.699951171875,2981.199951171875,2983.0,21787
2025-11-04 07:15:00+00:00,2985.0,2986.89990234375,2985.0,2985.800048828125,14229
2025-11-04 07:20:00+00:00,2983.199951171875,2985.60009765625,2983.0,2985.60009765625,20763
2025-11-04 07:25:00+00:00,2985.0,2985.0,2983.0,2983.89990234375,16127
2025-11-04 07:30:00+00:00,2983.39990234375,2985.0,2983.0,2985.0,14395
2025-11-04 07:35:00+00:00,2983.300048828125,2985.89990234375,2983.0,2983.39990234375,25251
2025-11-04 07:40:00+00:00,2983.0,2984.800048828125,2983.0,2983.89990234375,13939
2025-11-04 07:45:00+00:00,2984.39990234375,2984.89990234375,2983.0,2983.0,14108
2025-11-04 07:50:00+00:00,2983.89990234375,2984.39990234375,2983.0,2984.39990234375,9383
2025-11-04 07:55:00+00:00,2984.10009765625,2985.0,2983.699951171875,2983.89990234375,14760
2025-11-04 08:00:00+00:00,2987.89990234375,2988.800048828125,2985.0,2985.0,43283
2025-11-04 08:05:00+00:00,2990.89990234375,2992.60009765625,2987.39990234375,2987.89990234375,28845
2025-11-04 08:10:00+00:00,2992.0,2992.89990234375,2990.0,2991.0,20004
2025-11-04 08:15:00+00:00,2992.89990234375,2993.0,2991.300048828125,2992.10009765625,9834
2025-11-04 08:20:00+00:00,2989.10009765625,2992.699951171875,2989.10009765625,2992.60009765625,11591
2025-11-04 08:25:00+00:00,2988.800048828125,2992.300048828125,2988.10009765625,2989.39990234375,8811
2025-11-04 08:30:00+00:00,2989.10009765625,2989.89990234375,2988.0,2989.10009765625,11888
2025-11-04 08:35:00+00:00,2991.800048828125,2991.89990234375,2988.10009765625,2989.10009765625,8805
2025-11-04 08:40:00+00:00,2988.0,2991.5,2987.89990234375,2991.199951171875,27606
2025-11-04 08:45:00+00:00,2986.5,2990.0,2986.0,2988.699951171875,17687
2025-11-04 08:50:00+00:00,2988.0,2990.800048828125,2985.800048828125,2987.699951171875,33524
2025-11-04 08:55:00+00:00,2989.0,2989.300048828125,2988.0,2988.300048828125,15036
2025-11-04 09:00:00+00:00,2990.10009765625,2990.10009765625,2987.5,2989.5,26459
2025-11-04 09:05:00+00:00,2989.300048828125,2990.0,2988.0,2990.0,20445
2025-11-04 09:10:00+00:00,2988.0,2989.39990234375,2987.10009765625,2989.0,15369
2025-11-04 09:15:00+00:00,2988.0,2989.800048828125,2986.10009765625,2988.60009765625,28482
2025-11-04 09:20:00+00:00,2986.199951171875,2988.39990234375,2986.10009765625,2988.0,30358
2025-11-04 09:25:00+00:00,2986.5,2986.5,2985.39990234375,2986.199951171875,17014
2025-11-04 09:30:00+00:00,2990.10009765625,2992.0,2985.0,2986.5,173138
2025-11-04 09:35:00+00:00,2989.39990234375,2992.300048828125,2987.10009765625,2990.300048828125,152450
2025-11-04 09:40:00+00:00,2991.5,2992.39990234375,2987.60009765625,2989.89990234375,162580
2025-11-04 09:45:00+00:00,2991.699951171875,2991.89990234375,2987.5,2991.5,115031
2025-11-04 09:50:00+00:00,2990.60009765625,2992.800048828125,2990.199951171875,2991.5,105230
2025-11-04 09:55:00+00:00,2987.0,2992.89990234375,2985.0,2990.60009765625,78175
2025-11-06 03:45:00+00:00,3009.699951171875,3017.10009765625,2990.199951171875,2990.199951171875,0
2025-11-06 03:50:00+00:00,3010.10009765625,3012.199951171875,3006.10009765625,3008.5,52635
2025-11-06 03:55:00+00:00,3008.89990234375,3010.0,3003.0,3009.39990234375,52311
2025-11-06 04:00:00+00:00,3010.199951171875,3011.0,3008.0,3008.199951171875,23090
2025-11-06 04:05:00+00:00,3007.60009765625,3009.699951171875,3003.60009765625,3009.699951171875,27626
2025-11-06 04:10:00+00:00,3003.300048828125,3007.699951171875,3001.5,3007.699951171875,23691
2025-11-06 04:15:00+00:00,2998.0,3003.60009765625,2998.0,3003.300048828125,19810
2025-11-06 04:20:00+00:00,3002.800048828125,3002.800048828125,2996.10009765625,2997.199951171875,15336
2025-11-06 04:25:00+00:00,3010.0,3010.0,3002.699951171875,3002.699951171875,21646
2025-11-06 04:30:00+00:00,3008.0,3011.39990234375,3007.699951171875,3010.89990234375,18892
2025-11-06 04:35:00+00:00,3006.10009765625,3009.800048828125,3006.10009765625,3008.0,17516
2025-11-06 04:40:00+00:00,3006.300048828125,3007.60009765625,3003.199951171875,3005.10009765625,16289
2025-11-06 04:45:00+00:00,3004.300048828125,3006.699951171875,3002.5,3006.699951171875,16809
2025-11-06 04:50:00+00:00,3005.0,3005.0,3004.0,3004.699951171875,18156
2025-11-06 04:55:00+00:00,3002.39990234375,3005.0,3000.89990234375,3005.0,18749
2025-11-06 05:00:00+00:00,3002.89990234375,3003.699951171875,3001.699951171875,3002.300048828125,13776
2025-11-06 05:05:00+00:00,3003.800048828125,3004.89990234375,3002.10009765625,3002.89990234375,16993
2025-11-06 05:10:00+00:00,3004.199951171875,3004.199951171875,3001.5,3003.89990234375,16935
2025-11-06 05:15:00+00:00,3006.800048828125,3006.800048828125,3003.300048828125,3004.0,22349
2025-11-06 05:20:00+00:00,3011.10009765625,3011.39990234375,3006.60009765625,3006.60009765625,23088
2025-11-06 05:25:00+00:00,3011.89990234375,3013.89990234375,3011.0,3011.39990234375,14316
2025-11-06 05:30:00+00:00,3014.300048828125,3014.300048828125,3011.0,3011.699951171875,11320
2025-11-06 05:35:00+00:00,3014.10009765625,3017.0,3014.10009765625,3014.699951171875,26787
2025-11-06 05:40:00+00:00,3011.10009765625,3014.10009765625,3011.10009765625,3014.10009765625,8281
2025-11-06 05:45:00+00:00,3011.0,3012.10009765625,3010.0,3011.39990234375,11206
2025-11-06 05:50:00+00:00,3009.699951171875,3011.5,3009.0,3011.5,37688
2025-11-06 05:55:00+00:00,3010.5,3010.89990234375,3009.300048828125,3010.0,11213
2025-11-06 06:00:00+00:00,3011.0,3012.0,3007.89990234375,3010.5,41447
2025-11-06 06:05:00+00:00,3005.89990234375,3011.199951171875,3004.39990234375,3011.0,58449
2025-11-06 06:10:00+00:00,3006.0,3006.0,3003.5,3006.0,52114
2025-11-06 06:15:00+00:00,3006.0,3006.0,3005.10009765625,3005.300048828125,15824
2025-11-06 06:20:00+00:00,3004.89990234375,3006.0,3004.60009765625,3005.89990234375,31749
2025-11-06 06:25:00+00:00,3005.0,3005.0,3003.800048828125,3004.89990234375,14350
2025-11-06 06:30:00+00:00,3005.5,3010.0,3005.0,3005.0,31741
2025-11-06 06:35:00+00:00,3004.699951171875,3006.5,3003.800048828125,3006.5,32630
2025-11-06 06:40:00+00:00,3004.5,3006.0,3004.5,3005.0,17713
2025-11-06 06:45:00+00:00,3007.0,3009.199951171875,3004.39990234375,3004.39990234375,57028
2025-11-06 06:50:00+00:00,3006.0,3007.0,3003.800048828125,3005.89990234375,37510
2025-11-06 06:55:00+00:00,3005.5,3006.5,3005.39990234375,3006.0,20939
2025-11-06 07:00:00+00:00,3013.39990234375,3014.10009765625,3005.800048828125,3005.89990234375,56205
2025-11-06 07:05:00+00:00,3016.800048828125,3016.89990234375,3010.0,3014.0,41266
2025-11-06 07:10:00+00:00,3016.89990234375,3021.0,3015.699951171875,3017.199951171875,38178
2025-11-06 07:15:00+00:00,3023.0,3023.699951171875,3016.39990234375,3017.89990234375,38633
2025-11-06 07:20:00+00:00,3021.0,3024.0,3020.800048828125,3023.0,18048
2025-11-06 07:25:00+00:00,3015.699951171875,3022.5,3015.699951171875,3021.60009765625,32836
2025-11-06 07:30:00+00:00,3020.0,3022.0,3015.300048828125,3017.0,17581
2025-11-06 07:35:00+00:00,3013.800048828125,3020.199951171875,3013.300048828125,3020.0,46270
2025-11-06 07:40:00+00:00,3018.199951171875,3018.60009765625,3012.0,3013.800048828125,48449
2025-11-06 07:45:00+00:00,3019.0,3020.5,3016.89990234375,3018.0,39838
2025-11-06 07:50:00+00:00,3018.10009765625,3020.89990234375,3017.699951171875,3019.0,23348
2025-11-06 07:55:00+00:00,3018.199951171875,3018.300048828125,3016.699951171875,3018.199951171875,11394
2025-11-06 08:00:00+00:00,3018.5,3021.0,3016.800048828125,3018.0,27290
2025-11-06 08:05:00+00:00,3020.699951171875,3021.39990234375,3016.699951171875,3019.0,29587
2025-11-06 08:10:00+00:00,3019.800048828125,3021.300048828125,3016.89990234375,3020.60009765625,24041
2025-11-06 08:15:00+00:00,3017.5,3020.5,3014.60009765625,3019.89990234375,47586
2025-11-06 08:20:00+00:00,3013.699951171875,3017.60009765625,3013.0,3017.300048828125,36383
2025-11-06 08:25:00+00:00,3015.800048828125,3016.199951171875,3012.89990234375,3013.699951171875,20499
2025-11-06 08:30:00+00:00,3014.699951171875,3017.5,3014.10009765625,3015.89990234375,32919
2025-11-06 08:35:00+00:00,3014.5,3016.0,3012.0,3016.0,10037
2025-11-06 08:40:00+00:00,3014.10009765625,3015.0,3013.10009765625,3014.800048828125,15481
2025-11-06 08:45:00+00:00,3013.699951171875,3015.199951171875,3012.199951171875,3013.800048828125,17116
2025-11-06 08:50:00+00:00,3014.60009765625,3014.60009765625,3013.199951171875,3013.60009765625,8258
2025-11-06 08:55:00+00:00,3015.199951171875,3015.199951171875,3012.60009765625,3014.800048828125,14034
2025-11-06 09:00:00+00:00,3015.199951171875,3015.699951171875,3012.800048828125,3015.199951171875,8295
2025-11-06 09:05:00+00:00,3013.300048828125,3015.699951171875,3013.300048828125,3014.800048828125,11358
2025-11-06 09:10:00+00:00,3015.5,3015.800048828125,3012.699951171875,3014.39990234375,25737
2025-11-06 09:15:00+00:00,3013.199951171875,3017.39990234375,3012.0,3015.5,20685
2025-11-06 09:20:00+00:00,3013.60009765625,3015.0,3010.89990234375,3012.89990234375,20852
2025-11-06 09:25:00+00:00,3013.699951171875,3015.39990234375,3011.5,3013.5,36004
2025-11-06 09:30:00+00:00,3010.39990234375,3013.89990234375,3010.0,3013.800048828125,89718
2025-11-06 09:35:00+00:00,3012.89990234375,3013.10009765625,3009.60009765625,3010.39990234375,118490
2025-11-06 09:40:00+00:00,3011.89990234375,3012.89990234375,3010.199951171875,3012.89990234375,122865
2025-11-06 09:45:00+00:00,3013.60009765625,3013.60009765625,3010.0,3011.89990234375,135884
2025-11-06 09:50:00+00:00,3010.5,3013.5,3010.0,3012.0,94141
2025-11-06 09:55:00+00:00,3010.89990234375,3012.800048828125,3007.0,3010.5,57464
2025-11-07 03:45:00+00:00,2976.800048828125,3002.5,2972.199951171875,3002.10009765625,0
2025-11-07 03:50:00+00:00,2964.199951171875,2976.699951171875,2963.10009765625,2976.5,57881
2025-11-07 03:55:00+00:00,2972.89990234375,2972.89990234375,2964.300048828125,2964.300048828125,24278
2025-11-07 04:00:00+00:00,2962.199951171875,2973.39990234375,2961.10009765625,2971.89990234375,29932
2025-11-07 04:05:00+00:00,2965.60009765625,2967.0,2960.5,2962.199951171875,24789
2025-11-07 04:10:00+00:00,2970.39990234375,2970.60009765625,2965.300048828125,2965.800048828125,21464
2025-11-07 04:15:00+00:00,2972.699951171875,2972.699951171875,2968.89990234375,2970.89990234375,17764
2025-11-07 04:20:00+00:00,2969.800048828125,2972.699951171875,2969.800048828125,2972.699951171875,16631
2025-11-07 04:25:00+00:00,2965.300048828125,2968.5,2965.300048828125,2967.800048828125,14463
2025-11-07 04:30:00+00:00,2963.60009765625,2964.800048828125,2961.0,2964.800048828125,19304
2025-11-07 04:35:00+00:00,2965.0,2967.800048828125,2963.5,2963.5,29481
2025-11-07 04:40:00+00:00,2971.0,2971.0,2964.199951171875,2965.0,41521
2025-11-07 04:45:00+00:00,2973.0,2973.5,2970.300048828125,2971.0,19566
2025-11-07 04:50:00+00:00,2972.699951171875,2973.10009765625,2970.0,2972.10009765625,13623
2025-11-07 04:55:00+00:00,2971.5,2972.10009765625,2968.5,2972.0,12176
2025-11-07 05:00:00+00:00,2971.39990234375,2971.89990234375,2968.0,2971.300048828125,18870
2025-11-07 05:05:00+00:00,2973.89990234375,2974.0,2970.699951171875,2972.39990234375,14584
2025-11-07 05:10:00+00:00,2976.0,2976.39990234375,2973.89990234375,2973.89990234375,28063
2025-11-07 05:15:00+00:00,2977.39990234375,2978.699951171875,2975.10009765625,2975.5,27636
2025-11-07 05:20:00+00:00,2976.199951171875,2977.5,2975.0,2977.39990234375,17290
2025-11-07 05:25:00+00:00,2975.89990234375,2976.199951171875,2974.800048828125,2975.0,27014
2025-11-07 05:30:00+00:00,2975.699951171875,2977.300048828125,2975.300048828125,2975.800048828125,11443
2025-11-07 05:35:00+00:00,2975.800048828125,2976.5,2973.300048828125,2975.699951171875,25674
2025-11-07 05:40:00+00:00,2979.199951171875,2980.39990234375,2975.60009765625,2975.699951171875,20124
2025-11-07 05:45:00+00:00,2978.39990234375,2979.800048828125,2976.199951171875,2978.89990234375,13514
2025-11-07 05:50:00+00:00,2979.300048828125,2980.800048828125,2977.0,2978.0,15604
2025-11-07 05:55:00+00:00,2980.0,2980.60009765625,2977.89990234375,2979.699951171875,14142
2025-11-07 06:00:00+00:00,2977.89990234375,2980.800048828125,2977.10009765625,2980.300048828125,13478
2025-11-07 06:05:00+00:00,2977.5,2979.300048828125,2976.89990234375,2977.89990234375,11655
2025-11-07 06:10:00+00:00,2976.800048828125,2977.300048828125,2975.0,2977.300048828125,11019
2025-11-07 06:15:00+00:00,2975.199951171875,2978.5,2975.10009765625,2976.89990234375,32490
2025-11-07 06:20:00+00:00,2977.0,2977.0,2972.5,2975.699951171875,28188
2025-11-07 06:25:00+00:00,2976.699951171875,2978.39990234375,2975.39990234375,2977.0,12721
2025-11-07 06:30:00+00:00,2975.0,2977.199951171875,2974.60009765625,2976.60009765625,6154
2025-11-07 06:35:00+00:00,2976.0,2976.60009765625,2974.0,2975.39990234375,7895
2025-11-07 06:40:00+00:00,2975.60009765625,2977.0,2974.10009765625,2975.60009765625,15957
2025-11-07 06:45:00+00:00,2977.10009765625,2977.5,2974.89990234375,2975.0,7396
2025-11-07 06:50:00+00:00,2975.199951171875,2978.0,2975.0,2975.800048828125,7048
2025-11-07 06:55:00+00:00,2978.60009765625,2979.0,2974.60009765625,2975.0,7100
2025-11-07 07:00:00+00:00,2977.39990234375,2979.800048828125,2977.39990234375,2978.60009765625,13221
2025-11-07 07:05:00+00:00,2977.300048828125,2978.0,2975.89990234375,2977.89990234375,9257
2025-11-07 07:10:00+00:00,2981.0,2981.5,2978.0,2978.0,10095
2025-11-07 07:15:00+00:00,2980.0,2981.0,2978.10009765625,2981.0,14479
2025-11-07 07:20:00+00:00,2975.60009765625,2980.39990234375,2975.60009765625,2979.5,15577
2025-11-07 07:25:00+00:00,2977.199951171875,2977.199951171875,2975.0,2976.0,8606
2025-11-07 07:30:00+00:00,2977.199951171875,2977.5,2975.300048828125,2977.10009765625,24184
2025-11-07 07:35:00+00:00,2976.199951171875,2977.199951171875,2974.5,2976.199951171875,21357
2025-11-07 07:40:00+00:00,2976.0,2976.699951171875,2974.5,2976.10009765625,28865
2025-11-07 07:45:00+00:00,2975.800048828125,2976.699951171875,2975.0,2975.89990234375,17388
2025-11-07 07:50:00+00:00,2976.0,2977.5,2975.39990234375,2975.89990234375,12299
2025-11-07 07:55:00+00:00,2978.5,2979.0,2976.0,2976.699951171875,53345
2025-11-07 08:00:00+00:00,2980.699951171875,2980.89990234375,2978.800048828125,2979.89990234375,11259
2025-11-07 08:05:00+00:00,2979.199951171875,2982.0,2978.10009765625,2980.699951171875,17020
2025-11-07 08:10:00+00:00,2977.300048828125,2980.0,2977.300048828125,2979.800048828125,9565
2025-11-07 08:15:00+00:00,2978.10009765625,2979.39990234375,2977.300048828125,2977.300048828125,9138
2025-11-07 08:20:00+00:00,2976.39990234375,2978.10009765625,2975.10009765625,2977.89990234375,8460
2025-11-07 08:25:00+00:00,2975.0,2976.800048828125,2974.0,2976.800048828125,11634
2025-11-07 08:30:00+00:00,2974.800048828125,2975.0,2972.60009765625,2975.0,40175
2025-11-07 08:35:00+00:00,2975.39990234375,2976.0,2971.60009765625,2973.60009765625,31427
2025-11-07 08:40:00+00:00,2974.800048828125,2975.800048828125,2973.0,2975.39990234375,7561
2025-11-07 08:45:00+00:00,2975.89990234375,2975.89990234375,2973.89990234375,2974.800048828125,6823
2025-11-07 08:50:00+00:00,2981.199951171875,2981.699951171875,2975.0,2975.89990234375,18651
2025-11-07 08:55:00+00:00,2983.699951171875,2984.0,2980.10009765625,2981.199951171875,19118
2025-11-07 09:00:00+00:00,2980.10009765625,2985.0,2980.0,2983.89990234375,17773
2025-11-07 09:05:00+00:00,2980.60009765625,2981.699951171875,2980.300048828125,2981.0,11549
2025-11-07 09:10:00+00:00,2987.199951171875,2989.199951171875,2980.300048828125,2980.60009765625,54185
2025-11-07 09:15:00+00:00,2990.0,2990.800048828125,2986.300048828125,2987.199951171875,82217
2025-11-07 09:20:00+00:00,2992.39990234375,2992.800048828125,2990.0,2990.10009765625,22582
2025-11-07 09:25:00+00:00,2989.300048828125,2993.0,2985.5,2992.0,97933
2025-11-07 09:30:00+00:00,2990.39990234375,2992.89990234375,2989.10009765625,2989.199951171875,72743
2025-11-07 09:35:00+00:00,2991.10009765625,2991.300048828125,2989.5,2990.300048828125,53617
2025-11-07 09:40:00+00:00,2991.0,2992.0,2990.199951171875,2992.0,34816
2025-11-07 09:45:00+00:00,2992.800048828125,2994.89990234375,2990.5,2991.0,49073
2025-11-07 09:50:00+00:00,2993.199951171875,2994.300048828125,2992.10009765625,2992.89990234375,43328
2025-11-07 09:55:00+00:00,2993.5,2993.699951171875,2990.699951171875,2993.39990234375,52286
2025-11-10 03:45:00+00:00,3002.300048828125,3005.0,2993.10009765625,2993.10009765625,0
2025-11-10 03:50:00+00:00,3002.300048828125,3012.0,2999.0,3003.10009765625,42861
2025-11-10 03:55:00+00:00,3003.89990234375,3007.699951171875,3001.39990234375,3002.300048828125,23022
2025-11-10 04:00:00+00:00,3001.199951171875,3004.800048828125,3000.10009765625,3003.199951171875,13129
2025-11-10 04:05:00+00:00,2997.0,3002.0,2997.0,3001.199951171875,16742
2025-11-10 04:10:00+00:00,2994.800048828125,2998.800048828125,2992.0,2997.199951171875,17043
2025-11-10 04:15:00+00:00,2998.60009765625,3000.800048828125,2994.800048828125,2995.0,13951
2025-11-10 04:20:00+00:00,3003.0,3006.199951171875,2999.300048828125,2999.300048828125,29552
2025-11-10 04:25:00+00:00,3007.300048828125,3007.300048828125,3000.39990234375,3002.699951171875,192794
2025-11-10 04:30:00+00:00,3010.60009765625,3011.5,3007.0,3007.0,22372
2025-11-10 04:35:00+00:00,3016.699951171875,3016.800048828125,3011.0,3011.0,26656
2025-11-10 04:40:00+00:00,3019.699951171875,3019.699951171875,3014.800048828125,3016.300048828125,17190
2025-11-10 04:45:00+00:00,3029.0,3031.89990234375,3018.300048828125,3019.199951171875,57159
2025-11-10 04:50:00+00:00,3030.0,3032.89990234375,3025.39990234375,3028.10009765625,36556
2025-11-10 04:55:00+00:00,3038.5,3041.300048828125,3028.0,3028.699951171875,53301
2025-11-10 05:00:00+00:00,3039.39990234375,3044.0,3038.199951171875,3039.39990234375,32893
2025-11-10 05:05:00+00:00,3035.300048828125,3041.10009765625,3033.0,3039.39990234375,24557
2025-11-10 05:10:00+00:00,3036.800048828125,3037.199951171875,3035.10009765625,3035.60009765625,11038
2025-11-10 05:15:00+00:00,3034.10009765625,3036.89990234375,3032.300048828125,3036.39990234375,8632
2025-11-10 05:20:00+00:00,3040.0,3040.0,3033.800048828125,3034.0,14973
2025-11-10 05:25:00+00:00,3038.0,3039.60009765625,3036.699951171875,3039.0,8560
2025-11-10 05:30:00+00:00,3040.10009765625,3042.0,3038.0,3038.0,19767
2025-11-10 05:35:00+00:00,3044.89990234375,3045.60009765625,3040.199951171875,3041.0,29448
2025-11-10 05:40:00+00:00,3045.0,3047.89990234375,3044.0,3044.89990234375,22367
2025-11-10 05:45:00+00:00,3043.60009765625,3045.0,3041.699951171875,3044.300048828125,10199
2025-11-10 05:50:00+00:00,3044.5,3045.0,3041.10009765625,3043.699951171875,15323
2025-11-10 05:55:00+00:00,3041.0,3044.5,3039.300048828125,3043.699951171875,16712
2025-11-10 06:00:00+00:00,3039.60009765625,3041.300048828125,3039.300048828125,3041.0,8881
2025-11-10 06:05:00+00:00,3039.39990234375,3040.800048828125,3038.60009765625,3040.0,9651
2025-11-10 06:10:00+00:00,3035.199951171875,3039.89990234375,3035.10009765625,3039.5,9117
2025-11-10 06:15:00+00:00,3037.89990234375,3039.5,3036.0,3036.0,9306
2025-11-10 06:20:00+00:00,3035.89990234375,3038.0,3035.10009765625,3037.60009765625,7566
2025-11-10 06:25:00+00:00,3034.0,3037.5,3034.0,3035.5,6871
2025-11-10 06:30:00+00:00,3035.699951171875,3038.5,3034.39990234375,3035.0,6708
2025-11-10 06:35:00+00:00,3031.39990234375,3035.89990234375,3031.0,3035.89990234375,8234
2025-11-10 06:40:00+00:00,3029.5,3032.800048828125,3029.39990234375,3031.5,9290
2025-11-10 06:45:00+00:00,3029.199951171875,3030.89990234375,3028.0,3030.0,16283
2025-11-10 06:50:00+00:00,3029.39990234375,3030.0,3028.199951171875,3029.0,8412
2025-11-10 06:55:00+00:00,3028.10009765625,3030.0,3027.699951171875,3029.0,6822
2025-11-10 07:00:00+00:00,3028.10009765625,3030.0,3027.60009765625,3028.800048828125,3084
2025-11-10 07:05:00+00:00,3028.0,3028.5,3027.0,3028.5,5317
2025-11-10 07:10:00+00:00,3028.5,3028.60009765625,3027.39990234375,3027.800048828125,4294
2025-11-10 07:15:00+00:00,3028.199951171875,3028.800048828125,3027.300048828125,3028.10009765625,4285
2025-11-10 07:20:00+00:00,3028.0,3029.0,3027.0,3028.0,13763
2025-11-10 07:25:00+00:00,3029.300048828125,3032.5,3027.800048828125,3028.0,24709
2025-11-10 07:30:00+00:00,3028.39990234375,3031.0,3028.199951171875,3029.199951171875,6111
2025-11-10 07:35:00+00:00,3026.199951171875,3028.60009765625,3025.699951171875,3028.39990234375,8747
2025-11-10 07:40:00+00:00,3026.89990234375,3028.0,3025.0,3025.800048828125,8397
2025-11-10 07:45:00+00:00,3028.0,3028.800048828125,3025.89990234375,3026.89990234375,14902
2025-11-10 07:50:00+00:00,3028.0,3029.300048828125,3026.60009765625,3027.699951171875,22168
2025-11-10 07:55:00+00:00,3030.0,3030.800048828125,3027.800048828125,3028.0,13429
2025-11-10 08:00:00+00:00,3029.89990234375,3031.0,3029.800048828125,3030.0,4081
2025-11-10 08:05:00+00:00,3030.0,3030.300048828125,3029.39990234375,3030.0,4479
2025-11-10 08:10:00+00:00,3026.0,3031.0,3026.0,3029.89990234375,7585
2025-11-10 08:15:00+00:00,3026.60009765625,3027.89990234375,3023.199951171875,3026.699951171875,33264
2025-11-10 08:20:00+00:00,3027.800048828125,3028.0,3026.300048828125,3027.0,4375
2025-11-10 08:25:00+00:00,3026.0,3027.5,3025.10009765625,3026.300048828125,8855
2025-11-10 08:30:00+00:00,3028.0,3028.800048828125,3025.5,3026.39990234375,14914
2025-11-10 08:35:00+00:00,3028.800048828125,3029.0,3027.199951171875,3027.89990234375,14648
2025-11-10 08:40:00+00:00,3028.300048828125,3030.0,3027.0,3029.0,11061
2025-11-10 08:45:00+00:00,3027.0,3029.300048828125,3027.0,3028.5,6348
2025-11-10 08:50:00+00:00,3029.60009765625,3030.199951171875,3026.39990234375,3028.0,19978
2025-11-10 08:55:00+00:00,3031.89990234375,3032.199951171875,3028.0,3029.60009765625,13499
2025-11-10 09:00:00+00:00,3031.60009765625,3034.0,3029.89990234375,3031.89990234375,20476
2025-11-10 09:05:00+00:00,3032.0,3033.89990234375,3030.800048828125,3031.60009765625,11353
2025-11-10 09:10:00+00:00,3029.699951171875,3032.699951171875,3028.39990234375,3031.699951171875,42156
2025-11-10 09:15:00+00:00,3031.0,3031.89990234375,3028.699951171875,3029.199951171875,12141
2025-11-10 09:20:00+00:00,3029.5,3031.5,3028.0,3031.0,20534
2025-11-10 09:25:00+00:00,3028.0,3029.800048828125,3027.800048828125,3029.10009765625,9661
2025-11-10 09:30:00+00:00,3027.0,3028.0,3024.89990234375,3028.0,41162
2025-11-10 09:35:00+00:00,3025.89990234375,3027.0,3025.300048828125,3026.89990234375,24935
2025-11-10 09:40:00+00:00,3024.300048828125,3025.699951171875,3023.5,3025.699951171875,28765
2025-11-10 09:45:00+00:00,3025.10009765625,3026.60009765625,3023.800048828125,3025.0,43003
2025-11-10 09:50:00+00:00,3024.5,3026.0,3023.5,3025.800048828125,46238
2025-11-10 09:55:00+00:00,3025.199951171875,3026.89990234375,3023.10009765625,3024.300048828125,46603
2025-11-11 03:45:00+00:00,3039.0,3055.300048828125,3036.0,3042.0,0
2025-11-11 03:50:00+00:00,3038.199951171875,3045.0,3032.89990234375,3038.89990234375,146164
2025-11-11 03:55:00+00:00,3024.0,3038.10009765625,3023.39990234375,3037.39990234375,81223
2025-11-11 04:00:00+00:00,3031.199951171875,3031.39990234375,3021.300048828125,3025.0,31908
2025-11-11 04:05:00+00:00,3025.300048828125,3031.5,3024.5,3031.5,11767
2025-11-11 04:10:00+00:00,3034.0,3035.0,3024.0,3026.39990234375,37811
2025-11-11 04:15:00+00:00,3034.10009765625,3037.0,3033.5,3034.199951171875,25373
2025-11-11 04:20:00+00:00,3033.800048828125,3033.89990234375,3030.39990234375,3032.300048828125,20713
2025-11-11 04:25:00+00:00,3036.800048828125,3038.0,3032.199951171875,3032.300048828125,14613
2025-11-11 04:30:00+00:00,3035.89990234375,3039.699951171875,3035.89990234375,3037.0,36691
2025-11-11 04:35:00+00:00,3036.5,3038.0,3034.5,3036.0,39206
2025-11-11 04:40:00+00:00,3030.300048828125,3037.699951171875,3030.0,3036.199951171875,49770
2025-11-11 04:45:00+00:00,3028.10009765625,3032.699951171875,3027.89990234375,3030.10009765625,30487
2025-11-11 04:50:00+00:00,3030.60009765625,3030.60009765625,3025.0,3028.0,33638
2025-11-11 04:55:00+00:00,3029.60009765625,3032.0,3028.300048828125,3030.0,19198
2025-11-11 05:00:00+00:00,3026.0,3030.0,3024.199951171875,3029.39990234375,15447
2025-11-11 05:05:00+00:00,3020.699951171875,3027.10009765625,3018.39990234375,3025.699951171875,50621
2025-11-11 05:10:00+00:00,3019.39990234375,3023.60009765625,3018.800048828125,3020.699951171875,45988
2025-11-11 05:15:00+00:00,3022.60009765625,3023.5,3019.39990234375,3020.60009765625,41813
2025-11-11 05:20:00+00:00,3021.89990234375,3025.0,3019.800048828125,3022.60009765625,49689
2025-11-11 05:25:00+00:00,3027.89990234375,3029.0,3020.0,3023.60009765625,46771
2025-11-11 05:30:00+00:00,3026.5,3029.60009765625,3026.0,3028.89990234375,14090
2025-11-11 05:35:00+00:00,3027.800048828125,3030.60009765625,3026.10009765625,3027.199951171875,12589
2025-11-11 05:40:00+00:00,3026.300048828125,3030.10009765625,3025.0,3027.5,23117
2025-11-11 05:45:00+00:00,3027.0,3029.89990234375,3025.699951171875,3026.39990234375,12312
2025-11-11 05:50:00+00:00,3027.300048828125,3028.800048828125,3026.0,3026.699951171875,11781
2025-11-11 05:55:00+00:00,3027.0,3028.0,3025.60009765625,3027.60009765625,10287
2025-11-11 06:00:00+00:00,3024.0,3027.0,3023.0,3025.60009765625,11649
2025-11-11 06:05:00+00:00,3028.39990234375,3028.60009765625,3023.0,3023.89990234375,11343
2025-11-11 06:10:00+00:00,3030.0,3030.0,3027.0,3027.199951171875,14131
2025-11-11 06:15:00+00:00,3030.0,3030.60009765625,3028.199951171875,3028.800048828125,11873
2025-11-11 06:20:00+00:00,3031.800048828125,3031.800048828125,3028.10009765625,3030.0,11136
2025-11-11 06:25:00+00:00,3029.199951171875,3032.0,3027.10009765625,3031.89990234375,16086
2025-11-11 06:30:00+00:00,3027.39990234375,3030.60009765625,3026.60009765625,3029.0,19886
2025-11-11 06:35:00+00:00,3027.699951171875,3031.199951171875,3027.300048828125,3028.89990234375,19796
2025-11-11 06:40:00+00:00,3027.300048828125,3030.5,3027.10009765625,3027.800048828125,19377
2025-11-11 06:45:00+00:00,3030.300048828125,3031.89990234375,3026.5,3027.60009765625,31985
2025-11-11 06:50:00+00:00,3029.5,3031.699951171875,3029.0,3030.300048828125,20487
2025-11-11 06:55:00+00:00,3031.199951171875,3031.800048828125,3029.0,3030.0,27076
2025-11-11 07:00:00+00:00,3035.0,3035.0,3030.39990234375,3031.199951171875,29271
2025-11-11 07:05:00+00:00,3033.0,3035.0,3030.800048828125,3035.0,25448
2025-11-11 07:10:00+00:00,3031.5,3034.60009765625,3029.0,3033.0,35874
2025-11-11 07:15:00+00:00,3032.199951171875,3033.0,3028.5,3031.5,24182
2025-11-11 07:20:00+00:00,3031.300048828125,3033.60009765625,3030.60009765625,3032.699951171875,18600
2025-11-11 07:25:00+00:00,3033.39990234375,3034.10009765625,3030.800048828125,3032.89990234375,24094
2025-11-11 07:30:00+00:00,3036.300048828125,3037.0,3032.699951171875,3034.10009765625,20111
2025-11-11 07:35:00+00:00,3034.89990234375,3038.89990234375,3034.0,3035.5,30952
2025-11-11 07:40:00+00:00,3035.39990234375,3036.300048828125,3034.0,3034.800048828125,19945
2025-11-11 07:45:00+00:00,3035.0,3036.800048828125,3034.0,3035.300048828125,23722
2025-11-11 07:50:00+00:00,3034.0,3036.39990234375,3034.0,3035.0,26656
2025-11-11 07:55:00+00:00,3033.800048828125,3035.89990234375,3033.800048828125,3035.0,25803
2025-11-11 08:00:00+00:00,3035.0,3036.5,3032.5,3033.800048828125,23648
2025-11-11 08:05:00+00:00,3036.39990234375,3037.0,3033.800048828125,3034.0,39106
2025-11-11 08:10:00+00:00,3032.60009765625,3036.89990234375,3032.60009765625,3036.5,33392
2025-11-11 08:15:00+00:00,3039.800048828125,3040.0,3032.60009765625,3033.300048828125,31363
2025-11-11 08:20:00+00:00,3041.0,3041.0,3038.199951171875,3039.800048828125,22753
2025-11-11 08:25:00+00:00,3041.800048828125,3042.0,3038.800048828125,3040.89990234375,145326
2025-11-11 08:30:00+00:00,3040.800048828125,3042.0,3040.0,3041.699951171875,16236
2025-11-11 08:35:00+00:00,3042.699951171875,3044.0,3040.0,3040.5,13400
2025-11-11 08:40:00+00:00,3040.300048828125,3043.0,3040.300048828125,3042.300048828125,17564
2025-11-11 08:45:00+00:00,3042.699951171875,3043.5,3039.199951171875,3041.300048828125,21348
2025-11-11 08:50:00+00:00,3043.0,3044.0,3039.39990234375,3042.699951171875,40810
2025-11-11 08:55:00+00:00,3042.89990234375,3043.0,3041.0,3043.0,16252
2025-11-11 09:00:00+00:00,3044.0,3045.5,3043.0,3043.0,17043
2025-11-11 09:05:00+00:00,3042.800048828125,3044.60009765625,3041.199951171875,3043.60009765625,37947
2025-11-11 09:10:00+00:00,3042.60009765625,3045.5,3041.5,3042.699951171875,26131
2025-11-11 09:15:00+00:00,3047.10009765625,3048.199951171875,3041.0,3042.60009765625,31247
2025-11-11 09:20:00+00:00,3045.0,3048.39990234375,3044.0,3046.300048828125,22087
2025-11-11 09:25:00+00:00,3045.5,3049.39990234375,3042.699951171875,3045.0,55701
2025-11-11 09:30:00+00:00,3047.0,3050.0,3044.300048828125,3044.300048828125,58442
2025-11-11 09:35:00+00:00,3044.39990234375,3048.800048828125,3043.199951171875,3047.199951171875,123223
2025-11-11 09:40:00+00:00,3046.60009765625,3049.5,3041.39990234375,3044.39990234375,171145
2025-11-11 09:45:00+00:00,3049.39990234375,3049.39990234375,3045.199951171875,3046.39990234375,81385
2025-11-11 09:50:00+00:00,3046.89990234375,3050.699951171875,3046.5,3049.5,113637
2025-11-11 09:55:00+00:00,3049.199951171875,3050.0,3047.5,3047.89990234375,26987
2025-11-12 03:45:00+00:00,3081.10009765625,3083.0,3060.0,3062.699951171875,0
2025-11-12 03:50:00+00:00,3087.10009765625,3088.0,3078.199951171875,3081.699951171875,124339
2025-11-12 03:55:00+00:00,3090.0,3094.39990234375,3086.0,3087.0,89187
2025-11-12 04:00:00+00:00,3086.60009765625,3090.89990234375,3081.39990234375,3090.0,36497
2025-11-12 04:05:00+00:00,3081.60009765625,3086.0,3081.199951171875,3085.60009765625,20781
2025-11-12 04:10:00+00:00,3093.0,3097.199951171875,3081.60009765625,3081.60009765625,81306
2025-11-12 04:15:00+00:00,3099.10009765625,3100.5,3091.5,3093.0,123251
2025-11-12 04:20:00+00:00,3097.89990234375,3100.0,3095.800048828125,3099.89990234375,61128
2025-11-12 04:25:00+00:00,3097.0,3098.5,3094.39990234375,3097.699951171875,43115
2025-11-12 04:30:00+00:00,3100.0,3103.39990234375,3097.0,3097.39990234375,97952
2025-11-12 04:35:00+00:00,3100.0,3103.0,3099.5,3100.0,42666
2025-11-12 04:40:00+00:00,3100.5,3102.0,3097.699951171875,3100.0,93812
2025-11-12 04:45:00+00:00,3100.0,3105.0,3100.0,3101.0,72771
2025-11-12 04:50:00+00:00,3100.800048828125,3101.10009765625,3099.89990234375,3101.0,31176
2025-11-12 04:55:00+00:00,3108.10009765625,3108.5,3101.10009765625,3101.10009765625,83448
2025-11-12 05:00:00+00:00,3107.60009765625,3108.699951171875,3104.300048828125,3108.10009765625,31316
2025-11-12 05:05:00+00:00,3106.89990234375,3108.60009765625,3102.300048828125,3107.5,38985
2025-11-12 05:10:00+00:00,3104.89990234375,3107.89990234375,3104.300048828125,3106.60009765625,20000
2025-11-12 05:15:00+00:00,3110.0,3111.0,3100.199951171875,3104.800048828125,104169
2025-11-12 05:20:00+00:00,3118.699951171875,3119.10009765625,3110.0,3110.89990234375,318313
2025-11-12 05:25:00+00:00,3116.10009765625,3120.39990234375,3115.300048828125,3118.5,79121
2025-11-12 05:30:00+00:00,3110.10009765625,3116.60009765625,3108.10009765625,3116.300048828125,56069
2025-11-12 05:35:00+00:00,3114.5,3115.699951171875,3110.60009765625,3110.60009765625,45793
2025-11-12 05:40:00+00:00,3113.60009765625,3115.39990234375,3111.0,3114.300048828125,43861
2025-11-12 05:45:00+00:00,3114.0,3115.0,3112.800048828125,3114.10009765625,30328
2025-11-12 05:50:00+00:00,3116.5,3117.199951171875,3114.300048828125,3114.300048828125,35537
2025-11-12 05:55:00+00:00,3116.39990234375,3118.0,3114.89990234375,3116.5,38028
2025-11-12 06:00:00+00:00,3116.60009765625,3118.0,3116.0,3116.39990234375,23894
2025-11-12 06:05:00+00:00,3117.0,3117.199951171875,3115.60009765625,3116.89990234375,20698
2025-11-12 06:10:00+00:00,3116.0,3117.199951171875,3114.199951171875,3117.0,43810
2025-11-12 06:15:00+00:00,3114.800048828125,3117.199951171875,3114.699951171875,3116.0,25636
2025-11-12 06:20:00+00:00,3115.800048828125,3117.10009765625,3112.5,3114.89990234375,44751
2025-11-12 06:25:00+00:00,3117.0,3120.0,3115.5,3115.800048828125,50020
2025-11-12 06:30:00+00:00,3116.699951171875,3118.0,3115.0,3116.10009765625,21426
2025-11-12 06:35:00+00:00,3117.0,3118.300048828125,3114.699951171875,3116.60009765625,29508
2025-11-12 06:40:00+00:00,3117.60009765625,3119.0,3116.699951171875,3117.0,20010
2025-11-12 06:45:00+00:00,3115.5,3118.300048828125,3115.199951171875,3117.60009765625,16956
2025-11-12 06:50:00+00:00,3117.199951171875,3117.300048828125,3115.0,3115.5,22069
2025-11-12 06:55:00+00:00,3118.5,3119.89990234375,3116.199951171875,3117.0,22204
2025-11-12 07:00:00+00:00,3120.0,3122.0,3118.300048828125,3118.60009765625,35210
2025-11-12 07:05:00+00:00,3119.699951171875,3120.800048828125,3118.0,3120.0,42727
2025-11-12 07:10:00+00:00,3121.0,3121.0,3119.60009765625,3120.0,27425
2025-11-12 07:15:00+00:00,3120.199951171875,3121.0,3120.0,3120.39990234375,19456
2025-11-12 07:20:00+00:00,3116.89990234375,3120.39990234375,3116.89990234375,3120.0,45067
2025-11-12 07:25:00+00:00,3122.800048828125,3124.10009765625,3116.0,3116.800048828125,76902
2025-11-12 07:30:00+00:00,3123.699951171875,3124.199951171875,3121.10009765625,3123.0,35211
2025-11-12 07:35:00+00:00,3122.199951171875,3124.300048828125,3121.0,3123.800048828125,32660
2025-11-12 07:40:00+00:00,3125.0,3125.89990234375,3121.0,3121.60009765625,69926
2025-11-12 07:45:00+00:00,3124.0,3126.0,3123.800048828125,3125.89990234375,49705
2025-11-12 07:50:00+00:00,3124.5,3125.0,3123.199951171875,3124.0,20955
2025-11-12 07:55:00+00:00,3122.300048828125,3124.800048828125,3121.89990234375,3124.10009765625,22985
2025-11-12 08:00:00+00:00,3122.0,3122.89990234375,3120.0,3122.300048828125,40217
2025-11-12 08:05:00+00:00,3122.800048828125,3122.800048828125,3120.0,3122.0,46297
2025-11-12 08:10:00+00:00,3124.800048828125,3125.0,3122.5,3122.699951171875,36364
2025-11-12 08:15:00+00:00,3123.89990234375,3125.0,3123.0,3124.89990234375,26392
2025-11-12 08:20:00+00:00,3122.10009765625,3124.0,3121.800048828125,3123.699951171875,20792
2025-11-12 08:25:00+00:00,3121.0,3122.89990234375,3120.199951171875,3121.5,18540
2025-11-12 08:30:00+00:00,3122.10009765625,3122.10009765625,3120.0,3120.199951171875,26652
2025-11-12 08:35:00+00:00,3119.199951171875,3122.10009765625,3119.10009765625,3122.10009765625,35918
2025-11-12 08:40:00+00:00,3120.800048828125,3121.10009765625,3118.60009765625,3119.5,43883
2025-11-12 08:45:00+00:00,3121.300048828125,3121.300048828125,3119.300048828125,3121.0,33352
2025-11-12 08:50:00+00:00,3120.5,3122.0,3119.5,3121.300048828125,36394
2025-11-12 08:55:00+00:00,3122.5,3124.39990234375,3120.0,3120.10009765625,65371
2025-11-12 09:00:00+00:00,3124.0,3124.199951171875,3121.60009765625,3122.300048828125,24708
2025-11-12 09:05:00+00:00,3125.0,3125.0,3123.39990234375,3124.0,31011
2025-11-12 09:10:00+00:00,3123.5,3125.39990234375,3122.10009765625,3125.0,57100
2025-11-12 09:15:00+00:00,3131.699951171875,3133.0,3123.89990234375,3123.89990234375,281805
2025-11-12 09:20:00+00:00,3130.699951171875,3132.10009765625,3130.0,3131.5,54930
2025-11-12 09:25:00+00:00,3132.89990234375,3133.199951171875,3130.10009765625,3130.5,67342
2025-11-12 09:30:00+00:00,3134.300048828125,3136.300048828125,3132.699951171875,3132.699951171875,111054
2025-11-12 09:35:00+00:00,3134.10009765625,3135.5,3132.5,3134.300048828125,124432
2025-11-12 09:40:00+00:00,3134.10009765625,3136.300048828125,3133.5,3134.10009765625,136105
2025-11-12 09:45:00+00:00,3127.39990234375,3134.39990234375,3127.10009765625,3134.10009765625,116449
2025-11-12 09:50:00+00:00,3128.0,3130.699951171875,3125.89990234375,3127.39990234375,130112
2025-11-12 09:55:00+00:00,3125.60009765625,3128.60009765625,3125.0,3128.60009765625,77583
2025-11-13 03:45:00+00:00,3116.199951171875,3131.39990234375,3111.0,3128.0,0
2025-11-13 03:50:00+00:00,3109.0,3118.39990234375,3108.10009765625,3115.0,49728
2025-11-13 03:55:00+00:00,3118.0,3119.800048828125,3110.0,3110.0,26595
2025-11-13 04:00:00+00:00,3110.5,3117.699951171875,3109.699951171875,3117.699951171875,26952
2025-11-13 04:05:00+00:00,3116.0,3117.800048828125,3109.89990234375,3110.5,15723
2025-11-13 04:10:00+00:00,3111.800048828125,3116.0,3108.39990234375,3115.60009765625,16690
2025-11-13 04:15:00+00:00,3119.60009765625,3122.300048828125,3111.199951171875,3111.800048828125,24743
2025-11-13 04:20:00+00:00,3116.5,3122.0,3116.5,3119.89990234375,10927
2025-11-13 04:25:00+00:00,3118.300048828125,3119.800048828125,3115.0,3115.800048828125,10501
2025-11-13 04:30:00+00:00,3118.89990234375,3119.60009765625,3116.300048828125,3119.0,7512
2025-11-13 04:35:00+00:00,3119.699951171875,3120.39990234375,3117.699951171875,3118.89990234375,12685
2025-11-13 04:40:00+00:00,3116.199951171875,3122.699951171875,3116.10009765625,3120.699951171875,11366
2025-11-13 04:45:00+00:00,3120.5,3120.800048828125,3116.699951171875,3117.0,11318
2025-11-13 04:50:00+00:00,3120.10009765625,3120.800048828125,3117.0,3120.0,12069
2025-11-13 04:55:00+00:00,3118.5,3120.5,3117.0,3120.5,7230
2025-11-13 05:00:00+00:00,3120.5,3120.60009765625,3118.0,3118.89990234375,7515
2025-11-13 05:05:00+00:00,3120.39990234375,3121.699951171875,3120.0,3120.5,9294
2025-11-13 05:10:00+00:00,3118.39990234375,3120.39990234375,3117.60009765625,3120.39990234375,10100
2025-11-13 05:15:00+00:00,3118.699951171875,3119.39990234375,3116.0,3118.699951171875,11664
2025-11-13 05:20:00+00:00,3121.5,3122.5,3118.699951171875,3118.89990234375,9160
2025-11-13 05:25:00+00:00,3121.800048828125,3121.89990234375,3119.5,3121.0,5973
2025-11-13 05:30:00+00:00,3123.699951171875,3124.0,3120.300048828125,3121.800048828125,8516
2025-11-13 05:35:00+00:00,3122.699951171875,3125.0,3121.0,3124.0,18001
2025-11-13 05:40:00+00:00,3120.699951171875,3123.199951171875,3120.10009765625,3122.699951171875,10948
2025-11-13 05:45:00+00:00,3120.0,3121.800048828125,3119.300048828125,3120.699951171875,16824
2025-11-13 05:50:00+00:00,3117.199951171875,3121.0,3116.0,3120.60009765625,13107
2025-11-13 05:55:00+00:00,3119.0,3120.300048828125,3113.10009765625,3117.0,42741
2025-11-13 06:00:00+00:00,3120.199951171875,3121.0,3118.0,3119.0,14941
2025-11-13 06:05:00+00:00,3121.300048828125,3121.300048828125,3118.199951171875,3120.39990234375,18322
2025-11-13 06:10:00+00:00,3115.5,3121.39990234375,3115.0,3121.300048828125,19601
2025-11-13 06:15:00+00:00,3117.300048828125,3118.800048828125,3115.0,3116.199951171875,8581
2025-11-13 06:20:00+00:00,3116.5,3117.39990234375,3115.39990234375,3117.300048828125,4717
2025-11-13 06:25:00+00:00,3118.199951171875,3118.199951171875,3115.0,3117.10009765625,11808
2025-11-13 06:30:00+00:00,3115.89990234375,3118.300048828125,3115.0,3118.300048828125,7833
2025-11-13 06:35:00+00:00,3118.5,3120.0,3115.5,3115.800048828125,12549
2025-11-13 06:40:00+00:00,3122.300048828125,3122.699951171875,3118.5,3119.199951171875,12440
2025-11-13 06:45:00+00:00,3122.699951171875,3122.699951171875,3120.10009765625,3122.300048828125,23177
2025-11-13 06:50:00+00:00,3121.800048828125,3122.699951171875,3120.300048828125,3122.699951171875,5510
2025-11-13 06:55:00+00:00,3121.800048828125,3122.0,3121.199951171875,3121.800048828125,3921
2025-11-13 07:00:00+00:00,3121.199951171875,3123.5,3121.199951171875,3121.89990234375,8473
2025-11-13 07:05:00+00:00,3120.199951171875,3122.300048828125,3119.800048828125,3122.300048828125,11300
2025-11-13 07:10:00+00:00,3117.5,3121.60009765625,3116.5,3121.0,28231
2025-11-13 07:15:00+00:00,3119.0,3119.89990234375,3117.199951171875,3117.800048828125,4342
2025-11-13 07:20:00+00:00,3116.0,3119.0,3115.300048828125,3119.0,8737
2025-11-13 07:25:00+00:00,3116.5,3117.199951171875,3115.199951171875,3116.0,6305
2025-11-13 07:30:00+00:00,3119.89990234375,3122.0,3116.5,3116.5,12051
2025-11-13 07:35:00+00:00,3119.699951171875,3121.0,3118.60009765625,3119.89990234375,6171
2025-11-13 07:40:00+00:00,3120.800048828125,3120.800048828125,3119.199951171875,3119.699951171875,4251
2025-11-13 07:45:00+00:00,3121.60009765625,3121.800048828125,3120.0,3120.800048828125,10492
2025-11-13 07:50:00+00:00,3122.800048828125,3123.39990234375,3120.5,3121.10009765625,9169
2025-11-13 07:55:00+00:00,3120.199951171875,3122.699951171875,3120.199951171875,3122.5,6365
2025-11-13 08:00:00+00:00,3121.5,3121.89990234375,3120.0,3120.199951171875,9588
2025-11-13 08:05:00+00:00,3123.0,3123.5,3121.10009765625,3121.5,8035
2025-11-13 08:10:00+00:00,3123.0,3124.5,3121.89990234375,3122.5,15496
2025-11-13 08:15:00+00:00,3120.10009765625,3124.0,3120.0,3123.699951171875,9246
2025-11-13 08:20:00+00:00,3120.39990234375,3121.39990234375,3120.10009765625,3120.10009765625,10564
2025-11-13 08:25:00+00:00,3115.5,3121.699951171875,3115.39990234375,3121.39990234375,27203
2025-11-13 08:30:00+00:00,3114.800048828125,3116.89990234375,3112.5,3115.5,40130
2025-11-13 08:35:00+00:00,3111.800048828125,3115.699951171875,3111.0,3114.800048828125,40548
2025-11-13 08:40:00+00:00,3108.199951171875,3112.0,3102.89990234375,3112.0,91668
2025-11-13 08:45:00+00:00,3110.699951171875,3111.10009765625,3107.0,3108.199951171875,26152
2025-11-13 08:50:00+00:00,3109.89990234375,3110.800048828125,3107.5,3110.699951171875,29531
2025-11-13 08:55:00+00:00,3110.0,3110.89990234375,3108.699951171875,3109.89990234375,19834
2025-11-13 09:00:00+00:00,3106.800048828125,3110.199951171875,3105.800048828125,3110.0,40266
2025-11-13 09:05:00+00:00,3106.300048828125,3107.800048828125,3105.10009765625,3105.60009765625,13518
2025-11-13 09:10:00+00:00,3108.699951171875,3110.800048828125,3105.699951171875,3106.300048828125,73364
2025-11-13 09:15:00+00:00,3110.0,3112.0,3108.5,3108.5,26086
2025-11-13 09:20:00+00:00,3108.0,3110.39990234375,3105.0,3110.10009765625,53119
2025-11-13 09:25:00+00:00,3104.89990234375,3109.300048828125,3104.699951171875,3108.0,35277
2025-11-13 09:30:00+00:00,3103.699951171875,3105.0,3103.39990234375,3104.89990234375,44865
2025-11-13 09:35:00+00:00,3103.89990234375,3105.89990234375,3103.699951171875,3103.800048828125,92664
2025-11-13 09:40:00+00:00,3107.0,3107.0,3103.199951171875,3103.89990234375,66095
2025-11-13 09:45:00+00:00,3104.60009765625,3113.60009765625,3102.60009765625,3106.199951171875,104006
2025-11-13 09:50:00+00:00,3104.300048828125,3108.800048828125,3103.39990234375,3105.199951171875,51721
2025-11-13 09:55:00+00:00,3104.800048828125,3107.0,3102.0,3104.10009765625,32299
2025-11-14 03:45:00+00:00,3087.5,3096.39990234375,3083.39990234375,3096.39990234375,0
2025-11-14 03:50:00+00:00,3086.800048828125,3092.89990234375,3083.5,3087.800048828125,31119
2025-11-14 03:55:00+00:00,3087.5,3090.60009765625,3084.39990234375,3087.39990234375,24783
2025-11-14 04:00:00+00:00,3094.39990234375,3096.89990234375,3084.5,3085.89990234375,29030
2025-11-14 04:05:00+00:00,3090.199951171875,3094.39990234375,3088.10009765625,3094.39990234375,17422
2025-11-14 04:10:00+00:00,3092.300048828125,3093.0,3089.39990234375,3090.10009765625,24172
2025-11-14 04:15:00+00:00,3093.0,3095.300048828125,3092.800048828125,3092.89990234375,19443
2025-11-14 04:20:00+00:00,3085.0,3092.60009765625,3085.0,3092.60009765625,29482
2025-11-14 04:25:00+00:00,3089.5,3090.5,3084.10009765625,3085.5,34611
2025-11-14 04:30:00+00:00,3085.699951171875,3091.10009765625,3083.300048828125,3090.60009765625,98934
2025-11-14 04:35:00+00:00,3086.0,3088.699951171875,3085.0,3085.699951171875,17212
2025-11-14 04:40:00+00:00,3085.800048828125,3086.39990234375,3083.300048828125,3086.0,18983
2025-11-14 04:45:00+00:00,3088.39990234375,3089.89990234375,3083.60009765625,3085.800048828125,22629
2025-11-14 04:50:00+00:00,3089.800048828125,3089.89990234375,3087.10009765625,3088.10009765625,6071
2025-11-14 04:55:00+00:00,3083.699951171875,3089.699951171875,3083.0,3089.699951171875,14369
2025-11-14 05:00:00+00:00,3080.39990234375,3084.89990234375,3080.39990234375,3084.300048828125,18108
2025-11-14 05:05:00+00:00,3082.800048828125,3083.10009765625,3080.89990234375,3081.10009765625,10259
2025-11-14 05:10:00+00:00,3083.5,3085.300048828125,3081.0,3082.800048828125,34186
2025-11-14 05:15:00+00:00,3084.199951171875,3084.199951171875,3082.0,3084.199951171875,9473
2025-11-14 05:20:00+00:00,3094.0,3094.0,3083.5,3084.199951171875,39330
2025-11-14 05:25:00+00:00,3098.0,3099.0,3092.60009765625,3094.0,40252
2025-11-14 05:30:00+00:00,3098.0,3099.89990234375,3096.89990234375,3098.0,15542
2025-11-14 05:35:00+00:00,3102.39990234375,3102.89990234375,3097.300048828125,3098.0,34103
2025-11-14 05:40:00+00:00,3105.300048828125,3107.39990234375,3101.89990234375,3101.89990234375,22426
2025-11-14 05:45:00+00:00,3100.89990234375,3107.800048828125,3100.0,3105.0,21064
2025-11-14 05:50:00+00:00,3100.800048828125,3102.0,3100.0,3101.5,15569
2025-11-14 05:55:00+00:00,3098.800048828125,3102.0,3098.5,3100.800048828125,12563
2025-11-14 06:00:00+00:00,3101.699951171875,3101.699951171875,3098.5,3099.0,29271
2025-11-14 06:05:00+00:00,3098.800048828125,3102.0,3098.800048828125,3101.699951171875,7803
2025-11-14 06:10:00+00:00,3097.39990234375,3100.10009765625,3096.10009765625,3099.800048828125,19380
2025-11-14 06:15:00+00:00,3100.60009765625,3102.199951171875,3096.5,3097.39990234375,27444
2025-11-14 06:20:00+00:00,3100.39990234375,3100.60009765625,3100.0,3100.60009765625,7007
2025-11-14 06:25:00+00:00,3100.300048828125,3100.89990234375,3099.800048828125,3100.39990234375,20434
2025-11-14 06:30:00+00:00,3099.60009765625,3100.300048828125,3099.10009765625,3100.0,10346
2025-11-14 06:35:00+00:00,3098.89990234375,3100.800048828125,3098.89990234375,3099.5,8153
2025-11-14 06:40:00+00:00,3101.0,3102.300048828125,3098.60009765625,3098.60009765625,11242
2025-11-14 06:45:00+00:00,3100.5,3100.800048828125,3100.0,3100.800048828125,9858
2025-11-14 06:50:00+00:00,3100.800048828125,3100.800048828125,3099.10009765625,3100.60009765625,7058
2025-11-14 06:55:00+00:00,3101.60009765625,3102.39990234375,3100.199951171875,3100.800048828125,10078
2025-11-14 07:00:00+00:00,3100.10009765625,3101.800048828125,3099.39990234375,3101.60009765625,53899
2025-11-14 07:05:00+00:00,3092.60009765625,3100.89990234375,3092.0,3100.10009765625,21564
2025-11-14 07:10:00+00:00,3095.300048828125,3098.0,3091.39990234375,3092.5,56997
2025-11-14 07:15:00+00:00,3092.60009765625,3095.300048828125,3090.800048828125,3095.300048828125,12440
2025-11-14 07:20:00+00:00,3086.699951171875,3092.60009765625,3085.89990234375,3092.60009765625,13695
2025-11-14 07:25:00+00:00,3084.0,3091.199951171875,3083.10009765625,3086.699951171875,61947
2025-11-14 07:30:00+00:00,3080.0,3084.300048828125,3078.199951171875,3084.0,48350
2025-11-14 07:35:00+00:00,3079.0,3080.300048828125,3077.300048828125,3080.0,18158
2025-11-14 07:40:00+00:00,3080.0,3081.89990234375,3078.199951171875,3079.0,11630
2025-11-14 07:45:00+00:00,3082.699951171875,3084.89990234375,3079.10009765625,3080.10009765625,15466
2025-11-14 07:50:00+00:00,3084.0,3085.39990234375,3082.39990234375,3082.5,10428
2025-11-14 07:55:00+00:00,3088.300048828125,3088.89990234375,3084.10009765625,3084.800048828125,8956
2025-11-14 08:00:00+00:00,3087.0,3088.5,3085.89990234375,3088.5,7904
2025-11-14 08:05:00+00:00,3083.89990234375,3087.5,3083.10009765625,3087.0,12298
2025-11-14 08:10:00+00:00,3082.800048828125,3084.89990234375,3082.0,3084.300048828125,9241
2025-11-14 08:15:00+00:00,3085.10009765625,3086.0,3080.10009765625,3081.89990234375,9529
2025-11-14 08:20:00+00:00,3082.60009765625,3085.800048828125,3082.10009765625,3085.800048828125,11373
2025-11-14 08:25:00+00:00,3085.0,3085.0,3081.800048828125,3082.60009765625,9701
2025-11-14 08:30:00+00:00,3087.199951171875,3088.39990234375,3084.199951171875,3085.800048828125,13734
2025-11-14 08:35:00+00:00,3088.800048828125,3089.699951171875,3087.199951171875,3087.199951171875,11005
2025-11-14 08:40:00+00:00,3088.0,3089.0,3086.5,3088.10009765625,9094
2025-11-14 08:45:00+00:00,3088.0,3088.800048828125,3084.800048828125,3088.0,21787
2025-11-14 08:50:00+00:00,3086.89990234375,3088.0,3084.89990234375,3088.0,14449
2025-11-14 08:55:00+00:00,3088.300048828125,3089.199951171875,3083.800048828125,3086.89990234375,14802
2025-11-14 09:00:00+00:00,3087.60009765625,3088.699951171875,3085.300048828125,3087.699951171875,8252
2025-11-14 09:05:00+00:00,3087.89990234375,3089.300048828125,3085.39990234375,3087.60009765625,12669
2025-11-14 09:10:00+00:00,3087.10009765625,3089.300048828125,3086.0,3087.60009765625,12090
2025-11-14 09:15:00+00:00,3087.0,3089.300048828125,3086.0,3086.800048828125,30928
2025-11-14 09:20:00+00:00,3087.699951171875,3088.89990234375,3085.699951171875,3086.89990234375,32593
2025-11-14 09:25:00+00:00,3086.5,3088.39990234375,3085.300048828125,3087.5,14746
2025-11-14 09:30:00+00:00,3102.0,3103.0,3091.0,3091.0,164238
2025-11-14 09:35:00+00:00,3109.0,3109.39990234375,3102.39990234375,3102.39990234375,126970
2025-11-14 09:40:00+00:00,3107.60009765625,3112.699951171875,3106.300048828125,3109.199951171875,126046
2025-11-14 09:45:00+00:00,3107.5,3108.199951171875,3103.800048828125,3107.800048828125,109391
2025-11-14 09:50:00+00:00,3112.199951171875,3112.699951171875,3108.0,3108.300048828125,110296
2025-11-14 09:55:00+00:00,3108.300048828125,3113.10009765625,3105.10009765625,3112.300048828125,69678
