Price,Close,High,Low,Open,Volume
Ticker,TCS.NS,TCS.NS,TCS.NS,TCS.NS,TCS.NS
Datetime,,,,,
2025-11-06 03:45:00+00:00,3007.0,3009.800048828125,2990.199951171875,2990.199951171875,0
2025-11-06 03:46:00+00:00,3003.0,3006.39990234375,3002.5,3005.60009765625,14438
2025-11-06 03:47:00+00:00,3017.10009765625,3017.10009765625,3003.0,3003.89990234375,15908
2025-11-06 03:48:00+00:00,3011.0,3015.300048828125,3008.89990234375,3015.300048828125,11595
2025-11-06 03:49:00+00:00,3009.699951171875,3012.60009765625,3009.699951171875,3012.60009765625,10803
2025-11-06 03:50:00+00:00,3011.0,3011.89990234375,3008.5,3008.5,23079
2025-11-06 03:51:00+00:00,3011.800048828125,3012.0,3009.60009765625,3009.60009765625,5663
2025-11-06 03:52:00+00:00,3010.60009765625,3012.199951171875,3009.89990234375,3009.89990234375,9594
2025-11-06 03:53:00+00:00,3007.5,3010.0,3006.10009765625,3010.0,9614
2025-11-06 03:54:00+00:00,3010.10009765625,3011.0,3009.39990234375,3010.60009765625,4685
2025-11-06 03:55:00+00:00,3003.0,3009.800048828125,3003.0,3009.39990234375,11834
2025-11-06 03:56:00+00:00,3005.10009765625,3006.5,3004.300048828125,3004.699951171875,3258
2025-11-06 03:57:00+00:00,3005.89990234375,3006.800048828125,3004.5,3004.699951171875,4527
2025-11-06 03:58:00+00:00,3008.199951171875,3010.0,3006.0,3006.0,30712
2025-11-06 03:59:00+00:00,3008.89990234375,3009.699951171875,3008.199951171875,3008.199951171875,1980
2025-11-06 04:00:00+00:00,3009.0,3009.89990234375,3008.0,3008.199951171875,4836
2025-11-06 04:01:00+00:00,3009.0,3011.0,3009.0,3010.0,8285
2025-11-06 04:02:00+00:00,3009.0,3009.89990234375,3008.0,3009.300048828125,3425
2025-11-06 04:03:00+00:00,3009.10009765625,3009.699951171875,3009.0,3009.199951171875,1715
2025-11-06 04:04:00+00:00,3010.199951171875,3011.0,3009.0,3009.800048828125,4829
2025-11-06 04:05:00+00:00,3008.699951171875,3009.699951171875,3008.699951171875,3009.699951171875,4587
2025-11-06 04:06:00+00:00,3003.60009765625,3009.5,3003.60009765625,3008.5,5076
2025-11-06 04:07:00+00:00,3005.800048828125,3006.699951171875,3004.0,3004.0,2733
2025-11-06 04:08:00+00:00,3004.60009765625,3006.199951171875,3004.60009765625,3005.5,10274
2025-11-06 04:09:00+00:00,3007.60009765625,3007.60009765625,3004.60009765625,3004.60009765625,4956
2025-11-06 04:10:00+00:00,3005.10009765625,3007.699951171875,3005.10009765625,3007.699951171875,5411
2025-11-06 04:11:00+00:00,3005.5,3006.199951171875,3005.0,3005.10009765625,2980
2025-11-06 04:12:00+00:00,3001.5,3005.89990234375,3001.5,3005.89990234375,10129
2025-11-06 04:13:00+00:00,3002.89990234375,3004.0,3001.5,3001.5,2263
2025-11-06 04:14:00+00:00,3003.300048828125,3004.300048828125,3002.800048828125,3003.0,2908
2025-11-06 04:15:00+00:00,3001.199951171875,3003.5,3001.199951171875,3003.300048828125,6899
2025-11-06 04:16:00+00:00,3002.199951171875,3003.60009765625,3002.199951171875,3003.199951171875,2508
2025-11-06 04:17:00+00:00,3000.60009765625,3002.0,3000.60009765625,3001.199951171875,1431
2025-11-06 04:18:00+00:00,3000.39990234375,3001.0,3000.0,3001.0,3207
2025-11-06 04:19:00+00:00,2998.0,3000.39990234375,2998.0,3000.39990234375,5765
2025-11-06 04:20:00+00:00,2998.0,2999.10009765625,2996.10009765625,2997.199951171875,4531
2025-11-06 04:21:00+00:00,2998.699951171875,2999.300048828125,2998.199951171875,2998.199951171875,2934
2025-11-06 04:22:00+00:00,2999.300048828125,2999.699951171875,2998.10009765625,2999.0,1647
2025-11-06 04:23:00+00:00,2999.39990234375,2999.5,2998.10009765625,2998.10009765625,1162
2025-11-06 04:24:00+00:00,3002.800048828125,3002.800048828125,2998.800048828125,2999.300048828125,5062
2025-11-06 04:25:00+00:00,3006.10009765625,3006.10009765625,3002.699951171875,3002.699951171875,4625
2025-11-06 04:26:00+00:00,3008.10009765625,3009.5,3006.699951171875,3006.699951171875,4371
2025-11-06 04:27:00+00:00,3008.10009765625,3009.60009765625,3007.699951171875,3008.5,5025
2025-11-06 04:28:00+00:00,3009.5,3010.0,3007.800048828125,3008.60009765625,2872
2025-11-06 04:29:00+00:00,3010.0,3010.0,3009.5,3009.699951171875,4753
2025-11-06 04:30:00+00:00,3009.0,3010.89990234375,3009.0,3010.89990234375,4517
2025-11-06 04:31:00+00:00,3011.10009765625,3011.39990234375,3009.699951171875,3009.699951171875,5219
2025-11-06 04:32:00+00:00,3010.89990234375,3010.89990234375,3010.300048828125,3010.300048828125,3524
2025-11-06 04:33:00+00:00,3010.0,3010.60009765625,3010.0,3010.60009765625,1286
2025-11-06 04:34:00+00:00,3008.0,3009.800048828125,3007.699951171875,3009.800048828125,4346
2025-11-06 04:35:00+00:00,3009.0,3009.0,3007.699951171875,3008.0,2457
2025-11-06 04:36:00+00:00,3009.5,3009.5,3008.60009765625,3009.199951171875,4203
2025-11-06 04:37:00+00:00,3009.5,3009.800048828125,3009.10009765625,3009.300048828125,3835
2025-11-06 04:38:00+00:00,3009.60009765625,3009.60009765625,3008.199951171875,3009.199951171875,3699
2025-11-06 04:39:00+00:00,3006.10009765625,3009.5,3006.10009765625,3009.5,3322
2025-11-06 04:40:00+00:00,3004.5,3006.800048828125,3004.5,3005.10009765625,3289
2025-11-06 04:41:00+00:00,3004.0,3004.5,3003.5,3004.5,2895
2025-11-06 04:42:00+00:00,3004.5,3005.5,3003.199951171875,3003.5,3425
2025-11-06 04:43:00+00:00,3006.5,3006.699951171875,3005.5,3005.5,2621
2025-11-06 04:44:00+00:00,3006.300048828125,3007.60009765625,3006.300048828125,3007.60009765625,4059
2025-11-06 04:45:00+00:00,3005.800048828125,3006.699951171875,3005.60009765625,3006.699951171875,2905
2025-11-06 04:46:00+00:00,3006.300048828125,3006.60009765625,3005.60009765625,3005.800048828125,2493
2025-11-06 04:47:00+00:00,3002.5,3005.89990234375,3002.5,3005.89990234375,6381
2025-11-06 04:48:00+00:00,3003.699951171875,3005.300048828125,3002.89990234375,3002.89990234375,3003
2025-11-06 04:49:00+00:00,3004.300048828125,3004.300048828125,3003.0,3003.89990234375,2027
2025-11-06 04:50:00+00:00,3004.89990234375,3005.0,3004.699951171875,3004.699951171875,2988
2025-11-06 04:51:00+00:00,3005.0,3005.0,3004.5,3004.5,2890
2025-11-06 04:52:00+00:00,3004.699951171875,3004.699951171875,3004.10009765625,3004.39990234375,3933
2025-11-06 04:53:00+00:00,3004.10009765625,3004.60009765625,3004.10009765625,3004.60009765625,5804
2025-11-06 04:54:00+00:00,3005.0,3005.0,3004.0,3004.10009765625,2541
2025-11-06 04:55:00+00:00,3005.0,3005.0,3004.800048828125,3005.0,2297
2025-11-06 04:56:00+00:00,3004.89990234375,3005.0,3004.699951171875,3005.0,4807
2025-11-06 04:57:00+00:00,3004.10009765625,3004.800048828125,3004.10009765625,3004.800048828125,3924
2025-11-06 04:58:00+00:00,3003.5,3004.10009765625,3003.5,3003.89990234375,2303
2025-11-06 04:59:00+00:00,3002.39990234375,3002.89990234375,3000.89990234375,3002.89990234375,5418
2025-11-06 05:00:00+00:00,3003.699951171875,3003.699951171875,3001.699951171875,3002.300048828125,2581
2025-11-06 05:01:00+00:00,3002.60009765625,3003.39990234375,3002.60009765625,3002.89990234375,2612
2025-11-06 05:02:00+00:00,3003.5,3003.5,3002.699951171875,3003.10009765625,3142
2025-11-06 05:03:00+00:00,3003.199951171875,3003.5,3003.0,3003.5,2625
2025-11-06 05:04:00+00:00,3002.89990234375,3003.60009765625,3002.800048828125,3003.60009765625,2816
2025-11-06 05:05:00+00:00,3002.800048828125,3003.0,3002.800048828125,3002.89990234375,3440
2025-11-06 05:06:00+00:00,3003.10009765625,3003.300048828125,3002.60009765625,3002.60009765625,2799
2025-11-06 05:07:00+00:00,3003.800048828125,3004.89990234375,3003.39990234375,3003.39990234375,4253
2025-11-06 05:08:00+00:00,3002.5,3003.0,3002.10009765625,3002.5,3447
2025-11-06 05:09:00+00:00,3003.800048828125,3003.800048828125,3003.0,3003.0,3054
2025-11-06 05:10:00+00:00,3003.0,3004.0,3003.0,3003.89990234375,4983
2025-11-06 05:11:00+00:00,3002.0,3003.699951171875,3002.0,3003.699951171875,3720
2025-11-06 05:12:00+00:00,3001.699951171875,3002.10009765625,3001.5,3001.5,2290
2025-11-06 05:13:00+00:00,3001.800048828125,3002.800048828125,3001.800048828125,3002.300048828125,2492
2025-11-06 05:14:00+00:00,3004.199951171875,3004.199951171875,3001.699951171875,3001.89990234375,3450
2025-11-06 05:15:00+00:00,3003.60009765625,3004.199951171875,3003.300048828125,3004.0,2342
2025-11-06 05:16:00+00:00,3003.5,3003.89990234375,3003.300048828125,3003.300048828125,3301
2025-11-06 05:17:00+00:00,3004.39990234375,3004.39990234375,3003.300048828125,3003.5,3430
2025-11-06 05:18:00+00:00,3004.60009765625,3004.89990234375,3004.5,3004.5,2495
2025-11-06 05:19:00+00:00,3006.800048828125,3006.800048828125,3004.60009765625,3004.60009765625,10781
2025-11-06 05:20:00+00:00,3007.89990234375,3008.89990234375,3006.60009765625,3006.60009765625,6512
2025-11-06 05:21:00+00:00,3010.5,3010.60009765625,3008.0,3008.0,9482
2025-11-06 05:22:00+00:00,3010.5,3010.5,3010.0,3010.0,2473
2025-11-06 05:23:00+00:00,3010.60009765625,3010.60009765625,3010.0,3010.0,1104
2025-11-06 05:24:00+00:00,3011.10009765625,3011.39990234375,3010.5,3010.60009765625,3517
2025-11-06 05:25:00+00:00,3011.0,3011.39990234375,3011.0,3011.39990234375,2917
2025-11-06 05:26:00+00:00,3012.0,3012.0,3011.10009765625,3011.10009765625,2271
2025-11-06 05:27:00+00:00,3013.0,3013.89990234375,3012.0,3012.0,2976
2025-11-06 05:28:00+00:00,3012.60009765625,3013.199951171875,3012.60009765625,3013.0,2578
2025-11-06 05:29:00+00:00,3011.89990234375,3013.199951171875,3011.5,3013.199951171875,3574
2025-11-06 05:30:00+00:00,3011.5,3011.699951171875,3011.0,3011.699951171875,1417
2025-11-06 05:31:00+00:00,3011.10009765625,3011.89990234375,3011.10009765625,3011.89990234375,1785
2025-11-06 05:32:00+00:00,3011.199951171875,3012.0,3011.10009765625,3011.10009765625,1868
2025-11-06 05:33:00+00:00,3013.0,3013.0,3011.199951171875,3011.199951171875,2351
2025-11-06 05:34:00+00:00,3014.300048828125,3014.300048828125,3013.0,3014.0,3899
2025-11-06 05:35:00+00:00,3014.800048828125,3014.800048828125,3014.199951171875,3014.699951171875,12306
2025-11-06 05:36:00+00:00,3014.89990234375,3015.10009765625,3014.699951171875,3014.699951171875,2529
2025-11-06 05:37:00+00:00,3016.60009765625,3016.60009765625,3014.89990234375,3014.89990234375,3784
2025-11-06 05:38:00+00:00,3016.39990234375,3017.0,3016.39990234375,3016.60009765625,2772
2025-11-06 05:39:00+00:00,3014.10009765625,3015.800048828125,3014.10009765625,3015.800048828125,5396
2025-11-06 05:40:00+00:00,3012.300048828125,3014.10009765625,3011.39990234375,3014.10009765625,1448
2025-11-06 05:41:00+00:00,3013.199951171875,3013.199951171875,3011.699951171875,3011.699951171875,2790
2025-11-06 05:42:00+00:00,3012.89990234375,3013.0,3012.39990234375,3012.800048828125,844
2025-11-06 05:43:00+00:00,3012.89990234375,3012.89990234375,3012.5,3012.89990234375,1736
2025-11-06 05:44:00+00:00,3011.10009765625,3012.699951171875,3011.10009765625,3012.699951171875,1463
2025-11-06 05:45:00+00:00,3010.0,3011.39990234375,3010.0,3011.39990234375,1447
2025-11-06 05:46:00+00:00,3010.699951171875,3010.699951171875,3010.10009765625,3010.699951171875,1257
2025-11-06 05:47:00+00:00,3010.199951171875,3010.699951171875,3010.199951171875,3010.5,1748
2025-11-06 05:48:00+00:00,3012.0,3012.10009765625,3010.199951171875,3010.199951171875,4697
2025-11-06 05:49:00+00:00,3011.0,3011.89990234375,3011.0,3011.60009765625,2057
2025-11-06 05:50:00+00:00,3011.0,3011.5,3011.0,3011.5,3007
2025-11-06 05:51:00+00:00,3011.0,3011.300048828125,3011.0,3011.300048828125,2762
2025-11-06 05:52:00+00:00,3011.0,3011.10009765625,3011.0,3011.10009765625,13714
2025-11-06 05:53:00+00:00,3010.10009765625,3011.10009765625,3009.39990234375,3011.10009765625,13928
2025-11-06 05:54:00+00:00,3009.699951171875,3010.699951171875,3009.0,3010.0,4277
2025-11-06 05:55:00+00:00,3009.60009765625,3010.0,3009.60009765625,3010.0,2033
2025-11-06 05:56:00+00:00,3009.5,3010.0,3009.300048828125,3009.699951171875,3194
2025-11-06 05:57:00+00:00,3010.0,3010.10009765625,3009.5,3009.5,3131
2025-11-06 05:58:00+00:00,3010.10009765625,3010.89990234375,3010.0,3010.10009765625,1745
2025-11-06 05:59:00+00:00,3010.5,3010.5,3010.0,3010.10009765625,1110
2025-11-06 06:00:00+00:00,3010.5,3010.5,3010.0,3010.5,4079
2025-11-06 06:01:00+00:00,3009.60009765625,3010.5,3009.5,3010.5,12686
2025-11-06 06:02:00+00:00,3009.0,3009.699951171875,3007.89990234375,3009.5,8907
2025-11-06 06:03:00+00:00,3011.800048828125,3012.0,3008.60009765625,3009.0,13607
2025-11-06 06:04:00+00:00,3011.0,3012.0,3010.89990234375,3012.0,2168
2025-11-06 06:05:00+00:00,3004.800048828125,3011.199951171875,3004.699951171875,3011.0,35045
2025-11-06 06:06:00+00:00,3005.89990234375,3006.0,3004.39990234375,3005.89990234375,6644
2025-11-06 06:07:00+00:00,3006.0,3006.0,3005.800048828125,3005.89990234375,11333
2025-11-06 06:08:00+00:00,3005.89990234375,3006.0,3005.800048828125,3006.0,2784
2025-11-06 06:09:00+00:00,3005.89990234375,3006.0,3005.89990234375,3006.0,2643
2025-11-06 06:10:00+00:00,3006.0,3006.0,3005.89990234375,3006.0,28625
2025-11-06 06:11:00+00:00,3005.89990234375,3006.0,3005.89990234375,3006.0,11503
2025-11-06 06:12:00+00:00,3004.39990234375,3005.0,3003.89990234375,3005.0,6014
2025-11-06 06:13:00+00:00,3004.199951171875,3004.89990234375,3003.5,3003.5,2619
2025-11-06 06:14:00+00:00,3006.0,3006.0,3005.300048828125,3005.300048828125,3353
2025-11-06 06:15:00+00:00,3005.60009765625,3006.0,3005.199951171875,3005.300048828125,3670
2025-11-06 06:16:00+00:00,3005.60009765625,3005.60009765625,3005.10009765625,3005.39990234375,4030
2025-11-06 06:17:00+00:00,3006.0,3006.0,3005.39990234375,3005.60009765625,2566
2025-11-06 06:18:00+00:00,3005.800048828125,3006.0,3005.699951171875,3006.0,3112
2025-11-06 06:19:00+00:00,3006.0,3006.0,3005.699951171875,3005.800048828125,2446
2025-11-06 06:20:00+00:00,3005.89990234375,3006.0,3005.89990234375,3005.89990234375,6241
2025-11-06 06:21:00+00:00,3006.0,3006.0,3005.89990234375,3005.89990234375,2885
2025-11-06 06:22:00+00:00,3006.0,3006.0,3005.89990234375,3006.0,3070
2025-11-06 06:23:00+00:00,3004.800048828125,3005.0,3004.60009765625,3005.0,9723
2025-11-06 06:24:00+00:00,3004.89990234375,3005.0,3004.89990234375,3005.0,9830
2025-11-06 06:25:00+00:00,3004.89990234375,3005.0,3004.5,3004.89990234375,1742
2025-11-06 06:26:00+00:00,3004.5,3005.0,3003.800048828125,3004.89990234375,4271
2025-11-06 06:27:00+00:00,3004.800048828125,3005.0,3003.89990234375,3003.89990234375,1943
2025-11-06 06:28:00+00:00,3004.89990234375,3005.0,3004.800048828125,3005.0,2962
2025-11-06 06:29:00+00:00,3005.0,3005.0,3004.89990234375,3005.0,3432
2025-11-06 06:30:00+00:00,3008.5,3009.60009765625,3005.0,3005.0,5416
2025-11-06 06:31:00+00:00,3005.5,3010.0,3005.5,3010.0,17790
2025-11-06 06:32:00+00:00,3005.5,3006.0,3005.5,3006.0,4070
2025-11-06 06:33:00+00:00,3005.60009765625,3005.89990234375,3005.10009765625,3005.60009765625,1597
2025-11-06 06:34:00+00:00,3005.5,3005.89990234375,3005.199951171875,3005.89990234375,2868
2025-11-06 06:35:00+00:00,3004.699951171875,3006.5,3004.699951171875,3006.5,5964
2025-11-06 06:36:00+00:00,3004.699951171875,3005.5,3004.199951171875,3005.0,23919
2025-11-06 06:37:00+00:00,3005.89990234375,3006.10009765625,3003.800048828125,3005.60009765625,976
2025-11-06 06:38:00+00:00,3005.5,3006.5,3005.199951171875,3005.39990234375,825
2025-11-06 06:39:00+00:00,3004.699951171875,3006.0,3004.699951171875,3005.89990234375,946
2025-11-06 06:40:00+00:00,3005.39990234375,3005.89990234375,3004.60009765625,3005.0,2413
2025-11-06 06:41:00+00:00,3005.800048828125,3006.0,3005.60009765625,3005.699951171875,3034
2025-11-06 06:42:00+00:00,3005.60009765625,3006.0,3005.5,3006.0,4985
2025-11-06 06:43:00+00:00,3005.39990234375,3005.699951171875,3005.39990234375,3005.60009765625,2430
2025-11-06 06:44:00+00:00,3004.5,3006.0,3004.5,3005.89990234375,4851
2025-11-06 06:45:00+00:00,3005.60009765625,3006.0,3004.39990234375,3004.39990234375,5528
2025-11-06 06:46:00+00:00,3005.89990234375,3006.0,3005.60009765625,3005.60009765625,2860
2025-11-06 06:47:00+00:00,3006.0,3006.0,3005.800048828125,3005.89990234375,2318
2025-11-06 06:48:00+00:00,3008.699951171875,3008.699951171875,3005.89990234375,3006.0,10955
2025-11-06 06:49:00+00:00,3007.0,3009.199951171875,3005.10009765625,3008.699951171875,35367
2025-11-06 06:50:00+00:00,3006.0,3007.0,3005.89990234375,3005.89990234375,10953
2025-11-06 06:51:00+00:00,3005.39990234375,3006.0,3005.0,3006.0,5483
2025-11-06 06:52:00+00:00,3006.0,3006.0,3004.300048828125,3005.5,6293
2025-11-06 06:53:00+00:00,3005.5,3005.89990234375,3003.800048828125,3005.89990234375,10764
2025-11-06 06:54:00+00:00,3006.0,3006.0,3005.5,3005.5,4017
2025-11-06 06:55:00+00:00,3006.5,3006.5,3005.800048828125,3006.0,2558
2025-11-06 06:56:00+00:00,3006.199951171875,3006.5,3006.10009765625,3006.5,3747
2025-11-06 06:57:00+00:00,3006.0,3006.10009765625,3005.800048828125,3006.10009765625,3625
2025-11-06 06:58:00+00:00,3005.89990234375,3005.89990234375,3005.800048828125,3005.89990234375,2304
2025-11-06 06:59:00+00:00,3005.5,3005.89990234375,3005.39990234375,3005.89990234375,8705
2025-11-06 07:00:00+00:00,3005.89990234375,3006.0,3005.800048828125,3005.89990234375,17840
2025-11-06 07:01:00+00:00,3009.10009765625,3009.199951171875,3005.800048828125,3005.89990234375,14134
2025-11-06 07:02:00+00:00,3010.0,3010.0,3008.60009765625,3009.199951171875,3661
2025-11-06 07:03:00+00:00,3011.5,3012.0,3009.89990234375,3010.0,6537
2025-11-06 07:04:00+00:00,3013.39990234375,3014.10009765625,3011.5,3011.5,14033
2025-11-06 07:05:00+00:00,3011.800048828125,3014.0,3010.0,3014.0,6942
2025-11-06 07:06:00+00:00,3013.199951171875,3013.699951171875,3011.300048828125,3011.800048828125,9169
2025-11-06 07:07:00+00:00,3011.699951171875,3013.5,3011.199951171875,3013.199951171875,2134
2025-11-06 07:08:00+00:00,3013.5,3013.5,3011.699951171875,3011.699951171875,5808
2025-11-06 07:09:00+00:00,3016.800048828125,3016.89990234375,3013.800048828125,3013.800048828125,17213
2025-11-06 07:10:00+00:00,3018.300048828125,3018.5,3016.10009765625,3017.199951171875,7392
2025-11-06 07:11:00+00:00,3017.60009765625,3018.300048828125,3015.699951171875,3018.300048828125,2832
2025-11-06 07:12:00+00:00,3020.5,3020.5,3017.39990234375,3018.199951171875,13262
2025-11-06 07:13:00+00:00,3019.199951171875,3021.0,3018.39990234375,3020.5,7896
2025-11-06 07:14:00+00:00,3016.89990234375,3019.10009765625,3016.10009765625,3019.10009765625,6796
2025-11-06 07:15:00+00:00,3019.800048828125,3019.800048828125,3016.39990234375,3017.89990234375,9891
2025-11-06 07:16:00+00:00,3020.699951171875,3021.800048828125,3018.5,3019.800048828125,6012
2025-11-06 07:17:00+00:00,3019.89990234375,3021.0,3019.0,3020.10009765625,2747
2025-11-06 07:18:00+00:00,3019.89990234375,3020.199951171875,3018.199951171875,3018.89990234375,7557
2025-11-06 07:19:00+00:00,3023.0,3023.699951171875,3019.199951171875,3020.89990234375,12426
2025-11-06 07:20:00+00:00,3022.0,3024.0,3021.10009765625,3023.0,4078
2025-11-06 07:21:00+00:00,3021.800048828125,3023.0,3021.10009765625,3021.300048828125,3866
2025-11-06 07:22:00+00:00,3021.699951171875,3022.89990234375,3021.0,3021.5,4047
2025-11-06 07:23:00+00:00,3021.699951171875,3022.60009765625,3021.0,3022.60009765625,2520
2025-11-06 07:24:00+00:00,3021.0,3021.60009765625,3020.800048828125,3021.0,3537
2025-11-06 07:25:00+00:00,3022.10009765625,3022.5,3020.89990234375,3021.60009765625,3138
2025-11-06 07:26:00+00:00,3020.300048828125,3022.10009765625,3019.199951171875,3021.10009765625,4426
2025-11-06 07:27:00+00:00,3018.699951171875,3020.300048828125,3018.10009765625,3018.89990234375,10002
2025-11-06 07:28:00+00:00,3019.5,3021.0,3018.699951171875,3018.699951171875,5659
2025-11-06 07:29:00+00:00,3015.699951171875,3020.0,3015.699951171875,3019.5,9611
2025-11-06 07:30:00+00:00,3015.60009765625,3017.800048828125,3015.300048828125,3017.0,6918
2025-11-06 07:31:00+00:00,3019.0,3019.800048828125,3015.5,3015.60009765625,3991
2025-11-06 07:32:00+00:00,3019.89990234375,3020.0,3019.0,3019.0,1459
2025-11-06 07:33:00+00:00,3020.89990234375,3020.89990234375,3019.89990234375,3020.0,2205
2025-11-06 07:34:00+00:00,3020.0,3022.0,3020.0,3020.89990234375,3008
2025-11-06 07:35:00+00:00,3018.89990234375,3020.199951171875,3017.60009765625,3020.0,13499
2025-11-06 07:36:00+00:00,3017.39990234375,3019.10009765625,3015.699951171875,3019.10009765625,9306
2025-11-06 07:37:00+00:00,3015.800048828125,3017.699951171875,3015.0,3017.199951171875,11199
2025-11-06 07:38:00+00:00,3017.39990234375,3017.60009765625,3014.60009765625,3015.89990234375,2673
2025-11-06 07:39:00+00:00,3013.800048828125,3017.39990234375,3013.300048828125,3017.39990234375,9593
2025-11-06 07:40:00+00:00,3015.0,3015.39990234375,3012.0,3013.800048828125,16546
2025-11-06 07:41:00+00:00,3016.10009765625,3018.0,3015.0,3015.0,13170
2025-11-06 07:42:00+00:00,3016.0,3017.5,3015.10009765625,3015.800048828125,9159
2025-11-06 07:43:00+00:00,3015.89990234375,3016.89990234375,3015.0,3016.0,5865
2025-11-06 07:44:00+00:00,3018.199951171875,3018.60009765625,3015.10009765625,3015.89990234375,3709
2025-11-06 07:45:00+00:00,3018.0,3019.60009765625,3017.10009765625,3018.0,7485
2025-11-06 07:46:00+00:00,3019.39990234375,3020.5,3018.699951171875,3019.300048828125,11349
2025-11-06 07:47:00+00:00,3018.89990234375,3020.5,3018.300048828125,3019.60009765625,9571
2025-11-06 07:48:00+00:00,3019.300048828125,3019.5,3016.89990234375,3018.89990234375,8347
2025-11-06 07:49:00+00:00,3019.0,3019.300048828125,3017.5,3018.699951171875,3086
2025-11-06 07:50:00+00:00,3019.0,3019.199951171875,3018.0,3019.0,3141
2025-11-06 07:51:00+00:00,3019.60009765625,3020.0,3017.800048828125,3019.0,7321
2025-11-06 07:52:00+00:00,3019.39990234375,3020.89990234375,3019.0,3019.89990234375,8129
2025-11-06 07:53:00+00:00,3019.5,3020.199951171875,3018.89990234375,3020.0,2179
2025-11-06 07:54:00+00:00,3018.10009765625,3019.800048828125,3017.699951171875,3019.5,2578
2025-11-06 07:55:00+00:00,3018.300048828125,3018.300048828125,3017.699951171875,3018.199951171875,2525
2025-11-06 07:56:00+00:00,3017.39990234375,3018.300048828125,3017.39990234375,3018.300048828125,2627
2025-11-06 07:57:00+00:00,3017.300048828125,3017.60009765625,3016.699951171875,3017.300048828125,2414
2025-11-06 07:58:00+00:00,3018.0,3018.10009765625,3017.199951171875,3017.39990234375,2322
2025-11-06 07:59:00+00:00,3018.199951171875,3018.300048828125,3017.800048828125,3018.0,1506
2025-11-06 08:00:00+00:00,3017.10009765625,3019.89990234375,3017.10009765625,3018.0,10567
2025-11-06 08:01:00+00:00,3019.199951171875,3019.89990234375,3016.800048828125,3016.800048828125,6044
2025-11-06 08:02:00+00:00,3020.89990234375,3021.0,3018.199951171875,3019.89990234375,7652
2025-11-06 08:03:00+00:00,3019.699951171875,3021.0,3019.60009765625,3021.0,1884
2025-11-06 08:04:00+00:00,3018.5,3019.60009765625,3018.5,3019.5,1143
2025-11-06 08:05:00+00:00,3016.800048828125,3019.0,3016.699951171875,3019.0,3664
2025-11-06 08:06:00+00:00,3021.0,3021.0,3016.800048828125,3016.800048828125,7411
2025-11-06 08:07:00+00:00,3020.699951171875,3021.39990234375,3020.10009765625,3020.89990234375,5591
2025-11-06 08:08:00+00:00,3019.5,3021.0,3019.0,3020.699951171875,7308
2025-11-06 08:09:00+00:00,3020.699951171875,3020.699951171875,3019.0,3019.60009765625,5613
2025-11-06 08:10:00+00:00,3018.199951171875,3020.60009765625,3018.199951171875,3020.60009765625,9768
2025-11-06 08:11:00+00:00,3019.10009765625,3019.5,3016.89990234375,3018.10009765625,4709
2025-11-06 08:12:00+00:00,3019.800048828125,3019.800048828125,3018.39990234375,3019.10009765625,1163
2025-11-06 08:13:00+00:00,3020.199951171875,3021.300048828125,3019.39990234375,3019.60009765625,5248
2025-11-06 08:14:00+00:00,3019.800048828125,3020.0,3018.699951171875,3020.0,3153
2025-11-06 08:15:00+00:00,3019.800048828125,3020.199951171875,3018.5,3019.89990234375,17624
2025-11-06 08:16:00+00:00,3020.199951171875,3020.300048828125,3018.39990234375,3019.800048828125,6171
2025-11-06 08:17:00+00:00,3020.10009765625,3020.5,3019.199951171875,3020.300048828125,8489
2025-11-06 08:18:00+00:00,3015.199951171875,3020.5,3015.199951171875,3020.0,9469
2025-11-06 08:19:00+00:00,3017.5,3017.60009765625,3014.60009765625,3015.300048828125,5833
2025-11-06 08:20:00+00:00,3014.89990234375,3017.60009765625,3014.0,3017.300048828125,16525
2025-11-06 08:21:00+00:00,3015.0,3015.60009765625,3013.699951171875,3015.0,6286
2025-11-06 08:22:00+00:00,3015.0,3015.0,3014.39990234375,3015.0,1000
2025-11-06 08:23:00+00:00,3013.699951171875,3015.0,3013.300048828125,3015.0,10418
2025-11-06 08:24:00+00:00,3013.699951171875,3014.5,3013.0,3014.39990234375,2154
2025-11-06 08:25:00+00:00,3014.5,3014.5,3012.89990234375,3013.699951171875,1665
2025-11-06 08:26:00+00:00,3015.199951171875,3015.199951171875,3014.5,3014.5,6295
2025-11-06 08:27:00+00:00,3014.60009765625,3015.39990234375,3013.800048828125,3015.300048828125,3618
2025-11-06 08:28:00+00:00,3015.39990234375,3015.39990234375,3014.0,3014.60009765625,3878
2025-11-06 08:29:00+00:00,3015.800048828125,3016.199951171875,3013.89990234375,3015.300048828125,5043
2025-11-06 08:30:00+00:00,3016.0,3016.89990234375,3014.10009765625,3015.89990234375,5350
2025-11-06 08:31:00+00:00,3015.10009765625,3016.5,3014.60009765625,3015.199951171875,10414
2025-11-06 08:32:00+00:00,3016.5,3017.0,3015.10009765625,3016.199951171875,7167
2025-11-06 08:33:00+00:00,3016.60009765625,3017.5,3016.0,3016.39990234375,6756
2025-11-06 08:34:00+00:00,3014.699951171875,3017.300048828125,3014.39990234375,3016.60009765625,3232
2025-11-06 08:35:00+00:00,3014.800048828125,3016.0,3014.5,3016.0,971
2025-11-06 08:36:00+00:00,3012.300048828125,3014.699951171875,3012.300048828125,3014.699951171875,2675
2025-11-06 08:37:00+00:00,3012.89990234375,3012.89990234375,3012.0,3012.39990234375,2881
2025-11-06 08:38:00+00:00,3014.89990234375,3014.89990234375,3012.60009765625,3013.199951171875,1322
2025-11-06 08:39:00+00:00,3014.5,3015.0,3014.0,3014.800048828125,2188
2025-11-06 08:40:00+00:00,3013.89990234375,3014.800048828125,3013.699951171875,3014.800048828125,1748
2025-11-06 08:41:00+00:00,3015.0,3015.0,3013.89990234375,3013.89990234375,1795
2025-11-06 08:42:00+00:00,3014.0,3014.60009765625,3013.39990234375,3014.60009765625,2672
2025-11-06 08:43:00+00:00,3013.60009765625,3014.0,3013.10009765625,3014.0,1179
2025-11-06 08:44:00+00:00,3014.10009765625,3014.800048828125,3013.60009765625,3013.60009765625,8087
2025-11-06 08:45:00+00:00,3013.89990234375,3015.199951171875,3013.800048828125,3013.800048828125,10216
2025-11-06 08:46:00+00:00,3013.39990234375,3014.199951171875,3012.39990234375,3014.10009765625,3478
2025-11-06 08:47:00+00:00,3013.10009765625,3013.800048828125,3012.199951171875,3013.800048828125,1395
2025-11-06 08:48:00+00:00,3013.0,3013.5,3013.0,3013.10009765625,794
2025-11-06 08:49:00+00:00,3013.699951171875,3014.0,3012.89990234375,3013.39990234375,1233
2025-11-06 08:50:00+00:00,3013.699951171875,3013.699951171875,3013.60009765625,3013.60009765625,1543
2025-11-06 08:51:00+00:00,3014.0,3014.0,3013.5,3013.60009765625,1136
2025-11-06 08:52:00+00:00,3014.0,3014.0,3013.39990234375,3014.0,1652
2025-11-06 08:53:00+00:00,3013.5,3014.0,3013.5,3014.0,2368
2025-11-06 08:54:00+00:00,3014.60009765625,3014.60009765625,3013.199951171875,3013.199951171875,1559
2025-11-06 08:55:00+00:00,3014.60009765625,3015.0,3014.60009765625,3014.800048828125,2742
2025-11-06 08:56:00+00:00,3014.39990234375,3014.699951171875,3014.199951171875,3014.699951171875,1233
2025-11-06 08:57:00+00:00,3013.800048828125,3014.60009765625,3013.800048828125,3014.60009765625,2063
2025-11-06 08:58:00+00:00,3013.0,3013.60009765625,3012.60009765625,3013.60009765625,6794
2025-11-06 08:59:00+00:00,3015.199951171875,3015.199951171875,3013.39990234375,3013.39990234375,1202
2025-11-06 09:00:00+00:00,3014.89990234375,3015.699951171875,3014.89990234375,3015.199951171875,2249
2025-11-06 09:01:00+00:00,3014.10009765625,3015.0,3014.0,3015.0,1482
2025-11-06 09:02:00+00:00,3013.10009765625,3014.199951171875,3013.10009765625,3014.10009765625,1983
2025-11-06 09:03:00+00:00,3014.0,3014.199951171875,3012.800048828125,3013.10009765625,1234
2025-11-06 09:04:00+00:00,3015.199951171875,3015.199951171875,3013.800048828125,3013.800048828125,1347
2025-11-06 09:05:00+00:00,3014.60009765625,3015.0,3014.60009765625,3014.800048828125,2549
2025-11-06 09:06:00+00:00,3015.0,3015.0,3013.89990234375,3014.5,1246
2025-11-06 09:07:00+00:00,3015.0,3015.199951171875,3015.0,3015.0,1638
2025-11-06 09:08:00+00:00,3014.800048828125,3015.5,3014.800048828125,3015.0,2384
2025-11-06 09:09:00+00:00,3013.300048828125,3015.699951171875,3013.300048828125,3014.800048828125,3541
2025-11-06 09:10:00+00:00,3012.800048828125,3015.699951171875,3012.800048828125,3014.39990234375,9495
2025-11-06 09:11:00+00:00,3013.800048828125,3014.300048828125,3012.699951171875,3012.699951171875,9685
2025-11-06 09:12:00+00:00,3014.699951171875,3015.0,3012.699951171875,3013.300048828125,2901
2025-11-06 09:13:00+00:00,3015.0,3015.0,3014.300048828125,3014.699951171875,1164
2025-11-06 09:14:00+00:00,3015.5,3015.800048828125,3014.89990234375,3014.89990234375,2492
2025-11-06 09:15:00+00:00,3016.300048828125,3016.39990234375,3015.5,3015.5,2696
2025-11-06 09:16:00+00:00,3016.0,3017.39990234375,3016.0,3016.699951171875,5327
2025-11-06 09:17:00+00:00,3016.39990234375,3016.5,3015.300048828125,3016.0,1707
2025-11-06 09:18:00+00:00,3015.199951171875,3016.39990234375,3015.199951171875,3016.39990234375,2168
2025-11-06 09:19:00+00:00,3013.199951171875,3015.199951171875,3012.0,3015.199951171875,8787
2025-11-06 09:20:00+00:00,3011.800048828125,3012.89990234375,3010.89990234375,3012.89990234375,11432
2025-11-06 09:21:00+00:00,3014.800048828125,3015.0,3011.89990234375,3012.60009765625,2532
2025-11-06 09:22:00+00:00,3013.699951171875,3014.89990234375,3013.60009765625,3014.800048828125,3692
2025-11-06 09:23:00+00:00,3013.60009765625,3014.39990234375,3013.5,3013.800048828125,2334
2025-11-06 09:24:00+00:00,3013.60009765625,3013.699951171875,3013.199951171875,3013.5,862
2025-11-06 09:25:00+00:00,3011.5,3013.699951171875,3011.5,3013.5,3835
2025-11-06 09:26:00+00:00,3013.39990234375,3013.39990234375,3011.60009765625,3011.60009765625,4962
2025-11-06 09:27:00+00:00,3013.699951171875,3014.199951171875,3012.89990234375,3013.39990234375,9363
2025-11-06 09:28:00+00:00,3014.300048828125,3014.300048828125,3012.60009765625,3014.0,8432
2025-11-06 09:29:00+00:00,3013.699951171875,3015.39990234375,3013.5,3013.699951171875,9412
2025-11-06 09:30:00+00:00,3011.10009765625,3013.89990234375,3010.0,3013.800048828125,23682
2025-11-06 09:31:00+00:00,3010.199951171875,3010.699951171875,3010.10009765625,3010.699951171875,11525
2025-11-06 09:32:00+00:00,3011.800048828125,3011.800048828125,3010.0,3010.699951171875,28807
2025-11-06 09:33:00+00:00,3011.10009765625,3012.39990234375,3011.0,3012.0,16125
2025-11-06 09:34:00+00:00,3010.39990234375,3011.10009765625,3010.300048828125,3011.10009765625,9579
2025-11-06 09:35:00+00:00,3010.0,3010.39990234375,3009.60009765625,3010.39990234375,34093
2025-11-06 09:36:00+00:00,3010.0,3010.39990234375,3009.89990234375,3010.10009765625,31366
2025-11-06 09:37:00+00:00,3010.300048828125,3010.300048828125,3010.0,3010.0,12778
2025-11-06 09:38:00+00:00,3012.60009765625,3012.89990234375,3010.199951171875,3010.300048828125,31108
2025-11-06 09:39:00+00:00,3012.89990234375,3013.10009765625,3012.39990234375,3012.800048828125,9145
2025-11-06 09:40:00+00:00,3010.699951171875,3012.89990234375,3010.199951171875,3012.89990234375,28112
2025-11-06 09:41:00+00:00,3010.800048828125,3010.89990234375,3010.5,3010.699951171875,12912
2025-11-06 09:42:00+00:00,3011.60009765625,3012.199951171875,3010.699951171875,3010.800048828125,29682
2025-11-06 09:43:00+00:00,3011.0,3011.699951171875,3010.5,3011.699951171875,17593
2025-11-06 09:44:00+00:00,3011.89990234375,3012.60009765625,3010.199951171875,3010.89990234375,34566
2025-11-06 09:45:00+00:00,3010.5,3012.800048828125,3010.0,3011.89990234375,20628
2025-11-06 09:46:00+00:00,3010.0,3011.199951171875,3010.0,3010.39990234375,32428
2025-11-06 09:47:00+00:00,3010.60009765625,3010.800048828125,3010.0,3010.10009765625,24213
2025-11-06 09:48:00+00:00,3010.199951171875,3010.800048828125,3010.199951171875,3010.60009765625,23790
2025-11-06 09:49:00+00:00,3013.60009765625,3013.60009765625,3010.0,3010.199951171875,34825
2025-11-06 09:50:00+00:00,3012.89990234375,3013.5,3011.800048828125,3012.0,24159
2025-11-06 09:51:00+00:00,3010.5,3012.89990234375,3010.0,3012.199951171875,23836
2025-11-06 09:52:00+00:00,3012.39990234375,3012.39990234375,3010.0,3011.0,19566
2025-11-06 09:53:00+00:00,3010.699951171875,3012.39990234375,3010.60009765625,3012.199951171875,14398
2025-11-06 09:54:00+00:00,3010.5,3010.89990234375,3010.5,3010.699951171875,12182
2025-11-06 09:55:00+00:00,3007.800048828125,3010.5,3007.800048828125,3010.5,8496
2025-11-06 09:56:00+00:00,3008.300048828125,3008.300048828125,3007.0,3007.699951171875,19177
2025-11-06 09:57:00+00:00,3011.60009765625,3011.89990234375,3008.10009765625,3008.199951171875,16395
2025-11-06 09:58:00+00:00,3011.800048828125,3011.800048828125,3010.699951171875,3011.800048828125,6498
2025-11-06 09:59:00+00:00,3010.89990234375,3012.800048828125,3010.0,3010.0,6898
2025-11-07 03:45:00+00:00,2983.10009765625,3002.5,2983.10009765625,3002.10009765625,0
2025-11-07 03:46:00+00:00,2978.0,2984.10009765625,2972.800048828125,2983.0,14532
2025-11-07 03:47:00+00:00,2977.800048828125,2980.39990234375,2972.199951171875,2976.89990234375,14672
2025-11-07 03:48:00+00:00,2978.39990234375,2981.0,2978.0,2978.60009765625,6047
2025-11-07 03:49:00+00:00,2976.800048828125,2979.300048828125,2976.60009765625,2978.699951171875,5303
2025-11-07 03:50:00+00:00,2974.300048828125,2976.699951171875,2974.199951171875,2976.5,7466
2025-11-07 03:51:00+00:00,2975.800048828125,2975.800048828125,2972.39990234375,2974.199951171875,5151
2025-11-07 03:52:00+00:00,2970.60009765625,2976.39990234375,2970.0,2975.800048828125,13751
2025-11-07 03:53:00+00:00,2963.5,2971.0,2963.5,2971.0,16218
2025-11-07 03:54:00+00:00,2964.199951171875,2966.800048828125,2963.10009765625,2964.5,15295
2025-11-07 03:55:00+00:00,2967.800048828125,2967.89990234375,2964.300048828125,2964.300048828125,6696
2025-11-07 03:56:00+00:00,2966.199951171875,2969.699951171875,2965.800048828125,2967.89990234375,6891
2025-11-07 03:57:00+00:00,2970.800048828125,2971.10009765625,2966.199951171875,2966.300048828125,3821
2025-11-07 03:58:00+00:00,2971.199951171875,2972.0,2970.0,2971.0,2818
2025-11-07 03:59:00+00:00,2972.89990234375,2972.89990234375,2970.300048828125,2970.5,4052
2025-11-07 04:00:00+00:00,2971.89990234375,2972.800048828125,2970.800048828125,2971.89990234375,3481
2025-11-07 04:01:00+00:00,2973.0,2973.0,2970.5,2972.89990234375,6191
2025-11-07 04:02:00+00:00,2966.10009765625,2973.39990234375,2966.10009765625,2972.89990234375,6675
2025-11-07 04:03:00+00:00,2966.0,2968.0,2966.0,2966.199951171875,3875
2025-11-07 04:04:00+00:00,2962.199951171875,2966.300048828125,2961.10009765625,2966.300048828125,9710
2025-11-07 04:05:00+00:00,2962.0,2962.199951171875,2960.5,2962.199951171875,7803
2025-11-07 04:06:00+00:00,2964.800048828125,2964.800048828125,2961.60009765625,2961.699951171875,5992
2025-11-07 04:07:00+00:00,2965.39990234375,2966.699951171875,2963.699951171875,2964.800048828125,2371
2025-11-07 04:08:00+00:00,2966.39990234375,2967.0,2965.10009765625,2965.10009765625,4622
2025-11-07 04:09:00+00:00,2965.60009765625,2967.0,2965.39990234375,2965.89990234375,4001
2025-11-07 04:10:00+00:00,2967.60009765625,2967.60009765625,2965.300048828125,2965.800048828125,3636
2025-11-07 04:11:00+00:00,2968.5,2970.0,2968.5,2968.699951171875,5112
2025-11-07 04:12:00+00:00,2967.800048828125,2969.300048828125,2967.0,2968.89990234375,3683
2025-11-07 04:13:00+00:00,2969.199951171875,2969.199951171875,2966.39990234375,2967.60009765625,885
2025-11-07 04:14:00+00:00,2970.39990234375,2970.60009765625,2969.300048828125,2969.300048828125,8148
2025-11-07 04:15:00+00:00,2970.10009765625,2970.89990234375,2968.89990234375,2970.89990234375,2910
2025-11-07 04:16:00+00:00,2970.0,2970.800048828125,2969.699951171875,2970.300048828125,2411
2025-11-07 04:17:00+00:00,2972.0,2972.300048828125,2970.0,2970.699951171875,7572
2025-11-07 04:18:00+00:00,2970.0,2972.10009765625,2970.0,2971.800048828125,3018
2025-11-07 04:19:00+00:00,2972.699951171875,2972.699951171875,2970.0,2970.0,1853
2025-11-07 04:20:00+00:00,2971.39990234375,2972.699951171875,2971.10009765625,2972.699951171875,2002
2025-11-07 04:21:00+00:00,2971.0,2971.800048828125,2970.0,2971.39990234375,2590
2025-11-07 04:22:00+00:00,2971.5,2971.800048828125,2971.0,2971.0,1930
2025-11-07 04:23:00+00:00,2971.300048828125,2971.60009765625,2971.0,2971.60009765625,4578
2025-11-07 04:24:00+00:00,2969.800048828125,2971.199951171875,2969.800048828125,2971.199951171875,5531
2025-11-07 04:25:00+00:00,2968.199951171875,2968.5,2967.800048828125,2967.800048828125,2970
2025-11-07 04:26:00+00:00,2967.10009765625,2968.39990234375,2966.5,2968.199951171875,3746
2025-11-07 04:27:00+00:00,2967.39990234375,2967.800048828125,2966.199951171875,2967.800048828125,1911
2025-11-07 04:28:00+00:00,2967.199951171875,2968.5,2967.199951171875,2967.39990234375,2272
2025-11-07 04:29:00+00:00,2965.300048828125,2966.699951171875,2965.300048828125,2966.699951171875,3564
2025-11-07 04:30:00+00:00,2961.10009765625,2964.800048828125,2961.10009765625,2964.800048828125,7701
2025-11-07 04:31:00+00:00,2962.89990234375,2963.60009765625,2961.0,2961.39990234375,5149
2025-11-07 04:32:00+00:00,2964.5,2964.60009765625,2963.39990234375,2963.60009765625,1598
2025-11-07 04:33:00+00:00,2963.0,2964.60009765625,2963.0,2964.60009765625,1661
2025-11-07 04:34:00+00:00,2963.60009765625,2964.60009765625,2962.39990234375,2963.199951171875,3195
2025-11-07 04:35:00+00:00,2963.89990234375,2965.199951171875,2963.5,2963.5,3145
2025-11-07 04:36:00+00:00,2967.800048828125,2967.800048828125,2963.60009765625,2963.89990234375,7384
2025-11-07 04:37:00+00:00,2965.199951171875,2967.5,2964.5,2967.5,2960
2025-11-07 04:38:00+00:00,2965.0,2966.5,2964.800048828125,2966.5,4597
2025-11-07 04:39:00+00:00,2965.0,2966.199951171875,2964.89990234375,2965.0,11395
2025-11-07 04:40:00+00:00,2965.10009765625,2966.89990234375,2964.39990234375,2965.0,9909
2025-11-07 04:41:00+00:00,2965.699951171875,2965.699951171875,2965.0,2965.0,2920
2025-11-07 04:42:00+00:00,2965.5,2965.699951171875,2964.199951171875,2965.0,20118
2025-11-07 04:43:00+00:00,2967.5,2967.5,2965.0,2965.0,3642
2025-11-07 04:44:00+00:00,2971.0,2971.0,2967.5,2967.5,4932
2025-11-07 04:45:00+00:00,2971.89990234375,2971.89990234375,2970.300048828125,2971.0,2430
2025-11-07 04:46:00+00:00,2972.89990234375,2972.89990234375,2970.89990234375,2971.89990234375,4290
2025-11-07 04:47:00+00:00,2972.0,2972.800048828125,2972.0,2972.39990234375,3048
2025-11-07 04:48:00+00:00,2972.39990234375,2973.5,2972.39990234375,2972.5,5794
2025-11-07 04:49:00+00:00,2973.0,2973.0,2972.0,2972.0,4004
2025-11-07 04:50:00+00:00,2972.0,2973.10009765625,2971.89990234375,2972.10009765625,3238
2025-11-07 04:51:00+00:00,2970.89990234375,2972.0,2970.300048828125,2972.0,2744
2025-11-07 04:52:00+00:00,2970.300048828125,2971.300048828125,2970.0,2971.0,2225
2025-11-07 04:53:00+00:00,2971.60009765625,2972.0,2970.89990234375,2970.89990234375,3245
2025-11-07 04:54:00+00:00,2972.699951171875,2972.699951171875,2972.0,2972.300048828125,2171
2025-11-07 04:55:00+00:00,2971.0,2972.10009765625,2970.300048828125,2972.0,1576
2025-11-07 04:56:00+00:00,2970.699951171875,2971.0,2970.0,2971.0,2253
2025-11-07 04:57:00+00:00,2970.199951171875,2970.699951171875,2968.5,2970.699951171875,5001
2025-11-07 04:58:00+00:00,2970.89990234375,2971.0,2969.800048828125,2969.89990234375,1065
2025-11-07 04:59:00+00:00,2971.5,2972.10009765625,2970.5,2970.89990234375,2281
2025-11-07 05:00:00+00:00,2969.89990234375,2971.89990234375,2969.89990234375,2971.300048828125,1718
2025-11-07 05:01:00+00:00,2969.199951171875,2969.699951171875,2968.5,2969.5,1760
2025-11-07 05:02:00+00:00,2969.39990234375,2970.10009765625,2968.0,2968.89990234375,8785
2025-11-07 05:03:00+00:00,2970.5,2970.5,2969.10009765625,2969.10009765625,4771
2025-11-07 05:04:00+00:00,2971.39990234375,2971.39990234375,2970.300048828125,2970.5,1836
2025-11-07 05:05:00+00:00,2972.5,2972.60009765625,2971.5,2972.39990234375,2890
2025-11-07 05:06:00+00:00,2972.10009765625,2973.0,2972.10009765625,2972.5,2162
2025-11-07 05:07:00+00:00,2972.89990234375,2972.89990234375,2971.5,2972.10009765625,2039
2025-11-07 05:08:00+00:00,2971.10009765625,2973.60009765625,2970.699951171875,2973.60009765625,4340
2025-11-07 05:09:00+00:00,2973.89990234375,2974.0,2971.699951171875,2971.699951171875,3153
2025-11-07 05:10:00+00:00,2974.89990234375,2974.89990234375,2973.89990234375,2973.89990234375,3611
2025-11-07 05:11:00+00:00,2974.5,2974.89990234375,2974.0,2974.10009765625,12954
2025-11-07 05:12:00+00:00,2974.60009765625,2975.0,2974.5,2974.699951171875,3572
2025-11-07 05:13:00+00:00,2975.89990234375,2976.39990234375,2974.60009765625,2974.60009765625,5505
2025-11-07 05:14:00+00:00,2976.0,2976.0,2975.10009765625,2975.89990234375,2421
2025-11-07 05:15:00+00:00,2975.5,2976.0,2975.5,2975.5,1789
2025-11-07 05:16:00+00:00,2977.5,2977.5,2975.10009765625,2975.10009765625,14146
2025-11-07 05:17:00+00:00,2977.0,2978.699951171875,2976.199951171875,2977.39990234375,5448
2025-11-07 05:18:00+00:00,2977.39990234375,2978.199951171875,2976.0,2978.0,4089
2025-11-07 05:19:00+00:00,2977.39990234375,2977.60009765625,2975.800048828125,2977.199951171875,2164
2025-11-07 05:20:00+00:00,2975.10009765625,2977.5,2975.10009765625,2977.39990234375,2837
2025-11-07 05:21:00+00:00,2976.0,2976.300048828125,2975.0,2976.300048828125,5769
2025-11-07 05:22:00+00:00,2976.10009765625,2976.60009765625,2975.0,2976.0,4310
2025-11-07 05:23:00+00:00,2976.199951171875,2976.199951171875,2975.0,2976.0,2163
2025-11-07 05:24:00+00:00,2976.199951171875,2976.300048828125,2975.0,2975.5,2211
2025-11-07 05:25:00+00:00,2975.300048828125,2976.0,2975.0,2975.0,5029
2025-11-07 05:26:00+00:00,2975.0,2975.89990234375,2975.0,2975.300048828125,2651
2025-11-07 05:27:00+00:00,2975.199951171875,2976.199951171875,2975.0,2975.89990234375,2359
2025-11-07 05:28:00+00:00,2974.800048828125,2975.5,2974.800048828125,2975.0,13879
2025-11-07 05:29:00+00:00,2975.89990234375,2975.89990234375,2974.800048828125,2974.800048828125,3096
2025-11-07 05:30:00+00:00,2976.300048828125,2977.10009765625,2975.800048828125,2975.800048828125,3947
2025-11-07 05:31:00+00:00,2976.699951171875,2976.699951171875,2975.300048828125,2976.300048828125,1947
2025-11-07 05:32:00+00:00,2976.199951171875,2977.300048828125,2975.800048828125,2975.800048828125,2109
2025-11-07 05:33:00+00:00,2977.0,2977.300048828125,2976.699951171875,2976.699951171875,1529
2025-11-07 05:34:00+00:00,2975.699951171875,2976.89990234375,2975.39990234375,2976.10009765625,1911
2025-11-07 05:35:00+00:00,2975.10009765625,2976.5,2975.0,2975.699951171875,3491
2025-11-07 05:36:00+00:00,2974.0,2975.0,2973.39990234375,2975.0,11526
2025-11-07 05:37:00+00:00,2974.199951171875,2974.39990234375,2973.39990234375,2973.800048828125,2070
2025-11-07 05:38:00+00:00,2975.5,2975.5,2973.300048828125,2973.89990234375,5583
2025-11-07 05:39:00+00:00,2975.800048828125,2976.0,2975.0,2975.5,3004
2025-11-07 05:40:00+00:00,2975.699951171875,2976.199951171875,2975.699951171875,2975.699951171875,2954
2025-11-07 05:41:00+00:00,2976.89990234375,2977.0,2975.60009765625,2975.699951171875,3867
2025-11-07 05:42:00+00:00,2980.0,2980.39990234375,2976.5,2976.5,5952
2025-11-07 05:43:00+00:00,2979.0,2980.300048828125,2977.5,2979.60009765625,5375
2025-11-07 05:44:00+00:00,2979.199951171875,2979.5,2978.10009765625,2979.0,1976
2025-11-07 05:45:00+00:00,2978.0,2979.800048828125,2978.0,2978.89990234375,2122
2025-11-07 05:46:00+00:00,2979.10009765625,2979.5,2977.39990234375,2977.699951171875,3598
2025-11-07 05:47:00+00:00,2978.199951171875,2979.0,2977.89990234375,2979.0,2477
2025-11-07 05:48:00+00:00,2977.5,2978.0,2976.199951171875,2976.5,3057
2025-11-07 05:49:00+00:00,2978.39990234375,2978.39990234375,2976.5,2977.5,2260
2025-11-07 05:50:00+00:00,2978.699951171875,2979.0,2978.0,2978.0,1917
2025-11-07 05:51:00+00:00,2978.800048828125,2979.0,2977.0,2978.10009765625,3723
2025-11-07 05:52:00+00:00,2980.300048828125,2980.5,2978.800048828125,2979.0,4883
2025-11-07 05:53:00+00:00,2977.5,2980.800048828125,2977.5,2980.5,2379
2025-11-07 05:54:00+00:00,2979.300048828125,2979.300048828125,2978.0,2978.0,2702
2025-11-07 05:55:00+00:00,2980.0,2980.0,2979.0,2979.699951171875,2603
2025-11-07 05:56:00+00:00,2980.300048828125,2980.60009765625,2979.699951171875,2980.0,5370
2025-11-07 05:57:00+00:00,2979.60009765625,2979.800048828125,2978.39990234375,2979.0,1849
2025-11-07 05:58:00+00:00,2979.300048828125,2980.0,2977.89990234375,2979.60009765625,2347
2025-11-07 05:59:00+00:00,2980.0,2980.0,2979.10009765625,2979.199951171875,1973
2025-11-07 06:00:00+00:00,2979.89990234375,2980.800048828125,2979.10009765625,2980.300048828125,2548
2025-11-07 06:01:00+00:00,2979.800048828125,2980.300048828125,2979.10009765625,2980.300048828125,1438
2025-11-07 06:02:00+00:00,2980.199951171875,2980.300048828125,2978.5,2979.699951171875,2280
2025-11-07 06:03:00+00:00,2977.10009765625,2980.39990234375,2977.10009765625,2980.199951171875,3689
2025-11-07 06:04:00+00:00,2977.89990234375,2979.60009765625,2977.10009765625,2978.5,3523
2025-11-07 06:05:00+00:00,2978.5,2979.300048828125,2977.5,2977.89990234375,2528
2025-11-07 06:06:00+00:00,2978.5,2978.89990234375,2977.300048828125,2978.5,2802
2025-11-07 06:07:00+00:00,2977.60009765625,2978.5,2977.10009765625,2978.39990234375,2560
2025-11-07 06:08:00+00:00,2978.60009765625,2978.89990234375,2977.39990234375,2978.5,1589
2025-11-07 06:09:00+00:00,2977.5,2978.699951171875,2976.89990234375,2978.699951171875,2176
2025-11-07 06:10:00+00:00,2975.199951171875,2977.300048828125,2975.0,2977.300048828125,2526
2025-11-07 06:11:00+00:00,2976.89990234375,2976.89990234375,2975.699951171875,2975.699951171875,2589
2025-11-07 06:12:00+00:00,2976.800048828125,2976.800048828125,2975.0,2976.5,2589
2025-11-07 06:13:00+00:00,2976.39990234375,2976.800048828125,2975.5,2976.800048828125,1815
2025-11-07 06:14:00+00:00,2976.800048828125,2976.89990234375,2975.60009765625,2976.39990234375,1500
2025-11-07 06:15:00+00:00,2976.10009765625,2977.0,2975.10009765625,2976.89990234375,6348
2025-11-07 06:16:00+00:00,2978.199951171875,2978.39990234375,2975.5,2976.89990234375,7606
2025-11-07 06:17:00+00:00,2978.10009765625,2978.5,2977.0,2978.300048828125,1747
2025-11-07 06:18:00+00:00,2977.300048828125,2978.39990234375,2977.300048828125,2978.0,3027
2025-11-07 06:19:00+00:00,2975.199951171875,2977.10009765625,2975.199951171875,2977.0,13762
2025-11-07 06:20:00+00:00,2973.39990234375,2975.699951171875,2972.5,2975.699951171875,21366
2025-11-07 06:21:00+00:00,2974.0,2974.699951171875,2973.10009765625,2973.10009765625,2435
2025-11-07 06:22:00+00:00,2974.60009765625,2975.300048828125,2974.39990234375,2974.800048828125,1097
2025-11-07 06:23:00+00:00,2975.0,2975.699951171875,2974.5,2974.699951171875,1274
2025-11-07 06:24:00+00:00,2977.0,2977.0,2974.5,2974.5,2016
2025-11-07 06:25:00+00:00,2977.10009765625,2977.89990234375,2976.89990234375,2977.0,1067
2025-11-07 06:26:00+00:00,2978.39990234375,2978.39990234375,2977.0,2977.0,3212
2025-11-07 06:27:00+00:00,2976.10009765625,2978.199951171875,2976.10009765625,2978.0,4619
2025-11-07 06:28:00+00:00,2976.60009765625,2976.60009765625,2975.39990234375,2975.60009765625,793
2025-11-07 06:29:00+00:00,2976.699951171875,2977.199951171875,2976.0,2976.0,3030
2025-11-07 06:30:00+00:00,2975.5,2976.60009765625,2975.0,2976.60009765625,1026
2025-11-07 06:31:00+00:00,2976.300048828125,2976.60009765625,2974.60009765625,2975.39990234375,1205
2025-11-07 06:32:00+00:00,2977.199951171875,2977.199951171875,2976.10009765625,2977.0,1056
2025-11-07 06:33:00+00:00,2975.699951171875,2976.699951171875,2975.60009765625,2975.60009765625,1423
2025-11-07 06:34:00+00:00,2975.0,2975.800048828125,2975.0,2975.10009765625,1444
2025-11-07 06:35:00+00:00,2974.800048828125,2975.699951171875,2974.800048828125,2975.39990234375,1623
2025-11-07 06:36:00+00:00,2975.300048828125,2975.5,2974.0,2975.5,2513
2025-11-07 06:37:00+00:00,2974.39990234375,2975.60009765625,2974.0,2975.0,1564
2025-11-07 06:38:00+00:00,2975.60009765625,2976.39990234375,2974.39990234375,2974.39990234375,914
2025-11-07 06:39:00+00:00,2976.0,2976.60009765625,2975.60009765625,2975.60009765625,1281
2025-11-07 06:40:00+00:00,2975.10009765625,2975.699951171875,2975.10009765625,2975.60009765625,1766
2025-11-07 06:41:00+00:00,2975.199951171875,2976.0,2975.0,2976.0,1212
2025-11-07 06:42:00+00:00,2975.5,2975.699951171875,2975.39990234375,2975.5,889
2025-11-07 06:43:00+00:00,2977.0,2977.0,2975.199951171875,2975.60009765625,2570
2025-11-07 06:44:00+00:00,2975.60009765625,2977.0,2974.10009765625,2977.0,9520
2025-11-07 06:45:00+00:00,2975.300048828125,2976.89990234375,2975.0,2975.0,1984
2025-11-07 06:46:00+00:00,2975.300048828125,2977.5,2974.89990234375,2976.199951171875,2565
2025-11-07 06:47:00+00:00,2976.10009765625,2976.699951171875,2975.0,2976.699951171875,979
2025-11-07 06:48:00+00:00,2976.60009765625,2976.60009765625,2975.199951171875,2976.10009765625,873
2025-11-07 06:49:00+00:00,2977.10009765625,2977.39990234375,2976.199951171875,2976.699951171875,995
2025-11-07 06:50:00+00:00,2977.89990234375,2977.89990234375,2975.800048828125,2975.800048828125,1236
2025-11-07 06:51:00+00:00,2977.800048828125,2978.0,2976.800048828125,2977.89990234375,1113
2025-11-07 06:52:00+00:00,2976.89990234375,2977.89990234375,2976.10009765625,2977.800048828125,1774
2025-11-07 06:53:00+00:00,2976.0,2977.300048828125,2975.5,2977.300048828125,1146
2025-11-07 06:54:00+00:00,2975.199951171875,2976.300048828125,2975.0,2975.0,1779
2025-11-07 06:55:00+00:00,2975.199951171875,2975.699951171875,2974.60009765625,2975.0,1471
2025-11-07 06:56:00+00:00,2977.199951171875,2977.199951171875,2975.10009765625,2975.699951171875,1114
2025-11-07 06:57:00+00:00,2977.39990234375,2977.39990234375,2976.10009765625,2976.89990234375,1093
2025-11-07 06:58:00+00:00,2977.699951171875,2979.0,2977.39990234375,2977.39990234375,2068
2025-11-07 06:59:00+00:00,2978.60009765625,2978.60009765625,2978.0,2978.39990234375,1354
2025-11-07 07:00:00+00:00,2978.89990234375,2979.800048828125,2978.60009765625,2978.60009765625,2937
2025-11-07 07:01:00+00:00,2978.0,2978.699951171875,2977.800048828125,2978.0,4014
2025-11-07 07:02:00+00:00,2978.0,2978.0,2977.699951171875,2978.0,1709
2025-11-07 07:03:00+00:00,2978.0,2978.0,2977.60009765625,2978.0,1785
2025-11-07 07:04:00+00:00,2977.39990234375,2978.0,2977.39990234375,2978.0,2776
2025-11-07 07:05:00+00:00,2977.5,2978.0,2977.300048828125,2977.89990234375,1391
2025-11-07 07:06:00+00:00,2976.800048828125,2977.5,2976.800048828125,2977.5,3560
2025-11-07 07:07:00+00:00,2976.89990234375,2977.0,2975.89990234375,2976.300048828125,1446
2025-11-07 07:08:00+00:00,2976.199951171875,2976.199951171875,2976.0,2976.199951171875,1181
2025-11-07 07:09:00+00:00,2977.300048828125,2978.0,2976.300048828125,2977.0,1679
2025-11-07 07:10:00+00:00,2980.0,2980.0,2978.0,2978.0,1936
2025-11-07 07:11:00+00:00,2979.0,2980.0,2978.300048828125,2980.0,1010
2025-11-07 07:12:00+00:00,2981.0,2981.0,2979.0,2979.0,3390
2025-11-07 07:13:00+00:00,2981.199951171875,2981.5,2981.0,2981.199951171875,1548
2025-11-07 07:14:00+00:00,2981.0,2981.10009765625,2980.39990234375,2980.39990234375,2211
2025-11-07 07:15:00+00:00,2981.0,2981.0,2980.0,2981.0,8426
2025-11-07 07:16:00+00:00,2981.0,2981.0,2979.39990234375,2981.0,2353
2025-11-07 07:17:00+00:00,2980.0,2980.89990234375,2979.39990234375,2980.199951171875,1701
2025-11-07 07:18:00+00:00,2979.60009765625,2980.0,2978.10009765625,2980.0,1096
2025-11-07 07:19:00+00:00,2980.0,2980.0,2978.89990234375,2979.5,903
2025-11-07 07:20:00+00:00,2980.0,2980.39990234375,2978.89990234375,2979.5,1277
2025-11-07 07:21:00+00:00,2980.0,2980.39990234375,2978.60009765625,2980.0,1521
2025-11-07 07:22:00+00:00,2979.800048828125,2980.0,2979.0,2980.0,1005
2025-11-07 07:23:00+00:00,2975.699951171875,2979.699951171875,2975.699951171875,2979.699951171875,6892
2025-11-07 07:24:00+00:00,2975.60009765625,2977.60009765625,2975.60009765625,2976.60009765625,4882
2025-11-07 07:25:00+00:00,2975.89990234375,2976.0,2975.0,2976.0,1339
2025-11-07 07:26:00+00:00,2975.5,2976.0,2975.10009765625,2975.800048828125,2432
2025-11-07 07:27:00+00:00,2976.0,2976.0,2975.0,2975.0,2109
2025-11-07 07:28:00+00:00,2976.800048828125,2976.800048828125,2975.10009765625,2975.199951171875,1042
2025-11-07 07:29:00+00:00,2977.199951171875,2977.199951171875,2976.0,2976.5,1684
2025-11-07 07:30:00+00:00,2976.800048828125,2977.10009765625,2976.0,2977.10009765625,3810
2025-11-07 07:31:00+00:00,2976.5,2977.0,2975.300048828125,2976.699951171875,1928
2025-11-07 07:32:00+00:00,2975.5,2977.0,2975.5,2976.5,1761
2025-11-07 07:33:00+00:00,2976.89990234375,2977.5,2976.0,2976.0,15419
2025-11-07 07:34:00+00:00,2977.199951171875,2977.199951171875,2975.39990234375,2977.0,1266
2025-11-07 07:35:00+00:00,2976.0,2977.199951171875,2975.10009765625,2976.199951171875,3413
2025-11-07 07:36:00+00:00,2976.0,2976.0,2975.5,2976.0,750
2025-11-07 07:37:00+00:00,2975.0,2976.199951171875,2975.0,2975.89990234375,1668
2025-11-07 07:38:00+00:00,2974.60009765625,2975.10009765625,2974.5,2974.800048828125,1758
2025-11-07 07:39:00+00:00,2976.199951171875,2976.199951171875,2974.5,2975.0,13768
2025-11-07 07:40:00+00:00,2975.0,2976.699951171875,2974.5,2976.10009765625,23297
2025-11-07 07:41:00+00:00,2976.0,2976.0,2974.699951171875,2975.0,2150
2025-11-07 07:42:00+00:00,2976.0,2976.5,2975.60009765625,2976.0,1015
2025-11-07 07:43:00+00:00,2975.800048828125,2976.0,2975.10009765625,2976.0,1053
2025-11-07 07:44:00+00:00,2976.0,2976.0,2975.60009765625,2975.60009765625,1350
2025-11-07 07:45:00+00:00,2976.199951171875,2976.199951171875,2975.199951171875,2975.89990234375,1194
2025-11-07 07:46:00+00:00,2976.300048828125,2976.300048828125,2975.89990234375,2976.199951171875,1942
2025-11-07 07:47:00+00:00,2976.0,2976.300048828125,2975.800048828125,2976.0,10713
2025-11-07 07:48:00+00:00,2975.89990234375,2976.699951171875,2975.0,2976.0,2536
2025-11-07 07:49:00+00:00,2975.800048828125,2976.0,2975.60009765625,2975.89990234375,1003
2025-11-07 07:50:00+00:00,2975.800048828125,2976.0,2975.60009765625,2975.89990234375,1795
2025-11-07 07:51:00+00:00,2976.0,2976.0,2975.39990234375,2976.0,1423
2025-11-07 07:52:00+00:00,2977.0,2977.5,2975.800048828125,2976.0,2572
2025-11-07 07:53:00+00:00,2976.0,2977.0,2975.5,2976.10009765625,4014
2025-11-07 07:54:00+00:00,2976.0,2976.0,2975.5,2976.0,2495
2025-11-07 07:55:00+00:00,2977.199951171875,2977.199951171875,2976.699951171875,2976.699951171875,4284
2025-11-07 07:56:00+00:00,2976.0,2977.39990234375,2976.0,2976.0,21211
2025-11-07 07:57:00+00:00,2977.39990234375,2978.0,2976.0,2976.0,24145
2025-11-07 07:58:00+00:00,2978.800048828125,2978.800048828125,2976.5,2977.10009765625,2162
2025-11-07 07:59:00+00:00,2978.5,2979.0,2977.89990234375,2978.800048828125,1543
2025-11-07 08:00:00+00:00,2980.89990234375,2980.89990234375,2979.10009765625,2979.89990234375,2390
2025-11-07 08:01:00+00:00,2979.60009765625,2980.89990234375,2979.10009765625,2980.89990234375,1764
2025-11-07 08:02:00+00:00,2979.89990234375,2980.60009765625,2978.800048828125,2980.60009765625,3666
2025-11-07 08:03:00+00:00,2979.800048828125,2980.0,2978.800048828125,2980.0,1653
2025-11-07 08:04:00+00:00,2980.699951171875,2980.699951171875,2979.39990234375,2979.800048828125,1786
2025-11-07 08:05:00+00:00,2980.0,2982.0,2979.5,2980.699951171875,9825
2025-11-07 08:06:00+00:00,2980.0,2980.60009765625,2979.0,2980.60009765625,1587
2025-11-07 08:07:00+00:00,2979.0,2980.0,2979.0,2980.0,3020
2025-11-07 08:08:00+00:00,2978.10009765625,2979.699951171875,2978.10009765625,2979.300048828125,1052
2025-11-07 08:09:00+00:00,2979.199951171875,2980.0,2978.89990234375,2978.89990234375,1536
2025-11-07 08:10:00+00:00,2979.199951171875,2979.800048828125,2978.60009765625,2979.800048828125,1158
2025-11-07 08:11:00+00:00,2979.10009765625,2979.800048828125,2978.10009765625,2979.60009765625,1699
2025-11-07 08:12:00+00:00,2979.89990234375,2980.0,2978.300048828125,2979.10009765625,1578
2025-11-07 08:13:00+00:00,2978.300048828125,2979.10009765625,2978.199951171875,2979.10009765625,3591
2025-11-07 08:14:00+00:00,2977.300048828125,2978.89990234375,2977.300048828125,2978.0,1539
2025-11-07 08:15:00+00:00,2978.39990234375,2978.800048828125,2977.300048828125,2977.300048828125,1358
2025-11-07 08:16:00+00:00,2978.10009765625,2979.39990234375,2978.10009765625,2978.60009765625,2876
2025-11-07 08:17:00+00:00,2978.300048828125,2978.699951171875,2977.5,2978.5,1855
2025-11-07 08:18:00+00:00,2978.89990234375,2978.89990234375,2977.300048828125,2978.199951171875,1185
2025-11-07 08:19:00+00:00,2978.10009765625,2979.199951171875,2977.300048828125,2979.0,1864
2025-11-07 08:20:00+00:00,2977.39990234375,2978.10009765625,2977.0,2977.89990234375,1369
2025-11-07 08:21:00+00:00,2976.800048828125,2977.199951171875,2976.300048828125,2977.199951171875,2239
2025-11-07 08:22:00+00:00,2976.800048828125,2976.800048828125,2975.10009765625,2976.800048828125,2339
2025-11-07 08:23:00+00:00,2976.800048828125,2977.0,2976.39990234375,2976.39990234375,1482
2025-11-07 08:24:00+00:00,2976.39990234375,2977.300048828125,2976.10009765625,2976.39990234375,1031
2025-11-07 08:25:00+00:00,2975.5,2976.800048828125,2975.0,2976.800048828125,2160
2025-11-07 08:26:00+00:00,2975.89990234375,2976.699951171875,2975.60009765625,2975.60009765625,941
2025-11-07 08:27:00+00:00,2976.0,2976.60009765625,2975.5,2976.39990234375,1829
2025-11-07 08:28:00+00:00,2975.699951171875,2976.60009765625,2975.300048828125,2976.0,1463
2025-11-07 08:29:00+00:00,2975.0,2976.0,2974.0,2975.89990234375,5241
2025-11-07 08:30:00+00:00,2973.0,2975.0,2972.89990234375,2975.0,3605
2025-11-07 08:31:00+00:00,2973.0,2973.800048828125,2972.60009765625,2972.60009765625,3996
2025-11-07 08:32:00+00:00,2974.199951171875,2974.199951171875,2972.699951171875,2972.699951171875,2770
2025-11-07 08:33:00+00:00,2973.60009765625,2974.5,2973.39990234375,2973.89990234375,1210
2025-11-07 08:34:00+00:00,2974.800048828125,2975.0,2973.0,2973.300048828125,28594
2025-11-07 08:35:00+00:00,2971.89990234375,2974.5,2971.60009765625,2973.60009765625,3150
2025-11-07 08:36:00+00:00,2973.5,2973.5,2972.0,2973.0,1457
2025-11-07 08:37:00+00:00,2975.0,2976.0,2974.300048828125,2974.300048828125,24108
2025-11-07 08:38:00+00:00,2974.5,2975.0,2974.10009765625,2974.300048828125,1215
2025-11-07 08:39:00+00:00,2975.39990234375,2975.89990234375,2974.5,2975.0,1497
2025-11-07 08:40:00+00:00,2975.5,2975.800048828125,2974.89990234375,2975.39990234375,997
2025-11-07 08:41:00+00:00,2974.0,2975.60009765625,2974.0,2975.0,2391
2025-11-07 08:42:00+00:00,2974.60009765625,2974.800048828125,2973.0,2974.800048828125,1583
2025-11-07 08:43:00+00:00,2974.300048828125,2974.300048828125,2973.0,2973.699951171875,579
2025-11-07 08:44:00+00:00,2974.800048828125,2974.800048828125,2973.5,2974.39990234375,2011
2025-11-07 08:45:00+00:00,2974.5,2975.0,2973.89990234375,2974.800048828125,1466
2025-11-07 08:46:00+00:00,2974.0,2974.89990234375,2974.0,2974.39990234375,806
2025-11-07 08:47:00+00:00,2974.5,2975.0,2974.10009765625,2974.699951171875,1177
2025-11-07 08:48:00+00:00,2975.0,2975.10009765625,2974.300048828125,2974.300048828125,1744
2025-11-07 08:49:00+00:00,2975.89990234375,2975.89990234375,2974.60009765625,2974.60009765625,1630
2025-11-07 08:50:00+00:00,2976.199951171875,2976.199951171875,2975.0,2975.89990234375,2155
2025-11-07 08:51:00+00:00,2977.5,2978.0,2975.800048828125,2975.800048828125,1886
2025-11-07 08:52:00+00:00,2978.39990234375,2978.39990234375,2977.39990234375,2977.39990234375,3623
2025-11-07 08:53:00+00:00,2979.5,2979.60009765625,2977.10009765625,2978.39990234375,4783
2025-11-07 08:54:00+00:00,2981.199951171875,2981.699951171875,2978.5,2978.60009765625,6204
2025-11-07 08:55:00+00:00,2980.5,2981.89990234375,2980.5,2981.199951171875,1890
2025-11-07 08:56:00+00:00,2980.89990234375,2981.89990234375,2980.10009765625,2981.5,3975
2025-11-07 08:57:00+00:00,2982.199951171875,2983.89990234375,2982.199951171875,2983.89990234375,7860
2025-11-07 08:58:00+00:00,2982.800048828125,2984.0,2982.199951171875,2983.0,3004
2025-11-07 08:59:00+00:00,2983.699951171875,2983.800048828125,2981.89990234375,2982.800048828125,2389
2025-11-07 09:00:00+00:00,2981.699951171875,2985.0,2981.699951171875,2983.89990234375,6378
2025-11-07 09:01:00+00:00,2981.0,2982.89990234375,2981.0,2982.60009765625,1981
2025-11-07 09:02:00+00:00,2981.300048828125,2982.89990234375,2980.300048828125,2980.300048828125,4499
2025-11-07 09:03:00+00:00,2981.0,2982.300048828125,2980.10009765625,2982.300048828125,2803
2025-11-07 09:04:00+00:00,2980.10009765625,2981.89990234375,2980.0,2981.300048828125,2112
2025-11-07 09:05:00+00:00,2981.0,2981.699951171875,2980.5,2981.0,1833
2025-11-07 09:06:00+00:00,2981.5,2981.60009765625,2980.5,2981.39990234375,2132
2025-11-07 09:07:00+00:00,2981.39990234375,2981.5,2981.0,2981.5,2571
2025-11-07 09:08:00+00:00,2981.0,2981.5,2980.89990234375,2981.5,2666
2025-11-07 09:09:00+00:00,2980.60009765625,2981.5,2980.300048828125,2980.800048828125,2347
2025-11-07 09:10:00+00:00,2982.5,2982.5,2980.300048828125,2980.60009765625,4404
2025-11-07 09:11:00+00:00,2983.800048828125,2984.5,2981.699951171875,2982.60009765625,4730
2025-11-07 09:12:00+00:00,2984.199951171875,2984.60009765625,2983.0,2984.199951171875,3064
2025-11-07 09:13:00+00:00,2987.199951171875,2989.199951171875,2984.0,2984.5,38210
2025-11-07 09:14:00+00:00,2987.199951171875,2988.60009765625,2987.0,2987.5,3777
2025-11-07 09:15:00+00:00,2987.5,2987.89990234375,2986.300048828125,2987.199951171875,10496
2025-11-07 09:16:00+00:00,2990.0,2990.800048828125,2987.199951171875,2987.199951171875,36957
2025-11-07 09:17:00+00:00,2990.0,2990.800048828125,2989.39990234375,2990.199951171875,24481
2025-11-07 09:18:00+00:00,2990.0,2990.5,2988.89990234375,2990.5,3382
2025-11-07 09:19:00+00:00,2990.0,2990.39990234375,2990.0,2990.10009765625,6901
2025-11-07 09:20:00+00:00,2990.10009765625,2990.5,2990.0,2990.10009765625,2669
2025-11-07 09:21:00+00:00,2990.39990234375,2990.39990234375,2990.0,2990.10009765625,6865
2025-11-07 09:22:00+00:00,2990.199951171875,2991.39990234375,2990.0,2990.199951171875,2982
2025-11-07 09:23:00+00:00,2990.300048828125,2991.0,2990.0,2990.0,3657
2025-11-07 09:24:00+00:00,2992.39990234375,2992.800048828125,2990.300048828125,2991.0,6409
2025-11-07 09:25:00+00:00,2992.0,2993.0,2992.0,2992.0,3049
2025-11-07 09:26:00+00:00,2992.5,2993.0,2992.0,2992.60009765625,2281
2025-11-07 09:27:00+00:00,2987.89990234375,2991.800048828125,2987.5,2991.800048828125,48913
2025-11-07 09:28:00+00:00,2986.89990234375,2987.89990234375,2986.300048828125,2987.89990234375,16948
2025-11-07 09:29:00+00:00,2989.300048828125,2989.300048828125,2985.5,2986.89990234375,26742
2025-11-07 09:30:00+00:00,2991.800048828125,2992.89990234375,2989.199951171875,2989.199951171875,37102
2025-11-07 09:31:00+00:00,2989.89990234375,2991.800048828125,2989.699951171875,2991.800048828125,3455
2025-11-07 09:32:00+00:00,2989.10009765625,2989.89990234375,2989.10009765625,2989.699951171875,6437
2025-11-07 09:33:00+00:00,2990.5,2990.5,2989.10009765625,2989.60009765625,17039
2025-11-07 09:34:00+00:00,2990.39990234375,2990.800048828125,2990.39990234375,2990.60009765625,8710
2025-11-07 09:35:00+00:00,2990.199951171875,2990.89990234375,2990.10009765625,2990.300048828125,25706
2025-11-07 09:36:00+00:00,2990.0,2990.60009765625,2989.5,2990.60009765625,8738
2025-11-07 09:37:00+00:00,2990.39990234375,2990.699951171875,2989.89990234375,2989.89990234375,4619
2025-11-07 09:38:00+00:00,2990.0,2990.39990234375,2989.89990234375,2990.39990234375,6245
2025-11-07 09:39:00+00:00,2991.10009765625,2991.300048828125,2989.800048828125,2990.0,8309
2025-11-07 09:40:00+00:00,2990.5,2992.0,2990.5,2992.0,8810
2025-11-07 09:41:00+00:00,2991.39990234375,2991.39990234375,2990.199951171875,2990.800048828125,6227
2025-11-07 09:42:00+00:00,2990.800048828125,2991.89990234375,2990.5,2991.89990234375,5848
2025-11-07 09:43:00+00:00,2990.5,2991.300048828125,2990.5,2991.10009765625,4436
2025-11-07 09:44:00+00:00,2991.0,2991.89990234375,2990.699951171875,2990.800048828125,9495
2025-11-07 09:45:00+00:00,2992.39990234375,2992.39990234375,2990.5,2991.0,9148
2025-11-07 09:46:00+00:00,2993.89990234375,2993.89990234375,2992.39990234375,2992.39990234375,9223
2025-11-07 09:47:00+00:00,2993.699951171875,2994.89990234375,2993.699951171875,2994.699951171875,14469
2025-11-07 09:48:00+00:00,2992.89990234375,2993.60009765625,2992.800048828125,2993.300048828125,8217
2025-11-07 09:49:00+00:00,2992.800048828125,2993.199951171875,2992.800048828125,2992.89990234375,8016
2025-11-07 09:50:00+00:00,2993.0,2993.39990234375,2992.5,2992.89990234375,8233
2025-11-07 09:51:00+00:00,2993.800048828125,2994.300048828125,2993.39990234375,2993.39990234375,11589
2025-11-07 09:52:00+00:00,2992.800048828125,2994.199951171875,2992.10009765625,2993.800048828125,11625
2025-11-07 09:53:00+00:00,2992.199951171875,2993.300048828125,2992.10009765625,2992.89990234375,5425
2025-11-07 09:54:00+00:00,2993.199951171875,2993.300048828125,2992.199951171875,2992.199951171875,6456
2025-11-07 09:55:00+00:00,2993.0,2993.699951171875,2993.0,2993.39990234375,8857
2025-11-07 09:56:00+00:00,2993.199951171875,2993.300048828125,2991.39990234375,2993.10009765625,15702
2025-11-07 09:57:00+00:00,2992.800048828125,2993.39990234375,2992.0,2993.39990234375,10704
2025-11-07 09:58:00+00:00,2993.39990234375,2993.5,2990.699951171875,2992.60009765625,9948
2025-11-07 09:59:00+00:00,2993.5,2993.5,2991.0,2993.39990234375,7075
2025-11-10 03:45:00+00:00,3000.5,3001.699951171875,2993.10009765625,2993.10009765625,0
2025-11-10 03:46:00+00:00,3004.10009765625,3005.0,2998.5,2999.10009765625,8506
2025-11-10 03:47:00+00:00,2999.10009765625,3005.0,2998.0,3005.0,6344
2025-11-10 03:48:00+00:00,3002.89990234375,3003.0,2998.199951171875,2999.10009765625,3798
2025-11-10 03:49:00+00:00,3002.300048828125,3003.199951171875,3002.300048828125,3003.199951171875,4753
2025-11-10 03:50:00+00:00,3011.199951171875,3012.0,3003.10009765625,3003.10009765625,13688
2025-11-10 03:51:00+00:00,3005.199951171875,3011.199951171875,3005.0,3011.199951171875,11254
2025-11-10 03:52:00+00:00,3002.60009765625,3005.199951171875,3002.10009765625,3005.199951171875,4499
2025-11-10 03:53:00+00:00,3001.0,3003.5,3000.699951171875,3001.60009765625,7616
2025-11-10 03:54:00+00:00,3002.300048828125,3003.5,2999.0,3001.0,5804
2025-11-10 03:55:00+00:00,3005.60009765625,3005.60009765625,3001.39990234375,3002.300048828125,3228
2025-11-10 03:56:00+00:00,3004.39990234375,3005.699951171875,3003.0,3005.0,3566
2025-11-10 03:57:00+00:00,3005.199951171875,3007.699951171875,3004.0,3004.39990234375,11897
2025-11-10 03:58:00+00:00,3004.699951171875,3005.199951171875,3004.300048828125,3005.199951171875,1077
2025-11-10 03:59:00+00:00,3003.89990234375,3003.89990234375,3003.0,3003.89990234375,3254
2025-11-10 04:00:00+00:00,3001.699951171875,3004.800048828125,3001.699951171875,3003.199951171875,7207
2025-11-10 04:01:00+00:00,3002.0,3002.0,3000.10009765625,3000.10009765625,417
2025-11-10 04:02:00+00:00,3002.0,3003.89990234375,3001.800048828125,3003.89990234375,2081
2025-11-10 04:03:00+00:00,3002.5,3002.5,3001.10009765625,3002.0,818
2025-11-10 04:04:00+00:00,3001.199951171875,3002.0,3001.199951171875,3002.0,2606
2025-11-10 04:05:00+00:00,3001.0,3001.39990234375,3000.5,3001.199951171875,3659
2025-11-10 04:06:00+00:00,3001.699951171875,3001.699951171875,3001.0,3001.300048828125,2289
2025-11-10 04:07:00+00:00,3001.89990234375,3002.0,3000.60009765625,3001.0,2666
2025-11-10 04:08:00+00:00,2999.699951171875,3000.199951171875,2999.699951171875,3000.0,4418
2025-11-10 04:09:00+00:00,2997.0,2999.0,2997.0,2999.0,3710
2025-11-10 04:10:00+00:00,2995.0,2997.199951171875,2995.0,2997.199951171875,3845
2025-11-10 04:11:00+00:00,2996.5,2997.199951171875,2994.89990234375,2995.0,3335
2025-11-10 04:12:00+00:00,2996.10009765625,2998.800048828125,2996.10009765625,2996.5,2920
2025-11-10 04:13:00+00:00,2993.60009765625,2995.699951171875,2992.5,2995.699951171875,4506
2025-11-10 04:14:00+00:00,2994.800048828125,2995.0,2992.0,2992.5,2437
2025-11-10 04:15:00+00:00,2995.89990234375,2995.89990234375,2994.800048828125,2995.0,1685
2025-11-10 04:16:00+00:00,2998.699951171875,2998.699951171875,2995.5,2995.89990234375,3339
2025-11-10 04:17:00+00:00,2998.699951171875,2998.699951171875,2997.89990234375,2998.0,2300
2025-11-10 04:18:00+00:00,3000.0,3000.0,2998.199951171875,2998.199951171875,4780
2025-11-10 04:19:00+00:00,2998.60009765625,3000.800048828125,2998.10009765625,3000.0,1847
2025-11-10 04:20:00+00:00,3000.89990234375,3002.60009765625,2999.300048828125,2999.300048828125,3555
2025-11-10 04:21:00+00:00,3004.199951171875,3005.60009765625,3000.10009765625,3001.10009765625,13416
2025-11-10 04:22:00+00:00,3004.800048828125,3006.199951171875,3003.89990234375,3003.89990234375,5492
2025-11-10 04:23:00+00:00,3002.60009765625,3005.60009765625,3002.60009765625,3004.800048828125,5312
2025-11-10 04:24:00+00:00,3003.0,3004.699951171875,3002.199951171875,3002.199951171875,1777
2025-11-10 04:25:00+00:00,3001.5,3002.699951171875,3001.5,3002.699951171875,991
2025-11-10 04:26:00+00:00,3001.0,3002.0,3000.39990234375,3002.0,856
2025-11-10 04:27:00+00:00,3004.5,3004.5,3000.89990234375,3000.89990234375,183052
2025-11-10 04:28:00+00:00,3003.89990234375,3005.0,3002.39990234375,3005.0,3360
2025-11-10 04:29:00+00:00,3007.300048828125,3007.300048828125,3002.10009765625,3003.89990234375,4535
2025-11-10 04:30:00+00:00,3007.800048828125,3009.699951171875,3007.0,3007.0,4948
2025-11-10 04:31:00+00:00,3009.699951171875,3010.0,3008.699951171875,3008.699951171875,5052
2025-11-10 04:32:00+00:00,3009.800048828125,3011.0,3009.39990234375,3009.699951171875,6898
2025-11-10 04:33:00+00:00,3010.89990234375,3011.0,3009.5,3009.89990234375,3244
2025-11-10 04:34:00+00:00,3010.60009765625,3011.5,3010.10009765625,3010.89990234375,2230
2025-11-10 04:35:00+00:00,3012.300048828125,3014.60009765625,3011.0,3011.0,7122
2025-11-10 04:36:00+00:00,3015.300048828125,3016.800048828125,3012.39990234375,3012.39990234375,9378
2025-11-10 04:37:00+00:00,3015.5,3015.5,3015.0,3015.0,3031
2025-11-10 04:38:00+00:00,3015.5,3015.800048828125,3014.39990234375,3015.5,3711
2025-11-10 04:39:00+00:00,3016.699951171875,3016.699951171875,3015.0,3015.0,3414
2025-11-10 04:40:00+00:00,3015.0,3016.300048828125,3014.800048828125,3016.300048828125,2450
2025-11-10 04:41:00+00:00,3019.5,3019.5,3015.0,3015.0,6733
2025-11-10 04:42:00+00:00,3017.300048828125,3019.5,3017.199951171875,3018.89990234375,2964
2025-11-10 04:43:00+00:00,3019.699951171875,3019.699951171875,3016.199951171875,3017.300048828125,2604
2025-11-10 04:44:00+00:00,3019.699951171875,3019.699951171875,3018.0,3019.0,2439
2025-11-10 04:45:00+00:00,3019.89990234375,3020.300048828125,3019.199951171875,3019.199951171875,13599
2025-11-10 04:46:00+00:00,3024.0,3024.699951171875,3018.300048828125,3019.60009765625,10039
2025-11-10 04:47:00+00:00,3025.199951171875,3025.5,3021.60009765625,3024.0,12731
2025-11-10 04:48:00+00:00,3028.300048828125,3029.39990234375,3025.199951171875,3025.199951171875,9292
2025-11-10 04:49:00+00:00,3029.0,3031.89990234375,3026.89990234375,3029.0,11498
2025-11-10 04:50:00+00:00,3028.0,3030.0,3027.0,3028.10009765625,4274
2025-11-10 04:51:00+00:00,3031.0,3032.89990234375,3027.0,3028.0,13292
2025-11-10 04:52:00+00:00,3030.5,3031.699951171875,3029.10009765625,3031.5,4158
2025-11-10 04:53:00+00:00,3028.10009765625,3030.5,3026.5,3029.800048828125,6992
2025-11-10 04:54:00+00:00,3030.0,3030.0,3025.39990234375,3027.199951171875,7840
2025-11-10 04:55:00+00:00,3029.800048828125,3029.89990234375,3028.0,3028.699951171875,2557
2025-11-10 04:56:00+00:00,3031.39990234375,3032.5,3030.10009765625,3030.10009765625,9451
2025-11-10 04:57:00+00:00,3033.0,3034.199951171875,3030.199951171875,3032.0,13510
2025-11-10 04:58:00+00:00,3040.0,3041.300048828125,3033.0,3033.39990234375,21488
2025-11-10 04:59:00+00:00,3038.5,3040.300048828125,3037.199951171875,3039.0,6295
2025-11-10 05:00:00+00:00,3041.5,3044.0,3038.5,3039.39990234375,21119
2025-11-10 05:01:00+00:00,3040.0,3042.800048828125,3039.10009765625,3042.60009765625,3028
2025-11-10 05:02:00+00:00,3038.60009765625,3041.699951171875,3038.199951171875,3039.699951171875,3231
2025-11-10 05:03:00+00:00,3040.39990234375,3040.89990234375,3038.89990234375,3038.89990234375,2393
2025-11-10 05:04:00+00:00,3039.39990234375,3041.89990234375,3039.39990234375,3041.0,3122
2025-11-10 05:05:00+00:00,3040.39990234375,3041.10009765625,3039.10009765625,3039.39990234375,4253
2025-11-10 05:06:00+00:00,3038.699951171875,3040.89990234375,3038.199951171875,3038.60009765625,4671
2025-11-10 05:07:00+00:00,3033.89990234375,3039.300048828125,3033.0,3038.300048828125,9323
2025-11-10 05:08:00+00:00,3035.199951171875,3036.300048828125,3033.39990234375,3035.699951171875,4863
2025-11-10 05:09:00+00:00,3035.300048828125,3036.89990234375,3034.60009765625,3035.60009765625,1447
2025-11-10 05:10:00+00:00,3037.0,3037.0,3035.10009765625,3035.60009765625,2379
2025-11-10 05:11:00+00:00,3035.10009765625,3036.89990234375,3035.10009765625,3036.199951171875,1760
2025-11-10 05:12:00+00:00,3036.5,3036.800048828125,3036.0,3036.0,2746
2025-11-10 05:13:00+00:00,3036.39990234375,3037.199951171875,3036.10009765625,3037.10009765625,1958
2025-11-10 05:14:00+00:00,3036.800048828125,3036.800048828125,3035.60009765625,3036.199951171875,2195
2025-11-10 05:15:00+00:00,3035.39990234375,3036.89990234375,3035.39990234375,3036.39990234375,1308
2025-11-10 05:16:00+00:00,3032.800048828125,3036.0,3032.800048828125,3035.5,1180
2025-11-10 05:17:00+00:00,3034.199951171875,3034.800048828125,3032.300048828125,3033.60009765625,3480
2025-11-10 05:18:00+00:00,3033.89990234375,3035.0,3033.10009765625,3034.199951171875,1489
2025-11-10 05:19:00+00:00,3034.10009765625,3034.39990234375,3033.800048828125,3033.800048828125,1175
2025-11-10 05:20:00+00:00,3035.89990234375,3036.0,3034.0,3034.0,4309
2025-11-10 05:21:00+00:00,3034.89990234375,3036.199951171875,3034.89990234375,3035.800048828125,1358
2025-11-10 05:22:00+00:00,3036.10009765625,3037.39990234375,3033.800048828125,3034.89990234375,2337
2025-11-10 05:23:00+00:00,3039.10009765625,3039.199951171875,3036.10009765625,3036.10009765625,2996
2025-11-10 05:24:00+00:00,3040.0,3040.0,3038.5,3039.199951171875,3973
2025-11-10 05:25:00+00:00,3038.0,3039.60009765625,3037.60009765625,3039.0,2542
2025-11-10 05:26:00+00:00,3037.89990234375,3038.5,3036.699951171875,3038.0,1271
2025-11-10 05:27:00+00:00,3037.699951171875,3038.5,3036.89990234375,3038.0,2133
2025-11-10 05:28:00+00:00,3037.0,3039.0,3037.0,3037.89990234375,1809
2025-11-10 05:29:00+00:00,3038.0,3038.0,3037.10009765625,3038.0,805
2025-11-10 05:30:00+00:00,3040.800048828125,3041.39990234375,3038.0,3038.0,11926
2025-11-10 05:31:00+00:00,3040.800048828125,3041.0,3038.800048828125,3040.800048828125,1546
2025-11-10 05:32:00+00:00,3041.5,3041.5,3040.199951171875,3040.800048828125,2896
2025-11-10 05:33:00+00:00,3042.0,3042.0,3041.5,3041.5,1729
2025-11-10 05:34:00+00:00,3040.10009765625,3041.800048828125,3040.0,3041.800048828125,1670
2025-11-10 05:35:00+00:00,3042.39990234375,3043.89990234375,3040.199951171875,3041.0,8326
2025-11-10 05:36:00+00:00,3042.39990234375,3043.699951171875,3041.0,3042.5,3355
2025-11-10 05:37:00+00:00,3044.199951171875,3045.0,3042.10009765625,3042.800048828125,9212
2025-11-10 05:38:00+00:00,3045.300048828125,3045.60009765625,3045.0,3045.0,5877
2025-11-10 05:39:00+00:00,3044.89990234375,3045.60009765625,3044.0,3045.300048828125,2678
2025-11-10 05:40:00+00:00,3045.60009765625,3045.60009765625,3044.199951171875,3044.89990234375,2390
2025-11-10 05:41:00+00:00,3046.0,3047.199951171875,3045.39990234375,3045.5,7157
2025-11-10 05:42:00+00:00,3047.0,3047.89990234375,3045.60009765625,3045.60009765625,2882
2025-11-10 05:43:00+00:00,3046.60009765625,3047.60009765625,3046.0,3047.60009765625,3993
2025-11-10 05:44:00+00:00,3045.0,3047.0,3044.0,3046.0,5945
2025-11-10 05:45:00+00:00,3042.0,3045.0,3042.0,3044.300048828125,3484
2025-11-10 05:46:00+00:00,3043.89990234375,3044.0,3041.699951171875,3042.10009765625,1698
2025-11-10 05:47:00+00:00,3042.699951171875,3043.699951171875,3042.0,3043.60009765625,2288
2025-11-10 05:48:00+00:00,3043.199951171875,3043.89990234375,3042.800048828125,3042.89990234375,600
2025-11-10 05:49:00+00:00,3043.60009765625,3044.0,3042.800048828125,3043.10009765625,2129
2025-11-10 05:50:00+00:00,3044.800048828125,3045.0,3043.699951171875,3043.699951171875,2203
2025-11-10 05:51:00+00:00,3043.0,3045.0,3043.0,3044.800048828125,2805
2025-11-10 05:52:00+00:00,3041.10009765625,3042.5,3041.10009765625,3042.39990234375,1676
2025-11-10 05:53:00+00:00,3042.300048828125,3042.300048828125,3041.10009765625,3041.10009765625,2160
2025-11-10 05:54:00+00:00,3044.5,3044.89990234375,3042.300048828125,3042.300048828125,6479
2025-11-10 05:55:00+00:00,3041.0,3044.5,3041.0,3043.699951171875,3343
2025-11-10 05:56:00+00:00,3040.800048828125,3041.800048828125,3039.699951171875,3041.60009765625,6145
2025-11-10 05:57:00+00:00,3041.89990234375,3042.0,3040.0,3040.0,1551
2025-11-10 05:58:00+00:00,3040.60009765625,3042.0,3040.0,3042.0,2304
2025-11-10 05:59:00+00:00,3041.0,3041.800048828125,3039.300048828125,3041.300048828125,3369
2025-11-10 06:00:00+00:00,3041.10009765625,3041.300048828125,3039.800048828125,3041.0,1264
2025-11-10 06:01:00+00:00,3039.39990234375,3041.10009765625,3039.39990234375,3041.10009765625,1153
2025-11-10 06:02:00+00:00,3039.800048828125,3041.0,3039.300048828125,3039.300048828125,2875
2025-11-10 06:03:00+00:00,3040.699951171875,3040.800048828125,3039.800048828125,3039.800048828125,1900
2025-11-10 06:04:00+00:00,3039.60009765625,3040.10009765625,3039.39990234375,3040.0,1689
2025-11-10 06:05:00+00:00,3039.60009765625,3040.0,3039.39990234375,3040.0,1158
2025-11-10 06:06:00+00:00,3040.699951171875,3040.800048828125,3039.60009765625,3039.89990234375,1216
2025-11-10 06:07:00+00:00,3039.300048828125,3040.39990234375,3039.0,3040.39990234375,1333
2025-11-10 06:08:00+00:00,3039.699951171875,3039.699951171875,3038.60009765625,3039.199951171875,5554
2025-11-10 06:09:00+00:00,3039.39990234375,3040.0,3039.199951171875,3039.699951171875,390
2025-11-10 06:10:00+00:00,3039.5,3039.5,3039.39990234375,3039.5,357
2025-11-10 06:11:00+00:00,3038.699951171875,3039.89990234375,3038.60009765625,3039.5,1112
2025-11-10 06:12:00+00:00,3038.699951171875,3039.10009765625,3038.199951171875,3039.10009765625,1845
2025-11-10 06:13:00+00:00,3036.0,3038.60009765625,3036.0,3038.5,3894
2025-11-10 06:14:00+00:00,3035.199951171875,3036.0,3035.10009765625,3036.0,1909
2025-11-10 06:15:00+00:00,3038.5,3038.89990234375,3036.0,3036.0,1639
2025-11-10 06:16:00+00:00,3039.199951171875,3039.5,3038.300048828125,3038.300048828125,864
2025-11-10 06:17:00+00:00,3038.0,3039.39990234375,3038.0,3039.0,1198
2025-11-10 06:18:00+00:00,3037.0,3037.800048828125,3036.60009765625,3037.300048828125,4920
2025-11-10 06:19:00+00:00,3037.89990234375,3037.89990234375,3037.0,3037.0,685
2025-11-10 06:20:00+00:00,3037.0,3038.0,3037.0,3037.60009765625,892
2025-11-10 06:21:00+00:00,3036.199951171875,3037.800048828125,3036.10009765625,3037.0,2895
2025-11-10 06:22:00+00:00,3037.699951171875,3037.89990234375,3037.0,3037.0,553
2025-11-10 06:23:00+00:00,3036.0,3037.699951171875,3035.10009765625,3037.300048828125,2514
2025-11-10 06:24:00+00:00,3035.89990234375,3036.5,3035.699951171875,3036.0,712
2025-11-10 06:25:00+00:00,3037.5,3037.5,3035.5,3035.5,1153
2025-11-10 06:26:00+00:00,3035.800048828125,3036.800048828125,3035.10009765625,3036.800048828125,1233
2025-11-10 06:27:00+00:00,3035.300048828125,3036.0,3034.699951171875,3035.699951171875,858
2025-11-10 06:28:00+00:00,3035.0,3035.199951171875,3034.60009765625,3034.60009765625,1585
2025-11-10 06:29:00+00:00,3034.0,3035.0,3034.0,3034.89990234375,2042
2025-11-10 06:30:00+00:00,3036.0,3036.89990234375,3034.39990234375,3035.0,427
2025-11-10 06:31:00+00:00,3035.800048828125,3038.5,3035.800048828125,3036.89990234375,2947
2025-11-10 06:32:00+00:00,3035.0,3036.5,3035.0,3036.199951171875,1520
2025-11-10 06:33:00+00:00,3036.89990234375,3036.89990234375,3035.0,3035.800048828125,670
2025-11-10 06:34:00+00:00,3035.699951171875,3037.0,3035.10009765625,3036.800048828125,1144
2025-11-10 06:35:00+00:00,3035.0,3035.89990234375,3033.800048828125,3035.89990234375,1092
2025-11-10 06:36:00+00:00,3034.5,3034.5,3033.199951171875,3033.89990234375,702
2025-11-10 06:37:00+00:00,3033.0,3034.60009765625,3033.0,3034.60009765625,2978
2025-11-10 06:38:00+00:00,3032.0,3033.39990234375,3031.5,3033.0,2369
2025-11-10 06:39:00+00:00,3031.39990234375,3032.199951171875,3031.0,3032.0,1093
2025-11-10 06:40:00+00:00,3032.199951171875,3032.800048828125,3031.5,3031.5,2048
2025-11-10 06:41:00+00:00,3031.199951171875,3032.39990234375,3031.199951171875,3032.10009765625,794
2025-11-10 06:42:00+00:00,3032.0,3032.5,3031.39990234375,3032.10009765625,341
2025-11-10 06:43:00+00:00,3032.800048828125,3032.800048828125,3031.699951171875,3032.0,687
2025-11-10 06:44:00+00:00,3029.5,3032.0,3029.39990234375,3032.0,5420
2025-11-10 06:45:00+00:00,3030.199951171875,3030.800048828125,3029.60009765625,3030.0,1084
2025-11-10 06:46:00+00:00,3030.10009765625,3030.89990234375,3030.0,3030.199951171875,805
2025-11-10 06:47:00+00:00,3029.60009765625,3030.199951171875,3029.60009765625,3030.199951171875,3431
2025-11-10 06:48:00+00:00,3029.0,3030.0,3028.0,3030.0,10283
2025-11-10 06:49:00+00:00,3029.199951171875,3029.199951171875,3028.39990234375,3029.199951171875,680
2025-11-10 06:50:00+00:00,3029.199951171875,3030.0,3029.0,3029.0,923
2025-11-10 06:51:00+00:00,3030.0,3030.0,3029.199951171875,3029.199951171875,2495
2025-11-10 06:52:00+00:00,3029.5,3030.0,3029.5,3030.0,3348
2025-11-10 06:53:00+00:00,3029.0,3029.5,3028.300048828125,3029.5,1094
2025-11-10 06:54:00+00:00,3029.39990234375,3029.39990234375,3028.199951171875,3028.199951171875,552
2025-11-10 06:55:00+00:00,3030.0,3030.0,3029.0,3029.0,1323
2025-11-10 06:56:00+00:00,3030.0,3030.0,3029.39990234375,3029.39990234375,412
2025-11-10 06:57:00+00:00,3030.0,3030.0,3029.800048828125,3029.89990234375,1114
2025-11-10 06:58:00+00:00,3028.800048828125,3030.0,3028.800048828125,3029.800048828125,3655
2025-11-10 06:59:00+00:00,3028.10009765625,3028.699951171875,3027.699951171875,3028.699951171875,318
2025-11-10 07:00:00+00:00,3028.5,3030.0,3028.5,3028.800048828125,766
2025-11-10 07:01:00+00:00,3028.0,3028.800048828125,3027.699951171875,3028.800048828125,625
2025-11-10 07:02:00+00:00,3028.199951171875,3028.89990234375,3027.60009765625,3028.0,587
2025-11-10 07:03:00+00:00,3028.0,3029.10009765625,3028.0,3028.0,379
2025-11-10 07:04:00+00:00,3028.10009765625,3029.300048828125,3028.10009765625,3029.199951171875,727
2025-11-10 07:05:00+00:00,3028.5,3028.5,3027.89990234375,3028.5,1034
2025-11-10 07:06:00+00:00,3028.0,3028.5,3027.60009765625,3028.0,1015
2025-11-10 07:07:00+00:00,3027.89990234375,3028.0,3027.0,3028.0,1777
2025-11-10 07:08:00+00:00,3027.699951171875,3028.199951171875,3027.60009765625,3027.60009765625,740
2025-11-10 07:09:00+00:00,3028.0,3028.0,3027.699951171875,3027.699951171875,751
2025-11-10 07:10:00+00:00,3028.0,3028.199951171875,3027.39990234375,3027.800048828125,1507
2025-11-10 07:11:00+00:00,3028.199951171875,3028.60009765625,3027.60009765625,3027.60009765625,663
2025-11-10 07:12:00+00:00,3028.0,3028.199951171875,3027.5,3028.199951171875,706
2025-11-10 07:13:00+00:00,3028.0,3028.0,3027.699951171875,3027.800048828125,641
2025-11-10 07:14:00+00:00,3028.5,3028.5,3027.89990234375,3028.0,777
2025-11-10 07:15:00+00:00,3028.0,3028.199951171875,3027.5,3028.10009765625,625
2025-11-10 07:16:00+00:00,3027.800048828125,3028.10009765625,3027.699951171875,3028.0,1636
2025-11-10 07:17:00+00:00,3027.5,3028.10009765625,3027.5,3027.89990234375,421
2025-11-10 07:18:00+00:00,3028.0,3028.39990234375,3027.300048828125,3027.89990234375,790
2025-11-10 07:19:00+00:00,3028.199951171875,3028.800048828125,3028.0,3028.0,813
2025-11-10 07:20:00+00:00,3028.0,3028.10009765625,3027.300048828125,3028.0,1660
2025-11-10 07:21:00+00:00,3028.0,3028.60009765625,3027.300048828125,3027.300048828125,3690
2025-11-10 07:22:00+00:00,3028.0,3029.0,3027.699951171875,3028.5,1930
2025-11-10 07:23:00+00:00,3028.0,3029.0,3027.0,3028.0,2472
2025-11-10 07:24:00+00:00,3028.0,3029.0,3027.0,3028.0,4011
2025-11-10 07:25:00+00:00,3028.0,3028.89990234375,3027.800048828125,3028.0,2226
2025-11-10 07:26:00+00:00,3028.800048828125,3029.89990234375,3028.10009765625,3028.10009765625,4922
2025-11-10 07:27:00+00:00,3031.199951171875,3031.60009765625,3028.60009765625,3028.60009765625,3347
2025-11-10 07:28:00+00:00,3032.10009765625,3032.10009765625,3030.0,3030.300048828125,3962
2025-11-10 07:29:00+00:00,3029.300048828125,3032.5,3029.199951171875,3031.5,10252
2025-11-10 07:30:00+00:00,3030.199951171875,3031.0,3029.199951171875,3029.199951171875,944
2025-11-10 07:31:00+00:00,3030.39990234375,3031.0,3030.199951171875,3030.199951171875,750
2025-11-10 07:32:00+00:00,3030.300048828125,3030.89990234375,3030.10009765625,3030.10009765625,1254
2025-11-10 07:33:00+00:00,3029.199951171875,3030.800048828125,3029.199951171875,3030.199951171875,1281
2025-11-10 07:34:00+00:00,3028.39990234375,3029.89990234375,3028.199951171875,3029.300048828125,1882
2025-11-10 07:35:00+00:00,3028.0,3028.60009765625,3028.0,3028.39990234375,2879
2025-11-10 07:36:00+00:00,3027.699951171875,3028.0,3027.39990234375,3027.89990234375,749
2025-11-10 07:37:00+00:00,3027.60009765625,3028.10009765625,3027.0,3028.0,964
2025-11-10 07:38:00+00:00,3027.0,3028.0,3027.0,3028.0,865
2025-11-10 07:39:00+00:00,3026.199951171875,3026.5,3025.699951171875,3025.800048828125,3290
2025-11-10 07:40:00+00:00,3025.699951171875,3026.199951171875,3025.0,3025.800048828125,2601
2025-11-10 07:41:00+00:00,3026.0,3026.0,3025.60009765625,3025.699951171875,1042
2025-11-10 07:42:00+00:00,3028.0,3028.0,3027.800048828125,3027.800048828125,2888
2025-11-10 07:43:00+00:00,3027.0,3028.0,3027.0,3028.0,926
2025-11-10 07:44:00+00:00,3026.89990234375,3027.699951171875,3026.0,3027.699951171875,940
2025-11-10 07:45:00+00:00,3027.199951171875,3028.800048828125,3026.699951171875,3026.89990234375,942
2025-11-10 07:46:00+00:00,3027.10009765625,3028.0,3025.89990234375,3027.60009765625,448
2025-11-10 07:47:00+00:00,3027.89990234375,3028.0,3027.800048828125,3027.89990234375,807
2025-11-10 07:48:00+00:00,3027.60009765625,3028.0,3027.39990234375,3027.800048828125,193
2025-11-10 07:49:00+00:00,3028.0,3028.0,3027.5,3027.5,12512
2025-11-10 07:50:00+00:00,3027.800048828125,3028.300048828125,3027.60009765625,3027.699951171875,406
2025-11-10 07:51:00+00:00,3027.800048828125,3028.0,3027.300048828125,3027.800048828125,634
2025-11-10 07:52:00+00:00,3028.0,3028.0,3026.60009765625,3027.800048828125,867
2025-11-10 07:53:00+00:00,3028.0,3029.300048828125,3027.800048828125,3028.0,19777
2025-11-10 07:54:00+00:00,3028.0,3028.0,3027.5,3027.5,484
2025-11-10 07:55:00+00:00,3028.0,3028.0,3027.800048828125,3028.0,618
2025-11-10 07:56:00+00:00,3029.800048828125,3030.0,3028.0,3028.0,8845
2025-11-10 07:57:00+00:00,3030.800048828125,3030.800048828125,3029.10009765625,3029.39990234375,1641
2025-11-10 07:58:00+00:00,3029.699951171875,3030.60009765625,3029.699951171875,3030.0,1362
2025-11-10 07:59:00+00:00,3030.0,3030.0,3029.89990234375,3030.0,963
2025-11-10 08:00:00+00:00,3030.0,3030.199951171875,3029.89990234375,3030.0,717
2025-11-10 08:01:00+00:00,3030.39990234375,3030.60009765625,3029.89990234375,3030.0,556
2025-11-10 08:02:00+00:00,3030.60009765625,3031.0,3030.10009765625,3031.0,801
2025-11-10 08:03:00+00:00,3030.0,3031.0,3030.0,3030.89990234375,1214
2025-11-10 08:04:00+00:00,3029.89990234375,3030.39990234375,3029.800048828125,3030.0,793
2025-11-10 08:05:00+00:00,3030.0,3030.0,3029.5,3030.0,417
2025-11-10 08:06:00+00:00,3030.0,3030.300048828125,3029.89990234375,3030.0,818
2025-11-10 08:07:00+00:00,3029.800048828125,3030.0,3029.800048828125,3030.0,2191
2025-11-10 08:08:00+00:00,3029.39990234375,3030.0,3029.39990234375,3029.800048828125,395
2025-11-10 08:09:00+00:00,3030.0,3030.0,3029.39990234375,3029.39990234375,658
2025-11-10 08:10:00+00:00,3030.0,3030.0,3029.89990234375,3029.89990234375,1401
2025-11-10 08:11:00+00:00,3029.60009765625,3030.0,3029.0,3030.0,852
2025-11-10 08:12:00+00:00,3030.0,3031.0,3029.5,3030.89990234375,2201
2025-11-10 08:13:00+00:00,3030.0,3031.0,3029.5,3030.0,844
2025-11-10 08:14:00+00:00,3026.0,3030.199951171875,3026.0,3030.199951171875,2287
2025-11-10 08:15:00+00:00,3025.699951171875,3027.89990234375,3025.699951171875,3026.699951171875,4284
2025-11-10 08:16:00+00:00,3025.800048828125,3027.39990234375,3025.60009765625,3025.699951171875,8177
2025-11-10 08:17:00+00:00,3023.39990234375,3025.89990234375,3023.199951171875,3025.89990234375,9383
2025-11-10 08:18:00+00:00,3025.89990234375,3025.89990234375,3023.39990234375,3024.300048828125,9920
2025-11-10 08:19:00+00:00,3026.60009765625,3027.0,3025.39990234375,3025.89990234375,1500
2025-11-10 08:20:00+00:00,3027.699951171875,3027.699951171875,3026.300048828125,3027.0,2073
2025-11-10 08:21:00+00:00,3027.89990234375,3028.0,3027.300048828125,3027.60009765625,296
2025-11-10 08:22:00+00:00,3027.60009765625,3027.89990234375,3027.199951171875,3027.89990234375,758
2025-11-10 08:23:00+00:00,3027.89990234375,3027.89990234375,3026.5,3027.60009765625,286
2025-11-10 08:24:00+00:00,3027.800048828125,3027.89990234375,3026.800048828125,3027.89990234375,962
2025-11-10 08:25:00+00:00,3025.800048828125,3027.5,3025.10009765625,3026.300048828125,1902
2025-11-10 08:26:00+00:00,3026.800048828125,3026.89990234375,3025.10009765625,3025.800048828125,2306
2025-11-10 08:27:00+00:00,3026.0,3027.0,3025.699951171875,3026.800048828125,1302
2025-11-10 08:28:00+00:00,3026.10009765625,3027.0,3026.0,3026.0,2672
2025-11-10 08:29:00+00:00,3026.0,3027.0,3026.0,3026.0,673
2025-11-10 08:30:00+00:00,3026.39990234375,3026.800048828125,3025.5,3026.39990234375,434
2025-11-10 08:31:00+00:00,3027.0,3027.0,3025.60009765625,3026.89990234375,998
2025-11-10 08:32:00+00:00,3027.0,3027.0,3026.699951171875,3027.0,953
2025-11-10 08:33:00+00:00,3028.0,3028.800048828125,3027.0,3027.0,5145
2025-11-10 08:34:00+00:00,3028.0,3028.300048828125,3027.60009765625,3027.699951171875,7384
2025-11-10 08:35:00+00:00,3029.0,3029.0,3027.60009765625,3027.89990234375,6301
2025-11-10 08:36:00+00:00,3028.39990234375,3029.0,3028.39990234375,3029.0,5259
2025-11-10 08:37:00+00:00,3027.89990234375,3028.60009765625,3027.199951171875,3028.39990234375,1174
2025-11-10 08:38:00+00:00,3028.5,3028.5,3027.199951171875,3027.89990234375,943
2025-11-10 08:39:00+00:00,3028.800048828125,3029.0,3028.699951171875,3028.699951171875,971
2025-11-10 08:40:00+00:00,3030.0,3030.0,3029.0,3029.0,6576
2025-11-10 08:41:00+00:00,3029.39990234375,3030.0,3029.39990234375,3030.0,1473
2025-11-10 08:42:00+00:00,3028.0,3029.10009765625,3027.60009765625,3029.10009765625,868
2025-11-10 08:43:00+00:00,3028.10009765625,3028.5,3027.0,3027.0,1134
2025-11-10 08:44:00+00:00,3028.300048828125,3029.0,3028.0,3028.0,1010
2025-11-10 08:45:00+00:00,3028.0,3029.300048828125,3027.89990234375,3028.5,1423
2025-11-10 08:46:00+00:00,3027.89990234375,3029.10009765625,3027.0,3029.0,948
2025-11-10 08:47:00+00:00,3027.800048828125,3028.199951171875,3027.0,3028.0,1085
2025-11-10 08:48:00+00:00,3028.0,3028.39990234375,3028.0,3028.0,900
2025-11-10 08:49:00+00:00,3027.0,3028.0,3027.0,3027.800048828125,1992
2025-11-10 08:50:00+00:00,3026.89990234375,3028.0,3026.89990234375,3028.0,466
2025-11-10 08:51:00+00:00,3027.5,3027.699951171875,3026.39990234375,3027.60009765625,694
2025-11-10 08:52:00+00:00,3028.5,3028.5,3026.39990234375,3026.800048828125,3369
2025-11-10 08:53:00+00:00,3029.699951171875,3029.699951171875,3027.39990234375,3028.39990234375,7387
2025-11-10 08:54:00+00:00,3029.60009765625,3030.199951171875,3028.39990234375,3029.699951171875,8062
2025-11-10 08:55:00+00:00,3029.199951171875,3031.0,3028.0,3029.60009765625,6269
2025-11-10 08:56:00+00:00,3030.89990234375,3031.0,3028.199951171875,3028.5,1254
2025-11-10 08:57:00+00:00,3030.89990234375,3031.0,3029.89990234375,3029.89990234375,1019
2025-11-10 08:58:00+00:00,3031.699951171875,3031.89990234375,3028.5,3030.300048828125,2944
2025-11-10 08:59:00+00:00,3031.89990234375,3032.199951171875,3030.800048828125,3032.0,2013
2025-11-10 09:00:00+00:00,3034.0,3034.0,3031.10009765625,3031.89990234375,2024
2025-11-10 09:01:00+00:00,3032.0,3033.89990234375,3031.60009765625,3033.89990234375,2682
2025-11-10 09:02:00+00:00,3031.300048828125,3032.0,3030.199951171875,3032.0,1598
2025-11-10 09:03:00+00:00,3030.0,3031.300048828125,3030.0,3031.300048828125,2749
2025-11-10 09:04:00+00:00,3031.60009765625,3031.60009765625,3029.89990234375,3030.0,11423
2025-11-10 09:05:00+00:00,3032.0,3032.0,3030.800048828125,3031.60009765625,1774
2025-11-10 09:06:00+00:00,3033.0,3033.0,3031.199951171875,3031.89990234375,2576
2025-11-10 09:07:00+00:00,3033.5,3033.89990234375,3033.0,3033.60009765625,659
2025-11-10 09:08:00+00:00,3033.0,3033.0,3032.0,3032.0,2723
2025-11-10 09:09:00+00:00,3032.0,3033.10009765625,3032.0,3033.0,3621
2025-11-10 09:10:00+00:00,3031.5,3032.0,3031.5,3031.699951171875,10476
2025-11-10 09:11:00+00:00,3031.5,3032.699951171875,3031.5,3032.0,1720
2025-11-10 09:12:00+00:00,3030.89990234375,3031.39990234375,3029.5,3031.39990234375,7210
2025-11-10 09:13:00+00:00,3029.60009765625,3031.300048828125,3029.60009765625,3031.300048828125,12355
2025-11-10 09:14:00+00:00,3029.699951171875,3030.0,3028.39990234375,3029.60009765625,10395
2025-11-10 09:15:00+00:00,3031.300048828125,3031.89990234375,3028.699951171875,3029.199951171875,8632
2025-11-10 09:16:00+00:00,3029.300048828125,3031.699951171875,3029.300048828125,3031.300048828125,855
2025-11-10 09:17:00+00:00,3030.39990234375,3030.89990234375,3030.0,3030.39990234375,1204
2025-11-10 09:18:00+00:00,3031.0,3031.0,3029.60009765625,3029.60009765625,689
2025-11-10 09:19:00+00:00,3031.0,3031.300048828125,3030.199951171875,3031.0,761
2025-11-10 09:20:00+00:00,3030.5,3031.199951171875,3030.199951171875,3031.0,1033
2025-11-10 09:21:00+00:00,3028.89990234375,3031.5,3028.89990234375,3030.5,2349
2025-11-10 09:22:00+00:00,3029.60009765625,3030.0,3029.0,3029.199951171875,1069
2025-11-10 09:23:00+00:00,3029.800048828125,3029.800048828125,3028.699951171875,3028.89990234375,1460
2025-11-10 09:24:00+00:00,3029.5,3029.60009765625,3028.0,3028.0,14623
2025-11-10 09:25:00+00:00,3029.800048828125,3029.800048828125,3027.800048828125,3029.10009765625,975
2025-11-10 09:26:00+00:00,3029.39990234375,3029.39990234375,3028.5,3029.199951171875,1783
2025-11-10 09:27:00+00:00,3029.300048828125,3029.300048828125,3028.199951171875,3028.89990234375,1515
2025-11-10 09:28:00+00:00,3028.800048828125,3029.60009765625,3028.300048828125,3029.300048828125,665
2025-11-10 09:29:00+00:00,3028.0,3029.199951171875,3028.0,3028.300048828125,4723
2025-11-10 09:30:00+00:00,3026.0,3028.0,3026.0,3028.0,12949
2025-11-10 09:31:00+00:00,3025.0,3026.89990234375,3025.0,3026.10009765625,7695
2025-11-10 09:32:00+00:00,3025.300048828125,3025.89990234375,3025.10009765625,3025.300048828125,5207
2025-11-10 09:33:00+00:00,3025.300048828125,3026.89990234375,3025.300048828125,3025.60009765625,8725
2025-11-10 09:34:00+00:00,3027.0,3027.5,3024.89990234375,3025.699951171875,6586
2025-11-10 09:35:00+00:00,3026.5,3027.0,3025.300048828125,3026.89990234375,7638
2025-11-10 09:36:00+00:00,3026.699951171875,3026.89990234375,3026.10009765625,3026.5,7608
2025-11-10 09:37:00+00:00,3026.60009765625,3026.89990234375,3026.300048828125,3026.699951171875,3289
2025-11-10 09:38:00+00:00,3026.300048828125,3026.89990234375,3025.699951171875,3026.5,3452
2025-11-10 09:39:00+00:00,3025.89990234375,3026.199951171875,3025.89990234375,3026.199951171875,2948
2025-11-10 09:40:00+00:00,3025.699951171875,3025.699951171875,3025.39990234375,3025.699951171875,7208
2025-11-10 09:41:00+00:00,3024.199951171875,3025.699951171875,3024.0,3025.699951171875,5919
2025-11-10 09:42:00+00:00,3024.39990234375,3024.89990234375,3024.199951171875,3024.199951171875,7302
2025-11-10 09:43:00+00:00,3024.0,3024.39990234375,3024.0,3024.300048828125,3765
2025-11-10 09:44:00+00:00,3024.300048828125,3024.300048828125,3023.5,3023.89990234375,4571
2025-11-10 09:45:00+00:00,3026.60009765625,3026.60009765625,3024.89990234375,3025.0,12915
2025-11-10 09:46:00+00:00,3024.10009765625,3026.60009765625,3023.800048828125,3026.60009765625,13065
2025-11-10 09:47:00+00:00,3024.60009765625,3024.800048828125,3023.89990234375,3024.199951171875,4963
2025-11-10 09:48:00+00:00,3024.800048828125,3025.0,3024.0,3024.5,5208
2025-11-10 09:49:00+00:00,3025.10009765625,3025.10009765625,3024.5,3025.0,6852
2025-11-10 09:50:00+00:00,3024.800048828125,3025.800048828125,3024.5,3025.800048828125,9560
2025-11-10 09:51:00+00:00,3024.10009765625,3024.89990234375,3023.89990234375,3024.89990234375,9416
2025-11-10 09:52:00+00:00,3025.199951171875,3025.39990234375,3023.5,3024.0,14828
2025-11-10 09:53:00+00:00,3024.5,3026.0,3024.5,3025.300048828125,6463
2025-11-10 09:54:00+00:00,3024.5,3025.699951171875,3024.10009765625,3024.60009765625,5971
2025-11-10 09:55:00+00:00,3024.10009765625,3024.60009765625,3023.60009765625,3024.300048828125,8136
2025-11-10 09:56:00+00:00,3025.39990234375,3026.89990234375,3023.10009765625,3023.699951171875,16964
2025-11-10 09:57:00+00:00,3026.0,3026.0,3025.0,3025.5,12499
2025-11-10 09:58:00+00:00,3026.0,3026.39990234375,3025.10009765625,3025.10009765625,3658
2025-11-10 09:59:00+00:00,3025.199951171875,3026.5,3025.0,3025.60009765625,5346
2025-11-11 03:45:00+00:00,3049.0,3055.300048828125,3042.0,3042.0,0
2025-11-11 03:46:00+00:00,3039.89990234375,3050.39990234375,3038.0,3048.800048828125,34648
2025-11-11 03:47:00+00:00,3042.39990234375,3044.60009765625,3037.10009765625,3038.10009765625,25477
2025-11-11 03:48:00+00:00,3040.89990234375,3043.0,3036.0,3042.0,39389
2025-11-11 03:49:00+00:00,3039.0,3041.10009765625,3037.60009765625,3039.39990234375,15136
2025-11-11 03:50:00+00:00,3035.300048828125,3039.39990234375,3034.0,3038.89990234375,16714
2025-11-11 03:51:00+00:00,3039.0,3042.5,3032.89990234375,3035.0,31702
2025-11-11 03:52:00+00:00,3040.800048828125,3043.5,3036.89990234375,3038.800048828125,35749
2025-11-11 03:53:00+00:00,3042.60009765625,3043.89990234375,3038.699951171875,3038.699951171875,28690
2025-11-11 03:54:00+00:00,3038.199951171875,3045.0,3038.199951171875,3041.10009765625,33309
2025-11-11 03:55:00+00:00,3032.800048828125,3038.10009765625,3031.5,3037.39990234375,15576
2025-11-11 03:56:00+00:00,3027.800048828125,3032.60009765625,3025.60009765625,3031.60009765625,22329
2025-11-11 03:57:00+00:00,3025.800048828125,3027.89990234375,3025.0,3026.39990234375,18680
2025-11-11 03:58:00+00:00,3025.10009765625,3028.199951171875,3025.0,3027.89990234375,10814
2025-11-11 03:59:00+00:00,3024.0,3027.0,3023.39990234375,3024.10009765625,13824
2025-11-11 04:00:00+00:00,3022.800048828125,3025.199951171875,3021.300048828125,3025.0,15798
2025-11-11 04:01:00+00:00,3027.5,3027.89990234375,3022.199951171875,3022.199951171875,5074
2025-11-11 04:02:00+00:00,3027.89990234375,3027.89990234375,3024.199951171875,3027.5,2109
2025-11-11 04:03:00+00:00,3026.800048828125,3027.699951171875,3026.300048828125,3027.5,2858
2025-11-11 04:04:00+00:00,3031.199951171875,3031.39990234375,3026.699951171875,3027.0,6069
2025-11-11 04:05:00+00:00,3029.10009765625,3031.5,3029.0,3031.5,2360
2025-11-11 04:06:00+00:00,3028.0,3028.5,3027.199951171875,3028.5,2646
2025-11-11 04:07:00+00:00,3027.0,3028.0,3026.5,3027.89990234375,1617
2025-11-11 04:08:00+00:00,3027.800048828125,3029.0,3027.0,3028.300048828125,848
2025-11-11 04:09:00+00:00,3025.300048828125,3028.0,3024.5,3028.0,4296
2025-11-11 04:10:00+00:00,3024.0,3027.0,3024.0,3026.39990234375,6205
2025-11-11 04:11:00+00:00,3029.39990234375,3029.39990234375,3024.0,3024.5,9645
2025-11-11 04:12:00+00:00,3030.0,3032.5,3028.5,3028.5,8575
2025-11-11 04:13:00+00:00,3031.10009765625,3032.0,3029.5,3030.699951171875,5915
2025-11-11 04:14:00+00:00,3034.0,3035.0,3032.0,3032.0,7471
2025-11-11 04:15:00+00:00,3035.89990234375,3036.60009765625,3033.699951171875,3034.199951171875,6963
2025-11-11 04:16:00+00:00,3036.800048828125,3036.800048828125,3033.5,3036.0,6298
2025-11-11 04:17:00+00:00,3036.0,3037.0,3035.10009765625,3035.5,3033
2025-11-11 04:18:00+00:00,3036.199951171875,3036.60009765625,3035.199951171875,3035.39990234375,3366
2025-11-11 04:19:00+00:00,3034.10009765625,3036.5,3034.0,3036.300048828125,5713
2025-11-11 04:20:00+00:00,3033.199951171875,3033.89990234375,3031.89990234375,3032.300048828125,5666
2025-11-11 04:21:00+00:00,3033.0,3033.699951171875,3032.0,3032.300048828125,3002
2025-11-11 04:22:00+00:00,3032.5,3033.5,3031.300048828125,3033.0,4548
2025-11-11 04:23:00+00:00,3030.39990234375,3033.199951171875,3030.39990234375,3031.300048828125,2798
2025-11-11 04:24:00+00:00,3033.800048828125,3033.800048828125,3030.699951171875,3030.699951171875,4699
2025-11-11 04:25:00+00:00,3033.800048828125,3033.800048828125,3032.199951171875,3032.300048828125,2581
2025-11-11 04:26:00+00:00,3035.300048828125,3035.300048828125,3033.0,3033.0,2739
2025-11-11 04:27:00+00:00,3036.0,3036.10009765625,3034.5,3034.5,2711
2025-11-11 04:28:00+00:00,3037.39990234375,3037.5,3035.5,3035.5,3230
2025-11-11 04:29:00+00:00,3036.800048828125,3038.0,3036.0,3037.89990234375,3352
2025-11-11 04:30:00+00:00,3037.800048828125,3037.89990234375,3036.800048828125,3037.0,4348
2025-11-11 04:31:00+00:00,3036.199951171875,3038.0,3036.199951171875,3037.60009765625,3103
2025-11-11 04:32:00+00:00,3038.60009765625,3039.5,3036.199951171875,3036.5,5053
2025-11-11 04:33:00+00:00,3038.10009765625,3039.699951171875,3037.300048828125,3038.5,4062
2025-11-11 04:34:00+00:00,3035.89990234375,3039.300048828125,3035.89990234375,3038.10009765625,20125
2025-11-11 04:35:00+00:00,3037.300048828125,3037.800048828125,3034.5,3036.0,8671
2025-11-11 04:36:00+00:00,3034.800048828125,3036.300048828125,3034.800048828125,3036.0,2685
2025-11-11 04:37:00+00:00,3036.0,3037.39990234375,3035.199951171875,3035.199951171875,5649
2025-11-11 04:38:00+00:00,3036.699951171875,3038.0,3035.89990234375,3036.0,16026
2025-11-11 04:39:00+00:00,3036.5,3038.0,3035.10009765625,3035.699951171875,6175
2025-11-11 04:40:00+00:00,3036.800048828125,3037.699951171875,3036.0,3036.199951171875,7167
2025-11-11 04:41:00+00:00,3034.199951171875,3036.10009765625,3034.0,3036.10009765625,2838
2025-11-11 04:42:00+00:00,3032.300048828125,3035.5,3032.300048828125,3034.89990234375,6500
2025-11-11 04:43:00+00:00,3030.699951171875,3034.60009765625,3030.0,3034.60009765625,20184
2025-11-11 04:44:00+00:00,3030.300048828125,3033.39990234375,3030.10009765625,3030.89990234375,13081
2025-11-11 04:45:00+00:00,3031.199951171875,3032.699951171875,3030.0,3030.10009765625,6110
2025-11-11 04:46:00+00:00,3031.300048828125,3032.699951171875,3029.10009765625,3031.0,6431
2025-11-11 04:47:00+00:00,3030.0,3032.10009765625,3029.699951171875,3031.300048828125,4063
2025-11-11 04:48:00+00:00,3029.39990234375,3032.199951171875,3029.0,3031.10009765625,6720
2025-11-11 04:49:00+00:00,3028.10009765625,3030.5,3027.89990234375,3029.10009765625,7163
2025-11-11 04:50:00+00:00,3029.800048828125,3029.800048828125,3027.89990234375,3028.0,5347
2025-11-11 04:51:00+00:00,3029.60009765625,3029.89990234375,3028.10009765625,3028.5,5236
2025-11-11 04:52:00+00:00,3027.0,3029.5,3027.0,3027.89990234375,7116
2025-11-11 04:53:00+00:00,3025.5,3027.199951171875,3025.0,3026.10009765625,11324
2025-11-11 04:54:00+00:00,3030.60009765625,3030.60009765625,3025.5,3025.5,4615
2025-11-11 04:55:00+00:00,3032.0,3032.0,3030.0,3030.0,7458
2025-11-11 04:56:00+00:00,3029.199951171875,3032.0,3028.300048828125,3032.0,4674
2025-11-11 04:57:00+00:00,3029.699951171875,3030.300048828125,3028.89990234375,3030.300048828125,2671
2025-11-11 04:58:00+00:00,3030.0,3030.0,3029.10009765625,3029.699951171875,2543
2025-11-11 04:59:00+00:00,3029.60009765625,3030.0,3028.89990234375,3030.0,1852
2025-11-11 05:00:00+00:00,3028.5,3030.0,3028.5,3029.39990234375,2072
2025-11-11 05:01:00+00:00,3027.10009765625,3028.89990234375,3026.39990234375,3028.5,3377
2025-11-11 05:02:00+00:00,3026.60009765625,3027.89990234375,3026.0,3027.0,3410
2025-11-11 05:03:00+00:00,3025.0,3026.0,3025.0,3026.0,4521
2025-11-11 05:04:00+00:00,3026.0,3026.0,3024.199951171875,3025.800048828125,2067
2025-11-11 05:05:00+00:00,3024.5,3027.10009765625,3024.5,3025.699951171875,5557
2025-11-11 05:06:00+00:00,3021.699951171875,3024.89990234375,3021.699951171875,3024.10009765625,11906
2025-11-11 05:07:00+00:00,3021.300048828125,3023.5,3019.800048828125,3023.0,13569
2025-11-11 05:08:00+00:00,3020.0,3021.5,3018.39990234375,3019.800048828125,9007
2025-11-11 05:09:00+00:00,3020.699951171875,3021.10009765625,3018.5,3019.300048828125,10582
2025-11-11 05:10:00+00:00,3020.89990234375,3023.60009765625,3019.0,3020.699951171875,11913
2025-11-11 05:11:00+00:00,3020.0,3022.10009765625,3019.0,3020.89990234375,10596
2025-11-11 05:12:00+00:00,3020.0,3021.699951171875,3018.800048828125,3020.0,16322
2025-11-11 05:13:00+00:00,3020.89990234375,3021.699951171875,3019.10009765625,3020.0,2966
2025-11-11 05:14:00+00:00,3019.39990234375,3021.699951171875,3019.39990234375,3019.39990234375,4191
2025-11-11 05:15:00+00:00,3020.10009765625,3021.699951171875,3019.39990234375,3020.60009765625,3560
2025-11-11 05:16:00+00:00,3020.300048828125,3021.39990234375,3019.800048828125,3020.0,3931
2025-11-11 05:17:00+00:00,3021.0,3023.5,3020.0,3020.199951171875,11626
2025-11-11 05:18:00+00:00,3022.199951171875,3023.300048828125,3020.60009765625,3022.699951171875,9163
2025-11-11 05:19:00+00:00,3022.60009765625,3022.89990234375,3020.5,3021.0,13533
2025-11-11 05:20:00+00:00,3021.300048828125,3023.300048828125,3020.39990234375,3022.60009765625,11908
2025-11-11 05:21:00+00:00,3019.800048828125,3023.199951171875,3019.800048828125,3022.89990234375,6607
2025-11-11 05:22:00+00:00,3021.39990234375,3022.300048828125,3020.0,3020.5,6453
2025-11-11 05:23:00+00:00,3022.39990234375,3024.0,3020.300048828125,3022.300048828125,14179
2025-11-11 05:24:00+00:00,3021.89990234375,3025.0,3021.89990234375,3023.199951171875,10542
2025-11-11 05:25:00+00:00,3023.699951171875,3023.89990234375,3021.5,3023.60009765625,6206
2025-11-11 05:26:00+00:00,3023.699951171875,3024.39990234375,3021.800048828125,3023.699951171875,7336
2025-11-11 05:27:00+00:00,3021.39990234375,3023.60009765625,3020.0,3022.699951171875,14205
2025-11-11 05:28:00+00:00,3024.699951171875,3024.699951171875,3020.199951171875,3020.199951171875,13216
2025-11-11 05:29:00+00:00,3027.89990234375,3029.0,3024.39990234375,3024.39990234375,5808
2025-11-11 05:30:00+00:00,3028.800048828125,3029.0,3027.199951171875,3028.89990234375,1978
2025-11-11 05:31:00+00:00,3026.10009765625,3029.60009765625,3026.10009765625,3028.800048828125,4630
2025-11-11 05:32:00+00:00,3028.0,3028.0,3026.0,3026.199951171875,3072
2025-11-11 05:33:00+00:00,3027.199951171875,3028.60009765625,3027.0,3027.89990234375,2166
2025-11-11 05:34:00+00:00,3026.5,3028.0,3026.199951171875,3027.10009765625,2244
2025-11-11 05:35:00+00:00,3027.60009765625,3028.60009765625,3026.10009765625,3027.199951171875,2172
2025-11-11 05:36:00+00:00,3027.60009765625,3029.0,3026.60009765625,3026.89990234375,2130
2025-11-11 05:37:00+00:00,3028.300048828125,3029.699951171875,3027.60009765625,3027.89990234375,2142
2025-11-11 05:38:00+00:00,3029.0,3030.199951171875,3028.699951171875,3028.89990234375,2233
2025-11-11 05:39:00+00:00,3027.800048828125,3030.60009765625,3027.39990234375,3029.800048828125,3912
2025-11-11 05:40:00+00:00,3030.0,3030.0,3027.5,3027.5,1712
2025-11-11 05:41:00+00:00,3028.699951171875,3030.10009765625,3028.0,3029.89990234375,2268
2025-11-11 05:42:00+00:00,3029.10009765625,3029.199951171875,3028.0,3029.199951171875,2617
2025-11-11 05:43:00+00:00,3026.199951171875,3029.60009765625,3025.0,3029.199951171875,14498
2025-11-11 05:44:00+00:00,3026.300048828125,3028.0,3025.89990234375,3026.0,2022
2025-11-11 05:45:00+00:00,3029.199951171875,3029.199951171875,3026.300048828125,3026.39990234375,1770
2025-11-11 05:46:00+00:00,3028.800048828125,3029.89990234375,3028.0,3028.0,2694
2025-11-11 05:47:00+00:00,3027.0,3028.89990234375,3026.60009765625,3028.5,3707
2025-11-11 05:48:00+00:00,3027.0,3028.199951171875,3027.0,3027.199951171875,2164
2025-11-11 05:49:00+00:00,3027.0,3027.60009765625,3025.699951171875,3027.0,1977
2025-11-11 05:50:00+00:00,3028.199951171875,3028.800048828125,3026.699951171875,3026.699951171875,2069
2025-11-11 05:51:00+00:00,3028.0,3028.199951171875,3026.0,3027.0,1977
2025-11-11 05:52:00+00:00,3028.39990234375,3028.800048828125,3026.39990234375,3026.39990234375,3558
2025-11-11 05:53:00+00:00,3026.300048828125,3028.699951171875,3026.300048828125,3027.800048828125,2182
2025-11-11 05:54:00+00:00,3027.300048828125,3027.300048828125,3026.0,3026.300048828125,1995
2025-11-11 05:55:00+00:00,3027.0,3028.0,3026.300048828125,3027.60009765625,1871
2025-11-11 05:56:00+00:00,3026.5,3028.0,3026.0,3026.0,2232
2025-11-11 05:57:00+00:00,3027.10009765625,3028.0,3026.0,3026.5,2260
2025-11-11 05:58:00+00:00,3027.199951171875,3027.60009765625,3025.699951171875,3026.89990234375,1951
2025-11-11 05:59:00+00:00,3027.0,3027.5,3025.60009765625,3026.0,1973
2025-11-11 06:00:00+00:00,3026.10009765625,3026.89990234375,3024.60009765625,3025.60009765625,2842
2025-11-11 06:01:00+00:00,3024.89990234375,3027.0,3024.89990234375,3027.0,1877
2025-11-11 06:02:00+00:00,3024.39990234375,3025.699951171875,3024.39990234375,3024.89990234375,2046
2025-11-11 06:03:00+00:00,3024.10009765625,3025.199951171875,3023.5,3024.5,2590
2025-11-11 06:04:00+00:00,3024.0,3025.300048828125,3023.0,3023.800048828125,2294
2025-11-11 06:05:00+00:00,3023.0,3025.60009765625,3023.0,3023.89990234375,2033
2025-11-11 06:06:00+00:00,3024.5,3026.0,3023.10009765625,3023.800048828125,2326
2025-11-11 06:07:00+00:00,3026.0,3026.0,3024.199951171875,3024.89990234375,1925
2025-11-11 06:08:00+00:00,3028.39990234375,3028.39990234375,3024.800048828125,3024.800048828125,2421
2025-11-11 06:09:00+00:00,3028.39990234375,3028.60009765625,3026.699951171875,3027.0,2638
2025-11-11 06:10:00+00:00,3028.89990234375,3028.89990234375,3027.0,3027.199951171875,2215
2025-11-11 06:11:00+00:00,3029.89990234375,3030.0,3028.39990234375,3029.300048828125,2644
2025-11-11 06:12:00+00:00,3030.0,3030.0,3028.699951171875,3030.0,3653
2025-11-11 06:13:00+00:00,3029.0,3030.0,3029.0,3030.0,3190
2025-11-11 06:14:00+00:00,3030.0,3030.0,3028.699951171875,3029.199951171875,2429
2025-11-11 06:15:00+00:00,3030.0,3030.0,3028.699951171875,3028.800048828125,2463
2025-11-11 06:16:00+00:00,3030.0,3030.0,3028.89990234375,3030.0,2841
2025-11-11 06:17:00+00:00,3030.199951171875,3030.199951171875,3028.699951171875,3028.800048828125,2322
2025-11-11 06:18:00+00:00,3029.800048828125,3030.60009765625,3028.89990234375,3029.0,2084
2025-11-11 06:19:00+00:00,3030.0,3030.0,3028.199951171875,3029.5,2163
2025-11-11 06:20:00+00:00,3029.5,3030.0,3028.800048828125,3030.0,1748
2025-11-11 06:21:00+00:00,3029.0,3029.60009765625,3028.300048828125,3028.5,1964
2025-11-11 06:22:00+00:00,3030.0,3030.0,3028.10009765625,3028.10009765625,2116
2025-11-11 06:23:00+00:00,3031.5,3031.800048828125,3029.89990234375,3030.0,2970
2025-11-11 06:24:00+00:00,3031.800048828125,3031.800048828125,3030.10009765625,3031.5,2338
2025-11-11 06:25:00+00:00,3030.0,3032.0,3029.60009765625,3031.89990234375,3969
2025-11-11 06:26:00+00:00,3029.300048828125,3030.0,3028.89990234375,3030.0,3478
2025-11-11 06:27:00+00:00,3029.300048828125,3030.60009765625,3028.199951171875,3030.60009765625,2386
2025-11-11 06:28:00+00:00,3028.5,3030.89990234375,3028.5,3030.199951171875,2564
2025-11-11 06:29:00+00:00,3029.199951171875,3029.89990234375,3027.10009765625,3028.5,3689
2025-11-11 06:30:00+00:00,3028.39990234375,3030.39990234375,3028.39990234375,3029.0,2285
2025-11-11 06:31:00+00:00,3027.89990234375,3030.0,3027.89990234375,3028.60009765625,3628
2025-11-11 06:32:00+00:00,3029.5,3030.5,3027.800048828125,3027.800048828125,4908
2025-11-11 06:33:00+00:00,3027.800048828125,3030.60009765625,3027.800048828125,3028.199951171875,3789
2025-11-11 06:34:00+00:00,3027.39990234375,3029.0,3026.60009765625,3027.800048828125,5276
2025-11-11 06:35:00+00:00,3027.800048828125,3031.199951171875,3027.39990234375,3028.89990234375,5375
2025-11-11 06:36:00+00:00,3029.0,3030.39990234375,3027.5,3028.89990234375,3969
2025-11-11 06:37:00+00:00,3028.800048828125,3030.0,3027.5,3028.39990234375,3308
2025-11-11 06:38:00+00:00,3028.199951171875,3030.0,3027.300048828125,3027.800048828125,3630
2025-11-11 06:39:00+00:00,3027.699951171875,3030.0,3027.39990234375,3028.199951171875,3514
2025-11-11 06:40:00+00:00,3028.199951171875,3030.5,3027.800048828125,3027.800048828125,3745
2025-11-11 06:41:00+00:00,3027.800048828125,3030.10009765625,3027.60009765625,3028.5,3716
2025-11-11 06:42:00+00:00,3027.699951171875,3029.800048828125,3027.300048828125,3027.800048828125,4098
2025-11-11 06:43:00+00:00,3027.39990234375,3029.10009765625,3027.10009765625,3028.699951171875,3783
2025-11-11 06:44:00+00:00,3027.300048828125,3029.39990234375,3027.10009765625,3027.39990234375,4035
2025-11-11 06:45:00+00:00,3029.0,3030.0,3026.5,3027.60009765625,12997
2025-11-11 06:46:00+00:00,3029.5,3030.89990234375,3029.0,3030.0,3122
2025-11-11 06:47:00+00:00,3030.699951171875,3031.89990234375,3029.10009765625,3029.300048828125,7751
2025-11-11 06:48:00+00:00,3029.199951171875,3031.39990234375,3028.800048828125,3030.5,4367
2025-11-11 06:49:00+00:00,3030.300048828125,3030.39990234375,3028.199951171875,3029.699951171875,3748
2025-11-11 06:50:00+00:00,3031.10009765625,3031.699951171875,3029.5,3030.300048828125,3848
2025-11-11 06:51:00+00:00,3029.800048828125,3031.199951171875,3029.199951171875,3031.0,3557
2025-11-11 06:52:00+00:00,3031.0,3031.60009765625,3029.199951171875,3031.0,3563
2025-11-11 06:53:00+00:00,3031.5,3031.60009765625,3030.0,3031.0,5316
2025-11-11 06:54:00+00:00,3029.5,3031.39990234375,3029.0,3030.800048828125,4203
2025-11-11 06:55:00+00:00,3030.699951171875,3031.0,3029.0,3030.0,3863
2025-11-11 06:56:00+00:00,3029.0,3031.800048828125,3029.0,3030.0,12287
2025-11-11 06:57:00+00:00,3031.199951171875,3031.39990234375,3029.39990234375,3029.89990234375,3254
2025-11-11 06:58:00+00:00,3029.300048828125,3031.39990234375,3029.0,3031.199951171875,4480
2025-11-11 06:59:00+00:00,3031.199951171875,3031.5,3029.800048828125,3030.89990234375,3192
2025-11-11 07:00:00+00:00,3033.300048828125,3034.10009765625,3030.39990234375,3031.199951171875,11392
2025-11-11 07:01:00+00:00,3033.300048828125,3033.699951171875,3031.300048828125,3033.5,3884
2025-11-11 07:02:00+00:00,3034.5,3034.699951171875,3032.0,3033.300048828125,4322
2025-11-11 07:03:00+00:00,3034.5,3034.800048828125,3032.60009765625,3033.5,5619
2025-11-11 07:04:00+00:00,3035.0,3035.0,3033.5,3034.0,4054
2025-11-11 07:05:00+00:00,3033.10009765625,3035.0,3033.10009765625,3035.0,10031
2025-11-11 07:06:00+00:00,3032.199951171875,3033.5,3032.199951171875,3032.300048828125,3965
2025-11-11 07:07:00+00:00,3031.5,3034.5,3031.5,3033.300048828125,3447
2025-11-11 07:08:00+00:00,3030.800048828125,3033.199951171875,3030.800048828125,3033.10009765625,4383
2025-11-11 07:09:00+00:00,3033.0,3033.39990234375,3031.10009765625,3032.60009765625,3622
2025-11-11 07:10:00+00:00,3033.0,3033.5,3031.10009765625,3033.0,3863
2025-11-11 07:11:00+00:00,3033.0,3033.699951171875,3031.39990234375,3033.10009765625,3909
2025-11-11 07:12:00+00:00,3031.0,3034.60009765625,3031.0,3033.0,11188
2025-11-11 07:13:00+00:00,3030.5,3032.60009765625,3029.0,3030.300048828125,12645
2025-11-11 07:14:00+00:00,3031.5,3032.10009765625,3029.60009765625,3030.60009765625,4269
2025-11-11 07:15:00+00:00,3031.699951171875,3032.10009765625,3029.89990234375,3031.5,3585
2025-11-11 07:16:00+00:00,3030.89990234375,3032.5,3029.89990234375,3031.699951171875,3547
2025-11-11 07:17:00+00:00,3029.300048828125,3031.199951171875,3029.300048828125,3030.89990234375,3528
2025-11-11 07:18:00+00:00,3030.89990234375,3031.60009765625,3029.0,3031.300048828125,3879
2025-11-11 07:19:00+00:00,3032.199951171875,3033.0,3028.5,3031.0,9643
2025-11-11 07:20:00+00:00,3032.39990234375,3033.5,3030.800048828125,3032.699951171875,3739
2025-11-11 07:21:00+00:00,3032.0,3032.699951171875,3030.800048828125,3032.39990234375,3641
2025-11-11 07:22:00+00:00,3031.5,3033.60009765625,3031.5,3032.0,4052
2025-11-11 07:23:00+00:00,3031.10009765625,3032.800048828125,3030.60009765625,3032.0,3422
2025-11-11 07:24:00+00:00,3031.300048828125,3033.39990234375,3031.199951171875,3032.0,3746
2025-11-11 07:25:00+00:00,3032.39990234375,3033.300048828125,3030.800048828125,3032.89990234375,4004
2025-11-11 07:26:00+00:00,3032.5,3032.800048828125,3030.89990234375,3032.5,4194
2025-11-11 07:27:00+00:00,3032.60009765625,3034.0,3030.800048828125,3030.800048828125,8385
2025-11-11 07:28:00+00:00,3031.699951171875,3033.89990234375,3031.699951171875,3033.89990234375,3348
2025-11-11 07:29:00+00:00,3033.39990234375,3034.10009765625,3031.699951171875,3032.89990234375,4163
2025-11-11 07:30:00+00:00,3035.0,3035.0,3032.699951171875,3034.10009765625,4230
2025-11-11 07:31:00+00:00,3035.89990234375,3036.0,3034.0,3035.0,3817
2025-11-11 07:32:00+00:00,3036.699951171875,3036.699951171875,3034.89990234375,3036.0,4245
2025-11-11 07:33:00+00:00,3036.39990234375,3037.0,3035.300048828125,3036.699951171875,4312
2025-11-11 07:34:00+00:00,3036.300048828125,3037.0,3034.89990234375,3036.800048828125,3507
2025-11-11 07:35:00+00:00,3037.0,3037.0,3035.199951171875,3035.5,5665
2025-11-11 07:36:00+00:00,3037.0,3038.89990234375,3035.60009765625,3038.800048828125,12534
2025-11-11 07:37:00+00:00,3035.0,3037.800048828125,3034.0,3037.0,4649
2025-11-11 07:38:00+00:00,3034.39990234375,3035.300048828125,3034.0,3035.0,4315
2025-11-11 07:39:00+00:00,3034.89990234375,3035.10009765625,3034.0,3034.800048828125,3789
2025-11-11 07:40:00+00:00,3035.0,3035.10009765625,3034.0,3034.800048828125,4165
2025-11-11 07:41:00+00:00,3035.0,3036.199951171875,3034.10009765625,3034.89990234375,4180
2025-11-11 07:42:00+00:00,3034.199951171875,3036.10009765625,3034.199951171875,3035.0,3427
2025-11-11 07:43:00+00:00,3034.699951171875,3035.0,3034.10009765625,3035.0,3327
2025-11-11 07:44:00+00:00,3035.39990234375,3036.300048828125,3034.60009765625,3034.699951171875,4846
2025-11-11 07:45:00+00:00,3035.0,3036.699951171875,3034.699951171875,3035.300048828125,5251
2025-11-11 07:46:00+00:00,3034.5,3036.699951171875,3034.39990234375,3035.0,5052
2025-11-11 07:47:00+00:00,3035.0,3036.0,3034.10009765625,3035.0,4641
2025-11-11 07:48:00+00:00,3035.199951171875,3036.800048828125,3034.39990234375,3035.0,4411
2025-11-11 07:49:00+00:00,3035.0,3036.199951171875,3034.0,3035.199951171875,4367
2025-11-11 07:50:00+00:00,3035.0,3036.39990234375,3034.300048828125,3035.0,4745
2025-11-11 07:51:00+00:00,3034.60009765625,3036.300048828125,3034.199951171875,3035.0,4717
2025-11-11 07:52:00+00:00,3034.89990234375,3035.0,3034.0,3034.5,3668
2025-11-11 07:53:00+00:00,3034.5,3035.5,3034.0,3035.0,9646
2025-11-11 07:54:00+00:00,3034.0,3035.5,3034.0,3034.60009765625,3880
2025-11-11 07:55:00+00:00,3034.0,3035.800048828125,3034.0,3035.0,3552
2025-11-11 07:56:00+00:00,3034.5,3035.699951171875,3034.0,3035.0,4225
2025-11-11 07:57:00+00:00,3035.0,3035.89990234375,3034.199951171875,3035.0,3780
2025-11-11 07:58:00+00:00,3034.199951171875,3035.89990234375,3034.10009765625,3035.0,3196
2025-11-11 07:59:00+00:00,3033.800048828125,3035.60009765625,3033.800048828125,3035.60009765625,11050
2025-11-11 08:00:00+00:00,3035.300048828125,3035.300048828125,3032.5,3033.800048828125,4910
2025-11-11 08:01:00+00:00,3035.0,3035.699951171875,3033.800048828125,3035.0,4908
2025-11-11 08:02:00+00:00,3035.0,3036.5,3034.10009765625,3035.0,5206
2025-11-11 08:03:00+00:00,3035.39990234375,3036.5,3034.39990234375,3035.0,4742
2025-11-11 08:04:00+00:00,3035.0,3035.89990234375,3033.800048828125,3035.39990234375,3882
2025-11-11 08:05:00+00:00,3034.199951171875,3036.199951171875,3034.0,3034.0,4615
2025-11-11 08:06:00+00:00,3034.199951171875,3036.0,3033.800048828125,3035.0,5065
2025-11-11 08:07:00+00:00,3035.60009765625,3036.0,3034.199951171875,3035.0,4867
2025-11-11 08:08:00+00:00,3035.800048828125,3036.699951171875,3035.0,3035.60009765625,9988
2025-11-11 08:09:00+00:00,3036.39990234375,3037.0,3035.39990234375,3035.699951171875,14571
2025-11-11 08:10:00+00:00,3035.0,3036.89990234375,3034.300048828125,3036.5,11654
2025-11-11 08:11:00+00:00,3034.89990234375,3035.39990234375,3033.0,3035.0,4143
2025-11-11 08:12:00+00:00,3035.0,3035.60009765625,3033.0,3034.699951171875,6484
2025-11-11 08:13:00+00:00,3033.89990234375,3035.199951171875,3033.0,3035.0,6575
2025-11-11 08:14:00+00:00,3032.60009765625,3035.199951171875,3032.60009765625,3033.89990234375,4536
2025-11-11 08:15:00+00:00,3035.0,3035.0,3032.60009765625,3033.300048828125,3966
2025-11-11 08:16:00+00:00,3035.0,3036.0,3034.10009765625,3034.89990234375,4420
2025-11-11 08:17:00+00:00,3037.699951171875,3037.699951171875,3035.0,3035.0,7736
2025-11-11 08:18:00+00:00,3040.0,3040.0,3038.10009765625,3039.0,10167
2025-11-11 08:19:00+00:00,3039.800048828125,3040.0,3038.5,3040.0,5074
2025-11-11 08:20:00+00:00,3040.0,3040.0,3039.0,3039.800048828125,4940
2025-11-11 08:21:00+00:00,3039.0,3040.0,3038.199951171875,3040.0,4782
2025-11-11 08:22:00+00:00,3038.89990234375,3040.0,3038.699951171875,3039.0,5063
2025-11-11 08:23:00+00:00,3040.39990234375,3040.39990234375,3038.199951171875,3039.699951171875,4340
2025-11-11 08:24:00+00:00,3041.0,3041.0,3040.0,3040.39990234375,3628
2025-11-11 08:25:00+00:00,3040.300048828125,3040.89990234375,3040.0,3040.89990234375,5779
2025-11-11 08:26:00+00:00,3040.39990234375,3040.89990234375,3039.5,3040.39990234375,5305
2025-11-11 08:27:00+00:00,3040.10009765625,3040.39990234375,3038.800048828125,3040.39990234375,15811
2025-11-11 08:28:00+00:00,3040.0,3040.39990234375,3038.800048828125,3040.10009765625,13034
2025-11-11 08:29:00+00:00,3041.800048828125,3042.0,3039.10009765625,3040.10009765625,105397
2025-11-11 08:30:00+00:00,3042.0,3042.0,3040.699951171875,3041.699951171875,3209
2025-11-11 08:31:00+00:00,3040.89990234375,3042.0,3040.800048828125,3041.0,6695
2025-11-11 08:32:00+00:00,3041.0,3041.0,3040.0,3040.89990234375,2510
2025-11-11 08:33:00+00:00,3040.60009765625,3041.89990234375,3040.39990234375,3041.60009765625,2129
2025-11-11 08:34:00+00:00,3040.800048828125,3040.800048828125,3040.0,3040.300048828125,1693
2025-11-11 08:35:00+00:00,3041.0,3041.800048828125,3040.0,3040.5,2007
2025-11-11 08:36:00+00:00,3042.60009765625,3042.60009765625,3041.0,3042.0,3022
2025-11-11 08:37:00+00:00,3042.89990234375,3044.0,3042.5,3042.5,3932
2025-11-11 08:38:00+00:00,3043.89990234375,3044.0,3042.5,3043.199951171875,1852
2025-11-11 08:39:00+00:00,3042.699951171875,3043.89990234375,3042.199951171875,3043.89990234375,2587
2025-11-11 08:40:00+00:00,3042.89990234375,3043.0,3042.0,3042.300048828125,3291
2025-11-11 08:41:00+00:00,3042.300048828125,3042.5,3041.0,3042.5,3800
2025-11-11 08:42:00+00:00,3042.5,3042.5,3042.0,3042.39990234375,1506
2025-11-11 08:43:00+00:00,3042.0,3042.5,3041.0,3042.5,5432
2025-11-11 08:44:00+00:00,3040.300048828125,3042.10009765625,3040.300048828125,3042.0,3535
2025-11-11 08:45:00+00:00,3041.800048828125,3041.800048828125,3040.0,3041.300048828125,4333
2025-11-11 08:46:00+00:00,3043.0,3043.5,3040.5,3041.800048828125,5205
2025-11-11 08:47:00+00:00,3040.199951171875,3043.0,3039.199951171875,3043.0,4532
2025-11-11 08:48:00+00:00,3040.300048828125,3041.39990234375,3039.60009765625,3040.199951171875,2335
2025-11-11 08:49:00+00:00,3042.699951171875,3042.800048828125,3040.0,3040.800048828125,4943
2025-11-11 08:50:00+00:00,3042.0,3042.800048828125,3041.60009765625,3042.699951171875,6935
2025-11-11 08:51:00+00:00,3042.5,3042.89990234375,3041.39990234375,3042.300048828125,14385
2025-11-11 08:52:00+00:00,3043.0,3043.0,3039.39990234375,3042.699951171875,13834
2025-11-11 08:53:00+00:00,3043.0,3044.0,3042.0,3044.0,4372
2025-11-11 08:54:00+00:00,3043.0,3043.0,3042.0,3043.0,1284
2025-11-11 08:55:00+00:00,3042.39990234375,3043.0,3042.0,3043.0,2813
2025-11-11 08:56:00+00:00,3042.89990234375,3043.0,3042.0,3042.0,1476
2025-11-11 08:57:00+00:00,3042.300048828125,3043.0,3042.0,3042.699951171875,1998
2025-11-11 08:58:00+00:00,3042.0,3042.89990234375,3041.10009765625,3042.89990234375,4794
2025-11-11 08:59:00+00:00,3042.89990234375,3042.89990234375,3041.0,3042.0,5171
2025-11-11 09:00:00+00:00,3044.300048828125,3045.300048828125,3043.0,3043.0,7199
2025-11-11 09:01:00+00:00,3044.800048828125,3045.0,3044.39990234375,3044.39990234375,2156
2025-11-11 09:02:00+00:00,3045.0,3045.0,3043.39990234375,3044.89990234375,2775
2025-11-11 09:03:00+00:00,3045.199951171875,3045.5,3044.39990234375,3044.89990234375,3339
2025-11-11 09:04:00+00:00,3044.0,3045.0,3043.300048828125,3044.0,1574
2025-11-11 09:05:00+00:00,3042.89990234375,3044.60009765625,3042.39990234375,3043.60009765625,1547
2025-11-11 09:06:00+00:00,3043.60009765625,3043.60009765625,3041.199951171875,3043.0,10101
2025-11-11 09:07:00+00:00,3042.10009765625,3043.39990234375,3041.60009765625,3042.60009765625,6420
2025-11-11 09:08:00+00:00,3042.0,3043.0,3041.199951171875,3042.0,9042
2025-11-11 09:09:00+00:00,3042.800048828125,3042.800048828125,3041.199951171875,3041.699951171875,10837
2025-11-11 09:10:00+00:00,3043.39990234375,3045.39990234375,3041.800048828125,3042.699951171875,12307
2025-11-11 09:11:00+00:00,3042.39990234375,3045.5,3042.0,3044.699951171875,6715
2025-11-11 09:12:00+00:00,3042.0,3043.10009765625,3041.5,3042.39990234375,3091
2025-11-11 09:13:00+00:00,3042.800048828125,3043.0,3042.10009765625,3042.39990234375,1200
2025-11-11 09:14:00+00:00,3042.60009765625,3042.800048828125,3041.800048828125,3042.800048828125,2818
2025-11-11 09:15:00+00:00,3043.0,3043.0,3041.60009765625,3042.60009765625,1845
2025-11-11 09:16:00+00:00,3042.0,3042.89990234375,3041.0,3042.5,7184
2025-11-11 09:17:00+00:00,3041.89990234375,3042.5,3041.0,3042.0,1603
2025-11-11 09:18:00+00:00,3042.0,3043.0,3041.89990234375,3041.89990234375,3654
2025-11-11 09:19:00+00:00,3047.10009765625,3048.199951171875,3041.800048828125,3041.800048828125,16961
2025-11-11 09:20:00+00:00,3047.800048828125,3048.0,3046.300048828125,3046.300048828125,3184
2025-11-11 09:21:00+00:00,3047.0,3047.5,3046.60009765625,3046.89990234375,2249
2025-11-11 09:22:00+00:00,3046.5,3048.39990234375,3045.39990234375,3047.0,11062
2025-11-11 09:23:00+00:00,3044.89990234375,3046.39990234375,3044.0,3046.39990234375,3151
2025-11-11 09:24:00+00:00,3045.0,3046.0,3044.199951171875,3044.300048828125,2441
2025-11-11 09:25:00+00:00,3043.10009765625,3045.0,3042.699951171875,3045.0,11441
2025-11-11 09:26:00+00:00,3047.89990234375,3048.60009765625,3043.699951171875,3043.699951171875,19052
2025-11-11 09:27:00+00:00,3047.39990234375,3049.39990234375,3046.0,3048.0,12662
2025-11-11 09:28:00+00:00,3046.699951171875,3047.0,3044.699951171875,3044.699951171875,7410
2025-11-11 09:29:00+00:00,3045.5,3046.89990234375,3044.89990234375,3046.89990234375,5136
2025-11-11 09:30:00+00:00,3047.5,3048.5,3044.300048828125,3044.300048828125,8609
2025-11-11 09:31:00+00:00,3047.39990234375,3048.5,3047.0,3047.60009765625,6258
2025-11-11 09:32:00+00:00,3047.60009765625,3047.699951171875,3047.199951171875,3047.199951171875,4271
2025-11-11 09:33:00+00:00,3050.0,3050.0,3047.60009765625,3047.800048828125,18236
2025-11-11 09:34:00+00:00,3047.0,3049.89990234375,3045.39990234375,3049.0,21068
2025-11-11 09:35:00+00:00,3046.699951171875,3047.199951171875,3044.0,3047.199951171875,25031
2025-11-11 09:36:00+00:00,3046.60009765625,3047.10009765625,3045.0,3046.199951171875,41009
2025-11-11 09:37:00+00:00,3048.39990234375,3048.800048828125,3045.39990234375,3045.39990234375,10305
2025-11-11 09:38:00+00:00,3045.199951171875,3048.39990234375,3045.0,3048.39990234375,25978
2025-11-11 09:39:00+00:00,3044.39990234375,3045.39990234375,3043.199951171875,3045.39990234375,20900
2025-11-11 09:40:00+00:00,3043.0,3045.39990234375,3042.10009765625,3044.39990234375,18725
2025-11-11 09:41:00+00:00,3047.5,3047.5,3041.39990234375,3043.39990234375,33184
2025-11-11 09:42:00+00:00,3044.300048828125,3048.800048828125,3044.10009765625,3046.89990234375,58624
2025-11-11 09:43:00+00:00,3044.800048828125,3045.699951171875,3042.60009765625,3044.5,23075
2025-11-11 09:44:00+00:00,3046.60009765625,3049.5,3045.10009765625,3046.0,37537
2025-11-11 09:45:00+00:00,3048.800048828125,3048.89990234375,3046.39990234375,3046.39990234375,7124
2025-11-11 09:46:00+00:00,3047.60009765625,3047.800048828125,3046.60009765625,3047.60009765625,8804
2025-11-11 09:47:00+00:00,3047.800048828125,3048.800048828125,3047.300048828125,3047.39990234375,6061
2025-11-11 09:48:00+00:00,3046.699951171875,3048.0,3045.300048828125,3048.0,19594
2025-11-11 09:49:00+00:00,3049.39990234375,3049.39990234375,3045.199951171875,3046.60009765625,39802
2025-11-11 09:50:00+00:00,3050.0,3050.0,3046.800048828125,3049.5,48516
2025-11-11 09:51:00+00:00,3049.800048828125,3050.5,3048.60009765625,3048.60009765625,19279
2025-11-11 09:52:00+00:00,3050.300048828125,3050.5,3049.800048828125,3049.800048828125,12785
2025-11-11 09:53:00+00:00,3050.5,3050.5,3050.10009765625,3050.300048828125,4933
2025-11-11 09:54:00+00:00,3046.89990234375,3050.699951171875,3046.5,3050.699951171875,28124
2025-11-11 09:55:00+00:00,3047.89990234375,3048.0,3047.5,3047.89990234375,4721
2025-11-11 09:56:00+00:00,3047.800048828125,3048.0,3047.800048828125,3048.0,5061
2025-11-11 09:57:00+00:00,3050.0,3050.0,3047.800048828125,3047.89990234375,11909
2025-11-11 09:58:00+00:00,3049.199951171875,3050.0,3048.60009765625,3048.60009765625,5296
2025-11-11 09:59:00+00:00,3047.0,3050.0,3047.0,3049.199951171875,4286
2025-11-12 03:45:00+00:00,3076.0,3076.0,3060.0,3062.699951171875,0
2025-11-12 03:46:00+00:00,3069.800048828125,3075.89990234375,3069.800048828125,3075.0,25737
2025-11-12 03:47:00+00:00,3076.39990234375,3079.5,3068.0,3070.0,22071
2025-11-12 03:48:00+00:00,3077.39990234375,3079.0,3075.39990234375,3075.39990234375,24961
2025-11-12 03:49:00+00:00,3081.10009765625,3083.0,3076.89990234375,3078.0,28593
2025-11-12 03:50:00+00:00,3081.699951171875,3083.10009765625,3078.199951171875,3081.699951171875,17530
2025-11-12 03:51:00+00:00,3083.0,3085.0,3080.5,3081.800048828125,28358
2025-11-12 03:52:00+00:00,3080.5,3082.89990234375,3079.10009765625,3082.300048828125,14122
2025-11-12 03:53:00+00:00,3085.89990234375,3085.89990234375,3080.10009765625,3080.89990234375,22886
2025-11-12 03:54:00+00:00,3087.10009765625,3088.0,3085.0,3085.10009765625,41443
2025-11-12 03:55:00+00:00,3090.300048828125,3091.300048828125,3086.0,3087.0,31441
2025-11-12 03:56:00+00:00,3089.89990234375,3090.0,3087.0,3089.800048828125,12871
2025-11-12 03:57:00+00:00,3089.0,3094.39990234375,3089.0,3090.0,21103
2025-11-12 03:58:00+00:00,3088.10009765625,3090.0,3087.39990234375,3089.89990234375,10769
2025-11-12 03:59:00+00:00,3090.0,3090.89990234375,3086.0,3087.699951171875,13003
2025-11-12 04:00:00+00:00,3081.39990234375,3090.89990234375,3081.39990234375,3090.0,14282
2025-11-12 04:01:00+00:00,3085.0,3086.0,3081.60009765625,3082.0,6760
2025-11-12 04:02:00+00:00,3088.39990234375,3088.39990234375,3084.300048828125,3085.199951171875,5893
2025-11-12 04:03:00+00:00,3085.89990234375,3088.0,3085.0,3088.0,5147
2025-11-12 04:04:00+00:00,3086.60009765625,3088.0,3085.199951171875,3086.0,4415
2025-11-12 04:05:00+00:00,3082.5,3086.0,3081.199951171875,3085.60009765625,6839
2025-11-12 04:06:00+00:00,3082.60009765625,3082.699951171875,3081.199951171875,3082.5,3790
2025-11-12 04:07:00+00:00,3082.60009765625,3083.0,3082.0,3082.300048828125,3307
2025-11-12 04:08:00+00:00,3083.0,3083.300048828125,3082.10009765625,3082.10009765625,4238
2025-11-12 04:09:00+00:00,3081.60009765625,3082.699951171875,3081.60009765625,3082.60009765625,2607
2025-11-12 04:10:00+00:00,3085.5,3086.10009765625,3081.60009765625,3081.60009765625,6876
2025-11-12 04:11:00+00:00,3088.0,3088.0,3085.60009765625,3085.800048828125,5229
2025-11-12 04:12:00+00:00,3088.89990234375,3089.89990234375,3085.10009765625,3088.0,6698
2025-11-12 04:13:00+00:00,3095.800048828125,3097.199951171875,3088.800048828125,3088.800048828125,51601
2025-11-12 04:14:00+00:00,3093.0,3096.0,3092.300048828125,3096.0,10902
2025-11-12 04:15:00+00:00,3092.89990234375,3093.800048828125,3091.5,3093.0,18728
2025-11-12 04:16:00+00:00,3096.699951171875,3098.0,3092.10009765625,3093.0,16826
2025-11-12 04:17:00+00:00,3098.89990234375,3100.5,3096.89990234375,3097.60009765625,59494
2025-11-12 04:18:00+00:00,3099.0,3100.0,3099.0,3099.199951171875,18226
2025-11-12 04:19:00+00:00,3099.10009765625,3100.0,3098.0,3099.0,9977
2025-11-12 04:20:00+00:00,3098.0,3100.0,3097.800048828125,3099.89990234375,16876
2025-11-12 04:21:00+00:00,3098.89990234375,3099.89990234375,3096.800048828125,3098.699951171875,13488
2025-11-12 04:22:00+00:00,3097.89990234375,3099.0,3096.39990234375,3098.0,9002
2025-11-12 04:23:00+00:00,3097.89990234375,3098.0,3095.800048828125,3097.89990234375,9144
2025-11-12 04:24:00+00:00,3097.89990234375,3098.800048828125,3097.0,3097.89990234375,12618
2025-11-12 04:25:00+00:00,3097.89990234375,3098.10009765625,3097.0,3097.699951171875,5905
2025-11-12 04:26:00+00:00,3096.0,3098.0,3095.199951171875,3097.800048828125,9135
2025-11-12 04:27:00+00:00,3097.0,3097.300048828125,3095.10009765625,3095.199951171875,7350
2025-11-12 04:28:00+00:00,3097.5,3097.5,3094.39990234375,3097.199951171875,8960
2025-11-12 04:29:00+00:00,3097.0,3098.5,3096.0,3096.0,11765
2025-11-12 04:30:00+00:00,3102.199951171875,3102.800048828125,3097.0,3097.39990234375,45804
2025-11-12 04:31:00+00:00,3101.60009765625,3103.39990234375,3100.0,3102.699951171875,15335
2025-11-12 04:32:00+00:00,3100.89990234375,3102.800048828125,3100.0,3100.5,5229
2025-11-12 04:33:00+00:00,3100.0,3101.699951171875,3100.0,3100.89990234375,16190
2025-11-12 04:34:00+00:00,3100.0,3101.0,3099.89990234375,3100.0,15394
2025-11-12 04:35:00+00:00,3100.0,3101.0,3099.5,3100.0,15567
2025-11-12 04:36:00+00:00,3102.39990234375,3103.0,3100.0,3100.0,13402
2025-11-12 04:37:00+00:00,3100.800048828125,3102.60009765625,3100.199951171875,3102.39990234375,5493
2025-11-12 04:38:00+00:00,3100.199951171875,3101.5,3100.0,3100.800048828125,4184
2025-11-12 04:39:00+00:00,3100.0,3101.5,3100.0,3100.199951171875,4020
2025-11-12 04:40:00+00:00,3100.0,3100.89990234375,3097.699951171875,3100.0,16679
2025-11-12 04:41:00+00:00,3100.0,3101.0,3100.0,3100.0,39956
2025-11-12 04:42:00+00:00,3101.89990234375,3101.89990234375,3100.0,3100.300048828125,20351
2025-11-12 04:43:00+00:00,3100.5,3102.0,3100.10009765625,3101.89990234375,12728
2025-11-12 04:44:00+00:00,3100.5,3101.199951171875,3100.0,3100.300048828125,4098
2025-11-12 04:45:00+00:00,3102.5,3103.0,3101.0,3101.0,6420
2025-11-12 04:46:00+00:00,3104.300048828125,3105.0,3102.5,3102.5,51813
2025-11-12 04:47:00+00:00,3103.60009765625,3104.800048828125,3102.5,3104.800048828125,4487
2025-11-12 04:48:00+00:00,3101.0,3104.10009765625,3101.0,3103.699951171875,5957
2025-11-12 04:49:00+00:00,3100.0,3102.199951171875,3100.0,3101.89990234375,4094
2025-11-12 04:50:00+00:00,3100.10009765625,3101.10009765625,3100.0,3101.0,4291
2025-11-12 04:51:00+00:00,3100.199951171875,3100.699951171875,3100.0,3100.0,5257
2025-11-12 04:52:00+00:00,3100.0,3100.199951171875,3099.89990234375,3100.10009765625,5812
2025-11-12 04:53:00+00:00,3100.60009765625,3100.89990234375,3100.0,3100.0,11977
2025-11-12 04:54:00+00:00,3100.800048828125,3101.0,3100.0,3100.5,3839
2025-11-12 04:55:00+00:00,3102.5,3103.0,3101.10009765625,3101.10009765625,8902
2025-11-12 04:56:00+00:00,3104.199951171875,3106.0,3102.800048828125,3102.800048828125,22092
2025-11-12 04:57:00+00:00,3105.39990234375,3105.5,3103.89990234375,3104.199951171875,6130
2025-11-12 04:58:00+00:00,3107.0,3107.0,3105.10009765625,3105.300048828125,20203
2025-11-12 04:59:00+00:00,3108.10009765625,3108.5,3106.800048828125,3107.0,26121
2025-11-12 05:00:00+00:00,3107.5,3108.699951171875,3106.0,3108.10009765625,6562
2025-11-12 05:01:00+00:00,3107.0,3107.60009765625,3105.89990234375,3107.0,4591
2025-11-12 05:02:00+00:00,3106.89990234375,3107.5,3105.60009765625,3106.89990234375,5086
2025-11-12 05:03:00+00:00,3105.699951171875,3106.89990234375,3104.300048828125,3106.89990234375,6489
2025-11-12 05:04:00+00:00,3107.60009765625,3108.0,3106.0,3106.0,8588
2025-11-12 05:05:00+00:00,3105.10009765625,3107.89990234375,3102.300048828125,3107.5,16363
2025-11-12 05:06:00+00:00,3107.300048828125,3108.60009765625,3105.800048828125,3105.800048828125,10334
2025-11-12 05:07:00+00:00,3107.300048828125,3108.0,3105.0,3107.300048828125,4712
2025-11-12 05:08:00+00:00,3105.39990234375,3107.699951171875,3105.39990234375,3107.699951171875,4213
2025-11-12 05:09:00+00:00,3106.89990234375,3106.89990234375,3105.5,3105.800048828125,3363
2025-11-12 05:10:00+00:00,3107.5,3107.699951171875,3106.60009765625,3106.60009765625,4244
2025-11-12 05:11:00+00:00,3106.300048828125,3107.89990234375,3106.300048828125,3107.5,3504
2025-11-12 05:12:00+00:00,3106.39990234375,3106.699951171875,3105.10009765625,3106.0,3707
2025-11-12 05:13:00+00:00,3106.5,3107.39990234375,3105.89990234375,3105.89990234375,3224
2025-11-12 05:14:00+00:00,3104.89990234375,3106.89990234375,3104.300048828125,3104.300048828125,5321
2025-11-12 05:15:00+00:00,3105.10009765625,3106.800048828125,3104.300048828125,3104.800048828125,2917
2025-11-12 05:16:00+00:00,3105.60009765625,3106.10009765625,3104.300048828125,3105.199951171875,3567
2025-11-12 05:17:00+00:00,3106.0,3106.0,3103.300048828125,3104.60009765625,5436
2025-11-12 05:18:00+00:00,3103.10009765625,3106.89990234375,3102.699951171875,3106.0,4535
2025-11-12 05:19:00+00:00,3110.0,3111.0,3100.199951171875,3103.300048828125,87714
2025-11-12 05:20:00+00:00,3110.699951171875,3111.0,3110.0,3110.89990234375,5044
2025-11-12 05:21:00+00:00,3110.199951171875,3110.60009765625,3110.0,3110.199951171875,22736
2025-11-12 05:22:00+00:00,3110.0,3110.60009765625,3110.0,3110.199951171875,12347
2025-11-12 05:23:00+00:00,3115.0,3115.0,3110.0,3110.39990234375,66116
2025-11-12 05:24:00+00:00,3118.699951171875,3119.10009765625,3111.5,3112.199951171875,212070
2025-11-12 05:25:00+00:00,3118.89990234375,3119.89990234375,3118.10009765625,3118.5,21179
2025-11-12 05:26:00+00:00,3119.699951171875,3120.39990234375,3118.89990234375,3118.89990234375,19009
2025-11-12 05:27:00+00:00,3119.10009765625,3120.0,3118.300048828125,3119.199951171875,11401
2025-11-12 05:28:00+00:00,3117.89990234375,3119.60009765625,3116.39990234375,3119.0,17857
2025-11-12 05:29:00+00:00,3116.10009765625,3117.800048828125,3115.300048828125,3117.39990234375,9675
2025-11-12 05:30:00+00:00,3115.0,3116.60009765625,3114.5,3116.300048828125,10452
2025-11-12 05:31:00+00:00,3113.300048828125,3115.0,3113.0,3114.39990234375,9479
2025-11-12 05:32:00+00:00,3112.0,3113.5,3111.10009765625,3113.300048828125,11910
2025-11-12 05:33:00+00:00,3109.800048828125,3112.699951171875,3109.199951171875,3111.39990234375,11089
2025-11-12 05:34:00+00:00,3110.10009765625,3111.10009765625,3108.10009765625,3109.89990234375,13139
2025-11-12 05:35:00+00:00,3111.300048828125,3112.800048828125,3110.60009765625,3110.60009765625,10260
2025-11-12 05:36:00+00:00,3112.800048828125,3114.10009765625,3111.300048828125,3111.300048828125,7122
2025-11-12 05:37:00+00:00,3113.0,3114.39990234375,3112.699951171875,3112.699951171875,14049
2025-11-12 05:38:00+00:00,3114.199951171875,3114.199951171875,3113.0,3113.0,6468
2025-11-12 05:39:00+00:00,3114.5,3115.699951171875,3113.699951171875,3114.10009765625,7894
2025-11-12 05:40:00+00:00,3115.0,3115.0,3114.0,3114.300048828125,7183
2025-11-12 05:41:00+00:00,3112.89990234375,3115.39990234375,3111.5,3114.5,18355
2025-11-12 05:42:00+00:00,3111.0,3113.60009765625,3111.0,3112.300048828125,6371
2025-11-12 05:43:00+00:00,3112.199951171875,3113.5,3111.0,3111.89990234375,7182
2025-11-12 05:44:00+00:00,3113.60009765625,3114.0,3112.199951171875,3112.199951171875,4770
2025-11-12 05:45:00+00:00,3114.5,3114.699951171875,3113.5,3114.10009765625,6509
2025-11-12 05:46:00+00:00,3114.10009765625,3115.0,3114.0,3114.0,6737
2025-11-12 05:47:00+00:00,3114.0,3114.800048828125,3113.60009765625,3114.10009765625,4733
2025-11-12 05:48:00+00:00,3113.699951171875,3115.0,3113.60009765625,3114.0,5078
2025-11-12 05:49:00+00:00,3114.0,3115.0,3112.800048828125,3113.300048828125,7271
2025-11-12 05:50:00+00:00,3115.89990234375,3116.0,3114.300048828125,3114.300048828125,7252
2025-11-12 05:51:00+00:00,3116.199951171875,3117.0,3115.199951171875,3116.0,6849
2025-11-12 05:52:00+00:00,3116.39990234375,3117.10009765625,3116.10009765625,3116.300048828125,7292
2025-11-12 05:53:00+00:00,3116.10009765625,3116.699951171875,3116.10009765625,3116.5,5821
2025-11-12 05:54:00+00:00,3116.5,3117.199951171875,3116.0,3116.10009765625,8323
2025-11-12 05:55:00+00:00,3116.39990234375,3117.800048828125,3116.10009765625,3116.5,8484
2025-11-12 05:56:00+00:00,3115.699951171875,3117.5,3115.60009765625,3116.5,9315
2025-11-12 05:57:00+00:00,3116.10009765625,3116.5,3114.89990234375,3115.699951171875,6503
2025-11-12 05:58:00+00:00,3116.300048828125,3117.800048828125,3116.10009765625,3116.10009765625,8160
2025-11-12 05:59:00+00:00,3116.39990234375,3118.0,3116.300048828125,3116.300048828125,5566
2025-11-12 06:00:00+00:00,3116.0,3117.0,3116.0,3116.39990234375,5026
2025-11-12 06:01:00+00:00,3116.699951171875,3117.0,3116.0,3116.0,3344
2025-11-12 06:02:00+00:00,3116.800048828125,3117.0,3116.699951171875,3116.699951171875,4223
2025-11-12 06:03:00+00:00,3117.199951171875,3117.89990234375,3116.800048828125,3116.800048828125,4558
2025-11-12 06:04:00+00:00,3116.60009765625,3118.0,3116.10009765625,3117.60009765625,6743
2025-11-12 06:05:00+00:00,3115.800048828125,3117.199951171875,3115.60009765625,3116.89990234375,5452
2025-11-12 06:06:00+00:00,3116.300048828125,3117.199951171875,3115.800048828125,3115.800048828125,3240
2025-11-12 06:07:00+00:00,3116.39990234375,3117.0,3116.0,3116.300048828125,4166
2025-11-12 06:08:00+00:00,3117.0,3117.0,3116.199951171875,3116.39990234375,4012
2025-11-12 06:09:00+00:00,3117.0,3117.199951171875,3116.5,3116.800048828125,3828
2025-11-12 06:10:00+00:00,3116.5,3117.199951171875,3116.5,3117.0,6716
2025-11-12 06:11:00+00:00,3115.300048828125,3117.0,3115.300048828125,3116.5,4947
2025-11-12 06:12:00+00:00,3114.5,3116.0,3114.199951171875,3115.0,15476
2025-11-12 06:13:00+00:00,3115.5,3116.0,3114.5,3114.5,9413
2025-11-12 06:14:00+00:00,3116.0,3116.5,3115.5,3115.5,7258
2025-11-12 06:15:00+00:00,3116.60009765625,3117.199951171875,3115.800048828125,3116.0,5135
2025-11-12 06:16:00+00:00,3115.800048828125,3116.89990234375,3115.60009765625,3116.60009765625,4773
2025-11-12 06:17:00+00:00,3115.800048828125,3116.60009765625,3115.300048828125,3115.89990234375,4802
2025-11-12 06:18:00+00:00,3115.10009765625,3116.699951171875,3114.89990234375,3115.60009765625,4010
2025-11-12 06:19:00+00:00,3114.800048828125,3116.0,3114.699951171875,3115.10009765625,6916
2025-11-12 06:20:00+00:00,3114.0,3114.89990234375,3112.5,3114.89990234375,22994
2025-11-12 06:21:00+00:00,3115.699951171875,3117.0,3114.0,3114.0,9632
2025-11-12 06:22:00+00:00,3116.300048828125,3116.89990234375,3115.10009765625,3115.699951171875,4763
2025-11-12 06:23:00+00:00,3116.10009765625,3117.10009765625,3116.0,3116.300048828125,4429
2025-11-12 06:24:00+00:00,3115.800048828125,3117.0,3115.800048828125,3116.10009765625,2933
2025-11-12 06:25:00+00:00,3117.199951171875,3117.199951171875,3115.800048828125,3115.800048828125,9286
2025-11-12 06:26:00+00:00,3118.300048828125,3119.0,3117.5,3117.5,11087
2025-11-12 06:27:00+00:00,3116.0,3120.0,3115.5,3118.300048828125,19909
2025-11-12 06:28:00+00:00,3116.199951171875,3117.699951171875,3115.89990234375,3116.0,6242
2025-11-12 06:29:00+00:00,3117.0,3117.0,3116.10009765625,3116.199951171875,3496
2025-11-12 06:30:00+00:00,3116.5,3117.5,3115.699951171875,3116.10009765625,3621
2025-11-12 06:31:00+00:00,3116.300048828125,3118.0,3116.10009765625,3117.10009765625,4248
2025-11-12 06:32:00+00:00,3115.10009765625,3117.39990234375,3115.0,3116.300048828125,5472
2025-11-12 06:33:00+00:00,3115.800048828125,3117.0,3115.10009765625,3115.10009765625,4801
2025-11-12 06:34:00+00:00,3116.699951171875,3116.89990234375,3115.800048828125,3115.800048828125,3284
2025-11-12 06:35:00+00:00,3116.0,3116.699951171875,3115.89990234375,3116.60009765625,2388
2025-11-12 06:36:00+00:00,3115.10009765625,3115.89990234375,3115.0,3115.0,4239
2025-11-12 06:37:00+00:00,3115.39990234375,3116.0,3114.699951171875,3115.0,8721
2025-11-12 06:38:00+00:00,3115.800048828125,3116.0,3114.89990234375,3115.699951171875,6633
2025-11-12 06:39:00+00:00,3117.0,3118.300048828125,3115.800048828125,3116.10009765625,7527
2025-11-12 06:40:00+00:00,3117.300048828125,3118.800048828125,3117.0,3117.0,6815
2025-11-12 06:41:00+00:00,3117.199951171875,3118.39990234375,3116.699951171875,3117.300048828125,3658
2025-11-12 06:42:00+00:00,3118.10009765625,3118.5,3117.199951171875,3117.89990234375,2510
2025-11-12 06:43:00+00:00,3118.0,3119.0,3117.300048828125,3118.10009765625,3889
2025-11-12 06:44:00+00:00,3117.60009765625,3118.5,3117.300048828125,3118.0,3138
2025-11-12 06:45:00+00:00,3117.60009765625,3118.300048828125,3117.0,3117.60009765625,3492
2025-11-12 06:46:00+00:00,3116.0,3118.0,3115.89990234375,3117.5,3398
2025-11-12 06:47:00+00:00,3115.699951171875,3116.0,3115.699951171875,3115.89990234375,3269
2025-11-12 06:48:00+00:00,3115.89990234375,3116.0,3115.199951171875,3115.699951171875,3169
2025-11-12 06:49:00+00:00,3115.5,3116.10009765625,3115.5,3115.89990234375,3628
2025-11-12 06:50:00+00:00,3115.60009765625,3116.699951171875,3115.5,3115.5,3352
2025-11-12 06:51:00+00:00,3115.0,3116.60009765625,3115.0,3115.60009765625,5228
2025-11-12 06:52:00+00:00,3115.199951171875,3115.800048828125,3115.0,3115.5,3284
2025-11-12 06:53:00+00:00,3115.0,3115.5,3115.0,3115.199951171875,3141
2025-11-12 06:54:00+00:00,3117.199951171875,3117.300048828125,3115.0,3115.10009765625,7064
2025-11-12 06:55:00+00:00,3116.89990234375,3117.300048828125,3116.800048828125,3117.0,3000
2025-11-12 06:56:00+00:00,3117.0,3117.10009765625,3116.800048828125,3116.89990234375,2687
2025-11-12 06:57:00+00:00,3116.89990234375,3117.0,3116.199951171875,3117.0,3096
2025-11-12 06:58:00+00:00,3118.5,3119.0,3116.5,3116.5,8024
2025-11-12 06:59:00+00:00,3118.5,3119.89990234375,3118.0,3118.699951171875,5397
2025-11-12 07:00:00+00:00,3120.300048828125,3120.300048828125,3118.300048828125,3118.60009765625,15181
2025-11-12 07:01:00+00:00,3121.0,3121.89990234375,3120.0,3120.0,8682
2025-11-12 07:02:00+00:00,3121.699951171875,3122.0,3120.699951171875,3121.10009765625,4084
2025-11-12 07:03:00+00:00,3120.300048828125,3121.89990234375,3120.0,3121.5,2710
2025-11-12 07:04:00+00:00,3120.0,3120.89990234375,3120.0,3120.89990234375,4553
2025-11-12 07:05:00+00:00,3120.5,3120.699951171875,3120.0,3120.0,4199
2025-11-12 07:06:00+00:00,3120.10009765625,3120.800048828125,3120.0,3120.0,2126
2025-11-12 07:07:00+00:00,3120.300048828125,3120.699951171875,3120.0,3120.10009765625,3350
2025-11-12 07:08:00+00:00,3120.0,3120.699951171875,3120.0,3120.39990234375,6867
2025-11-12 07:09:00+00:00,3119.699951171875,3120.199951171875,3118.0,3120.0,26185
2025-11-12 07:10:00+00:00,3119.89990234375,3120.5,3119.60009765625,3120.0,9084
2025-11-12 07:11:00+00:00,3120.699951171875,3120.800048828125,3119.89990234375,3120.0,3951
2025-11-12 07:12:00+00:00,3120.5,3121.0,3120.0,3120.5,2123
2025-11-12 07:13:00+00:00,3120.0,3120.5,3119.89990234375,3120.10009765625,8537
2025-11-12 07:14:00+00:00,3121.0,3121.0,3120.0,3120.10009765625,3730
2025-11-12 07:15:00+00:00,3120.0,3121.0,3120.0,3120.39990234375,3417
2025-11-12 07:16:00+00:00,3120.300048828125,3120.300048828125,3120.0,3120.300048828125,3003
2025-11-12 07:17:00+00:00,3120.60009765625,3120.89990234375,3120.0,3120.199951171875,2458
2025-11-12 07:18:00+00:00,3120.300048828125,3120.60009765625,3120.0,3120.300048828125,2408
2025-11-12 07:19:00+00:00,3120.199951171875,3120.5,3120.0,3120.5,8170
2025-11-12 07:20:00+00:00,3120.300048828125,3120.39990234375,3120.0,3120.0,4247
2025-11-12 07:21:00+00:00,3120.0,3120.39990234375,3120.0,3120.0,6408
2025-11-12 07:22:00+00:00,3120.0,3120.39990234375,3120.0,3120.199951171875,3561
2025-11-12 07:23:00+00:00,3120.0,3120.199951171875,3120.0,3120.0,15120
2025-11-12 07:24:00+00:00,3116.89990234375,3120.0,3116.89990234375,3120.0,15731
2025-11-12 07:25:00+00:00,3117.0,3117.699951171875,3116.0,3116.800048828125,10283
2025-11-12 07:26:00+00:00,3120.10009765625,3120.89990234375,3117.10009765625,3117.10009765625,28935
2025-11-12 07:27:00+00:00,3122.10009765625,3122.89990234375,3120.300048828125,3120.300048828125,22481
2025-11-12 07:28:00+00:00,3122.60009765625,3123.0,3121.39990234375,3122.60009765625,3682
2025-11-12 07:29:00+00:00,3122.800048828125,3124.10009765625,3122.60009765625,3122.60009765625,11521
2025-11-12 07:30:00+00:00,3123.0,3124.0,3121.10009765625,3123.0,3350
2025-11-12 07:31:00+00:00,3122.699951171875,3124.0,3122.0,3123.10009765625,2808
2025-11-12 07:32:00+00:00,3122.199951171875,3123.0,3121.89990234375,3123.0,2457
2025-11-12 07:33:00+00:00,3121.699951171875,3123.39990234375,3121.300048828125,3122.199951171875,17047
2025-11-12 07:34:00+00:00,3123.699951171875,3124.199951171875,3121.60009765625,3121.60009765625,9549
2025-11-12 07:35:00+00:00,3122.300048828125,3124.0,3122.300048828125,3123.800048828125,9784
2025-11-12 07:36:00+00:00,3123.60009765625,3124.0,3122.39990234375,3123.300048828125,7461
2025-11-12 07:37:00+00:00,3124.0,3124.199951171875,3122.699951171875,3123.699951171875,4031
2025-11-12 07:38:00+00:00,3122.800048828125,3124.300048828125,3122.10009765625,3123.10009765625,7883
2025-11-12 07:39:00+00:00,3122.199951171875,3122.199951171875,3121.0,3122.0,3501
2025-11-12 07:40:00+00:00,3122.39990234375,3123.0,3121.39990234375,3121.60009765625,10960
2025-11-12 07:41:00+00:00,3122.699951171875,3123.39990234375,3121.0,3123.0,8364
2025-11-12 07:42:00+00:00,3125.10009765625,3125.10009765625,3121.5,3121.5,29241
2025-11-12 07:43:00+00:00,3125.5,3125.699951171875,3125.0,3125.10009765625,10013
2025-11-12 07:44:00+00:00,3125.0,3125.89990234375,3124.5,3125.10009765625,11348
2025-11-12 07:45:00+00:00,3125.10009765625,3126.0,3125.0,3125.89990234375,7175
2025-11-12 07:46:00+00:00,3125.0,3125.10009765625,3125.0,3125.0,5598
2025-11-12 07:47:00+00:00,3125.0,3125.10009765625,3125.0,3125.10009765625,12558
2025-11-12 07:48:00+00:00,3125.10009765625,3125.10009765625,3125.0,3125.0,7004
2025-11-12 07:49:00+00:00,3124.0,3125.5,3123.800048828125,3125.0,17370
2025-11-12 07:50:00+00:00,3124.10009765625,3124.89990234375,3123.199951171875,3124.0,4601
2025-11-12 07:51:00+00:00,3124.300048828125,3125.0,3124.0,3124.10009765625,5591
2025-11-12 07:52:00+00:00,3124.39990234375,3125.0,3124.0,3125.0,4287
2025-11-12 07:53:00+00:00,3124.60009765625,3125.0,3124.10009765625,3124.39990234375,2521
2025-11-12 07:54:00+00:00,3124.5,3125.0,3124.0,3124.10009765625,3955
2025-11-12 07:55:00+00:00,3124.300048828125,3124.800048828125,3124.10009765625,3124.10009765625,3537
2025-11-12 07:56:00+00:00,3124.300048828125,3124.60009765625,3124.0,3124.199951171875,4302
2025-11-12 07:57:00+00:00,3124.199951171875,3124.699951171875,3124.0,3124.300048828125,4240
2025-11-12 07:58:00+00:00,3122.89990234375,3124.300048828125,3122.89990234375,3124.199951171875,5845
2025-11-12 07:59:00+00:00,3122.300048828125,3123.10009765625,3121.89990234375,3122.89990234375,5061
2025-11-12 08:00:00+00:00,3122.5,3122.89990234375,3121.89990234375,3122.300048828125,9394
2025-11-12 08:01:00+00:00,3122.89990234375,3122.89990234375,3121.10009765625,3122.39990234375,8030
2025-11-12 08:02:00+00:00,3120.60009765625,3122.89990234375,3120.10009765625,3122.89990234375,10398
2025-11-12 08:03:00+00:00,3121.89990234375,3122.0,3120.0,3120.60009765625,8276
2025-11-12 08:04:00+00:00,3122.0,3122.89990234375,3121.10009765625,3121.89990234375,4119
2025-11-12 08:05:00+00:00,3121.0,3122.0,3120.10009765625,3122.0,3750
2025-11-12 08:06:00+00:00,3120.89990234375,3121.800048828125,3120.0,3121.0,16521
2025-11-12 08:07:00+00:00,3121.300048828125,3122.0,3120.300048828125,3120.300048828125,5091
2025-11-12 08:08:00+00:00,3122.0,3122.5,3120.699951171875,3122.0,8487
2025-11-12 08:09:00+00:00,3122.800048828125,3122.800048828125,3121.300048828125,3121.89990234375,12448
2025-11-12 08:10:00+00:00,3124.199951171875,3124.39990234375,3122.699951171875,3122.699951171875,12604
2025-11-12 08:11:00+00:00,3123.5,3125.0,3123.39990234375,3124.199951171875,10259
2025-11-12 08:12:00+00:00,3123.300048828125,3124.0,3122.5,3123.5,2931
2025-11-12 08:13:00+00:00,3124.39990234375,3124.39990234375,3122.5,3122.89990234375,7162
2025-11-12 08:14:00+00:00,3124.800048828125,3124.800048828125,3124.0,3124.199951171875,3408
2025-11-12 08:15:00+00:00,3124.5,3125.0,3124.0,3124.89990234375,6891
2025-11-12 08:16:00+00:00,3125.0,3125.0,3124.699951171875,3124.89990234375,2619
2025-11-12 08:17:00+00:00,3124.800048828125,3125.0,3124.0,3124.699951171875,3763
2025-11-12 08:18:00+00:00,3124.39990234375,3124.89990234375,3123.0,3124.5,8587
2025-11-12 08:19:00+00:00,3123.89990234375,3124.39990234375,3123.39990234375,3124.39990234375,4532
2025-11-12 08:20:00+00:00,3122.699951171875,3124.0,3122.0,3123.699951171875,4367
2025-11-12 08:21:00+00:00,3122.699951171875,3123.10009765625,3122.0,3122.699951171875,4506
2025-11-12 08:22:00+00:00,3123.0,3123.0,3122.0,3122.699951171875,3210
2025-11-12 08:23:00+00:00,3122.800048828125,3123.10009765625,3122.10009765625,3122.89990234375,2685
2025-11-12 08:24:00+00:00,3122.10009765625,3123.0,3121.800048828125,3123.0,6024
2025-11-12 08:25:00+00:00,3122.0,3122.60009765625,3120.60009765625,3121.5,5531
2025-11-12 08:26:00+00:00,3121.89990234375,3122.89990234375,3120.5,3122.0,3794
2025-11-12 08:27:00+00:00,3122.199951171875,3122.199951171875,3121.800048828125,3121.800048828125,1977
2025-11-12 08:28:00+00:00,3122.39990234375,3122.39990234375,3122.0,3122.0,3362
2025-11-12 08:29:00+00:00,3121.0,3122.0,3120.199951171875,3122.0,3876
2025-11-12 08:30:00+00:00,3121.0,3121.39990234375,3120.0,3120.199951171875,5544
2025-11-12 08:31:00+00:00,3121.5,3121.800048828125,3120.60009765625,3120.60009765625,3235
2025-11-12 08:32:00+00:00,3120.800048828125,3121.60009765625,3120.10009765625,3120.60009765625,3406
2025-11-12 08:33:00+00:00,3120.60009765625,3121.0,3120.0,3120.10009765625,9051
2025-11-12 08:34:00+00:00,3122.10009765625,3122.10009765625,3120.39990234375,3120.60009765625,5416
2025-11-12 08:35:00+00:00,3122.0,3122.10009765625,3121.10009765625,3122.10009765625,3981
2025-11-12 08:36:00+00:00,3121.89990234375,3122.0,3121.300048828125,3122.0,2979
2025-11-12 08:37:00+00:00,3120.60009765625,3122.0,3120.5,3121.89990234375,3259
2025-11-12 08:38:00+00:00,3120.0,3121.10009765625,3120.0,3120.60009765625,9403
2025-11-12 08:39:00+00:00,3119.199951171875,3120.199951171875,3119.10009765625,3120.10009765625,16296
2025-11-12 08:40:00+00:00,3121.0,3121.10009765625,3118.60009765625,3119.5,20937
2025-11-12 08:41:00+00:00,3120.60009765625,3121.0,3119.10009765625,3120.800048828125,8288
2025-11-12 08:42:00+00:00,3120.699951171875,3121.0,3120.10009765625,3120.5,6577
2025-11-12 08:43:00+00:00,3120.10009765625,3120.89990234375,3120.10009765625,3120.699951171875,4418
2025-11-12 08:44:00+00:00,3120.800048828125,3121.0,3120.199951171875,3120.199951171875,3663
2025-11-12 08:45:00+00:00,3120.5,3121.0,3120.0,3121.0,8613
2025-11-12 08:46:00+00:00,3119.39990234375,3120.800048828125,3119.39990234375,3120.60009765625,6843
2025-11-12 08:47:00+00:00,3120.199951171875,3120.39990234375,3119.300048828125,3119.5,8624
2025-11-12 08:48:00+00:00,3120.89990234375,3121.0,3119.89990234375,3120.199951171875,4814
2025-11-12 08:49:00+00:00,3121.300048828125,3121.300048828125,3120.800048828125,3120.89990234375,4458
2025-11-12 08:50:00+00:00,3120.89990234375,3122.0,3120.89990234375,3121.300048828125,5705
2025-11-12 08:51:00+00:00,3121.0,3121.300048828125,3120.199951171875,3121.300048828125,4548
2025-11-12 08:52:00+00:00,3120.800048828125,3121.39990234375,3120.0,3121.0,6807
2025-11-12 08:53:00+00:00,3120.300048828125,3120.699951171875,3119.699951171875,3120.699951171875,14948
2025-11-12 08:54:00+00:00,3120.5,3120.89990234375,3119.5,3120.39990234375,4386
2025-11-12 08:55:00+00:00,3122.800048828125,3122.800048828125,3120.0,3120.10009765625,6718
2025-11-12 08:56:00+00:00,3123.300048828125,3123.300048828125,3122.39990234375,3122.800048828125,16458
2025-11-12 08:57:00+00:00,3124.0,3124.0,3122.60009765625,3123.199951171875,22194
2025-11-12 08:58:00+00:00,3123.60009765625,3124.39990234375,3123.0,3123.699951171875,14447
2025-11-12 08:59:00+00:00,3122.5,3123.60009765625,3121.39990234375,3123.60009765625,5554
2025-11-12 09:00:00+00:00,3122.5,3122.89990234375,3121.60009765625,3122.300048828125,5203
2025-11-12 09:01:00+00:00,3124.0,3124.0,3122.300048828125,3122.699951171875,4471
2025-11-12 09:02:00+00:00,3123.699951171875,3124.10009765625,3122.5,3124.10009765625,6669
2025-11-12 09:03:00+00:00,3123.800048828125,3124.199951171875,3123.39990234375,3123.699951171875,3908
2025-11-12 09:04:00+00:00,3124.0,3124.0,3123.800048828125,3123.89990234375,4457
2025-11-12 09:05:00+00:00,3124.699951171875,3124.800048828125,3123.89990234375,3124.0,5503
2025-11-12 09:06:00+00:00,3124.300048828125,3124.800048828125,3124.0,3124.0,5382
2025-11-12 09:07:00+00:00,3123.89990234375,3124.800048828125,3123.39990234375,3124.39990234375,6726
2025-11-12 09:08:00+00:00,3124.0,3124.39990234375,3123.89990234375,3124.0,6669
2025-11-12 09:09:00+00:00,3125.0,3125.0,3123.89990234375,3124.199951171875,6731
2025-11-12 09:10:00+00:00,3125.0,3125.0,3124.199951171875,3125.0,5342
2025-11-12 09:11:00+00:00,3123.39990234375,3125.39990234375,3123.39990234375,3125.0,13587
2025-11-12 09:12:00+00:00,3122.60009765625,3123.89990234375,3122.199951171875,3123.60009765625,13892
2025-11-12 09:13:00+00:00,3123.10009765625,3123.699951171875,3122.5,3122.60009765625,13745
2025-11-12 09:14:00+00:00,3123.5,3124.199951171875,3122.10009765625,3123.0,10534
2025-11-12 09:15:00+00:00,3125.300048828125,3125.800048828125,3123.89990234375,3123.89990234375,12324
2025-11-12 09:16:00+00:00,3125.39990234375,3125.5,3125.0,3125.5,8073
2025-11-12 09:17:00+00:00,3130.0,3130.699951171875,3124.89990234375,3125.10009765625,101640
2025-11-12 09:18:00+00:00,3130.0,3130.89990234375,3127.39990234375,3128.5,73162
2025-11-12 09:19:00+00:00,3131.699951171875,3133.0,3129.199951171875,3130.0,86606
2025-11-12 09:20:00+00:00,3131.800048828125,3132.10009765625,3130.10009765625,3131.5,11406
2025-11-12 09:21:00+00:00,3130.699951171875,3131.89990234375,3130.10009765625,3131.800048828125,10000
2025-11-12 09:22:00+00:00,3131.300048828125,3131.300048828125,3130.0,3130.800048828125,12138
2025-11-12 09:23:00+00:00,3131.300048828125,3131.39990234375,3130.89990234375,3131.10009765625,10244
2025-11-12 09:24:00+00:00,3130.699951171875,3131.199951171875,3130.300048828125,3131.199951171875,11142
2025-11-12 09:25:00+00:00,3130.5,3131.0,3130.10009765625,3130.5,10665
2025-11-12 09:26:00+00:00,3132.0,3132.0,3130.39990234375,3130.39990234375,14459
2025-11-12 09:27:00+00:00,3132.5,3132.60009765625,3130.800048828125,3131.300048828125,15725
2025-11-12 09:28:00+00:00,3132.0,3132.800048828125,3132.0,3132.199951171875,11494
2025-11-12 09:29:00+00:00,3132.89990234375,3133.199951171875,3132.0,3132.199951171875,14999
2025-11-12 09:30:00+00:00,3133.800048828125,3133.89990234375,3132.699951171875,3132.699951171875,17700
2025-11-12 09:31:00+00:00,3134.699951171875,3134.699951171875,3133.699951171875,3133.699951171875,15286
2025-11-12 09:32:00+00:00,3136.300048828125,3136.300048828125,3134.699951171875,3134.800048828125,29221
2025-11-12 09:33:00+00:00,3134.0,3136.300048828125,3132.800048828125,3136.199951171875,30183
2025-11-12 09:34:00+00:00,3134.300048828125,3134.89990234375,3133.10009765625,3133.10009765625,18664
2025-11-12 09:35:00+00:00,3135.199951171875,3135.5,3134.300048828125,3134.300048828125,19605
2025-11-12 09:36:00+00:00,3134.5,3135.5,3134.0,3135.199951171875,30289
2025-11-12 09:37:00+00:00,3133.199951171875,3134.60009765625,3133.0,3134.5,22939
2025-11-12 09:38:00+00:00,3133.300048828125,3134.0,3132.5,3133.199951171875,31464
2025-11-12 09:39:00+00:00,3134.10009765625,3134.5,3133.199951171875,3133.300048828125,20135
2025-11-12 09:40:00+00:00,3134.0,3134.300048828125,3133.5,3134.10009765625,27984
2025-11-12 09:41:00+00:00,3135.0,3135.89990234375,3134.0,3134.0,26974
2025-11-12 09:42:00+00:00,3135.89990234375,3136.300048828125,3135.0,3135.300048828125,25202
2025-11-12 09:43:00+00:00,3134.699951171875,3135.89990234375,3134.699951171875,3135.800048828125,30556
2025-11-12 09:44:00+00:00,3134.10009765625,3135.300048828125,3134.0,3134.800048828125,25389
2025-11-12 09:45:00+00:00,3132.0,3134.39990234375,3131.0,3134.10009765625,31366
2025-11-12 09:46:00+00:00,3130.5,3133.300048828125,3130.10009765625,3133.0,23534
2025-11-12 09:47:00+00:00,3127.699951171875,3130.699951171875,3127.199951171875,3130.699951171875,23716
2025-11-12 09:48:00+00:00,3127.39990234375,3127.89990234375,3127.300048828125,3127.699951171875,22558
2025-11-12 09:49:00+00:00,3127.39990234375,3127.39990234375,3127.10009765625,3127.39990234375,15275
2025-11-12 09:50:00+00:00,3126.5,3127.5,3125.89990234375,3127.39990234375,31466
2025-11-12 09:51:00+00:00,3127.300048828125,3128.300048828125,3126.0,3126.60009765625,26964
2025-11-12 09:52:00+00:00,3130.10009765625,3130.699951171875,3127.300048828125,3127.300048828125,33018
2025-11-12 09:53:00+00:00,3129.300048828125,3130.300048828125,3128.800048828125,3130.300048828125,20747
2025-11-12 09:54:00+00:00,3128.0,3129.39990234375,3127.60009765625,3129.39990234375,17917
2025-11-12 09:55:00+00:00,3127.300048828125,3128.60009765625,3127.300048828125,3128.60009765625,17082
2025-11-12 09:56:00+00:00,3127.199951171875,3128.10009765625,3126.5,3127.39990234375,25328
2025-11-12 09:57:00+00:00,3126.89990234375,3127.39990234375,3126.39990234375,3127.300048828125,18038
2025-11-12 09:58:00+00:00,3126.0,3127.0,3125.0,3127.0,10268
2025-11-12 09:59:00+00:00,3125.60009765625,3127.0,3125.10009765625,3126.0,6867
2025-11-13 03:45:00+00:00,3117.39990234375,3131.39990234375,3114.699951171875,3128.0,0
2025-11-13 03:46:00+00:00,3114.0,3118.39990234375,3111.0,3117.60009765625,24215
2025-11-13 03:47:00+00:00,3116.0,3117.89990234375,3113.699951171875,3114.0,17976
2025-11-13 03:48:00+00:00,3118.0,3122.199951171875,3115.5,3115.800048828125,13195
2025-11-13 03:49:00+00:00,3116.199951171875,3119.800048828125,3115.89990234375,3117.800048828125,7297
2025-11-13 03:50:00+00:00,3117.300048828125,3118.39990234375,3115.0,3115.0,7156
2025-11-13 03:51:00+00:00,3116.10009765625,3117.300048828125,3115.0,3117.300048828125,4446
2025-11-13 03:52:00+00:00,3115.89990234375,3118.0,3114.800048828125,3116.89990234375,9787
2025-11-13 03:53:00+00:00,3110.699951171875,3116.10009765625,3108.60009765625,3116.10009765625,15656
2025-11-13 03:54:00+00:00,3109.0,3112.0,3108.10009765625,3110.5,12683
2025-11-13 03:55:00+00:00,3114.300048828125,3115.0,3110.0,3110.0,4817
2025-11-13 03:56:00+00:00,3115.5,3115.89990234375,3113.800048828125,3113.89990234375,7215
2025-11-13 03:57:00+00:00,3117.89990234375,3118.0,3115.10009765625,3115.800048828125,5348
2025-11-13 03:58:00+00:00,3118.0,3119.800048828125,3116.800048828125,3118.5,6431
2025-11-13 03:59:00+00:00,3118.0,3119.0,3115.0,3118.0,2784
2025-11-13 04:00:00+00:00,3112.5,3117.699951171875,3111.0,3117.699951171875,7983
2025-11-13 04:01:00+00:00,3114.5,3115.300048828125,3110.800048828125,3111.89990234375,5404
2025-11-13 04:02:00+00:00,3115.60009765625,3116.199951171875,3114.5,3114.5,3809
2025-11-13 04:03:00+00:00,3113.0,3115.300048828125,3112.89990234375,3114.699951171875,3164
2025-11-13 04:04:00+00:00,3110.5,3112.89990234375,3109.699951171875,3112.89990234375,6592
2025-11-13 04:05:00+00:00,3112.60009765625,3115.5,3110.5,3110.5,3214
2025-11-13 04:06:00+00:00,3110.699951171875,3113.0,3109.89990234375,3112.60009765625,4141
2025-11-13 04:07:00+00:00,3112.699951171875,3113.10009765625,3111.39990234375,3111.39990234375,1948
2025-11-13 04:08:00+00:00,3116.89990234375,3117.800048828125,3112.0,3112.0,3106
2025-11-13 04:09:00+00:00,3116.0,3116.89990234375,3114.199951171875,3116.89990234375,3314
2025-11-13 04:10:00+00:00,3113.300048828125,3116.0,3112.0,3115.60009765625,2632
2025-11-13 04:11:00+00:00,3110.60009765625,3113.800048828125,3110.60009765625,3113.800048828125,3137
2025-11-13 04:12:00+00:00,3108.39990234375,3111.10009765625,3108.39990234375,3111.10009765625,5639
2025-11-13 04:13:00+00:00,3112.0,3112.10009765625,3108.5,3108.5,2448
2025-11-13 04:14:00+00:00,3111.800048828125,3113.5,3111.10009765625,3111.199951171875,2834
2025-11-13 04:15:00+00:00,3119.89990234375,3120.0,3111.199951171875,3111.800048828125,9284
2025-11-13 04:16:00+00:00,3120.0,3121.699951171875,3120.0,3120.699951171875,3365
2025-11-13 04:17:00+00:00,3120.39990234375,3121.0,3119.699951171875,3120.60009765625,4023
2025-11-13 04:18:00+00:00,3119.0,3122.300048828125,3118.0,3120.89990234375,5193
2025-11-13 04:19:00+00:00,3119.60009765625,3120.0,3118.0,3118.0,2878
2025-11-13 04:20:00+00:00,3121.10009765625,3122.0,3118.699951171875,3119.89990234375,3838
2025-11-13 04:21:00+00:00,3118.60009765625,3121.10009765625,3118.0,3121.10009765625,2012
2025-11-13 04:22:00+00:00,3118.300048828125,3118.60009765625,3118.0,3118.60009765625,838
2025-11-13 04:23:00+00:00,3116.800048828125,3118.5,3116.800048828125,3118.10009765625,2196
2025-11-13 04:24:00+00:00,3116.5,3118.0,3116.5,3116.800048828125,2043
2025-11-13 04:25:00+00:00,3116.10009765625,3116.39990234375,3115.0,3115.800048828125,3090
2025-11-13 04:26:00+00:00,3116.699951171875,3117.0,3116.0,3116.10009765625,2294
2025-11-13 04:27:00+00:00,3118.39990234375,3118.5,3117.300048828125,3118.0,1742
2025-11-13 04:28:00+00:00,3118.0,3118.39990234375,3117.5,3117.5,931
2025-11-13 04:29:00+00:00,3118.300048828125,3119.800048828125,3117.5,3117.5,2444
2025-11-13 04:30:00+00:00,3117.0,3119.5,3117.0,3119.0,1169
2025-11-13 04:31:00+00:00,3118.60009765625,3118.60009765625,3116.300048828125,3117.60009765625,1222
2025-11-13 04:32:00+00:00,3118.300048828125,3119.60009765625,3118.300048828125,3118.60009765625,2319
2025-11-13 04:33:00+00:00,3117.89990234375,3118.5,3117.89990234375,3118.5,632
2025-11-13 04:34:00+00:00,3118.89990234375,3118.89990234375,3117.60009765625,3117.800048828125,2170
2025-11-13 04:35:00+00:00,3119.5,3119.699951171875,3118.39990234375,3118.89990234375,1641
2025-11-13 04:36:00+00:00,3118.89990234375,3119.800048828125,3118.89990234375,3119.60009765625,1032
2025-11-13 04:37:00+00:00,3118.89990234375,3119.5,3117.699951171875,3118.699951171875,5232
2025-11-13 04:38:00+00:00,3119.39990234375,3120.0,3118.10009765625,3119.10009765625,3252
2025-11-13 04:39:00+00:00,3119.699951171875,3120.39990234375,3118.89990234375,3119.60009765625,1528
2025-11-13 04:40:00+00:00,3122.699951171875,3122.699951171875,3120.5,3120.699951171875,3375
2025-11-13 04:41:00+00:00,3117.800048828125,3122.699951171875,3117.800048828125,3122.699951171875,3850
2025-11-13 04:42:00+00:00,3118.300048828125,3118.89990234375,3116.10009765625,3118.39990234375,2226
2025-11-13 04:43:00+00:00,3117.199951171875,3118.699951171875,3116.39990234375,3118.0,951
2025-11-13 04:44:00+00:00,3116.199951171875,3117.199951171875,3116.10009765625,3117.199951171875,964
2025-11-13 04:45:00+00:00,3117.800048828125,3118.0,3116.699951171875,3117.0,2954
2025-11-13 04:46:00+00:00,3118.5,3118.5,3117.800048828125,3117.89990234375,1131
2025-11-13 04:47:00+00:00,3120.0,3120.800048828125,3118.0,3120.0,2604
2025-11-13 04:48:00+00:00,3119.39990234375,3120.0,3118.5,3120.0,1004
2025-11-13 04:49:00+00:00,3120.5,3120.5,3119.199951171875,3119.199951171875,3625
2025-11-13 04:50:00+00:00,3117.300048828125,3120.5,3117.300048828125,3120.0,4561
2025-11-13 04:51:00+00:00,3117.800048828125,3119.10009765625,3117.300048828125,3118.0,2082
2025-11-13 04:52:00+00:00,3118.0,3118.60009765625,3117.5,3117.800048828125,592
2025-11-13 04:53:00+00:00,3118.800048828125,3118.800048828125,3117.0,3118.0,1883
2025-11-13 04:54:00+00:00,3120.10009765625,3120.800048828125,3118.60009765625,3119.0,2951
2025-11-13 04:55:00+00:00,3119.39990234375,3120.5,3119.10009765625,3120.5,1414
2025-11-13 04:56:00+00:00,3119.5,3120.0,3119.10009765625,3119.199951171875,1711
2025-11-13 04:57:00+00:00,3119.300048828125,3119.5,3118.5,3119.5,775
2025-11-13 04:58:00+00:00,3119.10009765625,3119.199951171875,3118.10009765625,3119.199951171875,952
2025-11-13 04:59:00+00:00,3118.5,3119.199951171875,3117.0,3119.10009765625,2378
2025-11-13 05:00:00+00:00,3120.5,3120.60009765625,3118.0,3118.89990234375,2194
2025-11-13 05:01:00+00:00,3120.10009765625,3120.10009765625,3118.800048828125,3120.0,2456
2025-11-13 05:02:00+00:00,3119.89990234375,3120.39990234375,3119.199951171875,3120.10009765625,696
2025-11-13 05:03:00+00:00,3120.0,3120.300048828125,3119.89990234375,3119.89990234375,986
2025-11-13 05:04:00+00:00,3120.5,3120.5,3120.0,3120.0,1183
2025-11-13 05:05:00+00:00,3120.5,3120.5,3120.300048828125,3120.5,1481
2025-11-13 05:06:00+00:00,3121.5,3121.60009765625,3120.5,3120.5,2804
2025-11-13 05:07:00+00:00,3120.60009765625,3121.5,3120.60009765625,3120.800048828125,1582
2025-11-13 05:08:00+00:00,3121.0,3121.699951171875,3120.60009765625,3120.60009765625,2225
2025-11-13 05:09:00+00:00,3120.39990234375,3121.0,3120.0,3121.0,1202
2025-11-13 05:10:00+00:00,3118.800048828125,3120.39990234375,3118.800048828125,3120.39990234375,3012
2025-11-13 05:11:00+00:00,3119.699951171875,3120.0,3119.5,3119.699951171875,1270
2025-11-13 05:12:00+00:00,3118.5,3119.89990234375,3118.5,3119.699951171875,1854
2025-11-13 05:13:00+00:00,3119.0,3119.10009765625,3117.60009765625,3118.5,2738
2025-11-13 05:14:00+00:00,3118.39990234375,3118.699951171875,3117.800048828125,3118.60009765625,1226
2025-11-13 05:15:00+00:00,3119.39990234375,3119.39990234375,3118.5,3118.699951171875,1327
2025-11-13 05:16:00+00:00,3118.0,3119.199951171875,3118.0,3118.39990234375,3719
2025-11-13 05:17:00+00:00,3118.300048828125,3118.300048828125,3117.0,3118.0,2109
2025-11-13 05:18:00+00:00,3117.39990234375,3118.300048828125,3116.0,3118.300048828125,3417
2025-11-13 05:19:00+00:00,3118.699951171875,3118.699951171875,3116.89990234375,3117.39990234375,1092
2025-11-13 05:20:00+00:00,3119.800048828125,3120.0,3118.699951171875,3118.89990234375,1498
2025-11-13 05:21:00+00:00,3120.5,3120.89990234375,3118.800048828125,3119.89990234375,1381
2025-11-13 05:22:00+00:00,3120.89990234375,3121.0,3119.800048828125,3120.300048828125,1705
2025-11-13 05:23:00+00:00,3122.39990234375,3122.39990234375,3121.0,3121.0,3731
2025-11-13 05:24:00+00:00,3121.5,3122.5,3121.5,3122.5,845
2025-11-13 05:25:00+00:00,3120.5,3121.800048828125,3120.0,3121.0,1059
2025-11-13 05:26:00+00:00,3120.39990234375,3120.5,3119.5,3120.5,1281
2025-11-13 05:27:00+00:00,3120.10009765625,3120.199951171875,3119.89990234375,3120.10009765625,1293
2025-11-13 05:28:00+00:00,3120.89990234375,3121.0,3119.800048828125,3119.800048828125,1027
2025-11-13 05:29:00+00:00,3121.800048828125,3121.89990234375,3120.300048828125,3121.0,1313
2025-11-13 05:30:00+00:00,3121.0,3122.300048828125,3121.0,3121.800048828125,2347
2025-11-13 05:31:00+00:00,3120.800048828125,3120.89990234375,3120.39990234375,3120.89990234375,454
2025-11-13 05:32:00+00:00,3120.800048828125,3121.0,3120.300048828125,3120.800048828125,744
2025-11-13 05:33:00+00:00,3121.60009765625,3122.0,3120.800048828125,3120.800048828125,1468
2025-11-13 05:34:00+00:00,3123.699951171875,3124.0,3121.800048828125,3122.5,3503
2025-11-13 05:35:00+00:00,3125.0,3125.0,3123.699951171875,3124.0,5961
2025-11-13 05:36:00+00:00,3125.0,3125.0,3124.60009765625,3124.699951171875,2661
2025-11-13 05:37:00+00:00,3123.89990234375,3125.0,3123.699951171875,3125.0,3000
2025-11-13 05:38:00+00:00,3121.60009765625,3124.60009765625,3121.0,3124.300048828125,4776
2025-11-13 05:39:00+00:00,3122.699951171875,3123.300048828125,3121.10009765625,3121.60009765625,1603
2025-11-13 05:40:00+00:00,3123.0,3123.199951171875,3122.10009765625,3122.699951171875,1282
2025-11-13 05:41:00+00:00,3121.0,3123.0,3120.800048828125,3123.0,1523
2025-11-13 05:42:00+00:00,3122.0,3122.89990234375,3121.199951171875,3121.5,3351
2025-11-13 05:43:00+00:00,3120.5,3122.199951171875,3120.5,3122.0,3067
2025-11-13 05:44:00+00:00,3120.699951171875,3121.39990234375,3120.10009765625,3120.699951171875,1725
2025-11-13 05:45:00+00:00,3121.199951171875,3121.300048828125,3119.89990234375,3120.699951171875,3959
2025-11-13 05:46:00+00:00,3120.300048828125,3121.60009765625,3119.5,3121.199951171875,2646
2025-11-13 05:47:00+00:00,3121.199951171875,3121.60009765625,3120.300048828125,3121.60009765625,1135
2025-11-13 05:48:00+00:00,3121.10009765625,3121.39990234375,3120.699951171875,3121.39990234375,1751
2025-11-13 05:49:00+00:00,3120.0,3121.800048828125,3119.300048828125,3121.800048828125,7333
2025-11-13 05:50:00+00:00,3120.0,3120.699951171875,3119.39990234375,3120.60009765625,1000
2025-11-13 05:51:00+00:00,3120.0,3120.39990234375,3119.0,3119.0,3553
2025-11-13 05:52:00+00:00,3118.39990234375,3121.0,3117.60009765625,3120.0,3089
2025-11-13 05:53:00+00:00,3118.0,3118.199951171875,3116.39990234375,3116.39990234375,2786
2025-11-13 05:54:00+00:00,3117.199951171875,3118.0,3116.0,3118.0,2679
2025-11-13 05:55:00+00:00,3115.800048828125,3117.0,3115.0,3117.0,5231
2025-11-13 05:56:00+00:00,3114.300048828125,3115.800048828125,3113.10009765625,3115.800048828125,7820
2025-11-13 05:57:00+00:00,3115.800048828125,3116.800048828125,3114.300048828125,3114.300048828125,1027
2025-11-13 05:58:00+00:00,3119.0,3119.60009765625,3116.199951171875,3116.199951171875,13537
2025-11-13 05:59:00+00:00,3119.0,3120.300048828125,3118.800048828125,3119.199951171875,15126
2025-11-13 06:00:00+00:00,3119.0,3120.10009765625,3118.199951171875,3119.0,2132
2025-11-13 06:01:00+00:00,3118.699951171875,3119.0,3118.10009765625,3119.0,1014
2025-11-13 06:02:00+00:00,3119.800048828125,3119.800048828125,3118.0,3118.0,3810
2025-11-13 06:03:00+00:00,3121.0,3121.0,3119.699951171875,3119.699951171875,4691
2025-11-13 06:04:00+00:00,3120.199951171875,3120.699951171875,3120.0,3120.60009765625,3294
2025-11-13 06:05:00+00:00,3120.39990234375,3120.39990234375,3120.0,3120.39990234375,1069
2025-11-13 06:06:00+00:00,3120.0,3120.199951171875,3119.800048828125,3120.0,1870
2025-11-13 06:07:00+00:00,3120.199951171875,3120.39990234375,3120.0,3120.199951171875,3235
2025-11-13 06:08:00+00:00,3120.60009765625,3121.0,3118.199951171875,3120.300048828125,11099
2025-11-13 06:09:00+00:00,3121.300048828125,3121.300048828125,3120.0,3120.0,1049
2025-11-13 06:10:00+00:00,3121.10009765625,3121.39990234375,3121.0,3121.300048828125,990
2025-11-13 06:11:00+00:00,3118.39990234375,3121.300048828125,3117.699951171875,3121.10009765625,10883
2025-11-13 06:12:00+00:00,3117.39990234375,3118.5,3116.699951171875,3118.5,2516
2025-11-13 06:13:00+00:00,3116.800048828125,3117.39990234375,3116.300048828125,3116.800048828125,1575
2025-11-13 06:14:00+00:00,3115.5,3117.0,3115.0,3116.800048828125,3637
2025-11-13 06:15:00+00:00,3115.5,3116.199951171875,3115.0,3116.199951171875,3523
2025-11-13 06:16:00+00:00,3115.10009765625,3116.0,3115.0,3115.5,1556
2025-11-13 06:17:00+00:00,3116.89990234375,3117.800048828125,3116.199951171875,3116.199951171875,716
2025-11-13 06:18:00+00:00,3118.60009765625,3118.800048828125,3117.300048828125,3117.699951171875,939
2025-11-13 06:19:00+00:00,3117.300048828125,3118.199951171875,3116.60009765625,3118.199951171875,1847
2025-11-13 06:20:00+00:00,3116.89990234375,3117.39990234375,3116.10009765625,3117.300048828125,470
2025-11-13 06:21:00+00:00,3116.89990234375,3116.89990234375,3116.10009765625,3116.10009765625,743
2025-11-13 06:22:00+00:00,3115.5,3116.89990234375,3115.5,3116.89990234375,1042
2025-11-13 06:23:00+00:00,3115.89990234375,3115.89990234375,3115.5,3115.5,1239
2025-11-13 06:24:00+00:00,3116.5,3116.5,3115.39990234375,3115.39990234375,1223
2025-11-13 06:25:00+00:00,3116.300048828125,3117.10009765625,3116.199951171875,3117.10009765625,1171
2025-11-13 06:26:00+00:00,3116.5,3116.5,3115.0,3115.39990234375,6199
2025-11-13 06:27:00+00:00,3115.89990234375,3117.0,3115.699951171875,3116.60009765625,1463
2025-11-13 06:28:00+00:00,3117.5,3117.5,3115.89990234375,3115.89990234375,900
2025-11-13 06:29:00+00:00,3118.199951171875,3118.199951171875,3116.39990234375,3117.699951171875,2075
2025-11-13 06:30:00+00:00,3117.699951171875,3118.300048828125,3117.10009765625,3118.300048828125,795
2025-11-13 06:31:00+00:00,3116.800048828125,3117.699951171875,3116.0,3117.699951171875,1775
2025-11-13 06:32:00+00:00,3116.10009765625,3116.800048828125,3116.0,3116.0,1180
2025-11-13 06:33:00+00:00,3115.800048828125,3117.0,3115.800048828125,3116.10009765625,2924
2025-11-13 06:34:00+00:00,3115.89990234375,3115.89990234375,3115.0,3115.39990234375,1159
2025-11-13 06:35:00+00:00,3116.0,3116.0,3115.5,3115.800048828125,427
2025-11-13 06:36:00+00:00,3118.0,3118.0,3115.800048828125,3116.0,2191
2025-11-13 06:37:00+00:00,3120.0,3120.0,3118.0,3118.5,1529
2025-11-13 06:38:00+00:00,3119.39990234375,3120.0,3119.39990234375,3119.5,1282
2025-11-13 06:39:00+00:00,3118.5,3120.0,3118.5,3119.199951171875,7120
2025-11-13 06:40:00+00:00,3118.5,3119.199951171875,3118.5,3119.199951171875,703
2025-11-13 06:41:00+00:00,3121.60009765625,3121.89990234375,3118.5,3118.5,4685
2025-11-13 06:42:00+00:00,3121.800048828125,3122.699951171875,3121.0,3122.0,3209
2025-11-13 06:43:00+00:00,3121.39990234375,3122.0,3121.10009765625,3122.0,1099
2025-11-13 06:44:00+00:00,3122.300048828125,3122.300048828125,3121.39990234375,3121.60009765625,2744
2025-11-13 06:45:00+00:00,3121.0,3122.300048828125,3120.10009765625,3122.300048828125,3637
2025-11-13 06:46:00+00:00,3121.0,3122.60009765625,3120.60009765625,3121.300048828125,11860
2025-11-13 06:47:00+00:00,3120.800048828125,3121.60009765625,3120.5,3120.699951171875,1554
2025-11-13 06:48:00+00:00,3122.10009765625,3122.39990234375,3121.0,3121.0,1222
2025-11-13 06:49:00+00:00,3122.699951171875,3122.699951171875,3120.5,3122.60009765625,4904
2025-11-13 06:50:00+00:00,3120.89990234375,3122.699951171875,3120.800048828125,3122.699951171875,1438
2025-11-13 06:51:00+00:00,3121.800048828125,3122.0,3121.300048828125,3121.300048828125,564
2025-11-13 06:52:00+00:00,3121.800048828125,3121.800048828125,3121.60009765625,3121.800048828125,935
2025-11-13 06:53:00+00:00,3122.0,3122.0,3121.699951171875,3121.800048828125,1522
2025-11-13 06:54:00+00:00,3121.800048828125,3122.0,3120.300048828125,3121.60009765625,1051
2025-11-13 06:55:00+00:00,3122.0,3122.0,3121.5,3121.800048828125,1376
2025-11-13 06:56:00+00:00,3121.39990234375,3122.0,3121.39990234375,3122.0,1015
2025-11-13 06:57:00+00:00,3121.5,3122.0,3121.199951171875,3121.39990234375,546
2025-11-13 06:58:00+00:00,3121.699951171875,3121.699951171875,3121.5,3121.699951171875,309
2025-11-13 06:59:00+00:00,3121.800048828125,3122.0,3121.699951171875,3121.699951171875,675
2025-11-13 07:00:00+00:00,3122.0,3122.0,3121.800048828125,3121.89990234375,1781
2025-11-13 07:01:00+00:00,3121.5,3122.10009765625,3121.5,3122.0,846
2025-11-13 07:02:00+00:00,3123.5,3123.5,3121.89990234375,3121.89990234375,2612
2025-11-13 07:03:00+00:00,3122.39990234375,3123.5,3122.39990234375,3123.5,797
2025-11-13 07:04:00+00:00,3121.199951171875,3122.60009765625,3121.199951171875,3122.0,2437
2025-11-13 07:05:00+00:00,3121.800048828125,3122.300048828125,3121.10009765625,3122.300048828125,685
2025-11-13 07:06:00+00:00,3120.300048828125,3122.0,3120.199951171875,3122.0,2616
2025-11-13 07:07:00+00:00,3121.0,3121.0,3120.0,3120.89990234375,3135
2025-11-13 07:08:00+00:00,3120.800048828125,3121.0,3120.0,3121.0,1158
2025-11-13 07:09:00+00:00,3120.199951171875,3121.0,3119.800048828125,3120.800048828125,3706
2025-11-13 07:10:00+00:00,3120.300048828125,3121.60009765625,3120.10009765625,3121.0,3304
2025-11-13 07:11:00+00:00,3120.0,3121.10009765625,3119.5,3120.0,6002
2025-11-13 07:12:00+00:00,3116.5,3120.5,3116.5,3120.0,14096
2025-11-13 07:13:00+00:00,3117.800048828125,3119.800048828125,3116.5,3116.89990234375,4018
2025-11-13 07:14:00+00:00,3117.5,3119.199951171875,3117.5,3117.800048828125,811
2025-11-13 07:15:00+00:00,3118.5,3119.89990234375,3117.5,3117.800048828125,1410
2025-11-13 07:16:00+00:00,3119.60009765625,3119.800048828125,3118.199951171875,3118.5,1284
2025-11-13 07:17:00+00:00,3117.5,3119.5,3117.39990234375,3119.5,699
2025-11-13 07:18:00+00:00,3118.89990234375,3118.89990234375,3117.199951171875,3117.5,461
2025-11-13 07:19:00+00:00,3119.0,3119.300048828125,3118.89990234375,3118.89990234375,488
2025-11-13 07:20:00+00:00,3118.699951171875,3119.0,3118.39990234375,3119.0,393
2025-11-13 07:21:00+00:00,3117.800048828125,3118.39990234375,3117.10009765625,3118.39990234375,2235
2025-11-13 07:22:00+00:00,3117.199951171875,3117.800048828125,3117.0,3117.800048828125,1596
2025-11-13 07:23:00+00:00,3115.300048828125,3117.199951171875,3115.300048828125,3117.199951171875,3257
2025-11-13 07:24:00+00:00,3116.0,3116.39990234375,3115.300048828125,3115.800048828125,1256
2025-11-13 07:25:00+00:00,3116.699951171875,3117.199951171875,3115.699951171875,3116.0,2225
2025-11-13 07:26:00+00:00,3115.199951171875,3116.699951171875,3115.199951171875,3116.10009765625,1328
2025-11-13 07:27:00+00:00,3116.0,3116.0,3115.39990234375,3116.0,542
2025-11-13 07:28:00+00:00,3116.10009765625,3116.89990234375,3115.699951171875,3116.0,1629
2025-11-13 07:29:00+00:00,3116.5,3116.5,3115.60009765625,3115.60009765625,581
2025-11-13 07:30:00+00:00,3119.60009765625,3119.60009765625,3116.5,3116.5,2773
2025-11-13 07:31:00+00:00,3120.0,3120.0,3119.0,3119.0,2535
2025-11-13 07:32:00+00:00,3121.39990234375,3121.39990234375,3119.5,3119.5,2841
2025-11-13 07:33:00+00:00,3120.89990234375,3122.0,3120.89990234375,3121.60009765625,3084
2025-11-13 07:34:00+00:00,3119.89990234375,3120.89990234375,3119.89990234375,3120.89990234375,818
2025-11-13 07:35:00+00:00,3121.0,3121.0,3119.89990234375,3119.89990234375,912
2025-11-13 07:36:00+00:00,3118.89990234375,3121.0,3118.60009765625,3121.0,1367
2025-11-13 07:37:00+00:00,3119.199951171875,3119.199951171875,3118.60009765625,3118.89990234375,603
2025-11-13 07:38:00+00:00,3119.10009765625,3120.199951171875,3118.89990234375,3119.199951171875,1869
2025-11-13 07:39:00+00:00,3119.699951171875,3120.199951171875,3119.0,3119.10009765625,1420
2025-11-13 07:40:00+00:00,3119.699951171875,3120.199951171875,3119.60009765625,3119.699951171875,673
2025-11-13 07:41:00+00:00,3120.0,3120.0,3119.199951171875,3119.60009765625,1499
2025-11-13 07:42:00+00:00,3120.39990234375,3120.39990234375,3119.699951171875,3120.0,545
2025-11-13 07:43:00+00:00,3120.39990234375,3120.39990234375,3120.0,3120.39990234375,557
2025-11-13 07:44:00+00:00,3120.800048828125,3120.800048828125,3120.39990234375,3120.39990234375,977
2025-11-13 07:45:00+00:00,3121.800048828125,3121.800048828125,3120.800048828125,3120.800048828125,1535
2025-11-13 07:46:00+00:00,3121.800048828125,3121.800048828125,3120.800048828125,3121.800048828125,3070
2025-11-13 07:47:00+00:00,3120.800048828125,3121.800048828125,3120.699951171875,3121.800048828125,1468
2025-11-13 07:48:00+00:00,3121.39990234375,3121.39990234375,3120.0,3120.699951171875,3702
2025-11-13 07:49:00+00:00,3121.60009765625,3121.60009765625,3121.0,3121.39990234375,717
2025-11-13 07:50:00+00:00,3120.800048828125,3121.5,3120.5,3121.10009765625,1023
2025-11-13 07:51:00+00:00,3121.800048828125,3121.800048828125,3120.60009765625,3120.60009765625,825
2025-11-13 07:52:00+00:00,3122.0,3122.0,3121.60009765625,3122.0,1652
2025-11-13 07:53:00+00:00,3123.0,3123.0,3122.0,3122.0,3776
2025-11-13 07:54:00+00:00,3122.800048828125,3123.39990234375,3122.10009765625,3123.199951171875,1893
2025-11-13 07:55:00+00:00,3121.60009765625,3122.699951171875,3120.60009765625,3122.5,1423
2025-11-13 07:56:00+00:00,3120.300048828125,3121.60009765625,3120.199951171875,3121.60009765625,862
2025-11-13 07:57:00+00:00,3120.39990234375,3120.39990234375,3120.300048828125,3120.300048828125,1063
2025-11-13 07:58:00+00:00,3120.5,3120.60009765625,3120.39990234375,3120.60009765625,639
2025-11-13 07:59:00+00:00,3120.199951171875,3120.39990234375,3120.199951171875,3120.39990234375,2378
2025-11-13 08:00:00+00:00,3120.300048828125,3120.39990234375,3120.199951171875,3120.199951171875,1201
2025-11-13 08:01:00+00:00,3120.10009765625,3120.300048828125,3120.0,3120.300048828125,2551
2025-11-13 08:02:00+00:00,3120.10009765625,3120.300048828125,3120.10009765625,3120.10009765625,1159
2025-11-13 08:03:00+00:00,3120.199951171875,3120.300048828125,3120.10009765625,3120.10009765625,2549
2025-11-13 08:04:00+00:00,3121.5,3121.89990234375,3120.199951171875,3120.199951171875,2128
2025-11-13 08:05:00+00:00,3122.39990234375,3122.5,3121.10009765625,3121.5,1448
2025-11-13 08:06:00+00:00,3123.0,3123.5,3122.5,3122.5,2757
2025-11-13 08:07:00+00:00,3121.39990234375,3123.0,3121.10009765625,3123.0,1685
2025-11-13 08:08:00+00:00,3122.10009765625,3122.10009765625,3121.39990234375,3121.39990234375,1140
2025-11-13 08:09:00+00:00,3123.0,3123.0,3122.10009765625,3122.10009765625,1005
2025-11-13 08:10:00+00:00,3122.800048828125,3123.0,3122.0,3122.5,3760
2025-11-13 08:11:00+00:00,3123.89990234375,3124.10009765625,3122.0,3122.0,3695
2025-11-13 08:12:00+00:00,3124.199951171875,3124.199951171875,3123.39990234375,3123.89990234375,1588
2025-11-13 08:13:00+00:00,3124.0,3124.5,3123.39990234375,3124.300048828125,3179
2025-11-13 08:14:00+00:00,3123.0,3124.0,3121.89990234375,3124.0,3274
2025-11-13 08:15:00+00:00,3123.5,3124.0,3123.5,3123.699951171875,2656
2025-11-13 08:16:00+00:00,3123.39990234375,3124.0,3123.39990234375,3123.5,1154
2025-11-13 08:17:00+00:00,3122.199951171875,3123.800048828125,3122.199951171875,3122.5,1372
2025-11-13 08:18:00+00:00,3120.199951171875,3122.199951171875,3120.0,3122.199951171875,2328
2025-11-13 08:19:00+00:00,3120.10009765625,3120.60009765625,3120.0,3120.199951171875,1736
2025-11-13 08:20:00+00:00,3120.300048828125,3121.0,3120.10009765625,3120.10009765625,2458
2025-11-13 08:21:00+00:00,3120.800048828125,3121.0,3120.10009765625,3120.300048828125,1200
2025-11-13 08:22:00+00:00,3120.699951171875,3120.89990234375,3120.10009765625,3120.800048828125,1880
2025-11-13 08:23:00+00:00,3120.60009765625,3121.0,3120.199951171875,3120.800048828125,1508
2025-11-13 08:24:00+00:00,3120.39990234375,3121.39990234375,3120.39990234375,3120.699951171875,3518
2025-11-13 08:25:00+00:00,3121.0,3121.699951171875,3120.199951171875,3121.39990234375,1437
2025-11-13 08:26:00+00:00,3119.0,3121.0,3119.0,3121.0,6780
2025-11-13 08:27:00+00:00,3119.0,3120.10009765625,3118.199951171875,3120.10009765625,6916
2025-11-13 08:28:00+00:00,3117.89990234375,3119.5,3116.199951171875,3118.199951171875,4972
2025-11-13 08:29:00+00:00,3115.5,3117.800048828125,3115.39990234375,3117.60009765625,7098
2025-11-13 08:30:00+00:00,3114.800048828125,3116.89990234375,3114.199951171875,3115.5,9823
2025-11-13 08:31:00+00:00,3112.89990234375,3115.5,3112.5,3114.10009765625,9677
2025-11-13 08:32:00+00:00,3115.60009765625,3116.300048828125,3112.699951171875,3113.800048828125,6516
2025-11-13 08:33:00+00:00,3114.89990234375,3116.39990234375,3114.0,3115.199951171875,4616
2025-11-13 08:34:00+00:00,3114.800048828125,3115.60009765625,3113.800048828125,3114.89990234375,9498
2025-11-13 08:35:00+00:00,3115.5,3115.699951171875,3114.0,3114.800048828125,5505
2025-11-13 08:36:00+00:00,3114.10009765625,3115.5,3114.0,3115.5,3435
2025-11-13 08:37:00+00:00,3114.300048828125,3115.0,3114.0,3114.10009765625,8177
2025-11-13 08:38:00+00:00,3113.39990234375,3115.199951171875,3113.0,3114.0,10543
2025-11-13 08:39:00+00:00,3111.800048828125,3114.199951171875,3111.0,3113.39990234375,12888
2025-11-13 08:40:00+00:00,3109.10009765625,3112.0,3108.0,3112.0,15281
2025-11-13 08:41:00+00:00,3109.800048828125,3109.800048828125,3107.5,3109.0,10006
2025-11-13 08:42:00+00:00,3104.60009765625,3108.5,3104.10009765625,3108.10009765625,23329
2025-11-13 08:43:00+00:00,3107.39990234375,3109.0,3102.89990234375,3104.10009765625,37912
2025-11-13 08:44:00+00:00,3108.199951171875,3109.10009765625,3107.10009765625,3108.10009765625,5140
2025-11-13 08:45:00+00:00,3109.39990234375,3110.5,3108.0,3108.199951171875,6892
2025-11-13 08:46:00+00:00,3107.699951171875,3110.300048828125,3107.0,3109.39990234375,7552
2025-11-13 08:47:00+00:00,3108.60009765625,3110.0,3107.699951171875,3107.699951171875,4788
2025-11-13 08:48:00+00:00,3109.89990234375,3110.0,3108.39990234375,3109.300048828125,3384
2025-11-13 08:49:00+00:00,3110.699951171875,3111.10009765625,3110.0,3110.0,3536
2025-11-13 08:50:00+00:00,3110.5,3110.800048828125,3109.800048828125,3110.699951171875,4327
2025-11-13 08:51:00+00:00,3109.39990234375,3110.60009765625,3108.199951171875,3110.60009765625,4770
2025-11-13 08:52:00+00:00,3108.5,3110.800048828125,3108.5,3109.60009765625,8021
2025-11-13 08:53:00+00:00,3108.5,3110.5,3108.300048828125,3110.10009765625,8130
2025-11-13 08:54:00+00:00,3109.89990234375,3110.5,3107.5,3108.5,4283
2025-11-13 08:55:00+00:00,3108.699951171875,3110.199951171875,3108.699951171875,3109.89990234375,2021
2025-11-13 08:56:00+00:00,3109.800048828125,3110.199951171875,3108.800048828125,3109.0,8079
2025-11-13 08:57:00+00:00,3110.0,3110.10009765625,3109.10009765625,3109.10009765625,2121
2025-11-13 08:58:00+00:00,3110.0,3110.39990234375,3110.0,3110.0,2890
2025-11-13 08:59:00+00:00,3110.0,3110.89990234375,3109.300048828125,3110.0,4723
2025-11-13 09:00:00+00:00,3109.60009765625,3110.199951171875,3109.0,3110.0,2241
2025-11-13 09:01:00+00:00,3109.39990234375,3109.89990234375,3108.800048828125,3109.699951171875,8233
2025-11-13 09:02:00+00:00,3109.199951171875,3110.199951171875,3109.10009765625,3109.39990234375,11881
2025-11-13 09:03:00+00:00,3109.89990234375,3110.0,3108.60009765625,3109.300048828125,11890
2025-11-13 09:04:00+00:00,3106.800048828125,3110.10009765625,3105.800048828125,3109.800048828125,6021
2025-11-13 09:05:00+00:00,3106.0,3107.39990234375,3105.10009765625,3105.60009765625,2943
2025-11-13 09:06:00+00:00,3105.60009765625,3106.89990234375,3105.60009765625,3106.89990234375,2682
2025-11-13 09:07:00+00:00,3106.300048828125,3107.800048828125,3106.300048828125,3106.300048828125,2455
2025-11-13 09:08:00+00:00,3106.300048828125,3107.300048828125,3106.300048828125,3107.300048828125,1865
2025-11-13 09:09:00+00:00,3106.300048828125,3106.300048828125,3105.800048828125,3106.300048828125,3573
2025-11-13 09:10:00+00:00,3106.300048828125,3106.89990234375,3105.800048828125,3106.300048828125,11970
2025-11-13 09:11:00+00:00,3107.5,3107.89990234375,3105.699951171875,3106.10009765625,18781
2025-11-13 09:12:00+00:00,3109.39990234375,3109.699951171875,3106.0,3108.10009765625,17398
2025-11-13 09:13:00+00:00,3110.300048828125,3110.800048828125,3108.0,3108.300048828125,19532
2025-11-13 09:14:00+00:00,3108.699951171875,3110.300048828125,3108.39990234375,3110.300048828125,5683
2025-11-13 09:15:00+00:00,3109.300048828125,3109.300048828125,3108.5,3108.5,2451
2025-11-13 09:16:00+00:00,3110.10009765625,3110.10009765625,3109.0,3109.300048828125,6127
2025-11-13 09:17:00+00:00,3111.0,3112.0,3110.0,3110.199951171875,8505
2025-11-13 09:18:00+00:00,3111.0,3111.0,3110.300048828125,3111.0,1851
2025-11-13 09:19:00+00:00,3110.0,3111.0,3110.0,3111.0,7152
2025-11-13 09:20:00+00:00,3110.10009765625,3110.39990234375,3110.0,3110.10009765625,21139
2025-11-13 09:21:00+00:00,3107.89990234375,3110.10009765625,3107.0,3110.10009765625,9279
2025-11-13 09:22:00+00:00,3107.699951171875,3108.0,3107.0,3107.0,7720
2025-11-13 09:23:00+00:00,3105.60009765625,3107.699951171875,3105.199951171875,3107.60009765625,10929
2025-11-13 09:24:00+00:00,3108.0,3108.0,3105.0,3105.5,4052
2025-11-13 09:25:00+00:00,3106.300048828125,3108.0,3105.60009765625,3108.0,3939
2025-11-13 09:26:00+00:00,3108.699951171875,3109.300048828125,3106.10009765625,3106.10009765625,16974
2025-11-13 09:27:00+00:00,3107.89990234375,3109.300048828125,3106.5,3108.800048828125,3928
2025-11-13 09:28:00+00:00,3106.0,3107.800048828125,3105.89990234375,3107.39990234375,4341
2025-11-13 09:29:00+00:00,3104.89990234375,3106.0,3104.699951171875,3106.0,6095
2025-11-13 09:30:00+00:00,3104.5,3105.0,3104.0,3104.89990234375,6207
2025-11-13 09:31:00+00:00,3103.89990234375,3104.39990234375,3103.699951171875,3104.39990234375,5143
2025-11-13 09:32:00+00:00,3103.800048828125,3103.89990234375,3103.800048828125,3103.89990234375,8756
2025-11-13 09:33:00+00:00,3103.699951171875,3103.800048828125,3103.39990234375,3103.800048828125,15789
2025-11-13 09:34:00+00:00,3103.699951171875,3103.800048828125,3103.699951171875,3103.800048828125,8970
2025-11-13 09:35:00+00:00,3104.800048828125,3104.800048828125,3103.699951171875,3103.800048828125,48401
2025-11-13 09:36:00+00:00,3105.0,3105.0,3103.699951171875,3104.5,11643
2025-11-13 09:37:00+00:00,3105.0,3105.89990234375,3104.800048828125,3105.0,7627
2025-11-13 09:38:00+00:00,3104.39990234375,3105.0,3104.10009765625,3105.0,9389
2025-11-13 09:39:00+00:00,3103.89990234375,3105.10009765625,3103.800048828125,3104.199951171875,15604
2025-11-13 09:40:00+00:00,3103.800048828125,3104.60009765625,3103.199951171875,3103.89990234375,10231
2025-11-13 09:41:00+00:00,3104.699951171875,3105.10009765625,3103.39990234375,3103.39990234375,11072
2025-11-13 09:42:00+00:00,3104.0,3105.199951171875,3103.60009765625,3104.300048828125,19073
2025-11-13 09:43:00+00:00,3104.0,3104.89990234375,3103.800048828125,3103.89990234375,11890
2025-11-13 09:44:00+00:00,3107.0,3107.0,3103.800048828125,3103.800048828125,13829
2025-11-13 09:45:00+00:00,3111.5,3112.0,3106.199951171875,3106.199951171875,27253
2025-11-13 09:46:00+00:00,3113.0,3113.60009765625,3110.0,3111.89990234375,31399
2025-11-13 09:47:00+00:00,3104.60009765625,3113.0,3102.60009765625,3113.0,22704
2025-11-13 09:48:00+00:00,3105.0,3107.60009765625,3103.60009765625,3104.39990234375,13950
2025-11-13 09:49:00+00:00,3104.60009765625,3105.300048828125,3103.60009765625,3105.0,8700
2025-11-13 09:50:00+00:00,3108.39990234375,3108.800048828125,3105.199951171875,3105.199951171875,14046
2025-11-13 09:51:00+00:00,3105.199951171875,3108.39990234375,3104.10009765625,3108.300048828125,13767
2025-11-13 09:52:00+00:00,3104.5,3105.199951171875,3104.10009765625,3105.199951171875,7620
2025-11-13 09:53:00+00:00,3105.0,3105.0,3103.5,3103.5,6961
2025-11-13 09:54:00+00:00,3104.300048828125,3105.0,3103.39990234375,3105.0,9327
2025-11-13 09:55:00+00:00,3105.0,3105.0,3103.89990234375,3104.10009765625,5845
2025-11-13 09:56:00+00:00,3105.300048828125,3106.0,3105.0,3105.0,7760
2025-11-13 09:57:00+00:00,3103.0,3105.199951171875,3103.0,3105.199951171875,7987
2025-11-13 09:58:00+00:00,3103.10009765625,3107.0,3103.0,3103.10009765625,8257
2025-11-13 09:59:00+00:00,3104.800048828125,3106.300048828125,3102.0,3102.0,2450
2025-11-14 03:45:00+00:00,3090.0,3096.39990234375,3083.39990234375,3096.39990234375,0
2025-11-14 03:46:00+00:00,3088.800048828125,3090.39990234375,3085.0,3089.39990234375,16619
2025-11-14 03:47:00+00:00,3092.199951171875,3093.10009765625,3088.0,3088.60009765625,7389
2025-11-14 03:48:00+00:00,3092.0,3093.199951171875,3089.0,3091.300048828125,12401
2025-11-14 03:49:00+00:00,3087.5,3094.199951171875,3083.39990234375,3091.60009765625,15953
2025-11-14 03:50:00+00:00,3084.199951171875,3087.800048828125,3083.5,3087.800048828125,8535
2025-11-14 03:51:00+00:00,3083.89990234375,3086.10009765625,3083.800048828125,3085.300048828125,4959
2025-11-14 03:52:00+00:00,3090.199951171875,3091.10009765625,3084.39990234375,3084.89990234375,4581
2025-11-14 03:53:00+00:00,3091.10009765625,3092.89990234375,3090.199951171875,3090.199951171875,3691
2025-11-14 03:54:00+00:00,3086.800048828125,3089.699951171875,3086.5,3089.699951171875,9353
2025-11-14 03:55:00+00:00,3086.199951171875,3087.5,3085.199951171875,3087.39990234375,3332
2025-11-14 03:56:00+00:00,3088.0,3090.60009765625,3086.199951171875,3086.199951171875,7004
2025-11-14 03:57:00+00:00,3088.300048828125,3088.89990234375,3085.60009765625,3087.800048828125,6486
2025-11-14 03:58:00+00:00,3088.800048828125,3089.10009765625,3087.10009765625,3088.300048828125,2839
2025-11-14 03:59:00+00:00,3087.5,3087.60009765625,3084.39990234375,3086.10009765625,5122
2025-11-14 04:00:00+00:00,3085.10009765625,3085.89990234375,3084.5,3085.89990234375,2468
2025-11-14 04:01:00+00:00,3086.199951171875,3087.5,3085.5,3086.0,5310
2025-11-14 04:02:00+00:00,3089.10009765625,3089.10009765625,3085.89990234375,3086.5,5154
2025-11-14 04:03:00+00:00,3091.0,3091.0,3090.300048828125,3091.0,6374
2025-11-14 04:04:00+00:00,3094.39990234375,3096.89990234375,3090.39990234375,3091.0,9724
2025-11-14 04:05:00+00:00,3090.5,3094.39990234375,3090.0,3094.39990234375,6470
2025-11-14 04:06:00+00:00,3092.0,3092.800048828125,3091.0,3091.0,1611
2025-11-14 04:07:00+00:00,3090.300048828125,3092.0,3089.800048828125,3092.0,3186
2025-11-14 04:08:00+00:00,3090.10009765625,3090.10009765625,3088.10009765625,3088.699951171875,2286
2025-11-14 04:09:00+00:00,3090.199951171875,3093.199951171875,3089.89990234375,3091.0,3869
2025-11-14 04:10:00+00:00,3091.39990234375,3092.199951171875,3089.39990234375,3090.10009765625,5757
2025-11-14 04:11:00+00:00,3091.0,3092.0,3090.199951171875,3091.199951171875,5546
2025-11-14 04:12:00+00:00,3092.89990234375,3093.0,3090.10009765625,3091.800048828125,8965
2025-11-14 04:13:00+00:00,3092.0,3092.699951171875,3091.89990234375,3092.699951171875,1608
2025-11-14 04:14:00+00:00,3092.300048828125,3092.699951171875,3092.0,3092.0,2296
2025-11-14 04:15:00+00:00,3094.0,3094.0,3092.800048828125,3092.89990234375,2538
2025-11-14 04:16:00+00:00,3094.5,3094.699951171875,3093.10009765625,3093.10009765625,3671
2025-11-14 04:17:00+00:00,3094.39990234375,3095.300048828125,3094.10009765625,3095.0,8179
2025-11-14 04:18:00+00:00,3094.199951171875,3094.5,3093.300048828125,3094.5,1188
2025-11-14 04:19:00+00:00,3093.0,3094.10009765625,3093.0,3094.10009765625,3867
2025-11-14 04:20:00+00:00,3092.0,3092.60009765625,3091.699951171875,3092.60009765625,4102
2025-11-14 04:21:00+00:00,3089.89990234375,3092.39990234375,3089.300048828125,3092.0,5118
2025-11-14 04:22:00+00:00,3090.0,3091.5,3088.0,3089.89990234375,10287
2025-11-14 04:23:00+00:00,3086.699951171875,3089.89990234375,3085.39990234375,3089.5,3131
2025-11-14 04:24:00+00:00,3085.0,3087.89990234375,3085.0,3087.0,6844
2025-11-14 04:25:00+00:00,3086.89990234375,3087.199951171875,3084.10009765625,3085.5,4794
2025-11-14 04:26:00+00:00,3089.300048828125,3089.300048828125,3086.5,3086.699951171875,4516
2025-11-14 04:27:00+00:00,3087.199951171875,3088.699951171875,3085.300048828125,3088.300048828125,9267
2025-11-14 04:28:00+00:00,3087.10009765625,3087.5,3085.60009765625,3086.300048828125,11128
2025-11-14 04:29:00+00:00,3089.5,3090.5,3086.60009765625,3087.10009765625,4906
2025-11-14 04:30:00+00:00,3087.199951171875,3091.10009765625,3087.199951171875,3090.60009765625,6842
2025-11-14 04:31:00+00:00,3085.60009765625,3088.199951171875,3085.0,3087.199951171875,4747
2025-11-14 04:32:00+00:00,3084.0,3084.89990234375,3083.300048828125,3084.89990234375,67553
2025-11-14 04:33:00+00:00,3085.39990234375,3086.89990234375,3083.300048828125,3084.10009765625,9310
2025-11-14 04:34:00+00:00,3085.699951171875,3085.89990234375,3083.300048828125,3085.39990234375,10482
2025-11-14 04:35:00+00:00,3087.10009765625,3087.300048828125,3085.0,3085.699951171875,2752
2025-11-14 04:36:00+00:00,3088.60009765625,3088.60009765625,3086.699951171875,3086.699951171875,2656
2025-11-14 04:37:00+00:00,3086.199951171875,3088.699951171875,3085.89990234375,3088.699951171875,4841
2025-11-14 04:38:00+00:00,3088.199951171875,3088.300048828125,3085.39990234375,3085.89990234375,4006
2025-11-14 04:39:00+00:00,3086.0,3088.39990234375,3086.0,3088.10009765625,2957
2025-11-14 04:40:00+00:00,3084.300048828125,3086.0,3083.300048828125,3086.0,4558
2025-11-14 04:41:00+00:00,3085.39990234375,3086.39990234375,3084.0,3084.300048828125,6559
2025-11-14 04:42:00+00:00,3085.199951171875,3085.60009765625,3084.10009765625,3085.300048828125,5839
2025-11-14 04:43:00+00:00,3085.0,3085.199951171875,3084.0,3085.199951171875,846
2025-11-14 04:44:00+00:00,3085.800048828125,3086.0,3084.60009765625,3085.0,1181
2025-11-14 04:45:00+00:00,3085.199951171875,3085.800048828125,3083.60009765625,3085.800048828125,6316
2025-11-14 04:46:00+00:00,3086.89990234375,3086.89990234375,3085.199951171875,3085.199951171875,2566
2025-11-14 04:47:00+00:00,3085.39990234375,3086.89990234375,3085.39990234375,3086.89990234375,2345
2025-11-14 04:48:00+00:00,3089.10009765625,3089.89990234375,3086.0,3086.0,4520
2025-11-14 04:49:00+00:00,3088.39990234375,3089.0,3087.60009765625,3088.89990234375,6882
2025-11-14 04:50:00+00:00,3087.39990234375,3088.10009765625,3087.10009765625,3088.10009765625,607
2025-11-14 04:51:00+00:00,3088.300048828125,3088.39990234375,3087.39990234375,3087.39990234375,1389
2025-11-14 04:52:00+00:00,3089.300048828125,3089.300048828125,3088.199951171875,3088.300048828125,1712
2025-11-14 04:53:00+00:00,3089.699951171875,3089.89990234375,3089.0,3089.89990234375,926
2025-11-14 04:54:00+00:00,3089.800048828125,3089.800048828125,3089.0,3089.39990234375,1437
2025-11-14 04:55:00+00:00,3085.699951171875,3089.699951171875,3085.699951171875,3089.699951171875,6476
2025-11-14 04:56:00+00:00,3085.300048828125,3085.699951171875,3083.0,3085.699951171875,4425
2025-11-14 04:57:00+00:00,3084.0,3085.300048828125,3083.39990234375,3085.300048828125,1200
2025-11-14 04:58:00+00:00,3083.800048828125,3084.0,3083.199951171875,3084.0,667
2025-11-14 04:59:00+00:00,3083.699951171875,3083.699951171875,3083.0,3083.60009765625,1601
2025-11-14 05:00:00+00:00,3082.199951171875,3084.89990234375,3082.199951171875,3084.300048828125,2730
2025-11-14 05:01:00+00:00,3083.300048828125,3083.300048828125,3081.0,3082.89990234375,9404
2025-11-14 05:02:00+00:00,3082.800048828125,3083.699951171875,3082.800048828125,3083.300048828125,1981
2025-11-14 05:03:00+00:00,3081.0,3082.800048828125,3081.0,3082.10009765625,2075
2025-11-14 05:04:00+00:00,3080.39990234375,3081.10009765625,3080.39990234375,3080.39990234375,1918
2025-11-14 05:05:00+00:00,3081.0,3081.10009765625,3081.0,3081.10009765625,812
2025-11-14 05:06:00+00:00,3082.0,3082.39990234375,3080.89990234375,3081.0,3381
2025-11-14 05:07:00+00:00,3081.89990234375,3082.0,3081.300048828125,3082.0,511
2025-11-14 05:08:00+00:00,3081.199951171875,3081.89990234375,3081.0,3081.89990234375,1148
2025-11-14 05:09:00+00:00,3082.800048828125,3083.10009765625,3081.199951171875,3081.199951171875,4407
2025-11-14 05:10:00+00:00,3082.800048828125,3083.800048828125,3081.5,3082.800048828125,1878
2025-11-14 05:11:00+00:00,3081.0,3083.699951171875,3081.0,3082.10009765625,1897
2025-11-14 05:12:00+00:00,3085.10009765625,3085.300048828125,3083.60009765625,3084.39990234375,22269
2025-11-14 05:13:00+00:00,3085.0,3085.10009765625,3084.300048828125,3085.10009765625,4630
2025-11-14 05:14:00+00:00,3083.5,3085.10009765625,3083.5,3084.89990234375,3512
2025-11-14 05:15:00+00:00,3083.89990234375,3084.199951171875,3083.199951171875,3084.199951171875,3003
2025-11-14 05:16:00+00:00,3082.800048828125,3083.89990234375,3082.0,3083.89990234375,1156
2025-11-14 05:17:00+00:00,3082.800048828125,3083.0,3082.800048828125,3082.800048828125,1024
2025-11-14 05:18:00+00:00,3083.0,3083.0,3082.199951171875,3082.199951171875,1640
2025-11-14 05:19:00+00:00,3084.199951171875,3084.199951171875,3083.10009765625,3083.10009765625,2650
2025-11-14 05:20:00+00:00,3083.89990234375,3084.89990234375,3083.5,3084.199951171875,20383
2025-11-14 05:21:00+00:00,3087.0,3087.0,3084.89990234375,3084.89990234375,4257
2025-11-14 05:22:00+00:00,3089.0,3089.0,3086.89990234375,3087.89990234375,4586
2025-11-14 05:23:00+00:00,3089.60009765625,3089.800048828125,3088.89990234375,3089.0,1573
2025-11-14 05:24:00+00:00,3094.0,3094.0,3089.5,3089.60009765625,8531
2025-11-14 05:25:00+00:00,3093.0,3094.0,3092.60009765625,3094.0,4612
2025-11-14 05:26:00+00:00,3093.300048828125,3094.89990234375,3092.699951171875,3093.60009765625,3302
2025-11-14 05:27:00+00:00,3098.199951171875,3098.199951171875,3092.800048828125,3093.10009765625,11880
2025-11-14 05:28:00+00:00,3098.0,3098.800048828125,3096.10009765625,3097.89990234375,11139
2025-11-14 05:29:00+00:00,3098.0,3099.0,3097.0,3098.10009765625,9319
2025-11-14 05:30:00+00:00,3099.0,3099.5,3097.60009765625,3098.0,2853
2025-11-14 05:31:00+00:00,3097.60009765625,3099.0,3097.5,3099.0,3465
2025-11-14 05:32:00+00:00,3099.5,3099.800048828125,3098.699951171875,3098.699951171875,4086
2025-11-14 05:33:00+00:00,3098.199951171875,3099.89990234375,3098.0,3099.800048828125,3806
2025-11-14 05:34:00+00:00,3098.0,3098.39990234375,3096.89990234375,3098.39990234375,1332
2025-11-14 05:35:00+00:00,3098.39990234375,3099.0,3097.300048828125,3098.0,3358
2025-11-14 05:36:00+00:00,3101.5,3101.699951171875,3098.39990234375,3098.39990234375,21070
2025-11-14 05:37:00+00:00,3101.800048828125,3102.39990234375,3100.699951171875,3101.5,2775
2025-11-14 05:38:00+00:00,3102.0,3102.89990234375,3100.699951171875,3100.699951171875,3799
2025-11-14 05:39:00+00:00,3102.39990234375,3102.800048828125,3101.199951171875,3102.0,3101
2025-11-14 05:40:00+00:00,3102.89990234375,3103.5,3101.89990234375,3101.89990234375,4348
2025-11-14 05:41:00+00:00,3102.5,3103.0,3102.0,3103.0,1745
2025-11-14 05:42:00+00:00,3105.0,3105.0,3102.199951171875,3102.39990234375,4351
2025-11-14 05:43:00+00:00,3105.89990234375,3107.39990234375,3103.0,3105.0,7739
2025-11-14 05:44:00+00:00,3105.300048828125,3107.39990234375,3105.0,3107.39990234375,4243
2025-11-14 05:45:00+00:00,3106.39990234375,3107.800048828125,3105.0,3105.0,2990
2025-11-14 05:46:00+00:00,3103.300048828125,3106.39990234375,3101.800048828125,3106.39990234375,4526
2025-11-14 05:47:00+00:00,3102.5,3103.699951171875,3100.800048828125,3103.199951171875,4463
2025-11-14 05:48:00+00:00,3101.300048828125,3102.5,3100.0,3102.10009765625,2398
2025-11-14 05:49:00+00:00,3100.89990234375,3101.5,3100.0,3100.0,6687
2025-11-14 05:50:00+00:00,3101.5,3101.699951171875,3100.60009765625,3101.5,3905
2025-11-14 05:51:00+00:00,3101.39990234375,3101.5,3100.5,3100.5,1594
2025-11-14 05:52:00+00:00,3100.699951171875,3101.10009765625,3100.699951171875,3101.10009765625,3461
2025-11-14 05:53:00+00:00,3101.800048828125,3102.0,3101.300048828125,3101.800048828125,5100
2025-11-14 05:54:00+00:00,3100.800048828125,3101.800048828125,3100.0,3101.800048828125,1509
2025-11-14 05:55:00+00:00,3100.199951171875,3100.800048828125,3100.0,3100.800048828125,609
2025-11-14 05:56:00+00:00,3101.800048828125,3102.0,3100.699951171875,3100.800048828125,2852
2025-11-14 05:57:00+00:00,3101.300048828125,3101.800048828125,3101.300048828125,3101.800048828125,520
2025-11-14 05:58:00+00:00,3099.60009765625,3101.0,3098.5,3101.0,6419
2025-11-14 05:59:00+00:00,3098.800048828125,3100.0,3098.800048828125,3099.60009765625,2163
2025-11-14 06:00:00+00:00,3100.0,3100.0,3098.5,3099.0,704
2025-11-14 06:01:00+00:00,3100.5,3100.60009765625,3099.10009765625,3100.199951171875,11834
2025-11-14 06:02:00+00:00,3100.5,3100.60009765625,3100.0,3100.10009765625,2780
2025-11-14 06:03:00+00:00,3099.699951171875,3100.5,3099.5,3100.5,8509
2025-11-14 06:04:00+00:00,3101.699951171875,3101.699951171875,3100.5,3100.60009765625,5444
2025-11-14 06:05:00+00:00,3101.60009765625,3102.0,3101.5,3101.699951171875,1275
2025-11-14 06:06:00+00:00,3101.199951171875,3101.60009765625,3100.89990234375,3101.60009765625,1301
2025-11-14 06:07:00+00:00,3101.0,3101.199951171875,3101.0,3101.199951171875,842
2025-11-14 06:08:00+00:00,3100.10009765625,3100.89990234375,3100.0,3100.89990234375,2570
2025-11-14 06:09:00+00:00,3098.800048828125,3099.800048828125,3098.800048828125,3099.300048828125,1815
2025-11-14 06:10:00+00:00,3100.10009765625,3100.10009765625,3099.800048828125,3099.800048828125,1225
2025-11-14 06:11:00+00:00,3100.0,3100.10009765625,3099.10009765625,3099.89990234375,1959
2025-11-14 06:12:00+00:00,3099.199951171875,3099.89990234375,3099.199951171875,3099.89990234375,2063
2025-11-14 06:13:00+00:00,3098.89990234375,3099.199951171875,3096.10009765625,3098.5,13519
2025-11-14 06:14:00+00:00,3097.39990234375,3099.10009765625,3097.39990234375,3099.10009765625,614
2025-11-14 06:15:00+00:00,3099.39990234375,3099.89990234375,3096.5,3097.39990234375,10104
2025-11-14 06:16:00+00:00,3099.800048828125,3099.800048828125,3098.199951171875,3099.199951171875,1784
2025-11-14 06:17:00+00:00,3100.89990234375,3102.199951171875,3098.699951171875,3099.800048828125,11145
2025-11-14 06:18:00+00:00,3101.89990234375,3101.89990234375,3100.0,3100.89990234375,3067
2025-11-14 06:19:00+00:00,3100.60009765625,3102.0,3100.199951171875,3102.0,1344
2025-11-14 06:20:00+00:00,3100.39990234375,3100.60009765625,3100.39990234375,3100.60009765625,856
2025-11-14 06:21:00+00:00,3100.199951171875,3100.39990234375,3100.199951171875,3100.199951171875,581
2025-11-14 06:22:00+00:00,3100.10009765625,3100.199951171875,3100.0,3100.199951171875,558
2025-11-14 06:23:00+00:00,3100.10009765625,3100.199951171875,3100.0,3100.10009765625,1200
2025-11-14 06:24:00+00:00,3100.39990234375,3100.5,3100.0,3100.199951171875,3812
2025-11-14 06:25:00+00:00,3100.5,3100.5,3100.0,3100.39990234375,7374
2025-11-14 06:26:00+00:00,3100.300048828125,3100.5,3100.199951171875,3100.5,707
2025-11-14 06:27:00+00:00,3100.10009765625,3100.89990234375,3099.800048828125,3100.300048828125,4396
2025-11-14 06:28:00+00:00,3100.10009765625,3100.10009765625,3100.10009765625,3100.10009765625,1040
2025-11-14 06:29:00+00:00,3100.300048828125,3100.300048828125,3100.10009765625,3100.10009765625,6917
2025-11-14 06:30:00+00:00,3100.199951171875,3100.300048828125,3100.0,3100.0,976
2025-11-14 06:31:00+00:00,3099.5,3100.199951171875,3099.10009765625,3100.0,6135
2025-11-14 06:32:00+00:00,3099.60009765625,3100.10009765625,3099.39990234375,3099.39990234375,1718
2025-11-14 06:33:00+00:00,3099.699951171875,3099.800048828125,3099.60009765625,3099.800048828125,967
2025-11-14 06:34:00+00:00,3099.60009765625,3099.699951171875,3099.60009765625,3099.699951171875,550
2025-11-14 06:35:00+00:00,3099.699951171875,3099.699951171875,3099.5,3099.5,1000
2025-11-14 06:36:00+00:00,3100.0,3100.800048828125,3100.0,3100.800048828125,1850
2025-11-14 06:37:00+00:00,3100.10009765625,3100.10009765625,3099.39990234375,3100.0,1107
2025-11-14 06:38:00+00:00,3100.0,3100.300048828125,3099.89990234375,3100.10009765625,1310
2025-11-14 06:39:00+00:00,3098.89990234375,3100.0,3098.89990234375,3100.0,2886
2025-11-14 06:40:00+00:00,3100.10009765625,3100.199951171875,3098.60009765625,3098.60009765625,4623
2025-11-14 06:41:00+00:00,3100.39990234375,3100.699951171875,3099.10009765625,3100.10009765625,1023
2025-11-14 06:42:00+00:00,3101.89990234375,3102.300048828125,3099.800048828125,3100.300048828125,3948
2025-11-14 06:43:00+00:00,3101.699951171875,3102.199951171875,3101.199951171875,3102.199951171875,968
2025-11-14 06:44:00+00:00,3101.0,3101.699951171875,3100.800048828125,3101.699951171875,680
2025-11-14 06:45:00+00:00,3100.800048828125,3100.800048828125,3100.800048828125,3100.800048828125,3262
2025-11-14 06:46:00+00:00,3100.199951171875,3100.699951171875,3100.199951171875,3100.699951171875,969
2025-11-14 06:47:00+00:00,3100.5,3100.699951171875,3100.10009765625,3100.199951171875,945
2025-11-14 06:48:00+00:00,3100.300048828125,3100.699951171875,3100.0,3100.699951171875,1975
2025-11-14 06:49:00+00:00,3100.5,3100.5,3100.0,3100.300048828125,2707
2025-11-14 06:50:00+00:00,3100.39990234375,3100.60009765625,3100.10009765625,3100.60009765625,579
2025-11-14 06:51:00+00:00,3100.39990234375,3100.39990234375,3100.300048828125,3100.39990234375,916
2025-11-14 06:52:00+00:00,3100.199951171875,3100.199951171875,3099.10009765625,3100.199951171875,4034
2025-11-14 06:53:00+00:00,3100.60009765625,3100.60009765625,3100.0,3100.10009765625,873
2025-11-14 06:54:00+00:00,3100.800048828125,3100.800048828125,3100.60009765625,3100.800048828125,656
2025-11-14 06:55:00+00:00,3100.89990234375,3100.89990234375,3100.199951171875,3100.800048828125,2498
2025-11-14 06:56:00+00:00,3100.89990234375,3100.89990234375,3100.5,3100.89990234375,1346
2025-11-14 06:57:00+00:00,3102.10009765625,3102.10009765625,3100.89990234375,3100.89990234375,2347
2025-11-14 06:58:00+00:00,3101.89990234375,3102.39990234375,3101.800048828125,3102.39990234375,1667
2025-11-14 06:59:00+00:00,3101.60009765625,3102.0,3100.800048828125,3102.0,2220
2025-11-14 07:00:00+00:00,3101.39990234375,3101.800048828125,3101.39990234375,3101.60009765625,974
2025-11-14 07:01:00+00:00,3100.800048828125,3101.10009765625,3100.10009765625,3101.10009765625,1938
2025-11-14 07:02:00+00:00,3100.39990234375,3100.60009765625,3100.0,3100.60009765625,18185
2025-11-14 07:03:00+00:00,3100.199951171875,3100.5,3100.0,3100.39990234375,7673
2025-11-14 07:04:00+00:00,3100.10009765625,3100.199951171875,3099.39990234375,3100.199951171875,25129
2025-11-14 07:05:00+00:00,3100.89990234375,3100.89990234375,3100.0,3100.10009765625,3352
2025-11-14 07:06:00+00:00,3100.0,3100.89990234375,3100.0,3100.89990234375,2847
2025-11-14 07:07:00+00:00,3100.199951171875,3100.5,3100.0,3100.199951171875,3785
2025-11-14 07:08:00+00:00,3094.800048828125,3100.199951171875,3094.5,3100.199951171875,6839
2025-11-14 07:09:00+00:00,3092.60009765625,3094.60009765625,3092.0,3094.60009765625,4741
2025-11-14 07:10:00+00:00,3092.60009765625,3092.800048828125,3092.0,3092.5,2447
2025-11-14 07:11:00+00:00,3093.0,3096.199951171875,3091.39990234375,3091.89990234375,24799
2025-11-14 07:12:00+00:00,3096.39990234375,3097.699951171875,3092.800048828125,3093.0,21682
2025-11-14 07:13:00+00:00,3096.199951171875,3098.0,3095.0,3096.39990234375,3652
2025-11-14 07:14:00+00:00,3095.300048828125,3096.300048828125,3095.300048828125,3096.0,4417
2025-11-14 07:15:00+00:00,3092.39990234375,3095.300048828125,3092.39990234375,3095.300048828125,2583
2025-11-14 07:16:00+00:00,3092.10009765625,3093.199951171875,3091.5,3092.39990234375,3179
2025-11-14 07:17:00+00:00,3092.5,3092.699951171875,3092.10009765625,3092.199951171875,1229
2025-11-14 07:18:00+00:00,3091.199951171875,3092.5,3091.199951171875,3092.5,2432
2025-11-14 07:19:00+00:00,3092.60009765625,3092.699951171875,3090.800048828125,3091.10009765625,3017
2025-11-14 07:20:00+00:00,3091.39990234375,3092.60009765625,3091.10009765625,3092.60009765625,1359
2025-11-14 07:21:00+00:00,3089.800048828125,3091.39990234375,3088.699951171875,3091.39990234375,4236
2025-11-14 07:22:00+00:00,3088.5,3089.800048828125,3087.800048828125,3089.699951171875,1177
2025-11-14 07:23:00+00:00,3086.5,3088.39990234375,3086.300048828125,3087.10009765625,3858
2025-11-14 07:24:00+00:00,3086.699951171875,3087.39990234375,3085.89990234375,3086.5,3065
2025-11-14 07:25:00+00:00,3090.10009765625,3090.10009765625,3085.199951171875,3086.699951171875,14306
2025-11-14 07:26:00+00:00,3090.300048828125,3091.199951171875,3088.39990234375,3089.89990234375,7507
2025-11-14 07:27:00+00:00,3089.60009765625,3090.5,3087.199951171875,3090.0,18440
2025-11-14 07:28:00+00:00,3084.5,3090.10009765625,3083.300048828125,3089.60009765625,17281
2025-11-14 07:29:00+00:00,3084.0,3086.300048828125,3083.10009765625,3085.800048828125,4413
2025-11-14 07:30:00+00:00,3081.5,3084.300048828125,3081.5,3084.0,11306
2025-11-14 07:31:00+00:00,3081.39990234375,3083.699951171875,3081.0,3081.5,5307
2025-11-14 07:32:00+00:00,3080.699951171875,3081.89990234375,3080.0,3081.300048828125,9826
2025-11-14 07:33:00+00:00,3080.199951171875,3082.300048828125,3080.10009765625,3080.699951171875,9813
2025-11-14 07:34:00+00:00,3080.0,3080.89990234375,3078.199951171875,3080.199951171875,12098
2025-11-14 07:35:00+00:00,3079.199951171875,3080.0,3077.800048828125,3080.0,7346
2025-11-14 07:36:00+00:00,3077.39990234375,3080.300048828125,3077.300048828125,3079.199951171875,5132
2025-11-14 07:37:00+00:00,3078.800048828125,3078.89990234375,3077.300048828125,3078.0,1597
2025-11-14 07:38:00+00:00,3078.800048828125,3079.0,3077.89990234375,3078.699951171875,2471
2025-11-14 07:39:00+00:00,3079.0,3079.0,3078.10009765625,3078.800048828125,1612
2025-11-14 07:40:00+00:00,3079.699951171875,3080.0,3078.89990234375,3079.0,2652
2025-11-14 07:41:00+00:00,3079.300048828125,3080.5,3079.0,3079.699951171875,1686
2025-11-14 07:42:00+00:00,3081.10009765625,3081.10009765625,3078.199951171875,3079.0,2717
2025-11-14 07:43:00+00:00,3081.89990234375,3081.89990234375,3080.199951171875,3081.10009765625,3564
2025-11-14 07:44:00+00:00,3080.0,3081.89990234375,3080.0,3081.89990234375,1011
2025-11-14 07:45:00+00:00,3080.0,3080.10009765625,3079.10009765625,3080.10009765625,2697
2025-11-14 07:46:00+00:00,3081.300048828125,3081.5,3079.699951171875,3079.699951171875,1824
2025-11-14 07:47:00+00:00,3081.89990234375,3083.0,3080.699951171875,3081.300048828125,3018
2025-11-14 07:48:00+00:00,3084.10009765625,3084.89990234375,3081.300048828125,3081.699951171875,5975
2025-11-14 07:49:00+00:00,3082.699951171875,3084.0,3082.60009765625,3083.89990234375,1952
2025-11-14 07:50:00+00:00,3084.199951171875,3084.199951171875,3082.5,3082.5,2164
2025-11-14 07:51:00+00:00,3084.199951171875,3085.300048828125,3083.5,3084.39990234375,2383
2025-11-14 07:52:00+00:00,3082.60009765625,3083.89990234375,3082.60009765625,3083.89990234375,2209
2025-11-14 07:53:00+00:00,3082.39990234375,3083.300048828125,3082.39990234375,3083.300048828125,696
2025-11-14 07:54:00+00:00,3084.0,3085.39990234375,3082.699951171875,3082.699951171875,2976
2025-11-14 07:55:00+00:00,3087.39990234375,3087.5,3084.10009765625,3084.800048828125,2304
2025-11-14 07:56:00+00:00,3087.800048828125,3088.300048828125,3087.0,3087.39990234375,2270
2025-11-14 07:57:00+00:00,3088.800048828125,3088.89990234375,3087.10009765625,3087.800048828125,1767
2025-11-14 07:58:00+00:00,3088.699951171875,3088.800048828125,3087.89990234375,3088.699951171875,1140
2025-11-14 07:59:00+00:00,3088.300048828125,3088.699951171875,3088.199951171875,3088.699951171875,1475
2025-11-14 08:00:00+00:00,3087.800048828125,3088.5,3087.0,3088.5,2291
2025-11-14 08:01:00+00:00,3086.800048828125,3087.800048828125,3085.89990234375,3087.800048828125,1543
2025-11-14 08:02:00+00:00,3085.89990234375,3086.800048828125,3085.89990234375,3086.800048828125,1357
2025-11-14 08:03:00+00:00,3086.39990234375,3087.0,3086.10009765625,3086.199951171875,1170
2025-11-14 08:04:00+00:00,3087.0,3087.699951171875,3086.699951171875,3086.699951171875,1543
2025-11-14 08:05:00+00:00,3087.39990234375,3087.39990234375,3086.699951171875,3087.0,1237
2025-11-14 08:06:00+00:00,3086.699951171875,3087.5,3086.699951171875,3087.5,1111
2025-11-14 08:07:00+00:00,3086.60009765625,3086.699951171875,3086.5,3086.60009765625,783
2025-11-14 08:08:00+00:00,3087.0,3087.0,3086.5,3086.60009765625,1470
2025-11-14 08:09:00+00:00,3083.89990234375,3087.0,3083.10009765625,3087.0,7697
2025-11-14 08:10:00+00:00,3083.0,3084.89990234375,3082.800048828125,3084.300048828125,1549
2025-11-14 08:11:00+00:00,3083.39990234375,3083.39990234375,3082.0,3083.0,2476
2025-11-14 08:12:00+00:00,3083.5,3083.60009765625,3082.800048828125,3083.0,1139
2025-11-14 08:13:00+00:00,3083.0,3083.5,3083.0,3083.5,920
2025-11-14 08:14:00+00:00,3082.800048828125,3084.300048828125,3082.800048828125,3083.0,3157
2025-11-14 08:15:00+00:00,3082.300048828125,3083.10009765625,3080.10009765625,3081.89990234375,3130
2025-11-14 08:16:00+00:00,3084.39990234375,3084.5,3082.10009765625,3082.300048828125,1804
2025-11-14 08:17:00+00:00,3085.5,3086.0,3084.199951171875,3084.199951171875,1294
2025-11-14 08:18:00+00:00,3085.0,3085.800048828125,3084.60009765625,3085.5,1713
2025-11-14 08:19:00+00:00,3085.10009765625,3086.0,3084.800048828125,3085.0,1588
2025-11-14 08:20:00+00:00,3085.199951171875,3085.800048828125,3085.10009765625,3085.800048828125,669
2025-11-14 08:21:00+00:00,3084.39990234375,3085.199951171875,3083.89990234375,3085.199951171875,2611
2025-11-14 08:22:00+00:00,3084.0,3084.699951171875,3083.800048828125,3084.699951171875,2090
2025-11-14 08:23:00+00:00,3084.0,3084.0,3084.0,3084.0,503
2025-11-14 08:24:00+00:00,3082.60009765625,3084.699951171875,3082.10009765625,3084.39990234375,5500
2025-11-14 08:25:00+00:00,3083.0,3083.0,3081.800048828125,3082.60009765625,2951
2025-11-14 08:26:00+00:00,3084.60009765625,3084.89990234375,3083.0,3083.0,2465
2025-11-14 08:27:00+00:00,3084.89990234375,3084.89990234375,3084.0,3084.60009765625,1593
2025-11-14 08:28:00+00:00,3084.89990234375,3084.89990234375,3084.0,3084.89990234375,1637
2025-11-14 08:29:00+00:00,3085.0,3085.0,3084.39990234375,3084.89990234375,1055
2025-11-14 08:30:00+00:00,3085.89990234375,3087.0,3085.800048828125,3085.800048828125,2986
2025-11-14 08:31:00+00:00,3086.5,3086.5,3084.199951171875,3085.89990234375,3499
2025-11-14 08:32:00+00:00,3086.300048828125,3086.39990234375,3085.800048828125,3086.300048828125,1106
2025-11-14 08:33:00+00:00,3086.199951171875,3086.300048828125,3086.199951171875,3086.300048828125,1776
2025-11-14 08:34:00+00:00,3087.199951171875,3088.39990234375,3086.199951171875,3086.199951171875,4367
2025-11-14 08:35:00+00:00,3089.5,3089.699951171875,3087.199951171875,3087.199951171875,2317
2025-11-14 08:36:00+00:00,3089.39990234375,3089.699951171875,3088.5,3089.5,1452
2025-11-14 08:37:00+00:00,3088.60009765625,3089.300048828125,3088.39990234375,3089.199951171875,2738
2025-11-14 08:38:00+00:00,3088.199951171875,3089.0,3087.39990234375,3088.699951171875,2948
2025-11-14 08:39:00+00:00,3088.800048828125,3089.0,3087.300048828125,3088.10009765625,1550
2025-11-14 08:40:00+00:00,3087.699951171875,3088.199951171875,3087.10009765625,3088.10009765625,1225
2025-11-14 08:41:00+00:00,3087.300048828125,3087.300048828125,3086.5,3087.10009765625,1883
2025-11-14 08:42:00+00:00,3087.0,3087.89990234375,3086.800048828125,3087.0,1432
2025-11-14 08:43:00+00:00,3087.800048828125,3088.0,3086.800048828125,3086.89990234375,2024
2025-11-14 08:44:00+00:00,3088.0,3089.0,3087.89990234375,3087.89990234375,2530
2025-11-14 08:45:00+00:00,3088.0,3088.0,3086.5,3088.0,3449
2025-11-14 08:46:00+00:00,3087.5,3088.800048828125,3087.0,3087.800048828125,789
2025-11-14 08:47:00+00:00,3085.800048828125,3087.60009765625,3084.800048828125,3087.5,12499
2025-11-14 08:48:00+00:00,3087.10009765625,3087.10009765625,3085.699951171875,3086.0,2200
2025-11-14 08:49:00+00:00,3088.0,3088.5,3086.0,3086.0,2850
2025-11-14 08:50:00+00:00,3085.5,3088.0,3084.89990234375,3088.0,5691
2025-11-14 08:51:00+00:00,3085.60009765625,3086.199951171875,3085.0,3085.5,2370
2025-11-14 08:52:00+00:00,3086.10009765625,3086.10009765625,3085.60009765625,3085.60009765625,720
2025-11-14 08:53:00+00:00,3085.0,3086.10009765625,3085.0,3086.10009765625,876
2025-11-14 08:54:00+00:00,3086.89990234375,3087.800048828125,3085.199951171875,3085.199951171875,4792
2025-11-14 08:55:00+00:00,3086.60009765625,3087.10009765625,3086.199951171875,3086.89990234375,867
2025-11-14 08:56:00+00:00,3084.199951171875,3085.199951171875,3084.0,3085.199951171875,2869
2025-11-14 08:57:00+00:00,3084.10009765625,3084.10009765625,3083.800048828125,3084.10009765625,1108
2025-11-14 08:58:00+00:00,3086.89990234375,3087.199951171875,3083.800048828125,3084.10009765625,6060
2025-11-14 08:59:00+00:00,3088.300048828125,3089.199951171875,3087.0,3087.0,3898
2025-11-14 09:00:00+00:00,3086.60009765625,3087.699951171875,3085.300048828125,3087.699951171875,2009
2025-11-14 09:01:00+00:00,3086.10009765625,3086.699951171875,3086.0,3086.60009765625,689
2025-11-14 09:02:00+00:00,3087.89990234375,3088.60009765625,3086.10009765625,3086.10009765625,2824
2025-11-14 09:03:00+00:00,3087.60009765625,3088.699951171875,3087.5,3087.89990234375,1244
2025-11-14 09:04:00+00:00,3087.60009765625,3087.89990234375,3087.300048828125,3087.60009765625,1486
2025-11-14 09:05:00+00:00,3088.300048828125,3089.300048828125,3087.300048828125,3087.60009765625,2234
2025-11-14 09:06:00+00:00,3089.199951171875,3089.300048828125,3088.0,3088.0,1953
2025-11-14 09:07:00+00:00,3088.0,3089.300048828125,3085.39990234375,3089.300048828125,4360
2025-11-14 09:08:00+00:00,3088.60009765625,3088.699951171875,3087.699951171875,3088.0,1367
2025-11-14 09:09:00+00:00,3087.89990234375,3088.89990234375,3087.300048828125,3088.60009765625,2755
2025-11-14 09:10:00+00:00,3086.89990234375,3087.60009765625,3086.300048828125,3087.60009765625,2334
2025-11-14 09:11:00+00:00,3088.89990234375,3089.300048828125,3086.300048828125,3086.89990234375,2210
2025-11-14 09:12:00+00:00,3088.39990234375,3088.89990234375,3088.0,3088.89990234375,2849
2025-11-14 09:13:00+00:00,3087.5,3088.89990234375,3086.89990234375,3088.699951171875,3447
2025-11-14 09:14:00+00:00,3087.10009765625,3087.5,3086.0,3087.5,1250
2025-11-14 09:15:00+00:00,3087.699951171875,3088.5,3086.800048828125,3086.800048828125,5191
2025-11-14 09:16:00+00:00,3088.199951171875,3089.300048828125,3087.60009765625,3087.800048828125,5875
2025-11-14 09:17:00+00:00,3088.5,3088.699951171875,3087.60009765625,3088.199951171875,16478
2025-11-14 09:18:00+00:00,3087.699951171875,3088.5,3087.699951171875,3088.5,1052
2025-11-14 09:19:00+00:00,3087.0,3087.699951171875,3086.0,3087.699951171875,2332
2025-11-14 09:20:00+00:00,3088.0,3088.0,3086.89990234375,3086.89990234375,2623
2025-11-14 09:21:00+00:00,3086.300048828125,3088.89990234375,3085.89990234375,3088.5,5793
2025-11-14 09:22:00+00:00,3087.5,3087.89990234375,3085.699951171875,3086.300048828125,6997
2025-11-14 09:23:00+00:00,3085.800048828125,3087.60009765625,3085.800048828125,3087.60009765625,6788
2025-11-14 09:24:00+00:00,3087.699951171875,3088.5,3085.800048828125,3086.199951171875,10392
2025-11-14 09:25:00+00:00,3086.5,3088.39990234375,3086.199951171875,3087.5,2907
2025-11-14 09:26:00+00:00,3087.199951171875,3087.199951171875,3086.0,3086.5,3295
2025-11-14 09:27:00+00:00,3086.300048828125,3086.800048828125,3085.699951171875,3086.10009765625,2715
2025-11-14 09:28:00+00:00,3086.39990234375,3086.89990234375,3085.300048828125,3086.5,2511
2025-11-14 09:29:00+00:00,3086.5,3086.5,3085.699951171875,3086.39990234375,3318
2025-11-14 09:30:00+00:00,3096.5,3096.5,3091.0,3091.0,51326
2025-11-14 09:31:00+00:00,3097.60009765625,3097.89990234375,3096.199951171875,3096.699951171875,24390
2025-11-14 09:32:00+00:00,3099.300048828125,3099.39990234375,3097.39990234375,3097.60009765625,32730
2025-11-14 09:33:00+00:00,3100.0,3100.0,3098.89990234375,3099.0,24588
2025-11-14 09:34:00+00:00,3102.0,3103.0,3100.0,3100.10009765625,31204
2025-11-14 09:35:00+00:00,3106.300048828125,3107.699951171875,3102.39990234375,3102.39990234375,40753
2025-11-14 09:36:00+00:00,3106.0,3107.0,3103.800048828125,3106.300048828125,19262
2025-11-14 09:37:00+00:00,3107.0,3107.0,3106.0,3106.0,20245
2025-11-14 09:38:00+00:00,3108.0,3108.0,3106.89990234375,3107.300048828125,25555
2025-11-14 09:39:00+00:00,3109.0,3109.39990234375,3108.0,3108.0,21155
2025-11-14 09:40:00+00:00,3109.800048828125,3109.800048828125,3108.10009765625,3109.199951171875,23566
2025-11-14 09:41:00+00:00,3107.300048828125,3111.10009765625,3106.300048828125,3109.89990234375,33009
2025-11-14 09:42:00+00:00,3109.800048828125,3110.5,3107.300048828125,3107.300048828125,24269
2025-11-14 09:43:00+00:00,3109.89990234375,3112.699951171875,3109.89990234375,3110.39990234375,22511
2025-11-14 09:44:00+00:00,3107.60009765625,3111.300048828125,3107.39990234375,3109.5,22691
2025-11-14 09:45:00+00:00,3106.699951171875,3108.0,3105.89990234375,3107.800048828125,21467
2025-11-14 09:46:00+00:00,3105.60009765625,3108.199951171875,3103.800048828125,3107.199951171875,21510
2025-11-14 09:47:00+00:00,3105.5,3106.39990234375,3105.0,3106.39990234375,20045
2025-11-14 09:48:00+00:00,3106.199951171875,3107.10009765625,3105.300048828125,3105.5,25735
2025-11-14 09:49:00+00:00,3107.5,3108.199951171875,3106.199951171875,3106.199951171875,20634
2025-11-14 09:50:00+00:00,3110.39990234375,3111.10009765625,3108.300048828125,3108.300048828125,29370
2025-11-14 09:51:00+00:00,3109.0,3111.800048828125,3108.0,3111.39990234375,22256
2025-11-14 09:52:00+00:00,3109.300048828125,3110.699951171875,3109.10009765625,3109.60009765625,20679
2025-11-14 09:53:00+00:00,3109.800048828125,3110.300048828125,3108.300048828125,3109.60009765625,18925
2025-11-14 09:54:00+00:00,3112.199951171875,3112.699951171875,3110.199951171875,3110.199951171875,19066
2025-11-14 09:55:00+00:00,3112.10009765625,3113.10009765625,3110.0,3112.300048828125,23921
2025-11-14 09:56:00+00:00,3112.0,3113.0,3110.89990234375,3112.10009765625,17734
2025-11-14 09:57:00+00:00,3112.800048828125,3113.0,3110.10009765625,3112.10009765625,17765
2025-11-14 09:58:00+00:00,3108.0,3113.0,3105.89990234375,3113.0,6429
2025-11-14 09:59:00+00:00,3108.300048828125,3112.699951171875,3105.10009765625,3106.10009765625,3829
